16
32

0, 0.00419809, 0.0139246, 0.0287935, 0.048258, 0.0715972, 0.0979405, 0.126301, 0.155615, 0.184793, 0.212763, 0.23852, 0.26116, 0.279912, 0.294159, 0.303441, 0.307439
0.307439, 0.311431, 0.320659, 0.33471, 0.353001, 0.374779, 0.399157, 0.42516, 0.451771, 0.477987, 0.502858, 0.525533, 0.54528, 0.561504, 0.573748, 0.581688, 0.585097
0.585097, 0.588497, 0.596333, 0.608205, 0.623551, 0.641658, 0.66171, 0.682837, 0.704168, 0.724881, 0.744244, 0.761641, 0.776583, 0.788707, 0.797762, 0.80359, 0.806081
0.806081, 0.808558, 0.814244, 0.822787, 0.833701, 0.846384, 0.860167, 0.874371, 0.888355, 0.90156, 0.913539, 0.923973, 0.932662, 0.939512, 0.944502, 0.947653, 0.948985
0.948985, 0.9503, 0.953283, 0.95767, 0.963096, 0.969125, 0.975305, 0.981211, 0.986493, 0.99091, 0.994345, 0.996805, 0.9984, 0.999312, 0.999753, 0.999922, 0.999966
0.999966, 0.999992, 0.999984, 0.99979, 0.999201, 0.997993, 0.995971, 0.993006, 0.989075, 0.984277, 0.978835, 0.973083, 0.967429, 0.962315, 0.958164, 0.955335, 0.954086
0.954086, 0.95282, 0.949822, 0.945066, 0.938519, 0.930191, 0.920162, 0.908614, 0.895851, 0.882302, 0.868511, 0.855104, 0.842749, 0.832104, 0.823763, 0.81821, 0.815789
0.815789, 0.813354, 0.807657, 0.798798, 0.786929, 0.772287, 0.755223, 0.736211, 0.715851, 0.694864, 0.674059, 0.654296, 0.636436, 0.621292, 0.60957, 0.60183, 0.598472
0.598472, 0.595104, 0.587259, 0.575156, 0.559113, 0.539577, 0.51713, 0.492495, 0.466511, 0.440119, 0.414315, 0.39011, 0.368476, 0.350299, 0.33633, 0.327154, 0.323185
0.323185, 0.319209, 0.309976, 0.295802, 0.27714, 0.2546, 0.228946, 0.201074, 0.171983, 0.142742, 0.114439, 0.0881367, 0.0648239, 0.0453745, 0.0305129, 0.0207893, 0.0165919
0.0165919, 0.0123942, 0.00266765, -0.0122045, -0.0316788, -0.0550381, -0.0814149, -0.109824, -0.139204, -0.168461, -0.196522, -0.222374, -0.245108, -0.263945, -0.27826, -0.28759, -0.291608
-0.291608, -0.295621, -0.304899, -0.319029, -0.337429, -0.359345, -0.38389, -0.410084, -0.436907, -0.463347, -0.488447, -0.511345, -0.531297, -0.547698, -0.56008, -0.568112, -0.571561
-0.571561, -0.575001, -0.582932, -0.594951, -0.610494, -0.628844, -0.649179, -0.670621, -0.69229, -0.713351, -0.73306, -0.750784, -0.766023, -0.778398, -0.787648, -0.793604, -0.796151
-0.796151, -0.798684, -0.8045, -0.813244, -0.824424, -0.837431, -0.851587, -0.8662, -0.880614, -0.894257, -0.906665, -0.9175, -0.926548, -0.9337, -0.938921, -0.942224, -0.943622
-0.943622, -0.945004, -0.94814, -0.952762, -0.958497, -0.964901, -0.971506, -0.977874, -0.983639, -0.988542, -0.992447, -0.995343, -0.997325, -0.998559, -0.999247, -0.999577, -0.99969
-0.99969, -0.999786, -0.99994, -0.999992, -0.999727, -0.998907, -0.997321, -0.994828, -0.991385, -0.987072, -0.982096, -0.976773, -0.971496, -0.966694, -0.962781, -0.960107, -0.958924
-0.958924, -0.957725, -0.954881, -0.950359, -0.944118, -0.936154, -0.926532, -0.915419, -0.9031, -0.88999, -0.876616, -0.863588, -0.851564, -0.841191, -0.833057, -0.827636, -0.825273
-0.825273, -0.822895, -0.817329, -0.80867, -0.797058, -0.782722, -0.765995, -0.747338, -0.727338, -0.706701, -0.686223, -0.666753, -0.649147, -0.634207, -0.622639, -0.614998, -0.611682
-0.611682, -0.608356, -0.600607, -0.58865, -0.572793, -0.553472, -0.53126, -0.506867, -0.481123, -0.454957, -0.429359, -0.405334, -0.38385, -0.365791, -0.351909, -0.342788, -0.338842
-0.338842, -0.334889, -0.325708, -0.311611, -0.293044, -0.27061, -0.245066, -0.217299, -0.188304, -0.159145, -0.130906, -0.104652, -0.081372, -0.0619431, -0.0470929, -0.0373747, -0.0331792
-0.0331792, -0.0289832, -0.0192591, -0.00438783, 0.0150908, 0.0384637, 0.0648669, 0.0933175, 0.122754, 0.152083, 0.180227, 0.206167, 0.228988, 0.247905, 0.262285, 0.271659, 0.275697
0.275697, 0.27973, 0.289055, 0.30326, 0.321763, 0.343812, 0.368516, 0.394895, 0.421922, 0.44858, 0.473902, 0.497016, 0.517167, 0.53374, 0.546258, 0.554379, 0.557868
0.557868, 0.561347, 0.56937, 0.581533, 0.597269, 0.615857, 0.63647, 0.658221, 0.680221, 0.701625, 0.721674, 0.739721, 0.755252, 0.767875, 0.777317, 0.783399, 0.786002
0.786002, 0.78859, 0.794534, 0.803477, 0.81492, 0.828248, 0.842772, 0.857789, 0.872631, 0.886708, 0.899541, 0.910775, 0.920179, 0.92763, 0.933082, 0.936537, 0.938
0.938, 0.939447, 0.942736, 0.947592, 0.953635, 0.960411, 0.96744, 0.974269, 0.980515, 0.985901, 0.990275, 0.993606, 0.995974, 0.997531, 0.998465, 0.998957, 0.99914
0.99914, 0.999305, 0.99962, 0.99992, 0.999977, 0.999545, 0.998398, 0.996376, 0.993421, 0.989595, 0.985086, 0.980194, 0.975295, 0.970808, 0.967133, 0.964614, 0.963499
0.963499, 0.962366, 0.959678, 0.955391, 0.949457, 0.941859, 0.932647, 0.921971, 0.910101, 0.897433, 0.884479, 0.871835, 0.860145, 0.850047, 0.84212, 0.836835, 0.834529
0.834529, 0.832209, 0.826776, 0.818319, 0.806969, 0.79294, 0.776556, 0.758259, 0.738625, 0.718342, 0.698197, 0.679027, 0.661678, 0.646948, 0.635536, 0.627997, 0.624724
0.624724, 0.62144, 0.61379, 0.601982, 0.586314, 0.567214, 0.545244, 0.5211, 0.495602, 0.46967, 0.444285, 0.420446, 0.399118, 0.381183, 0.367392, 0.358328, 0.354405
0.354405, 0.350477, 0.34135, 0.327334, 0.308867, 0.286546, 0.261118, 0.233465, 0.204573, 0.175503, 0.147337, 0.121138, 0.0978976, 0.0784946, 0.0636599, 0.0539499, 0.0497574
0.0497574, 0.0455641, 0.0358453, 0.020979, 0.00150124, -0.0218788, -0.048301, -0.0767851, -0.106271, -0.135664, -0.163882, -0.189903, -0.212805, -0.231797, -0.246238, -0.255654, -0.25971
-0.25971, -0.263762, -0.273132, -0.287408, -0.30601, -0.328184, -0.353041, -0.379597, -0.406822, -0.433689, -0.459227, -0.48255, -0.502895, -0.519636, -0.532285, -0.540494, -0.544021

-0.587632, -0.58423, -0.576309, -0.564091, -0.547901, -0.528193, -0.505561, -0.480733, -0.454561, -0.427991, -0.402025, -0.377679, -0.355927, -0.337657, -0.323622, -0.314403, -0.310415
-0.310415, -0.306422, -0.297148, -0.282915, -0.264179, -0.241558, -0.21582, -0.187868, -0.158706, -0.129404, -0.101055, -0.0747185, -0.0513837, -0.0319217, -0.0170538, -0.00732765, -0.00312961
-0.00312961, 0.00106848, 0.0107952, 0.025665, 0.0451318, 0.0684753, 0.0948254, 0.123195, 0.152523, 0.181716, 0.209704, 0.235479, 0.258137, 0.276906, 0.291166, 0.300458, 0.304459
0.304459, 0.308455, 0.317693, 0.331759, 0.350071, 0.371876, 0.396286, 0.422325, 0.448977, 0.475235, 0.500151, 0.522868, 0.542654, 0.558912, 0.571182, 0.579139, 0.582556
0.582556, 0.585963, 0.593818, 0.605718, 0.621101, 0.639255, 0.659361, 0.680547, 0.701942, 0.722721, 0.74215, 0.759609, 0.774607, 0.786779, 0.795871, 0.801723, 0.804225
0.804225, 0.806713, 0.812423, 0.821004, 0.831969, 0.844713, 0.858567, 0.872848, 0.886914, 0.900201, 0.912262, 0.922771, 0.931529, 0.938435, 0.943469, 0.946649, 0.947993
0.947993, 0.949321, 0.952333, 0.956765, 0.962249, 0.968349, 0.974609, 0.980602, 0.985975, 0.990484, 0.994008, 0.99655, 0.998218, 0.999191, 0.999679, 0.999878, 0.999935
0.999935, 0.999974, 0.999997, 0.999849, 0.999321, 0.998187, 0.996246, 0.99337, 0.989531, 0.984825, 0.979471, 0.973799, 0.968217, 0.963161, 0.959055, 0.956255, 0.955019
0.955019, 0.953765, 0.950797, 0.946084, 0.939595, 0.931336, 0.921383, 0.909917, 0.897237, 0.883771, 0.870058, 0.856722, 0.844429, 0.833835, 0.825534, 0.820005, 0.817595
0.817595, 0.815171, 0.809498, 0.800677, 0.788856, 0.774272, 0.757271, 0.738325, 0.718033, 0.697112, 0.676368, 0.656659, 0.638847, 0.623741, 0.612048, 0.604327, 0.600976
0.600976, 0.597616, 0.589789, 0.577714, 0.561705, 0.542209, 0.519807, 0.495216, 0.469277, 0.442927, 0.417162, 0.39299, 0.371384, 0.353228, 0.339276, 0.33011, 0.326145
0.326145, 0.322173, 0.31295, 0.29879, 0.280145, 0.257625, 0.231991, 0.204138, 0.175065, 0.145839, 0.117548, 0.0912537, 0.0679466, 0.0485007, 0.0336409, 0.0239181, 0.019721
0.019721, 0.0155236, 0.00579724, -0.00907506, -0.0285506, -0.0519129, -0.0782953, -0.106713, -0.136104, -0.165376, -0.193453, -0.219322, -0.242072, -0.260925, -0.275253, -0.284591, -0.288613
-0.288613, -0.29263, -0.301917, -0.316061, -0.334481, -0.356423, -0.380998, -0.407228, -0.43409, -0.460572, -0.485714, -0.508653, -0.528643, -0.545076, -0.557485, -0.565533, -0.56899
-0.56899, -0.572438, -0.580386, -0.592433, -0.608012, -0.626408, -0.646796, -0.668297, -0.690028, -0.711154, -0.730927, -0.748713, -0.764007, -0.77643, -0.785716, -0.791696, -0.794253
-0.794253, -0.796797, -0.802637, -0.811419, -0.822649, -0.835717, -0.849942, -0.864632, -0.879127, -0.892852, -0.90534, -0.916251, -0.925366, -0.932574, -0.93784, -0.941171, -0.942582
-0.942582, -0.943975, -0.947141, -0.951807, -0.9576, -0.964074, -0.97076, -0.977215, -0.983071, -0.988064, -0.992058, -0.995036, -0.997091, -0.998386, -0.99912, -0.999481, -0.999608
-0.999608, -0.999716, -0.999901, -1, -0.999795, -0.999048, -0.997545, -0.995141, -0.99179, -0.987569, -0.982681, -0.977439, -0.972233, -0.967491, -0.963622, -0.960977, -0.959807
-0.959807, -0.958621, -0.955806, -0.951328, -0.945145, -0.93725, -0.927705, -0.916674, -0.90444, -0.891413, -0.878117, -0.865162, -0.853201, -0.84288, -0.834784, -0.829389, -0.827036
-0.827036, -0.824669, -0.819128, -0.810507, -0.798945, -0.784666, -0.768003, -0.749414, -0.729482, -0.708911, -0.688496, -0.669082, -0.651524, -0.636624, -0.625085, -0.617463, -0.614155
-0.614155, -0.610837, -0.603107, -0.591177, -0.575355, -0.556075, -0.533909, -0.509562, -0.483864, -0.457742, -0.432183, -0.408193, -0.386738, -0.368702, -0.354837, -0.345727, -0.341784
-0.341784, -0.337836, -0.328665, -0.314583, -0.296034, -0.273622, -0.248099, -0.220353, -0.191377, -0.162233, -0.134008, -0.107764, -0.0844908, -0.0650664, -0.0502188, -0.0405019, -0.0363069
-0.0363069, -0.0321113, -0.0223881, -0.0075174, 0.0119615, 0.0353362, 0.0617435, 0.0902011, 0.119648, 0.14899, 0.177147, 0.203104, 0.22594, 0.244872, 0.259264, 0.268646, 0.272687
0.272687, 0.276724, 0.286058, 0.300277, 0.318799, 0.340871, 0.365605, 0.392018, 0.419083, 0.445781, 0.471144, 0.494298, 0.514486, 0.531091, 0.543633, 0.551772, 0.555268
0.555268, 0.558754, 0.566795, 0.578984, 0.594756, 0.613388, 0.634053, 0.655862, 0.677924, 0.699392, 0.719504, 0.737612, 0.753197, 0.765866, 0.775344, 0.78145, 0.784063
0.784063, 0.786662, 0.79263, 0.801609, 0.813102, 0.82649, 0.841083, 0.856177, 0.871099, 0.885257, 0.898169, 0.909478, 0.918949, 0.926457, 0.931952, 0.935435, 0.936911
0.936911, 0.93837, 0.941687, 0.946587, 0.952688, 0.959534, 0.966643, 0.973559, 0.979895, 0.985373, 0.989834, 0.993248, 0.995689, 0.997307, 0.998287, 0.998809, 0.999005
0.999005, 0.999183, 0.999529, 0.999875, 0.999993, 0.999634, 0.99857, 0.996638, 0.993775, 0.990041, 0.98562, 0.980809, 0.975982, 0.971554, 0.967924, 0.965435, 0.964332
0.964332, 0.963212, 0.960553, 0.956311, 0.950435, 0.942906, 0.933771, 0.923178, 0.911394, 0.89881, 0.885935, 0.873364, 0.861737, 0.851692, 0.843804, 0.838544, 0.83625
0.83625, 0.83394, 0.828533, 0.820114, 0.808813, 0.794843, 0.778524, 0.760296, 0.740731, 0.720516, 0.700434, 0.681321, 0.664021, 0.649331, 0.637949, 0.630429, 0.627165
0.627165, 0.623889, 0.616258, 0.604478, 0.588846, 0.569789, 0.547865, 0.523769, 0.498318, 0.47243, 0.447086, 0.423283, 0.401986, 0.384074, 0.370301, 0.361248, 0.35733
0.35733, 0.353406, 0.34429, 0.330289, 0.311842, 0.289543, 0.264138, 0.236507, 0.207636, 0.178583, 0.150432, 0.124244, 0.101012, 0.0816142, 0.0667828, 0.0570746, 0.0528829

-0.95094, -0.949633, -0.94654, -0.941637, -0.934902, -0.926349, -0.916067, -0.90425, -0.891212, -0.877392, -0.863343, -0.849701, -0.837141, -0.826328, -0.817861, -0.812226, -0.80977
-0.80977, -0.807299, -0.801521, -0.792539, -0.780511, -0.765682, -0.74841, -0.729178, -0.708598, -0.687396, -0.66639, -0.646447, -0.628432, -0.613162, -0.601346, -0.593546, -0.590162
-0.590162, -0.586768, -0.578863, -0.566673, -0.550516, -0.530848, -0.508259, -0.483475, -0.457347, -0.430817, -0.404889, -0.380575, -0.35885, -0.340602, -0.326581, -0.317372, -0.313389
-0.313389, -0.309399, -0.300135, -0.285916, -0.267196, -0.244594, -0.218875, -0.190941, -0.161795, -0.132507, -0.104168, -0.077839, -0.0545089, -0.0350495, -0.0201829, -0.0104571, -0.0062592
-0.0062592, -0.00206114, 0.00766569, 0.0225363, 0.0420051, 0.0653527, 0.0917095, 0.120089, 0.149429, 0.178638, 0.206643, 0.232437, 0.255112, 0.273898, 0.288171, 0.297471, 0.301476
0.301476, 0.305477, 0.314724, 0.328805, 0.347138, 0.368969, 0.393411, 0.419486, 0.446179, 0.47248, 0.497438, 0.520198, 0.540023, 0.556314, 0.568611, 0.576585, 0.58001
0.58001, 0.583425, 0.591297, 0.603225, 0.618645, 0.636845, 0.657005, 0.678251, 0.699709, 0.720555, 0.740049, 0.75757, 0.772624, 0.784843, 0.793973, 0.799848, 0.802361
0.802361, 0.80486, 0.810594, 0.819213, 0.830229, 0.843034, 0.856958, 0.871317, 0.885464, 0.898834, 0.910976, 0.921561, 0.930386, 0.93735, 0.942427, 0.945635, 0.946992
0.946992, 0.948333, 0.951374, 0.95585, 0.961392, 0.967563, 0.973903, 0.979984, 0.985448, 0.990049, 0.993661, 0.996286, 0.998027, 0.99906, 0.999594, 0.999824, 0.999894
0.999894, 0.999946, 1, 0.999899, 0.999431, 0.99837, 0.996512, 0.993725, 0.989978, 0.985363, 0.980097, 0.974506, 0.968995, 0.963998, 0.959937, 0.957166, 0.955942
0.955942, 0.954701, 0.951762, 0.947093, 0.940662, 0.932471, 0.922595, 0.911211, 0.898615, 0.885231, 0.871597, 0.858332, 0.846102, 0.835559, 0.827296, 0.821793, 0.819393
0.819393, 0.81698, 0.811332, 0.802548, 0.790776, 0.776249, 0.759311, 0.740432, 0.720208, 0.699352, 0.67867, 0.659017, 0.641252, 0.626184, 0.61452, 0.606817, 0.603475
0.603475, 0.600122, 0.592313, 0.580265, 0.564292, 0.544836, 0.522478, 0.497933, 0.472039, 0.445731, 0.420004, 0.395866, 0.374288, 0.356155, 0.342218, 0.333063, 0.329101
0.329101, 0.325134, 0.315921, 0.301776, 0.283148, 0.260648, 0.235035, 0.207201, 0.178146, 0.148934, 0.120655, 0.0943698, 0.0710687, 0.0516264, 0.0367686, 0.0270467, 0.0228499
0.0228499, 0.0186527, 0.00892677, -0.00594553, -0.0254221, -0.0487873, -0.0751749, -0.103601, -0.133003, -0.162288, -0.190381, -0.216267, -0.239034, -0.257903, -0.272243, -0.281589, -0.285615
-0.285615, -0.289636, -0.298932, -0.313091, -0.33153, -0.353497, -0.378103, -0.404367, -0.431268, -0.457791, -0.482976, -0.505956, -0.525984, -0.54245, -0.554884, -0.562949, -0.566414
-0.566414, -0.569869, -0.577835, -0.589909, -0.605525, -0.623965, -0.644406, -0.665965, -0.687759, -0.708951, -0.728788, -0.746635, -0.761984, -0.774453, -0.783776, -0.78978, -0.792348
-0.792348, -0.794902, -0.800766, -0.809585, -0.820866, -0.833994, -0.848289, -0.863055, -0.877631, -0.891438, -0.904007, -0.914993, -0.924176, -0.93144, -0.936749, -0.940109, -0.941532
-0.941532, -0.942938, -0.946132, -0.950843, -0.956694, -0.963238, -0.970004, -0.976546, -0.982492, -0.987577, -0.991659, -0.99472, -0.996847, -0.998204, -0.998984, -0.999375, -0.999515
-0.999515, -0.999637, -0.999852, -0.999997, -0.999853, -0.99918, -0.99776, -0.995444, -0.992185, -0.988056, -0.983256, -0.978095, -0.972961, -0.968277, -0.964454, -0.961838, -0.960681
-0.960681, -0.959507, -0.956722, -0.952288, -0.946163, -0.938336, -0.928869, -0.91792, -0.905771, -0.892827, -0.87961, -0.866727, -0.854829, -0.84456, -0.836503, -0.831133, -0.828792
-0.828792, -0.826435, -0.82092, -0.812336, -0.800823, -0.786602, -0.770004, -0.751482, -0.731619, -0.711115, -0.690762, -0.671405, -0.653895, -0.639034, -0.627524, -0.619921, -0.616622
-0.616622, -0.613312, -0.6056, -0.593698, -0.577912, -0.558674, -0.536553, -0.512253, -0.486601, -0.460522, -0.435004, -0.411048, -0.389622, -0.371609, -0.357761, -0.348662, -0.344724
-0.344724, -0.34078, -0.331619, -0.317552, -0.299022, -0.276631, -0.251129, -0.223404, -0.194448, -0.165321, -0.137109, -0.110875, -0.0876088, -0.0681891, -0.0533442, -0.0436288, -0.0394343
-0.0394343, -0.0352392, -0.0255168, -0.0106469, 0.00883206, 0.0322084, 0.0586196, 0.0870838, 0.11654, 0.145894, 0.174066, 0.200038, 0.222891, 0.241836, 0.25624, 0.26563, 0.269675
0.269675, 0.273715, 0.283057, 0.29729, 0.315831, 0.337928, 0.36269, 0.389137, 0.416239, 0.442977, 0.468381, 0.491575, 0.5118, 0.528437, 0.541004, 0.549159, 0.552662
0.552662, 0.556156, 0.564214, 0.57643, 0.592237, 0.610914, 0.631629, 0.653496, 0.67562, 0.697152, 0.717327, 0.735495, 0.751134, 0.76385, 0.773364, 0.779494, 0.782117
0.782117, 0.784726, 0.790718, 0.799735, 0.811277, 0.824724, 0.839386, 0.854555, 0.869557, 0.883797, 0.896789, 0.908172, 0.917711, 0.925274, 0.930813, 0.934324, 0.935812
0.935812, 0.937284, 0.94063, 0.945574, 0.951733, 0.958648, 0.965837, 0.972839, 0.979266, 0.984834, 0.989384, 0.99288, 0.995394, 0.997072, 0.998099, 0.998651, 0.998861
0.998861, 0.999052, 0.999428, 0.999821, 1, 0.999714, 0.998732, 0.996889, 0.994119, 0.990477, 0.986144, 0.981414, 0.976659, 0.97229, 0.968706, 0.966246, 0.965156
0.965156, 0.964049, 0.961418, 0.957221, 0.951403, 0.943943, 0.934887, 0.924377, 0.912677, 0.900177, 0.887382, 0.874884, 0.863321, 0.853328, 0.845479, 0.840245, 0.837962
0.837962, 0.835663, 0.830281, 0.821901, 0.810649, 0.796738, 0.780484, 0.762325, 0.74283, 0.722683, 0.702664, 0.683609, 0.666358, 0.651708, 0.640356, 0.632855, 0.629599

-0.951231, -0.952518, -0.955435, -0.959719, -0.96501, -0.970876, -0.976871, -0.982575, -0.987647, -0.991853, -0.995085, -0.997355, -0.998782, -0.999553, -0.999887, -0.999986, -0.999999
-0.999999, -0.999995, -0.999918, -0.999616, -0.998887, -0.997511, -0.995299, -0.992129, -0.987987, -0.982979, -0.977336, -0.971398, -0.96558, -0.960331, -0.956077, -0.953181, -0.951903
-0.951903, -0.950609, -0.947545, -0.942686, -0.936008, -0.927523, -0.917318, -0.905582, -0.892627, -0.878889, -0.864918, -0.851347, -0.838849, -0.828087, -0.819658, -0.814047, -0.811602
-0.811602, -0.809142, -0.803388, -0.794444, -0.782463, -0.767691, -0.750482, -0.731316, -0.710803, -0.689666, -0.668721, -0.648831, -0.630863, -0.615631, -0.603843, -0.596061, -0.592685
-0.592685, -0.589299, -0.581413, -0.569248, -0.553126, -0.533497, -0.510951, -0.486212, -0.460128, -0.433639, -0.407748, -0.383467, -0.36177, -0.343542, -0.329538, -0.320339, -0.316359
-0.316359, -0.312374, -0.303119, -0.288913, -0.270211, -0.247627, -0.221928, -0.194012, -0.164882, -0.135609, -0.10728, -0.0809587, -0.0576336, -0.038177, -0.0233117, -0.0135865, -0.00938872
-0.00938872, -0.00519074, 0.00453613, 0.0194074, 0.0388781, 0.0622294, 0.0885926, 0.116981, 0.146334, 0.175558, 0.20358, 0.229392, 0.252085, 0.270886, 0.285172, 0.294482, 0.298491
0.298491, 0.302495, 0.311752, 0.325848, 0.344201, 0.366058, 0.390532, 0.416643, 0.443376, 0.469719, 0.494721, 0.517522, 0.537386, 0.553711, 0.566033, 0.574025, 0.577458
0.577458, 0.58088, 0.58877, 0.600726, 0.616184, 0.634429, 0.654642, 0.675948, 0.69747, 0.718381, 0.73794, 0.755523, 0.770633, 0.7829, 0.792066, 0.797966, 0.800489
0.800489, 0.802998, 0.808757, 0.817415, 0.82848, 0.841347, 0.855341, 0.869777, 0.884005, 0.897458, 0.90968, 0.920341, 0.929234, 0.936255, 0.941376, 0.944613, 0.945982
0.945982, 0.947335, 0.950405, 0.954925, 0.960526, 0.966768, 0.973188, 0.979356, 0.984911, 0.989603, 0.993305, 0.996012, 0.997825, 0.99892, 0.9995, 0.999761, 0.999844
0.999844, 0.999909, 0.999993, 0.999938, 0.999532, 0.998544, 0.996769, 0.99407, 0.990415, 0.985892, 0.980714, 0.975204, 0.969763, 0.964826, 0.960809, 0.958067, 0.956856
0.956856, 0.955628, 0.952717, 0.948093, 0.941719, 0.933597, 0.923798, 0.912495, 0.899983, 0.886683, 0.873126, 0.859934, 0.847766, 0.837274, 0.82905, 0.823572, 0.821183
0.821183, 0.81878, 0.813157, 0.804411, 0.792687, 0.778218, 0.761344, 0.742532, 0.722376, 0.701586, 0.680965, 0.661367, 0.64365, 0.628621, 0.616986, 0.609302, 0.605967
0.605967, 0.602623, 0.594832, 0.582811, 0.566873, 0.547458, 0.525144, 0.500644, 0.474795, 0.44853, 0.422842, 0.398738, 0.377188, 0.359077, 0.345157, 0.336012, 0.332055
0.332055, 0.328092, 0.318888, 0.304758, 0.286148, 0.263668, 0.238075, 0.210262, 0.181225, 0.152028, 0.123761, 0.097485, 0.07419, 0.0547516, 0.0398959, 0.030175, 0.0259786
0.0259786, 0.0217817, 0.0120562, -0.00281594, -0.0222934, -0.0456611, -0.0720537, -0.100487, -0.1299, -0.159199, -0.187308, -0.213211, -0.235994, -0.254878, -0.26923, -0.278585, -0.282614
-0.282614, -0.286639, -0.295944, -0.310117, -0.328576, -0.350568, -0.375203, -0.401503, -0.428443, -0.455007, -0.480233, -0.503254, -0.523319, -0.539818, -0.552277, -0.56036, -0.563832
-0.563832, -0.567294, -0.575278, -0.587379, -0.603031, -0.621517, -0.642009, -0.663627, -0.685484, -0.70674, -0.726642, -0.74455, -0.759954, -0.77247, -0.781829, -0.787856, -0.790435
-0.790435, -0.792999, -0.798888, -0.807744, -0.819074, -0.832263, -0.846628, -0.86147, -0.876127, -0.890016, -0.902664, -0.913725, -0.922976, -0.930297, -0.935649, -0.939038, -0.940473
-0.940473, -0.941891, -0.945114, -0.949869, -0.955778, -0.962393, -0.969238, -0.975867, -0.981904, -0.987081, -0.991251, -0.994394, -0.996594, -0.998011, -0.998838, -0.99926, -0.999413
-0.999413, -0.999548, -0.999793, -0.999985, -0.999902, -0.999301, -0.997964, -0.995738, -0.992571, -0.988533, -0.983821, -0.978741, -0.973679, -0.969055, -0.965276, -0.96269, -0.961545
-0.961545, -0.960384, -0.957628, -0.953239, -0.947171, -0.939414, -0.930023, -0.919157, -0.907092, -0.894232, -0.881095, -0.868284, -0.856449, -0.846231, -0.838214, -0.83287, -0.830539
-0.830539, -0.828193, -0.822703, -0.814157, -0.802693, -0.78853, -0.771997, -0.753543, -0.733749, -0.713312, -0.693022, -0.673721, -0.65626, -0.641438, -0.629958, -0.622374, -0.619083
-0.619083, -0.61578, -0.608087, -0.596214, -0.580463, -0.561267, -0.539191, -0.514938, -0.489332, -0.463298, -0.437819, -0.413899, -0.392503, -0.374513, -0.360682, -0.351593, -0.34766
-0.34766, -0.343721, -0.33457, -0.320518, -0.302007, -0.279637, -0.254157, -0.226454, -0.197517, -0.168407, -0.140208, -0.113984, -0.090726, -0.071311, -0.0564691, -0.0467552, -0.0425613
-0.0425613, -0.0383666, -0.0286452, -0.0137763, 0.00570253, 0.0290803, 0.0554951, 0.0839656, 0.113431, 0.142797, 0.170984, 0.196971, 0.219839, 0.238799, 0.253214, 0.262612, 0.26666
0.26666, 0.270704, 0.280054, 0.2943, 0.31286, 0.33498, 0.359772, 0.386252, 0.413392, 0.440169, 0.465614, 0.488847, 0.509109, 0.525777, 0.538369, 0.546541, 0.550051
0.550051, 0.553553, 0.561627, 0.57387, 0.589712, 0.608433, 0.6292, 0.651124, 0.673309, 0.694904, 0.715143, 0.733371, 0.749065, 0.761827, 0.771376, 0.77753, 0.780163
0.780163, 0.782782, 0.788798, 0.797852, 0.809443, 0.82295, 0.837681, 0.852926, 0.868008, 0.882329, 0.8954, 0.906858, 0.916463, 0.924083, 0.929664, 0.933204, 0.934704
0.934704, 0.936188, 0.939563, 0.944551, 0.950767, 0.957753, 0.965021, 0.97211, 0.978627, 0.984287, 0.988925, 0.992503, 0.995089, 0.996828, 0.997902, 0.998484, 0.998706
0.998706, 0.998911, 0.999318, 0.999756, 0.999997, 0.999784, 0.998885, 0.997131, 0.994453, 0.990903, 0.986658, 0.98201, 0.977326, 0.973017, 0.969478, 0.967047, 0.96597

-0.588396, -0.591786, -0.599598, -0.611434, -0.626731, -0.644778, -0.66476, -0.685808, -0.707054, -0.727681, -0.746959, -0.764275, -0.779143, -0.791205, -0.800212, -0.806008, -0.808486
-0.808486, -0.810949, -0.816602, -0.825096, -0.835944, -0.848547, -0.862238, -0.876341, -0.890218, -0.903315, -0.915189, -0.925523, -0.934124, -0.9409, -0.945832, -0.948946, -0.950261
-0.950261, -0.951561, -0.954506, -0.958835, -0.964184, -0.970122, -0.976197, -0.981988, -0.987152, -0.99145, -0.99477, -0.997122, -0.998622, -0.999455, -0.999835, -0.999965, -0.999991
-0.999991, -1, -0.999953, -0.999698, -0.99903, -0.997727, -0.995597, -0.992516, -0.988466, -0.983549, -0.977993, -0.972136, -0.96639, -0.961199, -0.95699, -0.954123, -0.952858
-0.952858, -0.951575, -0.94854, -0.943726, -0.937105, -0.928688, -0.91856, -0.906905, -0.894033, -0.880377, -0.866484, -0.852985, -0.840549, -0.829837, -0.821447, -0.815861, -0.813426
-0.813426, -0.810977, -0.805248, -0.796341, -0.784408, -0.769693, -0.752547, -0.733447, -0.713001, -0.691929, -0.671044, -0.651209, -0.633289, -0.618094, -0.606335, -0.598571, -0.595203
-0.595203, -0.591824, -0.583956, -0.571819, -0.555731, -0.536142, -0.513639, -0.488945, -0.462904, -0.436457, -0.410604, -0.386356, -0.364686, -0.34648, -0.332491, -0.323302, -0.319326
-0.319326, -0.315345, -0.3061, -0.291908, -0.273223, -0.250658, -0.224978, -0.197081, -0.167968, -0.138709, -0.110391, -0.0840776, -0.0607578, -0.0413042, -0.0264404, -0.0167158, -0.0125182
-0.0125182, -0.00832028, 0.00140652, 0.0162783, 0.0357506, 0.0591056, 0.0854748, 0.113873, 0.143237, 0.172476, 0.200515, 0.226344, 0.249055, 0.267872, 0.282171, 0.291489, 0.295503
0.295503, 0.299511, 0.308777, 0.322888, 0.341261, 0.363144, 0.387649, 0.413796, 0.440568, 0.466954, 0.491998, 0.514842, 0.534744, 0.551102, 0.563451, 0.57146, 0.5749
0.5749, 0.57833, 0.586237, 0.598221, 0.613716, 0.632007, 0.652273, 0.673638, 0.695224, 0.716201, 0.735825, 0.753469, 0.768635, 0.780949, 0.790152, 0.796076, 0.79861
0.79861, 0.801129, 0.806913, 0.815608, 0.826723, 0.839651, 0.853716, 0.868228, 0.882538, 0.896073, 0.908376, 0.919113, 0.928073, 0.935151, 0.940316, 0.943581, 0.944963
0.944963, 0.946328, 0.949427, 0.953992, 0.959651, 0.965963, 0.972464, 0.978718, 0.984365, 0.989148, 0.992938, 0.995727, 0.997614, 0.99877, 0.999397, 0.999687, 0.999783
0.999783, 0.999862, 0.999976, 0.999968, 0.999623, 0.998708, 0.997015, 0.994406, 0.990843, 0.986411, 0.98132, 0.975892, 0.970522, 0.965644, 0.961672, 0.958959, 0.957761
0.957761, 0.956545, 0.953664, 0.949083, 0.942767, 0.934714, 0.924992, 0.913771, 0.901343, 0.888125, 0.874648, 0.861527, 0.849421, 0.838981, 0.830796, 0.825343, 0.822965
0.822965, 0.820573, 0.814975, 0.806267, 0.794591, 0.780179, 0.763369, 0.744625, 0.724536, 0.703812, 0.683253, 0.663711, 0.646042, 0.631052, 0.619445, 0.61178, 0.608454
0.608454, 0.605117, 0.597345, 0.585352, 0.569448, 0.550074, 0.527804, 0.503351, 0.477547, 0.451325, 0.425676, 0.401606, 0.380085, 0.361996, 0.348093, 0.338958, 0.335006
0.335006, 0.331047, 0.321853, 0.307737, 0.289146, 0.266686, 0.241114, 0.21332, 0.184301, 0.155121, 0.126866, 0.100599, 0.0773106, 0.0578762, 0.0430228, 0.0333031, 0.029107
0.029107, 0.0249105, 0.0151855, 0.000313671, -0.0191644, -0.0425346, -0.0689319, -0.0973731, -0.126797, -0.156109, -0.184233, -0.210152, -0.232952, -0.25185, -0.266215, -0.275578, -0.279611
-0.279611, -0.283639, -0.292953, -0.30714, -0.325618, -0.347635, -0.372301, -0.398635, -0.425613, -0.452218, -0.477486, -0.500547, -0.52065, -0.537181, -0.549666, -0.557765, -0.561245
-0.561245, -0.564714, -0.572715, -0.584843, -0.600531, -0.619062, -0.639607, -0.661283, -0.683202, -0.704523, -0.724488, -0.742457, -0.757916, -0.770478, -0.779874, -0.785925, -0.788514
-0.788514, -0.791089, -0.797001, -0.805895, -0.817275, -0.830524, -0.844958, -0.859876, -0.874614, -0.888585, -0.901313, -0.912449, -0.921767, -0.929144, -0.93454, -0.937957, -0.939404
-0.939404, -0.940835, -0.944087, -0.948886, -0.954853, -0.961538, -0.968463, -0.975179, -0.981307, -0.986575, -0.990833, -0.994058, -0.996331, -0.997809, -0.998683, -0.999135, -0.9993
-0.9993, -0.999449, -0.999724, -0.999963, -0.999941, -0.999413, -0.998159, -0.996022, -0.992947, -0.989001, -0.984377, -0.979379, -0.974387, -0.969822, -0.966089, -0.963532, -0.9624
-0.9624, -0.961251, -0.958524, -0.95418, -0.94817, -0.940482, -0.931169, -0.920385, -0.908405, -0.895629, -0.882571, -0.869832, -0.85806, -0.847895, -0.839916, -0.834598, -0.832278
-0.832278, -0.829943, -0.824478, -0.815971, -0.804556, -0.790451, -0.773982, -0.755597, -0.735872, -0.715502, -0.695274, -0.676031, -0.658618, -0.643836, -0.632385, -0.624821, -0.621537
-0.621537, -0.618243, -0.610569, -0.598723, -0.583009, -0.563854, -0.541824, -0.517618, -0.492059, -0.466069, -0.440631, -0.416746, -0.395379, -0.377413, -0.363599, -0.354521, -0.350593
-0.350593, -0.346658, -0.337518, -0.323481, -0.304989, -0.28264, -0.257183, -0.229501, -0.200584, -0.171491, -0.143306, -0.117093, -0.0938422, -0.0744323, -0.0595935, -0.0498812, -0.0456879
-0.0456879, -0.0414938, -0.0317734, -0.0169055, 0.00257293, 0.0259518, 0.05237, 0.0808466, 0.110321, 0.139699, 0.167899, 0.193902, 0.216785, 0.235758, 0.250185, 0.25959, 0.263642
0.263642, 0.26769, 0.277049, 0.291308, 0.309886, 0.33203, 0.35685, 0.383363, 0.41054, 0.437357, 0.462842, 0.486114, 0.506413, 0.523112, 0.535729, 0.543917, 0.547435
0.547435, 0.550943, 0.559035, 0.571304, 0.587182, 0.605946, 0.626765, 0.648746, 0.670992, 0.692651, 0.712952, 0.73124, 0.746988, 0.759796, 0.769381, 0.775558, 0.778201
0.778201, 0.780831, 0.78687, 0.795961, 0.807601, 0.821168, 0.835968, 0.851288, 0.866449, 0.880851, 0.894002, 0.905534, 0.915206, 0.922882, 0.928507, 0.932075, 0.933587

-0.000944556, -0.00514263, -0.014869, -0.0297376, -0.0492014, -0.0725393, -0.0988805, -0.127237, -0.156548, -0.185721, -0.213686, -0.239437, -0.262071, -0.280819, -0.295061, -0.304341, -0.308337
-0.308337, -0.312328, -0.321553, -0.3356, -0.353885, -0.375655, -0.400023, -0.426015, -0.452614, -0.478816, -0.503674, -0.526336, -0.546072, -0.562286, -0.574522, -0.582456, -0.585863
-0.585863, -0.58926, -0.597091, -0.608955, -0.624289, -0.642383, -0.662418, -0.683527, -0.704838, -0.725531, -0.744875, -0.762253, -0.777177, -0.789287, -0.798332, -0.804151, -0.80664
-0.80664, -0.809114, -0.814792, -0.823323, -0.834222, -0.846887, -0.860649, -0.874829, -0.888788, -0.901968, -0.913923, -0.924334, -0.933002, -0.939835, -0.944812, -0.947954, -0.949282
-0.949282, -0.950594, -0.953568, -0.957942, -0.96335, -0.969358, -0.975513, -0.981392, -0.986647, -0.991037, -0.994445, -0.99688, -0.998453, -0.999347, -0.999774, -0.999933, -0.999973
-0.999973, -0.999995, -0.999978, -0.99977, -0.999163, -0.997933, -0.995885, -0.992894, -0.988935, -0.984109, -0.978642, -0.972865, -0.96719, -0.962058, -0.957893, -0.955055, -0.953802
-0.953802, -0.952533, -0.949527, -0.944756, -0.938193, -0.929844, -0.919792, -0.908219, -0.895431, -0.881857, -0.868042, -0.854614, -0.84224, -0.83158, -0.823228, -0.817667, -0.815243
-0.815243, -0.812804, -0.8071, -0.79823, -0.786346, -0.771687, -0.754604, -0.735571, -0.715192, -0.694185, -0.673361, -0.653581, -0.635708, -0.620551, -0.608821, -0.601076, -0.597715
-0.597715, -0.594344, -0.586494, -0.574383, -0.55833, -0.538781, -0.516322, -0.491672, -0.465676, -0.439271, -0.413455, -0.38924, -0.367598, -0.349414, -0.335441, -0.326262, -0.32229
-0.32229, -0.318314, -0.309078, -0.2949, -0.276232, -0.253687, -0.228027, -0.200148, -0.171053, -0.141807, -0.113501, -0.0871958, -0.0638813, -0.0444309, -0.0295688, -0.0198449, -0.0156475
-0.0156475, -0.0114498, -0.0017231, 0.013149, 0.0326228, 0.0559812, 0.0823563, 0.110763, 0.140139, 0.169392, 0.197448, 0.223295, 0.246023, 0.264856, 0.279167, 0.288494, 0.292511
0.292511, 0.296523, 0.305798, 0.319924, 0.338318, 0.360226, 0.384762, 0.410945, 0.437757, 0.464184, 0.489271, 0.512156, 0.532097, 0.548488, 0.560862, 0.568889, 0.572336
0.572336, 0.575774, 0.583699, 0.59571, 0.611242, 0.629578, 0.649898, 0.671322, 0.692971, 0.714013, 0.733702, 0.751408, 0.766629, 0.778991, 0.78823, 0.794178, 0.796722
0.796722, 0.799252, 0.80506, 0.813793, 0.824958, 0.837947, 0.852082, 0.866671, 0.881062, 0.894679, 0.907063, 0.917875, 0.926903, 0.934037, 0.939246, 0.94254, 0.943934
0.943934, 0.945312, 0.94844, 0.953049, 0.958766, 0.965149, 0.97173, 0.978071, 0.983809, 0.988684, 0.992562, 0.995434, 0.997393, 0.998609, 0.999283, 0.999604, 0.999713
0.999713, 0.999805, 0.99995, 0.999988, 0.999704, 0.998862, 0.997252, 0.994732, 0.99126, 0.98692, 0.981918, 0.97657, 0.971272, 0.966452, 0.962525, 0.959842, 0.958656
0.958656, 0.957453, 0.9546, 0.950065, 0.943806, 0.935821, 0.926176, 0.915038, 0.902694, 0.889559, 0.876161, 0.863112, 0.851069, 0.84068, 0.832534, 0.827106, 0.824739
0.824739, 0.822358, 0.816785, 0.808114, 0.796488, 0.782133, 0.765387, 0.74671, 0.72669, 0.706032, 0.685535, 0.666049, 0.648428, 0.633477, 0.621899, 0.614253, 0.610935
0.610935, 0.607606, 0.599852, 0.587886, 0.572018, 0.552685, 0.53046, 0.506053, 0.480295, 0.454116, 0.428506, 0.40447, 0.382978, 0.364912, 0.351025, 0.341901, 0.337953
0.337953, 0.333999, 0.324815, 0.310713, 0.29214, 0.269701, 0.24415, 0.216377, 0.187377, 0.158212, 0.12997, 0.103712, 0.0804305, 0.0610003, 0.0461494, 0.0364308, 0.0322352
0.0322352, 0.028039, 0.0183147, 0.00344328, -0.0160353, -0.0394076, -0.0658094, -0.0942579, -0.123692, -0.153017, -0.181156, -0.207091, -0.229907, -0.24882, -0.263197, -0.272568, -0.276605
-0.276605, -0.280637, -0.289959, -0.30416, -0.322658, -0.344699, -0.369394, -0.395763, -0.422779, -0.449424, -0.474734, -0.497835, -0.517976, -0.534539, -0.547048, -0.555165, -0.558652
-0.558652, -0.562129, -0.570147, -0.582301, -0.598026, -0.616601, -0.637198, -0.658932, -0.680914, -0.702298, -0.722327, -0.740357, -0.75587, -0.76848, -0.777911, -0.783986, -0.786585
-0.786585, -0.789171, -0.795107, -0.804039, -0.815467, -0.828777, -0.84328, -0.858275, -0.873092, -0.887145, -0.899953, -0.911164, -0.920549, -0.927983, -0.933422, -0.936867, -0.938327
-0.938327, -0.93977, -0.94305, -0.947893, -0.953919, -0.960674, -0.967679, -0.974481, -0.9807, -0.986059, -0.990406, -0.993713, -0.996059, -0.997597, -0.998517, -0.999, -0.999178
-0.999178, -0.99934, -0.999646, -0.999931, -0.99997, -0.999516, -0.998344, -0.996296, -0.993313, -0.989459, -0.984923, -0.980006, -0.975086, -0.970581, -0.966893, -0.964365, -0.963245
-0.963245, -0.962109, -0.959412, -0.955112, -0.94916, -0.941541, -0.932305, -0.921605, -0.909709, -0.897016, -0.884038, -0.871372, -0.859663, -0.84955, -0.841611, -0.836317, -0.834009
-0.834009, -0.831685, -0.826245, -0.817776, -0.80641, -0.792364, -0.77596, -0.757643, -0.737988, -0.717685, -0.69752, -0.678333, -0.66097, -0.646228, -0.634807, -0.627261, -0.623986
-0.623986, -0.6207, -0.613044, -0.601227, -0.585549, -0.566436, -0.544452, -0.520294, -0.494782, -0.468836, -0.443438, -0.419589, -0.398252, -0.380309, -0.366513, -0.357446, -0.353522
-0.353522, -0.349592, -0.340462, -0.326441, -0.307968, -0.285641, -0.260206, -0.232546, -0.203649, -0.174573, -0.146403, -0.120201, -0.0969576, -0.0775529, -0.0627172, -0.0530066, -0.048814
-0.048814, -0.0446205, -0.0349013, -0.0200346, -0.000556683, 0.0228231, 0.0492444, 0.0777269, 0.10721, 0.136599, 0.164813, 0.19083, 0.213728, 0.232716, 0.247154, 0.256567, 0.260622
0.260622, 0.264673, 0.27404, 0.288313, 0.306909, 0.329076, 0.353925, 0.380471, 0.407684, 0.43454, 0.460065, 0.483377, 0.503712, 0.520443, 0.533084, 0.541288, 0.544813

0.586868, 0.583464, 0.575537, 0.563311, 0.54711, 0.527391, 0.504746, 0.479905, 0.45372, 0.427137, 0.40116, 0.376804, 0.355045, 0.336768, 0.322728, 0.313506, 0.309517
0.309517, 0.305522, 0.296246, 0.282009, 0.263268, 0.240641, 0.214898, 0.18694, 0.157773, 0.128468, 0.100115, 0.0737765, 0.0504404, 0.0309776, 0.0161094, 0.00638312, 0.00218506
0.00218506, -0.00201303, -0.0117397, -0.0266093, -0.0460753, -0.0694176, -0.0957657, -0.124133, -0.153456, -0.182645, -0.210628, -0.236397, -0.25905, -0.277814, -0.292069, -0.301358, -0.305359
-0.305359, -0.309353, -0.318588, -0.33265, -0.350956, -0.372752, -0.397153, -0.423181, -0.449821, -0.476066, -0.500968, -0.523673, -0.543447, -0.559695, -0.571957, -0.579909, -0.583324
-0.583324, -0.586729, -0.594577, -0.606469, -0.621841, -0.639981, -0.660071, -0.681239, -0.702614, -0.723374, -0.742783, -0.760223, -0.775204, -0.787362, -0.796443, -0.802287, -0.804786
-0.804786, -0.807271, -0.812973, -0.821543, -0.832493, -0.845218, -0.859051, -0.873309, -0.88735, -0.900612, -0.912648, -0.923135, -0.931872, -0.938761, -0.943782, -0.946953, -0.948293
-0.948293, -0.949617, -0.952621, -0.957039, -0.962505, -0.968584, -0.97482, -0.980787, -0.986132, -0.990614, -0.994111, -0.996628, -0.998274, -0.999229, -0.999702, -0.999892, -0.999945
-0.999945, -0.99998, -0.999994, -0.999832, -0.999286, -0.998129, -0.996164, -0.993261, -0.989395, -0.98466, -0.97928, -0.973584, -0.96798, -0.962907, -0.958787, -0.955978, -0.954738
-0.954738, -0.953481, -0.950504, -0.945778, -0.939271, -0.930991, -0.921016, -0.909525, -0.89682, -0.883329, -0.869592, -0.856235, -0.843923, -0.833314, -0.825, -0.819464, -0.817051
-0.817051, -0.814623, -0.808943, -0.800111, -0.788275, -0.773674, -0.756654, -0.737688, -0.717375, -0.696434, -0.675672, -0.655947, -0.63812, -0.623002, -0.6113, -0.603574, -0.600221
-0.600221, -0.596858, -0.589026, -0.576942, -0.560924, -0.541415, -0.518999, -0.494395, -0.468443, -0.44208, -0.416303, -0.392121, -0.370507, -0.352345, -0.338387, -0.329218, -0.325252
-0.325252, -0.321279, -0.312053, -0.297889, -0.279239, -0.256713, -0.231073, -0.203214, -0.174135, -0.144905, -0.11661, -0.090313, -0.0670042, -0.0475572, -0.0326969, -0.0229738, -0.0187766
-0.0187766, -0.0145791, -0.0048527, 0.0100196, 0.0294947, 0.0528562, 0.0792369, 0.107652, 0.13704, 0.166307, 0.194379, 0.220243, 0.242989, 0.261837, 0.276161, 0.285496, 0.289517
0.289517, 0.293533, 0.302817, 0.316957, 0.335371, 0.357305, 0.381871, 0.40809, 0.434941, 0.46141, 0.48654, 0.509466, 0.529444, 0.545868, 0.558268, 0.566312, 0.569767
0.569767, 0.573212, 0.581155, 0.593193, 0.608762, 0.627144, 0.647516, 0.668999, 0.690711, 0.711818, 0.731572, 0.749339, 0.764616, 0.777024, 0.7863, 0.792272, 0.794827
0.794827, 0.797367, 0.8032, 0.81197, 0.823186, 0.836235, 0.850439, 0.865106, 0.879577, 0.893277, 0.905741, 0.916629, 0.925724, 0.932915, 0.938167, 0.94149, 0.942897
0.942897, 0.944287, 0.947443, 0.952096, 0.957872, 0.964325, 0.970986, 0.977415, 0.983243, 0.988209, 0.992176, 0.99513, 0.997162, 0.99844, 0.99916, 0.999511, 0.999634
0.999634, 0.999738, 0.999914, 0.999999, 0.999775, 0.999006, 0.997479, 0.995048, 0.991668, 0.98742, 0.982505, 0.977239, 0.972012, 0.967251, 0.963369, 0.960715, 0.959542
0.959542, 0.958351, 0.955528, 0.951037, 0.944836, 0.93692, 0.927352, 0.916296, 0.904037, 0.890985, 0.877665, 0.864688, 0.852708, 0.842371, 0.834263, 0.828861, 0.826505
0.826505, 0.824134, 0.818586, 0.809954, 0.798376, 0.78408, 0.767398, 0.748788, 0.728836, 0.708245, 0.68781, 0.66838, 0.650807, 0.635895, 0.624347, 0.616719, 0.613409
0.613409, 0.610088, 0.602353, 0.590415, 0.574582, 0.55529, 0.53311, 0.508749, 0.483037, 0.456902, 0.431332, 0.40733, 0.385867, 0.367824, 0.353954, 0.34484, 0.340897
0.340897, 0.336947, 0.327773, 0.313686, 0.295132, 0.272713, 0.247184, 0.219431, 0.19045, 0.161301, 0.133072, 0.106825, 0.0835496, 0.0641238, 0.0492754, 0.0395581, 0.035363
0.035363, 0.0311672, 0.0214437, 0.00657286, -0.012906, -0.0362802, -0.0626862, -0.0911417, -0.120585, -0.149923, -0.178077, -0.204028, -0.22686, -0.245788, -0.260176, -0.269556, -0.273596
-0.273596, -0.277631, -0.286963, -0.301177, -0.319694, -0.341759, -0.366484, -0.392886, -0.41994, -0.446626, -0.471977, -0.495118, -0.515296, -0.531891, -0.544426, -0.552559, -0.556053
-0.556053, -0.559538, -0.567573, -0.579754, -0.595515, -0.614134, -0.634783, -0.656575, -0.678618, -0.700067, -0.720159, -0.738249, -0.753818, -0.766473, -0.77594, -0.782039, -0.784649
-0.784649, -0.787245, -0.793205, -0.802174, -0.813652, -0.827021, -0.841594, -0.856664, -0.871562, -0.885696, -0.898584, -0.90987, -0.919322, -0.926812, -0.932294, -0.935768, -0.93724
-0.93724, -0.938696, -0.942005, -0.946892, -0.952975, -0.9598, -0.966885, -0.973774, -0.980083, -0.985533, -0.989968, -0.993357, -0.995776, -0.997376, -0.998342, -0.998855, -0.999047
-0.999047, -0.999221, -0.999558, -0.999889, -0.999989, -0.999608, -0.998519, -0.99656, -0.993669, -0.989907, -0.98546, -0.980624, -0.975776, -0.971329, -0.967686, -0.965188, -0.964081
-0.964081, -0.962958, -0.96029, -0.956034, -0.950141, -0.942591, -0.933433, -0.922815, -0.911004, -0.898395, -0.885496, -0.872903, -0.861258, -0.851196, -0.843297, -0.838029, -0.835731
-0.835731, -0.833419, -0.828004, -0.819573, -0.808257, -0.79427, -0.77793, -0.759682, -0.740096, -0.719861, -0.699759, -0.68063, -0.663315, -0.648613, -0.637222, -0.629695, -0.626429
-0.626429, -0.623151, -0.615514, -0.603725, -0.588083, -0.569012, -0.547074, -0.522964, -0.497499, -0.471598, -0.446241, -0.422427, -0.401121, -0.383202, -0.369423, -0.360367, -0.356448
-0.356448, -0.352522, -0.343403, -0.329398, -0.310944, -0.288638, -0.263227, -0.235589, -0.206712, -0.177654, -0.149498, -0.123307, -0.100072, -0.0806727, -0.0658404, -0.0561316, -0.0519396

0.950647, 0.949336, 0.946234, 0.941319, 0.934566, 0.925993, 0.915688, 0.903846, 0.890783, 0.876938, 0.862866, 0.849202, 0.836624, 0.825796, 0.817317, 0.811674, 0.809215
0.809215, 0.806741, 0.800956, 0.791963, 0.77992, 0.765074, 0.747783, 0.728532, 0.707931, 0.68671, 0.665686, 0.645726, 0.627697, 0.612415, 0.600591, 0.592785, 0.589399
0.589399, 0.586002, 0.578093, 0.565894, 0.549727, 0.530047, 0.507445, 0.482648, 0.456506, 0.429964, 0.404025, 0.379701, 0.357969, 0.339713, 0.325688, 0.316477, 0.312491
0.312491, 0.308501, 0.299234, 0.28501, 0.266286, 0.243678, 0.217953, 0.190014, 0.160863, 0.131571, 0.103228, 0.0768972, 0.0535658, 0.0341055, 0.0192385, 0.00951264, 0.00531466
0.00531466, 0.00111659, -0.00861021, -0.0234806, -0.0429488, -0.0662952, -0.09265, -0.121027, -0.150363, -0.179567, -0.207567, -0.233355, -0.256026, -0.274806, -0.289075, -0.298373, -0.302377
-0.302377, -0.306376, -0.31562, -0.329697, -0.348024, -0.369847, -0.394279, -0.420344, -0.447024, -0.473312, -0.498257, -0.521004, -0.540817, -0.557099, -0.569387, -0.577356, -0.580779
-0.580779, -0.584191, -0.592058, -0.603978, -0.619387, -0.637573, -0.657716, -0.678945, -0.700384, -0.721209, -0.740684, -0.758186, -0.773223, -0.785428, -0.794546, -0.800415, -0.802924
-0.802924, -0.80542, -0.811147, -0.819755, -0.830755, -0.843542, -0.857445, -0.87178, -0.885902, -0.899248, -0.911365, -0.921927, -0.930732, -0.937678, -0.942743, -0.945942, -0.947295
-0.947295, -0.948632, -0.951664, -0.956127, -0.961652, -0.967801, -0.974117, -0.980171, -0.985608, -0.990181, -0.993767, -0.996367, -0.998086, -0.999101, -0.999621, -0.999841, -0.999907
-0.999907, -0.999956, -1, -0.999885, -0.999399, -0.998316, -0.996433, -0.993619, -0.989844, -0.985202, -0.979909, -0.974294, -0.968761, -0.963746, -0.959672, -0.956892, -0.955664
-0.955664, -0.95442, -0.951471, -0.94679, -0.940341, -0.932129, -0.92223, -0.910821, -0.8982, -0.884791, -0.871133, -0.857847, -0.845598, -0.83504, -0.826765, -0.821254, -0.818852
-0.818852, -0.816435, -0.810779, -0.801984, -0.790197, -0.775653, -0.758696, -0.739797, -0.719552, -0.698677, -0.677976, -0.658306, -0.640527, -0.625447, -0.613774, -0.606066, -0.602721
-0.602721, -0.599366, -0.591552, -0.579496, -0.563512, -0.544044, -0.521672, -0.497113, -0.471206, -0.444885, -0.419147, -0.394998, -0.373412, -0.355272, -0.341331, -0.332172, -0.328209
-0.328209, -0.324241, -0.315024, -0.300875, -0.282242, -0.259736, -0.234116, -0.206277, -0.177216, -0.148, -0.119717, -0.0934294, -0.0701265, -0.0506831, -0.0358247, -0.0261025, -0.0219056
-0.0219056, -0.0177083, -0.00798225, 0.00689007, 0.0263663, 0.0497307, 0.0761167, 0.10454, 0.133939, 0.16322, 0.191308, 0.217189, 0.239952, 0.258815, 0.273152, 0.282495, 0.28652
0.28652, 0.29054, 0.299833, 0.313988, 0.332421, 0.35438, 0.378977, 0.405231, 0.43212, 0.458631, 0.483803, 0.50677, 0.526787, 0.543243, 0.555669, 0.56373, 0.567192
0.567192, 0.570645, 0.578605, 0.590671, 0.606276, 0.624703, 0.645128, 0.666669, 0.688445, 0.709617, 0.729435, 0.747263, 0.762595, 0.775051, 0.784362, 0.790359, 0.792924
0.792924, 0.795475, 0.801331, 0.81014, 0.821405, 0.834515, 0.848789, 0.863532, 0.878084, 0.891866, 0.90441, 0.915373, 0.924536, 0.931783, 0.937079, 0.940431, 0.94185
0.94185, 0.943252, 0.946437, 0.951135, 0.956969, 0.963492, 0.970233, 0.976749, 0.982668, 0.987725, 0.991781, 0.994817, 0.996922, 0.99826, 0.999026, 0.999408, 0.999544
0.999544, 0.999662, 0.999868, 0.999999, 0.999837, 0.999141, 0.997696, 0.995354, 0.992067, 0.98791, 0.983083, 0.977898, 0.972742, 0.968041, 0.964204, 0.961579, 0.960418
0.960418, 0.95924, 0.956446, 0.951999, 0.945856, 0.938009, 0.928518, 0.917545, 0.90537, 0.892401, 0.879161, 0.866256, 0.854339, 0.844053, 0.835985, 0.830608, 0.828263
0.828263, 0.825903, 0.82038, 0.811785, 0.800257, 0.786018, 0.769401, 0.750859, 0.730975, 0.710451, 0.690079, 0.670705, 0.65318, 0.638307, 0.626789, 0.61918, 0.615878
0.615878, 0.612565, 0.604848, 0.592938, 0.577141, 0.55789, 0.535756, 0.511441, 0.485775, 0.459683, 0.434153, 0.410186, 0.388752, 0.370732, 0.356879, 0.347776, 0.343837
0.343837, 0.339892, 0.330728, 0.316657, 0.298121, 0.275723, 0.250215, 0.222484, 0.193521, 0.164389, 0.136173, 0.109936, 0.0866678, 0.0672467, 0.052401, 0.0426851, 0.0384905
0.0384905, 0.0342952, 0.0245725, 0.00970238, -0.00977658, -0.0331525, -0.0595625, -0.0880247, -0.117478, -0.146829, -0.174997, -0.200964, -0.223811, -0.242753, -0.257153, -0.266541, -0.270584
-0.270584, -0.274623, -0.283963, -0.298192, -0.316727, -0.338816, -0.36357, -0.390007, -0.417098, -0.443824, -0.469216, -0.492397, -0.512611, -0.529238, -0.541798, -0.549948, -0.553449
-0.553449, -0.556941, -0.564993, -0.577201, -0.592998, -0.611661, -0.632361, -0.654211, -0.676316, -0.697828, -0.717984, -0.736135, -0.751758, -0.76446, -0.773962, -0.780085, -0.782705
-0.782705, -0.785311, -0.791296, -0.800301, -0.811828, -0.825258, -0.839899, -0.855046, -0.870024, -0.884239, -0.897206, -0.908567, -0.918086, -0.925632, -0.931158, -0.93466, -0.936144
-0.936144, -0.937612, -0.94095, -0.945881, -0.952022, -0.958917, -0.966081, -0.973057, -0.979457, -0.984998, -0.989521, -0.992992, -0.995484, -0.997144, -0.998157, -0.9987, -0.998905
-0.998905, -0.999093, -0.99946, -0.999838, -0.999999, -0.999691, -0.998684, -0.996814, -0.994016, -0.990346, -0.985987, -0.981232, -0.976456, -0.972069, -0.968471, -0.966002, -0.964908
-0.964908, -0.963797, -0.961158, -0.956947, -0.951112, -0.943631, -0.934551, -0.924016, -0.912291, -0.899765, -0.886946, -0.874426, -0.862844, -0.852835, -0.844975, -0.839733, -0.837446
-0.837446, -0.835144, -0.829754, -0.821362, -0.810096, -0.796167, -0.779893, -0.761714, -0.742197, -0.72203, -0.701992, -0.682919, -0.665654, -0.650992, -0.639631, -0.632124, -0.628865

0.951522, 0.952805, 0.955713, 0.959984, 0.965257, 0.971102, 0.977072, 0.98275, 0.987795, 0.991973, 0.995178, 0.997423, 0.998828, 0.999581, 0.999901, 0.999991, 1
1, 0.999992, 0.999905, 0.99959, 0.998842, 0.997444, 0.995207, 0.992011, 0.987841, 0.982805, 0.977135, 0.971173, 0.965334, 0.960067, 0.9558, 0.952895, 0.951613
0.951613, 0.950315, 0.947242, 0.942371, 0.935675, 0.92717, 0.916941, 0.905181, 0.892201, 0.878438, 0.864443, 0.850851, 0.838335, 0.827557, 0.819117, 0.813498, 0.81105
0.81105, 0.808587, 0.802826, 0.79387, 0.781875, 0.767085, 0.749857, 0.730672, 0.710138, 0.688982, 0.668018, 0.648112, 0.63013, 0.614886, 0.60309, 0.595303, 0.591924
0.591924, 0.588536, 0.580644, 0.568472, 0.552339, 0.532698, 0.510139, 0.485387, 0.459289, 0.432788, 0.406886, 0.382595, 0.360889, 0.342655, 0.328646, 0.319444, 0.315463
0.315463, 0.311476, 0.302219, 0.288009, 0.269301, 0.246712, 0.221007, 0.193085, 0.163951, 0.134673, 0.106341, 0.0800172, 0.0566906, 0.0372332, 0.0223674, 0.0126421, 0.0084442
0.0084442, 0.00424619, -0.00548067, -0.0203518, -0.0398219, -0.0631721, -0.0895334, -0.117919, -0.147268, -0.176488, -0.204505, -0.230311, -0.252999, -0.271795, -0.286077, -0.295384, -0.299392
-0.299392, -0.303395, -0.312649, -0.326741, -0.345088, -0.366937, -0.391401, -0.417502, -0.444222, -0.470553, -0.495541, -0.51833, -0.538182, -0.554497, -0.566812, -0.574798, -0.578228
-0.578228, -0.581648, -0.589533, -0.601481, -0.616927, -0.635159, -0.655356, -0.676643, -0.698147, -0.719038, -0.738578, -0.756142, -0.771235, -0.783487, -0.792642, -0.798535, -0.801055
-0.801055, -0.803561, -0.809312, -0.817958, -0.829009, -0.841857, -0.85583, -0.870243, -0.884446, -0.897874, -0.910072, -0.92071, -0.929583, -0.936586, -0.941694, -0.944922, -0.946288
-0.946288, -0.947637, -0.950699, -0.955205, -0.960789, -0.967009, -0.973405, -0.979546, -0.985074, -0.989739, -0.993413, -0.996095, -0.997887, -0.998963, -0.99953, -0.999781, -0.99986
-0.99986, -0.999921, -0.999996, -0.999927, -0.999503, -0.998492, -0.996692, -0.993967, -0.990284, -0.985733, -0.980528, -0.974994, -0.969532, -0.964577, -0.960547, -0.957796, -0.956581
-0.956581, -0.955349, -0.95243, -0.947792, -0.941401, -0.933258, -0.923436, -0.912108, -0.899571, -0.886245, -0.872666, -0.859451, -0.847264, -0.836757, -0.828521, -0.823036, -0.820644
-0.820644, -0.818238, -0.812607, -0.80385, -0.792111, -0.777624, -0.760731, -0.741899, -0.721722, -0.700912, -0.680273, -0.660658, -0.642927, -0.627886, -0.616242, -0.608552, -0.605216
-0.605216, -0.601869, -0.594072, -0.582044, -0.566094, -0.546667, -0.524339, -0.499826, -0.473964, -0.447686, -0.421986, -0.397871, -0.376313, -0.358195, -0.344271, -0.335122, -0.331164
-0.331164, -0.3272, -0.317993, -0.303858, -0.285243, -0.262757, -0.237158, -0.209338, -0.180296, -0.151095, -0.122824, -0.0965449, -0.073248, -0.0538084, -0.0389521, -0.0292309, -0.0250343
-0.0250343, -0.0208374, -0.0111117, 0.0037605, 0.0232377, 0.0466047, 0.0729958, 0.101427, 0.130837, 0.160132, 0.188236, 0.214133, 0.236912, 0.255791, 0.27014, 0.279492, 0.28352
0.28352, 0.287544, 0.296846, 0.311015, 0.329468, 0.351452, 0.376079, 0.402368, 0.429296, 0.455848, 0.481062, 0.50407, 0.524124, 0.540613, 0.553065, 0.561142, 0.564612
0.564612, 0.568072, 0.57605, 0.588143, 0.603784, 0.622256, 0.642733, 0.664334, 0.686172, 0.707408, 0.72729, 0.74518, 0.760567, 0.773069, 0.782417, 0.788438, 0.791013
0.791013, 0.793574, 0.799455, 0.808301, 0.819616, 0.832786, 0.84713, 0.861949, 0.876582, 0.890446, 0.90307, 0.914109, 0.923339, 0.930643, 0.935982, 0.939362, 0.940793
0.940793, 0.942208, 0.945422, 0.950164, 0.956056, 0.962649, 0.96947, 0.976073, 0.982083, 0.987232, 0.991375, 0.994493, 0.996672, 0.998071, 0.998884, 0.999296, 0.999444
0.999444, 0.999576, 0.999812, 0.99999, 0.999888, 0.999266, 0.997904, 0.99565, 0.992455, 0.98839, 0.983652, 0.978547, 0.973463, 0.968821, 0.965029, 0.962434, 0.961285
0.961285, 0.96012, 0.957355, 0.952953, 0.946868, 0.939089, 0.929676, 0.918785, 0.906694, 0.893809, 0.880648, 0.867815, 0.855961, 0.845728, 0.837698, 0.832346, 0.830012
0.830012, 0.827663, 0.822165, 0.813609, 0.80213, 0.787949, 0.771396, 0.752922, 0.733107, 0.71265, 0.69234, 0.673023, 0.655547, 0.640713, 0.629224, 0.621635, 0.618341
0.618341, 0.615036, 0.607337, 0.595455, 0.579694, 0.560485, 0.538395, 0.514128, 0.488509, 0.462461, 0.43697, 0.413039, 0.391634, 0.373637, 0.359801, 0.350709, 0.346774
0.346774, 0.342833, 0.33368, 0.319624, 0.301107, 0.27873, 0.253244, 0.225534, 0.196591, 0.167475, 0.139273, 0.113046, 0.0897853, 0.0703689, 0.055526, 0.0458117, 0.0416176
0.0416176, 0.0374228, 0.0277011, 0.0128318, -0.00664706, -0.0300244, -0.0564381, -0.0849068, -0.11437, -0.143732, -0.171914, -0.197897, -0.22076, -0.239716, -0.254127, -0.263523, -0.26757
-0.26757, -0.271613, -0.280961, -0.295203, -0.313757, -0.33587, -0.360653, -0.387123, -0.414252, -0.441017, -0.46645, -0.489671, -0.509922, -0.52658, -0.539165, -0.547331, -0.55084
-0.55084, -0.554339, -0.562408, -0.574643, -0.590475, -0.609182, -0.629934, -0.651841, -0.674008, -0.695583, -0.715802, -0.734013, -0.74969, -0.762438, -0.771977, -0.778123, -0.780753
-0.780753, -0.783369, -0.789378, -0.798421, -0.809997, -0.823486, -0.838197, -0.853419, -0.868476, -0.882773, -0.89582, -0.907255, -0.916841, -0.924443, -0.930012, -0.933543, -0.935039
-0.935039, -0.93652, -0.939886, -0.94486, -0.95106, -0.958024, -0.965268, -0.972331, -0.978821, -0.984453, -0.989064, -0.992618, -0.995182, -0.996903, -0.997962, -0.998536, -0.998754
-0.998754, -0.998955, -0.999352, -0.999777, -0.999999, -0.999764, -0.99884, -0.997059, -0.994353, -0.990775, -0.986504, -0.981831, -0.977126, -0.972798, -0.969246, -0.966806, -0.965725

0.58916, 0.592547, 0.600354, 0.612181, 0.627467, 0.6455, 0.665465, 0.686495, 0.707722, 0.728329, 0.747587, 0.764883, 0.779735, 0.791782, 0.800778, 0.806566, 0.809041
0.809041, 0.811501, 0.817147, 0.825629, 0.836462, 0.849046, 0.862716, 0.876796, 0.890648, 0.90372, 0.915569, 0.925881, 0.934461, 0.941219, 0.946139, 0.949243, 0.950555
0.950555, 0.951851, 0.954787, 0.959103, 0.964434, 0.970351, 0.976401, 0.982167, 0.987302, 0.991573, 0.994866, 0.997194, 0.998671, 0.999486, 0.999852, 0.999972, 0.999995
0.999995, 1, 0.999943, 0.999674, 0.998988, 0.997663, 0.995508, 0.992401, 0.988323, 0.983378, 0.977796, 0.971914, 0.966146, 0.960938, 0.956716, 0.95384, 0.95257
0.95257, 0.951285, 0.948241, 0.943413, 0.936775, 0.928338, 0.918186, 0.906507, 0.89361, 0.879929, 0.866012, 0.852491, 0.840037, 0.82931, 0.820908, 0.815314, 0.812876
0.812876, 0.810424, 0.804688, 0.795769, 0.783822, 0.76909, 0.751924, 0.732805, 0.712338, 0.691247, 0.670344, 0.650492, 0.632557, 0.617351, 0.605584, 0.597814, 0.594444
0.594444, 0.591063, 0.583189, 0.571044, 0.554945, 0.535344, 0.512828, 0.488121, 0.462066, 0.435607, 0.409742, 0.385484, 0.363806, 0.345594, 0.3316, 0.322408, 0.318431
0.318431, 0.314449, 0.3052, 0.291004, 0.272314, 0.249744, 0.224058, 0.196155, 0.167037, 0.137773, 0.109452, 0.0831364, 0.0598149, 0.0403604, 0.0254962, 0.0157714, 0.0115737
0.0115737, 0.00737576, -0.00235108, -0.0172227, -0.0366946, -0.0600485, -0.0864159, -0.114811, -0.144172, -0.173406, -0.20144, -0.227264, -0.24997, -0.268782, -0.283077, -0.292393, -0.296405
-0.296405, -0.300412, -0.309675, -0.323781, -0.342149, -0.364024, -0.388519, -0.414656, -0.441416, -0.467789, -0.492821, -0.515651, -0.535542, -0.55189, -0.564231, -0.572235, -0.575672
-0.575672, -0.5791, -0.587002, -0.598977, -0.614461, -0.632739, -0.652989, -0.674336, -0.695903, -0.716859, -0.736464, -0.75409, -0.769239, -0.781539, -0.79073, -0.796647, -0.799178
-0.799178, -0.801694, -0.80747, -0.816154, -0.827254, -0.840163, -0.854207, -0.868697, -0.882981, -0.896492, -0.908771, -0.919485, -0.928424, -0.935485, -0.940637, -0.943894, -0.945272
-0.945272, -0.946633, -0.949723, -0.954275, -0.959916, -0.966207, -0.972683, -0.978912, -0.984531, -0.989287, -0.99305, -0.995814, -0.997679, -0.998816, -0.999429, -0.99971, -0.999803
-0.999803, -0.999877, -0.999982, -0.99996, -0.999597, -0.998659, -0.996942, -0.994306, -0.990715, -0.986255, -0.981138, -0.975685, -0.970294, -0.965398, -0.961413, -0.958691, -0.957489
-0.957489, -0.956269, -0.953379, -0.948785, -0.942452, -0.934378, -0.924632, -0.913387, -0.900934, -0.887691, -0.87419, -0.861047, -0.848923, -0.838467, -0.83027, -0.824809, -0.822428
-0.822428, -0.820033, -0.814427, -0.805708, -0.794018, -0.779588, -0.762759, -0.743994, -0.723885, -0.703141, -0.682563, -0.663005, -0.645321, -0.630319, -0.618704, -0.611033, -0.607704
-0.607704, -0.604365, -0.596587, -0.584586, -0.568671, -0.549285, -0.527002, -0.502534, -0.476717, -0.450482, -0.424821, -0.400741, -0.379211, -0.361116, -0.347207, -0.338069, -0.334115
-0.334115, -0.330156, -0.320959, -0.306838, -0.288241, -0.265775, -0.240197, -0.212398, -0.183373, -0.154188, -0.125929, -0.0996594, -0.0763689, -0.0569332, -0.0420791, -0.032359, -0.0281629
-0.0281629, -0.0239662, -0.0142411, 0.000630885, 0.0201088, 0.0434782, 0.0698742, 0.0983131, 0.127734, 0.157042, 0.185161, 0.211075, 0.233871, 0.252764, 0.267125, 0.276486, 0.280518
0.280518, 0.284545, 0.293856, 0.308039, 0.326511, 0.34852, 0.373177, 0.399501, 0.426467, 0.45306, 0.478316, 0.501364, 0.521456, 0.537977, 0.550454, 0.558549, 0.562026
0.562026, 0.565494, 0.573489, 0.585609, 0.601286, 0.619803, 0.640333, 0.661991, 0.683892, 0.705193, 0.725139, 0.743089, 0.758532, 0.77108, 0.780464, 0.786509, 0.789094
0.789094, 0.791666, 0.797571, 0.806454, 0.817819, 0.83105, 0.845463, 0.860358, 0.875071, 0.889017, 0.901722, 0.912835, 0.922132, 0.929493, 0.934876, 0.938284, 0.939728
0.939728, 0.941155, 0.944398, 0.949183, 0.955133, 0.961797, 0.968698, 0.975388, 0.981488, 0.986728, 0.99096, 0.994161, 0.996412, 0.997871, 0.998731, 0.999173, 0.999335
0.999335, 0.99948, 0.999746, 0.999971, 0.99993, 0.999381, 0.998101, 0.995937, 0.992834, 0.988861, 0.984211, 0.979187, 0.974175, 0.969592, 0.965845, 0.963279, 0.962143
0.962143, 0.96099, 0.958255, 0.953897, 0.94787, 0.94016, 0.930824, 0.920016, 0.90801, 0.895208, 0.882126, 0.869366, 0.857575, 0.847393, 0.839403, 0.834077, 0.831754
0.831754, 0.829416, 0.823943, 0.815424, 0.803994, 0.789872, 0.773384, 0.754978, 0.735232, 0.714842, 0.694595, 0.675334, 0.657907, 0.643113, 0.631654, 0.624083, 0.620797
0.620797, 0.617501, 0.609821, 0.597967, 0.582241, 0.563074, 0.54103, 0.51681, 0.491237, 0.465233, 0.439783, 0.415887, 0.394511, 0.376538, 0.362719, 0.353638, 0.349708
0.349708, 0.345772, 0.336629, 0.322587, 0.304089, 0.281734, 0.25627, 0.228582, 0.199658, 0.17056, 0.142372, 0.116155, 0.0929018, 0.0734904, 0.0586506, 0.0489378, 0.0447443
0.0447443, 0.04055, 0.0308293, 0.0159611, -0.00351748, -0.0268961, -0.0533132, -0.0817881, -0.11126, -0.140634, -0.168831, -0.194828, -0.217707, -0.236676, -0.251099, -0.260503, -0.264553
-0.264553, -0.2686, -0.277956, -0.292211, -0.310784, -0.332921, -0.357732, -0.384235, -0.411401, -0.438206, -0.463679, -0.486939, -0.507227, -0.523917, -0.536527, -0.544709, -0.548225
-0.548225, -0.551731, -0.559818, -0.572079, -0.587946, -0.606697, -0.6275, -0.649464, -0.671692, -0.693332, -0.713614, -0.731884, -0.747615, -0.760409, -0.769984, -0.776154, -0.778794
-0.778794, -0.78142, -0.787453, -0.796533, -0.808158, -0.821707, -0.836486, -0.851783, -0.866921, -0.881298, -0.894425, -0.905935, -0.915587, -0.923245, -0.928857, -0.932416, -0.933925

0.00188911, 0.00608717, 0.0158135, 0.0306818, 0.0501448, 0.0734814, 0.0998203, 0.128174, 0.157481, 0.186649, 0.214609, 0.240354, 0.262983, 0.281725, 0.295964, 0.305241, 0.309236
0.309236, 0.313225, 0.322448, 0.33649, 0.354768, 0.37653, 0.400889, 0.426869, 0.453456, 0.479645, 0.50449, 0.527139, 0.546863, 0.563066, 0.575294, 0.583223, 0.586628
0.586628, 0.590023, 0.597848, 0.609704, 0.625027, 0.643106, 0.663126, 0.684216, 0.705508, 0.726181, 0.745504, 0.762864, 0.777771, 0.789867, 0.7989, 0.804712, 0.807198
0.807198, 0.809669, 0.815339, 0.823859, 0.834743, 0.847389, 0.861129, 0.875286, 0.889221, 0.902376, 0.914306, 0.924694, 0.933342, 0.940157, 0.945121, 0.948254, 0.949579
0.949579, 0.950886, 0.953852, 0.958212, 0.963603, 0.969589, 0.97572, 0.981573, 0.9868, 0.991162, 0.994544, 0.996954, 0.998505, 0.99938, 0.999793, 0.999944, 0.999979
0.999979, 0.999998, 0.999972, 0.999749, 0.999124, 0.997872, 0.995799, 0.992781, 0.988795, 0.983941, 0.978447, 0.972646, 0.966949, 0.961799, 0.957622, 0.954775, 0.953518
0.953518, 0.952245, 0.94923, 0.944446, 0.937865, 0.929496, 0.919421, 0.907824, 0.89501, 0.881412, 0.867573, 0.854123, 0.84173, 0.831055, 0.822691, 0.817123, 0.814695
0.814695, 0.812254, 0.806542, 0.79766, 0.785762, 0.771086, 0.753984, 0.734931, 0.714531, 0.693505, 0.672663, 0.652866, 0.634978, 0.61981, 0.608071, 0.60032, 0.596958
0.596958, 0.593584, 0.585728, 0.57361, 0.557546, 0.537985, 0.515513, 0.49085, 0.46484, 0.438422, 0.412595, 0.38837, 0.366719, 0.348529, 0.334551, 0.325369, 0.321396
0.321396, 0.317418, 0.308179, 0.293997, 0.275324, 0.252773, 0.227107, 0.199223, 0.170122, 0.140872, 0.112562, 0.0862548, 0.0629386, 0.0434873, 0.0286246, 0.0189005, 0.014703
0.014703, 0.0105053, 0.000778541, -0.0140935, -0.0335669, -0.0569242, -0.0832976, -0.111702, -0.141074, -0.170323, -0.198374, -0.224215, -0.246939, -0.265767, -0.280074, -0.289398, -0.293414
-0.293414, -0.297425, -0.306698, -0.320819, -0.339206, -0.361107, -0.385633, -0.411806, -0.438606, -0.46502, -0.490095, -0.512967, -0.532896, -0.549277, -0.561644, -0.569665, -0.57311
-0.57311, -0.576546, -0.584466, -0.596468, -0.611989, -0.630312, -0.650615, -0.672021, -0.693652, -0.714674, -0.734343, -0.752031, -0.767236, -0.779583, -0.788811, -0.794752, -0.797293
-0.797293, -0.79982, -0.80562, -0.814342, -0.825492, -0.838462, -0.852576, -0.867142, -0.881508, -0.895101, -0.90746, -0.91825, -0.927257, -0.934374, -0.93957, -0.942855, -0.944246
-0.944246, -0.94562, -0.948739, -0.953334, -0.959034, -0.965395, -0.971952, -0.978268, -0.983978, -0.988825, -0.992677, -0.995523, -0.997461, -0.998659, -0.999318, -0.99963, -0.999736
-0.999736, -0.999823, -0.999959, -0.999983, -0.999681, -0.998816, -0.997181, -0.994634, -0.991135, -0.986767, -0.981738, -0.976366, -0.971046, -0.966209, -0.962269, -0.959577, -0.958387
-0.958387, -0.95718, -0.954319, -0.94977, -0.943494, -0.935488, -0.92582, -0.914657, -0.902288, -0.889127, -0.875705, -0.862634, -0.850572, -0.840168, -0.83201, -0.826575, -0.824205
-0.824205, -0.82182, -0.816239, -0.807557, -0.795916, -0.781544, -0.764779, -0.746081, -0.72604, -0.705363, -0.684847, -0.665344, -0.647708, -0.632746, -0.621159, -0.613507, -0.610187
-0.610187, -0.606855, -0.599096, -0.587122, -0.571243, -0.551897, -0.529659, -0.505238, -0.479466, -0.453274, -0.427652, -0.403606, -0.382105, -0.364032, -0.350141, -0.341013, -0.337064
-0.337064, -0.333108, -0.323921, -0.309815, -0.291237, -0.268791, -0.243234, -0.215455, -0.186449, -0.157279, -0.129033, -0.102773, -0.079489, -0.0600575, -0.0452058, -0.0354868, -0.0312911
-0.0312911, -0.0270948, -0.0173703, -0.00249873, 0.0169797, 0.0403514, 0.0667519, 0.0951982, 0.124629, 0.15395, 0.182085, 0.208015, 0.230827, 0.249735, 0.264108, 0.273477, 0.277512
0.277512, 0.281543, 0.290863, 0.30506, 0.323552, 0.345585, 0.370272, 0.39663, 0.423634, 0.450268, 0.475565, 0.498654, 0.518783, 0.535337, 0.547839, 0.55595, 0.559435
0.559435, 0.56291, 0.570922, 0.583069, 0.598783, 0.617344, 0.637926, 0.659642, 0.681605, 0.70297, 0.72298, 0.740991, 0.756488, 0.769084, 0.778504, 0.784572, 0.787168
0.787168, 0.78975, 0.79568, 0.8046, 0.816014, 0.829305, 0.843787, 0.858759, 0.873552, 0.88758, 0.900364, 0.911553, 0.920917, 0.928334, 0.93376, 0.937197, 0.938653
0.938653, 0.940093, 0.943364, 0.948194, 0.954202, 0.960935, 0.967916, 0.974693, 0.980884, 0.986215, 0.990536, 0.993818, 0.996142, 0.997662, 0.998568, 0.999041, 0.999216
0.999216, 0.999374, 0.999671, 0.999942, 0.999962, 0.999486, 0.998289, 0.996214, 0.993203, 0.989322, 0.98476, 0.979818, 0.974876, 0.970353, 0.966651, 0.964114, 0.962991
0.962991, 0.961851, 0.959145, 0.954831, 0.948862, 0.941222, 0.931963, 0.921238, 0.909317, 0.896598, 0.883596, 0.870908, 0.85918, 0.849051, 0.8411, 0.835799, 0.833487
0.833487, 0.83116, 0.825712, 0.817232, 0.805852, 0.791788, 0.775364, 0.757026, 0.73735, 0.717027, 0.696843, 0.677639, 0.660261, 0.645507, 0.634077, 0.626525, 0.623248
0.623248, 0.619959, 0.612298, 0.600472, 0.584783, 0.565657, 0.543659, 0.519487, 0.49396, 0.468001, 0.442592, 0.418731, 0.397385, 0.379436, 0.365634, 0.356563, 0.352638
0.352638, 0.348707, 0.339574, 0.325548, 0.307069, 0.284735, 0.259294, 0.231627, 0.202724, 0.173643, 0.145469, 0.119263, 0.0960174, 0.0766112, 0.0617745, 0.0520634, 0.0478705
0.0478705, 0.0436769, 0.0339573, 0.0190902, -0.000387873, -0.0237674, -0.0501878, -0.0786685, -0.108149, -0.137535, -0.165745, -0.191758, -0.214651, -0.233634, -0.248069, -0.25748, -0.261534
-0.261534, -0.265584, -0.274949, -0.289217, -0.307808, -0.329968, -0.354808, -0.381344, -0.408547, -0.435391, -0.460904, -0.484204, -0.504527, -0.521249, -0.533883, -0.542082, -0.545605

-0.586103, -0.582696, -0.574764, -0.56253, -0.54632, -0.526588, -0.50393, -0.479076, -0.452878, -0.426283, -0.400295, -0.375929, -0.354161, -0.335879, -0.321834, -0.312609, -0.308619
-0.308619, -0.304623, -0.295344, -0.281103, -0.262357, -0.239724, -0.213975, -0.186012, -0.15684, -0.127531, -0.099175, -0.0728345, -0.049497, -0.0300335, -0.0151649, -0.00543858, -0.00124051
-0.00124051, 0.00295759, 0.0126842, 0.0275535, 0.0470189, 0.0703598, 0.0967059, 0.12507, 0.154389, 0.183574, 0.211551, 0.237315, 0.259962, 0.278721, 0.292973, 0.302259, 0.306258
0.306258, 0.310252, 0.319484, 0.333541, 0.35184, 0.373629, 0.39802, 0.424037, 0.450664, 0.476897, 0.501786, 0.524477, 0.54424, 0.560477, 0.572732, 0.580678, 0.584091
0.584091, 0.587493, 0.595337, 0.60722, 0.622581, 0.640706, 0.66078, 0.68193, 0.703286, 0.724026, 0.743415, 0.760836, 0.7758, 0.787944, 0.797014, 0.802851, 0.805346
0.805346, 0.807828, 0.813523, 0.822081, 0.833016, 0.845723, 0.859534, 0.873769, 0.887785, 0.901022, 0.913034, 0.923498, 0.932214, 0.939086, 0.944094, 0.947256, 0.948593
0.948593, 0.949913, 0.952908, 0.957313, 0.962761, 0.968819, 0.97503, 0.98097, 0.986289, 0.990742, 0.994213, 0.996705, 0.998329, 0.999265, 0.999725, 0.999906, 0.999955
0.999955, 0.999986, 0.99999, 0.999815, 0.99925, 0.998071, 0.996081, 0.993151, 0.989257, 0.984495, 0.979088, 0.973368, 0.967742, 0.962651, 0.958518, 0.955701, 0.954457
0.954457, 0.953196, 0.95021, 0.94547, 0.938947, 0.930646, 0.920647, 0.909132, 0.896402, 0.882886, 0.869125, 0.855746, 0.843416, 0.832791, 0.824466, 0.818923, 0.816506
0.816506, 0.814075, 0.808388, 0.799544, 0.787694, 0.773075, 0.756036, 0.73705, 0.716717, 0.695756, 0.674975, 0.655234, 0.637393, 0.622263, 0.610553, 0.60282, 0.599466
0.599466, 0.5961, 0.588262, 0.576171, 0.560141, 0.540621, 0.518192, 0.493574, 0.467608, 0.441233, 0.415444, 0.391252, 0.369629, 0.35146, 0.337498, 0.328326, 0.324358
0.324358, 0.320384, 0.311155, 0.296987, 0.278331, 0.2558, 0.230154, 0.202289, 0.173205, 0.14397, 0.115671, 0.0893723, 0.0660617, 0.0466137, 0.0317528, 0.0220295, 0.0178322
0.0178322, 0.0136346, 0.00390815, -0.0109641, -0.0304389, -0.0537994, -0.0801784, -0.108591, -0.137975, -0.167239, -0.195306, -0.221164, -0.243905, -0.262748, -0.277069, -0.286401, -0.290421
-0.290421, -0.294436, -0.303717, -0.317853, -0.336261, -0.358187, -0.382744, -0.408952, -0.435791, -0.462248, -0.487365, -0.510278, -0.530246, -0.546659, -0.559052, -0.56709, -0.570543
-0.570543, -0.573986, -0.581923, -0.593954, -0.609511, -0.627879, -0.648235, -0.669701, -0.691394, -0.712481, -0.732215, -0.749964, -0.765225, -0.777619, -0.786883, -0.792848, -0.7954
-0.7954, -0.797937, -0.803762, -0.812521, -0.823721, -0.836752, -0.850936, -0.865579, -0.880026, -0.893701, -0.906141, -0.917006, -0.926081, -0.933255, -0.938494, -0.941808, -0.943211
-0.943211, -0.944597, -0.947745, -0.952385, -0.958143, -0.964574, -0.971211, -0.977614, -0.983415, -0.988354, -0.992294, -0.995223, -0.997233, -0.998492, -0.999198, -0.99954, -0.999659
-0.999659, -0.99976, -0.999926, -0.999996, -0.999755, -0.998964, -0.997411, -0.994953, -0.991546, -0.98727, -0.982329, -0.977038, -0.971789, -0.967011, -0.963116, -0.960453, -0.959275
-0.959275, -0.958081, -0.955249, -0.950744, -0.944526, -0.936589, -0.926998, -0.915917, -0.903632, -0.890555, -0.877212, -0.864213, -0.852214, -0.841862, -0.833742, -0.828332, -0.825973
-0.825973, -0.823599, -0.818043, -0.809399, -0.797807, -0.783493, -0.766792, -0.748162, -0.728189, -0.707578, -0.687124, -0.667677, -0.65009, -0.635166, -0.623609, -0.615976, -0.612663
-0.612663, -0.60934, -0.601599, -0.589652, -0.573809, -0.554504, -0.532311, -0.507936, -0.48221, -0.456061, -0.430479, -0.406467, -0.384995, -0.366945, -0.35307, -0.343953, -0.340008
-0.340008, -0.336057, -0.32688, -0.312789, -0.294229, -0.271804, -0.246268, -0.21851, -0.189523, -0.160369, -0.132136, -0.105885, -0.0826083, -0.0631812, -0.048332, -0.0386143, -0.034419
-0.034419, -0.0302231, -0.0204994, -0.00562832, 0.0138505, 0.0372241, 0.0636289, 0.0920823, 0.121523, 0.150857, 0.179006, 0.204953, 0.22778, 0.246703, 0.261088, 0.270465, 0.274504
0.274504, 0.278539, 0.287867, 0.302078, 0.320589, 0.342647, 0.367363, 0.393755, 0.420797, 0.447471, 0.472809, 0.495939, 0.516105, 0.532691, 0.545218, 0.553346, 0.556838
0.556838, 0.56032, 0.56835, 0.580524, 0.596273, 0.614879, 0.635512, 0.657287, 0.679312, 0.700741, 0.720814, 0.738886, 0.754438, 0.76708, 0.776536, 0.782628, 0.785234
0.785234, 0.787827, 0.79378, 0.802737, 0.814201, 0.827552, 0.842104, 0.857151, 0.872025, 0.886134, 0.898998, 0.910262, 0.919693, 0.927166, 0.932635, 0.936101, 0.937569
0.937569, 0.939021, 0.942321, 0.947195, 0.953261, 0.960065, 0.967125, 0.973988, 0.98027, 0.985693, 0.990101, 0.993466, 0.995862, 0.997444, 0.998396, 0.998899, 0.999088
0.999088, 0.999258, 0.999585, 0.999903, 0.999985, 0.999581, 0.998467, 0.996481, 0.993563, 0.989773, 0.985299, 0.980438, 0.975569, 0.971104, 0.967448, 0.96494, 0.96383
0.96383, 0.962703, 0.960026, 0.955757, 0.949846, 0.942275, 0.933093, 0.922451, 0.910614, 0.89798, 0.885057, 0.872442, 0.860777, 0.8507, 0.842789, 0.837513, 0.835212
0.835212, 0.832896, 0.827474, 0.819032, 0.807701, 0.793695, 0.777336, 0.759068, 0.73946, 0.719205, 0.699084, 0.679937, 0.662608, 0.647894, 0.636494, 0.628961, 0.625692
0.625692, 0.622412, 0.614769, 0.602972, 0.587319, 0.568236, 0.546284, 0.522158, 0.496679, 0.470765, 0.445396, 0.421571, 0.400255, 0.382329, 0.368545, 0.359486, 0.355565
0.355565, 0.351638, 0.342516, 0.328506, 0.310046, 0.287734, 0.262315, 0.234671, 0.205788, 0.176724, 0.148564, 0.12237, 0.0991321, 0.0797312, 0.0648978, 0.0551885, 0.0509963

-0.950354, -0.949039, -0.945928, -0.941, -0.93423, -0.925636, -0.915308, -0.903442, -0.890353, -0.876484, -0.862388, -0.848703, -0.836107, -0.825263, -0.816773, -0.811122, -0.80866
-0.80866, -0.806183, -0.80039, -0.791386, -0.779328, -0.764465, -0.747156, -0.727884, -0.707264, -0.686023, -0.664981, -0.645004, -0.626962, -0.611668, -0.599835, -0.592024, -0.588636
-0.588636, -0.585237, -0.577322, -0.565115, -0.548938, -0.529246, -0.506631, -0.481821, -0.455666, -0.429112, -0.403161, -0.378827, -0.357086, -0.338825, -0.324795, -0.31558, -0.311594
-0.311594, -0.307602, -0.298333, -0.284105, -0.265376, -0.242762, -0.217031, -0.189086, -0.15993, -0.130634, -0.102289, -0.0759554, -0.0526225, -0.0331615, -0.0182941, -0.00856812, -0.00437011
-0.00437011, -0.00017203, 0.00955473, 0.0244249, 0.0438925, 0.0672376, 0.0935904, 0.121964, 0.151297, 0.180496, 0.208491, 0.234274, 0.256939, 0.275714, 0.289979, 0.299274, 0.303277
0.303277, 0.307275, 0.316516, 0.330589, 0.348909, 0.370724, 0.395147, 0.421201, 0.447868, 0.474144, 0.499076, 0.52181, 0.541612, 0.557883, 0.570164, 0.578127, 0.581548
0.581548, 0.584958, 0.592819, 0.60473, 0.620129, 0.6383, 0.658428, 0.679638, 0.701058, 0.721863, 0.741318, 0.758802, 0.773822, 0.786013, 0.79512, 0.800981, 0.803487
0.803487, 0.805979, 0.811699, 0.820295, 0.83128, 0.844049, 0.85793, 0.872242, 0.88634, 0.89966, 0.911753, 0.922293, 0.931077, 0.938006, 0.943057, 0.946248, 0.947598
0.947598, 0.94893, 0.951954, 0.956403, 0.96191, 0.968039, 0.97433, 0.980358, 0.985768, 0.990313, 0.993872, 0.996447, 0.998144, 0.99914, 0.999646, 0.999858, 0.99992
0.99992, 0.999964, 0.999999, 0.99987, 0.999366, 0.99826, 0.996353, 0.993512, 0.98971, 0.985039, 0.97972, 0.974081, 0.968526, 0.963494, 0.959406, 0.956617, 0.955386
0.955386, 0.954137, 0.95118, 0.946485, 0.940019, 0.931787, 0.921865, 0.910431, 0.897784, 0.884351, 0.870669, 0.857361, 0.845093, 0.83452, 0.826233, 0.820715, 0.818309
0.818309, 0.815889, 0.810226, 0.80142, 0.789618, 0.775056, 0.758081, 0.739161, 0.718896, 0.698001, 0.677281, 0.657594, 0.639801, 0.62471, 0.613028, 0.605314, 0.601968
0.601968, 0.59861, 0.59079, 0.578726, 0.562731, 0.543251, 0.520866, 0.496293, 0.470372, 0.444039, 0.418289, 0.39413, 0.372535, 0.354389, 0.340443, 0.331281, 0.327317
0.327317, 0.323347, 0.314128, 0.299974, 0.281336, 0.258824, 0.233198, 0.205353, 0.176287, 0.147066, 0.118779, 0.0924889, 0.0691842, 0.0497397, 0.0348807, 0.0251582, 0.0209612
0.0209612, 0.0167639, 0.00703772, -0.0078346, -0.0273105, -0.050674, -0.0770585, -0.105479, -0.134875, -0.164152, -0.192235, -0.218111, -0.240868, -0.259727, -0.27406, -0.283401, -0.287425
-0.287425, -0.291443, -0.300734, -0.314884, -0.333312, -0.355263, -0.379851, -0.406094, -0.432972, -0.45947, -0.484629, -0.507584, -0.527589, -0.544036, -0.556454, -0.56451, -0.56797
-0.56797, -0.57142, -0.579375, -0.591433, -0.607027, -0.62544, -0.645849, -0.667373, -0.68913, -0.710282, -0.73008, -0.747891, -0.763206, -0.775647, -0.784948, -0.790937, -0.793499
-0.793499, -0.796047, -0.801896, -0.810693, -0.821943, -0.835035, -0.849288, -0.864008, -0.878535, -0.892293, -0.904813, -0.915753, -0.924895, -0.932126, -0.937408, -0.940751, -0.942167
-0.942167, -0.943565, -0.946742, -0.951426, -0.957242, -0.963744, -0.970461, -0.976951, -0.982842, -0.987873, -0.991901, -0.994912, -0.996996, -0.998315, -0.999068, -0.99944, -0.999572
-0.999572, -0.999686, -0.999882, -1, -0.999819, -0.999101, -0.997632, -0.995262, -0.991947, -0.987763, -0.98291, -0.9777, -0.972523, -0.967804, -0.963953, -0.96132, -0.960155
-0.960155, -0.958973, -0.95617, -0.95171, -0.945549, -0.937681, -0.928167, -0.917169, -0.904968, -0.891975, -0.87871, -0.865784, -0.853847, -0.843546, -0.835466, -0.830081, -0.827733
-0.827733, -0.82537, -0.819839, -0.811233, -0.79969, -0.785434, -0.768797, -0.750234, -0.73033, -0.709786, -0.689395, -0.670004, -0.652465, -0.63758, -0.626052, -0.618438, -0.615134
-0.615134, -0.611818, -0.604096, -0.592177, -0.576369, -0.557106, -0.534958, -0.510629, -0.48495, -0.458844, -0.433302, -0.409325, -0.387882, -0.369855, -0.355997, -0.34689, -0.34295
-0.34295, -0.339003, -0.329837, -0.31576, -0.297219, -0.274815, -0.2493, -0.221563, -0.192594, -0.163457, -0.135238, -0.108997, -0.0857268, -0.0663042, -0.0514577, -0.0417414, -0.0375466
-0.0375466, -0.0333512, -0.0236282, -0.00875786, 0.0107211, 0.0340965, 0.0605053, 0.0889655, 0.118416, 0.147763, 0.175926, 0.201889, 0.224732, 0.243669, 0.258066, 0.267451, 0.271494
0.271494, 0.275532, 0.284869, 0.299093, 0.317623, 0.339705, 0.36445, 0.390876, 0.417956, 0.44467, 0.470049, 0.493219, 0.513422, 0.530039, 0.542592, 0.550737, 0.554236
0.554236, 0.557725, 0.565772, 0.577973, 0.593758, 0.612408, 0.633093, 0.654925, 0.677012, 0.698505, 0.718642, 0.736774, 0.75238, 0.765068, 0.77456, 0.780676, 0.783292
0.783292, 0.785895, 0.791873, 0.800867, 0.81238, 0.825791, 0.840412, 0.855535, 0.870489, 0.884679, 0.897623, 0.908961, 0.91846, 0.925989, 0.931502, 0.934996, 0.936476
0.936476, 0.93794, 0.941269, 0.946187, 0.952311, 0.959184, 0.966325, 0.973274, 0.979647, 0.98516, 0.989657, 0.993104, 0.995573, 0.997215, 0.998214, 0.998748, 0.998949
0.998949, 0.999133, 0.99949, 0.999855, 0.999997, 0.999667, 0.998635, 0.996739, 0.993912, 0.990215, 0.985829, 0.98105, 0.976252, 0.971847, 0.968235, 0.965757, 0.96466
0.96466, 0.963545, 0.960897, 0.956672, 0.95082, 0.943318, 0.934214, 0.923654, 0.911903, 0.899353, 0.886509, 0.873967, 0.862366, 0.852341, 0.844469, 0.839219, 0.836929
0.836929, 0.834624, 0.829227, 0.820823, 0.809542, 0.795595, 0.779301, 0.761101, 0.741564, 0.721376, 0.701319, 0.682229, 0.664948, 0.650274, 0.638904, 0.631391, 0.62813

-0.951813, -0.953092, -0.955991, -0.960248, -0.965503, -0.971327, -0.977273, -0.982924, -0.987941, -0.992092, -0.99527, -0.99749, -0.998873, -0.999608, -0.999914, -0.999994, -1
-1, -0.999988, -0.999892, -0.999562, -0.998796, -0.997376, -0.995114, -0.991891, -0.987694, -0.98263, -0.976934, -0.970947, -0.965087, -0.959802, -0.955522, -0.952608, -0.951323
-0.951323, -0.950021, -0.946939, -0.942054, -0.935341, -0.926815, -0.916564, -0.904779, -0.891774, -0.877986, -0.863968, -0.850354, -0.837819, -0.827026, -0.818574, -0.812949, -0.810497
-0.810497, -0.808031, -0.802262, -0.793295, -0.781286, -0.766479, -0.749232, -0.730027, -0.709473, -0.688297, -0.667315, -0.647393, -0.629397, -0.614141, -0.602336, -0.594544, -0.591163
-0.591163, -0.587772, -0.579875, -0.567694, -0.551551, -0.531899, -0.509327, -0.484561, -0.458449, -0.431936, -0.406023, -0.381722, -0.360008, -0.341768, -0.327754, -0.318549, -0.314566
-0.314566, -0.310579, -0.301318, -0.287104, -0.268392, -0.245796, -0.220085, -0.192158, -0.163019, -0.133737, -0.105401, -0.0790756, -0.0557476, -0.0362892, -0.0214231, -0.0116976, -0.00749968
-0.00749968, -0.00330164, 0.00642521, 0.0212961, 0.0407657, 0.0641148, 0.0904741, 0.118857, 0.148202, 0.177417, 0.205429, 0.23123, 0.253913, 0.272704, 0.286982, 0.296286, 0.300293
0.300293, 0.304295, 0.313546, 0.327633, 0.345974, 0.367816, 0.39227, 0.41836, 0.445068, 0.471386, 0.496362, 0.519138, 0.538978, 0.555283, 0.56759, 0.575571, 0.578999
0.578999, 0.582417, 0.590296, 0.602235, 0.61767, 0.635888, 0.656069, 0.677339, 0.698823, 0.719694, 0.739214, 0.75676, 0.771836, 0.784074, 0.793218, 0.799103, 0.80162
0.80162, 0.804123, 0.809867, 0.818501, 0.829536, 0.842366, 0.856318, 0.870707, 0.884886, 0.89829, 0.910463, 0.921079, 0.92993, 0.936917, 0.942012, 0.945231, 0.946593
0.946593, 0.947938, 0.950991, 0.955485, 0.96105, 0.967249, 0.973621, 0.979736, 0.985237, 0.989873, 0.993521, 0.996178, 0.997948, 0.999006, 0.999558, 0.9998, 0.999875
0.999875, 0.999933, 0.999998, 0.999915, 0.999473, 0.99844, 0.996615, 0.993863, 0.990153, 0.985574, 0.980343, 0.974784, 0.9693, 0.964327, 0.960284, 0.957524, 0.956305
0.956305, 0.95507, 0.952142, 0.947491, 0.941082, 0.932918, 0.923073, 0.911721, 0.899158, 0.885807, 0.872204, 0.858968, 0.846762, 0.83624, 0.827992, 0.822499, 0.820104
0.820104, 0.817694, 0.812056, 0.803288, 0.791534, 0.77703, 0.760118, 0.741265, 0.721068, 0.700238, 0.67958, 0.659949, 0.642203, 0.627151, 0.615498, 0.607803, 0.604464
0.604464, 0.601114, 0.593312, 0.581275, 0.565315, 0.545876, 0.523535, 0.499008, 0.473132, 0.446841, 0.421129, 0.397005, 0.375438, 0.357313, 0.343384, 0.334232, 0.330273
0.330273, 0.326307, 0.317097, 0.302958, 0.284338, 0.261845, 0.23624, 0.208415, 0.179366, 0.150161, 0.121886, 0.0956047, 0.072306, 0.0528652, 0.0380082, 0.0282867, 0.0240901
0.0240901, 0.019893, 0.0101672, -0.00470504, -0.024182, -0.0475482, -0.0739378, -0.102367, -0.131773, -0.161064, -0.189163, -0.215056, -0.23783, -0.256704, -0.271049, -0.280399, -0.284426
-0.284426, -0.288448, -0.297748, -0.311912, -0.330359, -0.352336, -0.376954, -0.403232, -0.430149, -0.456688, -0.48189, -0.504885, -0.524928, -0.541407, -0.553851, -0.561924, -0.565391
-0.565391, -0.568849, -0.576822, -0.588906, -0.604537, -0.622995, -0.643457, -0.665039, -0.686858, -0.708075, -0.727938, -0.745809, -0.76118, -0.773668, -0.783005, -0.789018, -0.791591
-0.791591, -0.794149, -0.800022, -0.808857, -0.820156, -0.833309, -0.847632, -0.862428, -0.877036, -0.890875, -0.903476, -0.914491, -0.923701, -0.930988, -0.936314, -0.939685, -0.941113
-0.941113, -0.942524, -0.94573, -0.950458, -0.956332, -0.962904, -0.969701, -0.976278, -0.98226, -0.987382, -0.991499, -0.994592, -0.996748, -0.998129, -0.998928, -0.999331, -0.999476
-0.999476, -0.999603, -0.99983, -0.999994, -0.999874, -0.999229, -0.997842, -0.995562, -0.992339, -0.988246, -0.983481, -0.978352, -0.973247, -0.968587, -0.964781, -0.962177, -0.961025
-0.961025, -0.959856, -0.957082, -0.952666, -0.946563, -0.938764, -0.929327, -0.918411, -0.906296, -0.893385, -0.8802, -0.867345, -0.855472, -0.845223, -0.837182, -0.831822, -0.829485
-0.829485, -0.827133, -0.821627, -0.813059, -0.801565, -0.787367, -0.770795, -0.7523, -0.732465, -0.711987, -0.691658, -0.672324, -0.654833, -0.639988, -0.62849, -0.620894, -0.617598
-0.617598, -0.614291, -0.606587, -0.594696, -0.578924, -0.559702, -0.537599, -0.513318, -0.487684, -0.461623, -0.43612, -0.412178, -0.390764, -0.372761, -0.35892, -0.349824, -0.345888
-0.345888, -0.341946, -0.332789, -0.318728, -0.300206, -0.277822, -0.25233, -0.224613, -0.195665, -0.166544, -0.138338, -0.112107, -0.0888445, -0.0694266, -0.0545829, -0.0448681, -0.0406738
-0.0406738, -0.0364789, -0.0267569, -0.0118873, 0.00759159, 0.0309685, 0.0573812, 0.0858479, 0.115308, 0.144667, 0.172845, 0.198823, 0.221681, 0.240633, 0.255041, 0.264434, 0.26848
0.26848, 0.272522, 0.281867, 0.296105, 0.314654, 0.33676, 0.361534, 0.387994, 0.415111, 0.441865, 0.467285, 0.490494, 0.510734, 0.527383, 0.53996, 0.548122, 0.551628
0.551628, 0.555125, 0.563189, 0.575416, 0.591237, 0.609931, 0.630667, 0.652557, 0.674705, 0.696262, 0.716462, 0.734654, 0.750315, 0.763049, 0.772577, 0.778716, 0.781343
0.781343, 0.783956, 0.789958, 0.798989, 0.810551, 0.824022, 0.838711, 0.85391, 0.868944, 0.883216, 0.896239, 0.907652, 0.917217, 0.924803, 0.930359, 0.933881, 0.935374
0.935374, 0.93685, 0.940208, 0.945169, 0.951351, 0.958295, 0.965515, 0.972551, 0.979014, 0.984618, 0.989203, 0.992732, 0.995274, 0.996977, 0.998022, 0.998586, 0.998801
0.998801, 0.998997, 0.999386, 0.999796, 1, 0.999743, 0.998794, 0.996986, 0.994252, 0.990647, 0.986349, 0.981651, 0.976925, 0.972579, 0.969013, 0.966564, 0.965479

-0.589923, -0.593307, -0.601109, -0.612928, -0.628202, -0.646221, -0.66617, -0.687181, -0.708389, -0.728976, -0.748214, -0.765491, -0.780326, -0.792359, -0.801344, -0.807125, -0.809596
-0.809596, -0.812053, -0.817691, -0.826162, -0.836979, -0.849545, -0.863193, -0.877249, -0.891077, -0.904124, -0.915949, -0.926237, -0.934797, -0.941538, -0.946444, -0.94954, -0.950848
-0.950848, -0.95214, -0.955068, -0.95937, -0.964684, -0.970578, -0.976605, -0.982344, -0.987452, -0.991695, -0.994961, -0.997264, -0.99872, -0.999515, -0.999868, -0.999979, -0.999997
-0.999997, -0.999998, -0.999933, -0.99965, -0.998945, -0.997598, -0.995418, -0.992284, -0.988178, -0.983206, -0.977597, -0.971691, -0.965902, -0.960676, -0.95644, -0.953556, -0.952283
-0.952283, -0.950993, -0.94794, -0.9431, -0.936444, -0.927986, -0.917811, -0.906108, -0.893185, -0.87948, -0.86554, -0.851997, -0.839524, -0.828782, -0.820368, -0.814767, -0.812326
-0.812326, -0.80987, -0.804126, -0.795197, -0.783235, -0.768485, -0.751301, -0.732162, -0.711675, -0.690564, -0.669642, -0.649775, -0.631825, -0.616608, -0.604832, -0.597057, -0.593684
-0.593684, -0.590301, -0.582421, -0.570268, -0.554159, -0.534546, -0.512017, -0.487296, -0.461229, -0.434757, -0.408881, -0.384612, -0.362926, -0.344707, -0.330709, -0.321514, -0.317536
-0.317536, -0.313552, -0.304301, -0.290101, -0.271405, -0.248829, -0.223137, -0.195229, -0.166106, -0.136837, -0.108513, -0.0821951, -0.058872, -0.0394166, -0.0245519, -0.0148269, -0.0106292
-0.0106292, -0.00643122, 0.00329563, 0.0181671, 0.0376385, 0.0609913, 0.0873569, 0.115749, 0.145107, 0.174336, 0.202366, 0.228184, 0.250885, 0.269692, 0.283983, 0.293296, 0.297307
0.297307, 0.301312, 0.310573, 0.324675, 0.343036, 0.364904, 0.389389, 0.415515, 0.442263, 0.468623, 0.493642, 0.51646, 0.536339, 0.552677, 0.56501, 0.573009, 0.576444
0.576444, 0.57987, 0.587767, 0.599734, 0.615206, 0.63347, 0.653704, 0.675033, 0.696581, 0.717518, 0.737103, 0.75471, 0.769842, 0.782128, 0.791308, 0.797218, 0.799745
0.799745, 0.802258, 0.808027, 0.816699, 0.827785, 0.840675, 0.854698, 0.869164, 0.883424, 0.89691, 0.909164, 0.919856, 0.928775, 0.935818, 0.940957, 0.944205, 0.945579
0.945579, 0.946937, 0.950019, 0.954556, 0.96018, 0.96645, 0.972902, 0.979104, 0.984696, 0.989424, 0.993161, 0.9959, 0.997743, 0.998861, 0.99946, 0.999733, 0.999821
0.999821, 0.999892, 0.999987, 0.999951, 0.999569, 0.99861, 0.996868, 0.994205, 0.990586, 0.986099, 0.980955, 0.975478, 0.970065, 0.965151, 0.961152, 0.958422, 0.957216
0.957216, 0.955992, 0.953093, 0.948487, 0.942136, 0.934041, 0.924272, 0.913002, 0.900524, 0.887255, 0.873731, 0.860566, 0.848423, 0.837952, 0.829743, 0.824275, 0.821891
0.821891, 0.819492, 0.813879, 0.805148, 0.793443, 0.778996, 0.762148, 0.743362, 0.723233, 0.702469, 0.681873, 0.662297, 0.644599, 0.629585, 0.617961, 0.610285, 0.606954
0.606954, 0.603612, 0.595829, 0.583819, 0.567894, 0.548495, 0.526199, 0.501718, 0.475887, 0.449639, 0.423966, 0.399875, 0.378337, 0.360235, 0.346321, 0.33718, 0.333225
0.333225, 0.329264, 0.320064, 0.305939, 0.287337, 0.264865, 0.23928, 0.211474, 0.182444, 0.153254, 0.124992, 0.0987195, 0.075427, 0.0559902, 0.0411354, 0.0314149, 0.0272187
0.0272187, 0.0230219, 0.0132966, -0.00157544, -0.0210531, -0.0444219, -0.0708164, -0.099253, -0.12867, -0.157975, -0.186089, -0.211998, -0.234789, -0.253678, -0.268035, -0.277393, -0.281424
-0.281424, -0.28545, -0.294759, -0.308937, -0.327404, -0.349405, -0.374053, -0.400366, -0.427321, -0.453902, -0.479145, -0.502181, -0.522262, -0.538773, -0.551243, -0.559332, -0.562807
-0.562807, -0.566272, -0.574262, -0.586374, -0.602041, -0.620544, -0.641058, -0.662699, -0.68458, -0.705862, -0.725789, -0.743721, -0.759147, -0.771681, -0.781055, -0.787092, -0.789674
-0.789674, -0.792243, -0.798141, -0.807012, -0.818362, -0.831574, -0.845967, -0.860839, -0.875528, -0.889449, -0.90213, -0.913221, -0.922497, -0.929841, -0.93521, -0.93861, -0.94005
-0.94005, -0.941474, -0.944708, -0.94948, -0.955413, -0.962055, -0.968932, -0.975595, -0.981669, -0.986881, -0.991087, -0.994262, -0.996491, -0.997932, -0.998778, -0.999211, -0.999369
-0.999369, -0.99951, -0.999767, -0.999977, -0.999919, -0.999347, -0.998043, -0.995851, -0.992721, -0.98872, -0.984043, -0.978995, -0.973961, -0.96936, -0.9656, -0.963025, -0.961885
-0.961885, -0.960729, -0.957984, -0.953613, -0.947568, -0.939838, -0.930479, -0.919645, -0.907614, -0.894787, -0.881681, -0.868899, -0.857089, -0.846891, -0.838889, -0.833555, -0.831229
-0.831229, -0.828888, -0.823407, -0.814877, -0.803432, -0.789293, -0.772785, -0.754358, -0.734592, -0.714181, -0.693915, -0.674637, -0.657195, -0.64239, -0.630921, -0.623345, -0.620056
-0.620056, -0.616757, -0.609072, -0.597209, -0.581473, -0.562293, -0.540235, -0.516001, -0.490414, -0.464397, -0.438934, -0.415028, -0.393643, -0.375663, -0.361839, -0.352754, -0.348823
-0.348823, -0.344885, -0.335739, -0.321693, -0.30319, -0.280827, -0.255357, -0.227662, -0.198733, -0.169629, -0.141437, -0.115217, -0.0919613, -0.0725483, -0.0577076, -0.0479943, -0.0438007
-0.0438007, -0.0396062, -0.0298852, -0.0150166, 0.00446203, 0.0278403, 0.0542564, 0.0827294, 0.112199, 0.141569, 0.169761, 0.195755, 0.218628, 0.237594, 0.252013, 0.261414, 0.265464
0.265464, 0.269509, 0.278863, 0.293114, 0.311681, 0.333811, 0.358614, 0.385107, 0.412262, 0.439055, 0.464516, 0.487764, 0.508041, 0.524721, 0.537323, 0.545501, 0.549015
0.549015, 0.552519, 0.5606, 0.572853, 0.58871, 0.607448, 0.628235, 0.650182, 0.672392, 0.694012, 0.714275, 0.732527, 0.748242, 0.761023, 0.770586, 0.776749, 0.779386
0.779386, 0.782009, 0.788035, 0.797103, 0.808714, 0.822245, 0.837003, 0.852278, 0.867391, 0.881744, 0.894847, 0.906334, 0.915966, 0.923608, 0.929207, 0.932757, 0.934263

-0.00283366, -0.00703171, -0.0167579, -0.0316259, -0.0510881, -0.0744233, -0.10076, -0.129111, -0.158414, -0.187577, -0.215531, -0.241271, -0.263894, -0.282631, -0.296866, -0.30614, -0.310134
-0.310134, -0.314122, -0.323342, -0.337379, -0.355651, -0.377405, -0.401754, -0.427723, -0.454298, -0.480474, -0.505305, -0.527942, -0.547653, -0.563847, -0.576067, -0.58399, -0.587393
-0.587393, -0.590785, -0.598605, -0.610452, -0.625764, -0.643829, -0.663832, -0.684904, -0.706177, -0.72683, -0.746134, -0.763474, -0.778365, -0.790446, -0.799468, -0.805273, -0.807755
-0.807755, -0.810223, -0.815885, -0.824394, -0.835263, -0.84789, -0.861609, -0.875743, -0.889653, -0.902782, -0.914688, -0.925053, -0.933681, -0.940479, -0.945429, -0.948554, -0.949874
-0.949874, -0.951178, -0.954135, -0.958482, -0.963855, -0.96982, -0.975927, -0.981753, -0.986953, -0.991287, -0.994642, -0.997028, -0.998556, -0.999413, -0.999812, -0.999953, -0.999985
-0.999985, -0.999999, -0.999964, -0.999728, -0.999084, -0.99781, -0.995712, -0.992667, -0.988653, -0.983772, -0.978251, -0.972426, -0.966708, -0.96154, -0.957349, -0.954494, -0.953233
-0.953233, -0.951956, -0.948932, -0.944136, -0.937537, -0.929148, -0.919049, -0.907427, -0.894588, -0.880965, -0.867103, -0.853631, -0.84122, -0.830529, -0.822154, -0.816578, -0.814147
-0.814147, -0.811702, -0.805983, -0.79709, -0.785177, -0.770484, -0.753363, -0.73429, -0.71387, -0.692824, -0.671963, -0.65215, -0.634248, -0.619069, -0.607321, -0.599565, -0.5962
-0.5962, -0.592824, -0.584963, -0.572836, -0.556762, -0.537189, -0.514703, -0.490027, -0.464003, -0.437573, -0.411735, -0.387499, -0.36584, -0.347643, -0.333661, -0.324475, -0.320502
-0.320502, -0.316522, -0.307281, -0.293094, -0.274416, -0.251859, -0.226187, -0.198297, -0.169191, -0.139937, -0.111624, -0.0853137, -0.0619959, -0.0425436, -0.0276805, -0.0179561, -0.0137586
-0.0137586, -0.00956074, 0.000166015, 0.0150379, 0.0345109, 0.0578672, 0.0842388, 0.11264, 0.142009, 0.171254, 0.1993, 0.225136, 0.247854, 0.266677, 0.280981, 0.290302, 0.294317
0.294317, 0.298327, 0.307596, 0.321713, 0.340095, 0.361988, 0.386505, 0.412667, 0.439454, 0.465856, 0.490918, 0.513778, 0.533695, 0.550066, 0.562425, 0.570441, 0.573884
0.573884, 0.577317, 0.585232, 0.597226, 0.612736, 0.631045, 0.651332, 0.672721, 0.694332, 0.715334, 0.734984, 0.752653, 0.767841, 0.780174, 0.789391, 0.795325, 0.797862
0.797862, 0.800386, 0.806179, 0.814889, 0.826025, 0.838976, 0.853069, 0.867612, 0.881954, 0.895522, 0.907857, 0.918623, 0.92761, 0.93471, 0.939893, 0.94317, 0.944556
0.944556, 0.945927, 0.949037, 0.953619, 0.959301, 0.965641, 0.972174, 0.978463, 0.984146, 0.988965, 0.99279, 0.995612, 0.997528, 0.998707, 0.999353, 0.999655, 0.999757
0.999757, 0.999841, 0.999967, 0.999977, 0.999656, 0.99877, 0.99711, 0.994536, 0.991009, 0.986614, 0.981558, 0.976162, 0.97082, 0.965965, 0.962011, 0.95931, 0.958117
0.958117, 0.956906, 0.954036, 0.949474, 0.94318, 0.935154, 0.925462, 0.914274, 0.90188, 0.888695, 0.875249, 0.862156, 0.850075, 0.839656, 0.831486, 0.826043, 0.823669
0.823669, 0.821281, 0.815693, 0.807, 0.795344, 0.780955, 0.76417, 0.745452, 0.725391, 0.704693, 0.684159, 0.664639, 0.646989, 0.632014, 0.620419, 0.612761, 0.609438
0.609438, 0.606104, 0.598339, 0.586357, 0.570467, 0.551109, 0.528858, 0.504422, 0.478637, 0.452432, 0.426798, 0.402742, 0.381232, 0.363152, 0.349256, 0.340125, 0.336174
0.336174, 0.332217, 0.323027, 0.308917, 0.290333, 0.267881, 0.242318, 0.214532, 0.185521, 0.156346, 0.128096, 0.101833, 0.0785474, 0.0591146, 0.0442622, 0.0345429, 0.030347
0.030347, 0.0261506, 0.0164259, 0.00155418, -0.0179241, -0.0412951, -0.0676943, -0.0961384, -0.125566, -0.154884, -0.183013, -0.208939, -0.231745, -0.250649, -0.265019, -0.274385, -0.27842
-0.27842, -0.282449, -0.291767, -0.305959, -0.324445, -0.346471, -0.371149, -0.397497, -0.42449, -0.451111, -0.476396, -0.499473, -0.519591, -0.536134, -0.548629, -0.556735, -0.560218
-0.560218, -0.56369, -0.571698, -0.583836, -0.599539, -0.618087, -0.638653, -0.660352, -0.682296, -0.703642, -0.723632, -0.741625, -0.757106, -0.769687, -0.779097, -0.785157, -0.78775
-0.78775, -0.790329, -0.796251, -0.80516, -0.816559, -0.829832, -0.844294, -0.859243, -0.874012, -0.888015, -0.900775, -0.911941, -0.921285, -0.928685, -0.934098, -0.937526, -0.938978
-0.938978, -0.940414, -0.943677, -0.948493, -0.954484, -0.961196, -0.968153, -0.974903, -0.981067, -0.986371, -0.990665, -0.993922, -0.996224, -0.997726, -0.998618, -0.999082, -0.999253
-0.999253, -0.999407, -0.999694, -0.999951, -0.999954, -0.999455, -0.998233, -0.996131, -0.993093, -0.989184, -0.984595, -0.979628, -0.974666, -0.970124, -0.966409, -0.963863, -0.962736
-0.962736, -0.961592, -0.958877, -0.95455, -0.948564, -0.940903, -0.931621, -0.92087, -0.908923, -0.89618, -0.883153, -0.870444, -0.858697, -0.848552, -0.840589, -0.83528, -0.832965
-0.832965, -0.830634, -0.825179, -0.816687, -0.805292, -0.79121, -0.774767, -0.756409, -0.736712, -0.716368, -0.696165, -0.676944, -0.659551, -0.644785, -0.633346, -0.625789, -0.622509
-0.622509, -0.619218, -0.611551, -0.599717, -0.584016, -0.564878, -0.542866, -0.518679, -0.493139, -0.467166, -0.441744, -0.417873, -0.396518, -0.378562, -0.364755, -0.355681, -0.351754
-0.351754, -0.347821, -0.338685, -0.324655, -0.30617, -0.28383, -0.258382, -0.230708, -0.201799, -0.172713, -0.144534, -0.118325, -0.0950772, -0.0756694, -0.0608317, -0.0511201, -0.0469271
-0.0469271, -0.0427332, -0.0330133, -0.0181458, 0.00133243, 0.0247117, 0.0511311, 0.0796101, 0.109088, 0.138471, 0.166676, 0.192684, 0.215573, 0.234553, 0.248984, 0.258392, 0.262446
0.262446, 0.266494, 0.275857, 0.290121, 0.308706, 0.33086, 0.355691, 0.382217, 0.409409, 0.436241, 0.461742, 0.48503, 0.505343, 0.522055, 0.534681, 0.542876, 0.546397

0.585337, 0.581928, 0.573991, 0.561749, 0.545528, 0.525785, 0.503114, 0.478247, 0.452035, 0.425428, 0.399429, 0.375053, 0.353278, 0.334989, 0.320939, 0.311712, 0.30772
0.30772, 0.303723, 0.294441, 0.280196, 0.261445, 0.238807, 0.213053, 0.185084, 0.155907, 0.126594, 0.098235, 0.0718924, 0.0485536, 0.0290893, 0.0142205, 0.00449403, 0.000295952
0.000295952, -0.00390214, -0.0136286, -0.0284977, -0.0479624, -0.071302, -0.097646, -0.126007, -0.155323, -0.184502, -0.212474, -0.238232, -0.260874, -0.279628, -0.293876, -0.303159, -0.307157
-0.307157, -0.311149, -0.320379, -0.334431, -0.352724, -0.374505, -0.398886, -0.424892, -0.451507, -0.477727, -0.502602, -0.525281, -0.545032, -0.561259, -0.573506, -0.581447, -0.584857
-0.584857, -0.588257, -0.596095, -0.60797, -0.62332, -0.641431, -0.661488, -0.682621, -0.703957, -0.724677, -0.744046, -0.761449, -0.776396, -0.788525, -0.797584, -0.803413, -0.805906
-0.805906, -0.808384, -0.814072, -0.822619, -0.833538, -0.846226, -0.860016, -0.874228, -0.888219, -0.901432, -0.913419, -0.92386, -0.932555, -0.939411, -0.944405, -0.947558, -0.948891
-0.948891, -0.950208, -0.953194, -0.957585, -0.963016, -0.969052, -0.97524, -0.981153, -0.986444, -0.99087, -0.994314, -0.996782, -0.998383, -0.999301, -0.999746, -0.999918, -0.999963
-0.999963, -0.99999, -0.999986, -0.999796, -0.999213, -0.998012, -0.995997, -0.993041, -0.989118, -0.984329, -0.978896, -0.973151, -0.967504, -0.962395, -0.958249, -0.955422, -0.954174
-0.954174, -0.95291, -0.949915, -0.945162, -0.938621, -0.9303, -0.920278, -0.908738, -0.895982, -0.882442, -0.868658, -0.855257, -0.842908, -0.832268, -0.823931, -0.81838, -0.81596
-0.81596, -0.813526, -0.807831, -0.798976, -0.787111, -0.772475, -0.755417, -0.736411, -0.716058, -0.695077, -0.674278, -0.65452, -0.636665, -0.621524, -0.609804, -0.602066, -0.598709
-0.598709, -0.595341, -0.587498, -0.575398, -0.559359, -0.539826, -0.517384, -0.492752, -0.466773, -0.440385, -0.414585, -0.390383, -0.368751, -0.350576, -0.336609, -0.327434, -0.323465
-0.323465, -0.319489, -0.310257, -0.296085, -0.277424, -0.254886, -0.229234, -0.201364, -0.172275, -0.143035, -0.114733, -0.0884315, -0.0651192, -0.0456702, -0.0308087, -0.0210851, -0.0168878
-0.0168878, -0.0126902, -0.0029636, 0.0119086, 0.031383, 0.0547425, 0.0811199, 0.10953, 0.138911, 0.16817, 0.196232, 0.222085, 0.244821, 0.263659, 0.277976, 0.287306, 0.291325
0.291325, 0.295338, 0.304617, 0.318749, 0.33715, 0.359069, 0.383616, 0.409814, 0.436641, 0.463085, 0.488189, 0.51109, 0.531046, 0.54745, 0.559835, 0.567868, 0.571318
0.571318, 0.574759, 0.582691, 0.594713, 0.610259, 0.628614, 0.648954, 0.670402, 0.692076, 0.713144, 0.732858, 0.750589, 0.765832, 0.778212, 0.787466, 0.793424, 0.795972
0.795972, 0.798506, 0.804324, 0.813072, 0.824257, 0.837269, 0.851432, 0.866052, 0.880474, 0.894125, 0.90654, 0.917382, 0.926437, 0.933594, 0.938819, 0.942125, 0.943524
0.943524, 0.944907, 0.948046, 0.952672, 0.958413, 0.964823, 0.971436, 0.977812, 0.983586, 0.988497, 0.99241, 0.995314, 0.997303, 0.998543, 0.999235, 0.999568, 0.999683
0.999683, 0.99978, 0.999937, 0.999993, 0.999733, 0.99892, 0.997343, 0.994858, 0.991423, 0.987119, 0.982152, 0.976836, 0.971566, 0.96677, 0.962861, 0.960189, 0.959008
0.959008, 0.95781, 0.954969, 0.950451, 0.944216, 0.936258, 0.926643, 0.915538, 0.903227, 0.890125, 0.876758, 0.863738, 0.851719, 0.841351, 0.83322, 0.827803, 0.82544
0.82544, 0.823063, 0.8175, 0.808844, 0.797237, 0.782906, 0.766185, 0.747535, 0.727541, 0.70691, 0.686438, 0.666974, 0.649372, 0.634436, 0.62287, 0.615231, 0.611916
0.611916, 0.608591, 0.600844, 0.588889, 0.573035, 0.553718, 0.531511, 0.507122, 0.481382, 0.455221, 0.429626, 0.405604, 0.384123, 0.366067, 0.352187, 0.343066, 0.33912
0.33912, 0.335168, 0.325988, 0.311892, 0.293326, 0.270895, 0.245353, 0.217588, 0.188595, 0.159437, 0.1312, 0.104946, 0.0816669, 0.0622385, 0.0473885, 0.0376704, 0.033475
0.033475, 0.029279, 0.019555, 0.00468378, -0.0147949, -0.038168, -0.0645715, -0.0930228, -0.122461, -0.151791, -0.179936, -0.205877, -0.2287, -0.247618, -0.262, -0.271374, -0.275412
-0.275412, -0.279446, -0.288772, -0.302978, -0.321483, -0.343534, -0.368241, -0.394623, -0.421654, -0.448316, -0.473642, -0.496759, -0.516914, -0.53349, -0.54601, -0.554133, -0.557622
-0.557622, -0.561102, -0.569127, -0.581292, -0.597031, -0.615624, -0.636241, -0.657998, -0.680004, -0.701414, -0.721469, -0.739522, -0.755058, -0.767685, -0.777131, -0.783215, -0.785819
-0.785819, -0.788408, -0.794354, -0.8033, -0.814749, -0.828082, -0.842613, -0.857637, -0.872487, -0.886571, -0.899411, -0.910652, -0.920063, -0.92752, -0.932976, -0.936433, -0.937897
-0.937897, -0.939345, -0.942637, -0.947497, -0.953546, -0.960328, -0.967365, -0.974202, -0.980457, -0.985851, -0.990233, -0.993573, -0.995948, -0.997511, -0.998449, -0.998943, -0.999127
-0.999127, -0.999294, -0.999612, -0.999916, -0.999979, -0.999554, -0.998414, -0.996401, -0.993455, -0.989638, -0.985137, -0.980252, -0.975361, -0.970879, -0.967208, -0.964692, -0.963578
-0.963578, -0.962447, -0.959761, -0.955478, -0.94955, -0.941958, -0.932753, -0.922085, -0.910224, -0.897564, -0.884617, -0.87198, -0.860296, -0.850203, -0.84228, -0.836997, -0.834692
-0.834692, -0.832373, -0.826943, -0.818489, -0.807143, -0.79312, -0.776742, -0.758452, -0.738824, -0.718548, -0.698409, -0.679244, -0.6619, -0.647174, -0.635765, -0.628227, -0.624955
-0.624955, -0.621672, -0.614024, -0.602218, -0.586554, -0.567458, -0.545492, -0.521353, -0.495859, -0.469931, -0.44455, -0.420714, -0.399389, -0.381456, -0.367667, -0.358604, -0.354682
-0.354682, -0.350754, -0.341628, -0.327613, -0.309148, -0.286829, -0.261404, -0.233752, -0.204863, -0.175794, -0.14763, -0.121432, -0.0981922, -0.0787896, -0.0639552, -0.0542454, -0.050053

0.950059, 0.948741, 0.945622, 0.94068, 0.933892, 0.925278, 0.914927, 0.903037, 0.889923, 0.876028, 0.861909, 0.848203, 0.835588, 0.824729, 0.816227, 0.810569, 0.808104
0.808104, 0.805624, 0.799823, 0.790808, 0.778736, 0.763856, 0.746528, 0.727236, 0.706596, 0.685336, 0.664275, 0.644282, 0.626225, 0.610921, 0.599079, 0.591263, 0.587872
0.587872, 0.584471, 0.576551, 0.564336, 0.548148, 0.528444, 0.505816, 0.480993, 0.454825, 0.428258, 0.402296, 0.377953, 0.356204, 0.337936, 0.323902, 0.314684, 0.310696
0.310696, 0.306703, 0.297431, 0.283199, 0.264465, 0.241845, 0.216109, 0.188158, 0.158998, 0.129698, 0.101349, 0.0750136, 0.0516793, 0.0322175, 0.0173497, 0.0076236, 0.00342556
0.00342556, -0.000772526, -0.0104992, -0.0253692, -0.0448361, -0.06818, -0.0945308, -0.122902, -0.15223, -0.181425, -0.209415, -0.235192, -0.257851, -0.276622, -0.290883, -0.300175, -0.304177
-0.304177, -0.308174, -0.317412, -0.33148, -0.349794, -0.371601, -0.396014, -0.422057, -0.448713, -0.474975, -0.499894, -0.522616, -0.542405, -0.558666, -0.570939, -0.578898, -0.582316
-0.582316, -0.585724, -0.59358, -0.605482, -0.620869, -0.639027, -0.659138, -0.68033, -0.701731, -0.722517, -0.741952, -0.759417, -0.77442, -0.786596, -0.795692, -0.801546, -0.804049
-0.804049, -0.806538, -0.81225, -0.820835, -0.831805, -0.844555, -0.858415, -0.872704, -0.886777, -0.900072, -0.912141, -0.922657, -0.931421, -0.938333, -0.943371, -0.946553, -0.947899
-0.947899, -0.949228, -0.952243, -0.956679, -0.962168, -0.968275, -0.974543, -0.980544, -0.985926, -0.990443, -0.993976, -0.996526, -0.998201, -0.999179, -0.999671, -0.999873, -0.999931
-0.999931, -0.999972, -0.999998, -0.999854, -0.999332, -0.998204, -0.996272, -0.993404, -0.989574, -0.984876, -0.979531, -0.973867, -0.968291, -0.963241, -0.959139, -0.956342, -0.955106
-0.955106, -0.953854, -0.950888, -0.94618, -0.939696, -0.931443, -0.921498, -0.91004, -0.897368, -0.883909, -0.870204, -0.856875, -0.844588, -0.833999, -0.825701, -0.820175, -0.817766
-0.817766, -0.815342, -0.809672, -0.800855, -0.789038, -0.774459, -0.757464, -0.738525, -0.718239, -0.697324, -0.676586, -0.656883, -0.639075, -0.623972, -0.612282, -0.604562, -0.601213
-0.601213, -0.597853, -0.590028, -0.577955, -0.56195, -0.542458, -0.520059, -0.495473, -0.469539, -0.443193, -0.417431, -0.393262, -0.371659, -0.353505, -0.339555, -0.33039, -0.326424
-0.326424, -0.322453, -0.313231, -0.299073, -0.280429, -0.257911, -0.232279, -0.204428, -0.175357, -0.146132, -0.117842, -0.0915484, -0.0682419, -0.0487963, -0.0339367, -0.024214, -0.0200169
-0.0200169, -0.0158195, -0.00609319, 0.00877912, 0.0282547, 0.0516174, 0.0780002, 0.106419, 0.135811, 0.165084, 0.193162, 0.219033, 0.241785, 0.260639, 0.274968, 0.284307, 0.288329
0.288329, 0.292347, 0.301635, 0.315781, 0.334202, 0.356146, 0.380724, 0.406957, 0.433823, 0.460309, 0.485455, 0.508398, 0.528392, 0.544828, 0.557239, 0.565289, 0.568747
0.568747, 0.572195, 0.580145, 0.592194, 0.607777, 0.626177, 0.64657, 0.668076, 0.689814, 0.710946, 0.730725, 0.748517, 0.763816, 0.776243, 0.785533, 0.791515, 0.794074
0.794074, 0.796618, 0.80246, 0.811246, 0.822481, 0.835554, 0.849786, 0.864483, 0.878986, 0.892719, 0.905214, 0.916132, 0.925254, 0.932468, 0.937737, 0.941071, 0.942483
0.942483, 0.943878, 0.947046, 0.951716, 0.957515, 0.963996, 0.970689, 0.977152, 0.983016, 0.988019, 0.992021, 0.995007, 0.997068, 0.99837, 0.999108, 0.999472, 0.999599
0.999599, 0.999709, 0.999896, 1, 0.999801, 0.999061, 0.997566, 0.99517, 0.991827, 0.987615, 0.982736, 0.977501, 0.972302, 0.967565, 0.963701, 0.961059, 0.95989
0.95989, 0.958705, 0.955893, 0.951419, 0.945242, 0.937353, 0.927815, 0.916792, 0.904566, 0.891547, 0.878259, 0.86531, 0.853355, 0.843039, 0.834947, 0.829554, 0.827203
0.827203, 0.824836, 0.819298, 0.81068, 0.799123, 0.784849, 0.768193, 0.74961, 0.729685, 0.70912, 0.68871, 0.669302, 0.651749, 0.636852, 0.625316, 0.617696, 0.614389
0.614389, 0.611071, 0.603343, 0.591416, 0.575597, 0.556321, 0.534159, 0.509817, 0.484123, 0.458005, 0.43245, 0.408463, 0.387011, 0.368977, 0.355114, 0.346004, 0.342062
0.342062, 0.338115, 0.328945, 0.314864, 0.296317, 0.273906, 0.248385, 0.220641, 0.191668, 0.162525, 0.134302, 0.108058, 0.0847857, 0.0653617, 0.0505144, 0.0407977, 0.0366027
0.0366027, 0.0324071, 0.0226839, 0.00781334, -0.0116656, -0.0350405, -0.0614481, -0.0899063, -0.119354, -0.148697, -0.176856, -0.202814, -0.225652, -0.244585, -0.258978, -0.268361, -0.272403
-0.272403, -0.276439, -0.285774, -0.299994, -0.318518, -0.340593, -0.36533, -0.391745, -0.418814, -0.445516, -0.470883, -0.49404, -0.514232, -0.53084, -0.543385, -0.551525, -0.555022
-0.555022, -0.558509, -0.566551, -0.578743, -0.594518, -0.613154, -0.633824, -0.655638, -0.677706, -0.69918, -0.719298, -0.737412, -0.753002, -0.765676, -0.775157, -0.781266, -0.783879
-0.783879, -0.786479, -0.792449, -0.801433, -0.81293, -0.826323, -0.840923, -0.856024, -0.870953, -0.885119, -0.898039, -0.909355, -0.918833, -0.926345, -0.931845, -0.93533, -0.936807
-0.936807, -0.938267, -0.941588, -0.946492, -0.952598, -0.959451, -0.966567, -0.973491, -0.979836, -0.985322, -0.989792, -0.993214, -0.995662, -0.997285, -0.99827, -0.998795, -0.998992
-0.998992, -0.999171, -0.99952, -0.99987, -0.999994, -0.999642, -0.998586, -0.996662, -0.993808, -0.990082, -0.98567, -0.980866, -0.976046, -0.971624, -0.967998, -0.965512, -0.96441
-0.96441, -0.963292, -0.960635, -0.956397, -0.950527, -0.943004, -0.933877, -0.923292, -0.911515, -0.898939, -0.886072, -0.873508, -0.861888, -0.851847, -0.843963, -0.838705, -0.836412
-0.836412, -0.834103, -0.828699, -0.820283, -0.808987, -0.795023, -0.778709, -0.760488, -0.74093, -0.720721, -0.700645, -0.681538, -0.664243, -0.649557, -0.638177, -0.630659, -0.627395

0.952102, 0.953377, 0.956267, 0.960512, 0.965749, 0.971551, 0.977473, 0.983098, 0.988087, 0.99221, 0.995361, 0.997557, 0.998917, 0.999634, 0.999926, 0.999997, 0.999998
0.999998, 0.999982, 0.999877, 0.999534, 0.998749, 0.997307, 0.99502, 0.991771, 0.987545, 0.982454, 0.976732, 0.970721, 0.964839, 0.959537, 0.955243, 0.95232, 0.951031
0.951031, 0.949725, 0.946635, 0.941737, 0.935007, 0.92646, 0.916186, 0.904377, 0.891346, 0.877533, 0.863492, 0.849857, 0.837303, 0.826495, 0.818031, 0.812398, 0.809943
0.809943, 0.807474, 0.801698, 0.79272, 0.780696, 0.765872, 0.748606, 0.729381, 0.708807, 0.687611, 0.666611, 0.646672, 0.628662, 0.613395, 0.601582, 0.593784, 0.590401
0.590401, 0.587007, 0.579105, 0.566916, 0.550763, 0.531099, 0.508513, 0.483734, 0.45761, 0.431084, 0.405159, 0.380848, 0.359127, 0.34088, 0.326861, 0.317653, 0.31367
0.31367, 0.309681, 0.300417, 0.286199, 0.267482, 0.244881, 0.219164, 0.191231, 0.162087, 0.1328, 0.104462, 0.078134, 0.0548044, 0.0353453, 0.0204788, 0.0107531, 0.00655514
0.00655514, 0.00235709, -0.00736974, -0.0222404, -0.0417094, -0.0650574, -0.0914148, -0.119795, -0.149136, -0.178347, -0.206354, -0.232149, -0.254826, -0.273613, -0.287887, -0.297188, -0.301194
-0.301194, -0.305195, -0.314443, -0.328526, -0.34686, -0.368694, -0.393139, -0.419218, -0.445914, -0.472219, -0.497181, -0.519945, -0.539774, -0.556068, -0.568367, -0.576343, -0.579769
-0.579769, -0.583184, -0.591058, -0.602989, -0.618413, -0.636617, -0.656781, -0.678033, -0.699498, -0.720349, -0.73985, -0.757377, -0.772436, -0.78466, -0.793793, -0.799671, -0.802184
-0.802184, -0.804684, -0.810421, -0.819044, -0.830063, -0.842875, -0.856806, -0.871172, -0.885326, -0.898704, -0.910853, -0.921446, -0.930277, -0.937246, -0.942328, -0.945539, -0.946897
-0.946897, -0.948239, -0.951283, -0.955763, -0.961311, -0.967488, -0.973836, -0.979925, -0.985398, -0.990007, -0.993628, -0.99626, -0.998008, -0.999048, -0.999586, -0.999819, -0.99989
-0.99989, -0.999943, -1, -0.999903, -0.999441, -0.998387, -0.996537, -0.993758, -0.99002, -0.985413, -0.980156, -0.974573, -0.969068, -0.964077, -0.96002, -0.957252, -0.956029
-0.956029, -0.954789, -0.951852, -0.947188, -0.940762, -0.932578, -0.922709, -0.911332, -0.898745, -0.885369, -0.871742, -0.858484, -0.846259, -0.835721, -0.827462, -0.821961, -0.819563
-0.819563, -0.81715, -0.811505, -0.802725, -0.790957, -0.776435, -0.759504, -0.740631, -0.720413, -0.699564, -0.678887, -0.659239, -0.641479, -0.626415, -0.614753, -0.607052, -0.603711
-0.603711, -0.600359, -0.592552, -0.580506, -0.564536, -0.545084, -0.52273, -0.498189, -0.4723, -0.445996, -0.420272, -0.396138, -0.374562, -0.356431, -0.342497, -0.333342, -0.329381
-0.329381, -0.325414, -0.316201, -0.302058, -0.283432, -0.260934, -0.235322, -0.207491, -0.178437, -0.149227, -0.120949, -0.0946644, -0.0713639, -0.0519219, -0.0370644, -0.0273425, -0.0231458
-0.0231458, -0.0189486, -0.00922271, 0.00564959, 0.0251262, 0.0484917, 0.0748797, 0.103306, 0.132709, 0.161996, 0.190091, 0.215978, 0.238747, 0.257617, 0.271958, 0.281305, 0.285331
0.285331, 0.289352, 0.298649, 0.31281, 0.331251, 0.35322, 0.377829, 0.404097, 0.431001, 0.457528, 0.482717, 0.5057, 0.525732, 0.542201, 0.554637, 0.562705, 0.56617
0.56617, 0.569626, 0.577593, 0.58967, 0.605289, 0.623734, 0.644179, 0.665744, 0.687545, 0.708742, 0.728585, 0.746438, 0.761792, 0.774266, 0.783592, 0.789598, 0.792167
0.792167, 0.794722, 0.800589, 0.809412, 0.820696, 0.83383, 0.848132, 0.862905, 0.877489, 0.891304, 0.90388, 0.914873, 0.924062, 0.931332, 0.936645, 0.940008, 0.941432
0.941432, 0.942839, 0.946036, 0.950751, 0.956608, 0.963159, 0.969932, 0.976482, 0.982437, 0.987531, 0.991621, 0.99469, 0.996824, 0.998186, 0.998971, 0.999365, 0.999506
0.999506, 0.999629, 0.999847, 0.999996, 0.999858, 0.999192, 0.997779, 0.995472, 0.992222, 0.988101, 0.98331, 0.978156, 0.973029, 0.968351, 0.964532, 0.961919, 0.960763
0.960763, 0.95959, 0.956808, 0.952378, 0.946258, 0.938439, 0.928978, 0.918037, 0.905896, 0.89296, 0.879751, 0.866875, 0.854983, 0.844718, 0.836665, 0.831298, 0.828957
0.828957, 0.826602, 0.821089, 0.812509, 0.801, 0.786784, 0.770192, 0.751677, 0.731821, 0.711323, 0.690976, 0.671624, 0.654119, 0.639262, 0.627755, 0.620154, 0.616855
0.616855, 0.613545, 0.605835, 0.593936, 0.578153, 0.558919, 0.536803, 0.512507, 0.486859, 0.460785, 0.43527, 0.411318, 0.389895, 0.371884, 0.358038, 0.348939, 0.345002
0.345002, 0.341058, 0.331899, 0.317833, 0.299305, 0.276915, 0.251416, 0.223693, 0.194738, 0.165613, 0.137402, 0.111169, 0.0879036, 0.0684843, 0.0536397, 0.0439245, 0.03973
0.03973, 0.0355349, 0.0258126, 0.0109428, -0.00853612, -0.0319126, -0.0583241, -0.0867889, -0.116246, -0.145601, -0.173775, -0.199748, -0.222602, -0.241549, -0.255954, -0.265345, -0.26939
-0.26939, -0.27343, -0.282774, -0.297007, -0.31555, -0.337649, -0.362415, -0.388864, -0.41597, -0.442712, -0.46812, -0.491317, -0.511546, -0.528185, -0.540755, -0.548911, -0.552416
-0.552416, -0.55591, -0.563969, -0.576188, -0.591998, -0.610679, -0.6314, -0.653272, -0.675402, -0.696939, -0.71712, -0.735294, -0.750939, -0.763659, -0.773176, -0.779308, -0.781932
-0.781932, -0.784542, -0.790536, -0.799557, -0.811103, -0.824557, -0.839225, -0.854402, -0.869411, -0.883659, -0.896658, -0.908048, -0.917593, -0.925162, -0.930705, -0.934218, -0.935708
-0.935708, -0.93718, -0.940529, -0.945477, -0.951642, -0.958564, -0.96576, -0.97277, -0.979206, -0.984783, -0.989341, -0.992845, -0.995365, -0.99705, -0.998081, -0.998636, -0.998846
-0.998846, -0.999039, -0.999418, -0.999815, -1, -0.999721, -0.998747, -0.996912, -0.994151, -0.990517, -0.986193, -0.981471, -0.976723, -0.972359, -0.968779, -0.966322, -0.965233

0.590685, 0.594068, 0.601864, 0.613674, 0.628937, 0.646941, 0.666874, 0.687867, 0.709055, 0.729622, 0.74884, 0.766099, 0.780916, 0.792935, 0.801909, 0.807682, 0.81015
0.81015, 0.812604, 0.818234, 0.826693, 0.837496, 0.850043, 0.86367, 0.877703, 0.891506, 0.904527, 0.916327, 0.926593, 0.935132, 0.941856, 0.946749, 0.949836, 0.95114
0.95114, 0.952428, 0.955347, 0.959636, 0.964932, 0.970805, 0.976807, 0.98252, 0.987601, 0.991816, 0.995055, 0.997333, 0.998767, 0.999544, 0.999883, 0.999984, 0.999999
0.999999, 0.999996, 0.999921, 0.999624, 0.998901, 0.997532, 0.995327, 0.992166, 0.988033, 0.983033, 0.977398, 0.971468, 0.965657, 0.960413, 0.956164, 0.953271, 0.951994
0.951994, 0.9507, 0.947639, 0.942785, 0.936112, 0.927634, 0.917436, 0.905708, 0.89276, 0.87903, 0.865066, 0.851502, 0.83901, 0.828253, 0.819828, 0.814219, 0.811775
0.811775, 0.809316, 0.803565, 0.794624, 0.782648, 0.767881, 0.750678, 0.731518, 0.711011, 0.68988, 0.668941, 0.649056, 0.631093, 0.615864, 0.604079, 0.596299, 0.592924
0.592924, 0.589538, 0.581653, 0.569492, 0.553373, 0.533748, 0.511206, 0.486471, 0.46039, 0.433906, 0.408018, 0.38374, 0.362046, 0.34382, 0.329817, 0.320619, 0.31664
0.31664, 0.312655, 0.303401, 0.289196, 0.270496, 0.247914, 0.222216, 0.194302, 0.165174, 0.135902, 0.107574, 0.0812537, 0.0579291, 0.0384728, 0.0236076, 0.0138825, 0.00968466
0.00968466, 0.00548669, -0.00424018, -0.0191115, -0.0385823, -0.0619341, -0.0882978, -0.116688, -0.146041, -0.175266, -0.203291, -0.229104, -0.251799, -0.270601, -0.284889, -0.294199, -0.298208
-0.298208, -0.302213, -0.311471, -0.325568, -0.343923, -0.365783, -0.390259, -0.416374, -0.44311, -0.469458, -0.494463, -0.517269, -0.537136, -0.553464, -0.565789, -0.573783, -0.577216
-0.577216, -0.580639, -0.588531, -0.600489, -0.61595, -0.6342, -0.654418, -0.67573, -0.697258, -0.718175, -0.737741, -0.755329, -0.770445, -0.782716, -0.791885, -0.797788, -0.800312
-0.800312, -0.802822, -0.808583, -0.817244, -0.828314, -0.841187, -0.855188, -0.869631, -0.883867, -0.897327, -0.909557, -0.920226, -0.929125, -0.936151, -0.941276, -0.944516, -0.945886
-0.945886, -0.94724, -0.950313, -0.954838, -0.960444, -0.966692, -0.97312, -0.979296, -0.98486, -0.989561, -0.99327, -0.995985, -0.997806, -0.998906, -0.999491, -0.999754, -0.999838
-0.999838, -0.999905, -0.999992, -0.999942, -0.999541, -0.99856, -0.996792, -0.994103, -0.990456, -0.985941, -0.980771, -0.975269, -0.969835, -0.964903, -0.960891, -0.958152, -0.956942
-0.956942, -0.955715, -0.952807, -0.948187, -0.941819, -0.933703, -0.923911, -0.912616, -0.900112, -0.886819, -0.873271, -0.860085, -0.847923, -0.837436, -0.829215, -0.82374, -0.821352
-0.821352, -0.81895, -0.81333, -0.804587, -0.792868, -0.778404, -0.761536, -0.74273, -0.72258, -0.701797, -0.681181, -0.661589, -0.643877, -0.628851, -0.617218, -0.609536, -0.606203
-0.606203, -0.602859, -0.59507, -0.583052, -0.567117, -0.547705, -0.525395, -0.5009, -0.475056, -0.448795, -0.42311, -0.399009, -0.377462, -0.359353, -0.345435, -0.336291, -0.332334
-0.332334, -0.328372, -0.319169, -0.30504, -0.286432, -0.263954, -0.238363, -0.210551, -0.181516, -0.152321, -0.124055, -0.0977795, -0.0744851, -0.0550471, -0.0401916, -0.0304708, -0.0262744
-0.0262744, -0.0220776, -0.0123521, 0.00251999, 0.0219975, 0.0453655, 0.0717586, 0.100193, 0.129607, 0.158907, 0.187017, 0.212921, 0.235707, 0.254591, 0.268945, 0.278301, 0.28233
0.28233, 0.286355, 0.295661, 0.309835, 0.328296, 0.35029, 0.374929, 0.401232, 0.428175, 0.454743, 0.479974, 0.502998, 0.523067, 0.539569, 0.552031, 0.560115, 0.563588
0.563588, 0.567051, 0.575035, 0.587139, 0.602795, 0.621285, 0.641782, 0.663406, 0.685269, 0.706531, 0.726438, 0.744352, 0.759761, 0.772282, 0.781644, 0.787674, 0.790253
0.790253, 0.792819, 0.79871, 0.80757, 0.818904, 0.832099, 0.84647, 0.86132, 0.875984, 0.889881, 0.902537, 0.913605, 0.922862, 0.930188, 0.935545, 0.938936, 0.940372
0.940372, 0.941792, 0.945017, 0.949776, 0.955691, 0.962312, 0.969165, 0.975802, 0.981848, 0.987033, 0.991212, 0.994363, 0.99657, 0.997993, 0.998824, 0.999248, 0.999402
0.999402, 0.999539, 0.999787, 0.999983, 0.999906, 0.999312, 0.997983, 0.995765, 0.992607, 0.988578, 0.983874, 0.978802, 0.973746, 0.969128, 0.965354, 0.96277, 0.961626
0.961626, 0.960466, 0.957713, 0.953328, 0.947266, 0.939515, 0.930132, 0.919274, 0.907217, 0.894365, 0.881235, 0.868431, 0.856602, 0.846389, 0.838375, 0.833033, 0.830703
0.830703, 0.828359, 0.822871, 0.814329, 0.80287, 0.788712, 0.772185, 0.753738, 0.73395, 0.71352, 0.693235, 0.67394, 0.656483, 0.641665, 0.630188, 0.622606, 0.619315
0.619315, 0.616014, 0.608322, 0.596451, 0.580704, 0.561512, 0.53944, 0.515192, 0.489591, 0.46356, 0.438086, 0.414168, 0.392775, 0.374788, 0.360958, 0.35187, 0.347937
0.347937, 0.343999, 0.334849, 0.320799, 0.302289, 0.279921, 0.254444, 0.226742, 0.197807, 0.168698, 0.140501, 0.114278, 0.0910207, 0.0716062, 0.0567646, 0.0470508, 0.042857
0.042857, 0.0386624, 0.0289411, 0.0140722, -0.00540658, -0.0287844, -0.0551996, -0.0836707, -0.113137, -0.142504, -0.170692, -0.196681, -0.21955, -0.238511, -0.252927, -0.262326, -0.266375
-0.266375, -0.270419, -0.27977, -0.294017, -0.312579, -0.334701, -0.359496, -0.385979, -0.413122, -0.439903, -0.465352, -0.488589, -0.508854, -0.525525, -0.53812, -0.546293, -0.549804
-0.549804, -0.553306, -0.561382, -0.573627, -0.589473, -0.608198, -0.62897, -0.650899, -0.673091, -0.694692, -0.714936, -0.73317, -0.748869, -0.761635, -0.771188, -0.777343, -0.779978
-0.779978, -0.782598, -0.788616, -0.797673, -0.809269, -0.822782, -0.837519, -0.852771, -0.867861, -0.882189, -0.895268, -0.906733, -0.916345, -0.92397, -0.929555, -0.933097, -0.934599

0.00377821, 0.00797624, 0.0177023, 0.0325699, 0.0520314, 0.0753652, 0.1017, 0.130048, 0.159346, 0.188505, 0.216454, 0.242187, 0.264805, 0.283537, 0.297768, 0.307039, 0.311032
0.311032, 0.315019, 0.324235, 0.338268, 0.356534, 0.378279, 0.402619, 0.428577, 0.455139, 0.481302, 0.50612, 0.528744, 0.548443, 0.564627, 0.576839, 0.584757, 0.588157
0.588157, 0.591547, 0.599362, 0.6112, 0.6265, 0.644552, 0.664538, 0.685592, 0.706845, 0.727478, 0.746762, 0.764084, 0.778957, 0.791024, 0.800035, 0.805833, 0.808311
0.808311, 0.810776, 0.816431, 0.824928, 0.835782, 0.84839, 0.862088, 0.876198, 0.890083, 0.903188, 0.91507, 0.925411, 0.934018, 0.940799, 0.945736, 0.948852, 0.950169
0.950169, 0.95147, 0.954418, 0.958751, 0.964106, 0.97005, 0.976132, 0.981933, 0.987105, 0.991411, 0.99474, 0.9971, 0.998607, 0.999445, 0.99983, 0.999962, 0.99999
0.99999, 1, 0.999956, 0.999705, 0.999043, 0.997747, 0.995625, 0.992553, 0.988511, 0.983602, 0.978055, 0.972205, 0.966466, 0.961281, 0.957076, 0.954211, 0.952947
0.952947, 0.951666, 0.948634, 0.943824, 0.937208, 0.928798, 0.918676, 0.90703, 0.894166, 0.880518, 0.866632, 0.853139, 0.840709, 0.830002, 0.821616, 0.816032, 0.813598
0.813598, 0.81115, 0.805423, 0.79652, 0.784592, 0.769882, 0.752742, 0.733649, 0.713208, 0.692142, 0.671264, 0.651434, 0.633518, 0.618327, 0.60657, 0.598808, 0.595441
0.595441, 0.592063, 0.584196, 0.572061, 0.555977, 0.536392, 0.513893, 0.489203, 0.463166, 0.436723, 0.410874, 0.386628, 0.364961, 0.346757, 0.33277, 0.323582, 0.319607
0.319607, 0.315626, 0.306382, 0.292191, 0.273508, 0.250945, 0.225267, 0.197371, 0.16826, 0.139002, 0.110685, 0.0843725, 0.0610532, 0.0415999, 0.0267362, 0.0170117, 0.0128141
0.0128141, 0.00861623, -0.00111057, -0.0159823, -0.0354549, -0.0588101, -0.08518, -0.113579, -0.142944, -0.172184, -0.200225, -0.226056, -0.248769, -0.267587, -0.281887, -0.291206, -0.29522
-0.29522, -0.299228, -0.308495, -0.322608, -0.340983, -0.362868, -0.387376, -0.413527, -0.440303, -0.466692, -0.491741, -0.514588, -0.534494, -0.550855, -0.563206, -0.571217, -0.574657
-0.574657, -0.578088, -0.585998, -0.597984, -0.613482, -0.631777, -0.652049, -0.673419, -0.695011, -0.715994, -0.735624, -0.753275, -0.768446, -0.780764, -0.78997, -0.795897, -0.798431
-0.798431, -0.800952, -0.806738, -0.815437, -0.826557, -0.83949, -0.853561, -0.868081, -0.882398, -0.895942, -0.908252, -0.918996, -0.927963, -0.935046, -0.940215, -0.943483, -0.944866
-0.944866, -0.946233, -0.949334, -0.953903, -0.959568, -0.965886, -0.972395, -0.978658, -0.984313, -0.989105, -0.992903, -0.9957, -0.997594, -0.998755, -0.999386, -0.99968, -0.999777
-0.999777, -0.999857, -0.999974, -0.99997, -0.999631, -0.998723, -0.997038, -0.994437, -0.990883, -0.986459, -0.981377, -0.975956, -0.970593, -0.96572, -0.961753, -0.959043, -0.957846
-0.957846, -0.956631, -0.953753, -0.949177, -0.942866, -0.934819, -0.925104, -0.913891, -0.901471, -0.888261, -0.874791, -0.861677, -0.849578, -0.839142, -0.830961, -0.82551, -0.823133
-0.823133, -0.820742, -0.815147, -0.806442, -0.794771, -0.780365, -0.763561, -0.744822, -0.72474, -0.704023, -0.683469, -0.663933, -0.646268, -0.631282, -0.619678, -0.612014, -0.608689
-0.608689, -0.605353, -0.597582, -0.585592, -0.569691, -0.550321, -0.528056, -0.503607, -0.477807, -0.451589, -0.425944, -0.401877, -0.380358, -0.362272, -0.34837, -0.339237, -0.335284
-0.335284, -0.331326, -0.322133, -0.308019, -0.289429, -0.266971, -0.241401, -0.21361, -0.184592, -0.155413, -0.12716, -0.100894, -0.0776057, -0.0581717, -0.0433185, -0.0335989, -0.0294028
-0.0294028, -0.0252063, -0.0154815, -0.000609623, 0.0188685, 0.0422389, 0.0686367, 0.0970785, 0.126503, 0.155817, 0.183942, 0.209863, 0.232664, 0.251564, 0.265929, 0.275293, 0.279327
0.279327, 0.283355, 0.29267, 0.306858, 0.325338, 0.347357, 0.372026, 0.398363, 0.425345, 0.451954, 0.477226, 0.500291, 0.520397, 0.536931, 0.549418, 0.557519, 0.561
0.561, 0.56447, 0.572472, 0.584603, 0.600295, 0.618829, 0.639379, 0.661061, 0.682986, 0.704312, 0.724284, 0.742258, 0.757723, 0.77029, 0.779688, 0.785742, 0.788332
0.788332, 0.790908, 0.796822, 0.80572, 0.817104, 0.830359, 0.8448, 0.859725, 0.87447, 0.888449, 0.901185, 0.912328, 0.921652, 0.929035, 0.934435, 0.937854, 0.939303
0.939303, 0.940735, 0.943989, 0.948792, 0.954765, 0.961457, 0.968389, 0.975113, 0.98125, 0.986526, 0.990793, 0.994026, 0.996306, 0.99779, 0.998668, 0.999122, 0.999289
0.999289, 0.999439, 0.999717, 0.99996, 0.999944, 0.999424, 0.998177, 0.996048, 0.992982, 0.989045, 0.984429, 0.979438, 0.974454, 0.969894, 0.966166, 0.963611, 0.96248
0.96248, 0.961333, 0.958609, 0.954268, 0.948264, 0.940582, 0.931277, 0.920501, 0.908529, 0.89576, 0.88271, 0.869978, 0.858212, 0.848051, 0.840077, 0.834761, 0.832442
0.832442, 0.830108, 0.824645, 0.816142, 0.804731, 0.790632, 0.77417, 0.755791, 0.736072, 0.715709, 0.695487, 0.676249, 0.658841, 0.644063, 0.632615, 0.625052, 0.621769
0.621769, 0.618476, 0.610803, 0.59896, 0.583249, 0.564099, 0.542073, 0.517872, 0.492317, 0.466331, 0.440897, 0.417015, 0.395651, 0.377687, 0.363875, 0.354798, 0.35087
0.35087, 0.346935, 0.337796, 0.323761, 0.305271, 0.282924, 0.257469, 0.229789, 0.200874, 0.171782, 0.143599, 0.117387, 0.0941369, 0.0747275, 0.0598889, 0.0501768, 0.0459835
0.0459835, 0.0417895, 0.0320692, 0.0172014, -0.00227698, -0.025656, -0.0520744, -0.0805517, -0.110027, -0.139406, -0.167608, -0.193611, -0.216496, -0.235471, -0.249898, -0.259305, -0.263357
-0.263357, -0.267404, -0.276764, -0.291025, -0.309604, -0.331751, -0.356574, -0.38309, -0.41027, -0.437091, -0.46258, -0.485856, -0.506157, -0.52286, -0.535479, -0.543669, -0.547187

-0.584571, -0.58116, -0.573217, -0.560967, -0.544736, -0.524981, -0.502297, -0.477417, -0.451193, -0.424573, -0.398563, -0.374178, -0.352394, -0.334099, -0.320044, -0.310814, -0.306821
-0.306821, -0.302823, -0.293539, -0.279289, -0.260533, -0.23789, -0.21213, -0.184156, -0.154974, -0.125657, -0.097295, -0.0709503, -0.0476101, -0.0281451, -0.013276, -0.00354949, 0.000648604
0.000648604, 0.00484668, 0.0145731, 0.0294418, 0.0489058, 0.0722441, 0.098586, 0.126944, 0.156256, 0.18543, 0.213397, 0.23915, 0.261786, 0.280535, 0.294778, 0.304059, 0.308056
0.308056, 0.312047, 0.321273, 0.335321, 0.353608, 0.37538, 0.399752, 0.425747, 0.45235, 0.478556, 0.503419, 0.526085, 0.545824, 0.562041, 0.574279, 0.582215, 0.585623
0.585623, 0.589021, 0.596853, 0.60872, 0.624058, 0.642156, 0.662197, 0.683311, 0.704628, 0.725327, 0.744677, 0.762061, 0.776991, 0.789105, 0.798153, 0.803975, 0.806465
0.806465, 0.80894, 0.81462, 0.823155, 0.834059, 0.846729, 0.860498, 0.874686, 0.888653, 0.90184, 0.913803, 0.924221, 0.932896, 0.939734, 0.944715, 0.947859, 0.949189
0.949189, 0.950502, 0.953479, 0.957857, 0.96327, 0.969285, 0.975448, 0.981335, 0.986599, 0.990997, 0.994414, 0.996857, 0.998437, 0.999336, 0.999767, 0.99993, 0.999971
0.999971, 0.999994, 0.99998, 0.999776, 0.999175, 0.997952, 0.995912, 0.992929, 0.988979, 0.984162, 0.978702, 0.972933, 0.967265, 0.962138, 0.957978, 0.955143, 0.953891
0.953891, 0.952623, 0.949619, 0.944853, 0.938295, 0.929953, 0.919908, 0.908343, 0.895563, 0.881997, 0.868189, 0.854767, 0.842399, 0.831744, 0.823396, 0.817837, 0.815414
0.815414, 0.812977, 0.807274, 0.798408, 0.786529, 0.771875, 0.754798, 0.735772, 0.715398, 0.694398, 0.67358, 0.653805, 0.635936, 0.620783, 0.609055, 0.601312, 0.597952
0.597952, 0.594582, 0.586733, 0.574626, 0.558575, 0.53903, 0.516575, 0.49193, 0.465938, 0.439537, 0.413725, 0.389513, 0.367873, 0.349691, 0.33572, 0.326541, 0.322571
0.322571, 0.318594, 0.309359, 0.295183, 0.276516, 0.253973, 0.228315, 0.200438, 0.171344, 0.1421, 0.113795, 0.0874906, 0.0641766, 0.0447266, 0.0298646, 0.0201408, 0.0159434
0.0159434, 0.0117457, 0.00201905, -0.0128531, -0.032327, -0.0556857, -0.0820613, -0.110469, -0.139846, -0.169101, -0.197158, -0.223006, -0.245736, -0.26457, -0.278883, -0.288211, -0.292228
-0.292228, -0.29624, -0.305517, -0.319644, -0.338039, -0.35995, -0.384489, -0.410675, -0.43749, -0.463922, -0.489013, -0.511902, -0.531846, -0.54824, -0.560617, -0.568645, -0.572093
-0.572093, -0.575532, -0.583459, -0.595472, -0.611008, -0.629348, -0.649673, -0.671102, -0.692758, -0.713806, -0.733501, -0.751213, -0.766439, -0.778805, -0.788048, -0.793998, -0.796543
-0.796543, -0.799074, -0.804885, -0.813621, -0.824791, -0.837785, -0.851927, -0.866524, -0.880922, -0.894547, -0.906938, -0.917758, -0.926792, -0.933932, -0.939144, -0.942441, -0.943837
-0.943837, -0.945215, -0.948346, -0.952959, -0.958682, -0.965071, -0.97166, -0.97801, -0.983756, -0.988639, -0.992526, -0.995405, -0.997372, -0.998594, -0.999272, -0.999596, -0.999706
-0.999706, -0.999799, -0.999947, -0.99999, -0.999711, -0.998876, -0.997274, -0.994762, -0.991299, -0.986968, -0.981974, -0.976634, -0.971342, -0.966528, -0.962606, -0.959925, -0.95874
-0.95874, -0.957538, -0.954689, -0.950157, -0.943904, -0.935926, -0.926288, -0.915157, -0.902822, -0.889694, -0.876303, -0.863261, -0.851224, -0.840841, -0.832698, -0.827272, -0.824906
-0.824906, -0.822526, -0.816955, -0.808288, -0.796667, -0.782318, -0.765578, -0.746907, -0.726893, -0.706242, -0.685751, -0.66627, -0.648653, -0.633706, -0.622131, -0.614486, -0.611169
-0.611169, -0.607841, -0.600088, -0.588126, -0.572261, -0.552931, -0.530711, -0.506308, -0.480554, -0.454379, -0.428773, -0.404741, -0.383251, -0.365187, -0.351302, -0.342179, -0.338231
-0.338231, -0.334278, -0.325095, -0.310995, -0.292423, -0.269986, -0.244437, -0.216666, -0.187667, -0.158504, -0.130263, -0.104007, -0.0807255, -0.0612957, -0.046445, -0.0367265, -0.032531
-0.032531, -0.0283348, -0.0186106, -0.00373923, 0.0157394, 0.0391118, 0.0655141, 0.0939632, 0.123398, 0.152725, 0.180865, 0.206802, 0.229619, 0.248533, 0.262911, 0.272283, 0.27632
0.27632, 0.280353, 0.289676, 0.303878, 0.322378, 0.344421, 0.369119, 0.395491, 0.42251, 0.44916, 0.474473, 0.497578, 0.517722, 0.534289, 0.546801, 0.554919, 0.558406
0.558406, 0.561884, 0.569903, 0.582061, 0.597789, 0.616368, 0.63697, 0.658709, 0.680697, 0.702087, 0.722122, 0.740158, 0.755677, 0.76829, 0.777725, 0.783802, 0.786402
0.786402, 0.788989, 0.794928, 0.803863, 0.815296, 0.828611, 0.843121, 0.858123, 0.872948, 0.887008, 0.899824, 0.911042, 0.920433, 0.927872, 0.933315, 0.936764, 0.938225
0.938225, 0.939669, 0.942952, 0.947799, 0.95383, 0.960591, 0.967604, 0.974415, 0.980642, 0.986009, 0.990365, 0.993679, 0.996032, 0.997577, 0.998501, 0.998986, 0.999166
0.999166, 0.999329, 0.999638, 0.999928, 0.999972, 0.999525, 0.998361, 0.996321, 0.993347, 0.989502, 0.984975, 0.980065, 0.975152, 0.970652, 0.966968, 0.964443, 0.963325
0.963325, 0.96219, 0.959495, 0.955199, 0.949253, 0.94164, 0.932412, 0.921719, 0.909832, 0.897147, 0.884176, 0.871517, 0.859814, 0.849706, 0.84177, 0.83648, 0.834172
0.834172, 0.831849, 0.826411, 0.817946, 0.806585, 0.792545, 0.776147, 0.757836, 0.738187, 0.717891, 0.697732, 0.678551, 0.661192, 0.646453, 0.635035, 0.627492, 0.624217
0.624217, 0.620932, 0.613278, 0.601464, 0.585789, 0.56668, 0.5447, 0.520546, 0.495039, 0.469097, 0.443704, 0.419857, 0.398523, 0.380583, 0.366788, 0.357722, 0.353799
0.353799, 0.349869, 0.34074, 0.326721, 0.30825, 0.285924, 0.260492, 0.232834, 0.203939, 0.174864, 0.146696, 0.120494, 0.0972521, 0.077848, 0.0630126, 0.0533022, 0.0491096

-0.949764, -0.948442, -0.945314, -0.940359, -0.933554, -0.924919, -0.914546, -0.90263, -0.889491, -0.875573, -0.86143, -0.847703, -0.835069, -0.824195, -0.815681, -0.810016, -0.807547
-0.807547, -0.805064, -0.799256, -0.79023, -0.778143, -0.763246, -0.745899, -0.726588, -0.705927, -0.684647, -0.663569, -0.643559, -0.625489, -0.610173, -0.598323, -0.590501, -0.587107
-0.587107, -0.583704, -0.575779, -0.563555, -0.547358, -0.527642, -0.505001, -0.480165, -0.453983, -0.427404, -0.401431, -0.377078, -0.355321, -0.337047, -0.323008, -0.313787, -0.309798
-0.309798, -0.305804, -0.296529, -0.282293, -0.263554, -0.240929, -0.215187, -0.187231, -0.158065, -0.128761, -0.100409, -0.0740716, -0.0507359, -0.0312734, -0.0164053, -0.00667906, -0.00248101
-0.00248101, 0.00171708, 0.0114437, 0.0263134, 0.0457797, 0.0691224, 0.0954711, 0.123839, 0.153164, 0.182354, 0.210339, 0.23611, 0.258764, 0.277529, 0.291786, 0.301076, 0.305077
0.305077, 0.309072, 0.318308, 0.332371, 0.350679, 0.372478, 0.396881, 0.422913, 0.449557, 0.475806, 0.500712, 0.523421, 0.543199, 0.55945, 0.571714, 0.579668, 0.583083
0.583083, 0.586489, 0.594339, 0.606234, 0.621609, 0.639754, 0.659848, 0.681022, 0.702404, 0.723169, 0.742585, 0.760031, 0.775017, 0.787179, 0.796264, 0.80211, 0.80461
0.80461, 0.807096, 0.812801, 0.821374, 0.832329, 0.84506, 0.858899, 0.873165, 0.887213, 0.900484, 0.912527, 0.923021, 0.931764, 0.938659, 0.943684, 0.946857, 0.948199
0.948199, 0.949525, 0.952531, 0.956953, 0.962425, 0.968511, 0.974754, 0.980729, 0.986083, 0.990573, 0.994079, 0.996604, 0.998257, 0.999217, 0.999695, 0.999888, 0.999942
0.999942, 0.999978, 0.999995, 0.999838, 0.999297, 0.998147, 0.99619, 0.993296, 0.989437, 0.984712, 0.97934, 0.973652, 0.968054, 0.962987, 0.958871, 0.956065, 0.954826
0.954826, 0.95357, 0.950596, 0.945874, 0.939373, 0.931099, 0.921131, 0.909648, 0.896951, 0.883467, 0.869738, 0.856388, 0.844082, 0.833477, 0.825168, 0.819634, 0.817222
0.817222, 0.814795, 0.809117, 0.800289, 0.788457, 0.773861, 0.756847, 0.737887, 0.717582, 0.696647, 0.67589, 0.65617, 0.638348, 0.623234, 0.611535, 0.60381, 0.600458
0.600458, 0.597096, 0.589265, 0.577184, 0.561169, 0.541664, 0.519252, 0.494652, 0.468705, 0.442346, 0.416572, 0.392393, 0.370782, 0.352622, 0.338666, 0.329498, 0.325531
0.325531, 0.321559, 0.312334, 0.298171, 0.279523, 0.256999, 0.231361, 0.203503, 0.174427, 0.145197, 0.116903, 0.0906078, 0.0672995, 0.0478528, 0.0329927, 0.0232697, 0.0190725
0.0190725, 0.014875, 0.00514865, -0.00972364, -0.0291989, -0.0525606, -0.0789419, -0.107358, -0.136747, -0.166015, -0.194089, -0.219954, -0.242701, -0.261551, -0.275876, -0.285213, -0.289234
-0.289234, -0.29325, -0.302535, -0.316677, -0.335092, -0.357029, -0.381598, -0.40782, -0.434674, -0.461147, -0.486281, -0.509211, -0.529193, -0.54562, -0.558023, -0.566068, -0.569524
-0.569524, -0.572969, -0.580914, -0.592955, -0.608527, -0.626913, -0.64729, -0.668779, -0.690497, -0.71161, -0.73137, -0.749143, -0.764425, -0.776838, -0.786117, -0.792092, -0.794647
-0.794647, -0.797189, -0.803023, -0.811797, -0.823017, -0.836073, -0.850284, -0.864957, -0.879436, -0.893144, -0.905615, -0.91651, -0.925612, -0.932808, -0.938065, -0.94139, -0.942798
-0.942798, -0.944189, -0.947349, -0.952006, -0.957787, -0.964246, -0.970915, -0.977352, -0.983189, -0.988164, -0.992139, -0.995101, -0.99714, -0.998423, -0.999147, -0.999502, -0.999625
-0.999625, -0.999732, -0.99991, -0.999999, -0.999781, -0.999019, -0.9975, -0.995077, -0.991706, -0.987467, -0.98256, -0.977301, -0.972081, -0.967326, -0.963449, -0.960797, -0.959625
-0.959625, -0.958436, -0.955615, -0.951128, -0.944933, -0.937023, -0.927463, -0.916414, -0.904163, -0.891119, -0.877807, -0.864837, -0.852862, -0.84253, -0.834426, -0.829026, -0.826671
-0.826671, -0.824302, -0.818756, -0.810127, -0.798554, -0.784263, -0.767587, -0.748984, -0.729039, -0.708454, -0.688025, -0.6686, -0.651032, -0.636124, -0.624578, -0.616952, -0.613643
-0.613643, -0.610323, -0.602589, -0.590654, -0.574824, -0.555536, -0.533361, -0.509004, -0.483297, -0.457165, -0.431598, -0.407601, -0.38614, -0.368099, -0.354231, -0.345118, -0.341175
-0.341175, -0.337226, -0.328053, -0.313967, -0.295415, -0.272998, -0.24747, -0.21972, -0.19074, -0.161593, -0.133366, -0.107119, -0.0838445, -0.0644191, -0.049571, -0.0398539, -0.0356588
-0.0356588, -0.031463, -0.0217396, -0.00686881, 0.0126101, 0.0359844, 0.0623909, 0.090847, 0.120292, 0.149631, 0.177786, 0.203739, 0.226572, 0.245501, 0.25989, 0.269271, 0.273311
0.273311, 0.277347, 0.286679, 0.300895, 0.319413, 0.341481, 0.366209, 0.392614, 0.419672, 0.446361, 0.471716, 0.494861, 0.515042, 0.53164, 0.544178, 0.552312, 0.555807
0.555807, 0.559292, 0.567329, 0.579513, 0.595277, 0.6139, 0.634554, 0.656351, 0.678401, 0.699855, 0.719954, 0.73805, 0.753623, 0.766283, 0.775754, 0.781855, 0.784465
0.784465, 0.787062, 0.793025, 0.801997, 0.81348, 0.826855, 0.841434, 0.856512, 0.871417, 0.885558, 0.898454, 0.909747, 0.919205, 0.926701, 0.932187, 0.935664, 0.937137
0.937137, 0.938594, 0.941905, 0.946796, 0.952885, 0.959717, 0.966809, 0.973707, 0.980024, 0.985483, 0.989926, 0.993323, 0.995749, 0.997354, 0.998325, 0.99884, 0.999034
0.999034, 0.999209, 0.999549, 0.999885, 0.999991, 0.999616, 0.998535, 0.996584, 0.993702, 0.989949, 0.98551, 0.980682, 0.975841, 0.9714, 0.967761, 0.965265, 0.96416
0.96416, 0.963038, 0.960372, 0.956121, 0.950233, 0.942689, 0.933539, 0.922929, 0.911126, 0.898525, 0.885634, 0.873048, 0.861408, 0.851352, 0.843456, 0.838191, 0.835894
0.835894, 0.833582, 0.82817, 0.819743, 0.808431, 0.794449, 0.778116, 0.759875, 0.740295, 0.720066, 0.699971, 0.680846, 0.663536, 0.648838, 0.63745, 0.629925, 0.626659

-0.95239, -0.953662, -0.956543, -0.960774, -0.965994, -0.971775, -0.977672, -0.98327, -0.988232, -0.992328, -0.995452, -0.997622, -0.998961, -0.999659, -0.999937, -0.999999, -0.999996
-0.999996, -0.999976, -0.999862, -0.999504, -0.998702, -0.997238, -0.994926, -0.991649, -0.987396, -0.982278, -0.976529, -0.970494, -0.964591, -0.95927, -0.954963, -0.952032, -0.950739
-0.950739, -0.949429, -0.94633, -0.941419, -0.934671, -0.926104, -0.915807, -0.903973, -0.890917, -0.87708, -0.863015, -0.849359, -0.836786, -0.825963, -0.817488, -0.811847, -0.809389
-0.809389, -0.806916, -0.801133, -0.792144, -0.780105, -0.765264, -0.74798, -0.728734, -0.70814, -0.686925, -0.665907, -0.645952, -0.627927, -0.612649, -0.600827, -0.593024, -0.589638
-0.589638, -0.586242, -0.578334, -0.566138, -0.549975, -0.530298, -0.5077, -0.482907, -0.45677, -0.430232, -0.404295, -0.379975, -0.358245, -0.339992, -0.325968, -0.316757, -0.312773
-0.312773, -0.308782, -0.299516, -0.285294, -0.266571, -0.243965, -0.218242, -0.190304, -0.161155, -0.131864, -0.103523, -0.0771923, -0.0538613, -0.0344013, -0.0195344, -0.00980858, -0.00561061
-0.00561061, -0.00141254, 0.00831427, 0.0231847, 0.0426531, 0.0659999, 0.0923553, 0.120733, 0.15007, 0.179276, 0.207278, 0.233067, 0.25574, 0.274521, 0.288792, 0.29809, 0.302095
0.302095, 0.306094, 0.315339, 0.329418, 0.347746, 0.369572, 0.394007, 0.420075, 0.446759, 0.473051, 0.498001, 0.520751, 0.540568, 0.556853, 0.569144, 0.577115, 0.580538
0.580538, 0.583951, 0.59182, 0.603742, 0.619155, 0.637345, 0.657493, 0.678727, 0.700173, 0.721004, 0.740485, 0.757993, 0.773036, 0.785245, 0.794367, 0.800238, 0.802748
0.802748, 0.805244, 0.810974, 0.819585, 0.83059, 0.843383, 0.857292, 0.871635, 0.885765, 0.899118, 0.911243, 0.921813, 0.930623, 0.937575, 0.942644, 0.945846, 0.947201
0.947201, 0.948538, 0.951573, 0.95604, 0.96157, 0.967727, 0.97405, 0.980113, 0.985558, 0.99014, 0.993734, 0.996342, 0.998067, 0.999088, 0.999613, 0.999836, 0.999903
0.999903, 0.999953, 1, 0.999889, 0.999409, 0.998333, 0.996458, 0.993652, 0.989886, 0.985252, 0.979968, 0.974361, 0.968834, 0.963825, 0.959755, 0.956978, 0.955751
0.955751, 0.954508, 0.951562, 0.946885, 0.940441, 0.932236, 0.922345, 0.910943, 0.89833, 0.884929, 0.871278, 0.857999, 0.845756, 0.835202, 0.826931, 0.821423, 0.819021
0.819021, 0.816605, 0.810953, 0.802161, 0.790378, 0.77584, 0.758889, 0.739996, 0.719758, 0.698888, 0.678193, 0.658529, 0.640754, 0.625678, 0.614008, 0.606301, 0.602958
0.602958, 0.599603, 0.591791, 0.579737, 0.563756, 0.544292, 0.521924, 0.49737, 0.471467, 0.44515, 0.419415, 0.39527, 0.373686, 0.355548, 0.341609, 0.332451, 0.328489
0.328489, 0.324521, 0.315305, 0.301157, 0.282526, 0.260022, 0.234404, 0.206567, 0.177508, 0.148293, 0.120011, 0.0937241, 0.0704217, 0.0509786, 0.0361204, 0.0263983, 0.0222015
0.0222015, 0.0180042, 0.00827819, -0.00659412, -0.0260705, -0.0494351, -0.0758216, -0.104246, -0.133646, -0.162928, -0.191018, -0.2169, -0.239664, -0.258529, -0.272867, -0.282212, -0.286237
-0.286237, -0.290256, -0.299551, -0.313707, -0.332142, -0.354103, -0.378703, -0.40496, -0.431853, -0.458368, -0.483544, -0.506515, -0.526535, -0.542995, -0.555423, -0.563485, -0.566948
-0.566948, -0.570402, -0.578364, -0.590432, -0.606041, -0.624472, -0.644902, -0.666449, -0.68823, -0.709408, -0.729232, -0.747067, -0.762404, -0.774864, -0.784179, -0.790178, -0.792743
-0.792743, -0.795295, -0.801154, -0.809966, -0.821236, -0.834351, -0.848632, -0.863382, -0.877942, -0.891732, -0.904284, -0.915254, -0.924423, -0.931676, -0.936976, -0.94033, -0.94175
-0.94175, -0.943154, -0.946342, -0.951043, -0.956883, -0.963412, -0.970161, -0.976685, -0.982613, -0.987679, -0.991743, -0.994786, -0.996899, -0.998242, -0.999013, -0.999398, -0.999535
-0.999535, -0.999654, -0.999863, -0.999999, -0.999842, -0.999153, -0.997716, -0.995382, -0.992104, -0.987956, -0.983138, -0.97796, -0.972811, -0.968115, -0.964282, -0.96166, -0.960501
-0.960501, -0.959324, -0.956533, -0.95209, -0.945953, -0.938112, -0.928628, -0.917662, -0.905496, -0.892535, -0.879302, -0.866404, -0.854492, -0.844212, -0.836147, -0.830772, -0.828428
-0.828428, -0.82607, -0.820549, -0.811958, -0.800434, -0.786201, -0.76959, -0.751054, -0.731177, -0.710659, -0.690293, -0.670924, -0.653404, -0.638535, -0.627019, -0.619412, -0.616111
-0.616111, -0.612799, -0.605084, -0.593176, -0.577383, -0.558136, -0.536005, -0.511696, -0.486034, -0.459946, -0.43442, -0.410456, -0.389025, -0.371007, -0.357156, -0.348054, -0.344115
-0.344115, -0.34017, -0.331007, -0.316937, -0.298403, -0.276007, -0.250501, -0.222772, -0.193812, -0.164681, -0.136467, -0.11023, -0.0869627, -0.0675419, -0.0526965, -0.0429808, -0.0387862
-0.0387862, -0.0345909, -0.0248684, -0.00999832, 0.00948064, 0.0328567, 0.0592671, 0.0877299, 0.117184, 0.146536, 0.174705, 0.200674, 0.223523, 0.242466, 0.256867, 0.266255, 0.270299
0.270299, 0.274339, 0.283679, 0.297909, 0.316446, 0.338538, 0.363295, 0.389734, 0.416829, 0.443559, 0.468954, 0.492139, 0.512357, 0.528987, 0.541549, 0.549701, 0.553203
0.553203, 0.556695, 0.564749, 0.57696, 0.592759, 0.611427, 0.632132, 0.653987, 0.676098, 0.697616, 0.717778, 0.735934, 0.751562, 0.764269, 0.773775, 0.7799, 0.782521
0.782521, 0.785128, 0.791115, 0.800124, 0.811656, 0.825091, 0.839739, 0.854892, 0.869878, 0.8841, 0.897076, 0.908444, 0.917968, 0.92552, 0.93105, 0.934555, 0.93604
0.93604, 0.937509, 0.94085, 0.945784, 0.951931, 0.958833, 0.966005, 0.972989, 0.979397, 0.984947, 0.989478, 0.992957, 0.995456, 0.997122, 0.998139, 0.998685, 0.998891
0.998891, 0.99908, 0.99945, 0.999833, 0.999999, 0.999698, 0.9987, 0.996838, 0.994048, 0.990387, 0.986036, 0.981289, 0.97652, 0.972138, 0.968545, 0.966078, 0.964986

-0.591447, -0.594827, -0.602618, -0.614419, -0.629671, -0.647661, -0.667577, -0.688553, -0.709721, -0.730268, -0.749466, -0.766706, -0.781506, -0.79351, -0.802472, -0.808238, -0.810703
-0.810703, -0.813154, -0.818777, -0.827225, -0.838012, -0.85054, -0.864146, -0.878155, -0.891933, -0.904929, -0.916705, -0.926948, -0.935466, -0.942173, -0.947052, -0.950131, -0.951431
-0.951431, -0.952715, -0.955626, -0.959901, -0.96518, -0.971032, -0.977009, -0.982695, -0.987749, -0.991936, -0.995149, -0.997402, -0.998813, -0.999573, -0.999897, -0.999989, -1
-1, -0.999993, -0.999909, -0.999598, -0.998856, -0.997465, -0.995236, -0.992048, -0.987887, -0.982859, -0.977198, -0.971243, -0.965411, -0.96015, -0.955887, -0.952985, -0.951704
-0.951704, -0.950407, -0.947337, -0.94247, -0.93578, -0.92728, -0.917059, -0.905307, -0.892334, -0.878579, -0.864592, -0.851006, -0.838496, -0.827723, -0.819286, -0.81367, -0.811223
-0.811223, -0.808761, -0.803002, -0.79405, -0.782059, -0.767275, -0.750053, -0.730874, -0.710346, -0.689196, -0.668238, -0.648337, -0.63036, -0.61512, -0.603326, -0.595541, -0.592163
-0.592163, -0.588775, -0.580885, -0.568715, -0.552586, -0.532949, -0.510394, -0.485646, -0.459552, -0.433055, -0.407156, -0.382868, -0.361165, -0.342933, -0.328925, -0.319724, -0.315744
-0.315744, -0.311757, -0.302501, -0.288292, -0.269586, -0.246999, -0.221295, -0.193376, -0.164243, -0.134966, -0.106635, -0.0803122, -0.0569861, -0.0375289, -0.0226633, -0.012938, -0.00874014
-0.00874014, -0.00454214, 0.00518472, 0.0200559, 0.0395262, 0.0628768, 0.0892386, 0.117626, 0.146975, 0.176196, 0.204215, 0.230023, 0.252713, 0.271511, 0.285794, 0.295101, 0.29911
0.29911, 0.303113, 0.312368, 0.326461, 0.34481, 0.366662, 0.391129, 0.417233, 0.443957, 0.470291, 0.495284, 0.518077, 0.537933, 0.554251, 0.566568, 0.574556, 0.577987
0.577987, 0.581408, 0.589294, 0.601244, 0.616694, 0.63493, 0.655132, 0.676426, 0.697935, 0.718832, 0.738378, 0.755948, 0.771047, 0.783303, 0.792462, 0.798357, 0.800878
0.800878, 0.803385, 0.809139, 0.817788, 0.828843, 0.841697, 0.855677, 0.870097, 0.884308, 0.897744, 0.909949, 0.920595, 0.929474, 0.936482, 0.941595, 0.944826, 0.946192
0.946192, 0.947543, 0.950607, 0.955118, 0.960707, 0.966933, 0.973337, 0.979487, 0.985023, 0.989696, 0.993379, 0.996069, 0.997868, 0.99895, 0.999521, 0.999775, 0.999855
0.999855, 0.999918, 0.999995, 0.999931, 0.999512, 0.998509, 0.996716, 0.994, 0.990325, 0.985783, 0.980587, 0.97506, 0.969605, 0.964655, 0.960629, 0.957881, 0.956667
0.956667, 0.955436, 0.95252, 0.947886, 0.941501, 0.933364, 0.923549, 0.91223, 0.899701, 0.886382, 0.87281, 0.859603, 0.847421, 0.836919, 0.828687, 0.823204, 0.820813
0.820813, 0.818408, 0.81278, 0.804026, 0.792292, 0.77781, 0.760923, 0.742097, 0.721927, 0.701123, 0.68049, 0.660881, 0.643154, 0.628117, 0.616475, 0.608787, 0.605451
0.605451, 0.602105, 0.59431, 0.582284, 0.566338, 0.546915, 0.524591, 0.500083, 0.474224, 0.44795, 0.422254, 0.398143, 0.376587, 0.358472, 0.344549, 0.335401, 0.331443
0.331443, 0.32748, 0.318274, 0.30414, 0.285527, 0.263042, 0.237445, 0.209628, 0.180587, 0.151387, 0.123117, 0.0968394, 0.0735432, 0.0541039, 0.0392478, 0.0295267, 0.0253302
0.0253302, 0.0211332, 0.0114077, -0.00346455, -0.0229418, -0.0463091, -0.0727006, -0.101133, -0.130543, -0.15984, -0.187945, -0.213844, -0.236625, -0.255505, -0.269855, -0.279208, -0.283236
-0.283236, -0.28726, -0.296563, -0.310733, -0.329188, -0.351175, -0.375805, -0.402097, -0.429029, -0.455584, -0.480802, -0.503814, -0.523872, -0.540364, -0.552818, -0.560897, -0.564368
-0.564368, -0.567828, -0.575808, -0.587903, -0.603548, -0.622024, -0.642507, -0.664112, -0.685956, -0.707199, -0.727087, -0.744982, -0.760375, -0.772881, -0.782233, -0.788256, -0.790832
-0.790832, -0.793394, -0.799278, -0.808127, -0.819446, -0.832622, -0.846973, -0.861799, -0.876439, -0.890311, -0.902943, -0.913989, -0.923225, -0.930534, -0.935878, -0.93926, -0.940693
-0.940693, -0.942109, -0.945326, -0.950071, -0.955969, -0.962569, -0.969398, -0.976009, -0.982027, -0.987185, -0.991337, -0.994462, -0.996648, -0.998052, -0.99887, -0.999285, -0.999435
-0.999435, -0.999567, -0.999806, -0.999988, -0.999893, -0.999277, -0.997923, -0.995678, -0.992491, -0.988435, -0.983705, -0.978608, -0.973531, -0.968894, -0.965107, -0.962514, -0.961367
-0.961367, -0.960203, -0.957441, -0.953042, -0.946963, -0.939191, -0.929785, -0.918902, -0.906819, -0.893942, -0.880788, -0.867962, -0.856114, -0.845885, -0.83786, -0.83251, -0.830177
-0.830177, -0.82783, -0.822334, -0.813781, -0.802306, -0.788131, -0.771584, -0.753117, -0.733309, -0.712857, -0.692554, -0.673242, -0.65577, -0.640941, -0.629454, -0.621866, -0.618573
-0.618573, -0.615269, -0.607572, -0.595693, -0.579935, -0.56073, -0.538645, -0.514382, -0.488767, -0.462723, -0.437236, -0.413308, -0.391906, -0.373912, -0.360077, -0.350986, -0.347052
-0.347052, -0.343111, -0.333959, -0.319904, -0.301389, -0.279014, -0.25353, -0.225822, -0.196881, -0.167767, -0.139566, -0.11334, -0.09008, -0.0706641, -0.0558215, -0.0461073, -0.0419133
-0.0419133, -0.0377185, -0.0279969, -0.0131277, 0.00635112, 0.0297286, 0.0561426, 0.0846119, 0.114076, 0.143439, 0.171623, 0.197607, 0.220471, 0.239428, 0.253841, 0.263237, 0.267285
0.267285, 0.271328, 0.280677, 0.29492, 0.313476, 0.335591, 0.360377, 0.38685, 0.413982, 0.440751, 0.466188, 0.489412, 0.509667, 0.526329, 0.538916, 0.547084, 0.550593
0.550593, 0.554093, 0.562163, 0.574401, 0.590236, 0.608947, 0.629704, 0.651616, 0.673789, 0.695371, 0.715596, 0.733812, 0.749494, 0.762247, 0.771789, 0.777937, 0.780568
0.780568, 0.783185, 0.789196, 0.798243, 0.809823, 0.823318, 0.838035, 0.853264, 0.86833, 0.882634, 0.895688, 0.907131, 0.916722, 0.92433, 0.929903, 0.933437, 0.934935

-0.00472276, -0.00892076, -0.0186467, -0.033514, -0.0529747, -0.0763071, -0.102639, -0.130984, -0.160278, -0.189432, -0.217376, -0.243104, -0.265716, -0.284443, -0.298669, -0.307938, -0.311929
-0.311929, -0.315915, -0.325129, -0.339157, -0.357416, -0.379153, -0.403483, -0.42943, -0.45598, -0.48213, -0.506935, -0.529545, -0.549233, -0.565406, -0.57761, -0.585523, -0.588921
-0.588921, -0.592308, -0.600117, -0.611947, -0.627236, -0.645274, -0.665244, -0.68628, -0.707513, -0.728126, -0.74739, -0.764693, -0.779549, -0.791601, -0.800601, -0.806392, -0.808867
-0.808867, -0.811328, -0.816976, -0.825462, -0.8363, -0.84889, -0.862566, -0.876653, -0.890514, -0.903593, -0.91545, -0.925769, -0.934355, -0.941119, -0.946043, -0.94915, -0.950463
-0.950463, -0.95176, -0.954699, -0.959019, -0.964356, -0.970279, -0.976337, -0.982111, -0.987255, -0.991534, -0.994836, -0.997171, -0.998656, -0.999476, -0.999847, -0.99997, -0.999994
-0.999994, -1, -0.999946, -0.999682, -0.999001, -0.997683, -0.995536, -0.992437, -0.988368, -0.983432, -0.977858, -0.971984, -0.966223, -0.96102, -0.956802, -0.953928, -0.952661
-0.952661, -0.951376, -0.948335, -0.943511, -0.936878, -0.928447, -0.918303, -0.906632, -0.893742, -0.88007, -0.86616, -0.852646, -0.840197, -0.829475, -0.821077, -0.815486, -0.813049
-0.813049, -0.810598, -0.804863, -0.795948, -0.784006, -0.769279, -0.752119, -0.733006, -0.712546, -0.69146, -0.670563, -0.650717, -0.632787, -0.617584, -0.605819, -0.598052, -0.594682
-0.594682, -0.591302, -0.583429, -0.571286, -0.555191, -0.535594, -0.513082, -0.488379, -0.462329, -0.435874, -0.410012, -0.385757, -0.364082, -0.345871, -0.331879, -0.322688, -0.318712
-0.318712, -0.31473, -0.305482, -0.291287, -0.272599, -0.25003, -0.224346, -0.196445, -0.167329, -0.138066, -0.109746, -0.0834313, -0.0601103, -0.0406561, -0.025792, -0.0160673, -0.0118696
-0.0118696, -0.0076717, 0.00205512, 0.0169268, 0.0363988, 0.059753, 0.0861211, 0.114517, 0.143879, 0.173115, 0.201151, 0.226976, 0.249684, 0.268497, 0.282793, 0.29211, 0.296122
0.296122, 0.300129, 0.309393, 0.323501, 0.341871, 0.363748, 0.388246, 0.414387, 0.44115, 0.467527, 0.492563, 0.515398, 0.535292, 0.551643, 0.563986, 0.571992, 0.57543
0.57543, 0.578859, 0.586763, 0.59874, 0.614228, 0.632509, 0.652764, 0.674117, 0.69569, 0.716653, 0.736264, 0.753896, 0.76905, 0.781354, 0.790549, 0.796468, 0.799
0.799, 0.801517, 0.807296, 0.815983, 0.827088, 0.840003, 0.854053, 0.86855, 0.882842, 0.896361, 0.908647, 0.919368, 0.928314, 0.93538, 0.940536, 0.943796, 0.945175
0.945175, 0.946538, 0.949631, 0.954186, 0.959833, 0.96613, 0.972615, 0.978851, 0.984479, 0.989243, 0.993015, 0.995787, 0.997659, 0.998802, 0.999419, 0.999703, 0.999797
0.999797, 0.999873, 0.999981, 0.999963, 0.999605, 0.998675, 0.996965, 0.994337, 0.990755, 0.986304, 0.981195, 0.97575, 0.970366, 0.965475, 0.961494, 0.958775, 0.957574
0.957574, 0.956356, 0.953468, 0.948879, 0.942551, 0.934483, 0.924745, 0.913507, 0.901062, 0.887827, 0.874333, 0.861198, 0.849079, 0.838628, 0.830435, 0.824977, 0.822597
0.822597, 0.820202, 0.814599, 0.805883, 0.794198, 0.779774, 0.76295, 0.744192, 0.724089, 0.703351, 0.68278, 0.663226, 0.645547, 0.630549, 0.618936, 0.611267, 0.607939
0.607939, 0.604601, 0.596824, 0.584826, 0.568915, 0.549532, 0.527253, 0.50279, 0.476977, 0.450746, 0.425089, 0.401012, 0.379485, 0.361392, 0.347485, 0.338348, 0.334394
0.334394, 0.330435, 0.321239, 0.30712, 0.288525, 0.266061, 0.240484, 0.212687, 0.183664, 0.15448, 0.126223, 0.0999539, 0.076664, 0.0572287, 0.0423748, 0.0326548, 0.0284587
0.0284587, 0.024262, 0.014537, -0.000334933, -0.0198129, -0.0431826, -0.069579, -0.0980186, -0.12744, -0.15675, -0.18487, -0.210786, -0.233583, -0.252478, -0.26684, -0.276201, -0.280234
-0.280234, -0.284261, -0.293573, -0.307757, -0.326231, -0.348243, -0.372903, -0.399229, -0.4262, -0.452796, -0.478056, -0.501108, -0.521204, -0.537728, -0.550207, -0.558303, -0.561781
-0.561781, -0.565249, -0.573246, -0.585369, -0.60105, -0.619571, -0.640105, -0.661769, -0.683676, -0.704983, -0.724935, -0.742891, -0.758339, -0.770892, -0.780279, -0.786326, -0.788913
-0.788913, -0.791485, -0.797393, -0.806279, -0.817648, -0.830885, -0.845305, -0.860207, -0.874928, -0.888882, -0.901594, -0.912714, -0.922018, -0.929384, -0.93477, -0.938182, -0.939627
-0.939627, -0.941055, -0.9443, -0.94909, -0.955046, -0.961716, -0.968625, -0.975322, -0.981432, -0.98668, -0.990921, -0.994129, -0.996387, -0.997852, -0.998716, -0.999161, -0.999324
-0.999324, -0.99947, -0.999739, -0.999968, -0.999934, -0.999391, -0.998119, -0.995964, -0.992869, -0.988905, -0.984263, -0.979247, -0.974241, -0.969664, -0.965921, -0.963358, -0.962224
-0.962224, -0.961072, -0.958339, -0.953985, -0.947964, -0.940261, -0.930932, -0.920132, -0.908134, -0.89534, -0.882265, -0.869512, -0.857727, -0.84755, -0.839564, -0.83424, -0.831918
-0.831918, -0.829581, -0.824111, -0.815596, -0.80417, -0.790054, -0.773571, -0.755172, -0.735433, -0.715049, -0.694808, -0.675552, -0.65813, -0.64334, -0.631883, -0.624314, -0.621029
-0.621029, -0.617733, -0.610055, -0.598204, -0.582482, -0.563318, -0.541279, -0.517063, -0.491495, -0.465495, -0.440049, -0.416156, -0.394783, -0.376812, -0.362995, -0.353915, -0.349985
-0.349985, -0.346049, -0.336907, -0.322868, -0.304371, -0.282018, -0.256556, -0.22887, -0.199948, -0.170852, -0.142664, -0.116449, -0.0931965, -0.0737855, -0.058946, -0.0492334, -0.0450399
-0.0450399, -0.0408457, -0.0311252, -0.016257, 0.00322153, 0.0266002, 0.0530177, 0.0814931, 0.110966, 0.140341, 0.168539, 0.194538, 0.217418, 0.236389, 0.250813, 0.260217, 0.264268
0.264268, 0.268314, 0.277672, 0.291928, 0.310502, 0.332642, 0.357456, 0.383962, 0.411131, 0.43794, 0.463417, 0.486681, 0.506972, 0.523665, 0.536277, 0.544461, 0.547978

0.583805, 0.580391, 0.572443, 0.560185, 0.543944, 0.524177, 0.50148, 0.476587, 0.45035, 0.423718, 0.397696, 0.373302, 0.35151, 0.333208, 0.319149, 0.309916, 0.305922
0.305922, 0.301923, 0.292636, 0.278382, 0.259621, 0.236972, 0.211206, 0.183227, 0.154041, 0.12472, 0.0963549, 0.0700081, 0.0466666, 0.0272009, 0.0123315, 0.00260493, -0.00159316
-0.00159316, -0.00579122, -0.0155175, -0.0303859, -0.0498492, -0.0731862, -0.0995259, -0.127881, -0.157189, -0.186359, -0.21432, -0.240067, -0.262697, -0.281441, -0.295681, -0.304959, -0.308954
-0.308954, -0.312944, -0.322167, -0.336211, -0.354491, -0.376256, -0.400618, -0.426602, -0.453192, -0.479386, -0.504235, -0.526888, -0.546615, -0.562822, -0.575052, -0.582983, -0.586389
-0.586389, -0.589784, -0.597611, -0.609469, -0.624796, -0.64288, -0.662904, -0.684, -0.705298, -0.725977, -0.745307, -0.762672, -0.777585, -0.789685, -0.798722, -0.804537, -0.807023
-0.807023, -0.809495, -0.815167, -0.823691, -0.83458, -0.847231, -0.860979, -0.875143, -0.889085, -0.902248, -0.914186, -0.924581, -0.933236, -0.940056, -0.945024, -0.94816, -0.949486
-0.949486, -0.950795, -0.953763, -0.958128, -0.963523, -0.969517, -0.975656, -0.981517, -0.986752, -0.991123, -0.994513, -0.996931, -0.998489, -0.99937, -0.999787, -0.999941, -0.999978
-0.999978, -0.999997, -0.999974, -0.999756, -0.999136, -0.997891, -0.995826, -0.992816, -0.988839, -0.983994, -0.978508, -0.972715, -0.967025, -0.96188, -0.957707, -0.954863, -0.953607
-0.953607, -0.952335, -0.949323, -0.944544, -0.937968, -0.929605, -0.919537, -0.907948, -0.895142, -0.881551, -0.86772, -0.854277, -0.84189, -0.831219, -0.822859, -0.817293, -0.814867
-0.814867, -0.812426, -0.806717, -0.797839, -0.785945, -0.771274, -0.754178, -0.735132, -0.714738, -0.693718, -0.672882, -0.65309, -0.635207, -0.620043, -0.608306, -0.600557, -0.597195
-0.597195, -0.593823, -0.585968, -0.573852, -0.557792, -0.538235, -0.515766, -0.491108, -0.465102, -0.438688, -0.412865, -0.388643, -0.366995, -0.348806, -0.33483, -0.325649, -0.321676
-0.321676, -0.317699, -0.308461, -0.29428, -0.275609, -0.253059, -0.227395, -0.199513, -0.170414, -0.141165, -0.112856, -0.0865496, -0.063234, -0.043783, -0.0289205, -0.0191964, -0.0149989
-0.0149989, -0.0108012, -0.00107449, 0.0137975, 0.0332711, 0.0566287, 0.0830026, 0.111408, 0.140781, 0.170032, 0.198084, 0.223927, 0.246652, 0.265481, 0.27979, 0.289115, 0.293131
0.293131, 0.297143, 0.306416, 0.320539, 0.338928, 0.360831, 0.38536, 0.411536, 0.43834, 0.464758, 0.489837, 0.512713, 0.532646, 0.54903, 0.561399, 0.569422, 0.572868
0.572868, 0.576304, 0.584226, 0.596231, 0.611755, 0.630082, 0.65039, 0.671802, 0.693439, 0.714467, 0.734142, 0.751836, 0.767046, 0.779397, 0.788629, 0.794572, 0.797114
0.797114, 0.799642, 0.805445, 0.81417, 0.825325, 0.838301, 0.852421, 0.866995, 0.881368, 0.894969, 0.907336, 0.918133, 0.927146, 0.934269, 0.939468, 0.942757, 0.944148
0.944148, 0.945523, 0.948645, 0.953245, 0.95895, 0.965318, 0.971883, 0.978206, 0.983925, 0.988781, 0.992641, 0.995495, 0.99744, 0.998643, 0.999307, 0.999622, 0.999729
0.999729, 0.999818, 0.999956, 0.999985, 0.999688, 0.998831, 0.997204, 0.994665, 0.991175, 0.986815, 0.981795, 0.97643, 0.971117, 0.966285, 0.962349, 0.95966, 0.958471
0.958471, 0.957265, 0.954407, 0.949862, 0.943592, 0.935593, 0.925931, 0.914776, 0.902415, 0.889263, 0.875848, 0.862784, 0.850728, 0.840329, 0.832174, 0.826741, 0.824372
0.824372, 0.821989, 0.81641, 0.807732, 0.796095, 0.781729, 0.76497, 0.746278, 0.726244, 0.705573, 0.685063, 0.665565, 0.647934, 0.632975, 0.621391, 0.613741, 0.610421
0.610421, 0.607091, 0.599333, 0.587361, 0.571486, 0.552144, 0.52991, 0.505493, 0.479726, 0.453538, 0.42792, 0.403877, 0.382378, 0.364308, 0.350418, 0.341291, 0.337342
0.337342, 0.333387, 0.324201, 0.310097, 0.29152, 0.269076, 0.243521, 0.215744, 0.186739, 0.157571, 0.129327, 0.103067, 0.079784, 0.0603529, 0.0455014, 0.0357826, 0.0315869
0.0315869, 0.0273906, 0.0176662, 0.00279468, -0.0166838, -0.0400557, -0.0664566, -0.0949036, -0.124335, -0.153658, -0.181794, -0.207726, -0.230539, -0.249448, -0.263822, -0.273192, -0.277228
-0.277228, -0.281259, -0.29058, -0.304778, -0.323271, -0.345307, -0.369997, -0.396358, -0.423366, -0.450003, -0.475305, -0.498397, -0.51853, -0.535087, -0.547591, -0.555704, -0.55919
-0.55919, -0.562665, -0.570679, -0.582829, -0.598546, -0.617111, -0.637698, -0.65942, -0.681388, -0.70276, -0.722776, -0.740792, -0.756295, -0.768895, -0.778318, -0.784389, -0.786986
-0.786986, -0.789569, -0.7955, -0.804424, -0.815842, -0.829139, -0.843628, -0.858607, -0.873408, -0.887444, -0.900236, -0.911431, -0.920802, -0.928224, -0.933654, -0.937094, -0.938551
-0.938551, -0.939992, -0.943266, -0.9481, -0.954113, -0.960853, -0.967842, -0.974627, -0.980826, -0.986166, -0.990495, -0.993785, -0.996116, -0.997642, -0.998552, -0.999028, -0.999205
-0.999205, -0.999363, -0.999663, -0.999938, -0.999965, -0.999495, -0.998306, -0.99624, -0.993238, -0.989365, -0.984811, -0.979877, -0.974942, -0.970424, -0.966727, -0.964193, -0.963071
-0.963071, -0.961932, -0.959229, -0.954919, -0.948956, -0.941322, -0.932071, -0.921353, -0.90944, -0.896729, -0.883734, -0.871054, -0.859332, -0.849207, -0.84126, -0.835962, -0.83365
-0.83365, -0.831325, -0.825879, -0.817402, -0.806027, -0.791968, -0.775551, -0.75722, -0.73755, -0.717233, -0.697055, -0.677857, -0.660483, -0.645733, -0.634305, -0.626756, -0.623479
-0.623479, -0.620191, -0.612532, -0.600709, -0.585023, -0.565902, -0.543908, -0.51974, -0.494218, -0.468263, -0.442857, -0.419, -0.397657, -0.37971, -0.365909, -0.35684, -0.352915
-0.352915, -0.348984, -0.339852, -0.325828, -0.307351, -0.285019, -0.25958, -0.231915, -0.203014, -0.173934, -0.145761, -0.119557, -0.096312, -0.0769062, -0.0620699, -0.0523589, -0.0481662

0.949468, 0.948142, 0.945006, 0.940037, 0.933215, 0.92456, 0.914163, 0.902223, 0.889059, 0.875116, 0.86095, 0.847201, 0.834549, 0.823659, 0.815135, 0.809462, 0.806989
0.806989, 0.804503, 0.798688, 0.78965, 0.77755, 0.762636, 0.745269, 0.725938, 0.705258, 0.683959, 0.662862, 0.642836, 0.624751, 0.609424, 0.597566, 0.589738, 0.586343
0.586343, 0.582937, 0.575006, 0.562775, 0.546567, 0.52684, 0.504186, 0.479336, 0.453142, 0.42655, 0.400566, 0.376203, 0.354438, 0.336157, 0.322114, 0.31289, 0.3089
0.3089, 0.304905, 0.295627, 0.281387, 0.262642, 0.240012, 0.214264, 0.186303, 0.157133, 0.127825, 0.0994694, 0.0731297, 0.0497926, 0.0303293, 0.0154608, 0.00573453, 0.00153646
0.00153646, -0.00266163, -0.0123882, -0.0272576, -0.0467232, -0.0700646, -0.0964113, -0.124776, -0.154097, -0.183283, -0.211262, -0.237027, -0.259676, -0.278437, -0.29269, -0.301977, -0.305976
-0.305976, -0.30997, -0.319203, -0.333262, -0.351563, -0.373354, -0.397748, -0.423769, -0.4504, -0.476637, -0.50153, -0.524225, -0.543992, -0.560232, -0.572489, -0.580437, -0.583851
-0.583851, -0.587254, -0.595099, -0.606985, -0.622349, -0.640479, -0.660558, -0.681714, -0.703076, -0.723821, -0.743217, -0.760644, -0.775614, -0.787761, -0.796835, -0.802674, -0.805171
-0.805171, -0.807653, -0.813351, -0.821913, -0.832852, -0.845565, -0.859383, -0.873625, -0.887648, -0.900894, -0.912913, -0.923384, -0.932107, -0.938985, -0.943996, -0.947161, -0.948499
-0.948499, -0.949821, -0.952818, -0.957227, -0.962681, -0.968745, -0.974964, -0.980913, -0.98624, -0.990702, -0.994181, -0.996681, -0.998312, -0.999254, -0.999718, -0.999902, -0.999952
-0.999952, -0.999984, -0.999992, -0.99982, -0.999261, -0.998089, -0.996107, -0.993186, -0.9893, -0.984547, -0.979149, -0.973436, -0.967817, -0.962731, -0.958603, -0.955788, -0.954545
-0.954545, -0.953285, -0.950302, -0.945567, -0.939049, -0.930754, -0.920763, -0.909255, -0.896533, -0.883024, -0.869272, -0.855899, -0.843575, -0.832955, -0.824634, -0.819092, -0.816677
-0.816677, -0.814247, -0.808562, -0.799722, -0.787876, -0.773263, -0.75623, -0.73725, -0.716923, -0.695969, -0.675193, -0.655457, -0.637621, -0.622495, -0.610787, -0.603056, -0.599702
-0.599702, -0.596338, -0.588501, -0.576413, -0.560387, -0.54087, -0.518445, -0.493831, -0.46787, -0.441498, -0.415713, -0.391524, -0.369904, -0.351738, -0.337777, -0.328606, -0.324638
-0.324638, -0.320665, -0.311436, -0.29727, -0.278616, -0.256086, -0.230441, -0.202579, -0.173497, -0.144263, -0.115965, -0.0896671, -0.066357, -0.0469094, -0.0320486, -0.0223254, -0.0181281
-0.0181281, -0.0139306, -0.0042041, 0.0106681, 0.030143, 0.0535039, 0.0798834, 0.108297, 0.137682, 0.166947, 0.195015, 0.220876, 0.243618, 0.262463, 0.276784, 0.286118, 0.290138
0.290138, 0.294153, 0.303435, 0.317572, 0.335982, 0.357911, 0.382471, 0.408682, 0.435525, 0.461985, 0.487106, 0.510024, 0.529995, 0.546411, 0.558806, 0.566846, 0.5703
0.5703, 0.573743, 0.581683, 0.593715, 0.609276, 0.627649, 0.64801, 0.669481, 0.69118, 0.712274, 0.732014, 0.749769, 0.765034, 0.777433, 0.7867, 0.792668, 0.79522
0.79522, 0.797759, 0.803586, 0.812349, 0.823554, 0.83659, 0.85078, 0.865431, 0.879885, 0.893568, 0.906016, 0.916888, 0.925969, 0.933148, 0.938391, 0.941708, 0.943112
0.943112, 0.9445, 0.947651, 0.952295, 0.958058, 0.964496, 0.971141, 0.977552, 0.983361, 0.988309, 0.992257, 0.995194, 0.997211, 0.998476, 0.999186, 0.999531, 0.999651
0.999651, 0.999753, 0.999922, 0.999997, 0.999761, 0.998977, 0.997433, 0.994983, 0.991585, 0.987317, 0.982384, 0.977101, 0.971859, 0.967086, 0.963195, 0.960535, 0.959359
0.959359, 0.958166, 0.955337, 0.950836, 0.944623, 0.936693, 0.927109, 0.916036, 0.903759, 0.89069, 0.877354, 0.864362, 0.852369, 0.842021, 0.833906, 0.828498, 0.82614
0.82614, 0.823767, 0.818214, 0.809573, 0.797985, 0.783677, 0.766982, 0.748358, 0.728392, 0.707787, 0.687339, 0.667898, 0.650315, 0.635394, 0.62384, 0.616209, 0.612897
0.612897, 0.609574, 0.601835, 0.589891, 0.574051, 0.554751, 0.532561, 0.508191, 0.482469, 0.456325, 0.430746, 0.406738, 0.385268, 0.367221, 0.353347, 0.344231, 0.340287
0.340287, 0.336336, 0.32716, 0.31307, 0.294512, 0.272089, 0.246555, 0.218799, 0.189813, 0.160661, 0.132429, 0.10618, 0.0829032, 0.0634765, 0.0486276, 0.03891, 0.0347148
0.0347148, 0.0305189, 0.0207953, 0.00592427, -0.0135545, -0.0369284, -0.0633336, -0.0917876, -0.121229, -0.150565, -0.178715, -0.204663, -0.227492, -0.246416, -0.260802, -0.27018, -0.27422
-0.27422, -0.278254, -0.287584, -0.301796, -0.320308, -0.342369, -0.367087, -0.393483, -0.420529, -0.447206, -0.472549, -0.495682, -0.515852, -0.53244, -0.54497, -0.5531, -0.556592
-0.556592, -0.560075, -0.568107, -0.580283, -0.596036, -0.614646, -0.635284, -0.657064, -0.679094, -0.70053, -0.720609, -0.738687, -0.754244, -0.76689, -0.776349, -0.782444, -0.785051
-0.785051, -0.787644, -0.7936, -0.802561, -0.814029, -0.827386, -0.841944, -0.856999, -0.87188, -0.885997, -0.898868, -0.910139, -0.919577, -0.927055, -0.932529, -0.935997, -0.937466
-0.937466, -0.938919, -0.942222, -0.9471, -0.953171, -0.959982, -0.96705, -0.973921, -0.980212, -0.985643, -0.99006, -0.993432, -0.995836, -0.997422, -0.998379, -0.998886, -0.999075
-0.999075, -0.999247, -0.999577, -0.999899, -0.999986, -0.99959, -0.998483, -0.996506, -0.993596, -0.989815, -0.98535, -0.980497, -0.975634, -0.971175, -0.967523, -0.965018, -0.963909
-0.963909, -0.962783, -0.960108, -0.955844, -0.949938, -0.942374, -0.9332, -0.922565, -0.910737, -0.89811, -0.885195, -0.872587, -0.860928, -0.850856, -0.842948, -0.837675, -0.835375
-0.835375, -0.83306, -0.82764, -0.819201, -0.807875, -0.793875, -0.777523, -0.75926, -0.73966, -0.71941, -0.699296, -0.680154, -0.662829, -0.648119, -0.636722, -0.629191, -0.625923

0.952678, 0.953946, 0.956818, 0.961035, 0.966237, 0.971997, 0.97787, 0.983442, 0.988376, 0.992444, 0.995541, 0.997687, 0.999004, 0.999683, 0.999947, 1, 0.999993
0.999993, 0.999969, 0.999846, 0.999474, 0.998653, 0.997167, 0.99483, 0.991527, 0.987246, 0.9821, 0.976325, 0.970265, 0.964341, 0.959003, 0.954682, 0.951742, 0.950446
0.950446, 0.949132, 0.946024, 0.9411, 0.934335, 0.925747, 0.915427, 0.903569, 0.890488, 0.876626, 0.862538, 0.84886, 0.836269, 0.82543, 0.816943, 0.811295, 0.808834
0.808834, 0.806358, 0.800567, 0.791567, 0.779514, 0.764656, 0.747352, 0.728087, 0.707473, 0.686238, 0.665202, 0.64523, 0.627192, 0.611902, 0.600072, 0.592263, 0.588875
0.588875, 0.585477, 0.577564, 0.565359, 0.549186, 0.529497, 0.506886, 0.48208, 0.455929, 0.429379, 0.403431, 0.379101, 0.357363, 0.339103, 0.325075, 0.315861, 0.311875
0.311875, 0.307884, 0.298615, 0.284389, 0.265661, 0.243049, 0.21732, 0.189377, 0.160223, 0.130928, 0.102583, 0.0762505, 0.0529181, 0.0334573, 0.01859, 0.00886406, 0.00466606
0.00466606, 0.000467982, -0.00925879, -0.024129, -0.0435968, -0.0669424, -0.0932958, -0.12167, -0.151004, -0.180205, -0.208202, -0.233986, -0.256653, -0.27543, -0.289696, -0.298992, -0.302995
-0.302995, -0.306993, -0.316236, -0.330309, -0.348632, -0.370449, -0.394875, -0.420932, -0.447604, -0.473883, -0.498819, -0.521558, -0.541363, -0.557637, -0.56992, -0.577886, -0.581307
-0.581307, -0.584718, -0.592581, -0.604495, -0.619896, -0.638073, -0.658205, -0.679421, -0.700847, -0.721659, -0.741119, -0.758609, -0.773634, -0.78583, -0.79494, -0.800804, -0.803311
-0.803311, -0.805804, -0.811526, -0.820126, -0.831116, -0.84389, -0.857778, -0.872098, -0.886203, -0.899531, -0.911631, -0.922178, -0.930969, -0.937903, -0.942959, -0.946152, -0.947503
-0.947503, -0.948837, -0.951863, -0.956317, -0.961829, -0.967964, -0.974264, -0.9803, -0.985718, -0.990272, -0.993839, -0.996422, -0.998125, -0.999128, -0.999639, -0.999853, -0.999916
-0.999916, -0.999962, -1, -0.999875, -0.999377, -0.998278, -0.996378, -0.993546, -0.989752, -0.98509, -0.97978, -0.974148, -0.9686, -0.963573, -0.959489, -0.956703, -0.955473
-0.955473, -0.954226, -0.951272, -0.946581, -0.94012, -0.931894, -0.921979, -0.910553, -0.897915, -0.884489, -0.870814, -0.857514, -0.845251, -0.834683, -0.8264, -0.820884, -0.818479
-0.818479, -0.81606, -0.8104, -0.801597, -0.789799, -0.775243, -0.758274, -0.73936, -0.719102, -0.698212, -0.677499, -0.657817, -0.640029, -0.624941, -0.613262, -0.60555, -0.602204
-0.602204, -0.598847, -0.591029, -0.578967, -0.562976, -0.543499, -0.521119, -0.49655, -0.470634, -0.444304, -0.418558, -0.394402, -0.37281, -0.354665, -0.340721, -0.33156, -0.327597
-0.327597, -0.323627, -0.314409, -0.300256, -0.28162, -0.25911, -0.233486, -0.205642, -0.176578, -0.147359, -0.119073, -0.0927836, -0.0694794, -0.0500353, -0.0351765, -0.0254541, -0.0212571
-0.0212571, -0.0170598, -0.00733367, 0.00753866, 0.0270147, 0.0503785, 0.0767634, 0.105185, 0.134582, 0.16386, 0.191945, 0.217822, 0.240581, 0.259441, 0.273775, 0.283118, 0.287141
0.287141, 0.29116, 0.300452, 0.314603, 0.333033, 0.354987, 0.379577, 0.405824, 0.432705, 0.459207, 0.484371, 0.507329, 0.527338, 0.543788, 0.556208, 0.564265, 0.567726
0.567726, 0.571177, 0.579134, 0.591194, 0.606792, 0.625209, 0.645623, 0.667153, 0.688915, 0.710073, 0.729878, 0.747694, 0.763015, 0.77546, 0.784765, 0.790756, 0.793319
0.793319, 0.795868, 0.801719, 0.81052, 0.821774, 0.834872, 0.849132, 0.863859, 0.878394, 0.892159, 0.904687, 0.915634, 0.924783, 0.932019, 0.937305, 0.940651, 0.942067
0.942067, 0.943467, 0.946647, 0.951335, 0.957157, 0.963665, 0.97039, 0.976887, 0.982788, 0.987827, 0.991863, 0.994882, 0.996973, 0.998298, 0.999055, 0.99943, 0.999563
0.999563, 0.999679, 0.999878, 1, 0.999825, 0.999114, 0.997652, 0.995291, 0.991985, 0.987809, 0.982964, 0.977762, 0.972592, 0.967878, 0.964032, 0.961401, 0.960237
0.960237, 0.959057, 0.956257, 0.951801, 0.945646, 0.937784, 0.928277, 0.917287, 0.905094, 0.892108, 0.878851, 0.865932, 0.854001, 0.843705, 0.835629, 0.830246, 0.827899
0.827899, 0.825537, 0.820009, 0.811406, 0.799868, 0.785617, 0.768986, 0.75043, 0.730532, 0.709994, 0.689609, 0.670224, 0.652689, 0.637808, 0.626283, 0.618671, 0.615367
0.615367, 0.612052, 0.604331, 0.592416, 0.576611, 0.557352, 0.535208, 0.510884, 0.485208, 0.459107, 0.433569, 0.409595, 0.388154, 0.37013, 0.356273, 0.347168, 0.343228
0.343228, 0.339282, 0.330116, 0.316041, 0.297502, 0.275099, 0.249587, 0.221851, 0.192885, 0.163749, 0.135531, 0.109291, 0.0860217, 0.0665995, 0.0517533, 0.0420371, 0.0378423
0.0378423, 0.0336469, 0.0239241, 0.0090538, -0.0104251, -0.0338007, -0.0602099, -0.0886708, -0.118122, -0.14747, -0.175635, -0.201599, -0.224443, -0.243382, -0.25778, -0.267166, -0.271209
-0.271209, -0.275247, -0.284585, -0.298811, -0.317342, -0.339427, -0.364175, -0.390604, -0.417687, -0.444405, -0.469788, -0.492961, -0.513168, -0.529788, -0.542343, -0.55049, -0.553989
-0.553989, -0.55748, -0.565528, -0.577731, -0.59352, -0.612174, -0.632864, -0.654701, -0.676794, -0.698293, -0.718436, -0.736573, -0.752185, -0.764878, -0.774373, -0.780491, -0.783108
-0.783108, -0.785712, -0.791692, -0.80069, -0.812207, -0.825624, -0.840251, -0.855382, -0.870343, -0.884541, -0.897493, -0.908838, -0.918342, -0.925877, -0.931394, -0.934891, -0.936372
-0.936372, -0.937838, -0.941169, -0.946091, -0.95222, -0.9591, -0.966248, -0.973206, -0.979587, -0.98511, -0.989615, -0.993069, -0.995545, -0.997193, -0.998196, -0.998733, -0.998935
-0.998935, -0.99912, -0.999481, -0.999849, -0.999998, -0.999675, -0.998651, -0.996762, -0.993945, -0.990256, -0.985879, -0.981107, -0.976316, -0.971916, -0.968309, -0.965834, -0.964737

0.592209, 0.595586, 0.603371, 0.615164, 0.630404, 0.648381, 0.66828, 0.689237, 0.710386, 0.730913, 0.750091, 0.767312, 0.782095, 0.794084, 0.803036, 0.808794, 0.811256
0.811256, 0.813703, 0.819319, 0.827755, 0.838527, 0.851036, 0.864621, 0.878606, 0.89236, 0.905331, 0.917082, 0.927302, 0.9358, 0.942489, 0.947355, 0.950425, 0.951722
0.951722, 0.953002, 0.955904, 0.960166, 0.965426, 0.971257, 0.97721, 0.98287, 0.987896, 0.992055, 0.995241, 0.997469, 0.998859, 0.9996, 0.99991, 0.999993, 1
1, 0.999989, 0.999896, 0.999571, 0.998811, 0.997398, 0.995143, 0.991929, 0.98774, 0.982685, 0.976997, 0.971018, 0.965165, 0.959885, 0.955609, 0.952698, 0.951414
0.951414, 0.950113, 0.947034, 0.942154, 0.935446, 0.926926, 0.916682, 0.904905, 0.891907, 0.878128, 0.864117, 0.85051, 0.837981, 0.827193, 0.818744, 0.813121, 0.81067
0.81067, 0.808205, 0.802439, 0.793475, 0.78147, 0.766669, 0.749428, 0.730229, 0.709681, 0.688511, 0.667535, 0.647618, 0.629627, 0.614375, 0.602573, 0.594781, 0.591401
0.591401, 0.588011, 0.580116, 0.567938, 0.551798, 0.532149, 0.509581, 0.48482, 0.458712, 0.432203, 0.406293, 0.381995, 0.360284, 0.342046, 0.328033, 0.318829, 0.314847
0.314847, 0.31086, 0.3016, 0.287388, 0.268677, 0.246083, 0.220374, 0.192449, 0.163311, 0.13403, 0.105696, 0.0793707, 0.056043, 0.036585, 0.021719, 0.0119935, 0.00779562
0.00779562, 0.00359759, -0.00612926, -0.0210002, -0.04047, -0.0638194, -0.0901794, -0.118564, -0.14791, -0.177126, -0.20514, -0.230942, -0.253627, -0.27242, -0.286699, -0.296004, -0.300011
-0.300011, -0.304013, -0.313265, -0.327354, -0.345697, -0.36754, -0.391998, -0.418091, -0.444803, -0.471125, -0.496105, -0.518885, -0.538729, -0.555036, -0.567346, -0.575329, -0.578758
-0.578758, -0.582176, -0.590057, -0.601999, -0.617438, -0.63566, -0.655845, -0.677121, -0.698611, -0.719489, -0.739015, -0.756566, -0.771648, -0.78389, -0.793038, -0.798925, -0.801443
-0.801443, -0.803947, -0.809693, -0.818331, -0.829371, -0.842207, -0.856165, -0.870562, -0.884749, -0.89816, -0.910341, -0.920963, -0.929822, -0.936813, -0.941912, -0.945135, -0.946498
-0.946498, -0.947844, -0.950899, -0.955397, -0.960968, -0.967174, -0.973554, -0.979677, -0.985186, -0.989831, -0.993487, -0.996152, -0.997929, -0.998993, -0.99955, -0.999794, -0.999871
-0.999871, -0.999929, -0.999998, -0.999919, -0.999482, -0.998457, -0.996639, -0.993896, -0.990194, -0.985624, -0.980401, -0.97485, -0.969373, -0.964405, -0.960366, -0.95761, -0.956392
-0.956392, -0.955157, -0.952232, -0.947585, -0.941182, -0.933025, -0.923187, -0.911842, -0.899288, -0.885945, -0.872349, -0.85912, -0.84692, -0.836402, -0.828158, -0.822667, -0.820273
-0.820273, -0.817865, -0.812229, -0.803464, -0.791715, -0.777216, -0.76031, -0.741464, -0.721273, -0.700449, -0.679797, -0.660171, -0.64243, -0.627381, -0.615731, -0.608038, -0.604699
-0.604699, -0.60135, -0.59355, -0.581516, -0.56556, -0.546124, -0.523787, -0.499264, -0.473393, -0.447106, -0.421398, -0.397276, -0.375712, -0.35759, -0.343662, -0.334511, -0.330552
-0.330552, -0.326587, -0.317378, -0.30324, -0.284622, -0.262131, -0.236528, -0.208704, -0.179658, -0.150454, -0.12218, -0.0958993, -0.0726011, -0.0531607, -0.038304, -0.0285826, -0.0243859
-0.0243859, -0.0201889, -0.0104632, 0.00440909, 0.0238861, 0.0472526, 0.0736427, 0.102072, 0.13148, 0.160772, 0.188873, 0.214767, 0.237542, 0.256418, 0.270764, 0.280115, 0.284142
0.284142, 0.288165, 0.297465, 0.311631, 0.33008, 0.352059, 0.37668, 0.402962, 0.429882, 0.456425, 0.48163, 0.50463, 0.524676, 0.541159, 0.553605, 0.561679, 0.565147
0.565147, 0.568606, 0.57658, 0.588667, 0.604301, 0.622764, 0.64323, 0.664818, 0.686643, 0.707866, 0.727735, 0.745612, 0.760988, 0.77348, 0.782821, 0.788836, 0.79141
0.79141, 0.793969, 0.799845, 0.808683, 0.819987, 0.833145, 0.847474, 0.862278, 0.876894, 0.890741, 0.903349, 0.914372, 0.923588, 0.93088, 0.93621, 0.939584, 0.941013
0.941013, 0.942425, 0.945633, 0.950366, 0.956246, 0.962824, 0.969629, 0.976214, 0.982205, 0.987335, 0.99146, 0.994561, 0.996724, 0.998111, 0.998914, 0.99932, 0.999466
0.999466, 0.999594, 0.999824, 0.999992, 0.999878, 0.999241, 0.997861, 0.99559, 0.992376, 0.988291, 0.983535, 0.978413, 0.973314, 0.96866, 0.964859, 0.962257, 0.961106
0.961106, 0.959939, 0.957168, 0.952756, 0.946659, 0.938866, 0.929437, 0.918528, 0.906421, 0.893518, 0.88034, 0.867493, 0.855625, 0.845381, 0.837344, 0.831987, 0.82965
0.82965, 0.827299, 0.821796, 0.813231, 0.801742, 0.78755, 0.770983, 0.752495, 0.732666, 0.712195, 0.691872, 0.672543, 0.655057, 0.640215, 0.62872, 0.621126, 0.617831
0.617831, 0.614524, 0.606822, 0.594934, 0.579165, 0.559948, 0.537849, 0.513572, 0.487942, 0.461885, 0.436387, 0.412448, 0.391037, 0.373035, 0.359196, 0.350101, 0.346166
0.346166, 0.342224, 0.333068, 0.319009, 0.300488, 0.278107, 0.252616, 0.224902, 0.195955, 0.166836, 0.138631, 0.112401, 0.0891393, 0.0697219, 0.0548784, 0.0451637, 0.0409695
0.0409695, 0.0367746, 0.0270527, 0.0121832, -0.00729565, -0.0306727, -0.0570857, -0.085553, -0.115014, -0.144374, -0.172553, -0.198533, -0.221393, -0.240345, -0.254755, -0.264148, -0.268195
-0.268195, -0.272237, -0.281584, -0.295823, -0.314373, -0.336481, -0.361258, -0.387721, -0.414842, -0.441599, -0.467023, -0.490236, -0.510479, -0.527132, -0.539711, -0.547874, -0.551381
-0.551381, -0.554879, -0.562944, -0.575174, -0.590998, -0.609696, -0.630438, -0.652332, -0.674487, -0.696049, -0.716255, -0.734453, -0.750119, -0.762858, -0.772389, -0.77853, -0.781158
-0.781158, -0.783772, -0.789776, -0.798811, -0.810377, -0.823854, -0.83855, -0.853756, -0.868798, -0.883077, -0.896108, -0.907528, -0.917099, -0.92469, -0.93025, -0.933775, -0.935269

0.0056673, 0.00986527, 0.0195911, 0.034458, 0.0539179, 0.0772488, 0.103579, 0.13192, 0.161211, 0.19036, 0.218298, 0.24402, 0.266626, 0.285348, 0.29957, 0.308836, 0.312826
0.312826, 0.316811, 0.326022, 0.340045, 0.358298, 0.380027, 0.404347, 0.430283, 0.45682, 0.482957, 0.507749, 0.530346, 0.550022, 0.566185, 0.578381, 0.586288, 0.589684
0.589684, 0.593069, 0.600873, 0.612694, 0.627972, 0.645995, 0.665949, 0.686966, 0.70818, 0.728773, 0.748017, 0.765301, 0.780141, 0.792178, 0.801167, 0.80695, 0.809422
0.809422, 0.81188, 0.817521, 0.825995, 0.836817, 0.849389, 0.863044, 0.877107, 0.890943, 0.903997, 0.91583, 0.926126, 0.934692, 0.941438, 0.946348, 0.949447, 0.950756
0.950756, 0.952049, 0.95498, 0.959286, 0.964606, 0.970507, 0.976541, 0.982288, 0.987405, 0.991657, 0.994931, 0.997242, 0.998705, 0.999506, 0.999863, 0.999977, 0.999997
0.999997, 0.999999, 0.999936, 0.999658, 0.998958, 0.997618, 0.995446, 0.992321, 0.988223, 0.98326, 0.97766, 0.971761, 0.965979, 0.960758, 0.956527, 0.953645, 0.952373
0.952373, 0.951084, 0.948034, 0.943198, 0.936548, 0.928096, 0.917929, 0.906233, 0.893318, 0.879621, 0.865688, 0.852152, 0.839685, 0.828947, 0.820537, 0.814939, 0.812499
0.812499, 0.810044, 0.804302, 0.795376, 0.783419, 0.768675, 0.751497, 0.732363, 0.711883, 0.690778, 0.669862, 0.65, 0.632055, 0.616841, 0.605067, 0.597294, 0.593922
0.593922, 0.59054, 0.582662, 0.570511, 0.554406, 0.534796, 0.512271, 0.487554, 0.461491, 0.435023, 0.409151, 0.384886, 0.363202, 0.344985, 0.330988, 0.321794, 0.317816
0.317816, 0.313833, 0.304583, 0.290384, 0.27169, 0.249115, 0.223426, 0.195519, 0.166398, 0.137131, 0.108807, 0.08249, 0.0591675, 0.0397123, 0.0248478, 0.0151228, 0.0109251
0.0109251, 0.00672717, -0.00299968, -0.0178712, -0.0373427, -0.0606959, -0.0870621, -0.115455, -0.144814, -0.174045, -0.202076, -0.227896, -0.250598, -0.269407, -0.283699, -0.293013, -0.297024
-0.297024, -0.30103, -0.310292, -0.324395, -0.342758, -0.364628, -0.389117, -0.415246, -0.441998, -0.468362, -0.493385, -0.516207, -0.53609, -0.55243, -0.564766, -0.572766, -0.576202
-0.576202, -0.579629, -0.587527, -0.599497, -0.614973, -0.633241, -0.65348, -0.674815, -0.696368, -0.717311, -0.736903, -0.754516, -0.769653, -0.781943, -0.791127, -0.797039, -0.799567
-0.799567, -0.802082, -0.807853, -0.816529, -0.827618, -0.840515, -0.854544, -0.869018, -0.883286, -0.896779, -0.909041, -0.919739, -0.928665, -0.935714, -0.940857, -0.944108, -0.945483
-0.945483, -0.946842, -0.949926, -0.954468, -0.960098, -0.966374, -0.972834, -0.979044, -0.984644, -0.989381, -0.993126, -0.995873, -0.997723, -0.998847, -0.999451, -0.999726, -0.999815
-0.999815, -0.999887, -0.999986, -0.999954, -0.999578, -0.998626, -0.996891, -0.994236, -0.990626, -0.986148, -0.981013, -0.975543, -0.970137, -0.965228, -0.961234, -0.958506, -0.957301
-0.957301, -0.956079, -0.953183, -0.94858, -0.942235, -0.934146, -0.924385, -0.913123, -0.900652, -0.887392, -0.873874, -0.860717, -0.84858, -0.838113, -0.829908, -0.824442, -0.822059
-0.822059, -0.819662, -0.814051, -0.805323, -0.793623, -0.779182, -0.762339, -0.74356, -0.723437, -0.70268, -0.682089, -0.662519, -0.644825, -0.629815, -0.618194, -0.610519, -0.607189
-0.607189, -0.603848, -0.596066, -0.584059, -0.568138, -0.548743, -0.52645, -0.501974, -0.476147, -0.449903, -0.424234, -0.400146, -0.378611, -0.360511, -0.346599, -0.337459, -0.333504
-0.333504, -0.329543, -0.320344, -0.306221, -0.28762, -0.26515, -0.239567, -0.211764, -0.182735, -0.153547, -0.125286, -0.099014, -0.0757221, -0.0562857, -0.0414311, -0.0317108, -0.0275145
-0.0275145, -0.0233178, -0.0135926, 0.00127949, 0.0207573, 0.0441262, 0.0705212, 0.0989586, 0.128377, 0.157682, 0.185798, 0.211709, 0.234501, 0.253391, 0.26775, 0.277109, 0.28114
0.28114, 0.285166, 0.294476, 0.308656, 0.327124, 0.349128, 0.373779, 0.400095, 0.427054, 0.453638, 0.478885, 0.501925, 0.52201, 0.538524, 0.550996, 0.559087, 0.562563
0.562563, 0.566028, 0.57402, 0.586134, 0.601805, 0.620312, 0.640831, 0.662477, 0.684365, 0.705652, 0.725585, 0.743523, 0.758954, 0.771493, 0.78087, 0.786909, 0.789493
0.789493, 0.792062, 0.797962, 0.806838, 0.818192, 0.83141, 0.845809, 0.860689, 0.875385, 0.889314, 0.902002, 0.9131, 0.922383, 0.929732, 0.935106, 0.938508, 0.939949
0.939949, 0.941374, 0.944611, 0.949387, 0.955325, 0.961974, 0.968859, 0.97553, 0.981612, 0.986833, 0.991047, 0.99423, 0.996466, 0.997913, 0.998763, 0.9992, 0.999359
0.999359, 0.9995, 0.99976, 0.999975, 0.999922, 0.999358, 0.998061, 0.995878, 0.992756, 0.988764, 0.984096, 0.979055, 0.974028, 0.969433, 0.965677, 0.963104, 0.961966
0.961966, 0.960811, 0.958069, 0.953702, 0.947663, 0.939939, 0.930587, 0.919761, 0.907738, 0.894919, 0.88182, 0.869045, 0.857241, 0.847049, 0.83905, 0.833719, 0.831393
0.831393, 0.829053, 0.823575, 0.815049, 0.803609, 0.789474, 0.772972, 0.754552, 0.734792, 0.714388, 0.694128, 0.674856, 0.657418, 0.642616, 0.631151, 0.623576, 0.620289
0.620289, 0.61699, 0.609306, 0.597447, 0.581714, 0.562538, 0.540485, 0.516255, 0.490672, 0.464659, 0.4392, 0.415297, 0.393915, 0.375937, 0.362115, 0.353031, 0.3491
0.3491, 0.345163, 0.336018, 0.321973, 0.303472, 0.281111, 0.255643, 0.22795, 0.199023, 0.169921, 0.14173, 0.115511, 0.092256, 0.0728435, 0.0580031, 0.0482899, 0.0440963
0.0440963, 0.0399019, 0.030181, 0.0153126, -0.00416608, -0.0275444, -0.0539609, -0.0824345, -0.111904, -0.141276, -0.16947, -0.195464, -0.21834, -0.237306, -0.251727, -0.261129, -0.265179
-0.265179, -0.269224, -0.278579, -0.292832, -0.3114, -0.333532, -0.358338, -0.384834, -0.411992, -0.438789, -0.464254, -0.487506, -0.507786, -0.524469, -0.537074, -0.545253, -0.548768

-0.583037, -0.579622, -0.571668, -0.559403, -0.543151, -0.523372, -0.500663, -0.475756, -0.449506, -0.422862, -0.396829, -0.372425, -0.350626, -0.332318, -0.318254, -0.309018, -0.305023
-0.305023, -0.301022, -0.291732, -0.277475, -0.258709, -0.236055, -0.210283, -0.182298, -0.153108, -0.123783, -0.0954147, -0.0690658, -0.0457231, -0.0262567, -0.011387, -0.00166038, 0.00253771
0.00253771, 0.00673576, 0.016462, 0.03133, 0.0507926, 0.0741282, 0.100466, 0.128818, 0.158121, 0.187286, 0.215242, 0.240984, 0.263608, 0.282347, 0.296583, 0.305858, 0.309852
0.309852, 0.313841, 0.323062, 0.3371, 0.355374, 0.377131, 0.401483, 0.427456, 0.454034, 0.480214, 0.50505, 0.52769, 0.547406, 0.563602, 0.575825, 0.58375, 0.587153
0.587153, 0.590546, 0.598368, 0.610218, 0.625533, 0.643603, 0.663611, 0.684689, 0.705967, 0.726627, 0.745937, 0.763283, 0.778179, 0.790264, 0.79929, 0.805097, 0.80758
0.80758, 0.810049, 0.815714, 0.824227, 0.8351, 0.847733, 0.861459, 0.8756, 0.889517, 0.902655, 0.914569, 0.924941, 0.933575, 0.940378, 0.945333, 0.94846, 0.949782
0.949782, 0.951087, 0.954047, 0.958398, 0.963776, 0.969748, 0.975862, 0.981697, 0.986905, 0.991248, 0.994612, 0.997005, 0.99854, 0.999403, 0.999806, 0.99995, 0.999983
0.999983, 0.999999, 0.999967, 0.999735, 0.999096, 0.997829, 0.99574, 0.992703, 0.988698, 0.983825, 0.978313, 0.972495, 0.966784, 0.961622, 0.957435, 0.954582, 0.953323
0.953323, 0.952047, 0.949026, 0.944233, 0.93764, 0.929257, 0.919166, 0.907551, 0.89472, 0.881105, 0.86725, 0.853785, 0.84138, 0.830694, 0.822322, 0.816748, 0.814319
0.814319, 0.811875, 0.806158, 0.797269, 0.78536, 0.770673, 0.753558, 0.734491, 0.714077, 0.693037, 0.672183, 0.652375, 0.634477, 0.619301, 0.607556, 0.599802, 0.596437
0.596437, 0.593062, 0.585203, 0.573078, 0.557008, 0.537438, 0.514957, 0.490285, 0.464265, 0.437839, 0.412004, 0.387772, 0.366116, 0.347921, 0.33394, 0.324755, 0.320782
0.320782, 0.316803, 0.307562, 0.293377, 0.274701, 0.252145, 0.226475, 0.198587, 0.169483, 0.14023, 0.111918, 0.0856086, 0.0622913, 0.0428393, 0.0279763, 0.018252, 0.0140545
0.0140545, 0.00985668, 0.000129938, -0.014742, -0.0342151, -0.0575717, -0.0839439, -0.112346, -0.141716, -0.170962, -0.19901, -0.224848, -0.247567, -0.266392, -0.280697, -0.290019, -0.294034
-0.294034, -0.298044, -0.307315, -0.321433, -0.339817, -0.361712, -0.386232, -0.412397, -0.439188, -0.465595, -0.49066, -0.513524, -0.533445, -0.549819, -0.562181, -0.570198, -0.573642
-0.573642, -0.577075, -0.584992, -0.596989, -0.612502, -0.630815, -0.651108, -0.672502, -0.694119, -0.715127, -0.734783, -0.752458, -0.767651, -0.779989, -0.789209, -0.795145, -0.797684
-0.797684, -0.800209, -0.806004, -0.814718, -0.825858, -0.838815, -0.852914, -0.867465, -0.881814, -0.89539, -0.907732, -0.918506, -0.9275, -0.934605, -0.939792, -0.943071, -0.944459
-0.944459, -0.94583, -0.948944, -0.95353, -0.959218, -0.965564, -0.972105, -0.978402, -0.984093, -0.988922, -0.992755, -0.995584, -0.997507, -0.998692, -0.999342, -0.999648, -0.99975
-0.99975, -0.999835, -0.999964, -0.999979, -0.999664, -0.998785, -0.997133, -0.994567, -0.991049, -0.986662, -0.981615, -0.976226, -0.970891, -0.966042, -0.962092, -0.959394, -0.958201
-0.958201, -0.956992, -0.954125, -0.949566, -0.943279, -0.935259, -0.925574, -0.914394, -0.902008, -0.88883, -0.875392, -0.862306, -0.850231, -0.839816, -0.83165, -0.826209, -0.823837
-0.823837, -0.82145, -0.815864, -0.807175, -0.795523, -0.78114, -0.764361, -0.745649, -0.725594, -0.704903, -0.684374, -0.66486, -0.647214, -0.632243, -0.620651, -0.612995, -0.609673
-0.609673, -0.60634, -0.598576, -0.586597, -0.570711, -0.551356, -0.529109, -0.504678, -0.478897, -0.452696, -0.427066, -0.403013, -0.381505, -0.363428, -0.349533, -0.340403, -0.336453
-0.336453, -0.332497, -0.323307, -0.309199, -0.290616, -0.268166, -0.242605, -0.214821, -0.185811, -0.156639, -0.12839, -0.102128, -0.0788424, -0.05941, -0.0445578, -0.0348386, -0.0306428
-0.0306428, -0.0264464, -0.0167218, -0.00185013, 0.0176282, 0.0409994, 0.067399, 0.0958438, 0.125272, 0.154591, 0.182722, 0.20865, 0.231458, 0.250363, 0.264733, 0.274101, 0.278135
0.278135, 0.282165, 0.291484, 0.305677, 0.324165, 0.346194, 0.370874, 0.397225, 0.424222, 0.450847, 0.476135, 0.499216, 0.519338, 0.535884, 0.548381, 0.556489, 0.559972
0.559972, 0.563446, 0.571455, 0.583596, 0.599302, 0.617854, 0.638425, 0.66013, 0.682079, 0.703431, 0.723428, 0.741427, 0.756913, 0.769498, 0.778911, 0.784974, 0.787568
0.787568, 0.790148, 0.796072, 0.804985, 0.816388, 0.829667, 0.844135, 0.859091, 0.873868, 0.887879, 0.900646, 0.911819, 0.92117, 0.928575, 0.933992, 0.937423, 0.938877
0.938877, 0.940314, 0.943579, 0.9484, 0.954396, 0.961115, 0.968079, 0.974838, 0.98101, 0.986322, 0.990624, 0.99389, 0.996199, 0.997706, 0.998603, 0.99907, 0.999242
0.999242, 0.999396, 0.999687, 0.999949, 0.999956, 0.999465, 0.998251, 0.996157, 0.993128, 0.989227, 0.984647, 0.979688, 0.974732, 0.970196, 0.966485, 0.963942, 0.962816
0.962816, 0.961674, 0.958961, 0.954638, 0.948657, 0.941003, 0.931728, 0.920985, 0.909047, 0.896311, 0.883292, 0.870589, 0.858848, 0.848708, 0.840749, 0.835443, 0.833128
0.833128, 0.830799, 0.825346, 0.816858, 0.805467, 0.791391, 0.774954, 0.756603, 0.736912, 0.716575, 0.696378, 0.677162, 0.659773, 0.645011, 0.633575, 0.62602, 0.62274
0.62274, 0.61945, 0.611785, 0.599953, 0.584256, 0.565122, 0.543115, 0.518932, 0.493396, 0.467428, 0.44201, 0.418142, 0.39679, 0.378836, 0.36503, 0.355957, 0.352031
0.352031, 0.348099, 0.338964, 0.324935, 0.306452, 0.284114, 0.258668, 0.230996, 0.202089, 0.173004, 0.144827, 0.118619, 0.0953718, 0.0759645, 0.0611271, 0.0514157, 0.0472227

-0.949171, -0.947841, -0.944696, -0.939714, -0.932876, -0.924199, -0.91378, -0.901816, -0.888627, -0.874658, -0.860469, -0.846699, -0.834028, -0.823123, -0.814587, -0.808907, -0.806431
-0.806431, -0.803942, -0.798119, -0.789071, -0.776955, -0.762024, -0.744639, -0.725288, -0.704588, -0.683269, -0.662154, -0.642112, -0.624014, -0.608675, -0.596808, -0.588975, -0.585577
-0.585577, -0.582169, -0.574233, -0.561994, -0.545776, -0.526036, -0.50337, -0.478507, -0.452299, -0.425696, -0.3997, -0.375328, -0.353555, -0.335268, -0.321219, -0.311993, -0.308002
-0.308002, -0.304005, -0.294724, -0.28048, -0.261731, -0.239095, -0.213342, -0.185375, -0.1562, -0.126888, -0.0985295, -0.0721876, -0.0488492, -0.0293851, -0.0145164, -0.00478998, -0.000591904
-0.000591904, 0.00360619, 0.0133327, 0.0282018, 0.0476667, 0.0710068, 0.0973514, 0.125713, 0.15503, 0.184211, 0.212185, 0.237945, 0.260588, 0.279344, 0.293593, 0.302877, 0.306875
0.306875, 0.310868, 0.320098, 0.334152, 0.352447, 0.37423, 0.398615, 0.424624, 0.451243, 0.477467, 0.502346, 0.525029, 0.544784, 0.561014, 0.573263, 0.581206, 0.584617
0.584617, 0.588018, 0.595858, 0.607735, 0.623088, 0.641204, 0.661267, 0.682404, 0.703747, 0.724473, 0.743849, 0.761257, 0.77621, 0.788343, 0.797405, 0.803237, 0.805731
0.805731, 0.80821, 0.8139, 0.82245, 0.833374, 0.846069, 0.859865, 0.874084, 0.888083, 0.901304, 0.913298, 0.923746, 0.932448, 0.939309, 0.944307, 0.947463, 0.948798
0.948798, 0.950116, 0.953104, 0.9575, 0.962936, 0.968979, 0.975174, 0.981096, 0.986396, 0.99083, 0.994282, 0.996758, 0.998367, 0.99929, 0.99974, 0.999914, 0.99996
0.99996, 0.999989, 0.999987, 0.999802, 0.999224, 0.998031, 0.996023, 0.993075, 0.989162, 0.984381, 0.978956, 0.973219, 0.967579, 0.962476, 0.958333, 0.95551, 0.954263
0.954263, 0.952999, 0.950007, 0.945259, 0.938723, 0.930409, 0.920394, 0.908861, 0.896114, 0.882581, 0.868804, 0.855411, 0.843067, 0.832432, 0.824099, 0.81855, 0.816131
0.816131, 0.813698, 0.808006, 0.799154, 0.787294, 0.772663, 0.755611, 0.736611, 0.716265, 0.69529, 0.674496, 0.654743, 0.636893, 0.621755, 0.610039, 0.602303, 0.598946
0.598946, 0.595579, 0.587738, 0.57564, 0.559604, 0.540075, 0.517637, 0.49301, 0.467035, 0.440651, 0.414854, 0.390655, 0.369026, 0.350853, 0.336888, 0.327714, 0.323745
0.323745, 0.31977, 0.310539, 0.296368, 0.277708, 0.255172, 0.229522, 0.201653, 0.172566, 0.143328, 0.115027, 0.0887263, 0.0654145, 0.0459658, 0.0311045, 0.021381, 0.0171837
0.0171837, 0.0129861, 0.00325955, -0.0116126, -0.0310872, -0.054447, -0.0808249, -0.109236, -0.138618, -0.167878, -0.195942, -0.221797, -0.244534, -0.263374, -0.277692, -0.287023, -0.291042
-0.291042, -0.295055, -0.304335, -0.318468, -0.336871, -0.358793, -0.383343, -0.409544, -0.436375, -0.462823, -0.487931, -0.510836, -0.530795, -0.547202, -0.55959, -0.567624, -0.571076
-0.571076, -0.574517, -0.582451, -0.594475, -0.610025, -0.628384, -0.648729, -0.670182, -0.691863, -0.712936, -0.732657, -0.750393, -0.765642, -0.778026, -0.787283, -0.793243, -0.795793
-0.795793, -0.798328, -0.804148, -0.812899, -0.824089, -0.837107, -0.851276, -0.865904, -0.880334, -0.893992, -0.906415, -0.917264, -0.926325, -0.933488, -0.938717, -0.942026, -0.943426
-0.943426, -0.94481, -0.947952, -0.952582, -0.958328, -0.964745, -0.971366, -0.97775, -0.983532, -0.988452, -0.992374, -0.995286, -0.997281, -0.998527, -0.999224, -0.99956, -0.999675
-0.999675, -0.999774, -0.999933, -0.999995, -0.99974, -0.998934, -0.997365, -0.994888, -0.991462, -0.987167, -0.982207, -0.976899, -0.971636, -0.966846, -0.962941, -0.960272, -0.959092
-0.959092, -0.957895, -0.955057, -0.950543, -0.944313, -0.936362, -0.926755, -0.915657, -0.903354, -0.89026, -0.8769, -0.863887, -0.851874, -0.841511, -0.833384, -0.827969, -0.825607
-0.825607, -0.823231, -0.81767, -0.809018, -0.797416, -0.78309, -0.766375, -0.747731, -0.727744, -0.707119, -0.686653, -0.667194, -0.649597, -0.634665, -0.623102, -0.615465, -0.61215
-0.61215, -0.608825, -0.60108, -0.589128, -0.573278, -0.553965, -0.531762, -0.507377, -0.481642, -0.455484, -0.429894, -0.405875, -0.384396, -0.366342, -0.352463, -0.343344, -0.339398
-0.339398, -0.335446, -0.326267, -0.312173, -0.293609, -0.27118, -0.24564, -0.217877, -0.188886, -0.159729, -0.131493, -0.105241, -0.0819619, -0.0625338, -0.0476841, -0.0379662, -0.0337708
-0.0337708, -0.0295748, -0.0198509, -0.00497973, 0.014499, 0.0378723, 0.0642762, 0.0927281, 0.122167, 0.151498, 0.179644, 0.205588, 0.228412, 0.247332, 0.261714, 0.271089, 0.275128
0.275128, 0.279162, 0.288488, 0.302696, 0.321203, 0.343256, 0.367966, 0.394351, 0.421386, 0.448051, 0.473381, 0.496502, 0.516661, 0.53324, 0.545762, 0.553886, 0.557377
0.557377, 0.560857, 0.568884, 0.581052, 0.596794, 0.615391, 0.636013, 0.657775, 0.679787, 0.701203, 0.721264, 0.739323, 0.754864, 0.767496, 0.776944, 0.783031, 0.785636
0.785636, 0.788226, 0.794174, 0.803124, 0.814577, 0.827916, 0.842453, 0.857485, 0.872342, 0.886434, 0.899282, 0.91053, 0.919947, 0.927409, 0.932869, 0.936329, 0.937795
0.937795, 0.939244, 0.942538, 0.947403, 0.953457, 0.960246, 0.96729, 0.974135, 0.980398, 0.985802, 0.990192, 0.993539, 0.995921, 0.99749, 0.998432, 0.99893, 0.999115
0.999115, 0.999283, 0.999604, 0.999912, 0.999981, 0.999562, 0.998431, 0.996426, 0.993489, 0.98968, 0.985188, 0.980311, 0.975426, 0.970949, 0.967283, 0.96477, 0.963657
0.963657, 0.962527, 0.959844, 0.955566, 0.949643, 0.942057, 0.93286, 0.9222, 0.910346, 0.897694, 0.884755, 0.872125, 0.860447, 0.850359, 0.842439, 0.837159, 0.834855
0.834855, 0.832537, 0.827109, 0.818659, 0.807318, 0.793301, 0.776928, 0.758645, 0.739024, 0.718754, 0.69862, 0.679461, 0.662122, 0.647399, 0.635993, 0.628457, 0.625186

-0.952964, -0.954228, -0.957092, -0.961296, -0.96648, -0.972219, -0.978067, -0.983613, -0.988519, -0.992559, -0.99563, -0.997751, -0.999045, -0.999707, -0.999956, -1, -0.99999
-0.99999, -0.999962, -0.999829, -0.999443, -0.998604, -0.997096, -0.994734, -0.991404, -0.987096, -0.981922, -0.97612, -0.970036, -0.964091, -0.958735, -0.954401, -0.951452, -0.950152
-0.950152, -0.948834, -0.945718, -0.94078, -0.933998, -0.92539, -0.915047, -0.903164, -0.890058, -0.876171, -0.862059, -0.84836, -0.835751, -0.824896, -0.816398, -0.810743, -0.808278
-0.808278, -0.805799, -0.800001, -0.790989, -0.778922, -0.764047, -0.746724, -0.727439, -0.706805, -0.685551, -0.664496, -0.644508, -0.626456, -0.611155, -0.599316, -0.591501, -0.588111
-0.588111, -0.584711, -0.576792, -0.56458, -0.548396, -0.528696, -0.506071, -0.481252, -0.455088, -0.428526, -0.402567, -0.378227, -0.356481, -0.338215, -0.324182, -0.314965, -0.310978
-0.310978, -0.306985, -0.297713, -0.283483, -0.26475, -0.242132, -0.216398, -0.188449, -0.15929, -0.129991, -0.101643, -0.0753087, -0.0519748, -0.0325133, -0.0176456, -0.00791954, -0.00372152
-0.00372152, 0.000476574, 0.0102033, 0.0250733, 0.0445405, 0.0678848, 0.0942362, 0.122608, 0.151938, 0.181134, 0.209126, 0.234904, 0.257565, 0.276337, 0.2906, 0.299893, 0.303895
0.303895, 0.307892, 0.317132, 0.331201, 0.349517, 0.371326, 0.395743, 0.421789, 0.448448, 0.474715, 0.499638, 0.522363, 0.542157, 0.558421, 0.570696, 0.578656, 0.582075
0.582075, 0.585484, 0.593341, 0.605247, 0.620637, 0.6388, 0.658916, 0.680113, 0.70152, 0.722312, 0.741753, 0.759224, 0.774233, 0.786413, 0.795513, 0.801369, 0.803873
0.803873, 0.806363, 0.812078, 0.820666, 0.83164, 0.844396, 0.858263, 0.872559, 0.88664, 0.899943, 0.912019, 0.922543, 0.931313, 0.938231, 0.943273, 0.946458, 0.947805
0.947805, 0.949135, 0.952153, 0.956592, 0.962087, 0.968201, 0.974476, 0.980486, 0.985876, 0.990403, 0.993943, 0.996501, 0.998183, 0.999167, 0.999664, 0.999869, 0.999928
0.999928, 0.999969, 0.999998, 0.999859, 0.999343, 0.998222, 0.996297, 0.993438, 0.989617, 0.984927, 0.97959, 0.973934, 0.968364, 0.96332, 0.959223, 0.956428, 0.955194
0.955194, 0.953943, 0.95098, 0.946276, 0.939798, 0.931551, 0.921613, 0.910162, 0.897498, 0.884048, 0.87035, 0.857027, 0.844746, 0.834162, 0.825868, 0.820344, 0.817936
0.817936, 0.815514, 0.809846, 0.801032, 0.78922, 0.774646, 0.757658, 0.738724, 0.718445, 0.697536, 0.676804, 0.657106, 0.639303, 0.624204, 0.612516, 0.604798, 0.601449
0.601449, 0.59809, 0.590267, 0.578197, 0.562195, 0.542706, 0.520312, 0.49573, 0.4698, 0.443458, 0.4177, 0.393534, 0.371933, 0.353782, 0.339833, 0.330669, 0.326704
0.326704, 0.322733, 0.313512, 0.299355, 0.280714, 0.258197, 0.232567, 0.204718, 0.175648, 0.146425, 0.118135, 0.0918431, 0.0685371, 0.0490919, 0.0342325, 0.0245098, 0.0203128
0.0203128, 0.0161154, 0.00638913, -0.00848318, -0.0279589, -0.0513218, -0.0777052, -0.106124, -0.135518, -0.164792, -0.192872, -0.218744, -0.241498, -0.260354, -0.274684, -0.284023, -0.288046
-0.288046, -0.292064, -0.301353, -0.3155, -0.333923, -0.35587, -0.380451, -0.406687, -0.433557, -0.460046, -0.485197, -0.508143, -0.52814, -0.54458, -0.556993, -0.565045, -0.568504
-0.568504, -0.571952, -0.579904, -0.591956, -0.607542, -0.625946, -0.646344, -0.667856, -0.689599, -0.710738, -0.730523, -0.748321, -0.763625, -0.776056, -0.78535, -0.791334, -0.793894
-0.793894, -0.796439, -0.802284, -0.811072, -0.822312, -0.835391, -0.84963, -0.864334, -0.878845, -0.892585, -0.905089, -0.916014, -0.925142, -0.932361, -0.937634, -0.940971, -0.942384
-0.942384, -0.94378, -0.946951, -0.951625, -0.95743, -0.963917, -0.970617, -0.977089, -0.982962, -0.987973, -0.991983, -0.994977, -0.997046, -0.998353, -0.999096, -0.999462, -0.999591
-0.999591, -0.999702, -0.999892, -1, -0.999807, -0.999074, -0.997587, -0.995199, -0.991865, -0.987662, -0.98279, -0.977563, -0.972371, -0.96764, -0.96378, -0.961141, -0.959973
-0.959973, -0.958789, -0.95598, -0.95151, -0.945338, -0.937456, -0.927926, -0.91691, -0.904692, -0.891681, -0.8784, -0.865459, -0.853509, -0.843198, -0.83511, -0.829719, -0.827369
-0.827369, -0.825004, -0.819468, -0.810854, -0.7993, -0.785032, -0.768382, -0.749806, -0.729887, -0.709329, -0.688925, -0.669522, -0.651973, -0.63708, -0.625547, -0.617928, -0.614622
-0.614622, -0.611305, -0.603579, -0.591654, -0.575839, -0.556567, -0.53441, -0.510072, -0.484382, -0.458268, -0.432717, -0.408733, -0.387284, -0.369252, -0.355391, -0.346282, -0.342341
-0.342341, -0.338393, -0.329224, -0.315145, -0.2966, -0.274191, -0.248672, -0.22093, -0.191958, -0.162817, -0.134595, -0.108352, -0.0850806, -0.065657, -0.0508099, -0.0410934, -0.0368985
-0.0368985, -0.0327029, -0.0229798, -0.00810928, 0.0113696, 0.0347447, 0.0611527, 0.0896116, 0.11906, 0.148404, 0.176565, 0.202524, 0.225364, 0.244298, 0.258692, 0.268076, 0.272118
0.272118, 0.276155, 0.28549, 0.299712, 0.318238, 0.340315, 0.365054, 0.391473, 0.418545, 0.445251, 0.470622, 0.493783, 0.513979, 0.530589, 0.543137, 0.551278, 0.554776
0.554776, 0.558263, 0.566307, 0.578502, 0.59428, 0.612921, 0.633595, 0.655415, 0.677489, 0.698969, 0.719092, 0.737212, 0.752807, 0.765486, 0.77497, 0.781081, 0.783695
0.783695, 0.786296, 0.792269, 0.801255, 0.812758, 0.826157, 0.840763, 0.855871, 0.870808, 0.884982, 0.897909, 0.909232, 0.918716, 0.926234, 0.931737, 0.935225, 0.936703
0.936703, 0.938165, 0.941488, 0.946396, 0.952508, 0.959367, 0.966491, 0.973423, 0.979777, 0.985271, 0.98975, 0.993179, 0.995634, 0.997263, 0.998252, 0.99878, 0.998979
0.998979, 0.999159, 0.999511, 0.999865, 0.999995, 0.99965, 0.998601, 0.996686, 0.993841, 0.990124, 0.98572, 0.980924, 0.976111, 0.971694, 0.968073, 0.965589, 0.964488

-0.592969, -0.596345, -0.604124, -0.615909, -0.631137, -0.649099, -0.668983, -0.689921, -0.711051, -0.731557, -0.750715, -0.767917, -0.782683, -0.794658, -0.803598, -0.809349, -0.811808
-0.811808, -0.814252, -0.81986, -0.828284, -0.839041, -0.851532, -0.865095, -0.879057, -0.892786, -0.905732, -0.917458, -0.927655, -0.936132, -0.942804, -0.947657, -0.950718, -0.952011
-0.952011, -0.953288, -0.956181, -0.960429, -0.965672, -0.971481, -0.97741, -0.983043, -0.988042, -0.992174, -0.995333, -0.997536, -0.998904, -0.999626, -0.999922, -0.999996, -0.999999
-0.999999, -0.999984, -0.999882, -0.999543, -0.998764, -0.997329, -0.99505, -0.991808, -0.987592, -0.982509, -0.976795, -0.970792, -0.964917, -0.95962, -0.955331, -0.952411, -0.951123
-0.951123, -0.949818, -0.94673, -0.941836, -0.935112, -0.926572, -0.916305, -0.904503, -0.89148, -0.877675, -0.863641, -0.850013, -0.837465, -0.826662, -0.818202, -0.812571, -0.810117
-0.810117, -0.807648, -0.801875, -0.7929, -0.780881, -0.766062, -0.748802, -0.729583, -0.709015, -0.687826, -0.666832, -0.646898, -0.628892, -0.613629, -0.601818, -0.594022, -0.59064
-0.59064, -0.587247, -0.579346, -0.56716, -0.55101, -0.531349, -0.508768, -0.483993, -0.457873, -0.431351, -0.40543, -0.381122, -0.359403, -0.341158, -0.327141, -0.317934, -0.313951
-0.313951, -0.309962, -0.3007, -0.286483, -0.267767, -0.245168, -0.219453, -0.191522, -0.162379, -0.133094, -0.104756, -0.078429, -0.0550999, -0.0356411, -0.0207746, -0.011049, -0.00685109
-0.00685109, -0.00265304, 0.0070738, 0.0219446, 0.0414137, 0.064762, 0.09112, 0.119501, 0.148844, 0.178056, 0.206064, 0.231861, 0.25454, 0.273328, 0.287604, 0.296906, 0.300912
0.300912, 0.304913, 0.314162, 0.328246, 0.346583, 0.368419, 0.392866, 0.418949, 0.445649, 0.471958, 0.496924, 0.519692, 0.539524, 0.555822, 0.568124, 0.576101, 0.579528
0.579528, 0.582944, 0.590819, 0.602753, 0.61818, 0.636389, 0.656558, 0.677816, 0.699286, 0.720144, 0.739651, 0.757183, 0.772248, 0.784476, 0.793613, 0.799493, 0.802008
0.802008, 0.804508, 0.810247, 0.818874, 0.829898, 0.842715, 0.856653, 0.871026, 0.885188, 0.898574, 0.910731, 0.921331, 0.930169, 0.937143, 0.942229, 0.945443, 0.946802
0.946802, 0.948145, 0.951191, 0.955676, 0.961229, 0.967413, 0.973769, 0.979866, 0.985347, 0.989965, 0.993595, 0.996235, 0.997989, 0.999035, 0.999577, 0.999813, 0.999885
0.999885, 0.99994, 0.999999, 0.999907, 0.999451, 0.998404, 0.996562, 0.993791, 0.990062, 0.985464, 0.980214, 0.974639, 0.969141, 0.964155, 0.960103, 0.957337, 0.956116
0.956116, 0.954877, 0.951943, 0.947283, 0.940862, 0.932685, 0.922823, 0.911454, 0.898874, 0.885506, 0.871887, 0.858636, 0.846417, 0.835884, 0.827628, 0.82213, 0.819732
0.819732, 0.817321, 0.811678, 0.802901, 0.791138, 0.776622, 0.759696, 0.74083, 0.720618, 0.699775, 0.679104, 0.659462, 0.641706, 0.626646, 0.614986, 0.607287, 0.603947
0.603947, 0.600596, 0.59279, 0.580747, 0.56478, 0.545332, 0.522982, 0.498446, 0.47256, 0.446261, 0.420541, 0.396409, 0.374837, 0.356708, 0.342775, 0.333621, 0.32966
0.32966, 0.325694, 0.316482, 0.30234, 0.283716, 0.261219, 0.23561, 0.20778, 0.178728, 0.14952, 0.121243, 0.094959, 0.071659, 0.0522175, 0.0373601, 0.0276384, 0.0234416
0.0234416, 0.0192445, 0.00951865, -0.00535364, -0.0248304, -0.0481961, -0.0745846, -0.103012, -0.132416, -0.161704, -0.1898, -0.215689, -0.23846, -0.257331, -0.271673, -0.281021, -0.285048
-0.285048, -0.289069, -0.298367, -0.312528, -0.330972, -0.352943, -0.377555, -0.403826, -0.430734, -0.457265, -0.482458, -0.505445, -0.52548, -0.541953, -0.554391, -0.56246, -0.565926
-0.565926, -0.569382, -0.577351, -0.58943, -0.605053, -0.623503, -0.643953, -0.665523, -0.68733, -0.708533, -0.728383, -0.746241, -0.761601, -0.774079, -0.783408, -0.789417, -0.791987
-0.791987, -0.794543, -0.800411, -0.809238, -0.820527, -0.833667, -0.847975, -0.862756, -0.877347, -0.89117, -0.903753, -0.914754, -0.923949, -0.931225, -0.936542, -0.939907, -0.941332
-0.941332, -0.942741, -0.94594, -0.950659, -0.956522, -0.963079, -0.96986, -0.976418, -0.982382, -0.987484, -0.991583, -0.994659, -0.9968, -0.998168, -0.998958, -0.999354, -0.999496
-0.999496, -0.999621, -0.999841, -0.999996, -0.999863, -0.999203, -0.997799, -0.995501, -0.992259, -0.988147, -0.983364, -0.978218, -0.973097, -0.968425, -0.96461, -0.962, -0.960845
-0.960845, -0.959673, -0.956894, -0.952469, -0.946354, -0.938541, -0.929088, -0.918155, -0.906021, -0.893093, -0.879892, -0.867022, -0.855136, -0.844876, -0.836827, -0.831462, -0.829123
-0.829123, -0.826768, -0.821257, -0.812681, -0.801177, -0.786967, -0.770381, -0.751873, -0.732023, -0.711531, -0.69119, -0.671844, -0.654343, -0.639489, -0.627985, -0.620386, -0.617088
-0.617088, -0.613779, -0.606071, -0.594175, -0.578395, -0.559165, -0.537052, -0.512761, -0.487118, -0.461047, -0.435537, -0.411587, -0.390167, -0.372159, -0.358314, -0.349216, -0.345279
-0.345279, -0.341336, -0.332178, -0.318114, -0.299587, -0.277199, -0.251702, -0.223981, -0.195028, -0.165905, -0.137695, -0.111463, -0.0881984, -0.0687796, -0.0539353, -0.0442201, -0.0400258
-0.0400258, -0.0358307, -0.0261085, -0.0112388, 0.00824018, 0.0316168, 0.0580287, 0.0864941, 0.115952, 0.145309, 0.173484, 0.199458, 0.222314, 0.241262, 0.255668, 0.265059, 0.269105
0.269105, 0.273146, 0.28249, 0.296725, 0.315269, 0.33737, 0.362139, 0.388591, 0.415701, 0.442446, 0.467858, 0.491059, 0.511291, 0.527934, 0.540506, 0.548664, 0.552169
0.552169, 0.555664, 0.563725, 0.575946, 0.59176, 0.610445, 0.63117, 0.653048, 0.675184, 0.696727, 0.716914, 0.735094, 0.750743, 0.763468, 0.772989, 0.779123, 0.781748
0.781748, 0.784359, 0.790355, 0.799379, 0.81093, 0.824389, 0.839064, 0.854248, 0.869265, 0.88352, 0.896527, 0.907924, 0.917475, 0.92505, 0.930596, 0.934113, 0.935603

-0.00661184, -0.0108098, -0.0205354, -0.035402, -0.0548611, -0.0781905, -0.104518, -0.132857, -0.162143, -0.191287, -0.219219, -0.244936, -0.267536, -0.286254, -0.300471, -0.309735, -0.313723
-0.313723, -0.317707, -0.326915, -0.340933, -0.35918, -0.380901, -0.405211, -0.431135, -0.45766, -0.483784, -0.508562, -0.531147, -0.550811, -0.566963, -0.579151, -0.587053, -0.590446
-0.590446, -0.593829, -0.601627, -0.61344, -0.628706, -0.646716, -0.666653, -0.687652, -0.708847, -0.72942, -0.748644, -0.765909, -0.780731, -0.792754, -0.801732, -0.807507, -0.809976
-0.809976, -0.812431, -0.818064, -0.826527, -0.837334, -0.849887, -0.863521, -0.877561, -0.891371, -0.904401, -0.916209, -0.926482, -0.935027, -0.941756, -0.946653, -0.949743, -0.951049
-0.951049, -0.952338, -0.95526, -0.959553, -0.964854, -0.970734, -0.976744, -0.982465, -0.987554, -0.991778, -0.995026, -0.997312, -0.998752, -0.999535, -0.999878, -0.999983, -0.999999
-0.999999, -0.999997, -0.999925, -0.999632, -0.998915, -0.997553, -0.995356, -0.992203, -0.988079, -0.983087, -0.977461, -0.971538, -0.965734, -0.960496, -0.956251, -0.95336, -0.952084
-0.952084, -0.950792, -0.947734, -0.942884, -0.936216, -0.927744, -0.917553, -0.905833, -0.892893, -0.879171, -0.865215, -0.851657, -0.839171, -0.828419, -0.819997, -0.814391, -0.811948
-0.811948, -0.80949, -0.803741, -0.794803, -0.782832, -0.76807, -0.750873, -0.73172, -0.711219, -0.690094, -0.66916, -0.649281, -0.631323, -0.616097, -0.604315, -0.596537, -0.593162
-0.593162, -0.589777, -0.581894, -0.569735, -0.553619, -0.533998, -0.51146, -0.48673, -0.460653, -0.434173, -0.408289, -0.384014, -0.362322, -0.344098, -0.330096, -0.320899, -0.31692
-0.31692, -0.312936, -0.303683, -0.28948, -0.270781, -0.248201, -0.222505, -0.194593, -0.165466, -0.136195, -0.107868, -0.0815486, -0.0582245, -0.0387685, -0.0239035, -0.0141784, -0.0099806
-0.0099806, -0.00578263, 0.00394423, 0.0188156, 0.0382866, 0.0616387, 0.088003, 0.116394, 0.145748, 0.174975, 0.203001, 0.228815, 0.251512, 0.270317, 0.284605, 0.293916, 0.297926
0.297926, 0.301931, 0.311189, 0.325288, 0.343645, 0.365507, 0.389987, 0.416105, 0.442845, 0.469196, 0.494206, 0.517016, 0.536887, 0.553218, 0.565545, 0.57354, 0.576974
0.576974, 0.580398, 0.588291, 0.600252, 0.615717, 0.633971, 0.654194, 0.675511, 0.697046, 0.717969, 0.737541, 0.755135, 0.770256, 0.782532, 0.791705, 0.797609, 0.800134
0.800134, 0.802645, 0.808409, 0.817074, 0.828148, 0.841026, 0.855034, 0.869485, 0.883728, 0.897197, 0.909434, 0.92011, 0.929015, 0.936047, 0.941176, 0.944418, 0.94579
0.94579, 0.947145, 0.950221, 0.95475, 0.960361, 0.966616, 0.973052, 0.979236, 0.984809, 0.989518, 0.993236, 0.995959, 0.997786, 0.998892, 0.999482, 0.999747, 0.999833
0.999833, 0.999901, 0.999991, 0.999945, 0.99955, 0.998576, 0.996816, 0.994135, 0.990497, 0.985991, 0.980829, 0.975335, 0.969907, 0.964981, 0.960973, 0.958237, 0.957028
0.957028, 0.955802, 0.952897, 0.948281, 0.941918, 0.933809, 0.924024, 0.912737, 0.900241, 0.886956, 0.873415, 0.860236, 0.848079, 0.837598, 0.829381, 0.823907, 0.821521
0.821521, 0.81912, 0.813502, 0.804763, 0.793048, 0.778589, 0.761728, 0.742928, 0.722785, 0.702007, 0.681398, 0.661811, 0.644103, 0.629081, 0.617451, 0.609771, 0.606438
0.606438, 0.603095, 0.595308, 0.583292, 0.56736, 0.547953, 0.525647, 0.501156, 0.475316, 0.449059, 0.423378, 0.399281, 0.377736, 0.35963, 0.345713, 0.33657, 0.332613
0.332613, 0.328651, 0.319449, 0.305321, 0.286716, 0.264239, 0.23865, 0.21084, 0.181807, 0.152613, 0.124348, 0.098074, 0.0747803, 0.0553426, 0.0404873, 0.0307667, 0.0265703
0.0265703, 0.0223735, 0.0126481, -0.00222404, -0.0217016, -0.0450698, -0.0714634, -0.0998984, -0.129313, -0.158615, -0.186726, -0.212632, -0.235419, -0.254305, -0.26866, -0.278016, -0.282047
-0.282047, -0.286072, -0.295378, -0.309554, -0.328017, -0.350013, -0.374655, -0.400961, -0.427908, -0.45448, -0.479714, -0.502742, -0.522815, -0.53932, -0.551784, -0.55987, -0.563343
-0.563343, -0.566807, -0.574793, -0.586899, -0.602559, -0.621053, -0.641555, -0.663184, -0.685053, -0.706321, -0.726235, -0.744154, -0.759569, -0.772094, -0.78146, -0.787492, -0.790072
-0.790072, -0.792639, -0.798531, -0.807395, -0.818734, -0.831935, -0.846313, -0.861169, -0.875841, -0.889746, -0.902409, -0.913485, -0.922748, -0.930079, -0.93544, -0.938834, -0.940271
-0.940271, -0.941692, -0.94492, -0.949684, -0.955604, -0.962232, -0.969092, -0.975738, -0.981792, -0.986986, -0.991173, -0.994331, -0.996545, -0.997974, -0.99881, -0.999237, -0.999392
-0.999392, -0.99953, -0.999781, -0.999982, -0.99991, -0.999323, -0.998002, -0.995792, -0.992642, -0.988622, -0.983927, -0.978863, -0.973814, -0.969201, -0.965431, -0.96285, -0.961708
-0.961708, -0.960549, -0.957798, -0.953417, -0.947361, -0.939616, -0.930241, -0.91939, -0.907341, -0.894497, -0.881374, -0.868578, -0.856754, -0.846546, -0.838536, -0.833197, -0.830868
-0.830868, -0.828525, -0.823039, -0.814501, -0.803046, -0.788894, -0.772373, -0.753932, -0.734151, -0.713727, -0.693448, -0.674158, -0.656706, -0.641892, -0.630418, -0.622837, -0.619547
-0.619547, -0.616247, -0.608557, -0.596689, -0.580945, -0.561757, -0.53969, -0.515445, -0.489849, -0.463822, -0.438352, -0.414437, -0.393047, -0.375062, -0.361234, -0.352147, -0.348215
-0.348215, -0.344276, -0.335128, -0.321079, -0.302571, -0.280205, -0.25473, -0.22703, -0.198097, -0.16899, -0.140794, -0.114572, -0.0913154, -0.0719014, -0.0570601, -0.0473465, -0.0431527
-0.0431527, -0.0389581, -0.0292369, -0.0143681, 0.00511063, 0.0284886, 0.0549041, 0.0833758, 0.112843, 0.142211, 0.170401, 0.196391, 0.219261, 0.238224, 0.252641, 0.26204, 0.266089
0.266089, 0.270134, 0.279486, 0.293735, 0.312298, 0.334423, 0.35922, 0.385706, 0.412853, 0.439638, 0.46509, 0.48833, 0.508599, 0.525273, 0.53787, 0.546045, 0.549557

0.58227, 0.578852, 0.570893, 0.558619, 0.542358, 0.522567, 0.499845, 0.474925, 0.448662, 0.422006, 0.395962, 0.371548, 0.349741, 0.331427, 0.317359, 0.30812, 0.304123
0.304123, 0.300121, 0.290829, 0.276567, 0.257797, 0.235137, 0.20936, 0.18137, 0.152174, 0.122845, 0.0944744, 0.0681235, 0.0447795, 0.0253125, 0.0104425, 0.000715826, -0.00348226
-0.00348226, -0.00768029, -0.0174064, -0.0322741, -0.0517359, -0.0750701, -0.101405, -0.129754, -0.159054, -0.188214, -0.216165, -0.2419, -0.264519, -0.283253, -0.297485, -0.306757, -0.31075
-0.31075, -0.314738, -0.323955, -0.337989, -0.356257, -0.378005, -0.402348, -0.428309, -0.454875, -0.481043, -0.505865, -0.528492, -0.548196, -0.564382, -0.576597, -0.584517, -0.587918
-0.587918, -0.591308, -0.599125, -0.610966, -0.62627, -0.644325, -0.664317, -0.685377, -0.706636, -0.727275, -0.746565, -0.763893, -0.778772, -0.790843, -0.799857, -0.805657, -0.808137
-0.808137, -0.810603, -0.81626, -0.824761, -0.835619, -0.848233, -0.861938, -0.876056, -0.889949, -0.903061, -0.91495, -0.925299, -0.933913, -0.940699, -0.94564, -0.948759, -0.950077
-0.950077, -0.951378, -0.954329, -0.958667, -0.964027, -0.969978, -0.976068, -0.981876, -0.987057, -0.991373, -0.994709, -0.997077, -0.998591, -0.999435, -0.999824, -0.999959, -0.999988
-0.999988, -1, -0.999958, -0.999712, -0.999056, -0.997767, -0.995652, -0.992589, -0.988555, -0.983656, -0.978117, -0.972275, -0.966542, -0.961362, -0.957162, -0.9543, -0.953037
-0.953037, -0.951757, -0.948727, -0.943922, -0.937311, -0.928908, -0.918793, -0.907154, -0.894298, -0.880658, -0.86678, -0.853293, -0.840869, -0.830167, -0.821784, -0.816203, -0.81377
-0.81377, -0.811323, -0.805599, -0.796699, -0.784775, -0.770071, -0.752936, -0.73385, -0.713416, -0.692356, -0.671483, -0.651659, -0.633747, -0.618559, -0.606805, -0.599045, -0.595679
-0.595679, -0.592301, -0.584436, -0.572304, -0.556223, -0.536641, -0.514147, -0.489461, -0.463429, -0.43699, -0.411143, -0.386901, -0.365237, -0.347035, -0.333049, -0.323862, -0.319887
-0.319887, -0.315907, -0.306663, -0.292474, -0.273792, -0.251231, -0.225555, -0.197661, -0.168552, -0.139295, -0.110979, -0.0846674, -0.0613486, -0.0418956, -0.0270321, -0.0173076, -0.01311
-0.01311, -0.00891217, 0.000814618, 0.0156864, 0.0351591, 0.0585147, 0.0848851, 0.113285, 0.142651, 0.171893, 0.199935, 0.225768, 0.248482, 0.267302, 0.281603, 0.290923, 0.294937
0.294937, 0.298946, 0.308214, 0.322327, 0.340705, 0.362592, 0.387103, 0.413257, 0.440037, 0.46643, 0.491483, 0.514334, 0.534244, 0.550608, 0.562961, 0.570974, 0.574415
0.574415, 0.577847, 0.585758, 0.597746, 0.613248, 0.631548, 0.651824, 0.6732, 0.694798, 0.715787, 0.735424, 0.75308, 0.768256, 0.780579, 0.789789, 0.795718, 0.798253
0.798253, 0.800775, 0.806563, 0.815265, 0.82639, 0.839329, 0.853407, 0.867934, 0.882259, 0.89581, 0.908128, 0.91888, 0.927853, 0.934941, 0.940114, 0.943385, 0.944769
0.944769, 0.946137, 0.949241, 0.953814, 0.959484, 0.96581, 0.972326, 0.978597, 0.984261, 0.989061, 0.992868, 0.995673, 0.997573, 0.99874, 0.999376, 0.999672, 0.999771
0.999771, 0.999852, 0.999972, 0.999973, 0.999639, 0.998738, 0.997061, 0.994468, 0.990922, 0.986508, 0.981434, 0.976021, 0.970665, 0.965797, 0.961834, 0.959127, 0.957931
0.957931, 0.956717, 0.953841, 0.94927, 0.942965, 0.934924, 0.925216, 0.914011, 0.9016, 0.888397, 0.874935, 0.861827, 0.849734, 0.839303, 0.831125, 0.825677, 0.823301
0.823301, 0.820911, 0.815318, 0.806617, 0.794951, 0.78055, 0.763752, 0.74502, 0.724944, 0.704233, 0.683685, 0.664154, 0.646494, 0.631511, 0.61991, 0.612248, 0.608924
0.608924, 0.605588, 0.597819, 0.585831, 0.569935, 0.550568, 0.528307, 0.503862, 0.478067, 0.451853, 0.426212, 0.402148, 0.380632, 0.362548, 0.348648, 0.339515, 0.335563
0.335563, 0.331606, 0.322413, 0.3083, 0.289712, 0.267256, 0.241688, 0.213899, 0.184883, 0.155706, 0.127453, 0.101188, 0.0779008, 0.0584671, 0.0436142, 0.0338946, 0.0296987
0.0296987, 0.0255022, 0.0157774, 0.000905575, -0.0185726, -0.0419432, -0.0683414, -0.096784, -0.126209, -0.155524, -0.183651, -0.209573, -0.232376, -0.251277, -0.265644, -0.275009, -0.279043
-0.279043, -0.283071, -0.292387, -0.306577, -0.325059, -0.34708, -0.371751, -0.398092, -0.425077, -0.45169, -0.476966, -0.500034, -0.520145, -0.536682, -0.549171, -0.557274, -0.560755
-0.560755, -0.564226, -0.57223, -0.584363, -0.600058, -0.618597, -0.639152, -0.660839, -0.68277, -0.704102, -0.72408, -0.74206, -0.757529, -0.770101, -0.779503, -0.785559, -0.78815
-0.78815, -0.790727, -0.796644, -0.805545, -0.816933, -0.830194, -0.844641, -0.859574, -0.874327, -0.888313, -0.901056, -0.912207, -0.921537, -0.928925, -0.934329, -0.937752, -0.939201
-0.939201, -0.940635, -0.943892, -0.948699, -0.954677, -0.961375, -0.968315, -0.975048, -0.981193, -0.986478, -0.990753, -0.993994, -0.996281, -0.99777, -0.998652, -0.99911, -0.999278
-0.999278, -0.999429, -0.99971, -0.999958, -0.999947, -0.999434, -0.998195, -0.996074, -0.993017, -0.989088, -0.984481, -0.979498, -0.97452, -0.969967, -0.966242, -0.96369, -0.962561
-0.962561, -0.961414, -0.958693, -0.954357, -0.948358, -0.940683, -0.931385, -0.920617, -0.908653, -0.895892, -0.882849, -0.870124, -0.858364, -0.848208, -0.840237, -0.834924, -0.832606
-0.832606, -0.830273, -0.824813, -0.816313, -0.804907, -0.790814, -0.774357, -0.755985, -0.736273, -0.715915, -0.6957, -0.676467, -0.659063, -0.644289, -0.632844, -0.625283, -0.622001
-0.622001, -0.618708, -0.611038, -0.599197, -0.58349, -0.564343, -0.542322, -0.518125, -0.492575, -0.466593, -0.441162, -0.417284, -0.395923, -0.377961, -0.364151, -0.355075, -0.351147
-0.351147, -0.347213, -0.338075, -0.324041, -0.305553, -0.283208, -0.257755, -0.230077, -0.201164, -0.172074, -0.143892, -0.117681, -0.0944315, -0.0750226, -0.0601843, -0.0504723, -0.0462792

0.948873, 0.94754, 0.944386, 0.939391, 0.932535, 0.923838, 0.913396, 0.901407, 0.888193, 0.8742, 0.859987, 0.846196, 0.833506, 0.822587, 0.814039, 0.808351, 0.805872
0.805872, 0.80338, 0.79755, 0.78849, 0.77636, 0.761412, 0.744008, 0.724638, 0.703917, 0.682579, 0.661446, 0.641388, 0.623275, 0.607925, 0.59605, 0.588211, 0.584811
0.584811, 0.581401, 0.573459, 0.561212, 0.544984, 0.525233, 0.502553, 0.477677, 0.451457, 0.424841, 0.398834, 0.374452, 0.352671, 0.334378, 0.320325, 0.311095, 0.307103
0.307103, 0.303105, 0.293821, 0.279574, 0.260819, 0.238177, 0.212419, 0.184446, 0.155267, 0.125951, 0.0975895, 0.0712455, 0.0479057, 0.028441, 0.0135719, 0.00384544, -0.000352652
-0.000352652, -0.00455073, -0.0142772, -0.029146, -0.0486102, -0.071949, -0.0982914, -0.12665, -0.155963, -0.18514, -0.213108, -0.238862, -0.2615, -0.280251, -0.294496, -0.303777, -0.307774
-0.307774, -0.311766, -0.320993, -0.335042, -0.353331, -0.375106, -0.399481, -0.425479, -0.452086, -0.478296, -0.503163, -0.525833, -0.545576, -0.561796, -0.574037, -0.581974, -0.585383
-0.585383, -0.588782, -0.596616, -0.608485, -0.623827, -0.641929, -0.661975, -0.683094, -0.704418, -0.725124, -0.74448, -0.761869, -0.776805, -0.788924, -0.797975, -0.803799, -0.80629
-0.80629, -0.808766, -0.814448, -0.822987, -0.833896, -0.846572, -0.860347, -0.874542, -0.888517, -0.901712, -0.913683, -0.924108, -0.932789, -0.939633, -0.944618, -0.947765, -0.949096
-0.949096, -0.95041, -0.95339, -0.957772, -0.963191, -0.969212, -0.975383, -0.981279, -0.98655, -0.990957, -0.994383, -0.996833, -0.99842, -0.999325, -0.999761, -0.999926, -0.999968
-0.999968, -0.999993, -0.999982, -0.999783, -0.999187, -0.997971, -0.995939, -0.992964, -0.989023, -0.984214, -0.978763, -0.973002, -0.96734, -0.962219, -0.958063, -0.955231, -0.95398
-0.95398, -0.952713, -0.949712, -0.94495, -0.938397, -0.930062, -0.920024, -0.908467, -0.895694, -0.882136, -0.868336, -0.854921, -0.842559, -0.831908, -0.823563, -0.818007, -0.815585
-0.815585, -0.813149, -0.807449, -0.798586, -0.786711, -0.772063, -0.754992, -0.735972, -0.715605, -0.694611, -0.673799, -0.654029, -0.636164, -0.621015, -0.60929, -0.601548, -0.59819
-0.59819, -0.59482, -0.586973, -0.574868, -0.558821, -0.53928, -0.516829, -0.492188, -0.4662, -0.439803, -0.413994, -0.389785, -0.368148, -0.349968, -0.335998, -0.326821, -0.322851
-0.322851, -0.318875, -0.309641, -0.295465, -0.276801, -0.254259, -0.228603, -0.200728, -0.171636, -0.142393, -0.114089, -0.0877854, -0.064472, -0.0450222, -0.0301604, -0.0204367, -0.0162393
-0.0162393, -0.0120416, -0.002315, 0.0125571, 0.0320312, 0.0553902, 0.0817664, 0.110175, 0.139553, 0.168809, 0.196868, 0.222718, 0.245449, 0.264285, 0.278599, 0.287927, 0.291945
0.291945, 0.295958, 0.305235, 0.319363, 0.337761, 0.359674, 0.384215, 0.410406, 0.437224, 0.46366, 0.488755, 0.511648, 0.531596, 0.547993, 0.560372, 0.568402, 0.571851
0.571851, 0.57529, 0.583218, 0.595235, 0.610773, 0.629118, 0.649448, 0.670883, 0.692544, 0.713598, 0.7333, 0.751017, 0.766249, 0.778619, 0.787865, 0.793818, 0.796364
0.796364, 0.798896, 0.804709, 0.813449, 0.824624, 0.837624, 0.851772, 0.866376, 0.880781, 0.894415, 0.906814, 0.91764, 0.926681, 0.933826, 0.939043, 0.942342, 0.943739
0.943739, 0.945119, 0.948252, 0.952869, 0.958598, 0.964993, 0.97159, 0.977948, 0.983703, 0.988595, 0.99249, 0.995377, 0.99735, 0.998578, 0.99926, 0.999587, 0.999699
0.999699, 0.999793, 0.999944, 0.999991, 0.999718, 0.99889, 0.997296, 0.994792, 0.991338, 0.987015, 0.98203, 0.976697, 0.971412, 0.966604, 0.962686, 0.960008, 0.958824
0.958824, 0.957623, 0.954777, 0.950249, 0.944002, 0.93603, 0.926399, 0.915277, 0.902949, 0.88983, 0.876446, 0.86341, 0.851379, 0.841001, 0.832861, 0.827438, 0.825074
0.825074, 0.822694, 0.817126, 0.808463, 0.796845, 0.782502, 0.765768, 0.747104, 0.727096, 0.706451, 0.685966, 0.66649, 0.648878, 0.633935, 0.622363, 0.61472, 0.611403
0.611403, 0.608076, 0.600325, 0.588365, 0.572503, 0.553178, 0.530962, 0.506563, 0.480814, 0.454643, 0.429041, 0.405011, 0.383524, 0.365463, 0.351579, 0.342457, 0.33851
0.33851, 0.334556, 0.325374, 0.311276, 0.292706, 0.270271, 0.244724, 0.216955, 0.187958, 0.158796, 0.130557, 0.104301, 0.0810205, 0.0615911, 0.0467406, 0.0370223, 0.0328268
0.0328268, 0.0286306, 0.0189065, 0.00403518, -0.0154435, -0.0388161, -0.0652188, -0.0936686, -0.123104, -0.152432, -0.180574, -0.206512, -0.229331, -0.248247, -0.262626, -0.271999, -0.276036
-0.276036, -0.280068, -0.289393, -0.303596, -0.322097, -0.344143, -0.368844, -0.395219, -0.422242, -0.448895, -0.474213, -0.497322, -0.517469, -0.534038, -0.546553, -0.554672, -0.558161
-0.558161, -0.561639, -0.56966, -0.58182, -0.597552, -0.616135, -0.636742, -0.658487, -0.68048, -0.701877, -0.721918, -0.739959, -0.755483, -0.768101, -0.777539, -0.783619, -0.78622
-0.78622, -0.788807, -0.794748, -0.803687, -0.815124, -0.828445, -0.842962, -0.857971, -0.872804, -0.886871, -0.899695, -0.91092, -0.920317, -0.927762, -0.933209, -0.93666, -0.938122
-0.938122, -0.939568, -0.942853, -0.947705, -0.953741, -0.960509, -0.967529, -0.974348, -0.980584, -0.98596, -0.990324, -0.993646, -0.996006, -0.997556, -0.998485, -0.998973, -0.999154
-0.999154, -0.999318, -0.99963, -0.999924, -0.999974, -0.999534, -0.998378, -0.996346, -0.993381, -0.989545, -0.985026, -0.980124, -0.975218, -0.970723, -0.967043, -0.964521, -0.963404
-0.963404, -0.962271, -0.959578, -0.955287, -0.949346, -0.94174, -0.932519, -0.921834, -0.909955, -0.897278, -0.884314, -0.871662, -0.859965, -0.849862, -0.84193, -0.836642, -0.834335
-0.834335, -0.832013, -0.826578, -0.818116, -0.80676, -0.792725, -0.776333, -0.758029, -0.738387, -0.718097, -0.697944, -0.678768, -0.661414, -0.646679, -0.635264, -0.627722, -0.624449

0.95325, 0.95451, 0.957366, 0.961556, 0.966722, 0.972439, 0.978263, 0.983782, 0.988662, 0.992674, 0.995718, 0.997814, 0.999086, 0.999729, 0.999965, 0.999999, 0.999985
0.999985, 0.999953, 0.999811, 0.999411, 0.998553, 0.997023, 0.994637, 0.99128, 0.986944, 0.981743, 0.975915, 0.969806, 0.96384, 0.958466, 0.954119, 0.951161, 0.949857
0.949857, 0.948536, 0.94541, 0.940459, 0.93366, 0.925031, 0.914665, 0.902758, 0.889627, 0.875715, 0.86158, 0.84786, 0.835232, 0.824362, 0.815853, 0.810189, 0.807721
0.807721, 0.805239, 0.799434, 0.790411, 0.778329, 0.763437, 0.746096, 0.726791, 0.706137, 0.684863, 0.66379, 0.643786, 0.62572, 0.610407, 0.59856, 0.59074, 0.587347
0.587347, 0.583944, 0.57602, 0.5638, 0.547606, 0.527894, 0.505257, 0.480424, 0.454247, 0.427672, 0.401702, 0.377352, 0.355598, 0.337326, 0.323288, 0.314068, 0.31008
0.31008, 0.306086, 0.296812, 0.282577, 0.263839, 0.241216, 0.215476, 0.187521, 0.158358, 0.129055, 0.100704, 0.0743668, 0.0510315, 0.0315692, 0.0167012, 0.00697501, 0.00277696
0.00277696, -0.00142113, -0.0111478, -0.0260176, -0.0454841, -0.0688271, -0.0951765, -0.123545, -0.152871, -0.182063, -0.210049, -0.235822, -0.258478, -0.277245, -0.291503, -0.300794, -0.304795
-0.304795, -0.308791, -0.318027, -0.332092, -0.350402, -0.372203, -0.39661, -0.422645, -0.449292, -0.475546, -0.500456, -0.523168, -0.54295, -0.559204, -0.571472, -0.579427, -0.582843
-0.582843, -0.586249, -0.594101, -0.605998, -0.621378, -0.639526, -0.659626, -0.680806, -0.702193, -0.722965, -0.742386, -0.759838, -0.77483, -0.786997, -0.796085, -0.801934, -0.804435
-0.804435, -0.806921, -0.812628, -0.821206, -0.832165, -0.844902, -0.858748, -0.87302, -0.887077, -0.900355, -0.912406, -0.922907, -0.931657, -0.938557, -0.943586, -0.946762, -0.948105
-0.948105, -0.949432, -0.952441, -0.956867, -0.962345, -0.968437, -0.974688, -0.980671, -0.986034, -0.990533, -0.994047, -0.99658, -0.998239, -0.999205, -0.999688, -0.999883, -0.999939
-0.999939, -0.999976, -0.999996, -0.999843, -0.999308, -0.998165, -0.996216, -0.99333, -0.98948, -0.984763, -0.9794, -0.973719, -0.968128, -0.963066, -0.958955, -0.956152, -0.954914
-0.954914, -0.953659, -0.950687, -0.94597, -0.939474, -0.931207, -0.921246, -0.909771, -0.897082, -0.883606, -0.869884, -0.85654, -0.84424, -0.833641, -0.825335, -0.819803, -0.817392
-0.817392, -0.814967, -0.809291, -0.800466, -0.788639, -0.774049, -0.757041, -0.738087, -0.717788, -0.696859, -0.676108, -0.656393, -0.638576, -0.623465, -0.611769, -0.604046, -0.600695
-0.600695, -0.597333, -0.589504, -0.577426, -0.561414, -0.541913, -0.519505, -0.49491, -0.468966, -0.442611, -0.416841, -0.392666, -0.371056, -0.352898, -0.338944, -0.329777, -0.325811
-0.325811, -0.321839, -0.312615, -0.298454, -0.279807, -0.257285, -0.231648, -0.203793, -0.174718, -0.14549, -0.117197, -0.0909025, -0.0675948, -0.0481485, -0.0332885, -0.0235655, -0.0193684
-0.0193684, -0.0151709, -0.00544459, 0.0094277, 0.0289031, 0.0522651, 0.0786468, 0.107064, 0.136453, 0.165724, 0.193799, 0.219666, 0.242414, 0.261265, 0.275592, 0.284929, 0.28895
0.28895, 0.292967, 0.302253, 0.316396, 0.334813, 0.356752, 0.381324, 0.40755, 0.434408, 0.460885, 0.486022, 0.508956, 0.528942, 0.545372, 0.557777, 0.565824, 0.56928
0.56928, 0.572727, 0.580673, 0.592717, 0.608292, 0.626683, 0.647065, 0.668559, 0.690283, 0.711402, 0.731168, 0.748947, 0.764235, 0.776652, 0.785934, 0.791911, 0.794468
0.794468, 0.79701, 0.802847, 0.811625, 0.822849, 0.83591, 0.850128, 0.864809, 0.879295, 0.893011, 0.90549, 0.916392, 0.9255, 0.932702, 0.937962, 0.94129, 0.942699
0.942699, 0.944092, 0.947254, 0.951915, 0.957702, 0.964168, 0.970844, 0.97729, 0.983135, 0.988119, 0.992102, 0.995071, 0.997118, 0.998406, 0.999135, 0.999492, 0.999617
0.999617, 0.999725, 0.999906, 0.999999, 0.999788, 0.999032, 0.997521, 0.995106, 0.991744, 0.987513, 0.982615, 0.977364, 0.972151, 0.967401, 0.963528, 0.960879, 0.959708
0.959708, 0.95852, 0.955702, 0.951219, 0.94503, 0.937127, 0.927573, 0.916533, 0.904289, 0.891253, 0.877948, 0.864985, 0.853017, 0.84269, 0.83459, 0.829192, 0.826838
0.826838, 0.82447, 0.818926, 0.810301, 0.798732, 0.784447, 0.767777, 0.74918, 0.729241, 0.708663, 0.68824, 0.66882, 0.651256, 0.636352, 0.624809, 0.617185, 0.613877
0.613877, 0.610557, 0.602825, 0.590893, 0.575067, 0.555782, 0.533611, 0.509259, 0.483556, 0.457428, 0.431865, 0.407871, 0.386413, 0.368374, 0.354507, 0.345396, 0.341453
0.341453, 0.337504, 0.328332, 0.314248, 0.295697, 0.273282, 0.247757, 0.220009, 0.191031, 0.161885, 0.133659, 0.107413, 0.0841394, 0.0647145, 0.0498666, 0.0401496, 0.0359545
0.0359545, 0.0317588, 0.0220355, 0.00716475, -0.0123141, -0.0356887, -0.0620955, -0.0905523, -0.119998, -0.149338, -0.177495, -0.203449, -0.226284, -0.245214, -0.259605, -0.268986, -0.273027
-0.273027, -0.277063, -0.286396, -0.300613, -0.319133, -0.341203, -0.365933, -0.392342, -0.419403, -0.446096, -0.471455, -0.494604, -0.514789, -0.53139, -0.543929, -0.552066, -0.555561
-0.555561, -0.559047, -0.567085, -0.579272, -0.595039, -0.613667, -0.634325, -0.656128, -0.678183, -0.699644, -0.719748, -0.73785, -0.753429, -0.766093, -0.775567, -0.78167, -0.784282
-0.784282, -0.786879, -0.792845, -0.80182, -0.813308, -0.826688, -0.841274, -0.856359, -0.871272, -0.885421, -0.898324, -0.909624, -0.919088, -0.926589, -0.93208, -0.935559, -0.937034
-0.937034, -0.938492, -0.941806, -0.946701, -0.952796, -0.959634, -0.966733, -0.973639, -0.979965, -0.985433, -0.989884, -0.993289, -0.995722, -0.997333, -0.998308, -0.998826, -0.999021
-0.999021, -0.999198, -0.99954, -0.99988, -0.999992, -0.999625, -0.998551, -0.996609, -0.993736, -0.989991, -0.98556, -0.98074, -0.975905, -0.97147, -0.967836, -0.965343, -0.964238

0.59373, 0.597103, 0.604877, 0.616653, 0.631869, 0.649818, 0.669684, 0.690605, 0.711715, 0.732201, 0.751339, 0.768522, 0.783271, 0.795231, 0.80416, 0.809904, 0.812359
0.812359, 0.8148, 0.8204, 0.828813, 0.839555, 0.852027, 0.865568, 0.879507, 0.893211, 0.906132, 0.917834, 0.928007, 0.936464, 0.943118, 0.947958, 0.95101, 0.9523
0.9523, 0.953573, 0.956457, 0.960692, 0.965917, 0.971705, 0.977609, 0.983216, 0.988187, 0.992291, 0.995423, 0.997602, 0.998947, 0.999651, 0.999933, 0.999998, 0.999997
0.999997, 0.999978, 0.999867, 0.999514, 0.998717, 0.99726, 0.994955, 0.991687, 0.987443, 0.982333, 0.976593, 0.970565, 0.964669, 0.959354, 0.955051, 0.952122, 0.950831
0.950831, 0.949522, 0.946426, 0.941519, 0.934777, 0.926216, 0.915926, 0.9041, 0.891052, 0.877222, 0.863165, 0.849515, 0.836948, 0.82613, 0.817658, 0.81202, 0.809563
0.809563, 0.807091, 0.80131, 0.792324, 0.78029, 0.765455, 0.748176, 0.728937, 0.708349, 0.68714, 0.666127, 0.646177, 0.628158, 0.612883, 0.601064, 0.593262, 0.589877
0.589877, 0.586482, 0.578576, 0.566382, 0.550222, 0.530549, 0.507955, 0.483167, 0.457033, 0.430499, 0.404566, 0.380249, 0.358521, 0.34027, 0.326248, 0.317038, 0.313054
0.313054, 0.309064, 0.299799, 0.285578, 0.266857, 0.244252, 0.218531, 0.190595, 0.161447, 0.132158, 0.103817, 0.0774874, 0.0541568, 0.0346971, 0.0198303, 0.0101045, 0.00590655
0.00590655, 0.00170849, -0.00801833, -0.0228889, -0.0423575, -0.0657046, -0.0920606, -0.120439, -0.149778, -0.178985, -0.206988, -0.23278, -0.255453, -0.274237, -0.288508, -0.297808, -0.301813
-0.301813, -0.305812, -0.315059, -0.329138, -0.347469, -0.369297, -0.393735, -0.419807, -0.446494, -0.47279, -0.497744, -0.520499, -0.540319, -0.556607, -0.568901, -0.576873, -0.580297
-0.580297, -0.583711, -0.591581, -0.603506, -0.618922, -0.637117, -0.65727, -0.67851, -0.699961, -0.720799, -0.740286, -0.7578, -0.772848, -0.785062, -0.794187, -0.80006, -0.802572
-0.802572, -0.805069, -0.8108, -0.819416, -0.830425, -0.843224, -0.85714, -0.87149, -0.885627, -0.898989, -0.911121, -0.921698, -0.930515, -0.937472, -0.942545, -0.94575, -0.947106
-0.947106, -0.948445, -0.951482, -0.955953, -0.961489, -0.967652, -0.973983, -0.980054, -0.985508, -0.990098, -0.993701, -0.996316, -0.998049, -0.999076, -0.999604, -0.999831, -0.999899
-0.999899, -0.99995, -1, -0.999894, -0.99942, -0.99835, -0.996483, -0.993686, -0.989928, -0.985303, -0.980027, -0.974427, -0.968907, -0.963904, -0.959838, -0.957064, -0.955838
-0.955838, -0.954596, -0.951653, -0.94698, -0.940542, -0.932343, -0.922459, -0.911065, -0.89846, -0.885067, -0.871424, -0.858151, -0.845914, -0.835365, -0.827098, -0.821592, -0.819191
-0.819191, -0.816776, -0.811126, -0.802338, -0.79056, -0.776026, -0.759082, -0.740195, -0.719963, -0.6991, -0.678411, -0.658751, -0.640981, -0.625909, -0.614241, -0.606537, -0.603194
-0.603194, -0.59984, -0.592029, -0.579978, -0.564001, -0.54454, -0.522177, -0.497627, -0.471728, -0.445415, -0.419684, -0.395542, -0.373961, -0.355825, -0.341887, -0.33273, -0.328768
-0.328768, -0.324801, -0.315586, -0.301439, -0.28281, -0.260308, -0.234692, -0.206856, -0.177799, -0.148586, -0.120305, -0.0940187, -0.0707169, -0.0512742, -0.0364162, -0.0266942, -0.0224973
-0.0224973, -0.0183001, -0.00857414, 0.00629818, 0.0257746, 0.0491395, 0.0755265, 0.103951, 0.133352, 0.162636, 0.190727, 0.216612, 0.239377, 0.258243, 0.272582, 0.281928, 0.285953
0.285953, 0.289973, 0.299268, 0.313426, 0.331863, 0.353827, 0.378429, 0.40469, 0.431586, 0.458105, 0.483285, 0.50626, 0.526284, 0.542746, 0.555177, 0.563241, 0.566705
0.566705, 0.570159, 0.578122, 0.590193, 0.605805, 0.624241, 0.644675, 0.666228, 0.688015, 0.709199, 0.729029, 0.74687, 0.762212, 0.774676, 0.783995, 0.789996, 0.792563
0.792563, 0.795116, 0.800977, 0.809792, 0.821067, 0.834188, 0.848476, 0.863233, 0.8778, 0.891598, 0.904157, 0.915135, 0.92431, 0.931568, 0.936872, 0.940229, 0.941651
0.941651, 0.943055, 0.946246, 0.950952, 0.956797, 0.963333, 0.970089, 0.976622, 0.982558, 0.987633, 0.991705, 0.994756, 0.996875, 0.998225, 0.999, 0.999388, 0.999526
0.999526, 0.999646, 0.999858, 0.999998, 0.999847, 0.999165, 0.997736, 0.995411, 0.992141, 0.988001, 0.983192, 0.978021, 0.972879, 0.968189, 0.964361, 0.961742, 0.960583
0.960583, 0.959408, 0.956619, 0.95218, 0.946048, 0.938214, 0.928738, 0.91778, 0.905621, 0.892668, 0.879442, 0.866551, 0.854646, 0.844371, 0.836309, 0.830937, 0.828594
0.828594, 0.826237, 0.820718, 0.812131, 0.800612, 0.786384, 0.769779, 0.751249, 0.731379, 0.710867, 0.690507, 0.671144, 0.653628, 0.638763, 0.62725, 0.619645, 0.616344
0.616344, 0.613033, 0.605319, 0.593415, 0.577624, 0.558381, 0.536255, 0.51195, 0.486293, 0.460209, 0.434686, 0.410726, 0.389297, 0.371282, 0.357432, 0.348331, 0.344393
0.344393, 0.340448, 0.331287, 0.317218, 0.298686, 0.276292, 0.250788, 0.223061, 0.194102, 0.164973, 0.13676, 0.110524, 0.0872575, 0.0678372, 0.0529921, 0.0432765, 0.0390819
0.0390819, 0.0348867, 0.0251642, 0.0102943, -0.0091847, -0.0325609, -0.0589716, -0.0874351, -0.11689, -0.146243, -0.174414, -0.200384, -0.223234, -0.242179, -0.256581, -0.26597, -0.270015
-0.270015, -0.274054, -0.283396, -0.297627, -0.316165, -0.338259, -0.363019, -0.389462, -0.41656, -0.443293, -0.468693, -0.491882, -0.512103, -0.528736, -0.541301, -0.549453, -0.552956
-0.552956, -0.556449, -0.564505, -0.576718, -0.592521, -0.611193, -0.631903, -0.653763, -0.67588, -0.697404, -0.717572, -0.735734, -0.751367, -0.764078, -0.773588, -0.779715, -0.782336
-0.782336, -0.784944, -0.790934, -0.799946, -0.811483, -0.824923, -0.839578, -0.854739, -0.869732, -0.883962, -0.896945, -0.90832, -0.917851, -0.925408, -0.930942, -0.93445, -0.935936

0.00755637, 0.0117543, 0.0214798, 0.0363459, 0.0558042, 0.0791322, 0.105458, 0.133793, 0.163075, 0.192214, 0.220141, 0.245851, 0.268446, 0.287158, 0.301372, 0.310632, 0.31462
0.31462, 0.318602, 0.327807, 0.341821, 0.360061, 0.381774, 0.406074, 0.431987, 0.4585, 0.48461, 0.509375, 0.531947, 0.551599, 0.567741, 0.579921, 0.587817, 0.591209
0.591209, 0.594589, 0.602382, 0.614186, 0.629441, 0.647436, 0.667357, 0.688338, 0.709513, 0.730065, 0.74927, 0.766516, 0.781321, 0.79333, 0.802296, 0.808064, 0.81053
0.81053, 0.812982, 0.818607, 0.827058, 0.83785, 0.850384, 0.863997, 0.878013, 0.891799, 0.904803, 0.916587, 0.926837, 0.935361, 0.942073, 0.946957, 0.950038, 0.95134
0.95134, 0.952625, 0.955539, 0.959818, 0.965102, 0.970961, 0.976946, 0.98264, 0.987702, 0.991898, 0.99512, 0.99738, 0.998799, 0.999564, 0.999892, 0.999988, 1
1, 0.999994, 0.999913, 0.999606, 0.99887, 0.997486, 0.995264, 0.992085, 0.987933, 0.982914, 0.977261, 0.971314, 0.965489, 0.960232, 0.955974, 0.953074, 0.951795
0.951795, 0.950499, 0.947432, 0.942569, 0.935884, 0.927391, 0.917177, 0.905432, 0.892468, 0.87872, 0.864741, 0.851162, 0.838657, 0.827889, 0.819456, 0.813842, 0.811396
0.811396, 0.808935, 0.803178, 0.79423, 0.782244, 0.767465, 0.750249, 0.731076, 0.710555, 0.689411, 0.668458, 0.648563, 0.63059, 0.615353, 0.603562, 0.595778, 0.592401
0.592401, 0.589014, 0.581126, 0.568958, 0.552832, 0.533199, 0.510648, 0.485904, 0.459814, 0.433321, 0.407426, 0.383141, 0.361441, 0.343211, 0.329205, 0.320005, 0.316024
0.316024, 0.312039, 0.302783, 0.288576, 0.269871, 0.247285, 0.221584, 0.193666, 0.164535, 0.135259, 0.106929, 0.0806072, 0.0572816, 0.0378246, 0.0229592, 0.0132339, 0.00903608
0.00903608, 0.00483809, -0.00488877, -0.01976, -0.0392304, -0.0625814, -0.0889438, -0.117332, -0.146683, -0.175905, -0.203926, -0.229735, -0.252426, -0.271226, -0.28551, -0.294819, -0.298828
-0.298828, -0.302831, -0.312087, -0.326181, -0.344532, -0.366386, -0.390856, -0.416964, -0.443692, -0.47003, -0.495027, -0.517824, -0.537683, -0.554004, -0.566324, -0.574314, -0.577745
-0.577745, -0.581167, -0.589055, -0.601008, -0.616461, -0.634702, -0.654909, -0.676208, -0.697723, -0.718626, -0.738178, -0.755754, -0.770858, -0.783119, -0.792281, -0.798179, -0.800701
-0.800701, -0.803208, -0.808965, -0.817618, -0.828677, -0.841537, -0.855524, -0.869951, -0.88417, -0.897613, -0.909827, -0.920479, -0.929364, -0.936379, -0.941495, -0.944729, -0.946097
-0.946097, -0.947448, -0.950515, -0.95503, -0.960624, -0.966858, -0.973269, -0.979427, -0.984972, -0.989654, -0.993345, -0.996043, -0.997848, -0.998936, -0.999512, -0.999768, -0.99985
-0.99985, -0.999914, -0.999994, -0.999934, -0.999521, -0.998525, -0.99674, -0.994032, -0.990366, -0.985833, -0.980645, -0.975126, -0.969677, -0.964733, -0.960711, -0.957966, -0.956753
-0.956753, -0.955524, -0.95261, -0.947981, -0.9416, -0.93347, -0.923663, -0.912351, -0.89983, -0.886519, -0.872954, -0.859754, -0.847579, -0.837081, -0.828853, -0.823372, -0.820982
-0.820982, -0.818578, -0.812952, -0.804202, -0.792472, -0.777996, -0.761115, -0.742296, -0.722132, -0.701334, -0.680706, -0.661103, -0.64338, -0.628347, -0.616708, -0.609022, -0.605687
-0.605687, -0.602341, -0.594548, -0.582525, -0.566582, -0.547162, -0.524843, -0.500339, -0.474485, -0.448215, -0.422522, -0.398414, -0.376861, -0.358748, -0.344826, -0.33568, -0.331722
-0.331722, -0.327759, -0.318554, -0.304422, -0.285811, -0.263328, -0.237733, -0.209917, -0.180878, -0.15168, -0.123411, -0.097134, -0.0738383, -0.0543995, -0.0395435, -0.0298225, -0.0256261
-0.0256261, -0.0214291, -0.0117036, 0.00316859, 0.0226459, 0.0460134, 0.0724055, 0.100838, 0.13025, 0.159548, 0.187654, 0.213555, 0.236337, 0.255218, 0.26957, 0.278924, 0.282953
0.282953, 0.286977, 0.296281, 0.310452, 0.328909, 0.350898, 0.37553, 0.401826, 0.428761, 0.455321, 0.480543, 0.503558, 0.52362, 0.540115, 0.552571, 0.560652, 0.564123
0.564123, 0.567585, 0.575566, 0.587664, 0.603312, 0.621793, 0.64228, 0.663891, 0.685741, 0.70699, 0.726884, 0.744785, 0.760183, 0.772694, 0.782049, 0.788073, 0.790651
0.790651, 0.793214, 0.7991, 0.807952, 0.819276, 0.832458, 0.846815, 0.861649, 0.876297, 0.890176, 0.902816, 0.913869, 0.923111, 0.930426, 0.935773, 0.939159, 0.940593
0.940593, 0.94201, 0.945229, 0.949979, 0.955882, 0.962489, 0.969325, 0.975944, 0.981971, 0.987137, 0.991298, 0.994431, 0.996623, 0.998034, 0.998855, 0.999273, 0.999425
0.999425, 0.999558, 0.9998, 0.999987, 0.999897, 0.999288, 0.997942, 0.995705, 0.992528, 0.98848, 0.983758, 0.978669, 0.973598, 0.968967, 0.965184, 0.962594, 0.961448
0.961448, 0.960285, 0.957526, 0.953132, 0.947058, 0.939293, 0.929894, 0.919018, 0.906944, 0.894074, 0.880928, 0.868109, 0.856267, 0.846043, 0.838021, 0.832674, 0.830342
0.830342, 0.827995, 0.822502, 0.813953, 0.802483, 0.788313, 0.771772, 0.753311, 0.73351, 0.713065, 0.692767, 0.67346, 0.655994, 0.641168, 0.629684, 0.622098, 0.618806
0.618806, 0.615503, 0.607807, 0.595931, 0.580176, 0.560975, 0.538894, 0.514636, 0.489025, 0.462985, 0.437502, 0.413578, 0.392178, 0.374186, 0.360353, 0.351263, 0.347329
0.347329, 0.343389, 0.334238, 0.320184, 0.301671, 0.279298, 0.253816, 0.22611, 0.197171, 0.168059, 0.139859, 0.113634, 0.0903748, 0.0709593, 0.056117, 0.0464029, 0.042209
0.042209, 0.0380143, 0.0282927, 0.0134237, -0.00605517, -0.0294328, -0.0558472, -0.084317, -0.113782, -0.143146, -0.171331, -0.197317, -0.220183, -0.239141, -0.253555, -0.262952, -0.267
-0.267, -0.271043, -0.280393, -0.294637, -0.313195, -0.335313, -0.360101, -0.386577, -0.413713, -0.440486, -0.465926, -0.489154, -0.509412, -0.526077, -0.538666, -0.546836, -0.550346

-0.581502, -0.578081, -0.570117, -0.557836, -0.541564, -0.521762, -0.499027, -0.474094, -0.447818, -0.421149, -0.395095, -0.370671, -0.348856, -0.330535, -0.316463, -0.307221, -0.303223
-0.303223, -0.29922, -0.289925, -0.275659, -0.256884, -0.234219, -0.208436, -0.180441, -0.151241, -0.121908, -0.093534, -0.0671811, -0.0438358, -0.0243682, -0.00949803, 0.00022873, 0.00442681
0.00442681, 0.00862482, 0.0183508, 0.0332182, 0.0526792, 0.076012, 0.102345, 0.130691, 0.159986, 0.189142, 0.217087, 0.242817, 0.26543, 0.284159, 0.298387, 0.307656, 0.311648
0.311648, 0.315634, 0.324849, 0.338878, 0.357139, 0.37888, 0.403212, 0.429163, 0.455716, 0.48187, 0.50668, 0.529294, 0.548986, 0.565162, 0.577368, 0.585283, 0.588682
0.588682, 0.59207, 0.599881, 0.611713, 0.627006, 0.645047, 0.665023, 0.686064, 0.707304, 0.727923, 0.747193, 0.764502, 0.779364, 0.791421, 0.800424, 0.806216, 0.808693
0.808693, 0.811155, 0.816805, 0.825295, 0.836138, 0.848733, 0.862417, 0.876511, 0.890379, 0.903466, 0.915331, 0.925657, 0.93425, 0.941019, 0.945947, 0.949057, 0.950371
0.950371, 0.951669, 0.954611, 0.958935, 0.964278, 0.970207, 0.976273, 0.982055, 0.987208, 0.991496, 0.994806, 0.997149, 0.998641, 0.999466, 0.999842, 0.999967, 0.999993
0.999993, 1, 0.999949, 0.999689, 0.999014, 0.997703, 0.995564, 0.992473, 0.988413, 0.983485, 0.97792, 0.972053, 0.966299, 0.961102, 0.956888, 0.954017, 0.95275
0.95275, 0.951467, 0.948428, 0.943609, 0.936982, 0.928557, 0.91842, 0.906757, 0.893875, 0.88021, 0.866308, 0.8528, 0.840358, 0.82964, 0.821246, 0.815657, 0.813221
0.813221, 0.810771, 0.805039, 0.796127, 0.78419, 0.769468, 0.752314, 0.733208, 0.712753, 0.691674, 0.670783, 0.650942, 0.633016, 0.617817, 0.606054, 0.598289, 0.59492
0.59492, 0.59154, 0.58367, 0.571529, 0.555438, 0.535844, 0.513336, 0.488637, 0.462591, 0.43614, 0.410282, 0.38603, 0.364357, 0.346149, 0.332158, 0.322968, 0.318992
0.318992, 0.315011, 0.305764, 0.291571, 0.272884, 0.250317, 0.224635, 0.196735, 0.167621, 0.138359, 0.11004, 0.0837262, 0.0604058, 0.0409518, 0.0260879, 0.0163632, 0.0121655
0.0121655, 0.00796764, -0.00175917, -0.0166309, -0.036103, -0.0594576, -0.0858262, -0.114223, -0.143586, -0.172823, -0.200861, -0.226688, -0.249397, -0.268212, -0.28251, -0.291827, -0.295839
-0.295839, -0.299847, -0.309112, -0.323221, -0.341593, -0.363473, -0.387974, -0.414117, -0.440885, -0.467266, -0.492305, -0.515144, -0.535042, -0.551396, -0.563742, -0.571749, -0.575188
-0.575188, -0.578617, -0.586523, -0.598503, -0.613994, -0.63228, -0.65254, -0.673899, -0.695477, -0.716447, -0.736063, -0.753701, -0.768861, -0.781169, -0.790368, -0.796289, -0.798822
-0.798822, -0.80134, -0.807121, -0.815812, -0.826922, -0.839842, -0.853899, -0.868403, -0.882703, -0.89623, -0.908523, -0.919252, -0.928204, -0.935276, -0.940436, -0.943698, -0.945078
-0.945078, -0.946442, -0.949538, -0.954097, -0.95975, -0.966054, -0.972546, -0.978791, -0.984427, -0.9892, -0.99298, -0.99576, -0.997638, -0.998787, -0.999409, -0.999696, -0.999791
-0.999791, -0.999868, -0.999979, -0.999965, -0.999613, -0.99869, -0.996988, -0.994369, -0.990795, -0.986353, -0.981252, -0.975815, -0.970437, -0.965552, -0.961575, -0.958859, -0.957659
-0.957659, -0.956442, -0.953557, -0.948972, -0.94265, -0.934588, -0.924858, -0.913628, -0.901191, -0.887963, -0.874477, -0.861348, -0.849235, -0.838789, -0.8306, -0.825144, -0.822765
-0.822765, -0.820371, -0.814771, -0.806058, -0.794377, -0.779959, -0.763142, -0.744389, -0.724293, -0.703562, -0.682996, -0.663448, -0.645773, -0.630778, -0.619169, -0.611501, -0.608174
-0.608174, -0.604836, -0.597062, -0.585066, -0.569158, -0.549779, -0.527505, -0.503046, -0.477238, -0.451011, -0.425357, -0.401283, -0.379758, -0.361668, -0.347762, -0.338626, -0.334673
-0.334673, -0.330714, -0.321519, -0.307401, -0.288808, -0.266346, -0.240772, -0.212976, -0.183955, -0.154773, -0.126516, -0.100248, -0.076959, -0.0575242, -0.0426705, -0.0329506, -0.0287545
-0.0287545, -0.0245579, -0.0148329, 3.89806e-05, 0.019517, 0.0428869, 0.0692837, 0.0977241, 0.127146, 0.156457, 0.184579, 0.210497, 0.233295, 0.252191, 0.266555, 0.275917, 0.27995
0.27995, 0.283977, 0.29329, 0.307476, 0.325952, 0.347965, 0.372628, 0.398958, 0.425932, 0.452532, 0.477796, 0.500852, 0.520951, 0.537478, 0.54996, 0.558058, 0.561536
0.561536, 0.565005, 0.573004, 0.585129, 0.600813, 0.619339, 0.639878, 0.661547, 0.68346, 0.704773, 0.724731, 0.742693, 0.758146, 0.770703, 0.780094, 0.786143, 0.788731
0.788731, 0.791305, 0.797214, 0.806104, 0.817478, 0.83072, 0.845147, 0.860056, 0.874785, 0.888746, 0.901466, 0.912594, 0.921903, 0.929275, 0.934665, 0.938079, 0.939525
0.939525, 0.940955, 0.944203, 0.948997, 0.954958, 0.961635, 0.968551, 0.975257, 0.981375, 0.986632, 0.990881, 0.994097, 0.996361, 0.997833, 0.998701, 0.999149, 0.999314
0.999314, 0.99946, 0.999733, 0.999966, 0.999937, 0.999401, 0.998137, 0.99599, 0.992905, 0.988949, 0.984315, 0.979307, 0.974308, 0.969736, 0.965998, 0.963438, 0.962304
0.962304, 0.961154, 0.958424, 0.954074, 0.948058, 0.940362, 0.93104, 0.920247, 0.908258, 0.895472, 0.882405, 0.869658, 0.857879, 0.847708, 0.839725, 0.834403, 0.832082
0.832082, 0.829746, 0.824278, 0.815767, 0.804346, 0.790235, 0.773759, 0.755366, 0.735633, 0.715256, 0.695021, 0.675771, 0.658352, 0.643566, 0.632112, 0.624545, 0.621261
0.621261, 0.617966, 0.61029, 0.598441, 0.582722, 0.563563, 0.541528, 0.517317, 0.491752, 0.465757, 0.440314, 0.416425, 0.395055, 0.377087, 0.363271, 0.354191, 0.350262
0.350262, 0.346327, 0.337186, 0.323148, 0.304653, 0.282302, 0.256842, 0.229158, 0.200238, 0.171143, 0.142957, 0.116743, 0.0934911, 0.0740807, 0.0592414, 0.049529, 0.0453356

-0.948575, -0.947238, -0.944075, -0.939067, -0.932193, -0.923476, -0.913011, -0.900998, -0.887759, -0.873741, -0.859505, -0.845692, -0.832984, -0.822049, -0.81349, -0.807794, -0.805313
-0.805313, -0.802817, -0.796979, -0.787909, -0.775765, -0.7608, -0.743377, -0.723987, -0.703246, -0.681889, -0.660737, -0.640663, -0.622536, -0.607175, -0.595291, -0.587447, -0.584045
-0.584045, -0.580632, -0.572685, -0.56043, -0.544192, -0.524429, -0.501736, -0.476847, -0.450614, -0.423986, -0.397968, -0.373576, -0.351787, -0.333487, -0.31943, -0.310198, -0.306204
-0.306204, -0.302205, -0.292918, -0.278667, -0.259907, -0.23726, -0.211496, -0.183518, -0.154333, -0.125014, -0.0966494, -0.0703033, -0.0469622, -0.0274968, -0.0126275, -0.00290089, 0.00129721
0.00129721, 0.00549528, 0.0152216, 0.0300901, 0.0495536, 0.072891, 0.0992314, 0.127587, 0.156896, 0.186068, 0.214031, 0.239779, 0.262412, 0.281157, 0.295398, 0.304677, 0.308673
0.308673, 0.312663, 0.321887, 0.335932, 0.354214, 0.375981, 0.400347, 0.426334, 0.452928, 0.479126, 0.503979, 0.526636, 0.546367, 0.562577, 0.57481, 0.582742, 0.586149
0.586149, 0.589545, 0.597374, 0.609234, 0.624565, 0.642653, 0.662682, 0.683784, 0.705088, 0.725774, 0.74511, 0.762481, 0.777399, 0.789504, 0.798544, 0.804361, 0.806848
0.806848, 0.809321, 0.814996, 0.823524, 0.834417, 0.847074, 0.860828, 0.875, 0.88895, 0.90212, 0.914066, 0.924468, 0.933129, 0.939955, 0.944927, 0.948066, 0.949393
0.949393, 0.950703, 0.953674, 0.958043, 0.963444, 0.969444, 0.975591, 0.98146, 0.986704, 0.991084, 0.994482, 0.996908, 0.998473, 0.999359, 0.999781, 0.999937, 0.999976
0.999976, 0.999996, 0.999976, 0.999762, 0.999148, 0.99791, 0.995853, 0.992852, 0.988883, 0.984047, 0.978569, 0.972783, 0.9671, 0.961961, 0.957792, 0.954951, 0.953696
0.953696, 0.952425, 0.949416, 0.944641, 0.938071, 0.929715, 0.919654, 0.908072, 0.895274, 0.881691, 0.867867, 0.854431, 0.84205, 0.831384, 0.823027, 0.817464, 0.815038
0.815038, 0.812599, 0.806891, 0.798017, 0.786128, 0.771463, 0.754373, 0.735332, 0.714945, 0.693931, 0.6731, 0.653314, 0.635435, 0.620275, 0.608541, 0.600794, 0.597432
0.597432, 0.594061, 0.586208, 0.574095, 0.558037, 0.538484, 0.51602, 0.491365, 0.465364, 0.438954, 0.413134, 0.388915, 0.36727, 0.349084, 0.335109, 0.325928, 0.321957
0.321957, 0.317979, 0.308742, 0.294563, 0.275893, 0.253345, 0.227683, 0.199803, 0.170705, 0.141458, 0.11315, 0.0868444, 0.0635294, 0.0440786, 0.0292163, 0.0194923, 0.0152948
0.0152948, 0.0110971, 0.00137045, -0.0135016, -0.0329753, -0.0563332, -0.0827077, -0.111113, -0.140488, -0.16974, -0.197794, -0.223639, -0.246365, -0.265196, -0.279506, -0.288832, -0.292848
-0.292848, -0.29686, -0.306134, -0.320258, -0.33865, -0.360555, -0.385087, -0.411267, -0.438074, -0.464496, -0.489579, -0.512459, -0.532395, -0.548782, -0.561154, -0.569179, -0.572625
-0.572625, -0.576062, -0.583985, -0.595993, -0.611521, -0.629852, -0.650166, -0.671583, -0.693225, -0.71426, -0.733941, -0.751641, -0.766856, -0.779212, -0.788447, -0.794392, -0.796935
-0.796935, -0.799464, -0.805269, -0.813998, -0.825158, -0.838139, -0.852266, -0.866847, -0.881228, -0.894837, -0.907211, -0.918015, -0.927035, -0.934163, -0.939367, -0.942658, -0.944051
-0.944051, -0.945427, -0.948552, -0.953155, -0.958866, -0.965241, -0.971813, -0.978145, -0.983872, -0.988737, -0.992605, -0.995467, -0.997419, -0.998628, -0.999296, -0.999614, -0.999722
-0.999722, -0.999812, -0.999953, -0.999986, -0.999695, -0.998845, -0.997226, -0.994695, -0.991214, -0.986863, -0.981851, -0.976494, -0.971188, -0.966361, -0.96243, -0.959743, -0.958555
-0.958555, -0.957351, -0.954495, -0.949955, -0.94369, -0.935697, -0.926043, -0.914896, -0.902543, -0.889398, -0.875991, -0.862934, -0.850884, -0.840489, -0.832338, -0.826908, -0.82454
-0.82454, -0.822157, -0.816581, -0.807906, -0.796274, -0.781914, -0.76516, -0.746475, -0.726447, -0.705782, -0.685278, -0.665786, -0.648159, -0.633204, -0.621623, -0.613975, -0.610656
-0.610656, -0.607326, -0.59957, -0.587601, -0.571729, -0.552391, -0.530161, -0.505748, -0.479985, -0.453802, -0.428187, -0.404147, -0.382652, -0.364584, -0.350695, -0.341569, -0.337621
-0.337621, -0.333666, -0.324481, -0.310378, -0.291803, -0.269361, -0.243808, -0.216033, -0.18703, -0.157864, -0.12962, -0.103362, -0.080079, -0.0606483, -0.0457971, -0.0360784, -0.0318827
-0.0318827, -0.0276865, -0.0179621, -0.00309063, 0.0163879, 0.0397599, 0.0661613, 0.0946089, 0.124042, 0.153365, 0.181503, 0.207436, 0.230251, 0.249162, 0.263537, 0.272907, 0.276944
0.276944, 0.280975, 0.290297, 0.304496, 0.322991, 0.34503, 0.369722, 0.396086, 0.423098, 0.449739, 0.475044, 0.498141, 0.518277, 0.534837, 0.547344, 0.555458, 0.558944
0.558944, 0.56242, 0.570436, 0.582588, 0.598309, 0.616878, 0.63747, 0.659197, 0.681172, 0.702549, 0.722571, 0.740594, 0.756101, 0.768705, 0.778132, 0.784205, 0.786803
0.786803, 0.789387, 0.795321, 0.804248, 0.815671, 0.828974, 0.84347, 0.858455, 0.873264, 0.887307, 0.900107, 0.911309, 0.920686, 0.928114, 0.933548, 0.93699, 0.938449
0.938449, 0.939891, 0.943168, 0.948006, 0.954025, 0.960771, 0.967767, 0.97456, 0.980769, 0.986117, 0.990454, 0.993752, 0.99609, 0.997622, 0.998536, 0.999015, 0.999193
0.999193, 0.999353, 0.999655, 0.999935, 0.999967, 0.999505, 0.998323, 0.996265, 0.993272, 0.989408, 0.984862, 0.979936, 0.975008, 0.970496, 0.966802, 0.964271, 0.963151
0.963151, 0.962013, 0.959312, 0.955007, 0.949049, 0.941422, 0.932178, 0.921468, 0.909563, 0.89686, 0.883873, 0.871199, 0.859483, 0.849364, 0.84142, 0.836124, 0.833814
0.833814, 0.831489, 0.826046, 0.817573, 0.806202, 0.792149, 0.775738, 0.757413, 0.73775, 0.717439, 0.697268, 0.678074, 0.660705, 0.645958, 0.634534, 0.626986, 0.623711

-0.953535, -0.954792, -0.957638, -0.961815, -0.966964, -0.972659, -0.978459, -0.983951, -0.988803, -0.992788, -0.995805, -0.997876, -0.999126, -0.999751, -0.999972, -0.999997, -0.999979
-0.999979, -0.999943, -0.999792, -0.999378, -0.998502, -0.99695, -0.994538, -0.991155, -0.986791, -0.981562, -0.975708, -0.969576, -0.963587, -0.958196, -0.953835, -0.950869, -0.949561
-0.949561, -0.948236, -0.945102, -0.940138, -0.933322, -0.924672, -0.914283, -0.902351, -0.889195, -0.875259, -0.8611, -0.847358, -0.834712, -0.823827, -0.815306, -0.809635, -0.807164
-0.807164, -0.804679, -0.798866, -0.789832, -0.777736, -0.762827, -0.745467, -0.726142, -0.705467, -0.684174, -0.663083, -0.643063, -0.624983, -0.609659, -0.597803, -0.589977, -0.586582
-0.586582, -0.583177, -0.575248, -0.56302, -0.546815, -0.527091, -0.504441, -0.479595, -0.453405, -0.426818, -0.400837, -0.376477, -0.354715, -0.336436, -0.322394, -0.313171, -0.309182
-0.309182, -0.305187, -0.295909, -0.281671, -0.262928, -0.240299, -0.214554, -0.186594, -0.157425, -0.128118, -0.0997639, -0.0734248, -0.0500882, -0.0306251, -0.0157568, -0.00603047, -0.00183241
-0.00183241, 0.00236568, 0.0120923, 0.0269618, 0.0464276, 0.0697694, 0.0961167, 0.124483, 0.153805, 0.182992, 0.210973, 0.23674, 0.25939, 0.278152, 0.292407, 0.301695, 0.305694
0.305694, 0.309689, 0.318923, 0.332983, 0.351286, 0.37308, 0.397477, 0.423501, 0.450136, 0.476376, 0.501273, 0.523973, 0.543743, 0.559987, 0.572246, 0.580196, 0.58361
0.58361, 0.587014, 0.594861, 0.60675, 0.622117, 0.640252, 0.660335, 0.681497, 0.702865, 0.723617, 0.743019, 0.760452, 0.775427, 0.787579, 0.796656, 0.802498, 0.804995
0.804995, 0.807479, 0.813178, 0.821744, 0.832688, 0.845407, 0.859231, 0.873481, 0.887512, 0.900765, 0.912792, 0.923271, 0.932, 0.938883, 0.943898, 0.947066, 0.948405
0.948405, 0.949728, 0.952728, 0.957141, 0.962601, 0.968672, 0.974899, 0.980855, 0.986191, 0.990662, 0.994149, 0.996657, 0.998295, 0.999242, 0.999711, 0.999897, 0.999949
0.999949, 0.999982, 0.999993, 0.999826, 0.999272, 0.998108, 0.996133, 0.99322, 0.989343, 0.984599, 0.979209, 0.973504, 0.967891, 0.962811, 0.958687, 0.955875, 0.954633
0.954633, 0.953375, 0.950394, 0.945663, 0.93915, 0.930863, 0.920878, 0.909378, 0.896664, 0.883163, 0.869418, 0.856052, 0.843734, 0.833119, 0.824801, 0.819262, 0.816848
0.816848, 0.814419, 0.808736, 0.799899, 0.788058, 0.77345, 0.756423, 0.73745, 0.71713, 0.696181, 0.675412, 0.655681, 0.637849, 0.622727, 0.611021, 0.603293, 0.599939
0.599939, 0.596575, 0.588741, 0.576654, 0.560632, 0.541118, 0.518698, 0.494089, 0.468131, 0.441764, 0.415982, 0.391797, 0.370179, 0.352015, 0.338056, 0.328885, 0.324918
0.324918, 0.320945, 0.311718, 0.297552, 0.2789, 0.256372, 0.230729, 0.202868, 0.173788, 0.144556, 0.116259, 0.0899618, 0.0666523, 0.047205, 0.0323444, 0.0226212, 0.018424
0.018424, 0.0142265, 0.00450005, -0.0103722, -0.0298472, -0.0532083, -0.0795884, -0.108003, -0.137389, -0.166655, -0.194725, -0.220587, -0.243331, -0.262177, -0.2765, -0.285834, -0.289855
-0.289855, -0.29387, -0.303153, -0.317292, -0.335703, -0.357634, -0.382197, -0.408412, -0.435258, -0.461723, -0.486848, -0.509769, -0.529744, -0.546164, -0.558561, -0.566603, -0.570057
-0.570057, -0.573501, -0.581442, -0.593477, -0.609042, -0.627418, -0.647785, -0.669261, -0.690966, -0.712066, -0.731812, -0.749573, -0.764843, -0.777246, -0.786518, -0.792487, -0.795041
-0.795041, -0.79758, -0.80341, -0.812176, -0.823386, -0.836428, -0.850625, -0.865283, -0.879745, -0.893436, -0.90589, -0.91677, -0.925857, -0.933042, -0.938289, -0.941609, -0.943014
-0.943014, -0.944403, -0.947556, -0.952204, -0.957973, -0.964418, -0.97107, -0.977489, -0.983307, -0.988263, -0.99222, -0.995165, -0.997189, -0.998459, -0.999174, -0.999522, -0.999643
-0.999643, -0.999746, -0.999918, -0.999998, -0.999768, -0.99899, -0.997454, -0.995012, -0.991623, -0.987364, -0.98244, -0.977164, -0.971929, -0.967162, -0.963275, -0.960617, -0.959442
-0.959442, -0.958251, -0.955424, -0.950928, -0.94472, -0.936797, -0.92722, -0.916155, -0.903886, -0.890824, -0.877496, -0.864511, -0.852524, -0.842181, -0.834069, -0.828664, -0.826306
-0.826306, -0.823935, -0.818384, -0.809747, -0.798164, -0.783861, -0.767172, -0.748554, -0.728595, -0.707996, -0.687554, -0.668118, -0.650539, -0.635623, -0.624072, -0.616442, -0.613131
-0.613131, -0.609809, -0.602071, -0.59013, -0.574294, -0.554997, -0.532812, -0.508446, -0.482729, -0.456588, -0.431013, -0.407008, -0.385541, -0.367496, -0.353624, -0.344509, -0.340565
-0.340565, -0.336615, -0.32744, -0.313352, -0.294795, -0.272374, -0.246842, -0.219087, -0.190104, -0.160953, -0.132723, -0.106474, -0.0831982, -0.0637719, -0.0489232, -0.0392058, -0.0350106
-0.0350106, -0.0308147, -0.0210912, -0.00622022, 0.0132586, 0.0366326, 0.0630382, 0.0914929, 0.120936, 0.150272, 0.178424, 0.204374, 0.227204, 0.246129, 0.260517, 0.269895, 0.273935
0.273935, 0.27797, 0.2873, 0.301514, 0.320028, 0.342091, 0.366812, 0.393211, 0.42026, 0.446942, 0.472288, 0.495425, 0.515598, 0.53219, 0.544722, 0.552853, 0.556346
0.556346, 0.55983, 0.567863, 0.580042, 0.595798, 0.614412, 0.635055, 0.656841, 0.678877, 0.700318, 0.720404, 0.738487, 0.754049, 0.7667, 0.776163, 0.782259, 0.784868
0.784868, 0.787462, 0.79342, 0.802384, 0.813857, 0.827219, 0.841784, 0.856846, 0.871735, 0.88586, 0.898739, 0.910016, 0.91946, 0.926944, 0.932422, 0.935893, 0.937363
0.937363, 0.938817, 0.942123, 0.947005, 0.953082, 0.959899, 0.966975, 0.973854, 0.980153, 0.985593, 0.990018, 0.993398, 0.995808, 0.997401, 0.998362, 0.998872, 0.999062
0.999062, 0.999235, 0.999568, 0.999895, 0.999988, 0.999598, 0.9985, 0.996531, 0.99363, 0.989857, 0.9854, 0.980555, 0.975699, 0.971246, 0.967597, 0.965096, 0.963988

-0.594489, -0.59786, -0.605629, -0.617396, -0.632601, -0.650535, -0.670386, -0.691288, -0.712378, -0.732844, -0.751962, -0.769126, -0.783857, -0.795803, -0.804721, -0.810457, -0.812909
-0.812909, -0.815347, -0.82094, -0.829341, -0.840067, -0.852521, -0.866041, -0.879956, -0.893635, -0.906531, -0.918208, -0.928359, -0.936795, -0.943432, -0.948259, -0.951302, -0.952588
-0.952588, -0.953857, -0.956732, -0.960954, -0.966161, -0.971928, -0.977808, -0.983388, -0.988331, -0.992408, -0.995513, -0.997667, -0.99899, -0.999676, -0.999944, -1, -0.999994
-0.999994, -0.999972, -0.999851, -0.999484, -0.998668, -0.997189, -0.99486, -0.991565, -0.987293, -0.982156, -0.976389, -0.970337, -0.964419, -0.959087, -0.954771, -0.951833, -0.950538
-0.950538, -0.949225, -0.94612, -0.9412, -0.934441, -0.925859, -0.915546, -0.903696, -0.890622, -0.876768, -0.862687, -0.849016, -0.836431, -0.825597, -0.817114, -0.811468, -0.809008
-0.809008, -0.806533, -0.800744, -0.791748, -0.779699, -0.764847, -0.747549, -0.72829, -0.707682, -0.686454, -0.665423, -0.645456, -0.627423, -0.612136, -0.600309, -0.592501, -0.589114
-0.589114, -0.585717, -0.577805, -0.565603, -0.549433, -0.529748, -0.507141, -0.482339, -0.456193, -0.429646, -0.403702, -0.379375, -0.357639, -0.339382, -0.325355, -0.316142, -0.312156
-0.312156, -0.308165, -0.298897, -0.284672, -0.265946, -0.243336, -0.217609, -0.189667, -0.160515, -0.131221, -0.102877, -0.0765456, -0.0532136, -0.0337531, -0.0188859, -0.00916, -0.00496201
-0.00496201, -0.000763934, 0.00896285, 0.0238332, 0.0433011, 0.0666471, 0.0930011, 0.121377, 0.150712, 0.179914, 0.207912, 0.233698, 0.256367, 0.275145, 0.289412, 0.298709, 0.302713
0.302713, 0.306711, 0.315955, 0.33003, 0.348354, 0.370174, 0.394603, 0.420664, 0.447339, 0.473622, 0.498563, 0.521305, 0.541114, 0.557391, 0.569677, 0.577644, 0.581066
0.581066, 0.584478, 0.592342, 0.604259, 0.619664, 0.637845, 0.657982, 0.679203, 0.700636, 0.721454, 0.740921, 0.758416, 0.773447, 0.785647, 0.794761, 0.800626, 0.803135
0.803135, 0.805629, 0.811353, 0.819957, 0.830951, 0.843731, 0.857626, 0.871953, 0.886066, 0.899402, 0.91151, 0.922064, 0.930861, 0.937801, 0.94286, 0.946056, 0.947408
0.947408, 0.948743, 0.951773, 0.95623, 0.961748, 0.96789, 0.974197, 0.980241, 0.985668, 0.99023, 0.993806, 0.996397, 0.998107, 0.999116, 0.999631, 0.999848, 0.999912
0.999912, 0.999959, 1, 0.999879, 0.999387, 0.998295, 0.996403, 0.993579, 0.989794, 0.985141, 0.979839, 0.974215, 0.968673, 0.963652, 0.959573, 0.956789, 0.95556
0.95556, 0.954314, 0.951363, 0.946676, 0.940221, 0.932001, 0.922094, 0.910675, 0.898045, 0.884627, 0.87096, 0.857666, 0.84541, 0.834846, 0.826566, 0.821053, 0.818649
0.818649, 0.816231, 0.810573, 0.801774, 0.789981, 0.77543, 0.758467, 0.73956, 0.719307, 0.698424, 0.677716, 0.65804, 0.640256, 0.625172, 0.613496, 0.605786, 0.60244
0.60244, 0.599084, 0.591268, 0.579208, 0.56322, 0.543748, 0.521371, 0.496807, 0.470895, 0.444569, 0.418826, 0.394674, 0.373085, 0.354942, 0.340999, 0.331839, 0.327876
0.327876, 0.323907, 0.31469, 0.300539, 0.281904, 0.259395, 0.233774, 0.205932, 0.176869, 0.147652, 0.119367, 0.0930783, 0.0697747, 0.0503309, 0.0354722, 0.0257499, 0.021553
0.021553, 0.0173557, 0.00762961, -0.00724271, -0.0267189, -0.0500829, -0.0764683, -0.104891, -0.134288, -0.163568, -0.191654, -0.217534, -0.240294, -0.259156, -0.273491, -0.282834, -0.286858
-0.286858, -0.290877, -0.300169, -0.314322, -0.332754, -0.35471, -0.379303, -0.405553, -0.432438, -0.458944, -0.484112, -0.507074, -0.527087, -0.543539, -0.555962, -0.564021, -0.567483
-0.567483, -0.570934, -0.578893, -0.590955, -0.606556, -0.624978, -0.645397, -0.666932, -0.688701, -0.709865, -0.729676, -0.747498, -0.762824, -0.775273, -0.784581, -0.790575, -0.793139
-0.793139, -0.795688, -0.801542, -0.810346, -0.821606, -0.834709, -0.848975, -0.863709, -0.878252, -0.892025, -0.90456, -0.915515, -0.92467, -0.931911, -0.937202, -0.94055, -0.941968
-0.941968, -0.943369, -0.946551, -0.951244, -0.957071, -0.963586, -0.970318, -0.976824, -0.982733, -0.98778, -0.991826, -0.994852, -0.99695, -0.998281, -0.999042, -0.99942, -0.999554
-0.999554, -0.999671, -0.999873, -0.999999, -0.99983, -0.999126, -0.997672, -0.99532, -0.992022, -0.987855, -0.983019, -0.977824, -0.97266, -0.967952, -0.96411, -0.961482, -0.96032
-0.96032, -0.959141, -0.956343, -0.951891, -0.945742, -0.937887, -0.928387, -0.917405, -0.90522, -0.892242, -0.878992, -0.86608, -0.854155, -0.843864, -0.835791, -0.830411, -0.828065
-0.828065, -0.825704, -0.820178, -0.811579, -0.800045, -0.7858, -0.769175, -0.750626, -0.730735, -0.710203, -0.689823, -0.670443, -0.652913, -0.638036, -0.626514, -0.618903, -0.6156
-0.6156, -0.612286, -0.604567, -0.592654, -0.576853, -0.557598, -0.535458, -0.511138, -0.485467, -0.45937, -0.433835, -0.409865, -0.388427, -0.370405, -0.35655, -0.347445, -0.343506
-0.343506, -0.33956, -0.330395, -0.316322, -0.297784, -0.275384, -0.249873, -0.22214, -0.193175, -0.164041, -0.135824, -0.109585, -0.0863165, -0.0668948, -0.0520488, -0.0423328, -0.0381381
-0.0381381, -0.0339427, -0.02422, -0.00934974, 0.0101292, 0.0335049, 0.0599145, 0.088376, 0.117828, 0.147177, 0.175344, 0.201309, 0.224155, 0.243095, 0.257494, 0.26688, 0.270924
0.270924, 0.274963, 0.284301, 0.298528, 0.317061, 0.339148, 0.363899, 0.390331, 0.417419, 0.44414, 0.469527, 0.492704, 0.512914, 0.529537, 0.542095, 0.550242, 0.553743
0.553743, 0.557234, 0.565284, 0.577489, 0.593282, 0.61194, 0.632635, 0.654478, 0.676576, 0.698081, 0.71823, 0.736373, 0.75199, 0.764687, 0.774186, 0.780306, 0.782924
0.782924, 0.785529, 0.791511, 0.800513, 0.812034, 0.825457, 0.840091, 0.855228, 0.870197, 0.884403, 0.897362, 0.908715, 0.918225, 0.925765, 0.931286, 0.934785, 0.936268

-0.0085009, -0.0126988, -0.0224241, -0.0372898, -0.0567472, -0.0800737, -0.106397, -0.134729, -0.164007, -0.193141, -0.221062, -0.246767, -0.269356, -0.288063, -0.302273, -0.31153, -0.315517
-0.315517, -0.319497, -0.328699, -0.342708, -0.360942, -0.382647, -0.406937, -0.432839, -0.459339, -0.485436, -0.510188, -0.532746, -0.552386, -0.568518, -0.58069, -0.588581, -0.59197
-0.59197, -0.595348, -0.603135, -0.614931, -0.630174, -0.648155, -0.66806, -0.689023, -0.710178, -0.730711, -0.749895, -0.767122, -0.78191, -0.793904, -0.802859, -0.80862, -0.811083
-0.811083, -0.813531, -0.819149, -0.827589, -0.838365, -0.850881, -0.864472, -0.878465, -0.892226, -0.905205, -0.916964, -0.927191, -0.935695, -0.94239, -0.94726, -0.950333, -0.951631
-0.951631, -0.952912, -0.955817, -0.960083, -0.965349, -0.971186, -0.977147, -0.982815, -0.98785, -0.992018, -0.995212, -0.997448, -0.998845, -0.999591, -0.999906, -0.999992, -1
-1, -0.99999, -0.9999, -0.999579, -0.998825, -0.997419, -0.995172, -0.991966, -0.987786, -0.98274, -0.97706, -0.971089, -0.965242, -0.959968, -0.955696, -0.952788, -0.951505
-0.951505, -0.950205, -0.947129, -0.942253, -0.935551, -0.927037, -0.916801, -0.905031, -0.892041, -0.878269, -0.864266, -0.850666, -0.838142, -0.827359, -0.818914, -0.813293, -0.810843
-0.810843, -0.808379, -0.802615, -0.793655, -0.781655, -0.766859, -0.749624, -0.730431, -0.70989, -0.688726, -0.667755, -0.647844, -0.629856, -0.614608, -0.602809, -0.595019, -0.59164
-0.59164, -0.58825, -0.580357, -0.568181, -0.552045, -0.5324, -0.509836, -0.485078, -0.458975, -0.43247, -0.406563, -0.382269, -0.36056, -0.342324, -0.328313, -0.31911, -0.315128
-0.315128, -0.311141, -0.301882, -0.287671, -0.268962, -0.24637, -0.220663, -0.192739, -0.163603, -0.134323, -0.10599, -0.0796657, -0.0563385, -0.0368807, -0.0220149, -0.0122894, -0.00809156
-0.00809156, -0.00389354, 0.00583332, 0.0207043, 0.0401743, 0.0635241, 0.0898846, 0.11827, 0.147617, 0.176835, 0.20485, 0.230654, 0.25334, 0.272135, 0.286415, 0.295721, 0.299729
0.299729, 0.303731, 0.312984, 0.327074, 0.345419, 0.367265, 0.391725, 0.417822, 0.444538, 0.470864, 0.495848, 0.518632, 0.53848, 0.55479, 0.567102, 0.575087, 0.578516
0.578516, 0.581935, 0.589818, 0.601762, 0.617205, 0.635431, 0.655622, 0.676903, 0.698399, 0.719283, 0.738815, 0.756373, 0.771459, 0.783706, 0.792857, 0.798747, 0.801266
0.801266, 0.803771, 0.80952, 0.818161, 0.829206, 0.842047, 0.856012, 0.870416, 0.884611, 0.898029, 0.910218, 0.920848, 0.929713, 0.93671, 0.941813, 0.945038, 0.946402
0.946402, 0.94775, 0.950808, 0.95531, 0.960886, 0.967099, 0.973486, 0.979617, 0.985135, 0.989789, 0.993454, 0.996126, 0.99791, 0.998979, 0.999541, 0.999788, 0.999866
0.999866, 0.999926, 0.999997, 0.999923, 0.999492, 0.998473, 0.996664, 0.993929, 0.990235, 0.985674, 0.980459, 0.974916, 0.969446, 0.964484, 0.960449, 0.957695, 0.956478
0.956478, 0.955245, 0.952322, 0.94768, 0.941282, 0.933131, 0.9233, 0.911964, 0.899417, 0.886082, 0.872493, 0.859271, 0.847077, 0.836564, 0.828324, 0.822835, 0.820442
0.820442, 0.818035, 0.812402, 0.80364, 0.791896, 0.777403, 0.760502, 0.741663, 0.721478, 0.700661, 0.680014, 0.660394, 0.642657, 0.627612, 0.615964, 0.608273, 0.604935
0.604935, 0.601587, 0.593789, 0.581757, 0.565804, 0.546372, 0.524039, 0.499521, 0.473653, 0.447371, 0.421666, 0.397548, 0.375986, 0.357866, 0.34394, 0.33479, 0.330831
0.330831, 0.326867, 0.317659, 0.303522, 0.284905, 0.262417, 0.236815, 0.208993, 0.179949, 0.150746, 0.122474, 0.0961939, 0.0728963, 0.0534563, 0.0385997, 0.0288784, 0.0246818
0.0246818, 0.0204848, 0.0107591, -0.00411314, -0.0235902, -0.046957, -0.0733475, -0.101778, -0.131186, -0.16048, -0.188582, -0.214478, -0.237255, -0.256132, -0.270479, -0.279831, -0.283858
-0.283858, -0.287881, -0.297183, -0.31135, -0.329801, -0.351782, -0.376406, -0.402691, -0.429614, -0.456161, -0.481371, -0.504374, -0.524424, -0.54091, -0.553358, -0.561434, -0.564903
-0.564903, -0.568362, -0.576338, -0.588428, -0.604065, -0.622532, -0.643003, -0.664597, -0.686428, -0.707657, -0.727532, -0.745415, -0.760796, -0.773293, -0.782637, -0.788655, -0.791229
-0.791229, -0.793789, -0.799667, -0.808508, -0.819818, -0.832981, -0.847317, -0.862128, -0.876752, -0.890606, -0.903222, -0.914252, -0.923474, -0.930772, -0.936106, -0.939483, -0.940913
-0.940913, -0.942326, -0.945537, -0.950274, -0.956159, -0.962744, -0.969557, -0.97615, -0.982149, -0.987288, -0.991422, -0.99453, -0.9967, -0.998092, -0.9989, -0.999309, -0.999456
-0.999456, -0.999586, -0.999818, -0.999991, -0.999883, -0.999252, -0.997881, -0.995617, -0.992412, -0.988337, -0.983588, -0.978475, -0.973382, -0.968734, -0.964937, -0.962338, -0.961188
-0.961188, -0.960021, -0.957253, -0.952846, -0.946754, -0.938968, -0.929546, -0.918645, -0.906546, -0.893651, -0.88048, -0.86764, -0.855778, -0.845539, -0.837505, -0.832151, -0.829815
-0.829815, -0.827465, -0.821965, -0.813404, -0.801919, -0.787732, -0.771171, -0.75269, -0.732867, -0.712402, -0.692086, -0.672762, -0.65528, -0.640443, -0.62895, -0.621358, -0.618063
-0.618063, -0.614758, -0.607057, -0.595172, -0.579406, -0.560193, -0.538098, -0.513826, -0.488201, -0.462148, -0.436653, -0.412717, -0.391309, -0.37331, -0.359472, -0.350378, -0.346443
-0.346443, -0.342502, -0.333348, -0.319289, -0.30077, -0.278391, -0.252903, -0.22519, -0.196245, -0.167128, -0.138924, -0.112696, -0.089434, -0.0700171, -0.0551739, -0.0454594, -0.0412652
-0.0412652, -0.0370704, -0.0273485, -0.0124792, 0.00699971, 0.0303769, 0.0567902, 0.0852582, 0.11472, 0.144081, 0.172262, 0.198243, 0.221104, 0.240058, 0.254468, 0.263863, 0.26791
0.26791, 0.271952, 0.2813, 0.29554, 0.314092, 0.336202, 0.360982, 0.387448, 0.414573, 0.441334, 0.466761, 0.489978, 0.510225, 0.52688, 0.539462, 0.547627, 0.551134

0.580733, 0.57731, 0.569341, 0.557051, 0.54077, 0.520956, 0.498208, 0.473262, 0.446973, 0.420292, 0.394227, 0.369794, 0.34797, 0.329644, 0.315567, 0.306322, 0.302323
0.302323, 0.298319, 0.289021, 0.274751, 0.255971, 0.2333, 0.207512, 0.179512, 0.150307, 0.12097, 0.0925935, 0.0662386, 0.0428922, 0.0234239, 0.00855351, -0.00117329, -0.00537136
-0.00537136, -0.00956933, -0.0192952, -0.0341622, -0.0536224, -0.0769538, -0.103285, -0.131627, -0.160919, -0.190069, -0.218009, -0.243733, -0.266341, -0.285065, -0.299288, -0.308555, -0.312545
-0.312545, -0.31653, -0.325742, -0.339767, -0.358022, -0.379754, -0.404077, -0.430016, -0.456557, -0.482698, -0.507494, -0.530095, -0.549775, -0.565941, -0.578139, -0.586048, -0.589445
-0.589445, -0.592831, -0.600636, -0.61246, -0.627741, -0.645769, -0.665728, -0.686751, -0.707971, -0.72857, -0.747821, -0.76511, -0.779955, -0.791998, -0.80099, -0.806775, -0.809248
-0.809248, -0.811707, -0.81735, -0.825828, -0.836655, -0.849232, -0.862894, -0.876965, -0.890808, -0.903871, -0.915711, -0.926014, -0.934586, -0.941338, -0.946253, -0.949354, -0.950665
-0.950665, -0.951959, -0.954892, -0.959203, -0.964528, -0.970436, -0.976477, -0.982233, -0.987358, -0.991618, -0.994902, -0.99722, -0.998689, -0.999497, -0.999858, -0.999975, -0.999996
-0.999996, -0.999999, -0.999939, -0.999665, -0.998972, -0.997639, -0.995474, -0.992357, -0.988269, -0.983314, -0.977722, -0.971831, -0.966055, -0.96084, -0.956613, -0.953734, -0.952463
-0.952463, -0.951176, -0.948129, -0.943296, -0.936651, -0.928206, -0.918046, -0.906358, -0.893451, -0.879761, -0.865836, -0.852307, -0.839845, -0.829113, -0.820706, -0.81511, -0.812671
-0.812671, -0.810218, -0.804478, -0.795555, -0.783603, -0.768864, -0.751692, -0.732565, -0.71209, -0.690992, -0.670082, -0.650224, -0.632284, -0.617074, -0.605303, -0.597532, -0.59416
-0.59416, -0.590778, -0.582903, -0.570754, -0.554652, -0.535046, -0.512526, -0.487813, -0.461754, -0.43529, -0.409421, -0.385159, -0.363477, -0.345263, -0.331267, -0.322074, -0.318097
-0.318097, -0.314114, -0.304865, -0.290667, -0.271975, -0.249402, -0.223714, -0.195809, -0.16669, -0.137424, -0.109101, -0.082785, -0.0594629, -0.0400081, -0.0251436, -0.0154188, -0.011221
-0.011221, -0.00702312, 0.00270373, 0.0175753, 0.037047, 0.0604005, 0.0867672, 0.115161, 0.144521, 0.173754, 0.201786, 0.227608, 0.250312, 0.269122, 0.283415, 0.29273, 0.296742
0.296742, 0.300748, 0.31001, 0.324115, 0.34248, 0.364352, 0.388844, 0.414977, 0.441732, 0.4681, 0.493127, 0.515953, 0.53584, 0.552184, 0.564522, 0.572524, 0.575961
0.575961, 0.579387, 0.587288, 0.59926, 0.614739, 0.633012, 0.653256, 0.674596, 0.696156, 0.717105, 0.736703, 0.754322, 0.769464, 0.781759, 0.790946, 0.79686, 0.79939
0.79939, 0.801905, 0.807678, 0.816358, 0.827452, 0.840355, 0.85439, 0.868871, 0.883147, 0.896648, 0.908918, 0.919623, 0.928555, 0.935609, 0.940756, 0.94401, 0.945387
0.945387, 0.946747, 0.949834, 0.95438, 0.960015, 0.966298, 0.972765, 0.978984, 0.984593, 0.989338, 0.993091, 0.995846, 0.997703, 0.998833, 0.999441, 0.999719, 0.99981
0.99981, 0.999883, 0.999984, 0.999957, 0.999586, 0.998641, 0.996914, 0.994268, 0.990667, 0.986197, 0.98107, 0.975608, 0.970209, 0.965306, 0.961316, 0.958591, 0.957387
0.957387, 0.956166, 0.953272, 0.948674, 0.942334, 0.934252, 0.924498, 0.913243, 0.900781, 0.887528, 0.874018, 0.860868, 0.848736, 0.838275, 0.830073, 0.82461, 0.822228
0.822228, 0.819831, 0.814223, 0.805499, 0.793803, 0.779367, 0.762531, 0.743758, 0.723641, 0.70289, 0.682306, 0.66274, 0.645051, 0.630045, 0.618427, 0.610754, 0.607424
0.607424, 0.604084, 0.596304, 0.584299, 0.568381, 0.54899, 0.526702, 0.50223, 0.476407, 0.450167, 0.424502, 0.400418, 0.378885, 0.360787, 0.346877, 0.337737, 0.333783
0.333783, 0.329823, 0.320625, 0.306502, 0.287904, 0.265435, 0.239855, 0.212053, 0.183026, 0.153839, 0.125579, 0.0993085, 0.0760172, 0.0565812, 0.0417268, 0.0320066, 0.0278103
0.0278103, 0.0236136, 0.0138885, -0.000983536, -0.0204614, -0.0438306, -0.070226, -0.098664, -0.128083, -0.15739, -0.185508, -0.21142, -0.234213, -0.253105, -0.267465, -0.276825, -0.280856
-0.280856, -0.284883, -0.294193, -0.308374, -0.326845, -0.348851, -0.373504, -0.399824, -0.426786, -0.453374, -0.478625, -0.501669, -0.521757, -0.538275, -0.550749, -0.558841, -0.562318
-0.562318, -0.565784, -0.573778, -0.585895, -0.601568, -0.62008, -0.640603, -0.662255, -0.684149, -0.705443, -0.725381, -0.743325, -0.758761, -0.771305, -0.780685, -0.786726, -0.789311
-0.789311, -0.791882, -0.797784, -0.806663, -0.818021, -0.831246, -0.845651, -0.860538, -0.875242, -0.889179, -0.901874, -0.912979, -0.922269, -0.929623, -0.935001, -0.938406, -0.939848
-0.939848, -0.941274, -0.944514, -0.949294, -0.955238, -0.961893, -0.968785, -0.975465, -0.981556, -0.986786, -0.991008, -0.994199, -0.996442, -0.997894, -0.998748, -0.999188, -0.999348
-0.999348, -0.999491, -0.999754, -0.999973, -0.999926, -0.999368, -0.998079, -0.995905, -0.992792, -0.988808, -0.984148, -0.979116, -0.974095, -0.969505, -0.965753, -0.963184, -0.962047
-0.962047, -0.960893, -0.958154, -0.953791, -0.947757, -0.94004, -0.930695, -0.919877, -0.907862, -0.895051, -0.88196, -0.869192, -0.857393, -0.847206, -0.839211, -0.833882, -0.831558
-0.831558, -0.829219, -0.823743, -0.81522, -0.803785, -0.789656, -0.77316, -0.754747, -0.734993, -0.714595, -0.694341, -0.675074, -0.657641, -0.642843, -0.63138, -0.623807, -0.620521
-0.620521, -0.617223, -0.609541, -0.597684, -0.581954, -0.562782, -0.540733, -0.516508, -0.49093, -0.464921, -0.439466, -0.415566, -0.394187, -0.376212, -0.362391, -0.353308, -0.349377
-0.349377, -0.345441, -0.336297, -0.322254, -0.303754, -0.281395, -0.255929, -0.228238, -0.199313, -0.170213, -0.142022, -0.115805, -0.0925507, -0.0731387, -0.0582985, -0.0485855, -0.044392

0.948275, 0.946934, 0.943763, 0.938742, 0.931851, 0.923113, 0.912625, 0.900588, 0.887323, 0.873281, 0.859022, 0.845188, 0.832461, 0.821511, 0.81294, 0.807237, 0.804752
0.804752, 0.802253, 0.796409, 0.787327, 0.775168, 0.760186, 0.742745, 0.723335, 0.702574, 0.681197, 0.660028, 0.639937, 0.621797, 0.606424, 0.594532, 0.586683, 0.583278
0.583278, 0.579863, 0.571911, 0.559648, 0.5434, 0.523624, 0.500919, 0.476016, 0.44977, 0.42313, 0.397101, 0.3727, 0.350903, 0.332597, 0.318535, 0.3093, 0.305305
0.305305, 0.301304, 0.292015, 0.277759, 0.258995, 0.236342, 0.210572, 0.182589, 0.1534, 0.124076, 0.0957093, 0.069361, 0.0460187, 0.0265526, 0.011683, 0.00195633, -0.00224176
-0.00224176, -0.00643982, -0.0161661, -0.0310342, -0.050497, -0.073833, -0.100171, -0.128524, -0.157829, -0.186996, -0.214953, -0.240696, -0.263323, -0.282064, -0.2963, -0.305576, -0.309571
-0.309571, -0.31356, -0.322781, -0.336822, -0.355098, -0.376857, -0.401212, -0.427188, -0.45377, -0.479955, -0.504795, -0.527439, -0.547158, -0.563358, -0.575583, -0.58351, -0.586914
-0.586914, -0.590308, -0.598131, -0.609983, -0.625302, -0.643376, -0.66339, -0.684473, -0.705757, -0.726423, -0.745739, -0.763092, -0.777993, -0.790083, -0.799112, -0.804922, -0.807406
-0.807406, -0.809876, -0.815543, -0.824059, -0.834937, -0.847576, -0.861309, -0.875457, -0.889382, -0.902527, -0.914449, -0.924828, -0.933469, -0.940277, -0.945236, -0.948366, -0.949689
-0.949689, -0.950996, -0.953958, -0.958313, -0.963697, -0.969676, -0.975798, -0.981641, -0.986858, -0.991209, -0.994581, -0.996982, -0.998524, -0.999393, -0.9998, -0.999947, -0.999982
-0.999982, -0.999998, -0.999969, -0.999741, -0.999109, -0.997849, -0.995767, -0.992739, -0.988742, -0.983878, -0.978374, -0.972564, -0.966859, -0.961703, -0.95752, -0.95467, -0.953412
-0.953412, -0.952137, -0.949119, -0.94433, -0.937743, -0.929366, -0.919282, -0.907676, -0.894853, -0.881245, -0.867398, -0.853939, -0.84154, -0.830858, -0.82249, -0.816919, -0.814491
-0.814491, -0.812048, -0.806333, -0.797448, -0.785544, -0.770861, -0.753752, -0.734692, -0.714284, -0.693251, -0.672402, -0.652599, -0.634706, -0.619534, -0.607791, -0.600038, -0.596675
-0.596675, -0.593301, -0.585443, -0.573321, -0.557253, -0.537688, -0.51521, -0.490542, -0.464527, -0.438105, -0.412274, -0.388045, -0.366391, -0.348198, -0.334218, -0.325035, -0.321062
-0.321062, -0.317084, -0.307844, -0.29366, -0.274985, -0.252432, -0.226763, -0.198877, -0.169775, -0.140523, -0.112212, -0.0859034, -0.0625867, -0.043135, -0.0282721, -0.0185479, -0.0143504
-0.0143504, -0.0101526, -0.00042589, 0.0144461, 0.0339193, 0.0572763, 0.083649, 0.112052, 0.141423, 0.170671, 0.19872, 0.224559, 0.24728, 0.266107, 0.280413, 0.289736, 0.293751
0.293751, 0.297762, 0.307033, 0.321153, 0.339538, 0.361436, 0.385959, 0.412128, 0.438922, 0.465333, 0.490402, 0.51327, 0.533195, 0.549572, 0.561936, 0.569955, 0.573399
0.573399, 0.576834, 0.584752, 0.596751, 0.612268, 0.630586, 0.650883, 0.672283, 0.693906, 0.71492, 0.734583, 0.752263, 0.767462, 0.779803, 0.789027, 0.794966, 0.797505
0.797505, 0.800031, 0.805829, 0.814546, 0.825691, 0.838654, 0.85276, 0.867318, 0.881674, 0.895258, 0.907608, 0.918389, 0.927389, 0.9345, 0.93969, 0.942973, 0.944362
0.944362, 0.945734, 0.94885, 0.953441, 0.959134, 0.965487, 0.972035, 0.978341, 0.984041, 0.988878, 0.992719, 0.995557, 0.997486, 0.998677, 0.999331, 0.99964, 0.999744
0.999744, 0.99983, 0.999962, 0.999981, 0.999672, 0.998799, 0.997155, 0.994598, 0.991088, 0.98671, 0.981671, 0.97629, 0.970962, 0.966118, 0.962173, 0.959477, 0.958286
0.958286, 0.957078, 0.954213, 0.949659, 0.943377, 0.935363, 0.925686, 0.914514, 0.902135, 0.888966, 0.875535, 0.862456, 0.850387, 0.839977, 0.831814, 0.826376, 0.824005
0.824005, 0.821619, 0.816036, 0.807349, 0.795703, 0.781324, 0.764552, 0.745847, 0.725798, 0.705113, 0.68459, 0.665081, 0.64744, 0.632472, 0.620883, 0.613229, 0.609907
0.609907, 0.606575, 0.598813, 0.586836, 0.570954, 0.551603, 0.52936, 0.504933, 0.479157, 0.45296, 0.427333, 0.403283, 0.381779, 0.363704, 0.34981, 0.340681, 0.336732
0.336732, 0.332776, 0.323588, 0.30948, 0.290899, 0.268451, 0.242892, 0.21511, 0.186102, 0.156931, 0.128683, 0.102422, 0.0791374, 0.0597055, 0.0448535, 0.0351344, 0.0309386
0.0309386, 0.0267423, 0.0170177, 0.00214608, -0.0173323, -0.0407037, -0.0671037, -0.0955492, -0.124979, -0.154299, -0.182431, -0.20836, -0.23117, -0.250076, -0.264448, -0.273816, -0.277851
-0.277851, -0.281881, -0.2912, -0.305396, -0.323885, -0.345916, -0.370599, -0.396953, -0.423954, -0.450582, -0.475875, -0.49896, -0.519085, -0.535635, -0.548134, -0.556243, -0.559727
-0.559727, -0.563201, -0.571212, -0.583356, -0.599065, -0.617622, -0.638197, -0.659907, -0.681863, -0.703221, -0.723224, -0.741228, -0.756719, -0.769309, -0.778725, -0.784791, -0.787386
-0.787386, -0.789967, -0.795893, -0.804809, -0.816217, -0.829502, -0.843977, -0.85894, -0.873724, -0.887742, -0.900518, -0.911698, -0.921055, -0.928465, -0.933886, -0.93732, -0.938775
-0.938775, -0.940213, -0.943481, -0.948306, -0.954307, -0.961033, -0.968005, -0.974772, -0.980953, -0.986274, -0.990584, -0.993857, -0.996173, -0.997686, -0.998587, -0.999057, -0.99923
-0.99923, -0.999386, -0.99968, -0.999945, -0.999959, -0.999475, -0.998268, -0.996183, -0.993162, -0.98927, -0.984698, -0.979747, -0.974798, -0.970268, -0.966561, -0.964021, -0.962896
-0.962896, -0.961755, -0.959045, -0.954726, -0.948751, -0.941103, -0.931835, -0.9211, -0.90917, -0.896442, -0.883431, -0.870735, -0.859, -0.848865, -0.840909, -0.835606, -0.833292
-0.833292, -0.830964, -0.825513, -0.817029, -0.805643, -0.791572, -0.775141, -0.756796, -0.737112, -0.716781, -0.69659, -0.67738, -0.659996, -0.645237, -0.633804, -0.62625, -0.622972

0.953819, 0.955072, 0.95791, 0.962073, 0.967204, 0.972878, 0.978653, 0.98412, 0.988944, 0.9929, 0.995891, 0.997937, 0.999165, 0.999771, 0.999979, 0.999995, 0.999973
0.999973, 0.999933, 0.999772, 0.999345, 0.99845, 0.996876, 0.994439, 0.991029, 0.986638, 0.981381, 0.975501, 0.969344, 0.963334, 0.957926, 0.953551, 0.950576, 0.949264
0.949264, 0.947936, 0.944793, 0.939816, 0.932982, 0.924312, 0.9139, 0.901944, 0.888762, 0.874802, 0.86062, 0.846857, 0.834191, 0.823291, 0.814759, 0.809081, 0.806606
0.806606, 0.804118, 0.798297, 0.789252, 0.777142, 0.762216, 0.744837, 0.725492, 0.704798, 0.683485, 0.662376, 0.642339, 0.624245, 0.60891, 0.597045, 0.589214, 0.585817
0.585817, 0.58241, 0.574475, 0.562239, 0.546024, 0.526288, 0.503625, 0.478766, 0.452563, 0.425964, 0.399971, 0.375602, 0.353832, 0.335547, 0.3215, 0.312274, 0.308283
0.308283, 0.304287, 0.295007, 0.280764, 0.262017, 0.239382, 0.213631, 0.185666, 0.156492, 0.127181, 0.098824, 0.0724828, 0.0491448, 0.029681, 0.0148123, 0.00508593, 0.000887856
0.000887856, -0.00331024, -0.0130368, -0.027906, -0.0473711, -0.0707116, -0.0970569, -0.12542, -0.154738, -0.18392, -0.211896, -0.237658, -0.260302, -0.27906, -0.29331, -0.302595, -0.306594
-0.306594, -0.310587, -0.319818, -0.333873, -0.35217, -0.373956, -0.398343, -0.424356, -0.450979, -0.477207, -0.502091, -0.524777, -0.544536, -0.560769, -0.573021, -0.580965, -0.584377
-0.584377, -0.587779, -0.59562, -0.6075, -0.622857, -0.640977, -0.661044, -0.682188, -0.703537, -0.724269, -0.743651, -0.761065, -0.776023, -0.788161, -0.797227, -0.803061, -0.805555
-0.805555, -0.808036, -0.813728, -0.822282, -0.833211, -0.845911, -0.859714, -0.87394, -0.887947, -0.901175, -0.913178, -0.923633, -0.932341, -0.939207, -0.94421, -0.947369, -0.948704
-0.948704, -0.950023, -0.953015, -0.957414, -0.962856, -0.968906, -0.975109, -0.981039, -0.986347, -0.99079, -0.994251, -0.996734, -0.99835, -0.999279, -0.999733, -0.99991, -0.999958
-0.999958, -0.999988, -0.999989, -0.999808, -0.999236, -0.998049, -0.99605, -0.99311, -0.989205, -0.984433, -0.979017, -0.973287, -0.967653, -0.962556, -0.958418, -0.955597, -0.954351
-0.954351, -0.953089, -0.9501, -0.945355, -0.938825, -0.930517, -0.92051, -0.908985, -0.896245, -0.88272, -0.868951, -0.855564, -0.843226, -0.832596, -0.824267, -0.81872, -0.816302
-0.816302, -0.81387, -0.80818, -0.799332, -0.787476, -0.772851, -0.755805, -0.736811, -0.716471, -0.695503, -0.674715, -0.654967, -0.637121, -0.621987, -0.610273, -0.602539, -0.599183
-0.599183, -0.595817, -0.587977, -0.575882, -0.559849, -0.540324, -0.51789, -0.493267, -0.467297, -0.440916, -0.415123, -0.390927, -0.369301, -0.35113, -0.337166, -0.327993, -0.324025
-0.324025, -0.32005, -0.31082, -0.29665, -0.277993, -0.255459, -0.22981, -0.201943, -0.172858, -0.143621, -0.115321, -0.089021, -0.0657099, -0.0462615, -0.0314003, -0.0216769, -0.0174796
-0.0174796, -0.013282, -0.0035555, 0.0113167, 0.0307913, 0.0541515, 0.0805299, 0.108942, 0.138325, 0.167586, 0.195651, 0.221508, 0.244247, 0.263088, 0.277407, 0.286739, 0.290758
0.290758, 0.294773, 0.304053, 0.318187, 0.336593, 0.358516, 0.38307, 0.409274, 0.436108, 0.46256, 0.487672, 0.510582, 0.530544, 0.546955, 0.559344, 0.567381, 0.570833
0.570833, 0.574274, 0.58221, 0.594237, 0.60979, 0.628154, 0.648504, 0.669962, 0.691649, 0.712729, 0.732456, 0.750198, 0.765452, 0.77784, 0.787101, 0.793063, 0.795613
0.795613, 0.79815, 0.803972, 0.812727, 0.823921, 0.836946, 0.851121, 0.865756, 0.880193, 0.893859, 0.90629, 0.917147, 0.926214, 0.933381, 0.938615, 0.941926, 0.943328
0.943328, 0.944713, 0.947857, 0.952492, 0.958244, 0.964667, 0.971295, 0.977688, 0.983479, 0.988407, 0.992337, 0.995257, 0.997259, 0.998511, 0.999212, 0.999551, 0.999668
0.999668, 0.999767, 0.99993, 0.999995, 0.999747, 0.998948, 0.997386, 0.994918, 0.9915, 0.987214, 0.982263, 0.976963, 0.971706, 0.966921, 0.963021, 0.960355, 0.959176
0.959176, 0.95798, 0.955145, 0.950635, 0.94441, 0.936466, 0.926866, 0.915776, 0.903481, 0.890395, 0.877042, 0.864036, 0.852029, 0.841671, 0.833547, 0.828134, 0.825774
0.825774, 0.823399, 0.81784, 0.809192, 0.797594, 0.783274, 0.766565, 0.747928, 0.727947, 0.707329, 0.686868, 0.667415, 0.649822, 0.634893, 0.623333, 0.615698, 0.612384
0.612384, 0.60906, 0.601317, 0.589368, 0.57352, 0.554211, 0.532012, 0.507632, 0.481901, 0.455748, 0.430161, 0.406145, 0.38467, 0.366617, 0.35274, 0.343622, 0.339677
0.339677, 0.335725, 0.326547, 0.312454, 0.293892, 0.271465, 0.245926, 0.218166, 0.189176, 0.160021, 0.131786, 0.105535, 0.0822568, 0.0628292, 0.0479797, 0.0382619, 0.0340666
0.0340666, 0.0298706, 0.0201468, 0.00527568, -0.0142031, -0.0375765, -0.0639808, -0.0924335, -0.121873, -0.151206, -0.179353, -0.205298, -0.228124, -0.247045, -0.261428, -0.270805, -0.274843
-0.274843, -0.278877, -0.288205, -0.302414, -0.320923, -0.342978, -0.367691, -0.394079, -0.421117, -0.447786, -0.47312, -0.496245, -0.516407, -0.532989, -0.545514, -0.55364, -0.557131
-0.557131, -0.560612, -0.56864, -0.580811, -0.596556, -0.615157, -0.635785, -0.657553, -0.67957, -0.700992, -0.721059, -0.739124, -0.754669, -0.767306, -0.776758, -0.782847, -0.785452
-0.785452, -0.788044, -0.793995, -0.802948, -0.814405, -0.82775, -0.842294, -0.857333, -0.872197, -0.886297, -0.899152, -0.910408, -0.919831, -0.927298, -0.932763, -0.936225, -0.937692
-0.937692, -0.939142, -0.942439, -0.947308, -0.953367, -0.960163, -0.967215, -0.974068, -0.98034, -0.985752, -0.990151, -0.993506, -0.995894, -0.997469, -0.998416, -0.998916, -0.999103
-0.999103, -0.999272, -0.999595, -0.999908, -0.999983, -0.999571, -0.998448, -0.996451, -0.993523, -0.989723, -0.985239, -0.980369, -0.975491, -0.97102, -0.967359, -0.964848, -0.963736

0.595249, 0.598617, 0.60638, 0.618139, 0.633333, 0.651252, 0.671086, 0.69197, 0.71304, 0.733486, 0.752584, 0.769729, 0.784444, 0.796375, 0.805282, 0.81101, 0.813459
0.813459, 0.815894, 0.821479, 0.829869, 0.840579, 0.853014, 0.866513, 0.880404, 0.894059, 0.906929, 0.918582, 0.928709, 0.937125, 0.943745, 0.948558, 0.951593, 0.952875
0.952875, 0.95414, 0.957007, 0.961215, 0.966404, 0.972149, 0.978005, 0.983559, 0.988475, 0.992523, 0.995602, 0.997731, 0.999032, 0.999699, 0.999953, 1, 0.999991
0.999991, 0.999964, 0.999834, 0.999453, 0.998619, 0.997118, 0.994764, 0.991443, 0.987143, 0.981978, 0.976184, 0.970108, 0.964169, 0.958819, 0.954489, 0.951543, 0.950244
0.950244, 0.948928, 0.945814, 0.94088, 0.934104, 0.925502, 0.915166, 0.903291, 0.890192, 0.876314, 0.862209, 0.848517, 0.835913, 0.825064, 0.816569, 0.810916, 0.808452
0.808452, 0.805974, 0.800178, 0.79117, 0.779107, 0.764238, 0.746921, 0.727642, 0.707014, 0.685766, 0.664717, 0.644735, 0.626687, 0.611389, 0.599553, 0.59174, 0.588351
0.588351, 0.584951, 0.577034, 0.564824, 0.548643, 0.528947, 0.506327, 0.481512, 0.455352, 0.428793, 0.402838, 0.378501, 0.356757, 0.338493, 0.324462, 0.315246, 0.311259
0.311259, 0.307267, 0.297996, 0.283767, 0.265036, 0.242419, 0.216687, 0.18874, 0.159582, 0.130285, 0.101938, 0.0756038, 0.0522704, 0.032809, 0.0179415, 0.00821548, 0.00401747
0.00401747, -0.000180622, -0.00990736, -0.0247774, -0.0442448, -0.0675895, -0.0939415, -0.122314, -0.151645, -0.180843, -0.208836, -0.234616, -0.257279, -0.276053, -0.290316, -0.299611, -0.303613
-0.303613, -0.30761, -0.316851, -0.330922, -0.349239, -0.371051, -0.395471, -0.42152, -0.448184, -0.474454, -0.499382, -0.522111, -0.541908, -0.558175, -0.570453, -0.578415, -0.581835
-0.581835, -0.585244, -0.593103, -0.605011, -0.620405, -0.638572, -0.658693, -0.679896, -0.701309, -0.722107, -0.741555, -0.759031, -0.774045, -0.786231, -0.795333, -0.801192, -0.803697
-0.803697, -0.806188, -0.811905, -0.820497, -0.831476, -0.844238, -0.858111, -0.872415, -0.886503, -0.899814, -0.911898, -0.922429, -0.931205, -0.938128, -0.943175, -0.946362, -0.94771
-0.94771, -0.949042, -0.952062, -0.956506, -0.962007, -0.968127, -0.97441, -0.980428, -0.985827, -0.990362, -0.993911, -0.996476, -0.998165, -0.999155, -0.999656, -0.999864, -0.999924
-0.999924, -0.999967, -0.999999, -0.999864, -0.999353, -0.99824, -0.996323, -0.993472, -0.989659, -0.984978, -0.97965, -0.974001, -0.968438, -0.9634, -0.959306, -0.956514, -0.955281
-0.955281, -0.954032, -0.951071, -0.946371, -0.939899, -0.931659, -0.921728, -0.910285, -0.897629, -0.884186, -0.870495, -0.85718, -0.844905, -0.834325, -0.826034, -0.820513, -0.818106
-0.818106, -0.815685, -0.810019, -0.801209, -0.789401, -0.774833, -0.757851, -0.738924, -0.718651, -0.697748, -0.677021, -0.657329, -0.63953, -0.624435, -0.61275, -0.605034, -0.601686
-0.601686, -0.598327, -0.590506, -0.578438, -0.56244, -0.542955, -0.520565, -0.495987, -0.470061, -0.443723, -0.417968, -0.393806, -0.372208, -0.354059, -0.340111, -0.330948, -0.326984
-0.326984, -0.323014, -0.313793, -0.299637, -0.280998, -0.258483, -0.232855, -0.205008, -0.17594, -0.146717, -0.118429, -0.0921378, -0.0688324, -0.0493875, -0.0345283, -0.0248057, -0.0206087
-0.0206087, -0.0164113, -0.00668508, 0.00818724, 0.0276631, 0.0510262, 0.0774101, 0.10583, 0.135224, 0.1645, 0.192581, 0.218455, 0.241211, 0.260068, 0.274399, 0.28374, 0.287763
0.287763, 0.291781, 0.30107, 0.315219, 0.333644, 0.355593, 0.380177, 0.406417, 0.43329, 0.459783, 0.484938, 0.507888, 0.527889, 0.544332, 0.556747, 0.564801, 0.56826
0.56826, 0.57171, 0.579663, 0.591717, 0.607307, 0.625715, 0.646118, 0.667636, 0.689385, 0.71053, 0.730321, 0.748125, 0.763434, 0.77587, 0.785166, 0.791153, 0.793714
0.793714, 0.79626, 0.802107, 0.810899, 0.822144, 0.835229, 0.849474, 0.864185, 0.878704, 0.892452, 0.904963, 0.915895, 0.925029, 0.932254, 0.937531, 0.940871, 0.942285
0.942285, 0.943682, 0.946855, 0.951534, 0.957344, 0.963838, 0.970546, 0.977026, 0.982907, 0.987927, 0.991946, 0.994948, 0.997023, 0.998336, 0.999083, 0.999452, 0.999582
0.999582, 0.999695, 0.999888, 1, 0.999812, 0.999086, 0.997607, 0.995228, 0.991903, 0.987708, 0.982845, 0.977626, 0.972441, 0.967715, 0.963859, 0.961222, 0.960056
0.960056, 0.958873, 0.956067, 0.951601, 0.945435, 0.937559, 0.928036, 0.917028, 0.904818, 0.891815, 0.878542, 0.865607, 0.853664, 0.843357, 0.835272, 0.829885, 0.827535
0.827535, 0.825171, 0.819637, 0.811027, 0.799478, 0.785216, 0.768571, 0.750001, 0.730089, 0.709537, 0.689139, 0.669742, 0.652197, 0.637308, 0.625777, 0.618161, 0.614856
0.614856, 0.611539, 0.603814, 0.591893, 0.576081, 0.556813, 0.53466, 0.510326, 0.484641, 0.458531, 0.432984, 0.409003, 0.387557, 0.369527, 0.355667, 0.34656, 0.342619
0.342619, 0.338672, 0.329504, 0.315426, 0.296882, 0.274476, 0.248959, 0.221219, 0.192248, 0.163109, 0.134888, 0.108646, 0.0853754, 0.0659523, 0.0511055, 0.0413891, 0.0371942
0.0371942, 0.0329987, 0.0232757, 0.00840522, -0.0110737, -0.0344489, -0.0608573, -0.0893168, -0.118766, -0.148112, -0.176274, -0.202234, -0.225075, -0.244011, -0.258406, -0.267791, -0.271833
-0.271833, -0.275871, -0.285207, -0.29943, -0.317957, -0.340037, -0.364779, -0.391201, -0.418277, -0.444986, -0.470361, -0.493526, -0.513725, -0.530338, -0.542888, -0.551031, -0.554529
-0.554529, -0.558018, -0.566063, -0.57826, -0.594042, -0.612687, -0.633366, -0.655191, -0.677271, -0.698757, -0.718887, -0.737012, -0.752612, -0.765295, -0.774783, -0.780896, -0.783512
-0.783512, -0.786113, -0.792088, -0.801078, -0.812585, -0.82599, -0.840603, -0.855718, -0.870662, -0.884844, -0.897778, -0.909108, -0.918599, -0.926122, -0.93163, -0.935121, -0.9366

0.00944542, 0.0136432, 0.0233684, 0.0382337, 0.0576902, 0.0810152, 0.107336, 0.135665, 0.164938, 0.194068, 0.221983, 0.247682, 0.270266, 0.288967, 0.303173, 0.312428, 0.316413
0.316413, 0.320392, 0.329591, 0.343596, 0.361823, 0.383519, 0.4078, 0.43369, 0.460178, 0.486262, 0.511, 0.533545, 0.553173, 0.569295, 0.581459, 0.589345, 0.592731
0.592731, 0.596107, 0.603888, 0.615676, 0.630907, 0.648874, 0.668763, 0.689707, 0.710843, 0.731355, 0.750519, 0.767727, 0.782499, 0.794478, 0.803422, 0.809175, 0.811635
0.811635, 0.81408, 0.819691, 0.828119, 0.83888, 0.851377, 0.864946, 0.878916, 0.892652, 0.905606, 0.917341, 0.927544, 0.936028, 0.942705, 0.947563, 0.950626, 0.951921
0.951921, 0.953198, 0.956094, 0.960347, 0.965595, 0.971411, 0.977348, 0.982989, 0.987996, 0.992137, 0.995304, 0.997515, 0.99889, 0.999618, 0.999918, 0.999995, 0.999999
0.999999, 0.999986, 0.999886, 0.999552, 0.998779, 0.997351, 0.995079, 0.991846, 0.987638, 0.982564, 0.976859, 0.970863, 0.964995, 0.959703, 0.955418, 0.952501, 0.951214
0.951214, 0.94991, 0.946826, 0.941936, 0.935217, 0.926683, 0.916423, 0.904629, 0.891614, 0.877817, 0.86379, 0.850169, 0.837627, 0.826828, 0.818372, 0.812743, 0.81029
0.81029, 0.807823, 0.802051, 0.79308, 0.781066, 0.766253, 0.748999, 0.729786, 0.709224, 0.688041, 0.667052, 0.647124, 0.629123, 0.613863, 0.602055, 0.59426, 0.590878
0.590878, 0.587486, 0.579587, 0.567404, 0.551257, 0.5316, 0.509023, 0.484252, 0.458136, 0.431618, 0.4057, 0.381396, 0.359679, 0.341436, 0.32742, 0.318214, 0.314232
0.314232, 0.310243, 0.300982, 0.286766, 0.268052, 0.245455, 0.219741, 0.191812, 0.162671, 0.133387, 0.105051, 0.0787241, 0.0553954, 0.0359368, 0.0210705, 0.0113449, 0.00714703
0.00714703, 0.00294899, -0.00677785, -0.0216487, -0.041118, -0.0644667, -0.0908253, -0.119208, -0.148551, -0.177764, -0.205775, -0.231573, -0.254254, -0.273044, -0.28732, -0.296623, -0.30063
-0.30063, -0.304631, -0.313881, -0.327967, -0.346305, -0.368143, -0.392594, -0.41868, -0.445384, -0.471697, -0.496668, -0.519439, -0.539275, -0.555576, -0.56788, -0.575859, -0.579286
-0.579286, -0.582703, -0.59058, -0.602516, -0.617948, -0.63616, -0.656335, -0.677598, -0.699075, -0.719939, -0.739451, -0.75699, -0.77206, -0.784293, -0.793433, -0.799315, -0.801831
-0.801831, -0.804332, -0.810074, -0.818704, -0.829733, -0.842556, -0.8565, -0.870881, -0.885051, -0.898445, -0.910609, -0.921216, -0.93006, -0.93704, -0.94213, -0.945346, -0.946707
-0.946707, -0.948051, -0.9511, -0.955589, -0.961147, -0.967338, -0.973702, -0.979807, -0.985297, -0.989923, -0.993561, -0.996209, -0.997971, -0.999022, -0.999569, -0.999807, -0.999881
-0.999881, -0.999937, -0.999999, -0.999911, -0.999461, -0.99842, -0.996586, -0.993824, -0.990103, -0.985514, -0.980273, -0.974705, -0.969214, -0.964234, -0.960185, -0.957423, -0.956202
-0.956202, -0.954965, -0.952034, -0.947378, -0.940963, -0.932791, -0.922937, -0.911576, -0.899004, -0.885644, -0.872031, -0.858787, -0.846575, -0.836046, -0.827794, -0.822298, -0.819902
-0.819902, -0.817491, -0.811851, -0.803078, -0.791319, -0.776808, -0.759889, -0.741029, -0.720824, -0.699986, -0.679321, -0.659684, -0.641933, -0.626876, -0.61522, -0.607523, -0.604183
-0.604183, -0.600832, -0.593028, -0.580988, -0.565025, -0.54558, -0.523234, -0.498702, -0.472821, -0.446526, -0.42081, -0.396681, -0.375111, -0.356984, -0.343053, -0.3339, -0.32994
-0.32994, -0.325974, -0.316763, -0.302622, -0.284, -0.261505, -0.235897, -0.20807, -0.179019, -0.149812, -0.121536, -0.0952536, -0.0719542, -0.052513, -0.0376558, -0.0279342, -0.0237375
-0.0237375, -0.0195404, -0.00981459, 0.00505769, 0.0245345, 0.0479004, 0.0742895, 0.102718, 0.132123, 0.161412, 0.189509, 0.2154, 0.238172, 0.257045, 0.271388, 0.280737, 0.284764
0.284764, 0.288786, 0.298084, 0.312247, 0.330692, 0.352666, 0.37728, 0.403555, 0.430467, 0.457002, 0.482198, 0.50519, 0.525228, 0.541704, 0.554145, 0.562215, 0.565682
0.565682, 0.569139, 0.57711, 0.589191, 0.604818, 0.623271, 0.643727, 0.665303, 0.687115, 0.708324, 0.72818, 0.746044, 0.761409, 0.773891, 0.783224, 0.789235, 0.791806
0.791806, 0.794363, 0.800234, 0.809064, 0.820358, 0.833504, 0.847819, 0.862606, 0.877205, 0.891036, 0.903627, 0.914634, 0.923836, 0.931117, 0.936438, 0.939806, 0.941232
0.941232, 0.942642, 0.945844, 0.950567, 0.956435, 0.962999, 0.969787, 0.976354, 0.982326, 0.987438, 0.991545, 0.994629, 0.996777, 0.99815, 0.998944, 0.999344, 0.999487
0.999487, 0.999613, 0.999836, 0.999995, 0.999868, 0.999215, 0.997819, 0.995529, 0.992295, 0.988192, 0.983417, 0.978279, 0.973165, 0.968499, 0.964688, 0.962081, 0.960927
0.960927, 0.959757, 0.95698, 0.952559, 0.94645, 0.938643, 0.929197, 0.918272, 0.906146, 0.893227, 0.880032, 0.86717, 0.855289, 0.845035, 0.836989, 0.831627, 0.829288
0.829288, 0.826935, 0.821426, 0.812854, 0.801354, 0.78715, 0.77057, 0.752068, 0.732224, 0.711739, 0.691404, 0.672063, 0.654567, 0.639717, 0.628215, 0.620618, 0.617321
0.617321, 0.614013, 0.606306, 0.594413, 0.578636, 0.55941, 0.537302, 0.513015, 0.487376, 0.46131, 0.435803, 0.411857, 0.39044, 0.372434, 0.35859, 0.349494, 0.345557
0.345557, 0.341615, 0.332457, 0.318394, 0.299869, 0.277484, 0.251989, 0.22427, 0.195319, 0.166196, 0.137988, 0.111757, 0.0884932, 0.0690748, 0.0542308, 0.0445158, 0.0403215
0.0403215, 0.0361264, 0.0264043, 0.0115347, -0.00794424, -0.031321, -0.0577332, -0.0861992, -0.115658, -0.145016, -0.173192, -0.199168, -0.222025, -0.240975, -0.255382, -0.264774, -0.26882
-0.26882, -0.272861, -0.282206, -0.296442, -0.314988, -0.337092, -0.361863, -0.388319, -0.415432, -0.442181, -0.467597, -0.490801, -0.511037, -0.527683, -0.540257, -0.548417, -0.551922

-0.579964, -0.576539, -0.568564, -0.556267, -0.539975, -0.520149, -0.497389, -0.47243, -0.446128, -0.419435, -0.393359, -0.368916, -0.347085, -0.328752, -0.31467, -0.305423, -0.301422
-0.301422, -0.297417, -0.288116, -0.273843, -0.255058, -0.232382, -0.206588, -0.178582, -0.149373, -0.120033, -0.091653, -0.0652961, -0.0419485, -0.0224796, -0.00760899, 0.00211784, 0.0063159
0.0063159, 0.0105138, 0.0202396, 0.0351062, 0.0545655, 0.0778955, 0.104224, 0.132563, 0.161851, 0.190996, 0.21893, 0.244649, 0.267251, 0.28597, 0.300189, 0.309453, 0.313442
0.313442, 0.317426, 0.326635, 0.340655, 0.358903, 0.380627, 0.40494, 0.430868, 0.457397, 0.483525, 0.508307, 0.530896, 0.550564, 0.566719, 0.57891, 0.586813, 0.590208
0.590208, 0.593591, 0.601391, 0.613206, 0.628476, 0.64649, 0.666433, 0.687437, 0.708638, 0.729217, 0.748448, 0.765718, 0.780546, 0.792574, 0.801555, 0.807333, 0.809803
0.809803, 0.812259, 0.817894, 0.82636, 0.837172, 0.849731, 0.863371, 0.877419, 0.891237, 0.904274, 0.91609, 0.92637, 0.934922, 0.941656, 0.946558, 0.94965, 0.950957
0.950957, 0.952247, 0.955172, 0.959469, 0.964777, 0.970663, 0.97668, 0.98241, 0.987508, 0.99174, 0.994996, 0.99729, 0.998737, 0.999526, 0.999874, 0.999981, 0.999998
0.999998, 0.999998, 0.999929, 0.99964, 0.998929, 0.997573, 0.995384, 0.99224, 0.988124, 0.983141, 0.977523, 0.971608, 0.965811, 0.960578, 0.956337, 0.953449, 0.952175
0.952175, 0.950884, 0.947828, 0.942982, 0.93632, 0.927855, 0.917671, 0.905958, 0.893027, 0.879312, 0.865363, 0.851812, 0.839332, 0.828584, 0.820166, 0.814563, 0.81212
0.81212, 0.809664, 0.803917, 0.794983, 0.783016, 0.76826, 0.751068, 0.731922, 0.711427, 0.690309, 0.66938, 0.649507, 0.631552, 0.61633, 0.604551, 0.596774, 0.5934
0.5934, 0.590016, 0.582135, 0.569978, 0.553866, 0.534248, 0.511714, 0.486988, 0.460916, 0.434439, 0.408559, 0.384287, 0.362597, 0.344376, 0.330376, 0.32118, 0.317201
0.317201, 0.313217, 0.303965, 0.289763, 0.271066, 0.248487, 0.222793, 0.194883, 0.165758, 0.136488, 0.108162, 0.0818436, 0.05852, 0.0390642, 0.0241994, 0.0144743, 0.0102765
0.0102765, 0.00607858, -0.00364828, -0.0185197, -0.0379909, -0.0613433, -0.0877082, -0.1161, -0.145455, -0.174684, -0.202711, -0.228527, -0.251226, -0.270032, -0.284321, -0.293633, -0.297643
-0.297643, -0.301649, -0.310908, -0.325009, -0.343367, -0.365232, -0.389714, -0.415836, -0.44258, -0.468935, -0.493949, -0.516762, -0.536637, -0.552971, -0.565301, -0.573298, -0.576732
-0.576732, -0.580157, -0.588052, -0.600016, -0.615484, -0.633743, -0.653971, -0.675293, -0.696834, -0.717763, -0.737341, -0.754941, -0.770067, -0.782347, -0.791524, -0.797431, -0.799957
-0.799957, -0.802469, -0.808235, -0.816903, -0.827982, -0.840866, -0.854881, -0.869338, -0.88359, -0.897066, -0.909311, -0.919994, -0.928906, -0.935942, -0.941076, -0.944321, -0.945694
-0.945694, -0.94705, -0.950129, -0.954662, -0.960279, -0.96654, -0.972984, -0.979176, -0.984757, -0.989475, -0.993202, -0.995932, -0.997766, -0.998878, -0.999472, -0.999741, -0.999828
-0.999828, -0.999897, -0.999989, -0.999948, -0.999559, -0.998591, -0.99684, -0.994167, -0.990537, -0.98604, -0.980887, -0.9754, -0.969979, -0.965059, -0.961055, -0.958321, -0.957114
-0.957114, -0.955889, -0.952987, -0.948375, -0.942017, -0.933915, -0.924137, -0.912858, -0.90037, -0.887093, -0.873559, -0.860387, -0.848236, -0.837759, -0.829546, -0.824075, -0.82169
-0.82169, -0.81929, -0.813674, -0.804939, -0.793228, -0.778775, -0.761919, -0.743126, -0.722989, -0.702218, -0.681615, -0.662033, -0.644329, -0.629311, -0.617684, -0.610005, -0.606674
-0.606674, -0.603331, -0.595545, -0.583533, -0.567604, -0.5482, -0.525899, -0.501413, -0.475577, -0.449324, -0.423646, -0.399552, -0.37801, -0.359906, -0.345991, -0.336848, -0.332892
-0.332892, -0.328931, -0.31973, -0.305603, -0.286999, -0.264525, -0.238938, -0.21113, -0.182098, -0.152906, -0.124642, -0.0983686, -0.0750754, -0.0556381, -0.0407831, -0.0310625, -0.0268661
-0.0268661, -0.0226693, -0.012944, 0.00192809, 0.0214057, 0.0447742, 0.0711682, 0.099604, 0.12902, 0.158323, 0.186436, 0.212343, 0.235132, 0.254019, 0.268375, 0.277732, 0.281763
0.281763, 0.285788, 0.295096, 0.309273, 0.327737, 0.349736, 0.37438, 0.40069, 0.42764, 0.454216, 0.479454, 0.502486, 0.522563, 0.539071, 0.551537, 0.559624, 0.563099
0.563099, 0.566563, 0.574551, 0.58666, 0.602322, 0.620821, 0.641328, 0.662963, 0.684837, 0.706112, 0.726031, 0.743957, 0.759376, 0.771906, 0.781275, 0.787309, 0.789891
0.789891, 0.792458, 0.798353, 0.807221, 0.818564, 0.83177, 0.846155, 0.861019, 0.875699, 0.889611, 0.902282, 0.913364, 0.922634, 0.929971, 0.935335, 0.938732, 0.940171
0.940171, 0.941593, 0.944824, 0.949591, 0.955517, 0.962151, 0.969019, 0.975673, 0.981736, 0.986938, 0.991134, 0.9943, 0.996521, 0.997955, 0.998795, 0.999225, 0.999382
0.999382, 0.999521, 0.999774, 0.99998, 0.999914, 0.999334, 0.99802, 0.995819, 0.992678, 0.988667, 0.98398, 0.978923, 0.973881, 0.969273, 0.965508, 0.96293, 0.961789
0.961789, 0.960631, 0.957883, 0.953506, 0.947455, 0.939718, 0.930349, 0.919507, 0.907466, 0.894629, 0.881514, 0.868724, 0.856907, 0.846704, 0.838697, 0.833361, 0.831033
0.831033, 0.82869, 0.823207, 0.814673, 0.803222, 0.789076, 0.772561, 0.754127, 0.734352, 0.713934, 0.693661, 0.674377, 0.656929, 0.642119, 0.630647, 0.623069, 0.61978
0.61978, 0.61648, 0.608792, 0.596926, 0.581186, 0.562001, 0.539939, 0.515699, 0.490107, 0.464084, 0.438618, 0.414707, 0.393319, 0.375336, 0.36151, 0.352424, 0.348492
0.348492, 0.344554, 0.335407, 0.321359, 0.302853, 0.280489, 0.255016, 0.227319, 0.198387, 0.169282, 0.141087, 0.114866, 0.0916101, 0.0721966, 0.0573555, 0.0476421, 0.0434483

-0.947975, -0.94663, -0.94345, -0.938416, -0.931508, -0.92275, -0.912239, -0.900177, -0.886887, -0.872821, -0.858538, -0.844683, -0.831937, -0.820972, -0.81239, -0.806679, -0.804191
-0.804191, -0.801689, -0.795837, -0.786744, -0.774571, -0.759572, -0.742112, -0.722682, -0.701902, -0.680506, -0.659318, -0.639211, -0.621057, -0.605673, -0.593772, -0.585917, -0.58251
-0.58251, -0.579093, -0.571136, -0.558865, -0.542606, -0.522819, -0.500101, -0.475186, -0.448927, -0.422274, -0.396234, -0.371823, -0.350018, -0.331706, -0.317639, -0.308401, -0.304405
-0.304405, -0.300403, -0.291112, -0.276852, -0.258083, -0.235424, -0.209649, -0.181661, -0.152467, -0.123139, -0.094769, -0.0684187, -0.0450751, -0.0256083, -0.0107385, -0.00101178, 0.00318631
0.00318631, 0.00738435, 0.0171105, 0.0319783, 0.0514403, 0.074775, 0.101111, 0.129461, 0.158762, 0.187924, 0.215876, 0.241613, 0.264234, 0.28297, 0.297202, 0.306476, 0.310469
0.310469, 0.314457, 0.323675, 0.337711, 0.35598, 0.377731, 0.402077, 0.428042, 0.454612, 0.480783, 0.50561, 0.528241, 0.547948, 0.564138, 0.576355, 0.584276, 0.587678
0.587678, 0.59107, 0.598888, 0.610731, 0.626039, 0.644099, 0.664096, 0.685161, 0.706426, 0.727072, 0.746368, 0.763702, 0.778586, 0.790662, 0.79968, 0.805482, 0.807963
0.807963, 0.810429, 0.816089, 0.824594, 0.835457, 0.848077, 0.861788, 0.875913, 0.889814, 0.902934, 0.914831, 0.925187, 0.933807, 0.940599, 0.945544, 0.948665, 0.949985
0.949985, 0.951287, 0.954241, 0.958583, 0.963949, 0.969906, 0.976004, 0.98182, 0.98701, 0.991334, 0.994679, 0.997055, 0.998575, 0.999425, 0.999819, 0.999957, 0.999987
0.999987, 1, 0.999961, 0.999719, 0.999068, 0.997786, 0.99568, 0.992624, 0.9886, 0.983709, 0.978178, 0.972344, 0.966618, 0.961443, 0.957247, 0.954388, 0.953127
0.953127, 0.951848, 0.948821, 0.944019, 0.937415, 0.929017, 0.91891, 0.907279, 0.894431, 0.880798, 0.866927, 0.853448, 0.841029, 0.830332, 0.821953, 0.816374, 0.813942
0.813942, 0.811496, 0.805774, 0.796877, 0.784959, 0.770259, 0.753131, 0.734051, 0.713623, 0.69257, 0.671702, 0.651883, 0.633976, 0.618792, 0.607041, 0.599282, 0.595916
0.595916, 0.59254, 0.584677, 0.572547, 0.556469, 0.536891, 0.514401, 0.489719, 0.463691, 0.437256, 0.411413, 0.387174, 0.365512, 0.347313, 0.333328, 0.324142, 0.320168
0.320168, 0.316188, 0.306945, 0.292757, 0.274077, 0.251517, 0.225843, 0.197951, 0.168844, 0.139588, 0.111273, 0.0849623, 0.0616439, 0.0421913, 0.0273279, 0.0176035, 0.0134059
0.0134059, 0.00920811, -0.000518666, -0.0153905, -0.0348633, -0.0582193, -0.0845902, -0.112991, -0.142358, -0.171601, -0.199645, -0.225479, -0.248195, -0.267017, -0.281319, -0.29064, -0.294654
-0.294654, -0.298663, -0.307932, -0.322047, -0.340426, -0.362317, -0.38683, -0.412988, -0.439771, -0.466168, -0.491225, -0.51408, -0.533994, -0.550361, -0.562717, -0.570731, -0.574173
-0.574173, -0.577605, -0.585518, -0.597509, -0.613014, -0.631319, -0.6516, -0.672982, -0.694586, -0.715581, -0.735223, -0.752885, -0.768067, -0.780394, -0.789607, -0.795538, -0.798075
-0.798075, -0.800598, -0.806388, -0.815094, -0.826223, -0.839168, -0.853253, -0.867787, -0.88212, -0.895679, -0.908004, -0.918763, -0.927742, -0.934836, -0.940013, -0.943287, -0.944672
-0.944672, -0.946041, -0.949148, -0.953725, -0.959401, -0.965733, -0.972256, -0.978536, -0.984208, -0.989018, -0.992833, -0.995645, -0.997552, -0.998725, -0.999365, -0.999665, -0.999765
-0.999765, -0.999847, -0.99997, -0.999975, -0.999647, -0.998752, -0.997083, -0.994499, -0.990962, -0.986556, -0.981491, -0.976085, -0.970736, -0.965874, -0.961915, -0.959211, -0.958016
-0.958016, -0.956803, -0.95393, -0.949363, -0.943063, -0.935029, -0.925329, -0.914131, -0.901727, -0.888533, -0.875078, -0.861977, -0.84989, -0.839464, -0.83129, -0.825844, -0.823469
-0.823469, -0.82108, -0.815489, -0.806792, -0.79513, -0.780735, -0.763943, -0.745217, -0.725148, -0.704443, -0.683901, -0.664375, -0.64672, -0.631741, -0.620142, -0.612482, -0.609158
-0.609158, -0.605824, -0.598057, -0.586071, -0.570178, -0.550815, -0.528558, -0.504118, -0.478327, -0.452117, -0.426479, -0.402419, -0.380906, -0.362824, -0.348925, -0.339793, -0.335842
-0.335842, -0.331885, -0.322694, -0.308582, -0.289996, -0.267541, -0.241975, -0.214188, -0.185174, -0.155998, -0.127747, -0.101483, -0.0781958, -0.0587626, -0.0439099, -0.0341904, -0.0299945
-0.0299945, -0.025798, -0.0160733, -0.00120153, 0.0182767, 0.0416475, 0.0680461, 0.0964894, 0.125916, 0.155232, 0.18336, 0.209284, 0.232089, 0.250991, 0.265359, 0.274724, 0.278758
0.278758, 0.282788, 0.292104, 0.306295, 0.324779, 0.346802, 0.371476, 0.39782, 0.424809, 0.451426, 0.476706, 0.499778, 0.519892, 0.536432, 0.548924, 0.557028, 0.56051
0.56051, 0.563981, 0.571987, 0.584122, 0.599821, 0.618364, 0.638924, 0.660617, 0.682554, 0.703892, 0.723876, 0.741862, 0.757336, 0.769912, 0.779318, 0.785376, 0.787968
0.787968, 0.790545, 0.796465, 0.805369, 0.816763, 0.830029, 0.844483, 0.859423, 0.874183, 0.888177, 0.900928, 0.912086, 0.921422, 0.928816, 0.934224, 0.937649, 0.9391
0.9391, 0.940534, 0.943794, 0.948605, 0.954589, 0.961294, 0.968242, 0.974982, 0.981136, 0.986429, 0.990713, 0.993961, 0.996255, 0.99775, 0.998637, 0.999097, 0.999267
0.999267, 0.999419, 0.999703, 0.999955, 0.99995, 0.999443, 0.998212, 0.9961, 0.993051, 0.989132, 0.984533, 0.979558, 0.974587, 0.970038, 0.966318, 0.963769, 0.962641
0.962641, 0.961496, 0.958777, 0.954445, 0.948452, 0.940783, 0.931492, 0.920732, 0.908776, 0.896023, 0.882988, 0.87027, 0.858516, 0.848365, 0.840398, 0.835086, 0.83277
0.83277, 0.830438, 0.82498, 0.816484, 0.805083, 0.790995, 0.774544, 0.756178, 0.736473, 0.716122, 0.695912, 0.676684, 0.659286, 0.644515, 0.633073, 0.625514, 0.622233

-0.954103, -0.955352, -0.95818, -0.96233, -0.967443, -0.973096, -0.978847, -0.984287, -0.989083, -0.993012, -0.995976, -0.997997, -0.999203, -0.999791, -0.999984, -0.999991, -0.999965
-0.999965, -0.999921, -0.999752, -0.99931, -0.998397, -0.996801, -0.994339, -0.990902, -0.986483, -0.9812, -0.975292, -0.969111, -0.963081, -0.957654, -0.953266, -0.950282, -0.948967
-0.948967, -0.947634, -0.944483, -0.939493, -0.932642, -0.923951, -0.913516, -0.901535, -0.888329, -0.874344, -0.860138, -0.846354, -0.83367, -0.822755, -0.814211, -0.808525, -0.806048
-0.806048, -0.803556, -0.797728, -0.788672, -0.776547, -0.761604, -0.744206, -0.724842, -0.704127, -0.682795, -0.661668, -0.641615, -0.623507, -0.60816, -0.596287, -0.588451, -0.585051
-0.585051, -0.581642, -0.573702, -0.561457, -0.545233, -0.525485, -0.502809, -0.477937, -0.451721, -0.425109, -0.399105, -0.374727, -0.352948, -0.334657, -0.320605, -0.311377, -0.307385
-0.307385, -0.303387, -0.294104, -0.279858, -0.261105, -0.238465, -0.212708, -0.184737, -0.155559, -0.126244, -0.0978841, -0.0715407, -0.0482013, -0.0287368, -0.0138679, -0.00414139, 5.66995e-05
5.66995e-05, 0.00425478, 0.0139812, 0.0288502, 0.0483146, 0.0716538, 0.0979969, 0.126357, 0.155671, 0.184849, 0.212819, 0.238575, 0.261214, 0.279967, 0.294213, 0.303495, 0.307492
0.307492, 0.311484, 0.320713, 0.334763, 0.353054, 0.374832, 0.399209, 0.425211, 0.451822, 0.478037, 0.502907, 0.525581, 0.545328, 0.561551, 0.573795, 0.581734, 0.585143
0.585143, 0.588542, 0.596378, 0.60825, 0.623595, 0.641702, 0.661753, 0.682878, 0.704208, 0.72492, 0.744282, 0.761678, 0.776618, 0.788742, 0.797797, 0.803623, 0.806115
0.806115, 0.808592, 0.814276, 0.822819, 0.833733, 0.846414, 0.860196, 0.874399, 0.888381, 0.901584, 0.913562, 0.923995, 0.932683, 0.939531, 0.944521, 0.947671, 0.949002
0.949002, 0.950318, 0.9533, 0.957687, 0.963111, 0.969139, 0.975318, 0.981221, 0.986502, 0.990918, 0.994352, 0.99681, 0.998403, 0.999314, 0.999754, 0.999923, 0.999966
0.999966, 0.999992, 0.999984, 0.999789, 0.999199, 0.99799, 0.995965, 0.992999, 0.989066, 0.984267, 0.978824, 0.97307, 0.967415, 0.962299, 0.958148, 0.955318, 0.954069
0.954069, 0.952803, 0.949805, 0.945047, 0.9385, 0.930171, 0.92014, 0.908591, 0.895826, 0.882276, 0.868483, 0.855074, 0.842718, 0.832072, 0.823731, 0.818177, 0.815757
0.815757, 0.813321, 0.807624, 0.798764, 0.786894, 0.772251, 0.755186, 0.736172, 0.715812, 0.694824, 0.674017, 0.654253, 0.636393, 0.621247, 0.609525, 0.601785, 0.598427
0.598427, 0.595058, 0.587213, 0.57511, 0.559066, 0.539529, 0.517082, 0.492445, 0.466461, 0.440068, 0.414264, 0.390058, 0.368424, 0.350246, 0.336277, 0.327101, 0.323131
0.323131, 0.319155, 0.309922, 0.295748, 0.277085, 0.254545, 0.228891, 0.201018, 0.171927, 0.142686, 0.114383, 0.0880802, 0.0647673, 0.0453179, 0.0304562, 0.0207326, 0.0165352
0.0165352, 0.0123375, 0.00261095, -0.0122612, -0.0317354, -0.0550947, -0.0814714, -0.10988, -0.13926, -0.168517, -0.196578, -0.222429, -0.245163, -0.264, -0.278315, -0.287644, -0.291662
-0.291662, -0.295675, -0.304953, -0.319083, -0.337482, -0.359398, -0.383942, -0.410136, -0.436958, -0.463397, -0.488497, -0.511393, -0.531345, -0.547745, -0.560127, -0.568158, -0.571608
-0.571608, -0.575047, -0.582978, -0.594997, -0.610539, -0.628888, -0.649223, -0.670663, -0.692331, -0.713391, -0.733098, -0.750822, -0.766059, -0.778434, -0.787683, -0.793638, -0.796185
-0.796185, -0.798718, -0.804533, -0.813277, -0.824456, -0.837462, -0.851617, -0.866228, -0.880641, -0.894283, -0.906689, -0.917523, -0.92657, -0.93372, -0.938941, -0.942243, -0.943641
-0.943641, -0.945022, -0.948158, -0.95278, -0.958514, -0.964916, -0.97152, -0.977886, -0.983649, -0.98855, -0.992454, -0.995348, -0.997329, -0.998562, -0.999249, -0.999579, -0.999692
-0.999692, -0.999787, -0.999941, -0.999992, -0.999725, -0.998904, -0.997317, -0.994822, -0.991377, -0.987063, -0.982085, -0.976761, -0.971483, -0.96668, -0.962766, -0.960091, -0.958908
-0.958908, -0.957709, -0.954865, -0.950341, -0.944099, -0.936134, -0.926511, -0.915396, -0.903076, -0.889965, -0.876588, -0.86356, -0.851535, -0.841161, -0.833025, -0.827605, -0.825241
-0.825241, -0.822863, -0.817297, -0.808637, -0.797024, -0.782686, -0.765958, -0.7473, -0.727299, -0.706661, -0.686181, -0.666711, -0.649104, -0.634163, -0.622594, -0.614953, -0.611637
-0.611637, -0.608311, -0.600562, -0.588604, -0.572746, -0.553424, -0.531212, -0.506818, -0.481073, -0.454907, -0.429308, -0.405282, -0.383798, -0.365738, -0.351856, -0.342735, -0.338788
-0.338788, -0.334835, -0.325654, -0.311557, -0.292989, -0.270556, -0.245011, -0.217244, -0.188249, -0.159089, -0.13085, -0.104595, -0.0813154, -0.0618865, -0.0470362, -0.037318, -0.0331225
-0.0331225, -0.0289265, -0.0192024, -0.00433113, 0.0151475, 0.0385204, 0.0649234, 0.0933739, 0.122811, 0.15214, 0.180282, 0.206222, 0.229043, 0.24796, 0.26234, 0.271714, 0.275751
0.275751, 0.279784, 0.289109, 0.303314, 0.321817, 0.343865, 0.368569, 0.394947, 0.421974, 0.448631, 0.473952, 0.497065, 0.517216, 0.533788, 0.546305, 0.554426, 0.557915
0.557915, 0.561394, 0.569417, 0.581579, 0.597314, 0.615902, 0.636513, 0.658264, 0.680263, 0.701666, 0.721713, 0.739759, 0.755289, 0.767911, 0.777353, 0.783435, 0.786037
0.786037, 0.788625, 0.794568, 0.80351, 0.814953, 0.828279, 0.842802, 0.857819, 0.872659, 0.886734, 0.899565, 0.910798, 0.920201, 0.927651, 0.933103, 0.936556, 0.93802
0.93802, 0.939466, 0.942755, 0.94761, 0.953652, 0.960427, 0.967454, 0.974281, 0.980526, 0.985911, 0.990282, 0.993613, 0.99598, 0.997535, 0.998469, 0.998959, 0.999142
0.999142, 0.999307, 0.999622, 0.99992, 0.999977, 0.999543, 0.998395, 0.996371, 0.993415, 0.989587, 0.985077, 0.980182, 0.975283, 0.970794, 0.967119, 0.964599, 0.963484

-0.596007, -0.599373, -0.607131, -0.618881, -0.634063, -0.651969, -0.671786, -0.692651, -0.713702, -0.734128, -0.753206, -0.770332, -0.785029, -0.796946, -0.805841, -0.811563, -0.814008
-0.814008, -0.81644, -0.822017, -0.830396, -0.841091, -0.853507, -0.866984, -0.880852, -0.894481, -0.907327, -0.918955, -0.929059, -0.937454, -0.944057, -0.948857, -0.951883, -0.953161
-0.953161, -0.954422, -0.95728, -0.961475, -0.966647, -0.97237, -0.978202, -0.983729, -0.988617, -0.992638, -0.99569, -0.997794, -0.999073, -0.999722, -0.999962, -0.999999, -0.999986
-0.999986, -0.999956, -0.999817, -0.999421, -0.998569, -0.997046, -0.994667, -0.991319, -0.986991, -0.981799, -0.975979, -0.969878, -0.963918, -0.95855, -0.954207, -0.951252, -0.949949
-0.949949, -0.948629, -0.945507, -0.94056, -0.933766, -0.925144, -0.914785, -0.902885, -0.889762, -0.875858, -0.861731, -0.848017, -0.835394, -0.82453, -0.816024, -0.810363, -0.807896
-0.807896, -0.805415, -0.799611, -0.790592, -0.778515, -0.763628, -0.746293, -0.726994, -0.706346, -0.685079, -0.664011, -0.644012, -0.62595, -0.610641, -0.598797, -0.590978, -0.587587
-0.587587, -0.584184, -0.576262, -0.564044, -0.547853, -0.528145, -0.505512, -0.480684, -0.454511, -0.427939, -0.401973, -0.377626, -0.355874, -0.337604, -0.323568, -0.314349, -0.310361
-0.310361, -0.306368, -0.297094, -0.282861, -0.264125, -0.241503, -0.215765, -0.187812, -0.15865, -0.129348, -0.100998, -0.0746619, -0.0513271, -0.031865, -0.0169971, -0.00727095, -0.00307292
-0.00307292, 0.00112518, 0.0108519, 0.0257217, 0.0451884, 0.0685319, 0.0948819, 0.123252, 0.152579, 0.181772, 0.20976, 0.235535, 0.258192, 0.276961, 0.29122, 0.300512, 0.304513
0.304513, 0.308509, 0.317747, 0.331813, 0.350124, 0.371928, 0.396338, 0.422377, 0.449028, 0.475285, 0.5002, 0.522916, 0.542702, 0.558959, 0.571229, 0.579185, 0.582602
0.582602, 0.586009, 0.593863, 0.605763, 0.621146, 0.639298, 0.659403, 0.680589, 0.701982, 0.72276, 0.742188, 0.759646, 0.774643, 0.786814, 0.795906, 0.801757, 0.804259
0.804259, 0.806746, 0.812456, 0.821037, 0.832, 0.844743, 0.858596, 0.872876, 0.88694, 0.900226, 0.912285, 0.922793, 0.931549, 0.938455, 0.943488, 0.946667, 0.948011
0.948011, 0.949339, 0.952351, 0.956781, 0.962264, 0.968363, 0.974622, 0.980613, 0.985985, 0.990492, 0.994014, 0.996555, 0.998222, 0.999193, 0.99968, 0.999879, 0.999935
0.999935, 0.999974, 0.999997, 0.999848, 0.999319, 0.998183, 0.996241, 0.993364, 0.989523, 0.984815, 0.97946, 0.973787, 0.968202, 0.963146, 0.959039, 0.956238, 0.955002
0.955002, 0.953748, 0.950779, 0.946066, 0.939576, 0.931315, 0.921361, 0.909893, 0.897212, 0.883745, 0.87003, 0.856693, 0.844399, 0.833804, 0.825502, 0.819973, 0.817563
0.817563, 0.815138, 0.809465, 0.800643, 0.788821, 0.774236, 0.757234, 0.738287, 0.717994, 0.697071, 0.676326, 0.656617, 0.638804, 0.623697, 0.612003, 0.604281, 0.600931
0.600931, 0.59757, 0.589743, 0.577667, 0.561658, 0.542161, 0.519758, 0.495167, 0.469227, 0.442876, 0.41711, 0.392938, 0.371331, 0.353175, 0.339223, 0.330057, 0.326091
0.326091, 0.32212, 0.312896, 0.298736, 0.280091, 0.257571, 0.231936, 0.204083, 0.17501, 0.145783, 0.117491, 0.0911972, 0.06789, 0.0484441, 0.0335843, 0.0238614, 0.0196643
0.0196643, 0.0154669, 0.00574054, -0.00913176, -0.0286072, -0.0519695, -0.0783518, -0.106769, -0.13616, -0.165432, -0.193508, -0.219377, -0.242127, -0.26098, -0.275307, -0.284645, -0.288667
-0.288667, -0.292684, -0.301971, -0.316115, -0.334534, -0.356476, -0.38105, -0.407279, -0.434141, -0.460622, -0.485764, -0.508702, -0.528691, -0.545124, -0.557532, -0.56558, -0.569037
-0.569037, -0.572484, -0.580432, -0.592478, -0.608057, -0.626452, -0.646839, -0.668339, -0.690069, -0.711194, -0.730966, -0.748751, -0.764044, -0.776465, -0.785751, -0.79173, -0.794288
-0.794288, -0.796831, -0.802671, -0.811452, -0.822681, -0.835748, -0.849972, -0.86466, -0.879154, -0.892878, -0.905364, -0.916274, -0.925388, -0.932595, -0.937859, -0.94119, -0.942601
-0.942601, -0.943994, -0.947159, -0.951824, -0.957617, -0.964089, -0.970773, -0.977227, -0.983081, -0.988073, -0.992065, -0.995042, -0.997095, -0.99839, -0.999123, -0.999483, -0.999609
-0.999609, -0.999718, -0.999901, -1, -0.999794, -0.999045, -0.997541, -0.995135, -0.991782, -0.98756, -0.98267, -0.977427, -0.97222, -0.967476, -0.963607, -0.960961, -0.959791
-0.959791, -0.958604, -0.95579, -0.951311, -0.945126, -0.93723, -0.927684, -0.916651, -0.904416, -0.891387, -0.87809, -0.865134, -0.853171, -0.842849, -0.834753, -0.829357, -0.827004
-0.827004, -0.824637, -0.819096, -0.810474, -0.79891, -0.78463, -0.767967, -0.749376, -0.729444, -0.708872, -0.688454, -0.66904, -0.651481, -0.63658, -0.62504, -0.617418, -0.61411
-0.61411, -0.610792, -0.603061, -0.591131, -0.575309, -0.556028, -0.533861, -0.509514, -0.483815, -0.457691, -0.432132, -0.408141, -0.386686, -0.368649, -0.354784, -0.345673, -0.341731
-0.341731, -0.337783, -0.328612, -0.314529, -0.29598, -0.273567, -0.248044, -0.220298, -0.191321, -0.162178, -0.133952, -0.107707, -0.0844343, -0.0650098, -0.0501622, -0.0404453, -0.0362503
-0.0362503, -0.0320546, -0.0223314, -0.0074607, 0.0120182, 0.0353929, 0.0618001, 0.0902575, 0.119704, 0.149046, 0.177203, 0.203159, 0.225996, 0.244927, 0.259319, 0.268701, 0.272742
0.272742, 0.276778, 0.286112, 0.300331, 0.318852, 0.340925, 0.365658, 0.39207, 0.419134, 0.445832, 0.471194, 0.494347, 0.514535, 0.531139, 0.543681, 0.551819, 0.555315
0.555315, 0.558801, 0.566841, 0.579031, 0.594801, 0.613433, 0.634096, 0.655905, 0.677966, 0.699432, 0.719543, 0.73765, 0.753234, 0.765903, 0.77538, 0.781486, 0.784098
0.784098, 0.786697, 0.792664, 0.801643, 0.813135, 0.826522, 0.841114, 0.856206, 0.871127, 0.885283, 0.898194, 0.909501, 0.918972, 0.926478, 0.931973, 0.935455, 0.93693

-0.0103899, -0.0145877, -0.0243127, -0.0391775, -0.0586332, -0.0819566, -0.108275, -0.1366, -0.16587, -0.194994, -0.222904, -0.248597, -0.271175, -0.289872, -0.304073, -0.313325, -0.317309
-0.317309, -0.321287, -0.330483, -0.344483, -0.362703, -0.384392, -0.408662, -0.434541, -0.461016, -0.487087, -0.511812, -0.534344, -0.55396, -0.570071, -0.582227, -0.590108, -0.593492
-0.593492, -0.596865, -0.604641, -0.61642, -0.63164, -0.649593, -0.669465, -0.690391, -0.711507, -0.731999, -0.751143, -0.768332, -0.783087, -0.795052, -0.803984, -0.80973, -0.812186
-0.812186, -0.814628, -0.820231, -0.828648, -0.839394, -0.851872, -0.86542, -0.879366, -0.893078, -0.906006, -0.917716, -0.927897, -0.93636, -0.94302, -0.947864, -0.950919, -0.95221
-0.95221, -0.953483, -0.95637, -0.96061, -0.96584, -0.971635, -0.977547, -0.983162, -0.988141, -0.992254, -0.995395, -0.997581, -0.998934, -0.999643, -0.99993, -0.999998, -0.999998
-0.999998, -0.99998, -0.999872, -0.999523, -0.998732, -0.997282, -0.994985, -0.991725, -0.98749, -0.982388, -0.976656, -0.970636, -0.964747, -0.959437, -0.955139, -0.952213, -0.950922
-0.950922, -0.949615, -0.946521, -0.941618, -0.934882, -0.926327, -0.916045, -0.904226, -0.891186, -0.877364, -0.863314, -0.849671, -0.83711, -0.826296, -0.817829, -0.812193, -0.809736
-0.809736, -0.807266, -0.801487, -0.792505, -0.780475, -0.765645, -0.748372, -0.72914, -0.708558, -0.687355, -0.666348, -0.646403, -0.628388, -0.613117, -0.6013, -0.5935, -0.590116
-0.590116, -0.586722, -0.578817, -0.566626, -0.550469, -0.5308, -0.50821, -0.483426, -0.457296, -0.430766, -0.404837, -0.380522, -0.358797, -0.340548, -0.326528, -0.317319, -0.313335
-0.313335, -0.309345, -0.300081, -0.285861, -0.267142, -0.244539, -0.21882, -0.190885, -0.161739, -0.132451, -0.104111, -0.0777824, -0.0544523, -0.0349929, -0.0201262, -0.0104004, -0.0062025
-0.0062025, -0.00200444, 0.00772238, 0.022593, 0.0420618, 0.0654093, 0.0917659, 0.120145, 0.149485, 0.178694, 0.206699, 0.232492, 0.255167, 0.273952, 0.288225, 0.297525, 0.301531
0.301531, 0.305531, 0.314778, 0.328859, 0.347191, 0.369021, 0.393463, 0.419538, 0.446229, 0.472529, 0.497487, 0.520246, 0.54007, 0.556361, 0.568657, 0.576631, 0.580056
0.580056, 0.583471, 0.591342, 0.60327, 0.61869, 0.636889, 0.657047, 0.678292, 0.69975, 0.720594, 0.740087, 0.757607, 0.77266, 0.784878, 0.794007, 0.799882, 0.802395
0.802395, 0.804893, 0.810627, 0.819246, 0.83026, 0.843064, 0.856987, 0.871345, 0.88549, 0.898859, 0.910999, 0.921583, 0.930407, 0.937369, 0.942446, 0.945654, 0.947011
0.947011, 0.948351, 0.951391, 0.955866, 0.961408, 0.967577, 0.973916, 0.979995, 0.985458, 0.990057, 0.993668, 0.996291, 0.99803, 0.999063, 0.999596, 0.999825, 0.999895
0.999895, 0.999947, 1, 0.999898, 0.99943, 0.998367, 0.996508, 0.993719, 0.98997, 0.985353, 0.980086, 0.974494, 0.968981, 0.963983, 0.959921, 0.957149, 0.955925
0.955925, 0.954684, 0.951744, 0.947075, 0.940643, 0.93245, 0.922573, 0.911187, 0.89859, 0.885205, 0.871569, 0.858303, 0.846071, 0.835528, 0.827264, 0.82176, 0.819361
0.819361, 0.816947, 0.811299, 0.802514, 0.790741, 0.776213, 0.759274, 0.740394, 0.720169, 0.699312, 0.678628, 0.658974, 0.641208, 0.62614, 0.614475, 0.606772, 0.60343
0.60343, 0.600077, 0.592268, 0.580219, 0.564245, 0.544788, 0.522429, 0.497883, 0.471989, 0.44568, 0.419952, 0.395814, 0.374235, 0.356102, 0.342165, 0.333009, 0.329048
0.329048, 0.325081, 0.315867, 0.301721, 0.283094, 0.260593, 0.234979, 0.207146, 0.17809, 0.148878, 0.120599, 0.0943133, 0.0710121, 0.0515698, 0.0367119, 0.02699, 0.0227932
0.0227932, 0.018596, 0.00887008, -0.00600223, -0.0254788, -0.0488439, -0.0752314, -0.103657, -0.133059, -0.162344, -0.190437, -0.216323, -0.23909, -0.257957, -0.272297, -0.281644, -0.285669
-0.285669, -0.28969, -0.298986, -0.313145, -0.331583, -0.35355, -0.378155, -0.404419, -0.43132, -0.457842, -0.483026, -0.506005, -0.526032, -0.542498, -0.554931, -0.562996, -0.566461
-0.566461, -0.569915, -0.577881, -0.589954, -0.60557, -0.62401, -0.644449, -0.666007, -0.687801, -0.708991, -0.728827, -0.746673, -0.762021, -0.774489, -0.783811, -0.789815, -0.792383
-0.792383, -0.794936, -0.8008, -0.809619, -0.820898, -0.834025, -0.848319, -0.863084, -0.877659, -0.891464, -0.904031, -0.915015, -0.924197, -0.931461, -0.936769, -0.940128, -0.941551
-0.941551, -0.942957, -0.94615, -0.95086, -0.956711, -0.963254, -0.970017, -0.976558, -0.982503, -0.987586, -0.991667, -0.994726, -0.996852, -0.998207, -0.998987, -0.999377, -0.999517
-0.999517, -0.999638, -0.999853, -0.999997, -0.999852, -0.999177, -0.997756, -0.995439, -0.992178, -0.988047, -0.983246, -0.978083, -0.972948, -0.968263, -0.964439, -0.961823, -0.960665
-0.960665, -0.959491, -0.956705, -0.952271, -0.946144, -0.938317, -0.928848, -0.917897, -0.905747, -0.892801, -0.879583, -0.866699, -0.8548, -0.844529, -0.836472, -0.831102, -0.82876
-0.82876, -0.826403, -0.820887, -0.812303, -0.800789, -0.786567, -0.769967, -0.751445, -0.731581, -0.711075, -0.690721, -0.671363, -0.653852, -0.638991, -0.62748, -0.619877, -0.616577
-0.616577, -0.613267, -0.605555, -0.593653, -0.577866, -0.558627, -0.536505, -0.512204, -0.486551, -0.460472, -0.434953, -0.410996, -0.38957, -0.371557, -0.357708, -0.348608, -0.344671
-0.344671, -0.340727, -0.331566, -0.317499, -0.298968, -0.276576, -0.251074, -0.223349, -0.194392, -0.165265, -0.137053, -0.110818, -0.0875523, -0.0681325, -0.0532876, -0.0435721, -0.0393777
-0.0393777, -0.0351825, -0.0254601, -0.0105902, 0.00888876, 0.0322651, 0.0586762, 0.0871402, 0.116596, 0.14595, 0.174122, 0.200094, 0.222946, 0.241891, 0.256295, 0.265685, 0.26973
0.26973, 0.27377, 0.283112, 0.297344, 0.315885, 0.337981, 0.362743, 0.389189, 0.416291, 0.443028, 0.468431, 0.491624, 0.511849, 0.528485, 0.541052, 0.549206, 0.55271

0.579194, 0.575767, 0.567787, 0.555482, 0.53918, 0.519342, 0.496569, 0.471597, 0.445282, 0.418577, 0.39249, 0.368038, 0.346199, 0.32786, 0.313773, 0.304523, 0.300522
0.300522, 0.296515, 0.287212, 0.272935, 0.254144, 0.231463, 0.205664, 0.177653, 0.148439, 0.119095, 0.0907124, 0.0643535, 0.0410047, 0.0215353, 0.00666446, -0.00306239, -0.00726043
-0.00726043, -0.0114583, -0.0211839, -0.0360501, -0.0555087, -0.0788371, -0.105163, -0.133499, -0.162783, -0.191924, -0.219852, -0.245564, -0.268161, -0.286875, -0.30109, -0.310351, -0.314339
-0.314339, -0.318322, -0.327527, -0.341543, -0.359785, -0.381501, -0.405804, -0.43172, -0.458237, -0.484351, -0.509121, -0.531696, -0.551352, -0.567497, -0.57968, -0.587578, -0.59097
-0.59097, -0.594351, -0.602145, -0.613952, -0.629211, -0.64721, -0.667137, -0.688123, -0.709304, -0.729863, -0.749074, -0.766325, -0.781136, -0.793149, -0.802119, -0.80789, -0.810357
-0.810357, -0.812809, -0.818437, -0.826892, -0.837689, -0.850228, -0.863848, -0.877871, -0.891665, -0.904677, -0.916468, -0.926725, -0.935257, -0.941974, -0.946862, -0.949946, -0.951249
-0.951249, -0.952535, -0.955451, -0.959735, -0.965025, -0.97089, -0.976883, -0.982586, -0.987656, -0.991861, -0.99509, -0.997359, -0.998784, -0.999555, -0.999888, -0.999986, -0.999999
-0.999999, -0.999995, -0.999917, -0.999615, -0.998884, -0.997507, -0.995293, -0.992122, -0.987978, -0.982968, -0.977324, -0.971384, -0.965566, -0.960315, -0.956061, -0.953164, -0.951886
-0.951886, -0.950591, -0.947526, -0.942667, -0.935988, -0.927502, -0.917295, -0.905558, -0.892601, -0.878862, -0.864889, -0.851317, -0.838818, -0.828055, -0.819626, -0.814014, -0.811569
-0.811569, -0.809109, -0.803355, -0.794409, -0.782428, -0.767655, -0.750445, -0.731278, -0.710763, -0.689625, -0.668678, -0.648788, -0.630819, -0.615586, -0.603798, -0.596016, -0.59264
-0.59264, -0.589253, -0.581366, -0.569202, -0.553079, -0.53345, -0.510903, -0.486163, -0.460077, -0.433588, -0.407696, -0.383415, -0.361717, -0.343489, -0.329484, -0.320285, -0.316305
-0.316305, -0.31232, -0.303065, -0.288859, -0.270156, -0.247572, -0.221872, -0.193956, -0.164827, -0.135552, -0.107223, -0.0809022, -0.057577, -0.0381204, -0.0232551, -0.0135298, -0.00933202
-0.00933202, -0.00513404, 0.00459283, 0.0194641, 0.0389347, 0.062286, 0.0886491, 0.117038, 0.14639, 0.175614, 0.203636, 0.229447, 0.25214, 0.270941, 0.285227, 0.294536, 0.298545
0.298545, 0.302549, 0.311806, 0.325902, 0.344254, 0.366111, 0.390584, 0.416695, 0.443426, 0.469769, 0.49477, 0.517571, 0.537434, 0.553758, 0.56608, 0.574072, 0.577504
0.577504, 0.580926, 0.588816, 0.600771, 0.616228, 0.634473, 0.654685, 0.675989, 0.697511, 0.718421, 0.737979, 0.75556, 0.77067, 0.782935, 0.792101, 0.798, 0.800523
0.800523, 0.803032, 0.808791, 0.817447, 0.828512, 0.841377, 0.85537, 0.869805, 0.884031, 0.897483, 0.909704, 0.920364, 0.929255, 0.936275, 0.941395, 0.944631, 0.946001
0.946001, 0.947353, 0.950423, 0.954942, 0.960542, 0.966782, 0.973201, 0.979367, 0.984921, 0.989612, 0.993311, 0.996017, 0.997829, 0.998923, 0.999502, 0.999762, 0.999845
0.999845, 0.99991, 0.999993, 0.999938, 0.99953, 0.998541, 0.996764, 0.994064, 0.990407, 0.985882, 0.980702, 0.975191, 0.969749, 0.964811, 0.960793, 0.958051, 0.956839
0.956839, 0.955611, 0.9527, 0.948075, 0.9417, 0.933577, 0.923776, 0.912472, 0.899959, 0.886656, 0.873099, 0.859905, 0.847736, 0.837243, 0.829018, 0.82354, 0.821151
0.821151, 0.818748, 0.813124, 0.804378, 0.792653, 0.778182, 0.761307, 0.742494, 0.722336, 0.701545, 0.680923, 0.661325, 0.643607, 0.628577, 0.616941, 0.609257, 0.605922
0.605922, 0.602577, 0.594786, 0.582765, 0.566826, 0.54741, 0.525095, 0.500595, 0.474745, 0.44848, 0.422791, 0.398686, 0.377136, 0.359024, 0.345104, 0.335959, 0.332002
0.332002, 0.328039, 0.318835, 0.304704, 0.286094, 0.263613, 0.23802, 0.210206, 0.181169, 0.151972, 0.123705, 0.0974285, 0.0741335, 0.054695, 0.0398393, 0.0301184, 0.0259219
0.0259219, 0.021725, 0.0119995, -0.00287264, -0.02235, -0.0457178, -0.0721103, -0.100544, -0.129957, -0.159255, -0.187364, -0.213266, -0.23605, -0.254932, -0.269285, -0.278639, -0.282669
-0.282669, -0.286693, -0.295998, -0.310171, -0.328629, -0.350621, -0.375256, -0.401555, -0.428494, -0.455057, -0.480283, -0.503303, -0.523368, -0.539866, -0.552325, -0.560407, -0.563879
-0.563879, -0.567341, -0.575324, -0.587424, -0.603076, -0.621561, -0.642053, -0.66367, -0.685525, -0.70678, -0.72668, -0.744587, -0.75999, -0.772506, -0.781864, -0.787891, -0.79047
-0.79047, -0.793034, -0.798922, -0.807778, -0.819107, -0.832294, -0.846658, -0.861499, -0.876154, -0.890042, -0.902689, -0.913748, -0.922997, -0.930318, -0.935669, -0.939057, -0.940492
-0.940492, -0.94191, -0.945133, -0.949887, -0.955795, -0.962408, -0.969252, -0.975879, -0.981915, -0.98709, -0.991259, -0.9944, -0.996599, -0.998015, -0.998841, -0.999262, -0.999415
-0.999415, -0.999549, -0.999794, -0.999985, -0.999901, -0.999299, -0.997961, -0.995733, -0.992564, -0.988525, -0.983811, -0.97873, -0.973666, -0.969041, -0.965262, -0.962674, -0.96153
-0.96153, -0.960368, -0.957611, -0.953221, -0.947153, -0.939394, -0.930003, -0.919135, -0.907068, -0.894207, -0.881068, -0.868256, -0.85642, -0.846201, -0.838183, -0.832838, -0.830507
-0.830507, -0.828161, -0.82267, -0.814125, -0.802659, -0.788495, -0.771961, -0.753506, -0.733711, -0.713272, -0.692981, -0.673679, -0.656217, -0.641395, -0.629914, -0.62233, -0.619038
-0.619038, -0.615736, -0.608042, -0.596168, -0.580417, -0.56122, -0.539143, -0.514889, -0.489283, -0.463248, -0.437769, -0.413847, -0.39245, -0.374461, -0.360629, -0.35154, -0.347607
-0.347607, -0.343667, -0.334517, -0.320465, -0.301953, -0.279582, -0.254103, -0.226399, -0.197461, -0.168351, -0.140152, -0.113928, -0.0906695, -0.0712545, -0.0564125, -0.0466986, -0.0425047

0.947674, 0.946325, 0.943137, 0.938089, 0.931164, 0.922385, 0.911851, 0.899765, 0.886451, 0.872359, 0.858053, 0.844177, 0.831413, 0.820432, 0.811839, 0.806121, 0.80363
0.80363, 0.801124, 0.795265, 0.786161, 0.773974, 0.758958, 0.741479, 0.722029, 0.701228, 0.679813, 0.658608, 0.638485, 0.620316, 0.604921, 0.593012, 0.585152, 0.581742
0.581742, 0.578323, 0.57036, 0.558081, 0.541813, 0.522014, 0.499283, 0.474354, 0.448082, 0.421418, 0.395367, 0.370946, 0.349133, 0.330815, 0.316743, 0.307502, 0.303505
0.303505, 0.299502, 0.290208, 0.275944, 0.25717, 0.234506, 0.208725, 0.180732, 0.151533, 0.122202, 0.0938286, 0.0674763, 0.0441315, 0.0246641, 0.00979397, 6.72225e-05, -0.00413086
-0.00413086, -0.00832888, -0.0180549, -0.0329224, -0.0523836, -0.0757169, -0.102051, -0.130397, -0.159694, -0.188851, -0.216798, -0.242529, -0.265145, -0.283875, -0.298104, -0.307375, -0.311367
-0.311367, -0.315353, -0.324569, -0.3386, -0.356863, -0.378606, -0.402942, -0.428895, -0.455453, -0.481611, -0.506424, -0.529043, -0.548738, -0.564918, -0.577127, -0.585043, -0.588442
-0.588442, -0.591831, -0.599644, -0.611479, -0.626775, -0.644821, -0.664802, -0.685849, -0.707095, -0.72772, -0.746997, -0.764311, -0.779179, -0.79124, -0.800246, -0.806041, -0.808519
-0.808519, -0.810982, -0.816635, -0.825128, -0.835975, -0.848577, -0.862267, -0.876368, -0.890244, -0.903339, -0.915212, -0.925545, -0.934144, -0.940919, -0.945851, -0.948963, -0.950279
-0.950279, -0.951578, -0.954523, -0.958851, -0.964199, -0.970136, -0.976209, -0.981999, -0.987161, -0.991457, -0.994776, -0.997127, -0.998625, -0.999457, -0.999836, -0.999965, -0.999991
-0.999991, -1, -0.999952, -0.999697, -0.999027, -0.997723, -0.995592, -0.99251, -0.988457, -0.983539, -0.977982, -0.972123, -0.966375, -0.961183, -0.956974, -0.954106, -0.95284
-0.95284, -0.951558, -0.948522, -0.943707, -0.937085, -0.928667, -0.918537, -0.906881, -0.894008, -0.88035, -0.866456, -0.852955, -0.840518, -0.829806, -0.821415, -0.815828, -0.813393
-0.813393, -0.810944, -0.805214, -0.796306, -0.784373, -0.769657, -0.752509, -0.733409, -0.712961, -0.691888, -0.671002, -0.651166, -0.633245, -0.61805, -0.60629, -0.598526, -0.595158
-0.595158, -0.591779, -0.58391, -0.571772, -0.555684, -0.536094, -0.51359, -0.488895, -0.462854, -0.436406, -0.410552, -0.386303, -0.364633, -0.346427, -0.332437, -0.323248, -0.319273
-0.319273, -0.315291, -0.306046, -0.291854, -0.273168, -0.250603, -0.224923, -0.197026, -0.167913, -0.138652, -0.110334, -0.0840211, -0.0607012, -0.0412475, -0.0263837, -0.0166591, -0.0124615
-0.0124615, -0.00826359, 0.00146322, 0.016335, 0.0358073, 0.0591622, 0.0855313, 0.113929, 0.143293, 0.172532, 0.200571, 0.2264, 0.24911, 0.267927, 0.282226, 0.291544, 0.295557
0.295557, 0.299565, 0.308831, 0.322941, 0.341314, 0.363197, 0.387701, 0.413848, 0.440619, 0.467004, 0.492048, 0.51489, 0.534792, 0.551149, 0.563497, 0.571506, 0.574946
0.574946, 0.578376, 0.586283, 0.598266, 0.61376, 0.632051, 0.652316, 0.67368, 0.695265, 0.71624, 0.735863, 0.753507, 0.768671, 0.780985, 0.790186, 0.79611, 0.798644
0.798644, 0.801163, 0.806946, 0.815641, 0.826755, 0.839682, 0.853745, 0.868256, 0.882564, 0.896098, 0.9084, 0.919135, 0.928094, 0.935171, 0.940335, 0.9436, 0.944982
0.944982, 0.946347, 0.949445, 0.954009, 0.959667, 0.965978, 0.972477, 0.97873, 0.984375, 0.989157, 0.992945, 0.995733, 0.997618, 0.998772, 0.999399, 0.999689, 0.999785
0.999785, 0.999863, 0.999977, 0.999968, 0.999621, 0.998705, 0.997011, 0.9944, 0.990835, 0.986401, 0.981309, 0.975879, 0.970508, 0.965629, 0.961656, 0.958943, 0.957744
0.957744, 0.956528, 0.953646, 0.949066, 0.942748, 0.934694, 0.92497, 0.913748, 0.901319, 0.888099, 0.87462, 0.861498, 0.849391, 0.838951, 0.830764, 0.825311, 0.822933
0.822933, 0.820541, 0.814942, 0.806233, 0.794557, 0.780144, 0.763333, 0.744587, 0.724497, 0.703772, 0.683212, 0.663669, 0.645999, 0.631008, 0.619401, 0.611735, 0.608409
0.608409, 0.605072, 0.597299, 0.585306, 0.569402, 0.550026, 0.527756, 0.503302, 0.477498, 0.451275, 0.425625, 0.401554, 0.380032, 0.361943, 0.34804, 0.338905, 0.334952
0.334952, 0.330994, 0.321799, 0.307683, 0.289092, 0.266631, 0.241059, 0.213265, 0.184246, 0.155065, 0.12681, 0.100543, 0.0772541, 0.0578196, 0.0429662, 0.0332464, 0.0290503
0.0290503, 0.0248538, 0.0151289, 0.000256972, -0.0192211, -0.0425912, -0.0689885, -0.0974295, -0.126853, -0.156165, -0.184288, -0.210207, -0.233007, -0.251905, -0.266269, -0.275632, -0.279665
-0.279665, -0.283693, -0.293007, -0.307194, -0.325672, -0.347688, -0.372353, -0.398687, -0.425664, -0.452268, -0.477536, -0.500596, -0.520698, -0.537229, -0.549713, -0.557812, -0.561292
-0.561292, -0.564761, -0.572761, -0.584889, -0.600577, -0.619106, -0.63965, -0.661325, -0.683244, -0.704563, -0.724527, -0.742495, -0.757953, -0.770515, -0.779909, -0.78596, -0.788549
-0.788549, -0.791124, -0.797036, -0.805929, -0.817307, -0.830555, -0.844988, -0.859905, -0.874641, -0.888611, -0.901338, -0.912472, -0.921789, -0.929165, -0.93456, -0.937977, -0.939424
-0.939424, -0.940855, -0.944106, -0.948904, -0.95487, -0.961553, -0.968477, -0.975191, -0.981318, -0.986584, -0.990841, -0.994064, -0.996336, -0.997813, -0.998686, -0.999137, -0.999303
-0.999303, -0.999451, -0.999726, -0.999963, -0.99994, -0.999412, -0.998155, -0.996016, -0.99294, -0.988993, -0.984367, -0.979367, -0.974375, -0.969809, -0.966075, -0.963517, -0.962385
-0.962385, -0.961236, -0.958508, -0.954163, -0.948152, -0.940463, -0.931148, -0.920363, -0.908382, -0.895603, -0.882544, -0.869804, -0.858031, -0.847864, -0.839885, -0.834566, -0.832246
-0.832246, -0.829911, -0.824446, -0.815938, -0.804522, -0.790416, -0.773946, -0.75556, -0.735834, -0.715462, -0.695234, -0.675989, -0.658575, -0.643793, -0.632342, -0.624776, -0.621493

0.954385, 0.95563, 0.95845, 0.962587, 0.967682, 0.973313, 0.97904, 0.984453, 0.989222, 0.993123, 0.99606, 0.998056, 0.99924, 0.99981, 0.999989, 0.999987, 0.999957
0.999957, 0.999909, 0.99973, 0.999274, 0.998343, 0.996725, 0.994239, 0.990775, 0.986328, 0.981017, 0.975083, 0.968878, 0.962826, 0.957382, 0.95298, 0.949988, 0.948668
0.948668, 0.947332, 0.944173, 0.939169, 0.9323, 0.92359, 0.913132, 0.901126, 0.887895, 0.873885, 0.859656, 0.84585, 0.833148, 0.822218, 0.813662, 0.807969, 0.805488
0.805488, 0.802993, 0.797158, 0.788091, 0.775951, 0.760992, 0.743575, 0.724191, 0.703456, 0.682105, 0.660959, 0.64089, 0.622768, 0.60741, 0.595529, 0.587687, 0.584285
0.584285, 0.580873, 0.572928, 0.560675, 0.544441, 0.524681, 0.501992, 0.477107, 0.450878, 0.424254, 0.398239, 0.373851, 0.352064, 0.333766, 0.31971, 0.310479, 0.306486
0.306486, 0.302487, 0.293201, 0.278951, 0.260193, 0.237547, 0.211785, 0.183809, 0.154626, 0.125307, 0.096944, 0.0705985, 0.0472579, 0.0277926, 0.0129234, 0.00319684, -0.00100126
-0.00100126, -0.00519933, -0.0149257, -0.0297943, -0.049258, -0.0725959, -0.0989369, -0.127294, -0.156604, -0.185777, -0.213742, -0.239492, -0.262126, -0.280873, -0.295115, -0.304395, -0.308391
-0.308391, -0.312382, -0.321607, -0.335653, -0.353938, -0.375707, -0.400075, -0.426066, -0.452664, -0.478866, -0.503723, -0.526385, -0.546119, -0.562332, -0.574568, -0.582502, -0.585909
-0.585909, -0.589306, -0.597136, -0.609, -0.624333, -0.642426, -0.662461, -0.683568, -0.704878, -0.72557, -0.744912, -0.762289, -0.777213, -0.789322, -0.798366, -0.804185, -0.806673
-0.806673, -0.809147, -0.814824, -0.823356, -0.834254, -0.846917, -0.860678, -0.874857, -0.888814, -0.901993, -0.913946, -0.924355, -0.933023, -0.939854, -0.94483, -0.947972, -0.9493
-0.9493, -0.950611, -0.953585, -0.957958, -0.963365, -0.969372, -0.975526, -0.981403, -0.986656, -0.991044, -0.994451, -0.996885, -0.998456, -0.999349, -0.999775, -0.999934, -0.999973
-0.999973, -0.999995, -0.999978, -0.999769, -0.99916, -0.997929, -0.99588, -0.992887, -0.988927, -0.984099, -0.97863, -0.972852, -0.967175, -0.962042, -0.957877, -0.955038, -0.953785
-0.953785, -0.952516, -0.949509, -0.944738, -0.938173, -0.929823, -0.91977, -0.908196, -0.895406, -0.881831, -0.868014, -0.854584, -0.842209, -0.831548, -0.823195, -0.817634, -0.81521
-0.81521, -0.812771, -0.807066, -0.798196, -0.786311, -0.771651, -0.754567, -0.735533, -0.715152, -0.694144, -0.673319, -0.653538, -0.635664, -0.620507, -0.608776, -0.60103, -0.59767
-0.59767, -0.594299, -0.586448, -0.574337, -0.558283, -0.538733, -0.516273, -0.491623, -0.465626, -0.43922, -0.413404, -0.389188, -0.367545, -0.349361, -0.335387, -0.326208, -0.322237
-0.322237, -0.31826, -0.309024, -0.294846, -0.276178, -0.253632, -0.227971, -0.200093, -0.170997, -0.141751, -0.113444, -0.0871393, -0.0638247, -0.0443743, -0.0295121, -0.0197882, -0.0155908
-0.0155908, -0.0113931, -0.0016664, 0.0132057, 0.0326795, 0.0560378, 0.0824128, 0.110819, 0.140195, 0.169448, 0.197504, 0.22335, 0.246078, 0.264911, 0.279222, 0.288548, 0.292565
0.292565, 0.296577, 0.305852, 0.319978, 0.338371, 0.360279, 0.384814, 0.410997, 0.437808, 0.464234, 0.489321, 0.512205, 0.532145, 0.548535, 0.560909, 0.568935, 0.572383
0.572383, 0.57582, 0.583745, 0.595756, 0.611287, 0.629622, 0.649941, 0.671364, 0.693012, 0.714053, 0.73374, 0.751445, 0.766666, 0.779026, 0.788265, 0.794213, 0.796756
0.796756, 0.799286, 0.805094, 0.813826, 0.82499, 0.837978, 0.852111, 0.8667, 0.881088, 0.894705, 0.907087, 0.917898, 0.926924, 0.934058, 0.939265, 0.942559, 0.943953
0.943953, 0.945331, 0.948458, 0.953066, 0.958782, 0.965163, 0.971743, 0.978083, 0.983819, 0.988692, 0.992569, 0.995439, 0.997397, 0.998612, 0.999285, 0.999606, 0.999715
0.999715, 0.999806, 0.99995, 0.999988, 0.999703, 0.998859, 0.997248, 0.994726, 0.991253, 0.986911, 0.981907, 0.976558, 0.971258, 0.966438, 0.96251, 0.959826, 0.95864
0.95864, 0.957436, 0.954584, 0.950047, 0.943788, 0.935801, 0.926155, 0.915015, 0.90267, 0.889533, 0.876133, 0.863083, 0.851039, 0.84065, 0.832502, 0.827074, 0.824707
0.824707, 0.822326, 0.816752, 0.808081, 0.796453, 0.782098, 0.765351, 0.746672, 0.726651, 0.705992, 0.685494, 0.666007, 0.648385, 0.633433, 0.621855, 0.614208, 0.61089
0.61089, 0.607561, 0.599806, 0.58784, 0.571972, 0.552637, 0.530412, 0.506004, 0.480245, 0.454065, 0.428455, 0.404418, 0.382925, 0.364859, 0.350972, 0.341848, 0.337899
0.337899, 0.333945, 0.324761, 0.310659, 0.292086, 0.269646, 0.244095, 0.216322, 0.187321, 0.158156, 0.129914, 0.103656, 0.080374, 0.0609437, 0.0460927, 0.0363741, 0.0321785
0.0321785, 0.0279823, 0.018258, 0.00338658, -0.016092, -0.0394642, -0.065866, -0.0943143, -0.123748, -0.153073, -0.181211, -0.207147, -0.229963, -0.248875, -0.263251, -0.272623, -0.276659
-0.276659, -0.280691, -0.290014, -0.304214, -0.322711, -0.344752, -0.369447, -0.395815, -0.42283, -0.449475, -0.474784, -0.497884, -0.518024, -0.534587, -0.547096, -0.555212, -0.558699
-0.558699, -0.562176, -0.570193, -0.582348, -0.598072, -0.616646, -0.637242, -0.658975, -0.680955, -0.702338, -0.722366, -0.740395, -0.755908, -0.768516, -0.777946, -0.784021, -0.78662
-0.78662, -0.789205, -0.795142, -0.804072, -0.8155, -0.828808, -0.843311, -0.858304, -0.87312, -0.887171, -0.899978, -0.911188, -0.920571, -0.928004, -0.933442, -0.936887, -0.938347
-0.938347, -0.93979, -0.943069, -0.947911, -0.953936, -0.960689, -0.967693, -0.974494, -0.980711, -0.986068, -0.990413, -0.993719, -0.996064, -0.997601, -0.99852, -0.999002, -0.999181
-0.999181, -0.999342, -0.999647, -0.999932, -0.99997, -0.999514, -0.998341, -0.996291, -0.993306, -0.989451, -0.984914, -0.979995, -0.975074, -0.970567, -0.966878, -0.96435, -0.96323

0.596766, 0.600129, 0.607881, 0.619623, 0.634793, 0.652685, 0.672486, 0.693332, 0.714364, 0.734769, 0.753827, 0.770934, 0.785614, 0.797516, 0.8064, 0.812114, 0.814557
0.814557, 0.816985, 0.822555, 0.830921, 0.841601, 0.853998, 0.867454, 0.881299, 0.894903, 0.907723, 0.919327, 0.929408, 0.937782, 0.944368, 0.949155, 0.952172, 0.953446
0.953446, 0.954704, 0.957553, 0.961734, 0.966888, 0.97259, 0.978397, 0.983899, 0.988759, 0.992752, 0.995777, 0.997856, 0.999114, 0.999744, 0.99997, 0.999998, 0.999981
0.999981, 0.999946, 0.999798, 0.999389, 0.998518, 0.996973, 0.994569, 0.991194, 0.986839, 0.981619, 0.975773, 0.969648, 0.963666, 0.958281, 0.953924, 0.95096, 0.949654
0.949654, 0.94833, 0.945199, 0.940239, 0.933428, 0.924785, 0.914403, 0.902479, 0.88933, 0.875402, 0.861251, 0.847516, 0.834875, 0.823995, 0.815477, 0.809809, 0.807339
0.807339, 0.804855, 0.799044, 0.790013, 0.777922, 0.763018, 0.745664, 0.726345, 0.705677, 0.68439, 0.663305, 0.643289, 0.625214, 0.609893, 0.59804, 0.590216, 0.586822
0.586822, 0.583418, 0.57549, 0.563264, 0.547063, 0.527343, 0.504697, 0.479855, 0.453669, 0.427086, 0.401108, 0.376752, 0.354992, 0.336715, 0.322674, 0.313452, 0.309463
0.309463, 0.305468, 0.296192, 0.281955, 0.263213, 0.240586, 0.214843, 0.186884, 0.157717, 0.128412, 0.100058, 0.07372, 0.0503837, 0.0309209, 0.0160527, 0.00632642, 0.00212836
0.00212836, -0.00206973, -0.0117964, -0.0266659, -0.046132, -0.0694742, -0.0958221, -0.124189, -0.153512, -0.182701, -0.210683, -0.236452, -0.259104, -0.277868, -0.292124, -0.301412, -0.305413
-0.305413, -0.309407, -0.318642, -0.332704, -0.351009, -0.372805, -0.397205, -0.423233, -0.449872, -0.476116, -0.501017, -0.523721, -0.543495, -0.559742, -0.572004, -0.579955, -0.58337
-0.58337, -0.586774, -0.594623, -0.606514, -0.621886, -0.640025, -0.660113, -0.68128, -0.702655, -0.723413, -0.742821, -0.76026, -0.77524, -0.787397, -0.796477, -0.802321, -0.80482
-0.80482, -0.807304, -0.813006, -0.821576, -0.832524, -0.845249, -0.85908, -0.873337, -0.887376, -0.900637, -0.912672, -0.923157, -0.931892, -0.938781, -0.943801, -0.946971, -0.948311
-0.948311, -0.949635, -0.952638, -0.957056, -0.962521, -0.968598, -0.974833, -0.980798, -0.986142, -0.990622, -0.994117, -0.996633, -0.998278, -0.999231, -0.999704, -0.999893, -0.999946
-0.999946, -0.999981, -0.999994, -0.999831, -0.999284, -0.998126, -0.996159, -0.993255, -0.989386, -0.98465, -0.979269, -0.973571, -0.967966, -0.962891, -0.958771, -0.955962, -0.954721
-0.954721, -0.953464, -0.950486, -0.945759, -0.939252, -0.930971, -0.920994, -0.909501, -0.896795, -0.883302, -0.869564, -0.856205, -0.843893, -0.833282, -0.824968, -0.819432, -0.817018
-0.817018, -0.814591, -0.80891, -0.800077, -0.78824, -0.773638, -0.756617, -0.737649, -0.717336, -0.696393, -0.67563, -0.655904, -0.638077, -0.622958, -0.611256, -0.603529, -0.600176
-0.600176, -0.596813, -0.58898, -0.576896, -0.560877, -0.541367, -0.518951, -0.494346, -0.468393, -0.442029, -0.416251, -0.392069, -0.370454, -0.352292, -0.338334, -0.329165, -0.325198
-0.325198, -0.321225, -0.311999, -0.297835, -0.279184, -0.256658, -0.231017, -0.203158, -0.17408, -0.144848, -0.116553, -0.0902566, -0.0669476, -0.0475006, -0.0326402, -0.0229171, -0.0187199
-0.0187199, -0.0145224, -0.004796, 0.0100763, 0.0295514, 0.0529128, 0.0792934, 0.107708, 0.137096, 0.166363, 0.194435, 0.220298, 0.243044, 0.261891, 0.276215, 0.285551, 0.289571
0.289571, 0.293587, 0.302871, 0.317011, 0.335424, 0.357358, 0.381924, 0.408142, 0.434992, 0.46146, 0.486589, 0.509514, 0.529493, 0.545916, 0.558315, 0.566359, 0.569814
0.569814, 0.573258, 0.581201, 0.593239, 0.608807, 0.627188, 0.647559, 0.669041, 0.690752, 0.711858, 0.73161, 0.749377, 0.764653, 0.77706, 0.786335, 0.792307, 0.794861
0.794861, 0.797402, 0.803234, 0.812003, 0.823218, 0.836266, 0.850469, 0.865134, 0.879604, 0.893303, 0.905765, 0.916651, 0.925745, 0.932935, 0.938187, 0.941509, 0.942916
0.942916, 0.944305, 0.947461, 0.952114, 0.957888, 0.96434, 0.971, 0.977427, 0.983253, 0.988218, 0.992183, 0.995135, 0.997167, 0.998443, 0.999162, 0.999513, 0.999635
0.999635, 0.99974, 0.999914, 0.999998, 0.999774, 0.999004, 0.997475, 0.995042, 0.991661, 0.987411, 0.982495, 0.977227, 0.971998, 0.967237, 0.963354, 0.9607, 0.959526
0.959526, 0.958335, 0.955511, 0.951019, 0.944817, 0.9369, 0.927331, 0.916273, 0.904012, 0.890959, 0.877638, 0.86466, 0.852678, 0.84234, 0.834232, 0.828829, 0.826473
0.826473, 0.824102, 0.818554, 0.80992, 0.798342, 0.784044, 0.767361, 0.74875, 0.728797, 0.708205, 0.687769, 0.668338, 0.650764, 0.635851, 0.624303, 0.616675, 0.613365
0.613365, 0.610044, 0.602308, 0.590369, 0.574536, 0.555243, 0.533062, 0.508701, 0.482988, 0.456851, 0.43128, 0.407278, 0.385814, 0.367771, 0.353901, 0.344787, 0.340843
0.340843, 0.336894, 0.327719, 0.313633, 0.295078, 0.272658, 0.247129, 0.219376, 0.190394, 0.161245, 0.133016, 0.106768, 0.0834931, 0.0640672, 0.0492188, 0.0395015, 0.0353063
0.0353063, 0.0311106, 0.021387, 0.00651616, -0.0129627, -0.0363369, -0.0627428, -0.0911982, -0.120642, -0.14998, -0.178133, -0.204084, -0.226916, -0.245843, -0.260231, -0.26961, -0.27365
-0.27365, -0.277686, -0.287017, -0.301231, -0.319748, -0.341812, -0.366537, -0.392939, -0.419992, -0.446677, -0.472027, -0.495168, -0.515345, -0.531939, -0.544474, -0.552606, -0.5561
-0.5561, -0.559585, -0.567619, -0.5798, -0.59556, -0.614179, -0.634827, -0.656617, -0.67866, -0.700107, -0.720199, -0.738287, -0.753855, -0.76651, -0.775976, -0.782075, -0.784684
-0.784684, -0.78728, -0.79324, -0.802208, -0.813685, -0.827053, -0.841624, -0.856694, -0.87159, -0.885722, -0.898609, -0.909894, -0.919344, -0.926833, -0.932315, -0.935788, -0.93726

0.0113344, 0.0155321, 0.025257, 0.0401214, 0.0595761, 0.082898, 0.109214, 0.137536, 0.166801, 0.19592, 0.223825, 0.249512, 0.272084, 0.290775, 0.304973, 0.314222, 0.318204
0.318204, 0.322181, 0.331374, 0.345369, 0.363583, 0.385263, 0.409524, 0.435392, 0.461854, 0.487912, 0.512623, 0.535142, 0.554746, 0.570847, 0.582995, 0.59087, 0.594251
0.594251, 0.597623, 0.605393, 0.617163, 0.632372, 0.650311, 0.670166, 0.691074, 0.71217, 0.732642, 0.751767, 0.768937, 0.783674, 0.795624, 0.804545, 0.810284, 0.812737
0.812737, 0.815176, 0.820771, 0.829176, 0.839907, 0.852366, 0.865893, 0.879815, 0.893502, 0.906406, 0.918091, 0.928249, 0.936691, 0.943334, 0.948165, 0.951211, 0.952498
0.952498, 0.953768, 0.956646, 0.960872, 0.966085, 0.971858, 0.977746, 0.983334, 0.988286, 0.992371, 0.995485, 0.997647, 0.998977, 0.999668, 0.999941, 0.999999, 0.999995
0.999995, 0.999974, 0.999856, 0.999493, 0.998684, 0.997211, 0.99489, 0.991604, 0.98734, 0.982211, 0.976453, 0.970408, 0.964498, 0.959171, 0.954858, 0.951924, 0.950629
0.950629, 0.949318, 0.946216, 0.9413, 0.934546, 0.925971, 0.915665, 0.903822, 0.890757, 0.876911, 0.862837, 0.849173, 0.836593, 0.825764, 0.817285, 0.811641, 0.809182
0.809182, 0.806708, 0.800922, 0.791928, 0.779884, 0.765037, 0.747746, 0.728493, 0.707891, 0.686669, 0.665643, 0.645682, 0.627653, 0.61237, 0.600545, 0.59274, 0.589353
0.589353, 0.585956, 0.578047, 0.565847, 0.54968, 0.529999, 0.507396, 0.482599, 0.456456, 0.429913, 0.403973, 0.379649, 0.357916, 0.33966, 0.325635, 0.316423, 0.312438
0.312438, 0.308447, 0.29918, 0.284956, 0.266231, 0.243623, 0.217898, 0.189958, 0.160807, 0.131515, 0.103172, 0.0768407, 0.0535091, 0.0340489, 0.0191818, 0.00945594, 0.00525796
0.00525796, 0.00105989, -0.00866691, -0.0235373, -0.0430055, -0.0663518, -0.0927065, -0.121083, -0.150419, -0.179623, -0.207623, -0.23341, -0.25608, -0.27486, -0.289129, -0.298427, -0.302431
-0.302431, -0.30643, -0.315674, -0.329751, -0.348077, -0.369899, -0.394331, -0.420395, -0.447074, -0.473362, -0.498306, -0.521052, -0.540865, -0.557146, -0.569434, -0.577403, -0.580825
-0.580825, -0.584237, -0.592104, -0.604023, -0.619432, -0.637617, -0.657759, -0.678986, -0.700424, -0.721249, -0.740722, -0.758223, -0.773259, -0.785463, -0.794581, -0.800449, -0.802958
-0.802958, -0.805453, -0.81118, -0.819787, -0.830786, -0.843572, -0.857474, -0.871808, -0.885928, -0.899272, -0.911388, -0.921949, -0.930752, -0.937698, -0.942762, -0.945961, -0.947314
-0.947314, -0.94865, -0.951682, -0.956144, -0.961667, -0.967816, -0.97413, -0.980183, -0.985618, -0.990189, -0.993773, -0.996372, -0.998089, -0.999103, -0.999622, -0.999842, -0.999908
-0.999908, -0.999956, -1, -0.999884, -0.999397, -0.998312, -0.996428, -0.993613, -0.989836, -0.985192, -0.979898, -0.974281, -0.968747, -0.963731, -0.959656, -0.956875, -0.955648
-0.955648, -0.954403, -0.951454, -0.946771, -0.940322, -0.932109, -0.922208, -0.910798, -0.898175, -0.884765, -0.871105, -0.857818, -0.845568, -0.835008, -0.826733, -0.821222, -0.818819
-0.818819, -0.816402, -0.810746, -0.801951, -0.790162, -0.775617, -0.758659, -0.739759, -0.719513, -0.698636, -0.677934, -0.658263, -0.640483, -0.625403, -0.613729, -0.606021, -0.602676
-0.602676, -0.599321, -0.591506, -0.57945, -0.563465, -0.543996, -0.521624, -0.497064, -0.471156, -0.444834, -0.419095, -0.394946, -0.373359, -0.355219, -0.341277, -0.332119, -0.328156
-0.328156, -0.324187, -0.314971, -0.300821, -0.282188, -0.259681, -0.234061, -0.206222, -0.177161, -0.147944, -0.119661, -0.093373, -0.0700699, -0.0506264, -0.035768, -0.0260458, -0.0218489
-0.0218489, -0.0176516, -0.00792555, 0.00694677, 0.026423, 0.0497873, 0.0761733, 0.104596, 0.133995, 0.163276, 0.191364, 0.217245, 0.240007, 0.25887, 0.273206, 0.28255, 0.286574
0.286574, 0.290594, 0.299887, 0.314041, 0.332474, 0.354433, 0.379029, 0.405283, 0.432171, 0.458681, 0.483853, 0.506819, 0.526835, 0.543291, 0.555716, 0.563777, 0.567239
0.567239, 0.570691, 0.578652, 0.590717, 0.606321, 0.624747, 0.645171, 0.666712, 0.688486, 0.709657, 0.729473, 0.747301, 0.762632, 0.775086, 0.784398, 0.790394, 0.792958
0.792958, 0.795509, 0.801365, 0.810173, 0.821437, 0.834546, 0.848819, 0.86356, 0.878111, 0.891892, 0.904434, 0.915396, 0.924557, 0.931804, 0.937099, 0.94045, 0.941869
0.941869, 0.943271, 0.946456, 0.951152, 0.956985, 0.963507, 0.970247, 0.976761, 0.982678, 0.987734, 0.991788, 0.994822, 0.996926, 0.998263, 0.999029, 0.99941, 0.999546
0.999546, 0.999663, 0.999868, 0.999999, 0.999836, 0.999139, 0.997692, 0.995348, 0.99206, 0.987901, 0.983073, 0.977886, 0.972729, 0.968027, 0.964189, 0.961564, 0.960403
0.960403, 0.959224, 0.95643, 0.951982, 0.945838, 0.93799, 0.928497, 0.917522, 0.905346, 0.892376, 0.879134, 0.866227, 0.854309, 0.844023, 0.835954, 0.830576, 0.828231
0.828231, 0.825871, 0.820347, 0.811752, 0.800223, 0.785983, 0.769364, 0.750821, 0.730937, 0.710411, 0.690038, 0.670663, 0.653137, 0.638264, 0.626745, 0.619136, 0.615833
0.615833, 0.61252, 0.604803, 0.592892, 0.577095, 0.557843, 0.535708, 0.511393, 0.485726, 0.459633, 0.434102, 0.410135, 0.3887, 0.37068, 0.356826, 0.347723, 0.343784
0.343784, 0.339839, 0.330675, 0.316603, 0.298067, 0.275668, 0.25016, 0.222428, 0.193466, 0.164333, 0.136117, 0.10988, 0.0866114, 0.0671901, 0.0523444, 0.0426285, 0.0384338
0.0384338, 0.0342385, 0.0245158, 0.00964568, -0.00983327, -0.0332091, -0.0596191, -0.0880812, -0.117534, -0.146885, -0.175052, -0.201019, -0.223867, -0.242808, -0.257208, -0.266595, -0.270639
-0.270639, -0.274678, -0.284018, -0.298246, -0.316781, -0.33887, -0.363623, -0.390059, -0.41715, -0.443875, -0.469266, -0.492446, -0.51266, -0.529286, -0.541846, -0.549995, -0.553497

-0.578424, -0.574994, -0.567009, -0.554696, -0.538384, -0.518535, -0.495749, -0.470764, -0.444436, -0.417719, -0.391621, -0.36716, -0.345312, -0.326967, -0.312876, -0.303623, -0.299621
-0.299621, -0.295613, -0.286307, -0.272026, -0.253231, -0.230544, -0.204739, -0.176723, -0.147505, -0.118157, -0.0897717, -0.0634109, -0.0400609, -0.020591, -0.00571992, 0.00400694, 0.00820496
0.00820496, 0.0124028, 0.0221282, 0.0369941, 0.0564517, 0.0797787, 0.106103, 0.134436, 0.163715, 0.19285, 0.220773, 0.24648, 0.269071, 0.28778, 0.301991, 0.311249, 0.315236
0.315236, 0.319217, 0.32842, 0.34243, 0.360666, 0.382373, 0.406667, 0.432572, 0.459076, 0.485178, 0.509933, 0.532496, 0.55214, 0.568275, 0.580449, 0.588342, 0.591731
0.591731, 0.595111, 0.602899, 0.614698, 0.629945, 0.64793, 0.66784, 0.688808, 0.70997, 0.730509, 0.749699, 0.766932, 0.781726, 0.793724, 0.802683, 0.808446, 0.81091
0.81091, 0.813359, 0.818979, 0.827423, 0.838204, 0.850725, 0.864323, 0.878323, 0.892092, 0.905079, 0.916846, 0.92708, 0.935591, 0.942291, 0.947165, 0.95024, 0.95154
0.95154, 0.952823, 0.95573, 0.96, 0.965272, 0.971116, 0.977084, 0.982761, 0.987804, 0.99198, 0.995183, 0.997427, 0.99883, 0.999583, 0.999902, 0.999991, 1
1, 0.999992, 0.999904, 0.999588, 0.998839, 0.99744, 0.995201, 0.992004, 0.987832, 0.982794, 0.977123, 0.971159, 0.965319, 0.960051, 0.955783, 0.952878, 0.951596
0.951596, 0.950297, 0.947224, 0.942352, 0.935655, 0.927148, 0.916919, 0.905157, 0.892175, 0.878411, 0.864415, 0.850821, 0.838304, 0.827525, 0.819084, 0.813465, 0.811017
0.811017, 0.808553, 0.802792, 0.793835, 0.78184, 0.767049, 0.74982, 0.730633, 0.710098, 0.688941, 0.667976, 0.648069, 0.630086, 0.614842, 0.603045, 0.595257, 0.591879
0.591879, 0.58849, 0.580598, 0.568425, 0.552292, 0.53265, 0.51009, 0.485337, 0.459238, 0.432737, 0.406834, 0.382542, 0.360836, 0.342602, 0.328592, 0.31939, 0.315409
0.315409, 0.311422, 0.302165, 0.287954, 0.269247, 0.246657, 0.220951, 0.19303, 0.163895, 0.134616, 0.106284, 0.0799607, 0.056634, 0.0371765, 0.0223108, 0.0125854, 0.0083875
0.0083875, 0.00418949, -0.00553737, -0.0204084, -0.0398785, -0.0632287, -0.0895899, -0.117976, -0.147324, -0.176543, -0.20456, -0.230366, -0.253054, -0.27185, -0.286132, -0.295438, -0.299446
-0.299446, -0.303449, -0.312703, -0.326795, -0.345141, -0.36699, -0.391453, -0.417553, -0.444273, -0.470603, -0.495591, -0.518379, -0.53823, -0.554544, -0.566858, -0.574845, -0.578275
-0.578275, -0.581695, -0.589579, -0.601526, -0.616972, -0.635203, -0.655399, -0.676685, -0.698187, -0.719077, -0.738616, -0.756179, -0.771271, -0.783523, -0.792677, -0.798569, -0.801089
-0.801089, -0.803595, -0.809346, -0.817991, -0.82904, -0.841887, -0.855859, -0.87027, -0.884473, -0.897899, -0.910096, -0.920733, -0.929604, -0.936606, -0.941713, -0.944941, -0.946306
-0.946306, -0.947655, -0.950716, -0.955222, -0.960804, -0.967023, -0.973418, -0.979558, -0.985084, -0.989747, -0.99342, -0.9961, -0.997891, -0.998966, -0.999532, -0.999782, -0.999861
-0.999861, -0.999922, -0.999996, -0.999927, -0.999501, -0.998489, -0.996688, -0.993961, -0.990276, -0.985724, -0.980517, -0.974982, -0.969518, -0.964562, -0.960531, -0.95778, -0.956565
-0.956565, -0.955332, -0.952413, -0.947774, -0.941382, -0.933238, -0.923414, -0.912085, -0.899547, -0.886219, -0.872638, -0.859422, -0.847234, -0.836726, -0.82849, -0.823003, -0.820612
-0.820612, -0.818205, -0.812574, -0.803816, -0.792077, -0.777589, -0.760695, -0.741861, -0.721683, -0.700872, -0.680231, -0.660616, -0.642884, -0.627842, -0.616197, -0.608507, -0.605171
-0.605171, -0.601823, -0.594027, -0.581997, -0.566048, -0.546619, -0.524291, -0.499777, -0.473914, -0.447635, -0.421935, -0.397819, -0.376261, -0.358143, -0.344218, -0.335069, -0.331111
-0.331111, -0.327146, -0.317939, -0.303804, -0.285189, -0.262702, -0.237103, -0.209283, -0.18024, -0.151039, -0.122768, -0.0964884, -0.0731915, -0.0537518, -0.0388954, -0.0291742, -0.0249777
-0.0249777, -0.0207807, -0.011055, 0.00381719, 0.0232944, 0.0466613, 0.0730524, 0.101483, 0.130893, 0.160188, 0.188291, 0.214189, 0.236967, 0.255846, 0.270194, 0.279546, 0.283575
0.283575, 0.287598, 0.2969, 0.311069, 0.329521, 0.351505, 0.376131, 0.40242, 0.429347, 0.455898, 0.481111, 0.504119, 0.524172, 0.540661, 0.553112, 0.561189, 0.564659
0.564659, 0.568119, 0.576096, 0.588189, 0.603829, 0.622301, 0.642777, 0.664376, 0.686213, 0.707448, 0.727329, 0.745218, 0.760604, 0.773105, 0.782453, 0.788473, 0.791048
0.791048, 0.793609, 0.799489, 0.808334, 0.819648, 0.832818, 0.84716, 0.861978, 0.876609, 0.890472, 0.903095, 0.914132, 0.92336, 0.930664, 0.936002, 0.939381, 0.940813
0.940813, 0.942227, 0.945441, 0.950181, 0.956072, 0.962664, 0.969484, 0.976085, 0.982094, 0.987241, 0.991383, 0.994499, 0.996676, 0.998074, 0.998886, 0.999298, 0.999446
0.999446, 0.999577, 0.999813, 0.99999, 0.999888, 0.999264, 0.9979, 0.995645, 0.992448, 0.988382, 0.983642, 0.978536, 0.97345, 0.968807, 0.965014, 0.962418, 0.96127
0.96127, 0.960104, 0.957339, 0.952935, 0.946849, 0.93907, 0.929655, 0.918762, 0.90667, 0.893784, 0.880621, 0.867787, 0.855932, 0.845697, 0.837667, 0.832315, 0.829981
0.829981, 0.827632, 0.822133, 0.813576, 0.802096, 0.787914, 0.77136, 0.752885, 0.733069, 0.71261, 0.692299, 0.672981, 0.655504, 0.64067, 0.62918, 0.62159, 0.618296
0.618296, 0.614991, 0.607292, 0.59541, 0.579648, 0.560438, 0.538348, 0.51408, 0.488459, 0.46241, 0.436919, 0.412987, 0.391581, 0.373585, 0.359748, 0.350656, 0.346721
0.346721, 0.34278, 0.333627, 0.31957, 0.301053, 0.278675, 0.253189, 0.225479, 0.196535, 0.16742, 0.139217, 0.11299, 0.0897288, 0.0703123, 0.0554694, 0.045755, 0.0415609

-0.947372, -0.94602, -0.942822, -0.937761, -0.930819, -0.92202, -0.911463, -0.899352, -0.886013, -0.871897, -0.857568, -0.84367, -0.830888, -0.819892, -0.811287, -0.805562, -0.803067
-0.803067, -0.800558, -0.794692, -0.785576, -0.773375, -0.758342, -0.740845, -0.721375, -0.700555, -0.67912, -0.657897, -0.637757, -0.619575, -0.604169, -0.592251, -0.584386, -0.580974
-0.580974, -0.577552, -0.569584, -0.557297, -0.541019, -0.521208, -0.498465, -0.473523, -0.447238, -0.420561, -0.394499, -0.370069, -0.348248, -0.329923, -0.315847, -0.306604, -0.302605
-0.302605, -0.298601, -0.289304, -0.275036, -0.256257, -0.233588, -0.207801, -0.179803, -0.150599, -0.121264, -0.0928882, -0.0665339, -0.0431879, -0.0237198, -0.00884945, 0.000877333, 0.00507541
0.00507541, 0.0092734, 0.0189993, 0.0338664, 0.0533268, 0.0766587, 0.10299, 0.131334, 0.160627, 0.189779, 0.21772, 0.243446, 0.266055, 0.284781, 0.299006, 0.308273, 0.312264
0.312264, 0.31625, 0.325462, 0.339488, 0.357745, 0.37948, 0.403806, 0.429748, 0.456294, 0.482439, 0.507239, 0.529844, 0.549528, 0.565697, 0.577898, 0.585809, 0.589206
0.589206, 0.592592, 0.600399, 0.612226, 0.627511, 0.645543, 0.665507, 0.686536, 0.707762, 0.728368, 0.747624, 0.76492, 0.77977, 0.791817, 0.800812, 0.8066, 0.809074
0.809074, 0.811534, 0.817179, 0.825661, 0.836493, 0.849076, 0.862745, 0.876823, 0.890674, 0.903744, 0.915592, 0.925902, 0.934481, 0.941238, 0.946157, 0.949261, 0.950573
0.950573, 0.951868, 0.954804, 0.959119, 0.964449, 0.970364, 0.976413, 0.982177, 0.987311, 0.99158, 0.994872, 0.997198, 0.998674, 0.999487, 0.999853, 0.999972, 0.999995
0.999995, 1, 0.999943, 0.999673, 0.998985, 0.997659, 0.995503, 0.992394, 0.988314, 0.983368, 0.977784, 0.971901, 0.966132, 0.960922, 0.956699, 0.953823, 0.952553
0.952553, 0.951267, 0.948223, 0.943394, 0.936755, 0.928316, 0.918163, 0.906483, 0.893584, 0.879902, 0.865984, 0.852461, 0.840006, 0.829278, 0.820875, 0.815282, 0.812843
0.812843, 0.810391, 0.804654, 0.795735, 0.783787, 0.769053, 0.751887, 0.732766, 0.712298, 0.691206, 0.670301, 0.650449, 0.632513, 0.617307, 0.605538, 0.597769, 0.594398
0.594398, 0.591017, 0.583143, 0.570997, 0.554898, 0.535296, 0.51278, 0.488071, 0.462016, 0.435556, 0.409691, 0.385432, 0.363753, 0.34554, 0.331546, 0.322354, 0.318377
0.318377, 0.314395, 0.305146, 0.29095, 0.27226, 0.249689, 0.224003, 0.196099, 0.166981, 0.137717, 0.109396, 0.0830799, 0.0597583, 0.0403038, 0.0254395, 0.0157147, 0.011517
0.011517, 0.00731906, -0.00240778, -0.0172794, -0.0367512, -0.0601051, -0.0864724, -0.114867, -0.144228, -0.173462, -0.201496, -0.22732, -0.250025, -0.268837, -0.283132, -0.292447, -0.296459
-0.296459, -0.300466, -0.309729, -0.323835, -0.342202, -0.364077, -0.388571, -0.414708, -0.441467, -0.467839, -0.49287, -0.5157, -0.53559, -0.551937, -0.564277, -0.572281, -0.575719
-0.575719, -0.579146, -0.587048, -0.599023, -0.614506, -0.632782, -0.653032, -0.674378, -0.695943, -0.716899, -0.736502, -0.754127, -0.769275, -0.781574, -0.790765, -0.796682, -0.799212
-0.799212, -0.801728, -0.807504, -0.816187, -0.827286, -0.840194, -0.854237, -0.868725, -0.883008, -0.896517, -0.908794, -0.919507, -0.928446, -0.935505, -0.940656, -0.943912, -0.94529
-0.94529, -0.946651, -0.949741, -0.954292, -0.959932, -0.966221, -0.972697, -0.978923, -0.984541, -0.989295, -0.993057, -0.995819, -0.997683, -0.998819, -0.999431, -0.999712, -0.999804
-0.999804, -0.999878, -0.999983, -0.99996, -0.999595, -0.998656, -0.996937, -0.9943, -0.990707, -0.986246, -0.981127, -0.975673, -0.97028, -0.965383, -0.961397, -0.958675, -0.957472
-0.957472, -0.956253, -0.953362, -0.948768, -0.942433, -0.934357, -0.924611, -0.913364, -0.900909, -0.887665, -0.874162, -0.861018, -0.848893, -0.838436, -0.830238, -0.824777, -0.822396
-0.822396, -0.82, -0.814394, -0.805674, -0.793983, -0.779553, -0.762722, -0.743956, -0.723846, -0.703101, -0.682522, -0.662962, -0.645278, -0.630275, -0.618659, -0.610988, -0.607659
-0.607659, -0.60432, -0.596541, -0.58454, -0.568625, -0.549237, -0.526954, -0.502485, -0.476667, -0.450432, -0.42477, -0.400689, -0.379158, -0.361063, -0.347154, -0.338016, -0.334062
-0.334062, -0.330102, -0.320905, -0.306784, -0.288187, -0.265721, -0.240142, -0.212342, -0.183317, -0.154132, -0.125873, -0.099603, -0.0763123, -0.0568766, -0.0420225, -0.0323024, -0.0281062
-0.0281062, -0.0239095, -0.0141844, 0.000687584, 0.0201655, 0.0435349, 0.0699307, 0.0983695, 0.12779, 0.157098, 0.185217, 0.211131, 0.233926, 0.252819, 0.26718, 0.27654, 0.280572
0.280572, 0.284599, 0.29391, 0.308093, 0.326565, 0.348573, 0.37323, 0.399553, 0.426519, 0.45311, 0.478365, 0.501413, 0.521505, 0.538025, 0.550502, 0.558596, 0.562073
0.562073, 0.56554, 0.573535, 0.585655, 0.601332, 0.619848, 0.640376, 0.662034, 0.683933, 0.705233, 0.725178, 0.743127, 0.758569, 0.771116, 0.7805, 0.786544, 0.789129
0.789129, 0.791701, 0.797606, 0.806488, 0.817851, 0.831081, 0.845493, 0.860387, 0.875099, 0.889043, 0.901746, 0.912859, 0.922154, 0.929514, 0.934896, 0.938304, 0.939747
0.939747, 0.941174, 0.944416, 0.949201, 0.95515, 0.961812, 0.968712, 0.9754, 0.981499, 0.986738, 0.990968, 0.994167, 0.996417, 0.997875, 0.998734, 0.999176, 0.999337
0.999337, 0.999481, 0.999747, 0.999971, 0.99993, 0.999379, 0.998098, 0.995932, 0.992827, 0.988852, 0.9842, 0.979176, 0.974162, 0.969578, 0.96583, 0.963264, 0.962128
0.962128, 0.960975, 0.958239, 0.95388, 0.947852, 0.940141, 0.930803, 0.919993, 0.907986, 0.895183, 0.882099, 0.869338, 0.857546, 0.847363, 0.839372, 0.834046, 0.831722
0.831722, 0.829384, 0.823911, 0.815391, 0.803961, 0.789837, 0.773348, 0.754941, 0.735194, 0.714802, 0.694554, 0.675292, 0.657864, 0.64307, 0.63161, 0.624039, 0.620753

-0.954667, -0.955908, -0.958719, -0.962842, -0.96792, -0.97353, -0.979232, -0.984619, -0.98936, -0.993234, -0.996143, -0.998115, -0.999277, -0.999828, -0.999993, -0.999982, -0.999948
-0.999948, -0.999896, -0.999708, -0.999238, -0.998288, -0.996648, -0.994137, -0.990646, -0.986172, -0.980833, -0.974873, -0.968644, -0.96257, -0.957108, -0.952694, -0.949692, -0.948369
-0.948369, -0.947029, -0.943861, -0.938844, -0.931958, -0.923227, -0.912746, -0.900716, -0.88746, -0.873425, -0.859173, -0.845346, -0.832625, -0.82168, -0.813112, -0.807412, -0.804928
-0.804928, -0.80243, -0.796588, -0.787509, -0.775355, -0.760378, -0.742943, -0.723539, -0.702785, -0.681414, -0.66025, -0.640165, -0.622029, -0.606659, -0.59477, -0.586922, -0.583518
-0.583518, -0.580104, -0.572153, -0.559893, -0.543648, -0.523877, -0.501175, -0.476277, -0.450035, -0.423398, -0.397373, -0.372974, -0.35118, -0.332876, -0.318815, -0.309581, -0.305586
-0.305586, -0.301586, -0.292298, -0.278044, -0.259281, -0.23663, -0.210862, -0.18288, -0.153693, -0.12437, -0.0960038, -0.0696563, -0.0463143, -0.0268484, -0.0119789, -0.00225228, 0.00194581
0.00194581, 0.00614387, 0.0158701, 0.0307384, 0.0502014, 0.0735379, 0.0998768, 0.128231, 0.157537, 0.186705, 0.214664, 0.240409, 0.263037, 0.28178, 0.296018, 0.305295, 0.30929
0.30929, 0.313279, 0.322501, 0.336543, 0.354821, 0.376582, 0.400941, 0.42692, 0.453507, 0.479695, 0.504539, 0.527187, 0.54691, 0.563113, 0.575341, 0.583269, 0.586674
0.586674, 0.590069, 0.597894, 0.609749, 0.625071, 0.64315, 0.663168, 0.684257, 0.705548, 0.72622, 0.745542, 0.7629, 0.777807, 0.789901, 0.798934, 0.804746, 0.807231
0.807231, 0.809702, 0.815372, 0.823891, 0.834774, 0.847419, 0.861158, 0.875314, 0.889247, 0.9024, 0.914329, 0.924715, 0.933362, 0.940177, 0.945139, 0.948272, 0.949596
0.949596, 0.950904, 0.953869, 0.958229, 0.963618, 0.969603, 0.975733, 0.981584, 0.98681, 0.99117, 0.99455, 0.996959, 0.998508, 0.999382, 0.999794, 0.999944, 0.99998
0.99998, 0.999998, 0.999971, 0.999748, 0.999121, 0.997868, 0.995794, 0.992774, 0.988786, 0.983931, 0.978435, 0.972633, 0.966935, 0.961784, 0.957605, 0.954758, 0.953501
0.953501, 0.952227, 0.949212, 0.944428, 0.937846, 0.929475, 0.919399, 0.9078, 0.894985, 0.881385, 0.867545, 0.854093, 0.8417, 0.831023, 0.822659, 0.81709, 0.814662
0.814662, 0.812221, 0.806508, 0.797626, 0.785727, 0.77105, 0.753947, 0.734892, 0.714491, 0.693464, 0.672621, 0.652823, 0.634934, 0.619766, 0.608026, 0.600275, 0.596912
0.596912, 0.593539, 0.585683, 0.573563, 0.557499, 0.537937, 0.515464, 0.4908, 0.464789, 0.438371, 0.412544, 0.388318, 0.366667, 0.348476, 0.334497, 0.325315, 0.321343
0.321343, 0.317364, 0.308125, 0.293943, 0.27527, 0.252718, 0.227052, 0.199167, 0.170066, 0.140816, 0.112506, 0.0861983, 0.062882, 0.0434306, 0.028568, 0.0188438, 0.0146463
0.0146463, 0.0104486, 0.000721842, -0.0141501, -0.0336235, -0.0569808, -0.0833541, -0.111758, -0.14113, -0.170379, -0.19843, -0.224271, -0.246994, -0.265821, -0.280129, -0.289453, -0.293469
-0.293469, -0.297479, -0.306752, -0.320873, -0.33926, -0.36116, -0.385686, -0.411858, -0.438657, -0.465071, -0.490144, -0.513016, -0.532944, -0.549325, -0.561691, -0.569712, -0.573157
-0.573157, -0.576592, -0.584512, -0.596514, -0.612034, -0.630356, -0.650658, -0.672063, -0.693693, -0.714714, -0.734382, -0.752068, -0.767272, -0.779618, -0.788845, -0.794786, -0.797327
-0.797327, -0.799854, -0.805654, -0.814375, -0.825524, -0.838493, -0.852605, -0.86717, -0.881535, -0.895126, -0.907484, -0.918272, -0.927278, -0.934395, -0.939589, -0.942874, -0.944265
-0.944265, -0.945638, -0.948757, -0.953351, -0.95905, -0.96541, -0.971966, -0.978279, -0.983988, -0.988833, -0.992683, -0.995529, -0.997465, -0.998662, -0.99932, -0.999632, -0.999737
-0.999737, -0.999824, -0.999959, -0.999983, -0.999679, -0.998814, -0.997177, -0.994628, -0.991128, -0.986758, -0.981728, -0.976354, -0.971033, -0.966194, -0.962253, -0.959561, -0.958371
-0.958371, -0.957163, -0.954302, -0.949752, -0.943475, -0.935468, -0.925798, -0.914634, -0.902263, -0.889101, -0.875678, -0.862606, -0.850543, -0.840138, -0.831979, -0.826543, -0.824172
-0.824172, -0.821788, -0.816207, -0.807524, -0.795882, -0.781509, -0.764743, -0.746044, -0.726001, -0.705323, -0.684806, -0.665302, -0.647665, -0.632702, -0.621115, -0.613462, -0.610142
-0.610142, -0.60681, -0.59905, -0.587076, -0.571196, -0.55185, -0.529611, -0.505189, -0.479416, -0.453223, -0.427601, -0.403554, -0.382052, -0.36398, -0.350087, -0.34096, -0.33701
-0.33701, -0.333055, -0.323868, -0.309761, -0.291183, -0.268736, -0.243179, -0.215399, -0.186393, -0.157223, -0.128977, -0.102717, -0.0794324, -0.0600009, -0.0451491, -0.0354302, -0.0312344
-0.0312344, -0.0270381, -0.0173136, -0.00244203, 0.0170364, 0.040408, 0.0668085, 0.0952546, 0.124685, 0.154006, 0.18214, 0.208071, 0.230882, 0.24979, 0.264163, 0.273531, 0.277567
0.277567, 0.281598, 0.290917, 0.305114, 0.323605, 0.345638, 0.370324, 0.396682, 0.423686, 0.450318, 0.475615, 0.498703, 0.518832, 0.535385, 0.547886, 0.555997, 0.559482
0.559482, 0.562956, 0.570969, 0.583115, 0.598828, 0.617389, 0.637969, 0.659685, 0.681646, 0.70301, 0.723019, 0.741029, 0.756526, 0.76912, 0.77854, 0.784607, 0.787203
0.787203, 0.789785, 0.795714, 0.804633, 0.816046, 0.829336, 0.843818, 0.858788, 0.87358, 0.887606, 0.900389, 0.911576, 0.920939, 0.928355, 0.93378, 0.937217, 0.938673
0.938673, 0.940112, 0.943383, 0.948212, 0.954219, 0.960951, 0.967931, 0.974705, 0.980895, 0.986225, 0.990543, 0.993824, 0.996147, 0.997666, 0.998571, 0.999044, 0.999219
0.999219, 0.999376, 0.999672, 0.999942, 0.999962, 0.999484, 0.998286, 0.996209, 0.993197, 0.989314, 0.98475, 0.979806, 0.974864, 0.970339, 0.966637, 0.964099, 0.962976

-0.597523, -0.600884, -0.608631, -0.620364, -0.635523, -0.6534, -0.673184, -0.694013, -0.715024, -0.735409, -0.754447, -0.771535, -0.786198, -0.798086, -0.806958, -0.812665, -0.815104
-0.815104, -0.817529, -0.823092, -0.831447, -0.842111, -0.85449, -0.867924, -0.881744, -0.895324, -0.908119, -0.919698, -0.929756, -0.93811, -0.944678, -0.949451, -0.95246, -0.953731
-0.953731, -0.954984, -0.957825, -0.961992, -0.967129, -0.97281, -0.978592, -0.984067, -0.9889, -0.992865, -0.995864, -0.997918, -0.999153, -0.999765, -0.999977, -0.999996, -0.999975
-0.999975, -0.999936, -0.999779, -0.999355, -0.998466, -0.996899, -0.994471, -0.991069, -0.986686, -0.981438, -0.975566, -0.969417, -0.963414, -0.95801, -0.95364, -0.950668, -0.949357
-0.949357, -0.94803, -0.94489, -0.939917, -0.933089, -0.924425, -0.91402, -0.902071, -0.888898, -0.874945, -0.860771, -0.847014, -0.834354, -0.823459, -0.81493, -0.809254, -0.806781
-0.806781, -0.804294, -0.798476, -0.789434, -0.777328, -0.762407, -0.745034, -0.725696, -0.705008, -0.683701, -0.662598, -0.642566, -0.624476, -0.609144, -0.597283, -0.589453, -0.586057
-0.586057, -0.58265, -0.574717, -0.562483, -0.546272, -0.52654, -0.503881, -0.479026, -0.452827, -0.426231, -0.400243, -0.375876, -0.354108, -0.335825, -0.32178, -0.312555, -0.308565
-0.308565, -0.304569, -0.29529, -0.281048, -0.262302, -0.239669, -0.21392, -0.185956, -0.156784, -0.127475, -0.0991185, -0.0727779, -0.0494404, -0.0299768, -0.0151082, -0.00538188, -0.00118381
-0.00118381, 0.00301428, 0.0127408, 0.0276101, 0.0470755, 0.0704164, 0.0967623, 0.125126, 0.154445, 0.183629, 0.211607, 0.23737, 0.260017, 0.278775, 0.293027, 0.302313, 0.306312
0.306312, 0.310305, 0.319537, 0.333594, 0.351893, 0.373681, 0.398072, 0.424088, 0.450715, 0.476947, 0.501835, 0.524525, 0.544287, 0.560524, 0.572778, 0.580724, 0.584137
0.584137, 0.587539, 0.595382, 0.607265, 0.622625, 0.64075, 0.660822, 0.681972, 0.703326, 0.724065, 0.743453, 0.760873, 0.775836, 0.787978, 0.797048, 0.802884, 0.80538
0.80538, 0.807861, 0.813556, 0.822114, 0.833047, 0.845753, 0.859563, 0.873796, 0.887811, 0.901047, 0.913057, 0.92352, 0.932234, 0.939106, 0.944112, 0.947274, 0.948611
0.948611, 0.949931, 0.952925, 0.957329, 0.962776, 0.968833, 0.975043, 0.980981, 0.986298, 0.99075, 0.994219, 0.99671, 0.998333, 0.999268, 0.999726, 0.999906, 0.999955
0.999955, 0.999986, 0.99999, 0.999813, 0.999248, 0.998068, 0.996076, 0.993145, 0.989249, 0.984485, 0.979077, 0.973355, 0.967728, 0.962636, 0.958502, 0.955684, 0.95444
0.95444, 0.953179, 0.950192, 0.945452, 0.938927, 0.930625, 0.920625, 0.909108, 0.896376, 0.882859, 0.869097, 0.855717, 0.843385, 0.83276, 0.824434, 0.81889, 0.816473
0.816473, 0.814042, 0.808354, 0.79951, 0.787659, 0.773039, 0.755999, 0.737011, 0.716677, 0.695715, 0.674933, 0.655191, 0.637349, 0.622219, 0.610508, 0.602775, 0.59942
0.59942, 0.596055, 0.588216, 0.576124, 0.560094, 0.540573, 0.518143, 0.493525, 0.467558, 0.441182, 0.415392, 0.3912, 0.369576, 0.351407, 0.337445, 0.328273, 0.324305
0.324305, 0.320331, 0.311101, 0.296933, 0.278277, 0.255745, 0.230098, 0.202233, 0.173149, 0.143914, 0.115615, 0.0893158, 0.0660052, 0.0465571, 0.0316962, 0.0219728, 0.0177755
0.0177755, 0.0135779, 0.00385145, -0.0110208, -0.0304955, -0.053856, -0.0802349, -0.108647, -0.138031, -0.167294, -0.195361, -0.22122, -0.24396, -0.262803, -0.277123, -0.286456, -0.290475
-0.290475, -0.29449, -0.303771, -0.317907, -0.336314, -0.35824, -0.382796, -0.409004, -0.435842, -0.462298, -0.487414, -0.510327, -0.530294, -0.546707, -0.559099, -0.567137, -0.57059
-0.57059, -0.574032, -0.58197, -0.593999, -0.609556, -0.627923, -0.648278, -0.669743, -0.691435, -0.712521, -0.732254, -0.750002, -0.765261, -0.777654, -0.786918, -0.792883, -0.795434
-0.795434, -0.797971, -0.803796, -0.812554, -0.823754, -0.836784, -0.850966, -0.865607, -0.880053, -0.893727, -0.906165, -0.917029, -0.926102, -0.933275, -0.938513, -0.941827, -0.94323
-0.94323, -0.944616, -0.947763, -0.952402, -0.958159, -0.964589, -0.971225, -0.977626, -0.983425, -0.988362, -0.992301, -0.995228, -0.997237, -0.998495, -0.9992, -0.999542, -0.99966
-0.99966, -0.999761, -0.999926, -0.999996, -0.999754, -0.998961, -0.997407, -0.994948, -0.991539, -0.987261, -0.982318, -0.977026, -0.971776, -0.966997, -0.9631, -0.960437, -0.959259
-0.959259, -0.958065, -0.955232, -0.950727, -0.944508, -0.936569, -0.926977, -0.915894, -0.903608, -0.89053, -0.877185, -0.864185, -0.852184, -0.841831, -0.833711, -0.8283, -0.825941
-0.825941, -0.823567, -0.818011, -0.809366, -0.797773, -0.783458, -0.766755, -0.748124, -0.72815, -0.707538, -0.687083, -0.667635, -0.650047, -0.635122, -0.623565, -0.615931, -0.612618
-0.612618, -0.609295, -0.601553, -0.589607, -0.573762, -0.554457, -0.532263, -0.507887, -0.48216, -0.456011, -0.430428, -0.406416, -0.384943, -0.366893, -0.353017, -0.3439, -0.339955
-0.339955, -0.336004, -0.326827, -0.312736, -0.294175, -0.27175, -0.246213, -0.218454, -0.189467, -0.160313, -0.13208, -0.105829, -0.0825518, -0.0631246, -0.0482753, -0.0385577, -0.0343623
-0.0343623, -0.0301664, -0.0204427, -0.00557163, 0.0139072, 0.0372808, 0.0636855, 0.0921388, 0.121579, 0.150913, 0.179062, 0.205008, 0.227836, 0.246758, 0.261143, 0.27052, 0.274559
0.274559, 0.278593, 0.287922, 0.302132, 0.320642, 0.3427, 0.367416, 0.393807, 0.420849, 0.447522, 0.472859, 0.495988, 0.516154, 0.532739, 0.545266, 0.553393, 0.556885
0.556885, 0.560367, 0.568397, 0.58057, 0.596319, 0.614924, 0.635556, 0.65733, 0.679353, 0.700781, 0.720854, 0.738924, 0.754475, 0.767116, 0.776572, 0.782663, 0.785269
0.785269, 0.787862, 0.793815, 0.802771, 0.814233, 0.827584, 0.842134, 0.85718, 0.872053, 0.88616, 0.899023, 0.910285, 0.919715, 0.927187, 0.932656, 0.936121, 0.937589

-0.0122789, -0.0164766, -0.0262012, -0.0410651, -0.0605189, -0.0838392, -0.110153, -0.138472, -0.167733, -0.196847, -0.224745, -0.250426, -0.272993, -0.291679, -0.305872, -0.315118, -0.3191
-0.3191, -0.323075, -0.332265, -0.346255, -0.364463, -0.386135, -0.410386, -0.436242, -0.462692, -0.488736, -0.513434, -0.53594, -0.555532, -0.571622, -0.583762, -0.591632, -0.595011
-0.595011, -0.59838, -0.606145, -0.617906, -0.633103, -0.651028, -0.670867, -0.691756, -0.712833, -0.733285, -0.752389, -0.76954, -0.78426, -0.796196, -0.805106, -0.810837, -0.813287
-0.813287, -0.815723, -0.82131, -0.829704, -0.840419, -0.85286, -0.866365, -0.880264, -0.893926, -0.906804, -0.918465, -0.928599, -0.937021, -0.943647, -0.948464, -0.951502, -0.952785
-0.952785, -0.954051, -0.956921, -0.961133, -0.966328, -0.97208, -0.977943, -0.983506, -0.98843, -0.992487, -0.995574, -0.997711, -0.999019, -0.999692, -0.999951, -1, -0.999992
-0.999992, -0.999967, -0.99984, -0.999463, -0.998635, -0.997141, -0.994794, -0.991481, -0.98719, -0.982034, -0.976249, -0.97018, -0.964248, -0.958903, -0.954577, -0.951634, -0.950336
-0.950336, -0.949021, -0.94591, -0.940981, -0.93421, -0.925614, -0.915285, -0.903418, -0.890327, -0.876456, -0.862359, -0.848673, -0.836075, -0.825231, -0.81674, -0.811089, -0.808626
-0.808626, -0.806149, -0.800356, -0.791351, -0.779293, -0.764429, -0.747118, -0.727845, -0.707224, -0.685982, -0.664938, -0.644961, -0.626917, -0.611623, -0.59979, -0.591979, -0.58859
-0.58859, -0.585191, -0.577276, -0.565068, -0.548891, -0.529198, -0.506582, -0.481771, -0.455615, -0.42906, -0.403109, -0.378775, -0.357034, -0.338772, -0.324742, -0.315527, -0.31154
-0.31154, -0.307548, -0.298278, -0.28405, -0.265321, -0.242707, -0.216976, -0.18903, -0.159874, -0.130578, -0.102232, -0.0758989, -0.0525659, -0.0331048, -0.0182374, -0.00851142, -0.00431341
-0.00431341, -0.000115331, 0.00961142, 0.0244816, 0.0439491, 0.0672942, 0.0936469, 0.12202, 0.151353, 0.180552, 0.208547, 0.234329, 0.256993, 0.275768, 0.290033, 0.299328, 0.303331
0.303331, 0.307329, 0.31657, 0.330642, 0.348962, 0.370777, 0.395199, 0.421252, 0.447919, 0.474194, 0.499125, 0.521858, 0.541659, 0.55793, 0.57021, 0.578174, 0.581594
0.581594, 0.585004, 0.592865, 0.604776, 0.620173, 0.638344, 0.65847, 0.679679, 0.701098, 0.721903, 0.741356, 0.758839, 0.773858, 0.786048, 0.795154, 0.801015, 0.803521
0.803521, 0.806013, 0.811732, 0.820328, 0.831312, 0.844079, 0.857959, 0.87227, 0.886366, 0.899685, 0.911776, 0.922315, 0.931097, 0.938026, 0.943076, 0.946266, 0.947616
0.947616, 0.948948, 0.951971, 0.95642, 0.961926, 0.968053, 0.974343, 0.980369, 0.985777, 0.990321, 0.993878, 0.996452, 0.998147, 0.999143, 0.999648, 0.999859, 0.99992
0.99992, 0.999965, 0.999999, 0.999869, 0.999364, 0.998257, 0.996348, 0.993506, 0.989701, 0.985029, 0.979709, 0.974068, 0.968512, 0.963479, 0.95939, 0.956601, 0.955369
0.955369, 0.95412, 0.951163, 0.946467, 0.94, 0.931766, 0.921843, 0.910407, 0.897759, 0.884324, 0.870641, 0.857332, 0.845063, 0.834488, 0.826201, 0.820682, 0.818276
0.818276, 0.815856, 0.810193, 0.801386, 0.789583, 0.775021, 0.758044, 0.739123, 0.718857, 0.69796, 0.677239, 0.657552, 0.639758, 0.624666, 0.612983, 0.605269, 0.601922
0.601922, 0.598565, 0.590744, 0.57868, 0.562684, 0.543203, 0.520818, 0.496244, 0.470322, 0.443988, 0.418237, 0.394078, 0.372483, 0.354336, 0.340389, 0.331227, 0.327263
0.327263, 0.323294, 0.314074, 0.29992, 0.281282, 0.258769, 0.233143, 0.205297, 0.176231, 0.14701, 0.118723, 0.0924325, 0.0691276, 0.0496831, 0.034824, 0.0251015, 0.0209046
0.0209046, 0.0167072, 0.00698102, -0.0078913, -0.0273672, -0.0507307, -0.077115, -0.105536, -0.134931, -0.164208, -0.192291, -0.218167, -0.240923, -0.259782, -0.274115, -0.283456, -0.287479
-0.287479, -0.291498, -0.300788, -0.314938, -0.333365, -0.355316, -0.379903, -0.406146, -0.433023, -0.45952, -0.484679, -0.507633, -0.527638, -0.544084, -0.556501, -0.564556, -0.568017
-0.568017, -0.571467, -0.579422, -0.591479, -0.607072, -0.625485, -0.645892, -0.667415, -0.689171, -0.710322, -0.730119, -0.747928, -0.763243, -0.775683, -0.784983, -0.790972, -0.793534
-0.793534, -0.796081, -0.80193, -0.810726, -0.821975, -0.835066, -0.849318, -0.864036, -0.878562, -0.892318, -0.904837, -0.915776, -0.924917, -0.932146, -0.937428, -0.940771, -0.942186
-0.942186, -0.943584, -0.94676, -0.951443, -0.957259, -0.963759, -0.970475, -0.976963, -0.982853, -0.987881, -0.991908, -0.994918, -0.997, -0.998318, -0.99907, -0.999442, -0.999574
-0.999574, -0.999687, -0.999883, -1, -0.999818, -0.999099, -0.997628, -0.995257, -0.99194, -0.987754, -0.982899, -0.977688, -0.972509, -0.967789, -0.963938, -0.961304, -0.960139
-0.960139, -0.958957, -0.956154, -0.951692, -0.945531, -0.937662, -0.928146, -0.917146, -0.904944, -0.891949, -0.878683, -0.865755, -0.853818, -0.843516, -0.835435, -0.83005, -0.827701
-0.827701, -0.825338, -0.819807, -0.8112, -0.799656, -0.785399, -0.768761, -0.750197, -0.730292, -0.709746, -0.689354, -0.669962, -0.652422, -0.637536, -0.626008, -0.618394, -0.615089
-0.615089, -0.611773, -0.60405, -0.592131, -0.576323, -0.557059, -0.53491, -0.510581, -0.4849, -0.458794, -0.433251, -0.409273, -0.387829, -0.369802, -0.355944, -0.346837, -0.342897
-0.342897, -0.33895, -0.329783, -0.315707, -0.297165, -0.27476, -0.249245, -0.221507, -0.192539, -0.163401, -0.135181, -0.108941, -0.0856703, -0.0662476, -0.0514011, -0.0416848, -0.0374899
-0.0374899, -0.0332945, -0.0235716, -0.00870116, 0.0107778, 0.0341532, 0.0605619, 0.089022, 0.118472, 0.147819, 0.175982, 0.201944, 0.224787, 0.243724, 0.25812, 0.267505, 0.271548
0.271548, 0.275586, 0.284923, 0.299147, 0.317676, 0.339758, 0.364503, 0.390928, 0.418008, 0.444721, 0.4701, 0.493268, 0.513471, 0.530088, 0.542639, 0.550784, 0.554283

0.577653, 0.574221, 0.566231, 0.55391, 0.537588, 0.517727, 0.494929, 0.46993, 0.44359, 0.416861, 0.390752, 0.366281, 0.344426, 0.326074, 0.311979, 0.302723, 0.298719
0.298719, 0.29471, 0.285402, 0.271117, 0.252317, 0.229625, 0.203815, 0.175793, 0.14657, 0.117219, 0.0888309, 0.0624682, 0.0391171, 0.0196466, 0.00477538, -0.00495149, -0.00914948
-0.00914948, -0.0133473, -0.0230726, -0.037938, -0.0573948, -0.0807202, -0.107042, -0.135371, -0.164646, -0.193777, -0.221694, -0.247395, -0.269981, -0.288684, -0.302891, -0.312146, -0.316132
-0.316132, -0.320112, -0.329312, -0.343318, -0.361547, -0.383246, -0.40753, -0.433424, -0.459915, -0.486003, -0.510746, -0.533295, -0.552927, -0.569052, -0.581218, -0.589106, -0.592493
-0.592493, -0.595869, -0.603653, -0.615442, -0.630678, -0.648649, -0.668543, -0.689493, -0.710634, -0.731153, -0.750324, -0.767538, -0.782314, -0.794299, -0.803246, -0.809002, -0.811462
-0.811462, -0.813908, -0.819521, -0.827953, -0.838719, -0.851221, -0.864798, -0.878775, -0.892519, -0.905481, -0.917223, -0.927434, -0.935924, -0.942606, -0.947468, -0.950534, -0.95183
-0.95183, -0.953109, -0.956007, -0.960264, -0.965518, -0.971341, -0.977285, -0.982935, -0.98795, -0.992099, -0.995275, -0.997494, -0.998876, -0.99961, -0.999915, -0.999994, -1
-1, -0.999987, -0.999891, -0.99956, -0.998793, -0.997372, -0.995108, -0.991884, -0.987685, -0.982619, -0.976922, -0.970934, -0.965072, -0.959786, -0.955505, -0.952591, -0.951305
-0.951305, -0.950003, -0.946921, -0.942035, -0.935321, -0.926794, -0.916541, -0.904755, -0.891748, -0.877959, -0.86394, -0.850324, -0.837788, -0.826994, -0.818542, -0.812916, -0.810464
-0.810464, -0.807997, -0.802228, -0.793261, -0.78125, -0.766443, -0.749195, -0.729988, -0.709433, -0.688256, -0.667273, -0.647349, -0.629353, -0.614096, -0.602291, -0.594498, -0.591117
-0.591117, -0.587726, -0.579828, -0.567648, -0.551504, -0.531851, -0.509278, -0.484511, -0.458399, -0.431885, -0.405971, -0.381669, -0.359955, -0.341714, -0.3277, -0.318495, -0.314512
-0.314512, -0.310525, -0.301264, -0.28705, -0.268337, -0.245741, -0.22003, -0.192103, -0.162963, -0.13368, -0.105345, -0.0790191, -0.0556909, -0.0362326, -0.0213664, -0.0116409, -0.00744298
-0.00744298, -0.00324494, 0.00648191, 0.0213528, 0.0408223, 0.0641714, 0.0905306, 0.118914, 0.148258, 0.177473, 0.205485, 0.231285, 0.253968, 0.272759, 0.287037, 0.296341, 0.300347
0.300347, 0.304349, 0.3136, 0.327687, 0.346027, 0.367868, 0.392322, 0.418412, 0.445119, 0.471436, 0.496411, 0.519186, 0.539026, 0.55533, 0.567636, 0.575617, 0.579045
0.579045, 0.582463, 0.590342, 0.60228, 0.617715, 0.635932, 0.656112, 0.67738, 0.698863, 0.719733, 0.739252, 0.756797, 0.771872, 0.784109, 0.793252, 0.799137, 0.801654
0.801654, 0.804156, 0.8099, 0.818534, 0.829568, 0.842397, 0.856348, 0.870735, 0.884913, 0.898315, 0.910487, 0.921101, 0.929951, 0.936937, 0.942031, 0.94525, 0.946611
0.946611, 0.947956, 0.951009, 0.955501, 0.961066, 0.967263, 0.973634, 0.979747, 0.985246, 0.989881, 0.993528, 0.996183, 0.997952, 0.999008, 0.99956, 0.999801, 0.999876
0.999876, 0.999933, 0.999998, 0.999915, 0.999471, 0.998437, 0.99661, 0.993857, 0.990145, 0.985564, 0.980331, 0.974771, 0.969286, 0.964312, 0.960268, 0.957508, 0.956289
0.956289, 0.955053, 0.952124, 0.947472, 0.941063, 0.932898, 0.923051, 0.911698, 0.899134, 0.885781, 0.872176, 0.858939, 0.846732, 0.836209, 0.82796, 0.822467, 0.820071
0.820071, 0.817662, 0.812023, 0.803254, 0.7915, 0.776994, 0.760081, 0.741227, 0.721029, 0.700198, 0.679539, 0.659906, 0.64216, 0.627107, 0.615453, 0.607758, 0.604418
0.604418, 0.601069, 0.593267, 0.581229, 0.565269, 0.545828, 0.523487, 0.498959, 0.473082, 0.44679, 0.421078, 0.396953, 0.375385, 0.35726, 0.343331, 0.334179, 0.330219
0.330219, 0.326254, 0.317044, 0.302904, 0.284283, 0.261791, 0.236185, 0.208359, 0.179311, 0.150105, 0.12183, 0.0955482, 0.0722494, 0.0528086, 0.0379516, 0.02823, 0.0240334
0.0240334, 0.0198363, 0.0101105, -0.00476174, -0.0242386, -0.0476048, -0.0739944, -0.102423, -0.131829, -0.16112, -0.189219, -0.215111, -0.237885, -0.256759, -0.271104, -0.280453, -0.28448
-0.28448, -0.288502, -0.297802, -0.311966, -0.330413, -0.352389, -0.377006, -0.403284, -0.4302, -0.456739, -0.481939, -0.504934, -0.524977, -0.541455, -0.553898, -0.561971, -0.565438
-0.565438, -0.568896, -0.576868, -0.588952, -0.604582, -0.62304, -0.6435, -0.665082, -0.6869, -0.708115, -0.727977, -0.745847, -0.761217, -0.773704, -0.78304, -0.789053, -0.791625
-0.791625, -0.794183, -0.800056, -0.80889, -0.820189, -0.83334, -0.847662, -0.862456, -0.877063, -0.890901, -0.9035, -0.914514, -0.923723, -0.931009, -0.936334, -0.939705, -0.941132
-0.941132, -0.942543, -0.945748, -0.950475, -0.956349, -0.96292, -0.969715, -0.97629, -0.982271, -0.987391, -0.991506, -0.994598, -0.996753, -0.998132, -0.99893, -0.999333, -0.999477
-0.999477, -0.999604, -0.999831, -0.999994, -0.999873, -0.999227, -0.997838, -0.995556, -0.992332, -0.988238, -0.983471, -0.978341, -0.973233, -0.968572, -0.964766, -0.962161, -0.961009
-0.961009, -0.95984, -0.957065, -0.952649, -0.946545, -0.938745, -0.929307, -0.918389, -0.906272, -0.89336, -0.880173, -0.867317, -0.855443, -0.845193, -0.837151, -0.831791, -0.829453
-0.829453, -0.827101, -0.821595, -0.813026, -0.801531, -0.787332, -0.770758, -0.752263, -0.732426, -0.711947, -0.691617, -0.672282, -0.65479, -0.639944, -0.628446, -0.62085, -0.617553
-0.617553, -0.614246, -0.606542, -0.594651, -0.578878, -0.559655, -0.537551, -0.513269, -0.487635, -0.461573, -0.436069, -0.412127, -0.390712, -0.372708, -0.358867, -0.349771, -0.345835
-0.345835, -0.341893, -0.332736, -0.318675, -0.300152, -0.277768, -0.252275, -0.224558, -0.195609, -0.166488, -0.138282, -0.112051, -0.088788, -0.0693701, -0.0545263, -0.0448114, -0.0406172

0.947069, 0.945713, 0.942507, 0.937433, 0.930474, 0.921654, 0.911074, 0.898939, 0.885575, 0.871434, 0.857082, 0.843163, 0.830362, 0.819351, 0.810734, 0.805002, 0.802504
0.802504, 0.799992, 0.794118, 0.784992, 0.772776, 0.757726, 0.74021, 0.720721, 0.69988, 0.678427, 0.657185, 0.63703, 0.618833, 0.603416, 0.59149, 0.583619, 0.580205
0.580205, 0.57678, 0.568807, 0.556513, 0.540224, 0.520402, 0.497646, 0.47269, 0.446393, 0.419704, 0.393631, 0.369191, 0.347362, 0.329031, 0.314951, 0.305704, 0.301705
0.301705, 0.297699, 0.2884, 0.274128, 0.255344, 0.232669, 0.206877, 0.178873, 0.149666, 0.120327, 0.0919477, 0.0655914, 0.0422442, 0.0227755, 0.00790493, -0.00182189, -0.00601995
-0.00601995, -0.0102179, -0.0199437, -0.0348104, -0.05427, -0.0776004, -0.10393, -0.13227, -0.161559, -0.190706, -0.218642, -0.244362, -0.266966, -0.285686, -0.299907, -0.309172, -0.313161
-0.313161, -0.317145, -0.326355, -0.340377, -0.358627, -0.380354, -0.40467, -0.430601, -0.457134, -0.483266, -0.508053, -0.530645, -0.550317, -0.566475, -0.578668, -0.586574, -0.589969
-0.589969, -0.593353, -0.601154, -0.612973, -0.628246, -0.646264, -0.666212, -0.687223, -0.708429, -0.729015, -0.748251, -0.765528, -0.780361, -0.792393, -0.801378, -0.807158, -0.809629
-0.809629, -0.812086, -0.817724, -0.826194, -0.83701, -0.849575, -0.863222, -0.877277, -0.891103, -0.904148, -0.915971, -0.926259, -0.934817, -0.941557, -0.946462, -0.949558, -0.950866
-0.950866, -0.952157, -0.955085, -0.959386, -0.964699, -0.970592, -0.976617, -0.982354, -0.987461, -0.991702, -0.994967, -0.997268, -0.998722, -0.999517, -0.999869, -0.999979, -0.999997
-0.999997, -0.999998, -0.999932, -0.999648, -0.998942, -0.997594, -0.995413, -0.992277, -0.988169, -0.983196, -0.977586, -0.971678, -0.965888, -0.96066, -0.956424, -0.953538, -0.952265
-0.952265, -0.950975, -0.947922, -0.943081, -0.936424, -0.927965, -0.917789, -0.906084, -0.89316, -0.879453, -0.865511, -0.851967, -0.839493, -0.82875, -0.820336, -0.814734, -0.812293
-0.812293, -0.809837, -0.804093, -0.795162, -0.7832, -0.768449, -0.751264, -0.732123, -0.711635, -0.690523, -0.6696, -0.649732, -0.631782, -0.616563, -0.604786, -0.597012, -0.593638
-0.593638, -0.590255, -0.582375, -0.570221, -0.554112, -0.534498, -0.511969, -0.487247, -0.461178, -0.434706, -0.408829, -0.38456, -0.362873, -0.344654, -0.330655, -0.32146, -0.317482
-0.317482, -0.313498, -0.304247, -0.290046, -0.271351, -0.248774, -0.223082, -0.195173, -0.16605, -0.136781, -0.108457, -0.0821386, -0.0588154, -0.03936, -0.0244952, -0.0147702, -0.0105725
-0.0105725, -0.00637453, 0.00335233, 0.0182238, 0.0376951, 0.0610479, 0.0874134, 0.115806, 0.145163, 0.174392, 0.202421, 0.228239, 0.250939, 0.269747, 0.284037, 0.29335, 0.297361
0.297361, 0.301366, 0.310627, 0.324729, 0.343089, 0.364956, 0.389441, 0.415567, 0.442314, 0.468674, 0.493692, 0.516509, 0.536387, 0.552724, 0.565057, 0.573055, 0.576491
0.576491, 0.579916, 0.587813, 0.599779, 0.615251, 0.633514, 0.653747, 0.675075, 0.696621, 0.717557, 0.737141, 0.754747, 0.769878, 0.782163, 0.791343, 0.797252, 0.799779
0.799779, 0.802292, 0.808061, 0.816732, 0.827816, 0.840706, 0.854727, 0.869192, 0.883451, 0.896935, 0.909188, 0.919878, 0.928796, 0.935838, 0.940976, 0.944224, 0.945598
0.945598, 0.946955, 0.950036, 0.954573, 0.960196, 0.966464, 0.972915, 0.979116, 0.984706, 0.989432, 0.993167, 0.995905, 0.997747, 0.998864, 0.999462, 0.999734, 0.999822
0.999822, 0.999892, 0.999988, 0.999951, 0.999568, 0.998607, 0.996863, 0.994198, 0.990578, 0.986089, 0.980944, 0.975465, 0.970051, 0.965136, 0.961137, 0.958406, 0.957199
0.957199, 0.955976, 0.953076, 0.948469, 0.942117, 0.93402, 0.92425, 0.912979, 0.900499, 0.887229, 0.873703, 0.860537, 0.848393, 0.837921, 0.829711, 0.824243, 0.821858
0.821858, 0.819459, 0.813846, 0.805114, 0.793409, 0.778961, 0.762111, 0.743324, 0.723194, 0.702429, 0.681831, 0.662255, 0.644556, 0.629541, 0.617917, 0.61024, 0.606909
0.606909, 0.603567, 0.595783, 0.583773, 0.567848, 0.548448, 0.526151, 0.501669, 0.475837, 0.449588, 0.423915, 0.399823, 0.378284, 0.360182, 0.346268, 0.337127, 0.333172
0.333172, 0.32921, 0.32001, 0.305885, 0.287283, 0.26481, 0.239225, 0.211419, 0.182389, 0.153198, 0.124936, 0.0986631, 0.0753705, 0.0559336, 0.0410788, 0.0313583, 0.027162
0.027162, 0.0229652, 0.0132399, -0.00163214, -0.0211098, -0.0444785, -0.070873, -0.0993095, -0.128726, -0.158031, -0.186145, -0.212054, -0.234844, -0.253733, -0.26809, -0.277448, -0.281479
-0.281479, -0.285504, -0.294813, -0.308991, -0.327457, -0.349459, -0.374106, -0.400418, -0.427373, -0.453952, -0.479195, -0.50223, -0.52231, -0.538821, -0.55129, -0.559379, -0.562854
-0.562854, -0.566319, -0.574309, -0.58642, -0.602086, -0.620589, -0.641101, -0.662741, -0.684622, -0.705902, -0.725828, -0.743759, -0.759184, -0.771717, -0.78109, -0.787127, -0.789709
-0.789709, -0.792278, -0.798175, -0.807046, -0.818394, -0.831606, -0.845997, -0.860868, -0.875556, -0.889475, -0.902154, -0.913244, -0.922519, -0.929862, -0.935231, -0.93863, -0.94007
-0.94007, -0.941493, -0.944727, -0.949498, -0.95543, -0.962071, -0.968946, -0.975608, -0.98168, -0.98689, -0.991094, -0.994268, -0.996496, -0.997936, -0.998781, -0.999214, -0.999371
-0.999371, -0.999511, -0.999768, -0.999978, -0.999918, -0.999345, -0.998039, -0.995846, -0.992714, -0.988711, -0.984033, -0.978984, -0.973948, -0.969346, -0.965585, -0.963009, -0.96187
-0.96187, -0.960713, -0.957968, -0.953596, -0.94755, -0.939819, -0.930458, -0.919623, -0.90759, -0.894761, -0.881654, -0.868871, -0.857059, -0.846861, -0.838859, -0.833524, -0.831197
-0.831197, -0.828856, -0.823375, -0.814844, -0.803399, -0.789258, -0.772749, -0.754321, -0.734553, -0.714141, -0.693874, -0.674595, -0.657152, -0.642346, -0.630877, -0.6233, -0.620012

0.954948, 0.956185, 0.958987, 0.963097, 0.968157, 0.973745, 0.979423, 0.984783, 0.989497, 0.993343, 0.996226, 0.998172, 0.999312, 0.999845, 0.999996, 0.999976, 0.999937
0.999937, 0.999882, 0.999685, 0.999201, 0.998233, 0.99657, 0.994034, 0.990517, 0.986015, 0.980649, 0.974663, 0.968409, 0.962314, 0.956834, 0.952406, 0.949396, 0.948069
0.948069, 0.946726, 0.943548, 0.938518, 0.931616, 0.922864, 0.91236, 0.900305, 0.887024, 0.872965, 0.85869, 0.844841, 0.832102, 0.821141, 0.812562, 0.806854, 0.804367
0.804367, 0.801866, 0.796016, 0.786927, 0.774758, 0.759765, 0.74231, 0.722887, 0.702112, 0.680722, 0.659541, 0.639439, 0.621289, 0.605908, 0.59401, 0.586157, 0.582751
0.582751, 0.579334, 0.571379, 0.55911, 0.542855, 0.523072, 0.500358, 0.475446, 0.449191, 0.422542, 0.396506, 0.372098, 0.350295, 0.331985, 0.31792, 0.308683, 0.304687
0.304687, 0.300686, 0.291395, 0.277136, 0.258368, 0.235712, 0.209938, 0.181952, 0.152759, 0.123433, 0.0950636, 0.068714, 0.0453708, 0.0259042, 0.0110344, 0.00130773, -0.00289036
-0.00289036, -0.00708841, -0.0168146, -0.0316825, -0.0511448, -0.0744799, -0.100817, -0.129167, -0.158469, -0.187633, -0.215587, -0.241326, -0.263949, -0.282686, -0.29692, -0.306194, -0.310188
-0.310188, -0.314176, -0.323395, -0.337432, -0.355704, -0.377457, -0.401806, -0.427774, -0.454348, -0.480524, -0.505354, -0.52799, -0.547701, -0.563894, -0.576113, -0.584036, -0.587439
-0.587439, -0.590831, -0.598651, -0.610497, -0.625808, -0.643873, -0.663875, -0.684946, -0.706217, -0.726869, -0.746171, -0.763511, -0.7784, -0.79048, -0.799502, -0.805306, -0.807788
-0.807788, -0.810256, -0.815918, -0.824426, -0.835294, -0.84792, -0.861638, -0.87577, -0.889678, -0.902807, -0.914711, -0.925075, -0.933701, -0.940498, -0.945447, -0.948571, -0.949892
-0.949892, -0.951196, -0.954152, -0.958498, -0.96387, -0.969834, -0.975939, -0.981764, -0.986962, -0.991295, -0.994648, -0.997032, -0.998559, -0.999415, -0.999813, -0.999954, -0.999985
-0.999985, -0.999999, -0.999964, -0.999726, -0.999081, -0.997806, -0.995707, -0.99266, -0.988645, -0.983762, -0.97824, -0.972413, -0.966693, -0.961525, -0.957333, -0.954477, -0.953216
-0.953216, -0.951939, -0.948914, -0.944117, -0.937518, -0.929127, -0.919027, -0.907403, -0.894563, -0.880938, -0.867075, -0.853602, -0.841189, -0.830497, -0.822121, -0.816545, -0.814114
-0.814114, -0.811669, -0.805949, -0.797056, -0.785142, -0.770448, -0.753326, -0.734252, -0.71383, -0.692783, -0.671921, -0.652107, -0.634204, -0.619024, -0.607276, -0.599519, -0.596154
-0.596154, -0.592778, -0.584917, -0.572789, -0.556715, -0.537141, -0.514654, -0.489977, -0.463953, -0.437522, -0.411683, -0.387447, -0.365788, -0.34759, -0.333607, -0.324422, -0.320448
-0.320448, -0.316468, -0.307227, -0.29304, -0.274361, -0.251804, -0.226132, -0.198242, -0.169135, -0.139881, -0.111567, -0.0852572, -0.0619393, -0.042487, -0.0276238, -0.0178994, -0.0137019
-0.0137019, -0.00950405, 0.000222714, 0.0150946, 0.0345675, 0.0579238, 0.0842953, 0.112697, 0.142065, 0.17131, 0.199355, 0.225191, 0.247909, 0.266732, 0.281035, 0.290357, 0.294371
0.294371, 0.298381, 0.30765, 0.321767, 0.340148, 0.362041, 0.386557, 0.412718, 0.439505, 0.465907, 0.490967, 0.513826, 0.533743, 0.550114, 0.562472, 0.570488, 0.573931
0.573931, 0.577363, 0.585278, 0.597272, 0.612781, 0.631089, 0.651375, 0.672763, 0.694373, 0.715374, 0.735023, 0.752691, 0.767877, 0.780209, 0.789426, 0.795359, 0.797897
0.797897, 0.80042, 0.806213, 0.814922, 0.826057, 0.839007, 0.853099, 0.86764, 0.88198, 0.895547, 0.90788, 0.918646, 0.927632, 0.934731, 0.939912, 0.943188, 0.944575
0.944575, 0.945945, 0.949055, 0.953636, 0.959317, 0.965656, 0.972187, 0.978475, 0.984156, 0.988974, 0.992797, 0.995617, 0.997532, 0.99871, 0.999355, 0.999657, 0.999758
0.999758, 0.999842, 0.999967, 0.999977, 0.999655, 0.998767, 0.997106, 0.99453, 0.991002, 0.986605, 0.981547, 0.976149, 0.970807, 0.965951, 0.961996, 0.959294, 0.9581
0.9581, 0.956889, 0.954019, 0.949456, 0.943161, 0.935134, 0.925441, 0.914251, 0.901855, 0.888669, 0.875221, 0.862127, 0.850045, 0.839625, 0.831454, 0.826011, 0.823637
0.823637, 0.821249, 0.81566, 0.806966, 0.79531, 0.780919, 0.764134, 0.745414, 0.725352, 0.704653, 0.684117, 0.664596, 0.646945, 0.63197, 0.620374, 0.612716, 0.609393
0.609393, 0.606059, 0.598294, 0.586311, 0.570421, 0.551062, 0.528809, 0.504373, 0.478587, 0.452381, 0.426747, 0.40269, 0.381179, 0.3631, 0.349203, 0.340072, 0.336121
0.336121, 0.332164, 0.322974, 0.308863, 0.290279, 0.267827, 0.242263, 0.214477, 0.185465, 0.15629, 0.12804, 0.101777, 0.0784908, 0.059058, 0.0442055, 0.0344862, 0.0302903
0.0302903, 0.0260939, 0.0163692, 0.00149748, -0.0179808, -0.0413518, -0.0677509, -0.0961948, -0.125622, -0.15494, -0.183069, -0.208994, -0.231801, -0.250704, -0.265073, -0.27444, -0.278474
-0.278474, -0.282504, -0.291821, -0.306013, -0.324499, -0.346525, -0.371202, -0.397549, -0.424541, -0.451161, -0.476445, -0.499522, -0.519639, -0.536182, -0.548676, -0.556782, -0.560264
-0.560264, -0.563737, -0.571744, -0.583882, -0.599584, -0.618132, -0.638696, -0.660394, -0.682337, -0.703682, -0.723671, -0.741663, -0.757143, -0.769723, -0.779132, -0.785193, -0.787785
-0.787785, -0.790364, -0.796286, -0.805194, -0.816592, -0.829864, -0.844324, -0.859272, -0.874039, -0.888041, -0.9008, -0.911964, -0.921307, -0.928706, -0.934118, -0.937546, -0.938998
-0.938998, -0.940434, -0.943696, -0.948511, -0.954501, -0.961212, -0.968167, -0.974916, -0.981078, -0.986381, -0.990673, -0.993929, -0.996229, -0.99773, -0.998621, -0.999085, -0.999255
-0.999255, -0.999409, -0.999696, -0.999952, -0.999953, -0.999453, -0.99823, -0.996126, -0.993086, -0.989175, -0.984585, -0.979617, -0.974653, -0.97011, -0.966394, -0.963848, -0.962721

0.59828, 0.601639, 0.60938, 0.621104, 0.636252, 0.654115, 0.673882, 0.694692, 0.715684, 0.736049, 0.755067, 0.772135, 0.786781, 0.798654, 0.807516, 0.813215, 0.815651
0.815651, 0.818073, 0.823628, 0.831971, 0.84262, 0.85498, 0.868392, 0.88219, 0.895745, 0.908514, 0.920069, 0.930104, 0.938437, 0.944987, 0.949748, 0.952747, 0.954014
0.954014, 0.955264, 0.958096, 0.96225, 0.967368, 0.973028, 0.978786, 0.984234, 0.98904, 0.992977, 0.995949, 0.997978, 0.999191, 0.999785, 0.999983, 0.999993, 0.999968
0.999968, 0.999925, 0.999758, 0.999321, 0.998414, 0.996824, 0.994371, 0.990942, 0.986532, 0.981257, 0.975358, 0.969184, 0.96316, 0.957739, 0.953356, 0.950374, 0.94906
0.94906, 0.947729, 0.94458, 0.939594, 0.932748, 0.924064, 0.913637, 0.901663, 0.888465, 0.874487, 0.860289, 0.846511, 0.833833, 0.822923, 0.814382, 0.808699, 0.806223
0.806223, 0.803732, 0.797907, 0.788854, 0.776733, 0.761796, 0.744404, 0.725046, 0.704337, 0.683012, 0.66189, 0.641842, 0.623738, 0.608395, 0.596525, 0.58869, 0.585291
0.585291, 0.581882, 0.573944, 0.561702, 0.545481, 0.525737, 0.503065, 0.478197, 0.451985, 0.425377, 0.399377, 0.375001, 0.353225, 0.334935, 0.320885, 0.311658, 0.307666
0.307666, 0.303669, 0.294387, 0.280142, 0.261391, 0.238752, 0.212997, 0.185028, 0.155851, 0.126538, 0.0981786, 0.0718359, 0.0484969, 0.0290326, 0.0141638, 0.00443734, 0.000239253
0.000239253, -0.00395883, -0.0136853, -0.0285543, -0.048019, -0.0713586, -0.0977024, -0.126063, -0.155379, -0.184558, -0.21253, -0.238288, -0.260929, -0.279682, -0.29393, -0.303213, -0.307211
-0.307211, -0.311203, -0.320432, -0.334485, -0.352777, -0.374557, -0.398938, -0.424944, -0.451558, -0.477777, -0.502651, -0.525329, -0.54508, -0.561306, -0.573552, -0.581493, -0.584903
-0.584903, -0.588303, -0.596141, -0.608015, -0.623364, -0.641475, -0.661531, -0.682662, -0.703998, -0.724716, -0.744084, -0.761486, -0.776432, -0.78856, -0.797618, -0.803447, -0.805939
-0.805939, -0.808418, -0.814105, -0.822651, -0.833569, -0.846257, -0.860045, -0.874255, -0.888245, -0.901456, -0.913442, -0.923881, -0.932576, -0.93943, -0.944423, -0.947576, -0.948909
-0.948909, -0.950225, -0.953211, -0.957601, -0.963031, -0.969066, -0.975252, -0.981164, -0.986454, -0.990878, -0.99432, -0.996786, -0.998387, -0.999303, -0.999748, -0.999919, -0.999964
-0.999964, -0.999991, -0.999985, -0.999795, -0.99921, -0.998008, -0.995992, -0.993034, -0.98911, -0.984319, -0.978884, -0.973138, -0.96749, -0.96238, -0.958233, -0.955406, -0.954157
-0.954157, -0.952893, -0.949897, -0.945144, -0.938602, -0.930279, -0.920256, -0.908714, -0.895957, -0.882415, -0.86863, -0.855228, -0.842878, -0.832236, -0.823899, -0.818348, -0.815928
-0.815928, -0.813493, -0.807798, -0.798942, -0.787076, -0.772439, -0.75538, -0.736373, -0.716018, -0.695036, -0.674236, -0.654477, -0.636621, -0.621479, -0.609759, -0.602021, -0.598664
-0.598664, -0.595296, -0.587452, -0.575352, -0.559312, -0.539778, -0.517335, -0.492703, -0.466723, -0.440334, -0.414533, -0.39033, -0.368699, -0.350523, -0.336556, -0.327381, -0.323411
-0.323411, -0.319436, -0.310203, -0.296031, -0.27737, -0.254831, -0.229179, -0.201308, -0.172219, -0.142979, -0.114677, -0.088375, -0.0650626, -0.0456135, -0.0307521, -0.0210285, -0.0168311
-0.0168311, -0.0126335, -0.0029069, 0.0119653, 0.0314396, 0.0547992, 0.0811764, 0.109586, 0.138967, 0.168226, 0.196288, 0.222141, 0.244876, 0.263714, 0.27803, 0.287361, 0.291379
0.291379, 0.295392, 0.304671, 0.318802, 0.337203, 0.359122, 0.383669, 0.409866, 0.436692, 0.463135, 0.488239, 0.511139, 0.531094, 0.547497, 0.559882, 0.567915, 0.571365
0.571365, 0.574805, 0.582737, 0.594759, 0.610304, 0.628658, 0.648997, 0.670444, 0.692117, 0.713184, 0.732897, 0.750626, 0.765869, 0.778248, 0.787501, 0.793458, 0.796006
0.796006, 0.79854, 0.804357, 0.813105, 0.824289, 0.8373, 0.851461, 0.86608, 0.880501, 0.89415, 0.906564, 0.917405, 0.926458, 0.933614, 0.938839, 0.942144, 0.943543
0.943543, 0.944925, 0.948064, 0.95269, 0.958429, 0.964838, 0.971449, 0.977824, 0.983596, 0.988505, 0.992417, 0.99532, 0.997307, 0.998546, 0.999238, 0.99957, 0.999684
0.999684, 0.999781, 0.999937, 0.999993, 0.999732, 0.998918, 0.997339, 0.994852, 0.991416, 0.98711, 0.982141, 0.976824, 0.971553, 0.966756, 0.962846, 0.960174, 0.958992
0.958992, 0.957794, 0.954952, 0.950433, 0.944197, 0.936238, 0.926622, 0.915515, 0.903203, 0.890099, 0.876731, 0.863709, 0.85169, 0.841321, 0.833189, 0.827771, 0.825408
0.825408, 0.823031, 0.817467, 0.808811, 0.797203, 0.78287, 0.766149, 0.747497, 0.727502, 0.70687, 0.686397, 0.666932, 0.649329, 0.634392, 0.622826, 0.615187, 0.611872
0.611872, 0.608546, 0.600798, 0.588843, 0.572989, 0.553671, 0.531463, 0.507073, 0.481333, 0.45517, 0.429575, 0.405552, 0.384071, 0.366014, 0.352133, 0.343013, 0.339067
0.339067, 0.335114, 0.325934, 0.311838, 0.293272, 0.27084, 0.245298, 0.217533, 0.188539, 0.159381, 0.131143, 0.10489, 0.0816104, 0.0621819, 0.0473319, 0.0376138, 0.0334183
0.0334183, 0.0292223, 0.0194983, 0.00462708, -0.0148516, -0.0382247, -0.0646281, -0.0930793, -0.122517, -0.151847, -0.179991, -0.205933, -0.228755, -0.247673, -0.262054, -0.271429, -0.275467
-0.275467, -0.2795, -0.288826, -0.303032, -0.321537, -0.343587, -0.368294, -0.394675, -0.421706, -0.448366, -0.473692, -0.496808, -0.516963, -0.533538, -0.546057, -0.55418, -0.557669
-0.557669, -0.561149, -0.569174, -0.581339, -0.597077, -0.615668, -0.636285, -0.658041, -0.680046, -0.701455, -0.721508, -0.73956, -0.755095, -0.767722, -0.777166, -0.783251, -0.785854
-0.785854, -0.788443, -0.794389, -0.803334, -0.814781, -0.828114, -0.842643, -0.857666, -0.872515, -0.886598, -0.899436, -0.910676, -0.920086, -0.927541, -0.932996, -0.936453, -0.937917

0.0132234, 0.017421, 0.0271454, 0.0420089, 0.0614617, 0.0847804, 0.111092, 0.139407, 0.168664, 0.197773, 0.225665, 0.251341, 0.273901, 0.292582, 0.306771, 0.316014, 0.319995
0.319995, 0.323969, 0.333156, 0.347141, 0.365342, 0.387006, 0.411247, 0.437092, 0.463529, 0.48956, 0.514244, 0.536737, 0.556317, 0.572397, 0.584528, 0.592393, 0.59577
0.59577, 0.599136, 0.606896, 0.618648, 0.633834, 0.651745, 0.671567, 0.692438, 0.713495, 0.733927, 0.753011, 0.770143, 0.784846, 0.796767, 0.805666, 0.81139, 0.813836
0.813836, 0.816269, 0.821849, 0.830231, 0.840931, 0.853352, 0.866836, 0.880712, 0.894349, 0.907202, 0.918838, 0.92895, 0.937351, 0.943959, 0.948763, 0.951792, 0.953071
0.953071, 0.954334, 0.957194, 0.961393, 0.966571, 0.972301, 0.97814, 0.983676, 0.988573, 0.992602, 0.995663, 0.997774, 0.999061, 0.999715, 0.99996, 1, 0.999988
0.999988, 0.999958, 0.999822, 0.999431, 0.998585, 0.997069, 0.994698, 0.991358, 0.987039, 0.981855, 0.976044, 0.969951, 0.963997, 0.958635, 0.954296, 0.951343, 0.950042
0.950042, 0.948723, 0.945603, 0.94066, 0.933872, 0.925256, 0.914904, 0.903012, 0.889897, 0.876001, 0.861881, 0.848173, 0.835557, 0.824697, 0.816195, 0.810536, 0.80807
0.80807, 0.80559, 0.799789, 0.790773, 0.778701, 0.76382, 0.74649, 0.727197, 0.706556, 0.685294, 0.664232, 0.644239, 0.626181, 0.610876, 0.599034, 0.591217, 0.587826
0.587826, 0.584425, 0.576504, 0.564289, 0.548101, 0.528396, 0.505767, 0.480943, 0.454774, 0.428207, 0.402244, 0.3779, 0.356151, 0.337883, 0.323848, 0.31463, 0.310642
0.310642, 0.306649, 0.297377, 0.283145, 0.26441, 0.24179, 0.216054, 0.188103, 0.158942, 0.129642, 0.101293, 0.074957, 0.0516226, 0.0321608, 0.017293, 0.0075669, 0.00336887
0.00336887, -0.000829225, -0.0105559, -0.0254258, -0.0448928, -0.0682366, -0.0945873, -0.122958, -0.152286, -0.181481, -0.20947, -0.235247, -0.257906, -0.276676, -0.290937, -0.300229, -0.304231
-0.304231, -0.308227, -0.317466, -0.331534, -0.349847, -0.371654, -0.396066, -0.422108, -0.448763, -0.475025, -0.499943, -0.522664, -0.542453, -0.558713, -0.570986, -0.578944, -0.582362
-0.582362, -0.58577, -0.593625, -0.605528, -0.620914, -0.639071, -0.659181, -0.680372, -0.701772, -0.722556, -0.74199, -0.759453, -0.774456, -0.786631, -0.795726, -0.80158, -0.804083
-0.804083, -0.806572, -0.812283, -0.820868, -0.831836, -0.844585, -0.858444, -0.872732, -0.886803, -0.900097, -0.912164, -0.922679, -0.931442, -0.938353, -0.94339, -0.946571, -0.947917
-0.947917, -0.949246, -0.95226, -0.956695, -0.962184, -0.968289, -0.974555, -0.980555, -0.985935, -0.990451, -0.993982, -0.996531, -0.998204, -0.999181, -0.999673, -0.999874, -0.999932
-0.999932, -0.999972, -0.999997, -0.999853, -0.99933, -0.998201, -0.996267, -0.993398, -0.989566, -0.984866, -0.979519, -0.973854, -0.968276, -0.963225, -0.959123, -0.956325, -0.955089
-0.955089, -0.953837, -0.950871, -0.946161, -0.939677, -0.931423, -0.921476, -0.910016, -0.897343, -0.883883, -0.870176, -0.856846, -0.844558, -0.833967, -0.825669, -0.820142, -0.817733
-0.817733, -0.815309, -0.809639, -0.800821, -0.789003, -0.774423, -0.757427, -0.738486, -0.7182, -0.697283, -0.676544, -0.65684, -0.639031, -0.623928, -0.612237, -0.604517, -0.601168
-0.601168, -0.597808, -0.589982, -0.577909, -0.561903, -0.54241, -0.520011, -0.495424, -0.469489, -0.443142, -0.417379, -0.39321, -0.371606, -0.353452, -0.339501, -0.330336, -0.326371
-0.326371, -0.3224, -0.313177, -0.299019, -0.280375, -0.257856, -0.232224, -0.204373, -0.175301, -0.146076, -0.117785, -0.0914919, -0.0681853, -0.0487397, -0.03388, -0.0241573, -0.0199602
-0.0199602, -0.0157628, -0.00603649, 0.00883582, 0.0283114, 0.051674, 0.0780567, 0.106475, 0.135867, 0.16514, 0.193218, 0.219088, 0.24184, 0.260694, 0.275023, 0.284362, 0.288384
0.288384, 0.292401, 0.301689, 0.315834, 0.334256, 0.356199, 0.380777, 0.407009, 0.433874, 0.460359, 0.485505, 0.508447, 0.52844, 0.544876, 0.557286, 0.565336, 0.568794
0.568794, 0.572242, 0.580191, 0.59224, 0.607822, 0.626221, 0.646613, 0.668119, 0.689855, 0.710986, 0.730764, 0.748555, 0.763853, 0.776279, 0.785568, 0.791549, 0.794108
0.794108, 0.796652, 0.802494, 0.811279, 0.822513, 0.835585, 0.849816, 0.864511, 0.879013, 0.892744, 0.905239, 0.916155, 0.925276, 0.932488, 0.937757, 0.94109, 0.942502
0.942502, 0.943896, 0.947064, 0.951734, 0.957531, 0.964011, 0.970702, 0.977164, 0.983027, 0.988027, 0.992028, 0.995013, 0.997073, 0.998373, 0.99911, 0.999473, 0.999601
0.999601, 0.999711, 0.999897, 1, 0.9998, 0.999058, 0.997562, 0.995165, 0.99182, 0.987606, 0.982725, 0.977489, 0.972289, 0.967551, 0.963686, 0.961043, 0.959874
0.959874, 0.958689, 0.955877, 0.951402, 0.945223, 0.937333, 0.927794, 0.916769, 0.904542, 0.891521, 0.878232, 0.865282, 0.853326, 0.843008, 0.834915, 0.829523, 0.827171
0.827171, 0.824804, 0.819266, 0.810647, 0.799088, 0.784814, 0.768156, 0.749572, 0.729646, 0.70908, 0.688669, 0.66926, 0.651706, 0.636808, 0.625271, 0.617651, 0.614344
0.614344, 0.611026, 0.603297, 0.59137, 0.575551, 0.556274, 0.534112, 0.509768, 0.484074, 0.457955, 0.432399, 0.408411, 0.386959, 0.368925, 0.355061, 0.345951, 0.342009
0.342009, 0.338061, 0.328891, 0.31481, 0.296263, 0.273852, 0.248331, 0.220586, 0.191612, 0.16247, 0.134245, 0.108002, 0.0847292, 0.0653051, 0.0504577, 0.040741, 0.036546
0.036546, 0.0323504, 0.0226272, 0.00775664, -0.0117223, -0.0350971, -0.0615047, -0.0899628, -0.11941, -0.148753, -0.176912, -0.202869, -0.225707, -0.24464, -0.259033, -0.268415, -0.272457
-0.272457, -0.276494, -0.285828, -0.300048, -0.318572, -0.340646, -0.365382, -0.391798, -0.418866, -0.445567, -0.470933, -0.49409, -0.514281, -0.530888, -0.543433, -0.551572, -0.555069

-0.576882, -0.573447, -0.565452, -0.553123, -0.536791, -0.516919, -0.494108, -0.469096, -0.442743, -0.416002, -0.389882, -0.365402, -0.343539, -0.325181, -0.311082, -0.301823, -0.297818
-0.297818, -0.293808, -0.284496, -0.270207, -0.251403, -0.228705, -0.20289, -0.174863, -0.145636, -0.116281, -0.08789, -0.0615255, -0.0381733, -0.0187022, -0.00383083, 0.00589603, 0.010094
0.010094, 0.0142918, 0.0240169, 0.0388818, 0.0583377, 0.0816617, 0.107981, 0.136307, 0.165578, 0.194704, 0.222615, 0.24831, 0.27089, 0.289588, 0.303791, 0.313044, 0.317028
0.317028, 0.321007, 0.330204, 0.344205, 0.362427, 0.384118, 0.408392, 0.434275, 0.460754, 0.486829, 0.511557, 0.534094, 0.553714, 0.569828, 0.581986, 0.589869, 0.593253
0.593253, 0.596628, 0.604405, 0.616187, 0.631411, 0.649368, 0.669245, 0.690176, 0.711299, 0.731797, 0.750948, 0.768143, 0.782902, 0.794872, 0.803808, 0.809556, 0.812014
0.812014, 0.814457, 0.820062, 0.828482, 0.839233, 0.851717, 0.865272, 0.879225, 0.892944, 0.905881, 0.917599, 0.927786, 0.936256, 0.942921, 0.94777, 0.950827, 0.952119
0.952119, 0.953394, 0.956284, 0.960527, 0.965764, 0.971565, 0.977485, 0.983108, 0.988096, 0.992217, 0.995367, 0.997561, 0.99892, 0.999636, 0.999926, 0.999997, 0.999998
0.999998, 0.999982, 0.999876, 0.999532, 0.998747, 0.997303, 0.995015, 0.991763, 0.987536, 0.982444, 0.97672, 0.970707, 0.964825, 0.959521, 0.955226, 0.952303, 0.951014
0.951014, 0.949707, 0.946617, 0.941718, 0.934987, 0.926439, 0.916163, 0.904352, 0.89132, 0.877506, 0.863463, 0.849827, 0.837272, 0.826463, 0.817999, 0.812365, 0.80991
0.80991, 0.80744, 0.801664, 0.792685, 0.78066, 0.765836, 0.748569, 0.729342, 0.708767, 0.68757, 0.666569, 0.646629, 0.628618, 0.613351, 0.601537, 0.593738, 0.590355
0.590355, 0.586961, 0.579059, 0.56687, 0.550716, 0.531051, 0.508465, 0.483685, 0.457559, 0.431033, 0.405107, 0.380796, 0.359074, 0.340827, 0.326807, 0.317599, 0.313616
0.313616, 0.309627, 0.300363, 0.286145, 0.267427, 0.244826, 0.219109, 0.191176, 0.162031, 0.132744, 0.104406, 0.0780775, 0.0547478, 0.0352886, 0.0204221, 0.0106964, 0.00649845
0.00649845, 0.00230039, -0.00742644, -0.0222971, -0.0417661, -0.0651139, -0.0914712, -0.119851, -0.149192, -0.178403, -0.206409, -0.232204, -0.254881, -0.273668, -0.287941, -0.297243, -0.301248
-0.301248, -0.305249, -0.314497, -0.328579, -0.346914, -0.368746, -0.393191, -0.419269, -0.445964, -0.472269, -0.49723, -0.519993, -0.539821, -0.556115, -0.568414, -0.576389, -0.579815
-0.579815, -0.58323, -0.591104, -0.603034, -0.618457, -0.636661, -0.656824, -0.678075, -0.699539, -0.720389, -0.739888, -0.757414, -0.772472, -0.784695, -0.793827, -0.799705, -0.802218
-0.802218, -0.804718, -0.810454, -0.819076, -0.830095, -0.842905, -0.856835, -0.871199, -0.885352, -0.898729, -0.910877, -0.921468, -0.930298, -0.937266, -0.942347, -0.945558, -0.946915
-0.946915, -0.948257, -0.9513, -0.955779, -0.961326, -0.967503, -0.973849, -0.979936, -0.985407, -0.990015, -0.993634, -0.996265, -0.998012, -0.99905, -0.999588, -0.99982, -0.999891
-0.999891, -0.999944, -1, -0.999902, -0.99944, -0.998384, -0.996532, -0.993752, -0.990012, -0.985404, -0.980144, -0.97456, -0.969054, -0.964062, -0.960004, -0.957235, -0.956012
-0.956012, -0.954772, -0.951835, -0.94717, -0.940743, -0.932557, -0.922687, -0.911309, -0.89872, -0.885342, -0.871714, -0.858455, -0.846229, -0.83569, -0.82743, -0.821929, -0.81953
-0.81953, -0.817118, -0.811472, -0.802691, -0.790922, -0.776399, -0.759467, -0.740593, -0.720374, -0.699523, -0.678845, -0.659196, -0.641435, -0.626371, -0.614708, -0.607007, -0.603666
-0.603666, -0.600314, -0.592506, -0.58046, -0.564489, -0.545036, -0.522682, -0.49814, -0.47225, -0.445945, -0.420221, -0.396085, -0.37451, -0.356378, -0.342443, -0.333288, -0.329327
-0.329327, -0.325361, -0.316148, -0.302004, -0.283378, -0.260879, -0.235267, -0.207435, -0.178381, -0.149171, -0.120892, -0.094608, -0.0713073, -0.0518653, -0.0370077, -0.0272859, -0.0230891
-0.0230891, -0.0188919, -0.00916602, 0.00570628, 0.0251829, 0.0485483, 0.0749363, 0.103363, 0.132766, 0.162052, 0.190146, 0.216034, 0.238802, 0.257671, 0.272013, 0.28136, 0.285386
0.285386, 0.289407, 0.298704, 0.312863, 0.331304, 0.353273, 0.377881, 0.404148, 0.431052, 0.457579, 0.482767, 0.505749, 0.52578, 0.542249, 0.554685, 0.562752, 0.566217
0.566217, 0.569672, 0.577639, 0.589715, 0.605334, 0.623778, 0.644223, 0.665787, 0.687586, 0.708782, 0.728624, 0.746476, 0.761829, 0.774302, 0.783628, 0.789633, 0.792202
0.792202, 0.794757, 0.800623, 0.809445, 0.820729, 0.833862, 0.848162, 0.862934, 0.877517, 0.89133, 0.903904, 0.914896, 0.924084, 0.931353, 0.936665, 0.940027, 0.941451
0.941451, 0.942858, 0.946055, 0.950768, 0.956624, 0.963174, 0.969945, 0.976494, 0.982448, 0.98754, 0.991628, 0.994695, 0.996828, 0.998189, 0.998974, 0.999367, 0.999507
0.999507, 0.99963, 0.999848, 0.999997, 0.999857, 0.999189, 0.997776, 0.995467, 0.992215, 0.988093, 0.983299, 0.978145, 0.973016, 0.968337, 0.964517, 0.961904, 0.960747
0.960747, 0.959574, 0.956791, 0.952361, 0.94624, 0.938419, 0.928957, 0.918015, 0.905872, 0.892935, 0.879724, 0.866847, 0.854953, 0.844688, 0.836634, 0.831266, 0.828925
0.828925, 0.82657, 0.821056, 0.812476, 0.800966, 0.786749, 0.770156, 0.75164, 0.731783, 0.711284, 0.690935, 0.671582, 0.654076, 0.639218, 0.627711, 0.620109, 0.61681
0.61681, 0.6135, 0.60579, 0.593891, 0.578107, 0.558872, 0.536755, 0.512458, 0.48681, 0.460734, 0.435219, 0.411266, 0.389842, 0.371832, 0.357985, 0.348886, 0.344948
0.344948, 0.341005, 0.331845, 0.317779, 0.299251, 0.27686, 0.251361, 0.223638, 0.194683, 0.165557, 0.137346, 0.111112, 0.0878471, 0.0684277, 0.0535831, 0.0438678, 0.0396734

-0.946766, -0.945406, -0.942191, -0.937104, -0.930127, -0.921287, -0.910684, -0.898525, -0.885136, -0.870971, -0.856595, -0.842654, -0.829835, -0.818809, -0.810181, -0.804441, -0.80194
-0.80194, -0.799425, -0.793544, -0.784406, -0.772176, -0.757109, -0.739574, -0.720065, -0.699205, -0.677732, -0.656473, -0.636301, -0.618091, -0.602662, -0.590728, -0.582852, -0.579435
-0.579435, -0.576009, -0.56803, -0.555728, -0.539429, -0.519595, -0.496826, -0.471858, -0.445547, -0.418846, -0.392762, -0.368313, -0.346476, -0.328139, -0.314054, -0.304805, -0.300804
-0.300804, -0.296798, -0.287495, -0.273219, -0.25443, -0.231751, -0.205953, -0.177944, -0.148732, -0.119389, -0.0910071, -0.0646489, -0.0413004, -0.0218312, -0.0069604, 0.00276644, 0.00696449
0.00696449, 0.0111624, 0.020888, 0.0357544, 0.0552132, 0.0785421, 0.104869, 0.133206, 0.162491, 0.191633, 0.219563, 0.245278, 0.267876, 0.286591, 0.300808, 0.31007, 0.314058
0.314058, 0.318041, 0.327248, 0.341265, 0.359509, 0.381227, 0.405533, 0.431453, 0.457974, 0.484093, 0.508866, 0.531445, 0.551105, 0.567254, 0.579438, 0.587339, 0.590731
0.590731, 0.594113, 0.601909, 0.613719, 0.628981, 0.646985, 0.666916, 0.687908, 0.709095, 0.729661, 0.748878, 0.766135, 0.780952, 0.792969, 0.801942, 0.807715, 0.810183
0.810183, 0.812637, 0.818267, 0.826725, 0.837527, 0.850073, 0.863698, 0.87773, 0.891531, 0.904551, 0.91635, 0.926614, 0.935152, 0.941875, 0.946767, 0.949853, 0.951158
0.951158, 0.952445, 0.955364, 0.959652, 0.964947, 0.970819, 0.97682, 0.98253, 0.98761, 0.991823, 0.995061, 0.997337, 0.99877, 0.999546, 0.999884, 0.999985, 0.999999
0.999999, 0.999996, 0.999921, 0.999623, 0.998898, 0.997528, 0.995322, 0.992159, 0.988024, 0.983023, 0.977386, 0.971454, 0.965643, 0.960398, 0.956148, 0.953253, 0.951977
0.951977, 0.950683, 0.947621, 0.942766, 0.936092, 0.927612, 0.917413, 0.905684, 0.892735, 0.879003, 0.865038, 0.851472, 0.838979, 0.828221, 0.819795, 0.814186, 0.811742
0.811742, 0.809283, 0.803531, 0.794589, 0.782612, 0.767844, 0.75064, 0.73148, 0.710971, 0.689839, 0.668898, 0.649013, 0.631049, 0.615819, 0.604034, 0.596254, 0.592878
0.592878, 0.589492, 0.581607, 0.569445, 0.553326, 0.5337, 0.511157, 0.486421, 0.46034, 0.433855, 0.407967, 0.383688, 0.361993, 0.343767, 0.329764, 0.320565, 0.316586
0.316586, 0.312601, 0.303347, 0.289142, 0.270441, 0.247859, 0.222161, 0.194247, 0.165118, 0.135846, 0.107518, 0.0811972, 0.0578725, 0.0384161, 0.0235509, 0.0138258, 0.00962796
0.00962796, 0.00542999, -0.00429688, -0.0191682, -0.038639, -0.0619906, -0.0883543, -0.116744, -0.146097, -0.175322, -0.203346, -0.229159, -0.251854, -0.270656, -0.284943, -0.294253, -0.298263
-0.298263, -0.302267, -0.311524, -0.325622, -0.343977, -0.365836, -0.390311, -0.416426, -0.443161, -0.469508, -0.494513, -0.517317, -0.537184, -0.553511, -0.565836, -0.573829, -0.577262
-0.577262, -0.580685, -0.588576, -0.600534, -0.615995, -0.634244, -0.654461, -0.675771, -0.697299, -0.718215, -0.737779, -0.755367, -0.770481, -0.782751, -0.79192, -0.797822, -0.800346
-0.800346, -0.802856, -0.808617, -0.817277, -0.828346, -0.841217, -0.855217, -0.869659, -0.883893, -0.897352, -0.909581, -0.920248, -0.929146, -0.936171, -0.941295, -0.944534, -0.945905
-0.945905, -0.947258, -0.950331, -0.954854, -0.96046, -0.966707, -0.973133, -0.979307, -0.98487, -0.989569, -0.993277, -0.99599, -0.99781, -0.998909, -0.999493, -0.999755, -0.999839
-0.999839, -0.999906, -0.999992, -0.999941, -0.999539, -0.998557, -0.996788, -0.994096, -0.990448, -0.985932, -0.98076, -0.975257, -0.969821, -0.964888, -0.960875, -0.958136, -0.956925
-0.956925, -0.955698, -0.95279, -0.948169, -0.9418, -0.933683, -0.923889, -0.912593, -0.900088, -0.886793, -0.873243, -0.860056, -0.847893, -0.837405, -0.829184, -0.823707, -0.82132
-0.82132, -0.818918, -0.813297, -0.804554, -0.792833, -0.778368, -0.761499, -0.742692, -0.722541, -0.701756, -0.68114, -0.661547, -0.643833, -0.628807, -0.617174, -0.609491, -0.606158
-0.606158, -0.602814, -0.595024, -0.583006, -0.56707, -0.547658, -0.525347, -0.500851, -0.475006, -0.448744, -0.423059, -0.398957, -0.37741, -0.3593, -0.345382, -0.336237, -0.332281
-0.332281, -0.328318, -0.319115, -0.304986, -0.286378, -0.263899, -0.238308, -0.210496, -0.18146, -0.152265, -0.123999, -0.0977231, -0.0744286, -0.0549905, -0.040135, -0.0304142, -0.0262178
-0.0262178, -0.0220209, -0.0122955, 0.00257669, 0.0220542, 0.0454221, 0.0718151, 0.100249, 0.129663, 0.158963, 0.187073, 0.212977, 0.235762, 0.254646, 0.269, 0.278355, 0.282385
0.282385, 0.28641, 0.295715, 0.309889, 0.32835, 0.350343, 0.374982, 0.401284, 0.428226, 0.454794, 0.480023, 0.503047, 0.523116, 0.539617, 0.552078, 0.560162, 0.563635
0.563635, 0.567097, 0.575082, 0.587185, 0.60284, 0.621329, 0.641826, 0.663448, 0.68531, 0.706571, 0.726477, 0.74439, 0.759798, 0.772318, 0.78168, 0.787709, 0.790288
0.790288, 0.792854, 0.798744, 0.807603, 0.818937, 0.83213, 0.8465, 0.861348, 0.876012, 0.889907, 0.902561, 0.913628, 0.922883, 0.930209, 0.935565, 0.938955, 0.940391
0.940391, 0.941811, 0.945036, 0.949794, 0.955708, 0.962328, 0.969179, 0.975815, 0.981859, 0.987042, 0.99122, 0.994369, 0.996575, 0.997996, 0.998827, 0.999251, 0.999404
0.999404, 0.99954, 0.999788, 0.999984, 0.999905, 0.99931, 0.997979, 0.99576, 0.9926, 0.988569, 0.983864, 0.978791, 0.973733, 0.969114, 0.965339, 0.962754, 0.961611
0.961611, 0.96045, 0.957697, 0.953311, 0.947248, 0.939496, 0.930111, 0.919251, 0.907193, 0.894339, 0.881208, 0.868403, 0.856572, 0.846359, 0.838344, 0.833002, 0.830672
0.830672, 0.828327, 0.822839, 0.814296, 0.802836, 0.788677, 0.772149, 0.753701, 0.733912, 0.71348, 0.693194, 0.673898, 0.65644, 0.641622, 0.630144, 0.622561, 0.619271

-0.955227, -0.956461, -0.959255, -0.963351, -0.968393, -0.97396, -0.979613, -0.984947, -0.989633, -0.993451, -0.996307, -0.998229, -0.999347, -0.999861, -0.999998, -0.999969, -0.999926
-0.999926, -0.999867, -0.999661, -0.999163, -0.998176, -0.996492, -0.993931, -0.990387, -0.985857, -0.980463, -0.974451, -0.968173, -0.962056, -0.956559, -0.952118, -0.949099, -0.947768
-0.947768, -0.946421, -0.943235, -0.938191, -0.931272, -0.922499, -0.911973, -0.899894, -0.886588, -0.872504, -0.858205, -0.844335, -0.831577, -0.820601, -0.812011, -0.806296, -0.803806
-0.803806, -0.801301, -0.795444, -0.786343, -0.774161, -0.75915, -0.741677, -0.722234, -0.701439, -0.68003, -0.65883, -0.638712, -0.620548, -0.605157, -0.59325, -0.585392, -0.581983
-0.581983, -0.578564, -0.570603, -0.558327, -0.542062, -0.522266, -0.49954, -0.474615, -0.448347, -0.421686, -0.395638, -0.371221, -0.34941, -0.331094, -0.317024, -0.307784, -0.303787
-0.303787, -0.299785, -0.290491, -0.276228, -0.257456, -0.234794, -0.209015, -0.181023, -0.151826, -0.122495, -0.0941233, -0.0677716, -0.0444272, -0.0249599, -0.0100899, -0.000363175, 0.00383491
0.00383491, 0.00803293, 0.017759, 0.0326266, 0.0520881, 0.0754218, 0.101756, 0.130104, 0.159402, 0.188561, 0.216509, 0.242242, 0.264859, 0.283592, 0.297822, 0.307093, 0.311085
0.311085, 0.315072, 0.324289, 0.338321, 0.356586, 0.378332, 0.402671, 0.428628, 0.455189, 0.481352, 0.506169, 0.528792, 0.548491, 0.564673, 0.576885, 0.584803, 0.588203
0.588203, 0.591593, 0.599407, 0.611245, 0.626544, 0.644595, 0.664581, 0.685634, 0.706885, 0.727517, 0.7468, 0.76412, 0.778993, 0.791059, 0.800069, 0.805866, 0.808345
0.808345, 0.810809, 0.816464, 0.824961, 0.835813, 0.84842, 0.862117, 0.876226, 0.890109, 0.903212, 0.915092, 0.925433, 0.934039, 0.940819, 0.945755, 0.94887, 0.950187
0.950187, 0.951487, 0.954435, 0.958767, 0.964121, 0.970064, 0.976145, 0.981943, 0.987114, 0.991419, 0.994745, 0.997104, 0.99861, 0.999447, 0.999831, 0.999963, 0.99999
0.99999, 1, 0.999955, 0.999704, 0.99904, 0.997743, 0.995619, 0.992546, 0.988502, 0.983592, 0.978043, 0.972192, 0.966451, 0.961265, 0.957059, 0.954195, 0.95293
0.95293, 0.951649, 0.948616, 0.943805, 0.937188, 0.928777, 0.918654, 0.907006, 0.89414, 0.880491, 0.866604, 0.853109, 0.840678, 0.829971, 0.821583, 0.815999, 0.813565
0.813565, 0.811117, 0.80539, 0.796485, 0.784557, 0.769846, 0.752704, 0.73361, 0.713168, 0.692102, 0.671222, 0.651391, 0.633474, 0.618282, 0.606525, 0.598763, 0.595395
0.595395, 0.592017, 0.58415, 0.572015, 0.55593, 0.536344, 0.513844, 0.489154, 0.463116, 0.436672, 0.410822, 0.386576, 0.364908, 0.346704, 0.332716, 0.323528, 0.319553
0.319553, 0.315572, 0.306328, 0.292137, 0.273453, 0.25089, 0.225211, 0.197316, 0.168204, 0.138945, 0.110629, 0.084316, 0.0609966, 0.0415432, 0.0266796, 0.016955, 0.0127574
0.0127574, 0.00855953, -0.00116727, -0.016039, -0.0355115, -0.0588667, -0.0852365, -0.113635, -0.143, -0.17224, -0.200281, -0.226111, -0.248824, -0.267642, -0.281942, -0.29126, -0.295274
-0.295274, -0.299282, -0.308549, -0.322661, -0.341036, -0.362921, -0.387428, -0.413579, -0.440353, -0.466742, -0.49179, -0.514637, -0.534542, -0.550902, -0.563253, -0.571263, -0.574704
-0.574704, -0.578134, -0.586043, -0.598029, -0.613527, -0.631821, -0.652092, -0.673461, -0.695052, -0.716034, -0.735663, -0.753312, -0.768482, -0.7808, -0.790005, -0.795931, -0.798466
-0.798466, -0.800986, -0.806771, -0.815469, -0.826589, -0.839521, -0.853591, -0.86811, -0.882425, -0.895967, -0.908276, -0.919019, -0.927984, -0.935066, -0.940234, -0.943502, -0.944885
-0.944885, -0.946251, -0.949352, -0.95392, -0.959584, -0.965901, -0.972408, -0.978669, -0.984323, -0.989113, -0.99291, -0.995705, -0.997598, -0.998758, -0.999388, -0.999681, -0.999778
-0.999778, -0.999858, -0.999975, -0.99997, -0.999629, -0.99872, -0.997034, -0.994431, -0.990875, -0.98645, -0.981366, -0.975944, -0.97058, -0.965706, -0.961738, -0.959027, -0.957829
-0.957829, -0.956615, -0.953735, -0.949159, -0.942847, -0.934799, -0.925082, -0.913868, -0.901447, -0.888235, -0.874764, -0.861648, -0.849548, -0.839112, -0.830929, -0.825478, -0.823101
-0.823101, -0.82071, -0.815114, -0.806408, -0.794737, -0.780329, -0.763524, -0.744784, -0.724701, -0.703982, -0.683428, -0.66389, -0.646225, -0.631238, -0.619633, -0.61197, -0.608644
-0.608644, -0.605308, -0.597537, -0.585546, -0.569645, -0.550274, -0.528008, -0.503558, -0.477758, -0.451539, -0.425893, -0.401825, -0.380306, -0.362219, -0.348317, -0.339183, -0.335231
-0.335231, -0.331273, -0.32208, -0.307965, -0.289375, -0.266916, -0.241346, -0.213554, -0.184537, -0.155357, -0.127103, -0.100837, -0.0775492, -0.0581151, -0.0432619, -0.0335422, -0.0293462
-0.0293462, -0.0251496, -0.0154248, -0.000552924, 0.0189252, 0.0422955, 0.0686932, 0.097135, 0.126559, 0.155873, 0.183998, 0.209918, 0.232719, 0.251618, 0.265984, 0.275348, 0.279381
0.279381, 0.28341, 0.292724, 0.306912, 0.325392, 0.34741, 0.372079, 0.398415, 0.425396, 0.452004, 0.477276, 0.50034, 0.520446, 0.536979, 0.549466, 0.557567, 0.561047
0.561047, 0.564517, 0.572519, 0.584649, 0.60034, 0.618874, 0.639423, 0.661103, 0.683027, 0.704353, 0.724323, 0.742296, 0.75776, 0.770326, 0.779724, 0.785777, 0.788367
0.788367, 0.790942, 0.796857, 0.805754, 0.817137, 0.83039, 0.84483, 0.859754, 0.874498, 0.888475, 0.901209, 0.912351, 0.921674, 0.929056, 0.934455, 0.937874, 0.939322
0.939322, 0.940754, 0.944008, 0.94881, 0.954782, 0.961472, 0.968403, 0.975126, 0.981261, 0.986535, 0.990801, 0.994032, 0.996311, 0.997793, 0.99867, 0.999125, 0.999291
0.999291, 0.999441, 0.999719, 0.999961, 0.999944, 0.999422, 0.998173, 0.996043, 0.992975, 0.989036, 0.984419, 0.979427, 0.974441, 0.969881, 0.966151, 0.963596, 0.962465

-0.599037, -0.602393, -0.610129, -0.621844, -0.63698, -0.654829, -0.67458, -0.695371, -0.716344, -0.736688, -0.755686, -0.772735, -0.787364, -0.799222, -0.808073, -0.813764, -0.816197
-0.816197, -0.818615, -0.824163, -0.832495, -0.843128, -0.855469, -0.86886, -0.882634, -0.896164, -0.908909, -0.920438, -0.93045, -0.938763, -0.945296, -0.950043, -0.953034, -0.954297
-0.954297, -0.955543, -0.958366, -0.962506, -0.967607, -0.973245, -0.978979, -0.984401, -0.989179, -0.993089, -0.996034, -0.998038, -0.999229, -0.999804, -0.999988, -0.999988, -0.999959
-0.999959, -0.999913, -0.999737, -0.999286, -0.99836, -0.996749, -0.99427, -0.990815, -0.986377, -0.981074, -0.975149, -0.968951, -0.962906, -0.957467, -0.95307, -0.95008, -0.948762
-0.948762, -0.947427, -0.94427, -0.93927, -0.932407, -0.923703, -0.913252, -0.901254, -0.888031, -0.874029, -0.859807, -0.846008, -0.833312, -0.822386, -0.813834, -0.808143, -0.805664
-0.805664, -0.80317, -0.797337, -0.788273, -0.776138, -0.761184, -0.743773, -0.724395, -0.703667, -0.682321, -0.661181, -0.641117, -0.622999, -0.607645, -0.595767, -0.587926, -0.584525
-0.584525, -0.581114, -0.57317, -0.56092, -0.544689, -0.524933, -0.502248, -0.477367, -0.451142, -0.424522, -0.398511, -0.374125, -0.352341, -0.334045, -0.319991, -0.31076, -0.306767
-0.306767, -0.302769, -0.293484, -0.279235, -0.260479, -0.237835, -0.212074, -0.1841, -0.154918, -0.125601, -0.0972385, -0.0708937, -0.0475535, -0.0280885, -0.0132193, -0.00349279, 0.000705303
0.000705303, 0.00490338, 0.0146298, 0.0294985, 0.0489624, 0.0723007, 0.0986424, 0.127, 0.156312, 0.185486, 0.213453, 0.239205, 0.26184, 0.280589, 0.294833, 0.304113, 0.30811
0.30811, 0.312101, 0.321327, 0.335375, 0.353661, 0.375433, 0.399804, 0.425798, 0.452401, 0.478606, 0.503468, 0.526133, 0.545871, 0.562088, 0.574326, 0.582261, 0.585669
0.585669, 0.589067, 0.596899, 0.608765, 0.624102, 0.642199, 0.662239, 0.683352, 0.704668, 0.725366, 0.744715, 0.762098, 0.777027, 0.78914, 0.798187, 0.804009, 0.806498
0.806498, 0.808973, 0.814653, 0.823188, 0.834091, 0.846759, 0.860527, 0.874713, 0.888679, 0.901865, 0.913826, 0.924242, 0.932916, 0.939753, 0.944733, 0.947877, 0.949207
0.949207, 0.950519, 0.953496, 0.957873, 0.963285, 0.969299, 0.975461, 0.981346, 0.986608, 0.991005, 0.99442, 0.996861, 0.99844, 0.999338, 0.999769, 0.999931, 0.999971
0.999971, 0.999994, 0.99998, 0.999775, 0.999172, 0.997948, 0.995907, 0.992922, 0.988971, 0.984152, 0.978691, 0.97292, 0.96725, 0.962123, 0.957962, 0.955126, 0.953874
0.953874, 0.952606, 0.949602, 0.944835, 0.938276, 0.929932, 0.919886, 0.908319, 0.895537, 0.88197, 0.868161, 0.854738, 0.842369, 0.831712, 0.823363, 0.817804, 0.815381
0.815381, 0.812944, 0.807241, 0.798374, 0.786493, 0.771839, 0.754761, 0.735733, 0.715359, 0.694357, 0.673538, 0.653762, 0.635892, 0.620739, 0.60901, 0.601267, 0.597907
0.597907, 0.594537, 0.586688, 0.574579, 0.558528, 0.538983, 0.516527, 0.491881, 0.465888, 0.439486, 0.413673, 0.389461, 0.36782, 0.349638, 0.335666, 0.326488, 0.322517
0.322517, 0.31854, 0.309305, 0.295128, 0.276462, 0.253918, 0.228259, 0.200383, 0.171289, 0.142044, 0.113738, 0.0874341, 0.0641201, 0.0446699, 0.0298079, 0.0200841, 0.0158867
0.0158867, 0.011689, 0.00196235, -0.0129098, -0.0323837, -0.0557423, -0.0821178, -0.110525, -0.139902, -0.169157, -0.197214, -0.223062, -0.245791, -0.264625, -0.278938, -0.288265, -0.292282
-0.292282, -0.296295, -0.305571, -0.319697, -0.338093, -0.360003, -0.384541, -0.410727, -0.437541, -0.463972, -0.489063, -0.511951, -0.531894, -0.548288, -0.560664, -0.568692, -0.57214
-0.57214, -0.575578, -0.583505, -0.595518, -0.611052, -0.629392, -0.649716, -0.671144, -0.692799, -0.713845, -0.733539, -0.75125, -0.766476, -0.778841, -0.788082, -0.794033, -0.796578
-0.796578, -0.799108, -0.804918, -0.813654, -0.824823, -0.837816, -0.851956, -0.866552, -0.880948, -0.894573, -0.906962, -0.91778, -0.926813, -0.933952, -0.939164, -0.94246, -0.943855
-0.943855, -0.945234, -0.948364, -0.952976, -0.958698, -0.965086, -0.971673, -0.978022, -0.983766, -0.988648, -0.992533, -0.995411, -0.997376, -0.998597, -0.999274, -0.999597, -0.999708
-0.999708, -0.9998, -0.999947, -0.999989, -0.99971, -0.998873, -0.99727, -0.994756, -0.991292, -0.986959, -0.981963, -0.976621, -0.971329, -0.966514, -0.96259, -0.959909, -0.958724
-0.958724, -0.957522, -0.954672, -0.950139, -0.943885, -0.935906, -0.926266, -0.915134, -0.902797, -0.889669, -0.876276, -0.863233, -0.851194, -0.84081, -0.832666, -0.82724, -0.824874
-0.824874, -0.822494, -0.816923, -0.808255, -0.796632, -0.782282, -0.765541, -0.746869, -0.726854, -0.706202, -0.685709, -0.666227, -0.64861, -0.633662, -0.622087, -0.614442, -0.611124
-0.611124, -0.607796, -0.600043, -0.58808, -0.572214, -0.552884, -0.530663, -0.506259, -0.480505, -0.454329, -0.428722, -0.404689, -0.383199, -0.365135, -0.351249, -0.342126, -0.338178
-0.338178, -0.334224, -0.325041, -0.310941, -0.292369, -0.269931, -0.244382, -0.216611, -0.187612, -0.158448, -0.130207, -0.10395, -0.080669, -0.0612391, -0.0463884, -0.0366699, -0.0324743
-0.0324743, -0.0282781, -0.0185539, -0.00368253, 0.0157961, 0.0391685, 0.0655707, 0.0940197, 0.123454, 0.152781, 0.18092, 0.206857, 0.229675, 0.248588, 0.262966, 0.272338, 0.276375
0.276375, 0.280407, 0.28973, 0.303932, 0.322431, 0.344474, 0.369172, 0.395543, 0.422562, 0.44921, 0.474523, 0.497628, 0.517771, 0.534336, 0.546848, 0.554966, 0.558453
0.558453, 0.561931, 0.56995, 0.582107, 0.597834, 0.616412, 0.637013, 0.658752, 0.680738, 0.702128, 0.722162, 0.740196, 0.755714, 0.768327, 0.77776, 0.783838, 0.786438
0.786438, 0.789024, 0.794962, 0.803896, 0.815329, 0.828643, 0.843151, 0.858152, 0.872976, 0.887034, 0.899849, 0.911066, 0.920455, 0.927893, 0.933336, 0.936784, 0.938244

-0.0141679, -0.0183654, -0.0280896, -0.0429526, -0.0624045, -0.0857215, -0.11203, -0.140342, -0.169595, -0.198698, -0.226586, -0.252255, -0.27481, -0.293486, -0.30767, -0.31691, -0.320889
-0.320889, -0.324863, -0.334046, -0.348027, -0.366221, -0.387877, -0.412108, -0.437941, -0.464366, -0.490383, -0.515054, -0.537534, -0.557102, -0.573171, -0.585295, -0.593154, -0.596528
-0.596528, -0.599892, -0.607646, -0.61939, -0.634565, -0.652461, -0.672266, -0.693119, -0.714156, -0.734568, -0.753632, -0.770745, -0.785431, -0.797338, -0.806225, -0.811941, -0.814385
-0.814385, -0.816814, -0.822387, -0.830757, -0.841441, -0.853844, -0.867307, -0.881159, -0.894771, -0.907599, -0.91921, -0.929299, -0.93768, -0.94427, -0.949061, -0.952081, -0.953357
-0.953357, -0.954616, -0.957467, -0.961653, -0.966813, -0.972521, -0.978336, -0.983846, -0.988715, -0.992717, -0.99575, -0.997837, -0.999101, -0.999737, -0.999968, -0.999999, -0.999983
-0.999983, -0.999949, -0.999804, -0.999399, -0.998534, -0.996996, -0.9946, -0.991233, -0.986887, -0.981675, -0.975838, -0.96972, -0.963745, -0.958365, -0.954013, -0.951052, -0.949746
-0.949746, -0.948424, -0.945296, -0.94034, -0.933534, -0.924897, -0.914523, -0.902606, -0.889466, -0.875545, -0.861401, -0.847673, -0.835038, -0.824162, -0.815649, -0.809983, -0.807513
-0.807513, -0.80503, -0.799222, -0.790195, -0.778108, -0.76321, -0.745861, -0.726549, -0.705887, -0.684606, -0.663526, -0.643516, -0.625444, -0.610128, -0.598277, -0.590455, -0.587062
-0.587062, -0.583658, -0.575732, -0.563509, -0.547311, -0.527594, -0.504952, -0.480115, -0.453933, -0.427353, -0.401379, -0.377026, -0.355268, -0.336993, -0.322954, -0.313733, -0.309745
-0.309745, -0.30575, -0.296475, -0.282239, -0.263499, -0.240874, -0.215132, -0.187175, -0.158009, -0.128705, -0.100353, -0.0740151, -0.0506793, -0.0312167, -0.0163486, -0.00662237, -0.00242431
-0.00242431, 0.00177378, 0.0115004, 0.0263701, 0.0458363, 0.0691789, 0.0955275, 0.123895, 0.15322, 0.18241, 0.210394, 0.236165, 0.258819, 0.277584, 0.291841, 0.30113, 0.305131
0.305131, 0.309126, 0.318362, 0.332425, 0.350732, 0.37253, 0.396933, 0.422965, 0.449607, 0.475856, 0.500761, 0.523469, 0.543246, 0.559497, 0.571761, 0.579714, 0.58313
0.58313, 0.586535, 0.594385, 0.606279, 0.621654, 0.639797, 0.659891, 0.681064, 0.702444, 0.723209, 0.742623, 0.760068, 0.775053, 0.787214, 0.796298, 0.802144, 0.804644
0.804644, 0.80713, 0.812834, 0.821407, 0.83236, 0.84509, 0.858928, 0.873192, 0.887239, 0.900508, 0.912551, 0.923043, 0.931785, 0.938679, 0.943703, 0.946876, 0.948217
0.948217, 0.949542, 0.952548, 0.95697, 0.96244, 0.968525, 0.974767, 0.98074, 0.986093, 0.990581, 0.994085, 0.996609, 0.99826, 0.999219, 0.999696, 0.999889, 0.999943
0.999943, 0.999979, 0.999995, 0.999837, 0.999295, 0.998144, 0.996185, 0.993289, 0.989429, 0.984702, 0.979329, 0.973639, 0.96804, 0.962971, 0.958855, 0.956048, 0.954809
0.954809, 0.953553, 0.950578, 0.945855, 0.939353, 0.931079, 0.921109, 0.909624, 0.896926, 0.883441, 0.86971, 0.856358, 0.844051, 0.833446, 0.825135, 0.819601, 0.817189
0.817189, 0.814762, 0.809084, 0.800255, 0.788422, 0.773825, 0.75681, 0.737849, 0.717542, 0.696606, 0.675848, 0.656127, 0.638305, 0.62319, 0.61149, 0.603764, 0.600413
0.600413, 0.59705, 0.589219, 0.577138, 0.561122, 0.541616, 0.519204, 0.494603, 0.468654, 0.442295, 0.416521, 0.392341, 0.370729, 0.352568, 0.338613, 0.329444, 0.325478
0.325478, 0.321505, 0.31228, 0.298117, 0.279468, 0.256944, 0.231305, 0.203448, 0.174371, 0.145141, 0.116847, 0.0905513, 0.0672429, 0.0477962, 0.032936, 0.023213, 0.0190158
0.0190158, 0.0148183, 0.00509195, -0.00978033, -0.0292556, -0.0526173, -0.0789984, -0.107414, -0.136803, -0.166071, -0.194145, -0.22001, -0.242756, -0.261606, -0.275931, -0.285267, -0.289288
-0.289288, -0.293304, -0.302589, -0.31673, -0.335146, -0.357082, -0.38165, -0.407872, -0.434725, -0.461197, -0.486331, -0.50926, -0.529241, -0.545668, -0.55807, -0.566115, -0.56957
-0.56957, -0.573016, -0.58096, -0.593001, -0.608572, -0.626957, -0.647333, -0.668821, -0.690538, -0.71165, -0.731409, -0.749181, -0.764462, -0.776874, -0.786152, -0.792126, -0.794682
-0.794682, -0.797223, -0.803057, -0.811831, -0.82305, -0.836104, -0.850314, -0.864986, -0.879463, -0.893169, -0.905639, -0.916533, -0.925634, -0.932829, -0.938084, -0.941409, -0.942817
-0.942817, -0.944208, -0.947367, -0.952023, -0.957803, -0.964261, -0.970929, -0.977364, -0.9832, -0.988173, -0.992146, -0.995106, -0.997144, -0.998426, -0.99915, -0.999504, -0.999627
-0.999627, -0.999733, -0.99991, -0.999999, -0.99978, -0.999017, -0.997496, -0.995071, -0.991699, -0.987458, -0.98255, -0.977289, -0.972068, -0.967312, -0.963434, -0.960782, -0.959609
-0.959609, -0.95842, -0.955599, -0.951111, -0.944914, -0.937004, -0.927441, -0.916392, -0.904139, -0.891093, -0.87778, -0.864808, -0.852833, -0.8425, -0.834395, -0.828995, -0.82664
-0.82664, -0.82427, -0.818724, -0.810094, -0.79852, -0.784228, -0.767551, -0.748947, -0.729, -0.708414, -0.687984, -0.668558, -0.650989, -0.63608, -0.624534, -0.616908, -0.613598
-0.613598, -0.610278, -0.602544, -0.590608, -0.574778, -0.555489, -0.533313, -0.508955, -0.483247, -0.457115, -0.431547, -0.407549, -0.386087, -0.368046, -0.354178, -0.345065, -0.341121
-0.341121, -0.337172, -0.327999, -0.313914, -0.295361, -0.272943, -0.247415, -0.219665, -0.190685, -0.161537, -0.133309, -0.107063, -0.083788, -0.0643626, -0.0495144, -0.0397972, -0.0356021
-0.0356021, -0.0314064, -0.0216829, -0.00681211, 0.0126668, 0.0360411, 0.0624475, 0.0909035, 0.120348, 0.149687, 0.177842, 0.203794, 0.226627, 0.245556, 0.259945, 0.269325, 0.273366
0.273366, 0.277402, 0.286733, 0.300949, 0.319467, 0.341534, 0.366261, 0.392666, 0.419723, 0.446412, 0.471766, 0.494911, 0.515091, 0.531688, 0.544225, 0.55236, 0.555854

0.57611, 0.572673, 0.564672, 0.552336, 0.535994, 0.51611, 0.493286, 0.468262, 0.441896, 0.415143, 0.389012, 0.364522, 0.342652, 0.324288, 0.310184, 0.300922, 0.296916
0.296916, 0.292905, 0.283591, 0.269298, 0.250488, 0.227785, 0.201965, 0.173933, 0.144701, 0.115343, 0.0869491, 0.0605827, 0.0372294, 0.0177578, 0.00288628, -0.00684057, -0.0110385
-0.0110385, -0.0152362, -0.0249611, -0.0398256, -0.0592807, -0.082603, -0.10892, -0.137243, -0.16651, -0.19563, -0.223536, -0.249225, -0.271799, -0.290492, -0.304691, -0.313941, -0.317924
-0.317924, -0.321901, -0.331095, -0.345091, -0.363307, -0.38499, -0.409254, -0.435125, -0.461592, -0.487653, -0.512369, -0.534892, -0.5545, -0.570604, -0.582754, -0.590631, -0.594013
-0.594013, -0.597385, -0.605158, -0.61693, -0.632143, -0.650086, -0.669946, -0.69086, -0.711962, -0.732441, -0.751571, -0.768747, -0.78349, -0.795445, -0.80437, -0.810111, -0.812565
-0.812565, -0.815004, -0.820602, -0.829011, -0.839746, -0.852211, -0.865745, -0.879675, -0.893369, -0.906281, -0.917974, -0.928138, -0.936587, -0.943236, -0.948071, -0.951119, -0.952407
-0.952407, -0.953679, -0.95656, -0.96079, -0.966008, -0.971788, -0.977684, -0.983281, -0.988241, -0.992335, -0.995457, -0.997626, -0.998963, -0.999661, -0.999937, -0.999999, -0.999996
-0.999996, -0.999976, -0.999861, -0.999503, -0.998699, -0.997234, -0.99492, -0.991642, -0.987387, -0.982267, -0.976517, -0.97048, -0.964576, -0.959254, -0.954946, -0.952014, -0.950721
-0.950721, -0.949411, -0.946312, -0.9414, -0.934651, -0.926083, -0.915784, -0.903949, -0.890891, -0.877053, -0.862987, -0.849329, -0.836755, -0.825931, -0.817455, -0.811814, -0.809356
-0.809356, -0.806883, -0.801099, -0.792109, -0.78007, -0.765228, -0.747942, -0.728695, -0.7081, -0.686884, -0.665864, -0.645908, -0.627883, -0.612604, -0.600782, -0.592978, -0.589592
-0.589592, -0.586196, -0.578288, -0.566091, -0.549927, -0.53025, -0.507651, -0.482858, -0.456719, -0.43018, -0.404244, -0.379922, -0.358192, -0.339938, -0.325915, -0.316703, -0.312719
-0.312719, -0.308728, -0.299462, -0.28524, -0.266517, -0.24391, -0.218187, -0.190248, -0.161099, -0.131808, -0.103466, -0.0771358, -0.0538047, -0.0343446, -0.0194777, -0.00975188, -0.00555391
-0.00555391, -0.00135584, 0.00837097, 0.0232414, 0.0427098, 0.0660565, 0.0924118, 0.120789, 0.150126, 0.179332, 0.207333, 0.233123, 0.255794, 0.274576, 0.288846, 0.298144, 0.302149
0.302149, 0.306148, 0.315393, 0.329471, 0.347799, 0.369624, 0.394059, 0.420127, 0.44681, 0.473101, 0.49805, 0.5208, 0.540616, 0.5569, 0.569191, 0.577161, 0.580584
0.580584, 0.583997, 0.591865, 0.603787, 0.619199, 0.637389, 0.657536, 0.678769, 0.700213, 0.721044, 0.740523, 0.75803, 0.773072, 0.78528, 0.794401, 0.800272, 0.802782
0.802782, 0.805278, 0.811007, 0.819618, 0.830621, 0.843413, 0.857322, 0.871663, 0.885791, 0.899143, 0.911266, 0.921835, 0.930644, 0.937595, 0.942663, 0.945865, 0.947219
0.947219, 0.948556, 0.951591, 0.956057, 0.961586, 0.967741, 0.974063, 0.980124, 0.985568, 0.990148, 0.99374, 0.996346, 0.998071, 0.999091, 0.999614, 0.999837, 0.999904
0.999904, 0.999953, 1, 0.999888, 0.999407, 0.99833, 0.996453, 0.993646, 0.989878, 0.985243, 0.979957, 0.974348, 0.96882, 0.96381, 0.959739, 0.956961, 0.955735
0.955735, 0.954491, 0.951545, 0.946866, 0.940422, 0.932216, 0.922323, 0.91092, 0.898305, 0.884903, 0.871251, 0.85797, 0.845726, 0.835171, 0.826899, 0.821391, 0.818989
0.818989, 0.816573, 0.810919, 0.802127, 0.790344, 0.775804, 0.758852, 0.739958, 0.719718, 0.698848, 0.678151, 0.658486, 0.640711, 0.625634, 0.613963, 0.606256, 0.602912
0.602912, 0.599558, 0.591745, 0.579691, 0.563709, 0.544244, 0.521876, 0.497321, 0.471417, 0.445099, 0.419364, 0.395218, 0.373634, 0.355495, 0.341556, 0.332398, 0.328435
0.328435, 0.324467, 0.315251, 0.301103, 0.282472, 0.259967, 0.234349, 0.206511, 0.177452, 0.148237, 0.119955, 0.0936676, 0.0703651, 0.050922, 0.0360638, 0.0263416, 0.0221448
0.0221448, 0.0179475, 0.0082215, -0.00665082, -0.0261272, -0.0494917, -0.0758782, -0.104302, -0.133702, -0.162984, -0.191073, -0.216956, -0.239719, -0.258584, -0.272921, -0.282266, -0.286291
-0.286291, -0.290311, -0.299605, -0.31376, -0.332195, -0.354156, -0.378755, -0.405012, -0.431905, -0.458418, -0.483594, -0.506564, -0.526583, -0.543042, -0.55547, -0.563532, -0.566995
-0.566995, -0.570448, -0.57841, -0.590478, -0.606086, -0.624516, -0.644945, -0.666491, -0.688271, -0.709448, -0.729271, -0.747104, -0.762441, -0.774899, -0.784214, -0.790212, -0.792778
-0.792778, -0.79533, -0.801188, -0.809999, -0.821268, -0.834383, -0.848662, -0.863411, -0.877969, -0.891758, -0.904308, -0.915277, -0.924445, -0.931697, -0.936996, -0.940349, -0.941769
-0.941769, -0.943173, -0.94636, -0.951061, -0.956899, -0.963428, -0.970175, -0.976697, -0.982623, -0.987688, -0.99175, -0.994792, -0.996903, -0.998246, -0.999016, -0.9994, -0.999537
-0.999537, -0.999656, -0.999864, -0.999999, -0.999841, -0.999151, -0.997712, -0.995377, -0.992097, -0.987947, -0.983127, -0.977948, -0.972798, -0.968101, -0.964267, -0.961645, -0.960485
-0.960485, -0.959308, -0.956516, -0.952073, -0.945934, -0.938092, -0.928607, -0.91764, -0.905471, -0.892509, -0.879275, -0.866375, -0.854463, -0.844182, -0.836116, -0.830741, -0.828397
-0.828397, -0.826038, -0.820517, -0.811925, -0.8004, -0.786166, -0.769553, -0.751017, -0.731138, -0.710619, -0.690252, -0.670882, -0.653361, -0.638492, -0.626975, -0.619368, -0.616067
-0.616067, -0.612754, -0.605039, -0.593131, -0.577336, -0.558089, -0.535958, -0.511647, -0.485984, -0.459896, -0.434368, -0.410405, -0.388972, -0.370955, -0.357103, -0.348, -0.344062
-0.344062, -0.340117, -0.330954, -0.316883, -0.298349, -0.275953, -0.250447, -0.222717, -0.193756, -0.164625, -0.13641, -0.110174, -0.0869062, -0.0674854, -0.0526399, -0.0429241, -0.0387296

0.946461, 0.945097, 0.941874, 0.936774, 0.92978, 0.920919, 0.910294, 0.89811, 0.884696, 0.870506, 0.856107, 0.842145, 0.829308, 0.818266, 0.809627, 0.803879, 0.801375
0.801375, 0.798857, 0.792968, 0.78382, 0.771576, 0.756492, 0.738938, 0.71941, 0.69853, 0.677037, 0.65576, 0.635572, 0.617348, 0.601908, 0.589965, 0.582084, 0.578665
0.578665, 0.575236, 0.567253, 0.554942, 0.538633, 0.518788, 0.496006, 0.471025, 0.444701, 0.417988, 0.391893, 0.367435, 0.34559, 0.327247, 0.313157, 0.303905, 0.299903
0.299903, 0.295895, 0.28659, 0.27231, 0.253517, 0.230832, 0.205029, 0.177014, 0.147797, 0.118451, 0.0900664, 0.0637063, 0.0403567, 0.0208868, 0.00601587, -0.00371099, -0.00790902
-0.00790902, -0.0121069, -0.0218324, -0.0366983, -0.0561563, -0.0794837, -0.105808, -0.134142, -0.163423, -0.19256, -0.220485, -0.246193, -0.268786, -0.287496, -0.301708, -0.310968, -0.314955
-0.314955, -0.318937, -0.32814, -0.342152, -0.36039, -0.3821, -0.406397, -0.432305, -0.458813, -0.484919, -0.509679, -0.532245, -0.551893, -0.568031, -0.580208, -0.588103, -0.591493
-0.591493, -0.594873, -0.602663, -0.614464, -0.629715, -0.647704, -0.66762, -0.688594, -0.709761, -0.730306, -0.749503, -0.766742, -0.781541, -0.793544, -0.802506, -0.808272, -0.810736
-0.810736, -0.813187, -0.818809, -0.827256, -0.838043, -0.85057, -0.864174, -0.878182, -0.891959, -0.904953, -0.916728, -0.926969, -0.935486, -0.942192, -0.947071, -0.950148, -0.951449
-0.951449, -0.952733, -0.955643, -0.959917, -0.965194, -0.971045, -0.977021, -0.982706, -0.987757, -0.991943, -0.995154, -0.997406, -0.998816, -0.999574, -0.999898, -0.999989, -1
-1, -0.999993, -0.999908, -0.999596, -0.998854, -0.997461, -0.99523, -0.992041, -0.987878, -0.982849, -0.977186, -0.97123, -0.965397, -0.960134, -0.95587, -0.952968, -0.951687
-0.951687, -0.950389, -0.947319, -0.942451, -0.93576, -0.927259, -0.917037, -0.905283, -0.892309, -0.878552, -0.864564, -0.850977, -0.838465, -0.827691, -0.819254, -0.813637, -0.81119
-0.81119, -0.808728, -0.802968, -0.794015, -0.782024, -0.767239, -0.750016, -0.730835, -0.710307, -0.689155, -0.668196, -0.648294, -0.630316, -0.615075, -0.603281, -0.595495, -0.592117
-0.592117, -0.588729, -0.580839, -0.568668, -0.552539, -0.532901, -0.510345, -0.485596, -0.459501, -0.433004, -0.407104, -0.382816, -0.361112, -0.34288, -0.328872, -0.31967, -0.31569
-0.31569, -0.311704, -0.302447, -0.288238, -0.269532, -0.246944, -0.22124, -0.19332, -0.164187, -0.13491, -0.106578, -0.0802557, -0.0569295, -0.0374722, -0.0226066, -0.0128813, -0.00868345
-0.00868345, -0.00448544, 0.00524142, 0.0201125, 0.0395828, 0.0629334, 0.0892951, 0.117682, 0.147031, 0.176252, 0.204271, 0.230078, 0.252768, 0.271565, 0.285848, 0.295156, 0.299164
0.299164, 0.303167, 0.312422, 0.326515, 0.344863, 0.366714, 0.391181, 0.417285, 0.444008, 0.470341, 0.495334, 0.518126, 0.537981, 0.554298, 0.566615, 0.574602, 0.578033
0.578033, 0.581454, 0.58934, 0.601289, 0.616739, 0.634974, 0.655175, 0.676467, 0.697975, 0.718872, 0.738416, 0.755985, 0.771083, 0.783339, 0.792496, 0.798391, 0.800912
0.800912, 0.803418, 0.809172, 0.817821, 0.828875, 0.841728, 0.855706, 0.870125, 0.884334, 0.897769, 0.909973, 0.920617, 0.929494, 0.936502, 0.941614, 0.944844, 0.946211
0.946211, 0.947561, 0.950624, 0.955135, 0.960722, 0.966948, 0.97335, 0.979498, 0.985033, 0.989705, 0.993386, 0.996074, 0.997872, 0.998952, 0.999522, 0.999776, 0.999856
0.999856, 0.999918, 0.999995, 0.99993, 0.99951, 0.998505, 0.996712, 0.993993, 0.990318, 0.985773, 0.980575, 0.975047, 0.969591, 0.96464, 0.960613, 0.957865, 0.956651
0.956651, 0.95542, 0.952503, 0.947868, 0.941482, 0.933344, 0.923528, 0.912207, 0.899676, 0.886356, 0.872782, 0.859574, 0.847391, 0.836888, 0.828655, 0.823172, 0.820781
0.820781, 0.818375, 0.812747, 0.803992, 0.792257, 0.777775, 0.760887, 0.742059, 0.721888, 0.701083, 0.680448, 0.660838, 0.64311, 0.628072, 0.61643, 0.608742, 0.605406
0.605406, 0.60206, 0.594265, 0.582238, 0.566292, 0.546867, 0.524543, 0.500033, 0.474175, 0.4479, 0.422203, 0.398091, 0.376535, 0.358419, 0.344495, 0.335348, 0.33139
0.33139, 0.327426, 0.31822, 0.304086, 0.285473, 0.262988, 0.23739, 0.209572, 0.180531, 0.151331, 0.123061, 0.096783, 0.0734866, 0.0540473, 0.0391912, 0.02947, 0.0252735
0.0252735, 0.0210766, 0.011351, -0.00352124, -0.0229985, -0.0463657, -0.0727572, -0.101189, -0.1306, -0.159896, -0.188001, -0.2139, -0.23668, -0.255559, -0.269909, -0.279262, -0.283291
-0.283291, -0.287314, -0.296617, -0.310787, -0.329242, -0.351228, -0.375857, -0.402149, -0.42908, -0.455635, -0.480852, -0.503863, -0.52392, -0.540412, -0.552865, -0.560944, -0.564414
-0.564414, -0.567875, -0.575854, -0.587949, -0.603593, -0.622069, -0.64255, -0.664155, -0.685998, -0.707239, -0.727126, -0.74502, -0.760412, -0.772917, -0.782268, -0.78829, -0.790867
-0.790867, -0.793429, -0.799312, -0.80816, -0.819479, -0.832654, -0.847003, -0.861828, -0.876467, -0.890337, -0.902968, -0.914012, -0.923247, -0.930555, -0.935898, -0.93928, -0.940712
-0.940712, -0.942128, -0.945344, -0.950089, -0.955986, -0.962584, -0.969411, -0.976021, -0.982038, -0.987194, -0.991344, -0.994468, -0.996652, -0.998056, -0.998872, -0.999287, -0.999436
-0.999436, -0.999569, -0.999807, -0.999989, -0.999892, -0.999275, -0.997919, -0.995672, -0.992485, -0.988426, -0.983695, -0.978597, -0.973518, -0.96888, -0.965092, -0.962499, -0.961351
-0.961351, -0.960187, -0.957424, -0.953025, -0.946945, -0.939172, -0.929764, -0.918879, -0.906795, -0.893916, -0.880761, -0.867934, -0.856085, -0.845855, -0.837829, -0.832479, -0.830146
-0.830146, -0.827798, -0.822302, -0.813748, -0.802272, -0.788096, -0.771548, -0.753079, -0.73327, -0.712818, -0.692513, -0.6732, -0.655727, -0.640897, -0.62941, -0.621822, -0.618529

0.955506, 0.956736, 0.959521, 0.963604, 0.968628, 0.974173, 0.979802, 0.98511, 0.989768, 0.993559, 0.996388, 0.998285, 0.999381, 0.999876, 1, 0.999961, 0.999915
0.999915, 0.999851, 0.999636, 0.999123, 0.998119, 0.996412, 0.993827, 0.990256, 0.985699, 0.980277, 0.974238, 0.967936, 0.961798, 0.956284, 0.951829, 0.948801, 0.947467
0.947467, 0.946116, 0.942921, 0.937864, 0.930927, 0.922134, 0.911585, 0.899482, 0.88615, 0.872042, 0.85772, 0.843829, 0.831052, 0.820061, 0.81146, 0.805737, 0.803243
0.803243, 0.800736, 0.794871, 0.785759, 0.773563, 0.758535, 0.741043, 0.72158, 0.700766, 0.679337, 0.658119, 0.637985, 0.619807, 0.604404, 0.592489, 0.584626, 0.581215
0.581215, 0.577793, 0.569827, 0.557543, 0.541268, 0.521461, 0.498721, 0.473783, 0.447502, 0.420829, 0.394771, 0.370344, 0.348525, 0.330202, 0.316128, 0.306885, 0.302887
0.302887, 0.298883, 0.289587, 0.27532, 0.256543, 0.233876, 0.208091, 0.180094, 0.150892, 0.121558, 0.0931829, 0.0668292, 0.0434835, 0.0240157, 0.00914539, -0.000581381, -0.00477946
-0.00477946, -0.00897746, -0.0187034, -0.0335706, -0.0530313, -0.0763636, -0.102696, -0.13104, -0.160334, -0.189488, -0.217431, -0.243159, -0.26577, -0.284497, -0.298723, -0.307992, -0.311983
-0.311983, -0.315969, -0.325182, -0.33921, -0.357469, -0.379206, -0.403535, -0.429481, -0.45603, -0.482179, -0.506984, -0.529593, -0.54928, -0.565453, -0.577656, -0.585569, -0.588967
-0.588967, -0.592354, -0.600163, -0.611992, -0.62728, -0.645317, -0.665286, -0.686321, -0.707553, -0.728165, -0.747428, -0.764729, -0.779585, -0.791636, -0.800635, -0.806425, -0.8089
-0.8089, -0.811362, -0.817009, -0.825494, -0.836331, -0.84892, -0.862595, -0.876681, -0.890539, -0.903617, -0.915473, -0.92579, -0.934376, -0.941138, -0.946061, -0.949168, -0.950481
-0.950481, -0.951777, -0.954716, -0.959035, -0.964371, -0.970293, -0.976349, -0.982121, -0.987264, -0.991542, -0.994842, -0.997176, -0.998659, -0.999478, -0.999848, -0.99997, -0.999994
-0.999994, -1, -0.999946, -0.99968, -0.998998, -0.997679, -0.995531, -0.99243, -0.988359, -0.983421, -0.977846, -0.97197, -0.966208, -0.961004, -0.956785, -0.953911, -0.952643
-0.952643, -0.951358, -0.948317, -0.943492, -0.936859, -0.928426, -0.91828, -0.906608, -0.893717, -0.880043, -0.866132, -0.852616, -0.840166, -0.829443, -0.821044, -0.815453, -0.813016
-0.813016, -0.810564, -0.80483, -0.795914, -0.783971, -0.769242, -0.752082, -0.732968, -0.712506, -0.691419, -0.670521, -0.650674, -0.632743, -0.61754, -0.605774, -0.598006, -0.594636
-0.594636, -0.591256, -0.583383, -0.57124, -0.555144, -0.535546, -0.513034, -0.488329, -0.462279, -0.435822, -0.409961, -0.385705, -0.364029, -0.345818, -0.331826, -0.322634, -0.318658
-0.318658, -0.314676, -0.305428, -0.291233, -0.272544, -0.249975, -0.224291, -0.19639, -0.167273, -0.13801, -0.10969, -0.0833748, -0.0600537, -0.0405995, -0.0257353, -0.0160106, -0.0118129
-0.0118129, -0.007615, 0.00211182, 0.0169835, 0.0364555, 0.0598096, 0.0861775, 0.114573, 0.143935, 0.173171, 0.201206, 0.227031, 0.249738, 0.268552, 0.282848, 0.292164, 0.296176
0.296176, 0.300183, 0.309447, 0.323555, 0.341924, 0.363801, 0.388299, 0.414438, 0.441201, 0.467577, 0.492612, 0.515446, 0.53534, 0.55169, 0.564033, 0.572038, 0.575477
0.575477, 0.578905, 0.586809, 0.598786, 0.614272, 0.632553, 0.652807, 0.674159, 0.695731, 0.716693, 0.736302, 0.753933, 0.769086, 0.78139, 0.790584, 0.796503, 0.799034
0.799034, 0.801551, 0.807329, 0.816016, 0.82712, 0.840034, 0.854083, 0.868578, 0.882869, 0.896386, 0.908671, 0.919391, 0.928336, 0.9354, 0.940555, 0.943814, 0.945194
0.945194, 0.946556, 0.949648, 0.954203, 0.959849, 0.966145, 0.972628, 0.978863, 0.984489, 0.989252, 0.993022, 0.995792, 0.997663, 0.998804, 0.999421, 0.999705, 0.999798
0.999798, 0.999873, 0.999981, 0.999962, 0.999603, 0.998672, 0.99696, 0.994331, 0.990747, 0.986295, 0.981184, 0.975737, 0.970352, 0.96546, 0.961478, 0.958759, 0.957558
0.957558, 0.956339, 0.953451, 0.948861, 0.942532, 0.934463, 0.924723, 0.913484, 0.901038, 0.887801, 0.874306, 0.861169, 0.849049, 0.838597, 0.830403, 0.824944, 0.822564
0.822564, 0.82017, 0.814566, 0.805849, 0.794163, 0.779738, 0.762914, 0.744154, 0.72405, 0.703311, 0.682738, 0.663184, 0.645504, 0.630505, 0.618892, 0.611222, 0.607894
0.607894, 0.604556, 0.596779, 0.58478, 0.568868, 0.549485, 0.527205, 0.502741, 0.476928, 0.450696, 0.425038, 0.40096, 0.379432, 0.361339, 0.347432, 0.338294, 0.334341
0.334341, 0.330381, 0.321185, 0.307066, 0.288471, 0.266006, 0.240429, 0.212631, 0.183608, 0.154424, 0.126166, 0.0998975, 0.0766074, 0.0571721, 0.0423182, 0.0325981, 0.028402
0.028402, 0.0242054, 0.0144803, -0.000391632, -0.0198696, -0.0432392, -0.0696355, -0.098075, -0.127496, -0.156806, -0.184926, -0.210841, -0.233638, -0.252533, -0.266894, -0.276256, -0.280288
-0.280288, -0.284315, -0.293627, -0.307811, -0.326285, -0.348296, -0.372955, -0.399281, -0.426251, -0.452847, -0.478105, -0.501157, -0.521252, -0.537776, -0.550255, -0.55835, -0.561828
-0.561828, -0.565296, -0.573293, -0.585415, -0.601095, -0.619615, -0.640149, -0.661812, -0.683717, -0.705023, -0.724974, -0.742929, -0.758376, -0.770928, -0.780315, -0.786361, -0.788947
-0.788947, -0.79152, -0.797427, -0.806313, -0.817681, -0.830916, -0.845335, -0.860236, -0.874956, -0.888908, -0.901618, -0.912738, -0.92204, -0.929405, -0.934791, -0.938201, -0.939646
-0.939646, -0.941074, -0.944319, -0.949108, -0.955063, -0.961731, -0.968639, -0.975335, -0.981442, -0.98669, -0.990928, -0.994135, -0.996391, -0.997856, -0.998719, -0.999164, -0.999327
-0.999327, -0.999472, -0.999741, -0.999969, -0.999933, -0.999389, -0.998116, -0.995958, -0.992863, -0.988896, -0.984253, -0.979236, -0.974229, -0.96965, -0.965907, -0.963343, -0.962208

0.599793, 0.603147, 0.610877, 0.622584, 0.637708, 0.655543, 0.675277, 0.69605, 0.717002, 0.737326, 0.756304, 0.773335, 0.787946, 0.79979, 0.808629, 0.814313, 0.816742
0.816742, 0.819158, 0.824698, 0.833018, 0.843636, 0.855958, 0.869328, 0.883078, 0.896583, 0.909302, 0.920807, 0.930796, 0.939088, 0.945604, 0.950337, 0.953319, 0.954579
0.954579, 0.955821, 0.958635, 0.962762, 0.967845, 0.973462, 0.979172, 0.984567, 0.989317, 0.993199, 0.996117, 0.998096, 0.999265, 0.999822, 0.999992, 0.999983, 0.999951
0.999951, 0.9999, 0.999715, 0.99925, 0.998306, 0.996672, 0.994169, 0.990687, 0.986221, 0.980891, 0.974939, 0.968717, 0.96265, 0.957194, 0.952784, 0.949785, 0.948463
0.948463, 0.947124, 0.943959, 0.938946, 0.932066, 0.923341, 0.912867, 0.900845, 0.887596, 0.87357, 0.859325, 0.845504, 0.832789, 0.821848, 0.813285, 0.807587, 0.805104
0.805104, 0.802606, 0.796766, 0.787691, 0.775542, 0.760571, 0.743141, 0.723743, 0.702995, 0.681631, 0.660473, 0.640392, 0.62226, 0.606895, 0.595008, 0.587162, 0.583759
0.583759, 0.580345, 0.572396, 0.560138, 0.543896, 0.524129, 0.501431, 0.476537, 0.450299, 0.423666, 0.397644, 0.373249, 0.351457, 0.333155, 0.319096, 0.309862, 0.305868
0.305868, 0.301869, 0.292581, 0.278328, 0.259567, 0.236917, 0.211151, 0.183171, 0.153985, 0.124664, 0.0962984, 0.0699515, 0.04661, 0.0271443, 0.0122748, 0.00254824, -0.00164986
-0.00164986, -0.00584792, -0.0155742, -0.0304426, -0.0499058, -0.0732427, -0.0995823, -0.127937, -0.157245, -0.186414, -0.214375, -0.240122, -0.262752, -0.281496, -0.295735, -0.305013, -0.309008
-0.309008, -0.312998, -0.322221, -0.336264, -0.354544, -0.376308, -0.40067, -0.426653, -0.453243, -0.479435, -0.504284, -0.526936, -0.546662, -0.562869, -0.575099, -0.583029, -0.586434
-0.586434, -0.58983, -0.597656, -0.609514, -0.62484, -0.642923, -0.662947, -0.684041, -0.705338, -0.726016, -0.745345, -0.762709, -0.777621, -0.78972, -0.798756, -0.80457, -0.807056
-0.807056, -0.809528, -0.8152, -0.823724, -0.834611, -0.847262, -0.861008, -0.875171, -0.889111, -0.902272, -0.914209, -0.924603, -0.933256, -0.940076, -0.945043, -0.948178, -0.949504
-0.949504, -0.950812, -0.95378, -0.958144, -0.963539, -0.969531, -0.975668, -0.981528, -0.986762, -0.991131, -0.994519, -0.996936, -0.998492, -0.999372, -0.999788, -0.999941, -0.999978
-0.999978, -0.999997, -0.999974, -0.999755, -0.999134, -0.997887, -0.995821, -0.99281, -0.98883, -0.983984, -0.978496, -0.972701, -0.96701, -0.961865, -0.957691, -0.954846, -0.95359
-0.95359, -0.952318, -0.949305, -0.944525, -0.937948, -0.929585, -0.919515, -0.907924, -0.895117, -0.881525, -0.867692, -0.854247, -0.84186, -0.831188, -0.822827, -0.81726, -0.814834
-0.814834, -0.812393, -0.806683, -0.797805, -0.78591, -0.771238, -0.754141, -0.735093, -0.714698, -0.693677, -0.67284, -0.653047, -0.635163, -0.619998, -0.608261, -0.600512, -0.59715
-0.59715, -0.593777, -0.585922, -0.573806, -0.557745, -0.538187, -0.515718, -0.491058, -0.465052, -0.438637, -0.412813, -0.38859, -0.366942, -0.348753, -0.334776, -0.325595, -0.321623
-0.321623, -0.317645, -0.308407, -0.294226, -0.275554, -0.253004, -0.22734, -0.199457, -0.170358, -0.141109, -0.1128, -0.0864931, -0.0631774, -0.0437263, -0.0288638, -0.0191397, -0.0149422
-0.0149422, -0.0107445, -0.00101779, 0.0138542, 0.0333278, 0.0566853, 0.0830592, 0.111464, 0.140837, 0.170087, 0.19814, 0.223982, 0.246707, 0.265536, 0.279845, 0.289169, 0.293186
0.293186, 0.297197, 0.30647, 0.320592, 0.338981, 0.360884, 0.385413, 0.411588, 0.438391, 0.464809, 0.489886, 0.512762, 0.532694, 0.549077, 0.561446, 0.569468, 0.572914
0.572914, 0.57635, 0.584272, 0.596276, 0.6118, 0.630126, 0.650433, 0.671844, 0.693479, 0.714506, 0.734181, 0.751873, 0.767082, 0.779433, 0.788664, 0.794606, 0.797148
0.797148, 0.799676, 0.805478, 0.814203, 0.825357, 0.838332, 0.852451, 0.867023, 0.881395, 0.894994, 0.90736, 0.918155, 0.927168, 0.934289, 0.939488, 0.942776, 0.944167
0.944167, 0.945542, 0.948663, 0.953262, 0.958966, 0.965333, 0.971896, 0.978218, 0.983935, 0.988789, 0.992648, 0.995501, 0.997444, 0.998646, 0.999309, 0.999624, 0.99973
0.99973, 0.999819, 0.999957, 0.999985, 0.999687, 0.998828, 0.997199, 0.994659, 0.991167, 0.986806, 0.981784, 0.976418, 0.971104, 0.966271, 0.962334, 0.959644, 0.958455
0.958455, 0.957249, 0.95439, 0.949844, 0.943573, 0.935573, 0.92591, 0.914753, 0.902391, 0.889237, 0.87582, 0.862755, 0.850698, 0.840298, 0.832143, 0.826709, 0.82434
0.82434, 0.821956, 0.816378, 0.807698, 0.796061, 0.781694, 0.764933, 0.746241, 0.726205, 0.705532, 0.685021, 0.665523, 0.647891, 0.632931, 0.621347, 0.613696, 0.610376
0.610376, 0.607045, 0.599287, 0.587315, 0.571439, 0.552097, 0.529862, 0.505444, 0.479676, 0.453487, 0.427869, 0.403825, 0.382326, 0.364255, 0.350365, 0.341238, 0.337289
0.337289, 0.333334, 0.324148, 0.310043, 0.291466, 0.269021, 0.243466, 0.215688, 0.186684, 0.157515, 0.12927, 0.103011, 0.0797275, 0.0602963, 0.0454448, 0.0357259, 0.0315302
0.0315302, 0.0273339, 0.0176095, 0.00273798, -0.0167405, -0.0401123, -0.0665132, -0.09496, -0.124392, -0.153714, -0.181849, -0.207781, -0.230594, -0.249503, -0.263877, -0.273247, -0.277283
-0.277283, -0.281314, -0.290634, -0.304832, -0.323325, -0.345361, -0.370049, -0.39641, -0.423418, -0.450054, -0.475354, -0.498447, -0.518579, -0.535135, -0.547639, -0.555751, -0.559237
-0.559237, -0.562712, -0.570726, -0.582875, -0.598591, -0.617156, -0.637741, -0.659462, -0.68143, -0.7028, -0.722815, -0.740831, -0.756332, -0.768931, -0.778354, -0.784424, -0.787021
-0.787021, -0.789604, -0.795535, -0.804458, -0.815875, -0.829171, -0.843659, -0.858636, -0.873436, -0.88747, -0.90026, -0.911455, -0.920824, -0.928245, -0.933674, -0.937114, -0.938571

0.0151123, 0.0193098, 0.0290338, 0.0438962, 0.0633472, 0.0866626, 0.112969, 0.141277, 0.170525, 0.199624, 0.227505, 0.253169, 0.275718, 0.294388, 0.308569, 0.317806, 0.321784
0.321784, 0.325756, 0.334937, 0.348912, 0.3671, 0.388747, 0.412968, 0.43879, 0.465202, 0.491206, 0.515863, 0.53833, 0.557886, 0.573945, 0.58606, 0.593914, 0.597286
0.597286, 0.600648, 0.608396, 0.620132, 0.635294, 0.653176, 0.672965, 0.6938, 0.714817, 0.735208, 0.754253, 0.771347, 0.786015, 0.797907, 0.806784, 0.812492, 0.814933
0.814933, 0.817358, 0.822924, 0.831282, 0.841951, 0.854336, 0.867777, 0.881605, 0.895192, 0.907995, 0.919582, 0.929647, 0.938007, 0.944581, 0.949359, 0.95237, 0.953641
0.953641, 0.954896, 0.95774, 0.961911, 0.967053, 0.972741, 0.978531, 0.984014, 0.988856, 0.99283, 0.995837, 0.997898, 0.999141, 0.999758, 0.999975, 0.999997, 0.999977
0.999977, 0.999939, 0.999785, 0.999366, 0.998483, 0.996922, 0.994502, 0.991108, 0.986734, 0.981495, 0.975631, 0.969489, 0.963493, 0.958095, 0.953729, 0.95076, 0.94945
0.94945, 0.948124, 0.944987, 0.940018, 0.933195, 0.924538, 0.91414, 0.902199, 0.889033, 0.875088, 0.860921, 0.847171, 0.834517, 0.823627, 0.815102, 0.809428, 0.806956
0.806956, 0.804469, 0.798654, 0.789616, 0.777514, 0.762599, 0.745232, 0.725899, 0.705217, 0.683917, 0.662819, 0.642793, 0.624707, 0.609379, 0.59752, 0.589692, 0.586297
0.586297, 0.582891, 0.57496, 0.562728, 0.54652, 0.526791, 0.504137, 0.479286, 0.453091, 0.426499, 0.400514, 0.376151, 0.354385, 0.336104, 0.32206, 0.312836, 0.308846
0.308846, 0.304851, 0.295573, 0.281332, 0.262588, 0.239957, 0.214209, 0.186247, 0.157077, 0.127768, 0.099413, 0.0730731, 0.049736, 0.0302726, 0.0154042, 0.00567783, 0.00147976
0.00147976, -0.00271833, -0.0124449, -0.0273143, -0.0467799, -0.0701212, -0.0964677, -0.124832, -0.154153, -0.183339, -0.211317, -0.237083, -0.259731, -0.278491, -0.292744, -0.302031, -0.30603
-0.30603, -0.310024, -0.319257, -0.333315, -0.351616, -0.373407, -0.3978, -0.42382, -0.450451, -0.476686, -0.501579, -0.524273, -0.544039, -0.560279, -0.572536, -0.580483, -0.583897
-0.583897, -0.5873, -0.595144, -0.60703, -0.622393, -0.640523, -0.6606, -0.681755, -0.703116, -0.723861, -0.743255, -0.760681, -0.77565, -0.787796, -0.796869, -0.802708, -0.805204
-0.805204, -0.807687, -0.813384, -0.821945, -0.832883, -0.845595, -0.859412, -0.873652, -0.887675, -0.900919, -0.912936, -0.923406, -0.932127, -0.939004, -0.944015, -0.947179, -0.948517
-0.948517, -0.949838, -0.952835, -0.957243, -0.962696, -0.968759, -0.974977, -0.980924, -0.986249, -0.99071, -0.994187, -0.996686, -0.998315, -0.999256, -0.999719, -0.999902, -0.999952
-0.999952, -0.999984, -0.999991, -0.999819, -0.999259, -0.998086, -0.996102, -0.993179, -0.989292, -0.984537, -0.979137, -0.973423, -0.967803, -0.962716, -0.958587, -0.955771, -0.954528
-0.954528, -0.953268, -0.950284, -0.945548, -0.939029, -0.930734, -0.920741, -0.909231, -0.896508, -0.882998, -0.869244, -0.85587, -0.843544, -0.832924, -0.824601, -0.81906, -0.816644
-0.816644, -0.814214, -0.808529, -0.799688, -0.787841, -0.773227, -0.756193, -0.737211, -0.716884, -0.695928, -0.675152, -0.655414, -0.637577, -0.622451, -0.610742, -0.603011, -0.599657
-0.599657, -0.596292, -0.588456, -0.576366, -0.56034, -0.540822, -0.518396, -0.493782, -0.46782, -0.441447, -0.415662, -0.391472, -0.369851, -0.351684, -0.337724, -0.328552, -0.324585
-0.324585, -0.320611, -0.311382, -0.297215, -0.278561, -0.256031, -0.230386, -0.202523, -0.173441, -0.144207, -0.115909, -0.0896106, -0.0663005, -0.0468527, -0.031992, -0.0222687, -0.0180714
-0.0180714, -0.0138739, -0.0041474, 0.0107248, 0.0301997, 0.0535605, 0.0799399, 0.108353, 0.137738, 0.167003, 0.195071, 0.220931, 0.243673, 0.262517, 0.276839, 0.286172, 0.290192
0.290192, 0.294207, 0.303489, 0.317626, 0.336035, 0.357964, 0.382523, 0.408734, 0.435576, 0.462035, 0.487156, 0.510072, 0.530043, 0.546459, 0.558853, 0.566893, 0.570346
0.570346, 0.57379, 0.581729, 0.593761, 0.609321, 0.627693, 0.648053, 0.669523, 0.691221, 0.712313, 0.732052, 0.749806, 0.765071, 0.777468, 0.786735, 0.792703, 0.795255
0.795255, 0.797793, 0.80362, 0.812382, 0.823586, 0.836621, 0.85081, 0.865459, 0.879912, 0.893594, 0.90604, 0.916911, 0.925991, 0.933169, 0.938411, 0.941727, 0.943131
0.943131, 0.944519, 0.947669, 0.952312, 0.958074, 0.964511, 0.971154, 0.977564, 0.983371, 0.988317, 0.992264, 0.995199, 0.997215, 0.998479, 0.999188, 0.999533, 0.999652
0.999652, 0.999754, 0.999923, 0.999997, 0.99976, 0.998975, 0.997429, 0.994977, 0.991577, 0.987308, 0.982374, 0.977089, 0.971846, 0.967072, 0.96318, 0.960519, 0.959343
0.959343, 0.95815, 0.95532, 0.950818, 0.944605, 0.936673, 0.927088, 0.916013, 0.903735, 0.890664, 0.877327, 0.864334, 0.852339, 0.841991, 0.833874, 0.828466, 0.826108
0.826108, 0.823735, 0.818181, 0.80954, 0.797951, 0.783642, 0.766945, 0.74832, 0.728353, 0.707747, 0.687298, 0.667855, 0.650272, 0.635351, 0.623796, 0.616164, 0.612852
0.612852, 0.60953, 0.60179, 0.589846, 0.574005, 0.554703, 0.532513, 0.508142, 0.48242, 0.456274, 0.430695, 0.406686, 0.385216, 0.367168, 0.353294, 0.344178, 0.340233
0.340233, 0.336283, 0.327107, 0.313017, 0.294458, 0.272034, 0.2465, 0.218743, 0.189757, 0.160605, 0.132373, 0.106123, 0.0828467, 0.0634199, 0.048571, 0.0388534, 0.0346581
0.0346581, 0.0304623, 0.0207386, 0.00586757, -0.0136112, -0.036985, -0.0633901, -0.0918441, -0.121286, -0.150621, -0.178771, -0.204719, -0.227547, -0.246471, -0.260857, -0.270235, -0.274274
-0.274274, -0.278309, -0.287638, -0.30185, -0.320362, -0.342422, -0.36714, -0.393535, -0.42058, -0.447257, -0.472599, -0.495731, -0.5159, -0.532488, -0.545017, -0.553147, -0.556639

-0.575338, -0.571899, -0.563893, -0.551548, -0.535196, -0.5153, -0.492464, -0.467427, -0.441049, -0.414284, -0.388142, -0.363643, -0.341764, -0.323394, -0.309286, -0.300021, -0.296014
-0.296014, -0.292001, -0.282685, -0.268388, -0.249574, -0.226866, -0.20104, -0.173003, -0.143767, -0.114404, -0.0860081, -0.0596398, -0.0362855, -0.0168134, -0.00194173, 0.0077851, 0.011983
0.011983, 0.0161807, 0.0259054, 0.0407694, 0.0602235, 0.0835443, 0.109859, 0.138178, 0.167441, 0.196556, 0.224457, 0.25014, 0.272708, 0.291396, 0.30559, 0.314837, 0.318819
0.318819, 0.322795, 0.331986, 0.345978, 0.364187, 0.385862, 0.410116, 0.435976, 0.462429, 0.488478, 0.51318, 0.53569, 0.555286, 0.57138, 0.583522, 0.591393, 0.594773
0.594773, 0.598143, 0.605909, 0.617673, 0.632874, 0.650803, 0.670647, 0.691542, 0.712625, 0.733083, 0.752194, 0.769351, 0.784076, 0.796017, 0.80493, 0.810664, 0.813115
0.813115, 0.815551, 0.821142, 0.829538, 0.840259, 0.852705, 0.866217, 0.880123, 0.893793, 0.90668, 0.918348, 0.92849, 0.936918, 0.943549, 0.948371, 0.951411, 0.952695
0.952695, 0.953963, 0.956835, 0.961051, 0.966252, 0.97201, 0.977882, 0.983452, 0.988385, 0.992451, 0.995547, 0.997691, 0.999006, 0.999685, 0.999948, 1, 0.999993
0.999993, 0.999969, 0.999845, 0.999472, 0.99865, 0.997163, 0.994824, 0.99152, 0.987237, 0.982089, 0.976313, 0.970252, 0.964326, 0.958987, 0.954666, 0.951725, 0.950428
0.950428, 0.949114, 0.946006, 0.941081, 0.934315, 0.925726, 0.915404, 0.903544, 0.890462, 0.876599, 0.862509, 0.84883, 0.836238, 0.825398, 0.816911, 0.811262, 0.8088
0.8088, 0.806324, 0.800533, 0.791532, 0.779478, 0.76462, 0.747315, 0.728048, 0.707433, 0.686197, 0.665159, 0.645187, 0.627148, 0.611857, 0.600027, 0.592217, 0.588829
0.588829, 0.585431, 0.577517, 0.565312, 0.549138, 0.529449, 0.506837, 0.48203, 0.455879, 0.429328, 0.403379, 0.379049, 0.35731, 0.33905, 0.325021, 0.315807, 0.311821
0.311821, 0.30783, 0.298561, 0.284334, 0.265606, 0.242994, 0.217265, 0.189321, 0.160167, 0.130872, 0.102527, 0.076194, 0.0528615, 0.0334006, 0.0185333, 0.00880736, 0.00460936
0.00460936, 0.000411283, -0.00931549, -0.0241857, -0.0436535, -0.0669989, -0.0933522, -0.121727, -0.15106, -0.180261, -0.208257, -0.234041, -0.256707, -0.275484, -0.28975, -0.299046, -0.303049
-0.303049, -0.307047, -0.316289, -0.330363, -0.348685, -0.370502, -0.394927, -0.420984, -0.447655, -0.473933, -0.498869, -0.521606, -0.541411, -0.557684, -0.569967, -0.577932, -0.581353
-0.581353, -0.584764, -0.592626, -0.60454, -0.619941, -0.638116, -0.658247, -0.679462, -0.700887, -0.721698, -0.741157, -0.758646, -0.77367, -0.785865, -0.794975, -0.800838, -0.803345
-0.803345, -0.805838, -0.811559, -0.820159, -0.831147, -0.84392, -0.857807, -0.872125, -0.886229, -0.899556, -0.911655, -0.9222, -0.930989, -0.937923, -0.942978, -0.946171, -0.947521
-0.947521, -0.948855, -0.951881, -0.956333, -0.961845, -0.967979, -0.974277, -0.980311, -0.985727, -0.990279, -0.993845, -0.996427, -0.998129, -0.999131, -0.99964, -0.999854, -0.999917
-0.999917, -0.999962, -0.999999, -0.999874, -0.999375, -0.998275, -0.996373, -0.993539, -0.989744, -0.98508, -0.979768, -0.974135, -0.968586, -0.963558, -0.959473, -0.956687, -0.955456
-0.955456, -0.954209, -0.951254, -0.946562, -0.940101, -0.931874, -0.921957, -0.91053, -0.89789, -0.884462, -0.870787, -0.857485, -0.845221, -0.834651, -0.826368, -0.820851, -0.818446
-0.818446, -0.816027, -0.810366, -0.801563, -0.789765, -0.775207, -0.758237, -0.739322, -0.719062, -0.698172, -0.677457, -0.657775, -0.639985, -0.624897, -0.613217, -0.605505, -0.602159
-0.602159, -0.598802, -0.590983, -0.578921, -0.562929, -0.543452, -0.52107, -0.496501, -0.470584, -0.444253, -0.418506, -0.39435, -0.372757, -0.354612, -0.340668, -0.331507, -0.327543
-0.327543, -0.323574, -0.314355, -0.300202, -0.281566, -0.259055, -0.233431, -0.205587, -0.176522, -0.147303, -0.119017, -0.0927272, -0.0694229, -0.0499787, -0.0351198, -0.0253974, -0.0212004
-0.0212004, -0.0170031, -0.00727697, 0.00759535, 0.0270714, 0.0504351, 0.07682, 0.105241, 0.134638, 0.163916, 0.192001, 0.217878, 0.240636, 0.259496, 0.27383, 0.283172, 0.287196
0.287196, 0.291214, 0.300506, 0.314657, 0.333086, 0.35504, 0.379629, 0.405876, 0.432756, 0.459258, 0.48442, 0.507378, 0.527386, 0.543835, 0.556255, 0.564312, 0.567773
0.567773, 0.571224, 0.57918, 0.59124, 0.606837, 0.625254, 0.645666, 0.667195, 0.688956, 0.710113, 0.729917, 0.747732, 0.763051, 0.775496, 0.7848, 0.790791, 0.793353
0.793353, 0.795902, 0.801753, 0.810553, 0.821807, 0.834903, 0.849162, 0.863887, 0.878421, 0.892185, 0.904711, 0.915657, 0.924804, 0.932039, 0.937325, 0.94067, 0.942086
0.942086, 0.943486, 0.946665, 0.951352, 0.957173, 0.96368, 0.970403, 0.9769, 0.982798, 0.987835, 0.991871, 0.994888, 0.996977, 0.998301, 0.999057, 0.999432, 0.999565
0.999565, 0.99968, 0.999879, 1, 0.999824, 0.999111, 0.997648, 0.995286, 0.991978, 0.9878, 0.982954, 0.97775, 0.972578, 0.967864, 0.964017, 0.961385, 0.960222
0.960222, 0.959041, 0.95624, 0.951783, 0.945627, 0.937765, 0.928256, 0.917264, 0.90507, 0.892083, 0.878824, 0.865903, 0.853972, 0.843675, 0.835598, 0.830215, 0.827867
0.827867, 0.825505, 0.819976, 0.811373, 0.799834, 0.785582, 0.76895, 0.750393, 0.730494, 0.709954, 0.689568, 0.670181, 0.652646, 0.637764, 0.626239, 0.618626, 0.615322
0.615322, 0.612008, 0.604286, 0.59237, 0.576565, 0.557305, 0.53516, 0.510835, 0.485159, 0.459057, 0.433517, 0.409543, 0.388102, 0.370077, 0.35622, 0.347115, 0.343175
0.343175, 0.339228, 0.330062, 0.315987, 0.297447, 0.275045, 0.249532, 0.221796, 0.192829, 0.163693, 0.135475, 0.109235, 0.0859652, 0.0665429, 0.0516966, 0.0419804, 0.0377857

-0.946156, -0.944788, -0.941556, -0.936443, -0.929432, -0.920551, -0.909902, -0.897694, -0.884255, -0.870041, -0.855618, -0.841636, -0.82878, -0.817723, -0.809072, -0.803317, -0.80081
-0.80081, -0.798289, -0.792393, -0.783233, -0.770974, -0.755874, -0.738301, -0.718753, -0.697854, -0.676342, -0.655046, -0.634843, -0.616605, -0.601154, -0.589202, -0.581315, -0.577894
-0.577894, -0.574463, -0.566474, -0.554156, -0.537837, -0.51798, -0.495186, -0.470191, -0.443855, -0.41713, -0.391024, -0.366556, -0.344704, -0.326354, -0.31226, -0.303005, -0.299002
-0.299002, -0.294993, -0.285685, -0.271401, -0.252603, -0.229913, -0.204104, -0.176085, -0.146863, -0.117513, -0.0891257, -0.0627636, -0.0394129, -0.0199425, -0.00507132, 0.00465554, 0.00885354
0.00885354, 0.0130514, 0.0227767, 0.0376422, 0.0570993, 0.0804252, 0.106748, 0.135078, 0.164355, 0.193487, 0.221406, 0.247109, 0.269696, 0.288401, 0.302609, 0.311865, 0.315851
0.315851, 0.319832, 0.329032, 0.34304, 0.361271, 0.382973, 0.407259, 0.433157, 0.459652, 0.485745, 0.510491, 0.533045, 0.55268, 0.568808, 0.580977, 0.588866, 0.592254
0.592254, 0.595632, 0.603417, 0.615209, 0.630448, 0.648424, 0.668322, 0.689278, 0.710426, 0.730951, 0.750128, 0.767348, 0.78213, 0.794119, 0.80307, 0.808828, 0.811289
0.811289, 0.813736, 0.819351, 0.827787, 0.838558, 0.851066, 0.864649, 0.878633, 0.892385, 0.905355, 0.917105, 0.927323, 0.93582, 0.942508, 0.947373, 0.950442, 0.951739
0.951739, 0.953019, 0.95592, 0.960181, 0.965441, 0.97127, 0.977222, 0.98288, 0.987904, 0.992062, 0.995247, 0.997473, 0.998862, 0.999601, 0.999911, 0.999993, 1
1, 0.999989, 0.999895, 0.999569, 0.998808, 0.997394, 0.995138, 0.991921, 0.987731, 0.982674, 0.976985, 0.971005, 0.96515, 0.959869, 0.955593, 0.952681, 0.951396
0.951396, 0.950095, 0.947016, 0.942134, 0.935426, 0.926905, 0.91666, 0.904881, 0.891882, 0.878101, 0.864089, 0.85048, 0.83795, 0.827161, 0.818712, 0.813088, 0.810637
0.810637, 0.808172, 0.802405, 0.793441, 0.781435, 0.766633, 0.749391, 0.73019, 0.709641, 0.68847, 0.667493, 0.647575, 0.629582, 0.61433, 0.602527, 0.594736, 0.591356
0.591356, 0.587965, 0.580069, 0.567891, 0.551751, 0.532101, 0.509532, 0.48477, 0.458662, 0.432152, 0.406241, 0.381943, 0.360231, 0.341993, 0.32798, 0.318775, 0.314793
0.314793, 0.310806, 0.301546, 0.287333, 0.268622, 0.246028, 0.220319, 0.192393, 0.163255, 0.133974, 0.105639, 0.0793141, 0.0559864, 0.0365283, 0.0216623, 0.0119368, 0.00773892
0.00773892, 0.00354089, -0.00618596, -0.0210569, -0.0405266, -0.063876, -0.0902358, -0.11862, -0.147966, -0.177182, -0.205195, -0.230997, -0.253681, -0.272474, -0.286753, -0.296058, -0.300065
-0.300065, -0.304067, -0.313319, -0.327407, -0.34575, -0.367593, -0.39205, -0.418143, -0.444854, -0.471175, -0.496154, -0.518933, -0.538777, -0.555084, -0.567393, -0.575375, -0.578804
-0.578804, -0.582222, -0.590103, -0.602044, -0.617482, -0.635704, -0.655888, -0.677163, -0.698652, -0.719528, -0.739053, -0.756603, -0.771684, -0.783925, -0.793072, -0.798959, -0.801477
-0.801477, -0.803981, -0.809727, -0.818364, -0.829403, -0.842237, -0.856195, -0.87059, -0.884775, -0.898185, -0.910364, -0.920985, -0.929842, -0.936833, -0.941931, -0.945153, -0.946516
-0.946516, -0.947862, -0.950917, -0.955414, -0.960984, -0.967188, -0.973567, -0.979688, -0.985196, -0.989839, -0.993494, -0.996157, -0.997933, -0.998995, -0.999551, -0.999795, -0.999871
-0.999871, -0.99993, -0.999998, -0.999919, -0.99948, -0.998453, -0.996635, -0.99389, -0.990186, -0.985614, -0.98039, -0.974837, -0.969359, -0.964391, -0.96035, -0.957593, -0.956375
-0.956375, -0.95514, -0.952215, -0.947567, -0.941163, -0.933004, -0.923165, -0.911819, -0.899263, -0.885918, -0.872321, -0.859091, -0.846889, -0.836371, -0.828126, -0.822635, -0.820241
-0.820241, -0.817832, -0.812196, -0.80343, -0.791681, -0.777181, -0.760273, -0.741426, -0.721234, -0.700409, -0.679756, -0.660129, -0.642387, -0.627337, -0.615686, -0.607993, -0.604654
-0.604654, -0.601305, -0.593505, -0.58147, -0.565513, -0.546076, -0.523739, -0.499215, -0.473343, -0.447055, -0.421346, -0.397224, -0.37566, -0.357537, -0.343608, -0.334458, -0.330498
-0.330498, -0.326533, -0.317324, -0.303186, -0.284567, -0.262076, -0.236473, -0.208649, -0.179602, -0.150398, -0.122124, -0.0958428, -0.0725446, -0.0531041, -0.0382473, -0.0285259, -0.0243293
-0.0243293, -0.0201322, -0.0104065, 0.00446579, 0.0239428, 0.0473092, 0.0736992, 0.102129, 0.131536, 0.160828, 0.188928, 0.214822, 0.237597, 0.256473, 0.270819, 0.280169, 0.284197
0.284197, 0.288219, 0.297519, 0.311685, 0.330134, 0.352112, 0.376732, 0.403013, 0.429933, 0.456475, 0.48168, 0.504679, 0.524725, 0.541206, 0.553652, 0.561726, 0.565194
0.565194, 0.568652, 0.576626, 0.588713, 0.604346, 0.622808, 0.643273, 0.664861, 0.686684, 0.707906, 0.727774, 0.74565, 0.761025, 0.773516, 0.782856, 0.788871, 0.791444
0.791444, 0.794003, 0.799879, 0.808716, 0.820019, 0.833176, 0.847505, 0.862307, 0.876921, 0.890767, 0.903373, 0.914395, 0.923609, 0.930901, 0.93623, 0.939604, 0.941032
0.941032, 0.942444, 0.945652, 0.950383, 0.956262, 0.96284, 0.969643, 0.976226, 0.982216, 0.987344, 0.991468, 0.994567, 0.996729, 0.998114, 0.998917, 0.999322, 0.999468
0.999468, 0.999596, 0.999825, 0.999993, 0.999878, 0.999238, 0.997858, 0.995584, 0.992369, 0.988283, 0.983524, 0.978402, 0.973301, 0.968646, 0.964844, 0.962242, 0.961091
0.961091, 0.959923, 0.957151, 0.952739, 0.946641, 0.938847, 0.929416, 0.918506, 0.906397, 0.893493, 0.880313, 0.867464, 0.855596, 0.845351, 0.837313, 0.831955, 0.829619
0.829619, 0.827267, 0.821764, 0.813198, 0.801708, 0.787515, 0.770947, 0.752458, 0.732627, 0.712155, 0.691831, 0.672501, 0.655014, 0.640172, 0.628676, 0.621082, 0.617786

-0.955785, -0.957011, -0.959787, -0.963856, -0.968862, -0.974386, -0.979991, -0.985272, -0.989902, -0.993665, -0.996468, -0.998339, -0.999413, -0.999891, -1, -0.999952, -0.999902
-0.999902, -0.999834, -0.99961, -0.999083, -0.99806, -0.996332, -0.993721, -0.990124, -0.985539, -0.98009, -0.974025, -0.967698, -0.961539, -0.956007, -0.951539, -0.948502, -0.947164
-0.947164, -0.945809, -0.942606, -0.937536, -0.930582, -0.921769, -0.911196, -0.899069, -0.885712, -0.871579, -0.857234, -0.843322, -0.830527, -0.81952, -0.810907, -0.805177, -0.80268
-0.80268, -0.80017, -0.794298, -0.785175, -0.772964, -0.757919, -0.740409, -0.720926, -0.700092, -0.678644, -0.657408, -0.637258, -0.619066, -0.603652, -0.591728, -0.583859, -0.580446
-0.580446, -0.577022, -0.569051, -0.556759, -0.540473, -0.520655, -0.497902, -0.472951, -0.446657, -0.419972, -0.393903, -0.369466, -0.34764, -0.329311, -0.315232, -0.305986, -0.301987
-0.301987, -0.297982, -0.288683, -0.274412, -0.25563, -0.232957, -0.207167, -0.179165, -0.149958, -0.12062, -0.0922424, -0.0658867, -0.0425398, -0.0230714, -0.00820087, 0.00152594, 0.005724
0.005724, 0.00992197, 0.0196478, 0.0345146, 0.0539745, 0.0773054, 0.103635, 0.131977, 0.161267, 0.190415, 0.218353, 0.244075, 0.266681, 0.285403, 0.299624, 0.30889, 0.31288
0.31288, 0.316865, 0.326075, 0.340098, 0.358351, 0.38008, 0.404399, 0.430334, 0.456871, 0.483007, 0.507798, 0.530394, 0.550069, 0.566231, 0.578427, 0.586334, 0.58973
0.58973, 0.593115, 0.600918, 0.612739, 0.628016, 0.646038, 0.665991, 0.687008, 0.70822, 0.728812, 0.748055, 0.765337, 0.780176, 0.792213, 0.801201, 0.806983, 0.809455
0.809455, 0.811913, 0.817553, 0.826027, 0.836848, 0.849419, 0.863073, 0.877135, 0.890969, 0.904022, 0.915853, 0.926147, 0.934712, 0.941457, 0.946367, 0.949465, 0.950774
0.950774, 0.952067, 0.954997, 0.959302, 0.964621, 0.970521, 0.976553, 0.982299, 0.987414, 0.991664, 0.994937, 0.997246, 0.998707, 0.999508, 0.999864, 0.999977, 0.999997
0.999997, 0.999999, 0.999936, 0.999656, 0.998956, 0.997614, 0.995441, 0.992314, 0.988215, 0.98325, 0.977648, 0.971748, 0.965964, 0.960742, 0.95651, 0.953628, 0.952356
0.952356, 0.951067, 0.948016, 0.943179, 0.936528, 0.928075, 0.917906, 0.906209, 0.893293, 0.879594, 0.86566, 0.852122, 0.839654, 0.828915, 0.820505, 0.814906, 0.812465
0.812465, 0.810011, 0.804269, 0.795342, 0.783384, 0.768639, 0.751459, 0.732325, 0.711843, 0.690737, 0.66982, 0.649956, 0.632011, 0.616796, 0.605022, 0.597249, 0.593877
0.593877, 0.590494, 0.582616, 0.570464, 0.554358, 0.534748, 0.512223, 0.487505, 0.461441, 0.434972, 0.409099, 0.384833, 0.363149, 0.344932, 0.330934, 0.32174, 0.317762
0.317762, 0.313779, 0.304529, 0.29033, 0.271635, 0.249061, 0.22337, 0.195463, 0.166342, 0.137074, 0.108751, 0.0824335, 0.0591109, 0.0396557, 0.0247911, 0.0150661, 0.0108684
0.0108684, 0.00667047, -0.00305638, -0.0179279, -0.0373994, -0.0607525, -0.0871185, -0.115512, -0.14487, -0.174101, -0.202131, -0.227951, -0.250653, -0.269462, -0.283754, -0.293067, -0.297078
-0.297078, -0.301084, -0.310345, -0.324449, -0.342811, -0.364681, -0.389169, -0.415298, -0.442049, -0.468412, -0.493434, -0.516255, -0.536137, -0.552478, -0.564813, -0.572813, -0.576249
-0.576249, -0.579675, -0.587573, -0.599542, -0.615017, -0.633285, -0.653523, -0.674856, -0.696409, -0.717351, -0.736941, -0.754553, -0.76969, -0.781979, -0.791162, -0.797073, -0.799602
-0.799602, -0.802116, -0.807886, -0.816561, -0.82765, -0.840546, -0.854574, -0.869046, -0.883312, -0.896804, -0.909065, -0.919762, -0.928686, -0.935734, -0.940876, -0.944126, -0.945502
-0.945502, -0.94686, -0.949944, -0.954485, -0.960114, -0.966388, -0.972847, -0.979056, -0.984654, -0.989389, -0.993133, -0.995878, -0.997727, -0.99885, -0.999453, -0.999727, -0.999816
-0.999816, -0.999888, -0.999986, -0.999954, -0.999576, -0.998623, -0.996886, -0.99423, -0.990619, -0.986138, -0.981002, -0.97553, -0.970123, -0.965214, -0.961218, -0.95849, -0.957285
-0.957285, -0.956063, -0.953166, -0.948562, -0.942216, -0.934126, -0.924363, -0.9131, -0.900628, -0.887366, -0.873847, -0.860688, -0.84855, -0.838082, -0.829876, -0.82441, -0.822027
-0.822027, -0.819629, -0.814018, -0.80529, -0.793589, -0.779146, -0.762303, -0.743522, -0.723398, -0.702639, -0.682048, -0.662476, -0.644782, -0.629771, -0.618149, -0.610474, -0.607144
-0.607144, -0.603803, -0.596021, -0.584013, -0.568091, -0.548695, -0.526402, -0.501925, -0.476097, -0.449852, -0.424183, -0.400094, -0.378558, -0.360458, -0.346546, -0.337405, -0.333451
-0.333451, -0.32949, -0.320291, -0.306167, -0.287566, -0.265095, -0.239512, -0.211708, -0.18268, -0.153491, -0.125229, -0.0989576, -0.0756656, -0.0562291, -0.0413745, -0.0316541, -0.0274578
-0.0274578, -0.0232611, -0.0135359, 0.00133619, 0.0208139, 0.0441829, 0.0705777, 0.099015, 0.128433, 0.157738, 0.185854, 0.211765, 0.234556, 0.253446, 0.267805, 0.277163, 0.281195
0.281195, 0.285221, 0.29453, 0.30871, 0.327178, 0.349181, 0.373831, 0.400147, 0.427105, 0.453688, 0.478935, 0.501974, 0.522058, 0.538572, 0.551043, 0.559134, 0.562609
0.562609, 0.566075, 0.574067, 0.58618, 0.60185, 0.620357, 0.640874, 0.66252, 0.684406, 0.705692, 0.725624, 0.743561, 0.758991, 0.771529, 0.780905, 0.786944, 0.789528
0.789528, 0.792097, 0.797997, 0.806871, 0.818224, 0.831442, 0.845839, 0.860718, 0.875413, 0.88934, 0.902026, 0.913123, 0.922405, 0.929753, 0.935126, 0.938528, 0.939969
0.939969, 0.941393, 0.94463, 0.949405, 0.955342, 0.96199, 0.968873, 0.975543, 0.981623, 0.986843, 0.991055, 0.994236, 0.996471, 0.997917, 0.998766, 0.999202, 0.999361
0.999361, 0.999502, 0.999762, 0.999976, 0.999922, 0.999356, 0.998057, 0.995873, 0.99275, 0.988756, 0.984085, 0.979044, 0.974015, 0.969419, 0.965662, 0.963089, 0.961951

-0.600549, -0.6039, -0.611624, -0.623323, -0.638435, -0.656256, -0.675973, -0.696728, -0.717661, -0.737964, -0.756921, -0.773933, -0.788527, -0.800356, -0.809184, -0.814861, -0.817287
-0.817287, -0.819699, -0.825232, -0.83354, -0.844143, -0.856446, -0.869794, -0.88352, -0.897001, -0.909695, -0.921175, -0.931141, -0.939412, -0.94591, -0.950631, -0.953604, -0.95486
-0.95486, -0.956098, -0.958903, -0.963017, -0.968083, -0.973678, -0.979363, -0.984732, -0.989454, -0.993309, -0.9962, -0.998154, -0.999301, -0.99984, -0.999995, -0.999978, -0.999941
-0.999941, -0.999886, -0.999692, -0.999213, -0.99825, -0.996595, -0.994067, -0.990558, -0.986064, -0.980707, -0.974729, -0.968482, -0.962394, -0.95692, -0.952496, -0.949489, -0.948163
-0.948163, -0.946821, -0.943646, -0.93862, -0.931723, -0.922978, -0.912481, -0.900434, -0.887161, -0.873109, -0.858841, -0.844999, -0.832266, -0.82131, -0.812735, -0.807029, -0.804543
-0.804543, -0.802043, -0.796195, -0.787109, -0.774946, -0.759957, -0.742509, -0.723091, -0.702323, -0.680939, -0.659763, -0.639666, -0.621521, -0.606144, -0.594248, -0.586397, -0.582991
-0.582991, -0.579575, -0.571621, -0.559356, -0.543104, -0.523324, -0.500614, -0.475706, -0.449455, -0.42281, -0.396777, -0.372373, -0.350572, -0.332264, -0.3182, -0.308964, -0.304969
-0.304969, -0.300968, -0.291678, -0.27742, -0.258654, -0.236, -0.210228, -0.182243, -0.153052, -0.123726, -0.0953582, -0.0690092, -0.0456664, -0.0262, -0.0113303, -0.00160368, 0.00259441
0.00259441, 0.00679246, 0.0165187, 0.0313867, 0.0508492, 0.0741847, 0.100522, 0.128874, 0.158177, 0.187342, 0.215298, 0.241039, 0.263663, 0.282402, 0.296637, 0.305912, 0.309906
0.309906, 0.313895, 0.323115, 0.337154, 0.355427, 0.377183, 0.401535, 0.427507, 0.454085, 0.480264, 0.505099, 0.527738, 0.547453, 0.563649, 0.575871, 0.583796, 0.587199
0.587199, 0.590592, 0.598413, 0.610262, 0.625577, 0.643646, 0.663653, 0.68473, 0.706007, 0.726666, 0.745974, 0.763319, 0.778215, 0.790299, 0.799324, 0.805131, 0.807614
0.807614, 0.810082, 0.815747, 0.824259, 0.835131, 0.847763, 0.861488, 0.875627, 0.889543, 0.902679, 0.914592, 0.924962, 0.933595, 0.940397, 0.945351, 0.948478, 0.9498
0.9498, 0.951105, 0.954064, 0.958414, 0.963791, 0.969762, 0.975875, 0.981708, 0.986914, 0.991256, 0.994618, 0.997009, 0.998544, 0.999405, 0.999807, 0.999951, 0.999984
0.999984, 0.999999, 0.999966, 0.999733, 0.999094, 0.997826, 0.995735, 0.992696, 0.988689, 0.983815, 0.978301, 0.972482, 0.966769, 0.961606, 0.957418, 0.954565, 0.953305
0.953305, 0.952029, 0.949008, 0.944214, 0.93762, 0.929236, 0.919143, 0.907528, 0.894695, 0.881078, 0.867222, 0.853756, 0.841349, 0.830662, 0.82229, 0.816716, 0.814286
0.814286, 0.811842, 0.806124, 0.797235, 0.785325, 0.770637, 0.75352, 0.734452, 0.714037, 0.692996, 0.672141, 0.652332, 0.634433, 0.619257, 0.607511, 0.599756, 0.596392
0.596392, 0.593017, 0.585157, 0.573032, 0.55696, 0.53739, 0.514908, 0.490235, 0.464215, 0.437788, 0.411953, 0.38772, 0.366063, 0.347868, 0.333886, 0.324702, 0.320728
0.320728, 0.316749, 0.307508, 0.293323, 0.274646, 0.25209, 0.22642, 0.198532, 0.169427, 0.140174, 0.111861, 0.0855521, 0.0622347, 0.0427826, 0.0279196, 0.0181953, 0.0139978
0.0139978, 0.00979998, 7.32381e-05, -0.0147987, -0.0342718, -0.0576283, -0.0840004, -0.112402, -0.141772, -0.171018, -0.199065, -0.224903, -0.247622, -0.266446, -0.280751, -0.290074, -0.294089
-0.294089, -0.298098, -0.307369, -0.321487, -0.33987, -0.361765, -0.386284, -0.412449, -0.439239, -0.465645, -0.49071, -0.513573, -0.533493, -0.549866, -0.562227, -0.570245, -0.573688
-0.573688, -0.577122, -0.585038, -0.597034, -0.612547, -0.630859, -0.651151, -0.672544, -0.69416, -0.715167, -0.734822, -0.752496, -0.767688, -0.780024, -0.789244, -0.79518, -0.797718
-0.797718, -0.800243, -0.806038, -0.814751, -0.82589, -0.838846, -0.852944, -0.867493, -0.881841, -0.895415, -0.907756, -0.918529, -0.927521, -0.934625, -0.939811, -0.94309, -0.944478
-0.944478, -0.945849, -0.948962, -0.953547, -0.959234, -0.965579, -0.972118, -0.978414, -0.984103, -0.98893, -0.992762, -0.99559, -0.997511, -0.998695, -0.999344, -0.999649, -0.999751
-0.999751, -0.999836, -0.999965, -0.999979, -0.999662, -0.998782, -0.997128, -0.994561, -0.991041, -0.986653, -0.981604, -0.976214, -0.970878, -0.966027, -0.962077, -0.959378, -0.958185
-0.958185, -0.956975, -0.954108, -0.949549, -0.94326, -0.935239, -0.925553, -0.914371, -0.901983, -0.888804, -0.875364, -0.862277, -0.850201, -0.839786, -0.831619, -0.826178, -0.823805
-0.823805, -0.821418, -0.815832, -0.807141, -0.795489, -0.781104, -0.764325, -0.745612, -0.725555, -0.704863, -0.684333, -0.664817, -0.647171, -0.632199, -0.620606, -0.61295, -0.609628
-0.609628, -0.606295, -0.598531, -0.586551, -0.570664, -0.551309, -0.529061, -0.504629, -0.478847, -0.452645, -0.427015, -0.402961, -0.381453, -0.363375, -0.34948, -0.34035, -0.336399
-0.336399, -0.332443, -0.323254, -0.309145, -0.290562, -0.268112, -0.24255, -0.214766, -0.185756, -0.156583, -0.128334, -0.102071, -0.0787859, -0.0593534, -0.0445012, -0.034782, -0.0305861
-0.0305861, -0.0263897, -0.0166651, -0.00179343, 0.0176849, 0.0410561, 0.0674556, 0.0959003, 0.125329, 0.154647, 0.182778, 0.208705, 0.231513, 0.250418, 0.264788, 0.274155, 0.27819
0.27819, 0.28222, 0.291538, 0.305731, 0.324219, 0.346247, 0.370927, 0.397277, 0.424273, 0.450897, 0.476185, 0.499265, 0.519386, 0.535932, 0.548429, 0.556536, 0.560019
0.560019, 0.563492, 0.571501, 0.583642, 0.599348, 0.617899, 0.638469, 0.660172, 0.682121, 0.703472, 0.723467, 0.741465, 0.75695, 0.769534, 0.778947, 0.785009, 0.787603
0.787603, 0.790183, 0.796107, 0.805018, 0.816421, 0.829699, 0.844166, 0.85912, 0.873896, 0.887905, 0.900671, 0.911843, 0.921192, 0.928596, 0.934012, 0.937443, 0.938896

-0.0160568, -0.0202542, -0.029978, -0.0448399, -0.0642898, -0.0876035, -0.113907, -0.142212, -0.171456, -0.200549, -0.228425, -0.254082, -0.276625, -0.295291, -0.309467, -0.318702, -0.322678
-0.322678, -0.326649, -0.335826, -0.349797, -0.367979, -0.389617, -0.413828, -0.439639, -0.466038, -0.492029, -0.516672, -0.539126, -0.558669, -0.574718, -0.586825, -0.594673, -0.598043
-0.598043, -0.601403, -0.609145, -0.620872, -0.636024, -0.653891, -0.673664, -0.694479, -0.715478, -0.735848, -0.754873, -0.771947, -0.786599, -0.798476, -0.807341, -0.813043, -0.81548
-0.81548, -0.817902, -0.82346, -0.831807, -0.842461, -0.854826, -0.868246, -0.88205, -0.895613, -0.908391, -0.919953, -0.929995, -0.938334, -0.944891, -0.949655, -0.952657, -0.953925
-0.953925, -0.955177, -0.958011, -0.962169, -0.967293, -0.97296, -0.978726, -0.984182, -0.988996, -0.992942, -0.995922, -0.997959, -0.999179, -0.999779, -0.999981, -0.999994, -0.99997
-0.99997, -0.999928, -0.999765, -0.999332, -0.99843, -0.996848, -0.994402, -0.990982, -0.98658, -0.981314, -0.975423, -0.969257, -0.96324, -0.957824, -0.953445, -0.950466, -0.949153
-0.949153, -0.947823, -0.944678, -0.939695, -0.932855, -0.924178, -0.913757, -0.901791, -0.888601, -0.874631, -0.86044, -0.846669, -0.833997, -0.823091, -0.814554, -0.808873, -0.806398
-0.806398, -0.803908, -0.798085, -0.789036, -0.77692, -0.761988, -0.744601, -0.725249, -0.704547, -0.683228, -0.662112, -0.642069, -0.623969, -0.60863, -0.596762, -0.588929, -0.585531
-0.585531, -0.582123, -0.574187, -0.561947, -0.545729, -0.525988, -0.503321, -0.478457, -0.452249, -0.425644, -0.399648, -0.375275, -0.353502, -0.335214, -0.321166, -0.311939, -0.307948
-0.307948, -0.303951, -0.29467, -0.280426, -0.261676, -0.23904, -0.213286, -0.185319, -0.156144, -0.126831, -0.0984731, -0.072131, -0.0487925, -0.0293285, -0.0144597, -0.00473328, -0.000535205
-0.000535205, 0.00366288, 0.0133894, 0.0282585, 0.0477234, 0.0710634, 0.0974078, 0.12577, 0.155086, 0.184267, 0.21224, 0.238, 0.260643, 0.279398, 0.293647, 0.302931, 0.306929
0.306929, 0.310922, 0.320152, 0.334206, 0.3525, 0.374283, 0.398667, 0.424676, 0.451294, 0.477517, 0.502395, 0.525078, 0.544831, 0.561061, 0.57331, 0.581252, 0.584663
0.584663, 0.588064, 0.595903, 0.60778, 0.623133, 0.641248, 0.661309, 0.682446, 0.703787, 0.724512, 0.743886, 0.761294, 0.776245, 0.788378, 0.79744, 0.803271, 0.805764
0.805764, 0.808243, 0.813933, 0.822483, 0.833406, 0.846099, 0.859894, 0.874111, 0.888109, 0.901328, 0.913322, 0.923768, 0.932469, 0.939328, 0.944326, 0.947481, 0.948816
0.948816, 0.950133, 0.953122, 0.957516, 0.962952, 0.968993, 0.975187, 0.981107, 0.986405, 0.990838, 0.994289, 0.996762, 0.99837, 0.999292, 0.999741, 0.999915, 0.999961
0.999961, 0.999989, 0.999987, 0.999801, 0.999222, 0.998027, 0.996018, 0.993069, 0.989154, 0.984371, 0.978945, 0.973206, 0.967564, 0.96246, 0.958317, 0.955493, 0.954246
0.954246, 0.952982, 0.94999, 0.94524, 0.938704, 0.930388, 0.920372, 0.908838, 0.896089, 0.882554, 0.868776, 0.855381, 0.843037, 0.8324, 0.824067, 0.818518, 0.816099
0.816099, 0.813665, 0.807972, 0.79912, 0.787259, 0.772627, 0.755574, 0.736573, 0.716225, 0.695249, 0.674454, 0.654701, 0.636849, 0.621711, 0.609994, 0.602257, 0.598901
0.598901, 0.595534, 0.587692, 0.575594, 0.559557, 0.540027, 0.517588, 0.49296, 0.466985, 0.4406, 0.414802, 0.390603, 0.368974, 0.3508, 0.336834, 0.32766, 0.323691
0.323691, 0.319716, 0.310485, 0.296313, 0.277654, 0.255118, 0.229467, 0.201598, 0.172511, 0.143272, 0.114971, 0.0886698, 0.065358, 0.0459092, 0.0310479, 0.0213243, 0.017127
0.017127, 0.0129294, 0.00320285, -0.0116693, -0.0311438, -0.0545037, -0.0808814, -0.109292, -0.138674, -0.167934, -0.195997, -0.221852, -0.244589, -0.263429, -0.277746, -0.287077, -0.291096
-0.291096, -0.29511, -0.304389, -0.318522, -0.336925, -0.358845, -0.383395, -0.409596, -0.436426, -0.462873, -0.48798, -0.510885, -0.530843, -0.54725, -0.559637, -0.567671, -0.571122
-0.571122, -0.574563, -0.582497, -0.594521, -0.61007, -0.628428, -0.648772, -0.670224, -0.691903, -0.712976, -0.732696, -0.750431, -0.765678, -0.778062, -0.787318, -0.793278, -0.795827
-0.795827, -0.798362, -0.804182, -0.812932, -0.824121, -0.837138, -0.851306, -0.865932, -0.880361, -0.894017, -0.906439, -0.917287, -0.926347, -0.933508, -0.938737, -0.942045, -0.943445
-0.943445, -0.944828, -0.94797, -0.9526, -0.958345, -0.96476, -0.971379, -0.977762, -0.983543, -0.988461, -0.992381, -0.995291, -0.997285, -0.99853, -0.999226, -0.999561, -0.999677
-0.999677, -0.999775, -0.999934, -0.999994, -0.999739, -0.998931, -0.99736, -0.994882, -0.991455, -0.987158, -0.982197, -0.976887, -0.971623, -0.966831, -0.962926, -0.960256, -0.959076
-0.959076, -0.957879, -0.95504, -0.950525, -0.944294, -0.936342, -0.926733, -0.915634, -0.90333, -0.890234, -0.876873, -0.863858, -0.851845, -0.841481, -0.833353, -0.827937, -0.825575
-0.825575, -0.823199, -0.817637, -0.808985, -0.797382, -0.783055, -0.766339, -0.747693, -0.727705, -0.707079, -0.686612, -0.667152, -0.649554, -0.634621, -0.623057, -0.61542, -0.612106
-0.612106, -0.60878, -0.601035, -0.589083, -0.573231, -0.553917, -0.531714, -0.507328, -0.481592, -0.455434, -0.429842, -0.405823, -0.384344, -0.366289, -0.35241, -0.343291, -0.339345
-0.339345, -0.335393, -0.326214, -0.312119, -0.293555, -0.271125, -0.245585, -0.217821, -0.18883, -0.159673, -0.131437, -0.105184, -0.0819054, -0.0624773, -0.0476275, -0.0379095, -0.0337141
-0.0337141, -0.0295181, -0.0197942, -0.00492303, 0.0145557, 0.0379289, 0.0643328, 0.0927846, 0.122223, 0.151554, 0.1797, 0.205643, 0.228467, 0.247387, 0.261769, 0.271144, 0.275182
0.275182, 0.279216, 0.288543, 0.30275, 0.321257, 0.343309, 0.368019, 0.394403, 0.421437, 0.448102, 0.473431, 0.496551, 0.516709, 0.533287, 0.545809, 0.553933, 0.557424

0.574565, 0.571124, 0.563112, 0.55076, 0.534398, 0.514491, 0.491642, 0.466592, 0.440201, 0.413424, 0.387271, 0.362763, 0.340876, 0.3225, 0.308387, 0.29912, 0.295111
0.295111, 0.291098, 0.281778, 0.267478, 0.248659, 0.225946, 0.200114, 0.172073, 0.142832, 0.113466, 0.085067, 0.0586969, 0.0353415, 0.015869, 0.000997171, -0.00872962, -0.0129275
-0.0129275, -0.0171251, -0.0268496, -0.0417132, -0.0611663, -0.0844855, -0.110798, -0.139114, -0.168372, -0.197482, -0.225377, -0.251054, -0.273617, -0.292299, -0.306489, -0.315734, -0.319714
-0.319714, -0.323689, -0.332877, -0.346864, -0.365067, -0.386733, -0.410977, -0.436825, -0.463267, -0.489302, -0.51399, -0.536487, -0.556071, -0.572154, -0.584288, -0.592154, -0.595532
-0.595532, -0.598899, -0.60666, -0.618416, -0.633605, -0.65152, -0.671348, -0.692224, -0.713288, -0.733726, -0.752816, -0.769954, -0.784662, -0.796588, -0.805491, -0.811217, -0.813664
-0.813664, -0.816098, -0.82168, -0.830066, -0.84077, -0.853198, -0.866689, -0.880571, -0.894217, -0.907078, -0.918721, -0.92884, -0.937248, -0.943861, -0.94867, -0.951701, -0.952982
-0.952982, -0.954245, -0.957109, -0.961312, -0.966495, -0.972232, -0.978079, -0.983623, -0.988528, -0.992566, -0.995635, -0.997755, -0.999048, -0.999708, -0.999957, -1, -0.999989
-0.999989, -0.999961, -0.999828, -0.999441, -0.998601, -0.997091, -0.994728, -0.991396, -0.987086, -0.981911, -0.976108, -0.970022, -0.964076, -0.958719, -0.954384, -0.951435, -0.950134
-0.950134, -0.948816, -0.945699, -0.940761, -0.933978, -0.925368, -0.915024, -0.903139, -0.890032, -0.876144, -0.862031, -0.84833, -0.835719, -0.824864, -0.816366, -0.810709, -0.808245
-0.808245, -0.805765, -0.799967, -0.790954, -0.778886, -0.76401, -0.746687, -0.7274, -0.706765, -0.68551, -0.664454, -0.644465, -0.626412, -0.61111, -0.599271, -0.591456, -0.588065
-0.588065, -0.584665, -0.576746, -0.564533, -0.548349, -0.528647, -0.506023, -0.481203, -0.455038, -0.428474, -0.402515, -0.378174, -0.356428, -0.338161, -0.324128, -0.314911, -0.310924
-0.310924, -0.306931, -0.297659, -0.283429, -0.264695, -0.242077, -0.216343, -0.188393, -0.159234, -0.129935, -0.101587, -0.0752521, -0.0519182, -0.0324566, -0.0175889, -0.00786284, -0.00366482
-0.00366482, 0.000533273, 0.01026, 0.02513, 0.0445971, 0.0679413, 0.0942926, 0.122664, 0.151994, 0.18119, 0.209181, 0.234959, 0.25762, 0.276392, 0.290654, 0.299947, 0.303949
0.303949, 0.307946, 0.317185, 0.331254, 0.34957, 0.371379, 0.395795, 0.42184, 0.448499, 0.474764, 0.499687, 0.522412, 0.542204, 0.558468, 0.570743, 0.578703, 0.582121
0.582121, 0.58553, 0.593387, 0.605292, 0.620682, 0.638843, 0.658958, 0.680155, 0.701561, 0.722351, 0.741791, 0.759261, 0.774269, 0.786448, 0.795547, 0.801403, 0.803907
0.803907, 0.806397, 0.812111, 0.820699, 0.831672, 0.844427, 0.858292, 0.872587, 0.886666, 0.899968, 0.912043, 0.922565, 0.931334, 0.93825, 0.943292, 0.946476, 0.947823
0.947823, 0.949153, 0.95217, 0.956609, 0.962103, 0.968215, 0.974489, 0.980497, 0.985886, 0.99041, 0.99395, 0.996506, 0.998186, 0.999169, 0.999665, 0.999869, 0.999928
0.999928, 0.99997, 0.999998, 0.999858, 0.999341, 0.998219, 0.996293, 0.993432, 0.989608, 0.984917, 0.979579, 0.973921, 0.96835, 0.963305, 0.959207, 0.956411, 0.955177
0.955177, 0.953926, 0.950962, 0.946257, 0.939778, 0.93153, 0.921591, 0.910139, 0.897473, 0.884021, 0.870322, 0.856998, 0.844716, 0.834131, 0.825836, 0.820312, 0.817903
0.817903, 0.815481, 0.809813, 0.800998, 0.789185, 0.77461, 0.757621, 0.738686, 0.718406, 0.697495, 0.676762, 0.657063, 0.639259, 0.624159, 0.612471, 0.604753, 0.601404
0.601404, 0.598045, 0.590221, 0.57815, 0.562148, 0.542659, 0.520264, 0.495681, 0.46975, 0.443407, 0.417648, 0.393482, 0.371881, 0.353729, 0.33978, 0.330615, 0.32665
0.32665, 0.32268, 0.313458, 0.299301, 0.280659, 0.258142, 0.232512, 0.204662, 0.175592, 0.146369, 0.118079, 0.0917866, 0.0684806, 0.0490353, 0.0341758, 0.0244531, 0.0202561
0.0202561, 0.0160587, 0.00633243, -0.00853988, -0.0280156, -0.0513784, -0.0777617, -0.106181, -0.135574, -0.164848, -0.192927, -0.2188, -0.241553, -0.260408, -0.274738, -0.284078, -0.2881
-0.2881, -0.292118, -0.301407, -0.315554, -0.333977, -0.355923, -0.380503, -0.406739, -0.433608, -0.460096, -0.485246, -0.508192, -0.528189, -0.544628, -0.55704, -0.565092, -0.56855
-0.56855, -0.571999, -0.57995, -0.592001, -0.607587, -0.625991, -0.646387, -0.667898, -0.689641, -0.710778, -0.730562, -0.748359, -0.763662, -0.776092, -0.785385, -0.791369, -0.793928
-0.793928, -0.796474, -0.802317, -0.811106, -0.822344, -0.835422, -0.84966, -0.864363, -0.878872, -0.892611, -0.905113, -0.916036, -0.925163, -0.932381, -0.937654, -0.94099, -0.942403
-0.942403, -0.943799, -0.946969, -0.951643, -0.957446, -0.963932, -0.970631, -0.977101, -0.982972, -0.987982, -0.99199, -0.994983, -0.99705, -0.998356, -0.999098, -0.999464, -0.999592
-0.999592, -0.999703, -0.999893, -1, -0.999806, -0.999071, -0.997583, -0.995194, -0.991858, -0.987653, -0.98278, -0.977551, -0.972358, -0.967626, -0.963765, -0.961125, -0.959957
-0.959957, -0.958773, -0.955963, -0.951493, -0.94532, -0.937436, -0.927905, -0.916887, -0.904668, -0.891655, -0.878373, -0.86543, -0.85348, -0.843167, -0.835078, -0.829688, -0.827337
-0.827337, -0.824972, -0.819435, -0.810821, -0.799266, -0.784997, -0.768346, -0.749768, -0.729848, -0.709289, -0.688884, -0.66948, -0.65193, -0.637037, -0.625502, -0.617884, -0.614577
-0.614577, -0.61126, -0.603533, -0.591609, -0.575793, -0.55652, -0.534362, -0.510023, -0.484333, -0.458218, -0.432666, -0.408681, -0.387231, -0.3692, -0.355338, -0.346229, -0.342287
-0.342287, -0.33834, -0.329171, -0.315091, -0.296546, -0.274136, -0.248617, -0.220875, -0.191902, -0.162762, -0.134539, -0.108296, -0.0850241, -0.0656004, -0.0507533, -0.0410367, -0.0368418

0.94585, 0.944478, 0.941238, 0.936111, 0.929083, 0.920181, 0.90951, 0.897277, 0.883814, 0.869575, 0.855129, 0.841125, 0.828251, 0.817179, 0.808516, 0.802754, 0.800244
0.800244, 0.797719, 0.791816, 0.782645, 0.770372, 0.755255, 0.737664, 0.718096, 0.697177, 0.675646, 0.654332, 0.634113, 0.615861, 0.600398, 0.588439, 0.580547, 0.577123
0.577123, 0.57369, 0.565696, 0.55337, 0.537041, 0.517172, 0.494365, 0.469358, 0.443009, 0.416271, 0.390155, 0.365677, 0.343817, 0.325461, 0.311363, 0.302105, 0.2981
0.2981, 0.29409, 0.28478, 0.270492, 0.251689, 0.228993, 0.203179, 0.175155, 0.145929, 0.116575, 0.0881848, 0.0618209, 0.038469, 0.0189981, 0.00412678, -0.00560008, -0.00979805
-0.00979805, -0.0139959, -0.023721, -0.0385861, -0.0580423, -0.0813667, -0.107687, -0.136014, -0.165286, -0.194413, -0.222327, -0.248024, -0.270605, -0.289305, -0.303509, -0.312763, -0.316747
-0.316747, -0.320726, -0.329924, -0.343927, -0.362151, -0.383845, -0.408122, -0.434008, -0.460491, -0.48657, -0.511303, -0.533844, -0.553467, -0.569585, -0.581746, -0.58963, -0.593015
-0.593015, -0.59639, -0.604169, -0.615953, -0.631181, -0.649143, -0.669025, -0.689962, -0.711091, -0.731596, -0.750752, -0.767953, -0.782718, -0.794692, -0.803632, -0.809383, -0.811841
-0.811841, -0.814285, -0.819892, -0.828316, -0.839072, -0.851562, -0.865123, -0.879084, -0.892811, -0.905756, -0.917481, -0.927676, -0.936152, -0.942823, -0.947675, -0.950736, -0.952029
-0.952029, -0.953305, -0.956197, -0.960445, -0.965687, -0.971495, -0.977422, -0.983054, -0.98805, -0.992181, -0.995338, -0.99754, -0.998906, -0.999627, -0.999923, -0.999996, -0.999999
-0.999999, -0.999984, -0.999881, -0.999541, -0.998761, -0.997325, -0.995044, -0.991801, -0.987583, -0.982499, -0.976783, -0.970778, -0.964902, -0.959604, -0.955314, -0.952393, -0.951105
-0.951105, -0.9498, -0.946712, -0.941817, -0.935092, -0.92655, -0.916282, -0.904479, -0.891454, -0.877648, -0.863613, -0.849983, -0.837434, -0.82663, -0.818169, -0.812538, -0.810083
-0.810083, -0.807615, -0.801841, -0.792866, -0.780845, -0.766026, -0.748765, -0.729544, -0.708976, -0.687785, -0.666789, -0.646855, -0.628848, -0.613584, -0.601773, -0.593976, -0.590594
-0.590594, -0.587201, -0.5793, -0.567113, -0.550963, -0.531301, -0.508719, -0.483944, -0.457823, -0.4313, -0.405378, -0.38107, -0.35935, -0.341105, -0.327087, -0.31788, -0.313897
-0.313897, -0.309908, -0.300646, -0.286428, -0.267712, -0.245113, -0.219397, -0.191466, -0.162323, -0.133038, -0.1047, -0.0783725, -0.0550433, -0.0355844, -0.020718, -0.0109923, -0.00679439
-0.00679439, -0.00259634, 0.0071305, 0.0220012, 0.0414704, 0.0648186, 0.0911765, 0.119558, 0.1489, 0.178111, 0.20612, 0.231916, 0.254595, 0.273383, 0.287658, 0.29696, 0.300966
0.300966, 0.304967, 0.314216, 0.3283, 0.346636, 0.368471, 0.392919, 0.419001, 0.4457, 0.472008, 0.496974, 0.51974, 0.539572, 0.555869, 0.56817, 0.576148, 0.579574
0.579574, 0.58299, 0.590865, 0.602798, 0.618225, 0.636432, 0.656601, 0.677857, 0.699327, 0.720184, 0.739689, 0.75722, 0.772284, 0.784512, 0.793647, 0.799527, 0.802042
0.802042, 0.804542, 0.81028, 0.818906, 0.82993, 0.842746, 0.856682, 0.871054, 0.885215, 0.898599, 0.910755, 0.921353, 0.93019, 0.937163, 0.942248, 0.945461, 0.94682
0.94682, 0.948163, 0.951209, 0.955692, 0.961245, 0.967428, 0.973782, 0.979877, 0.985357, 0.989973, 0.993601, 0.99624, 0.997993, 0.999037, 0.999579, 0.999814, 0.999886
0.999886, 0.999941, 0.999999, 0.999906, 0.999449, 0.9984, 0.996557, 0.993785, 0.990054, 0.985454, 0.980203, 0.974626, 0.969127, 0.96414, 0.960087, 0.957321, 0.956099
0.956099, 0.95486, 0.951926, 0.947265, 0.940843, 0.932664, 0.922801, 0.911431, 0.898849, 0.88548, 0.871859, 0.858607, 0.846387, 0.835853, 0.827596, 0.822097, 0.8197
0.8197, 0.817288, 0.811645, 0.802867, 0.791103, 0.776586, 0.759659, 0.740792, 0.720579, 0.699735, 0.679063, 0.659419, 0.641662, 0.626601, 0.614942, 0.607242, 0.603902
0.603902, 0.60055, 0.592744, 0.580701, 0.564734, 0.545285, 0.522934, 0.498397, 0.47251, 0.44621, 0.42049, 0.396357, 0.374784, 0.356655, 0.342721, 0.333567, 0.329607
0.329607, 0.32564, 0.316428, 0.302286, 0.283662, 0.261165, 0.235555, 0.207725, 0.178673, 0.149464, 0.121186, 0.0949026, 0.0716025, 0.0521609, 0.0373034, 0.0275817, 0.023385
0.023385, 0.0191878, 0.00946196, -0.00541034, -0.0248871, -0.0482527, -0.0746412, -0.103068, -0.132472, -0.16176, -0.189856, -0.215745, -0.238515, -0.257385, -0.271728, -0.281076, -0.285102
-0.285102, -0.289123, -0.298421, -0.312582, -0.331025, -0.352996, -0.377607, -0.403878, -0.430785, -0.457315, -0.482507, -0.505494, -0.525528, -0.542, -0.554438, -0.562507, -0.565973
-0.565973, -0.569429, -0.577398, -0.589476, -0.605099, -0.623547, -0.643996, -0.665566, -0.687371, -0.708573, -0.728421, -0.746279, -0.761637, -0.774115, -0.783444, -0.789451, -0.792021
-0.792021, -0.794577, -0.800445, -0.809271, -0.82056, -0.833698, -0.848006, -0.862784, -0.877375, -0.891196, -0.903778, -0.914777, -0.923971, -0.931245, -0.936562, -0.939926, -0.941351
-0.941351, -0.94276, -0.945959, -0.950677, -0.956538, -0.963094, -0.969873, -0.97643, -0.982392, -0.987493, -0.99159, -0.994665, -0.996805, -0.998172, -0.99896, -0.999356, -0.999498
-0.999498, -0.999622, -0.999842, -0.999996, -0.999862, -0.999201, -0.997795, -0.995495, -0.992252, -0.988138, -0.983353, -0.978206, -0.973084, -0.968411, -0.964595, -0.961984, -0.960829
-0.960829, -0.959658, -0.956877, -0.952451, -0.946336, -0.938521, -0.929067, -0.918132, -0.905997, -0.893068, -0.879865, -0.866994, -0.855107, -0.844846, -0.836796, -0.831431, -0.829091
-0.829091, -0.826736, -0.821225, -0.812648, -0.801143, -0.786932, -0.770345, -0.751835, -0.731984, -0.711492, -0.691149, -0.671802, -0.6543, -0.639446, -0.627941, -0.620341, -0.617043

0.956062, 0.957284, 0.960052, 0.964107, 0.969096, 0.974598, 0.980178, 0.985433, 0.990036, 0.993771, 0.996546, 0.998393, 0.999445, 0.999904, 0.999999, 0.999942, 0.999888
0.999888, 0.999816, 0.999583, 0.999043, 0.998001, 0.996251, 0.993615, 0.989991, 0.985378, 0.979902, 0.97381, 0.96746, 0.961279, 0.955729, 0.951248, 0.948203, 0.946861
0.946861, 0.945502, 0.94229, 0.937207, 0.930236, 0.921402, 0.910807, 0.898655, 0.885273, 0.871116, 0.856747, 0.842814, 0.83, 0.818979, 0.810354, 0.804617, 0.802117
0.802117, 0.799603, 0.793724, 0.78459, 0.772364, 0.757303, 0.739773, 0.720271, 0.699417, 0.67795, 0.656696, 0.636529, 0.618324, 0.602898, 0.590966, 0.583092, 0.579676
0.579676, 0.57625, 0.568274, 0.555974, 0.539678, 0.519848, 0.497083, 0.472119, 0.445812, 0.419115, 0.393034, 0.368588, 0.346754, 0.328419, 0.314335, 0.305087, 0.301086
0.301086, 0.29708, 0.287779, 0.273504, 0.254717, 0.232039, 0.206243, 0.178235, 0.149024, 0.119683, 0.0913018, 0.0649442, 0.0415961, 0.0221271, 0.00725635, -0.00247049, -0.00666854
-0.00666854, -0.0108665, -0.0205921, -0.0354586, -0.0549177, -0.0782471, -0.104575, -0.132913, -0.162199, -0.191343, -0.219275, -0.244991, -0.267591, -0.286308, -0.300526, -0.309788, -0.313777
-0.313777, -0.317761, -0.326968, -0.340986, -0.359232, -0.380953, -0.405263, -0.431186, -0.457711, -0.483834, -0.508611, -0.531195, -0.550858, -0.56701, -0.579197, -0.587099, -0.590492
-0.590492, -0.593875, -0.601673, -0.613485, -0.62875, -0.646759, -0.666695, -0.687694, -0.708887, -0.729458, -0.748681, -0.765945, -0.780767, -0.792789, -0.801766, -0.807541, -0.81001
-0.81001, -0.812464, -0.818097, -0.826559, -0.837365, -0.849917, -0.863549, -0.877588, -0.891397, -0.904425, -0.916231, -0.926503, -0.935047, -0.941775, -0.946672, -0.949761, -0.951066
-0.951066, -0.952355, -0.955277, -0.959569, -0.964869, -0.970748, -0.976756, -0.982475, -0.987563, -0.991785, -0.995032, -0.997316, -0.998755, -0.999537, -0.999879, -0.999983, -0.999999
-0.999999, -0.999997, -0.999924, -0.999631, -0.998912, -0.997549, -0.99535, -0.992196, -0.98807, -0.983077, -0.977449, -0.971525, -0.965719, -0.96048, -0.956234, -0.953343, -0.952067
-0.952067, -0.950775, -0.947715, -0.942865, -0.936196, -0.927723, -0.917531, -0.905809, -0.892868, -0.879144, -0.865186, -0.851628, -0.83914, -0.828387, -0.819965, -0.814358, -0.811914
-0.811914, -0.809457, -0.803707, -0.794769, -0.782797, -0.768034, -0.750836, -0.731681, -0.711179, -0.690053, -0.669118, -0.649238, -0.631279, -0.616053, -0.60427, -0.596491, -0.593116
-0.593116, -0.589731, -0.581848, -0.569688, -0.553572, -0.53395, -0.511411, -0.48668, -0.460603, -0.434121, -0.408237, -0.383961, -0.362269, -0.344045, -0.330043, -0.320846, -0.316867
-0.316867, -0.312882, -0.303629, -0.289426, -0.270726, -0.248146, -0.22245, -0.194537, -0.16541, -0.136139, -0.107812, -0.0814921, -0.0581679, -0.0387118, -0.0238468, -0.0141217, -0.0099239
-0.0099239, -0.00572593, 0.00400093, 0.0188723, 0.0383433, 0.0616953, 0.0880595, 0.11645, 0.145804, 0.175031, 0.203056, 0.228871, 0.251567, 0.270371, 0.284659, 0.29397, 0.29798
0.29798, 0.301985, 0.311243, 0.325342, 0.343699, 0.36556, 0.390039, 0.416157, 0.442896, 0.469246, 0.494255, 0.517064, 0.536935, 0.553265, 0.565592, 0.573587, 0.577021
0.577021, 0.580444, 0.588337, 0.600298, 0.615762, 0.634015, 0.654237, 0.675553, 0.697087, 0.718009, 0.737579, 0.755173, 0.770292, 0.782567, 0.791739, 0.797643, 0.800168
0.800168, 0.802679, 0.808442, 0.817106, 0.82818, 0.841057, 0.855064, 0.869513, 0.883755, 0.897222, 0.909458, 0.920132, 0.929036, 0.936067, 0.941195, 0.944437, 0.945809
0.945809, 0.947164, 0.950239, 0.954766, 0.960377, 0.966631, 0.973065, 0.979248, 0.984819, 0.989526, 0.993243, 0.995964, 0.99779, 0.998895, 0.999483, 0.999749, 0.999834
0.999834, 0.999902, 0.999991, 0.999944, 0.999548, 0.998573, 0.996811, 0.994128, 0.990489, 0.985981, 0.980818, 0.975322, 0.969894, 0.964966, 0.960957, 0.958221, 0.957011
0.957011, 0.955785, 0.95288, 0.948263, 0.941899, 0.933788, 0.924003, 0.912714, 0.900217, 0.88693, 0.873387, 0.860207, 0.848049, 0.837567, 0.829349, 0.823875, 0.821489
0.821489, 0.819088, 0.813469, 0.804729, 0.793014, 0.778554, 0.761691, 0.74289, 0.722746, 0.701967, 0.681357, 0.661769, 0.64406, 0.629037, 0.617407, 0.609726, 0.606393
0.606393, 0.60305, 0.595262, 0.583246, 0.567314, 0.547905, 0.525599, 0.501107, 0.475266, 0.449009, 0.423327, 0.399229, 0.377684, 0.359577, 0.34566, 0.336516, 0.33256
0.33256, 0.328598, 0.319396, 0.305267, 0.286661, 0.264184, 0.238595, 0.210785, 0.181751, 0.152557, 0.124292, 0.0980176, 0.0747237, 0.055286, 0.0404307, 0.03071, 0.0265136
0.0265136, 0.0223168, 0.0125914, -0.00228074, -0.0217583, -0.0451265, -0.0715199, -0.0999548, -0.12937, -0.158671, -0.186782, -0.212688, -0.235474, -0.25436, -0.268715, -0.278071, -0.282101
-0.282101, -0.286126, -0.295433, -0.309608, -0.32807, -0.350066, -0.374707, -0.401013, -0.427959, -0.45453, -0.479764, -0.502791, -0.522863, -0.539368, -0.551831, -0.559917, -0.56339
-0.56339, -0.566853, -0.57484, -0.586945, -0.602604, -0.621097, -0.641599, -0.663227, -0.685094, -0.706361, -0.726274, -0.744192, -0.759606, -0.77213, -0.781495, -0.787527, -0.790107
-0.790107, -0.792673, -0.798566, -0.807429, -0.818767, -0.831966, -0.846343, -0.861198, -0.875869, -0.889772, -0.902434, -0.913508, -0.922769, -0.9301, -0.93546, -0.938853, -0.940291
-0.940291, -0.941711, -0.944939, -0.949701, -0.955621, -0.962247, -0.969106, -0.97575, -0.981803, -0.986995, -0.99118, -0.994337, -0.99655, -0.997978, -0.998813, -0.999239, -0.999394
-0.999394, -0.999531, -0.999782, -0.999982, -0.999909, -0.999321, -0.997998, -0.995787, -0.992636, -0.988614, -0.983917, -0.978851, -0.973801, -0.969187, -0.965416, -0.962834, -0.961692

0.601304, 0.604653, 0.612371, 0.624061, 0.639162, 0.656968, 0.676669, 0.697405, 0.718318, 0.738601, 0.757538, 0.774531, 0.789108, 0.800922, 0.809739, 0.815408, 0.817831
0.817831, 0.82024, 0.825765, 0.834061, 0.844649, 0.856933, 0.87026, 0.883963, 0.897418, 0.910087, 0.921542, 0.931485, 0.939735, 0.946216, 0.950923, 0.953888, 0.95514
0.95514, 0.956375, 0.959171, 0.963271, 0.968319, 0.973892, 0.979553, 0.984896, 0.98959, 0.993417, 0.996282, 0.998211, 0.999336, 0.999856, 0.999998, 0.999971, 0.99993
0.99993, 0.999871, 0.999668, 0.999175, 0.998194, 0.996516, 0.993963, 0.990428, 0.985907, 0.980522, 0.974517, 0.968247, 0.962137, 0.956646, 0.952208, 0.949192, 0.947863
0.947863, 0.946517, 0.943333, 0.938294, 0.93138, 0.922614, 0.912094, 0.900023, 0.886724, 0.872649, 0.858357, 0.844494, 0.831742, 0.82077, 0.812184, 0.806471, 0.803982
0.803982, 0.801478, 0.795623, 0.786526, 0.774348, 0.759343, 0.741876, 0.722438, 0.70165, 0.680247, 0.659053, 0.63894, 0.62078, 0.605392, 0.593488, 0.585632, 0.582224
0.582224, 0.578805, 0.570846, 0.558572, 0.54231, 0.522519, 0.499796, 0.474875, 0.448611, 0.421954, 0.39591, 0.371496, 0.349688, 0.331373, 0.317305, 0.308066, 0.304069
0.304069, 0.300067, 0.290774, 0.276513, 0.257742, 0.235082, 0.209304, 0.181314, 0.152118, 0.122789, 0.0944179, 0.0680669, 0.0447228, 0.0252558, 0.0103858, 0.000659127, -0.00353896
-0.00353896, -0.00773699, -0.0174631, -0.0323308, -0.0517925, -0.0751267, -0.101462, -0.12981, -0.15911, -0.18827, -0.21622, -0.241955, -0.264574, -0.283308, -0.297539, -0.306811, -0.310804
-0.310804, -0.314792, -0.324009, -0.338043, -0.35631, -0.378058, -0.4024, -0.428361, -0.454926, -0.481092, -0.505914, -0.528541, -0.548243, -0.564429, -0.576643, -0.584563, -0.587964
-0.587964, -0.591354, -0.59917, -0.61101, -0.626314, -0.644369, -0.66436, -0.685418, -0.706676, -0.727314, -0.746603, -0.763929, -0.778807, -0.790877, -0.799891, -0.805691, -0.80817
-0.80817, -0.810636, -0.816293, -0.824793, -0.83565, -0.848263, -0.861967, -0.876083, -0.889974, -0.903085, -0.914973, -0.925321, -0.933933, -0.940718, -0.945659, -0.948777, -0.950095
-0.950095, -0.951396, -0.954346, -0.958683, -0.964042, -0.969992, -0.976081, -0.981887, -0.987066, -0.99138, -0.994715, -0.997082, -0.998594, -0.999437, -0.999825, -0.99996, -0.999989
-0.999989, -1, -0.999958, -0.999711, -0.999053, -0.997763, -0.995647, -0.992582, -0.988547, -0.983645, -0.978105, -0.972261, -0.966527, -0.961346, -0.957145, -0.954283, -0.95302
-0.95302, -0.95174, -0.94871, -0.943903, -0.937292, -0.928887, -0.918771, -0.907131, -0.894273, -0.880631, -0.866751, -0.853264, -0.840838, -0.830136, -0.821752, -0.81617, -0.813737
-0.813737, -0.81129, -0.805565, -0.796664, -0.78474, -0.770034, -0.752899, -0.733811, -0.713376, -0.692315, -0.671441, -0.651615, -0.633703, -0.618515, -0.60676, -0.599, -0.595633
-0.595633, -0.592256, -0.58439, -0.572258, -0.556176, -0.536594, -0.514098, -0.489412, -0.463378, -0.436939, -0.411092, -0.386849, -0.365184, -0.346982, -0.332996, -0.323808, -0.319833
-0.319833, -0.315853, -0.306609, -0.29242, -0.273738, -0.251176, -0.2255, -0.197606, -0.168496, -0.139239, -0.110923, -0.0846109, -0.061292, -0.0418389, -0.0269754, -0.0172509, -0.0130533
-0.0130533, -0.00885547, 0.000871318, 0.0157431, 0.0352158, 0.0585713, 0.0849416, 0.113341, 0.142707, 0.171949, 0.199991, 0.225823, 0.248537, 0.267357, 0.281658, 0.290977, 0.294991
0.294991, 0.299, 0.308268, 0.322381, 0.340758, 0.362645, 0.387155, 0.413309, 0.440088, 0.46648, 0.491532, 0.514383, 0.534292, 0.550655, 0.563008, 0.57102, 0.574462
0.574462, 0.577893, 0.585804, 0.597792, 0.613293, 0.631592, 0.651867, 0.673242, 0.694839, 0.715827, 0.735462, 0.753117, 0.768293, 0.780615, 0.789824, 0.795752, 0.798287
0.798287, 0.800809, 0.806596, 0.815298, 0.826422, 0.83936, 0.853437, 0.867963, 0.882286, 0.895835, 0.908152, 0.918902, 0.927874, 0.934961, 0.940133, 0.943404, 0.944788
0.944788, 0.946155, 0.949259, 0.953831, 0.9595, 0.965824, 0.972339, 0.978608, 0.984271, 0.98907, 0.992875, 0.995678, 0.997577, 0.998743, 0.999378, 0.999674, 0.999772
0.999772, 0.999853, 0.999972, 0.999972, 0.999637, 0.998735, 0.997056, 0.994462, 0.990915, 0.986499, 0.981423, 0.976008, 0.970651, 0.965783, 0.961819, 0.959111, 0.957914
0.957914, 0.956701, 0.953824, 0.949252, 0.942946, 0.934904, 0.925195, 0.913988, 0.901575, 0.888371, 0.874907, 0.861799, 0.849704, 0.839272, 0.831094, 0.825645, 0.823269
0.823269, 0.820879, 0.815285, 0.806583, 0.794916, 0.780514, 0.763715, 0.744982, 0.724905, 0.704192, 0.683644, 0.664112, 0.646451, 0.631467, 0.619866, 0.612204, 0.608879
0.608879, 0.605543, 0.597774, 0.585785, 0.569888, 0.550521, 0.528259, 0.503813, 0.478018, 0.451803, 0.42616, 0.402096, 0.38058, 0.362495, 0.348595, 0.339462, 0.33551
0.33551, 0.331552, 0.32236, 0.308246, 0.289658, 0.267202, 0.241633, 0.213843, 0.184828, 0.15565, 0.127397, 0.101132, 0.0778442, 0.0584105, 0.0435576, 0.033838, 0.029642
0.029642, 0.0254455, 0.0157207, 0.000848876, -0.0186293, -0.0419998, -0.068398, -0.0968404, -0.126266, -0.15558, -0.183707, -0.209629, -0.232432, -0.251332, -0.265699, -0.275063, -0.279097
-0.279097, -0.283126, -0.292441, -0.306631, -0.325112, -0.347133, -0.371804, -0.398144, -0.425128, -0.45174, -0.477016, -0.500083, -0.520193, -0.53673, -0.549218, -0.557321, -0.560802
-0.560802, -0.564272, -0.572276, -0.584409, -0.600103, -0.618641, -0.639195, -0.660881, -0.682811, -0.704143, -0.724119, -0.742098, -0.757566, -0.770137, -0.779538, -0.785594, -0.788185
-0.788185, -0.790761, -0.796678, -0.805578, -0.816966, -0.830226, -0.844672, -0.859603, -0.874354, -0.888339, -0.901081, -0.91223, -0.921559, -0.928946, -0.934349, -0.937771, -0.939221

0.0170012, 0.0211985, 0.0309221, 0.0457835, 0.0652324, 0.0885444, 0.114846, 0.143147, 0.172387, 0.201475, 0.229345, 0.254996, 0.277533, 0.296193, 0.310365, 0.319597, 0.323572
0.323572, 0.327541, 0.336716, 0.350682, 0.368857, 0.390487, 0.414688, 0.440487, 0.466874, 0.492851, 0.517481, 0.539921, 0.559453, 0.575491, 0.58759, 0.595433, 0.5988
0.5988, 0.602157, 0.609894, 0.621612, 0.636752, 0.654605, 0.674362, 0.695159, 0.716137, 0.736488, 0.755492, 0.772547, 0.787181, 0.799045, 0.807898, 0.813592, 0.816026
0.816026, 0.818445, 0.823995, 0.832331, 0.842969, 0.855316, 0.868714, 0.882495, 0.896033, 0.908785, 0.920323, 0.930342, 0.938661, 0.945199, 0.94995, 0.952944, 0.954208
0.954208, 0.955456, 0.958281, 0.962426, 0.967533, 0.973177, 0.978919, 0.984349, 0.989135, 0.993054, 0.996007, 0.998019, 0.999217, 0.999798, 0.999986, 0.99999, 0.999962
0.999962, 0.999917, 0.999744, 0.999297, 0.998377, 0.996773, 0.994302, 0.990855, 0.986426, 0.981131, 0.975214, 0.969024, 0.962986, 0.957552, 0.95316, 0.950172, 0.948855
0.948855, 0.947522, 0.944367, 0.939372, 0.932514, 0.923816, 0.913373, 0.901383, 0.888167, 0.874173, 0.859959, 0.846166, 0.833475, 0.822554, 0.814006, 0.808318, 0.805839
0.805839, 0.803346, 0.797515, 0.788455, 0.776325, 0.761375, 0.743971, 0.724599, 0.703877, 0.682538, 0.661403, 0.641344, 0.623231, 0.60788, 0.596004, 0.588166, 0.584765
0.584765, 0.581355, 0.573413, 0.561165, 0.544937, 0.525185, 0.502504, 0.477627, 0.451406, 0.42479, 0.398782, 0.3744, 0.352618, 0.334324, 0.320271, 0.311042, 0.307049
0.307049, 0.303051, 0.293767, 0.279519, 0.260764, 0.238122, 0.212363, 0.184391, 0.155211, 0.125894, 0.0975331, 0.0711889, 0.0478491, 0.0283843, 0.0135152, 0.00378874, -0.000409351
-0.000409351, -0.00460743, -0.0143339, -0.0292027, -0.0486668, -0.0720055, -0.0983479, -0.126707, -0.156019, -0.185195, -0.213163, -0.238917, -0.261555, -0.280305, -0.29455, -0.303831, -0.307828
-0.307828, -0.31182, -0.321047, -0.335096, -0.353384, -0.375159, -0.399533, -0.425531, -0.452137, -0.478346, -0.503212, -0.525881, -0.545623, -0.561843, -0.574083, -0.582021, -0.585429
-0.585429, -0.588828, -0.596661, -0.60853, -0.623871, -0.641972, -0.662017, -0.683136, -0.704458, -0.725163, -0.744517, -0.761906, -0.77684, -0.788958, -0.798009, -0.803833, -0.806323
-0.806323, -0.808799, -0.814481, -0.82302, -0.833927, -0.846602, -0.860376, -0.87457, -0.888543, -0.901737, -0.913706, -0.924129, -0.93281, -0.939652, -0.944636, -0.947783, -0.949114
-0.949114, -0.950427, -0.953407, -0.957788, -0.963206, -0.969226, -0.975395, -0.981289, -0.98656, -0.990965, -0.994389, -0.996838, -0.998423, -0.999327, -0.999762, -0.999927, -0.999969
-0.999969, -0.999993, -0.999982, -0.999781, -0.999184, -0.997967, -0.995934, -0.992957, -0.989014, -0.984204, -0.978751, -0.972989, -0.967325, -0.962203, -0.958047, -0.955214, -0.953963
-0.953963, -0.952696, -0.949694, -0.944932, -0.938378, -0.930041, -0.920002, -0.908443, -0.895669, -0.88211, -0.868308, -0.854892, -0.842528, -0.831877, -0.823531, -0.817975, -0.815552
-0.815552, -0.813116, -0.807416, -0.798552, -0.786676, -0.772027, -0.754955, -0.735934, -0.715565, -0.69457, -0.673757, -0.653986, -0.636121, -0.620971, -0.609245, -0.601503, -0.598144
-0.598144, -0.594775, -0.586927, -0.574821, -0.558774, -0.539232, -0.51678, -0.492138, -0.466149, -0.439752, -0.413943, -0.389733, -0.368096, -0.349915, -0.335945, -0.326768, -0.322797
-0.322797, -0.318821, -0.309587, -0.295411, -0.276746, -0.254204, -0.228548, -0.200673, -0.17158, -0.142337, -0.114032, -0.0877289, -0.0644154, -0.0449656, -0.0301038, -0.02038, -0.0161826
-0.0161826, -0.0119849, -0.0022583, 0.0126138, 0.0320879, 0.0554468, 0.0818229, 0.110231, 0.139609, 0.168865, 0.196923, 0.222773, 0.245504, 0.26434, 0.278653, 0.287982, 0.291999
0.291999, 0.296012, 0.305289, 0.319417, 0.337814, 0.359727, 0.384268, 0.410457, 0.437275, 0.46371, 0.488805, 0.511696, 0.531644, 0.54804, 0.560419, 0.568448, 0.571897
0.571897, 0.575336, 0.583264, 0.59528, 0.610818, 0.629162, 0.649491, 0.670925, 0.692585, 0.713638, 0.733338, 0.751055, 0.766286, 0.778655, 0.7879, 0.793853, 0.796399
0.796399, 0.79893, 0.804743, 0.813482, 0.824656, 0.837655, 0.851801, 0.866404, 0.880808, 0.89444, 0.906837, 0.917663, 0.926702, 0.933846, 0.939062, 0.942361, 0.943758
0.943758, 0.945137, 0.94827, 0.952887, 0.958614, 0.965008, 0.971603, 0.97796, 0.983713, 0.988603, 0.992497, 0.995382, 0.997354, 0.998581, 0.999263, 0.999589, 0.9997
0.9997, 0.999794, 0.999944, 0.999991, 0.999717, 0.998887, 0.997291, 0.994786, 0.991331, 0.987006, 0.982019, 0.976685, 0.971399, 0.966589, 0.96267, 0.959992, 0.958808
0.958808, 0.957607, 0.95476, 0.950232, 0.943983, 0.93601, 0.926378, 0.915254, 0.902924, 0.889804, 0.876419, 0.863382, 0.85135, 0.84097, 0.83283, 0.827407, 0.825042
0.825042, 0.822662, 0.817093, 0.808429, 0.796811, 0.782467, 0.765732, 0.747066, 0.727057, 0.706411, 0.685925, 0.666448, 0.648835, 0.633891, 0.622318, 0.614675, 0.611358
0.611358, 0.608031, 0.60028, 0.588319, 0.572457, 0.553131, 0.530914, 0.506514, 0.480764, 0.454593, 0.428989, 0.404959, 0.383472, 0.36541, 0.351526, 0.342404, 0.338456
0.338456, 0.334503, 0.325321, 0.311222, 0.292652, 0.270216, 0.244669, 0.216899, 0.187902, 0.15874, 0.1305, 0.104245, 0.080964, 0.0615345, 0.046684, 0.0369656, 0.0327701
0.0327701, 0.028574, 0.0188498, 0.00397848, -0.0155001, -0.0388728, -0.0652753, -0.093725, -0.123161, -0.152488, -0.180629, -0.206568, -0.229386, -0.248302, -0.26268, -0.272053, -0.27609
-0.27609, -0.280123, -0.289447, -0.30365, -0.322151, -0.344196, -0.368897, -0.395271, -0.422294, -0.448946, -0.474263, -0.497371, -0.517518, -0.534086, -0.5466, -0.55472, -0.558208

-0.573791, -0.570348, -0.562331, -0.549972, -0.533599, -0.513681, -0.490819, -0.465756, -0.439352, -0.412563, -0.3864, -0.361882, -0.339988, -0.321606, -0.307489, -0.298219, -0.294209
-0.294209, -0.290194, -0.280872, -0.266568, -0.247744, -0.225025, -0.199189, -0.171142, -0.141897, -0.112528, -0.0841258, -0.057754, -0.0343975, -0.0149245, -5.26155e-05, 0.00967414, 0.0138719
0.0138719, 0.0180695, 0.0277938, 0.0426569, 0.0621091, 0.0854267, 0.111736, 0.140049, 0.169303, 0.198408, 0.226297, 0.251969, 0.274525, 0.293203, 0.307388, 0.31663, 0.320609
0.320609, 0.324583, 0.333767, 0.34775, 0.365946, 0.387604, 0.411838, 0.437675, 0.464104, 0.490125, 0.5148, 0.537284, 0.556856, 0.572929, 0.585055, 0.592915, 0.596291
0.596291, 0.599655, 0.607411, 0.619158, 0.634336, 0.652236, 0.672047, 0.692906, 0.713949, 0.734367, 0.753438, 0.770557, 0.785247, 0.797159, 0.80605, 0.811769, 0.814213
0.814213, 0.816643, 0.822218, 0.830592, 0.841281, 0.85369, 0.867159, 0.881019, 0.894639, 0.907475, 0.919094, 0.929189, 0.937577, 0.944173, 0.948968, 0.951991, 0.953267
0.953267, 0.954527, 0.957382, 0.961572, 0.966737, 0.972453, 0.978275, 0.983793, 0.98867, 0.992681, 0.995723, 0.997817, 0.999088, 0.99973, 0.999965, 0.999999, 0.999984
0.999984, 0.999952, 0.99981, 0.999409, 0.99855, 0.997019, 0.994631, 0.991272, 0.986935, 0.981732, 0.975902, 0.969793, 0.963824, 0.95845, 0.954102, 0.951143, 0.949839
0.949839, 0.948518, 0.945392, 0.94044, 0.93364, 0.92501, 0.914642, 0.902733, 0.889601, 0.875688, 0.861552, 0.84783, 0.8352, 0.82433, 0.81582, 0.810156, 0.807688
0.807688, 0.805206, 0.7994, 0.790376, 0.778294, 0.763401, 0.746058, 0.726752, 0.706096, 0.684822, 0.663748, 0.643742, 0.625675, 0.610362, 0.598514, 0.590694, 0.587301
0.587301, 0.583898, 0.575974, 0.563753, 0.547558, 0.527845, 0.505208, 0.480374, 0.454197, 0.427621, 0.40165, 0.3773, 0.355545, 0.337272, 0.323234, 0.314014, 0.310026
0.310026, 0.306032, 0.296757, 0.282523, 0.263784, 0.241161, 0.215421, 0.187466, 0.158302, 0.128999, 0.100647, 0.0743102, 0.0509749, 0.0315125, 0.0166445, 0.00691831, 0.00272027
0.00272027, -0.00147783, -0.0112045, -0.0260742, -0.0455407, -0.0688837, -0.0952329, -0.123602, -0.152927, -0.182119, -0.210105, -0.235877, -0.258533, -0.2773, -0.291558, -0.300848, -0.304849
-0.304849, -0.308844, -0.318081, -0.332145, -0.350455, -0.372256, -0.396662, -0.422696, -0.449343, -0.475596, -0.500505, -0.523217, -0.542998, -0.559251, -0.571518, -0.579473, -0.582889
-0.582889, -0.586295, -0.594147, -0.606044, -0.621422, -0.63957, -0.659668, -0.680847, -0.702233, -0.723004, -0.742424, -0.759875, -0.774866, -0.787032, -0.796119, -0.801968, -0.804468
-0.804468, -0.806955, -0.812661, -0.821238, -0.832196, -0.844932, -0.858777, -0.873048, -0.887103, -0.90038, -0.912429, -0.922929, -0.931677, -0.938577, -0.943605, -0.94678, -0.948123
-0.948123, -0.94945, -0.952458, -0.956884, -0.96236, -0.968451, -0.974701, -0.980682, -0.986044, -0.99054, -0.994053, -0.996584, -0.998243, -0.999208, -0.999689, -0.999884, -0.999939
-0.999939, -0.999977, -0.999996, -0.999842, -0.999306, -0.998162, -0.996211, -0.993323, -0.989472, -0.984754, -0.979388, -0.973706, -0.968114, -0.963051, -0.958939, -0.956135, -0.954897
-0.954897, -0.953642, -0.95067, -0.945951, -0.939455, -0.931187, -0.921224, -0.909747, -0.897056, -0.883579, -0.869856, -0.856511, -0.84421, -0.833609, -0.825303, -0.819771, -0.81736
-0.81736, -0.814934, -0.809258, -0.800432, -0.788604, -0.774013, -0.757004, -0.738049, -0.717748, -0.696818, -0.676066, -0.656351, -0.638532, -0.623421, -0.611724, -0.604, -0.600649
-0.600649, -0.597288, -0.589458, -0.577379, -0.561367, -0.541865, -0.519457, -0.49486, -0.468916, -0.44256, -0.41679, -0.392613, -0.371004, -0.352845, -0.338891, -0.329724, -0.325758
-0.325758, -0.321786, -0.312561, -0.2984, -0.279752, -0.25723, -0.231593, -0.203738, -0.174662, -0.145434, -0.117141, -0.090846, -0.0675382, -0.0480918, -0.0332318, -0.0235089, -0.0193117
-0.0193117, -0.0151142, -0.0053879, 0.0094844, 0.0289598, 0.0523217, 0.0787033, 0.10712, 0.13651, 0.165779, 0.193854, 0.219721, 0.242469, 0.26132, 0.275646, 0.284983, 0.289005
0.289005, 0.293021, 0.302307, 0.31645, 0.334867, 0.356805, 0.381376, 0.407601, 0.434459, 0.460935, 0.486072, 0.509005, 0.52899, 0.54542, 0.557824, 0.565871, 0.569327
0.569327, 0.572773, 0.580719, 0.592762, 0.608337, 0.626727, 0.647108, 0.668601, 0.690324, 0.711442, 0.731207, 0.748985, 0.764271, 0.776687, 0.785969, 0.791946, 0.794502
0.794502, 0.797044, 0.802881, 0.811658, 0.822882, 0.835941, 0.850158, 0.864837, 0.879322, 0.893036, 0.905514, 0.916415, 0.925521, 0.932722, 0.937982, 0.941309, 0.942718
0.942718, 0.94411, 0.947272, 0.951933, 0.957718, 0.964183, 0.970858, 0.977302, 0.983145, 0.988127, 0.992109, 0.995077, 0.997122, 0.99841, 0.999138, 0.999494, 0.999619
0.999619, 0.999726, 0.999906, 0.999999, 0.999786, 0.99903, 0.997517, 0.995101, 0.991737, 0.987504, 0.982605, 0.977352, 0.972137, 0.967387, 0.963513, 0.960864, 0.959692
0.959692, 0.958504, 0.955686, 0.951202, 0.945011, 0.937107, 0.927552, 0.91651, 0.904265, 0.891227, 0.877921, 0.864957, 0.852987, 0.842659, 0.834558, 0.82916, 0.826806
0.826806, 0.824437, 0.818894, 0.810267, 0.798698, 0.784412, 0.767741, 0.749143, 0.729202, 0.708623, 0.688199, 0.668778, 0.651213, 0.636308, 0.624765, 0.617141, 0.613832
0.613832, 0.610512, 0.60278, 0.590847, 0.57502, 0.555735, 0.533563, 0.50921, 0.483506, 0.457378, 0.431814, 0.407819, 0.38636, 0.368322, 0.354454, 0.345342, 0.3414
0.3414, 0.337451, 0.328279, 0.314195, 0.295643, 0.273228, 0.247702, 0.219954, 0.190975, 0.16183, 0.133603, 0.107357, 0.0840829, 0.0646579, 0.04981, 0.0400929, 0.0358979

-0.945542, -0.944168, -0.940918, -0.935778, -0.928733, -0.919811, -0.909117, -0.89686, -0.883371, -0.869108, -0.854639, -0.840614, -0.827721, -0.816634, -0.80796, -0.802191, -0.799677
-0.799677, -0.797149, -0.791239, -0.782057, -0.76977, -0.754636, -0.737026, -0.717439, -0.696499, -0.674949, -0.653618, -0.633382, -0.615117, -0.599643, -0.587675, -0.579777, -0.576352
-0.576352, -0.572916, -0.564917, -0.552583, -0.536244, -0.516363, -0.493544, -0.468523, -0.442162, -0.415412, -0.389285, -0.364798, -0.34293, -0.324568, -0.310465, -0.301204, -0.297198
-0.297198, -0.293187, -0.283874, -0.269583, -0.250775, -0.228074, -0.202255, -0.174225, -0.144994, -0.115637, -0.0872439, -0.0608781, -0.0375251, -0.0180537, -0.00318223, 0.00654462, 0.0107426
0.0107426, 0.0149403, 0.0246653, 0.0395299, 0.0589852, 0.0823081, 0.108626, 0.13695, 0.166218, 0.19534, 0.223248, 0.248939, 0.271514, 0.290209, 0.304409, 0.31366, 0.317643
0.317643, 0.321621, 0.330816, 0.344814, 0.363032, 0.384717, 0.408984, 0.434859, 0.461329, 0.487395, 0.512115, 0.534642, 0.554254, 0.570361, 0.582514, 0.590392, 0.593775
0.593775, 0.597148, 0.604922, 0.616697, 0.631913, 0.649861, 0.669727, 0.690646, 0.711754, 0.732239, 0.751376, 0.768558, 0.783306, 0.795265, 0.804194, 0.809937, 0.812392
0.812392, 0.814833, 0.820433, 0.828845, 0.839585, 0.852056, 0.865597, 0.879534, 0.893236, 0.906156, 0.917856, 0.928028, 0.936484, 0.943137, 0.947976, 0.951028, 0.952317
0.952317, 0.95359, 0.956473, 0.960708, 0.965932, 0.971718, 0.977621, 0.983227, 0.988196, 0.992298, 0.995429, 0.997606, 0.99895, 0.999653, 0.999934, 0.999998, 0.999997
0.999997, 0.999978, 0.999866, 0.999512, 0.998714, 0.997255, 0.99495, 0.99168, 0.987434, 0.982322, 0.97658, 0.970551, 0.964654, 0.959338, 0.955034, 0.952105, 0.950813
0.950813, 0.949504, 0.946407, 0.9415, 0.934757, 0.926194, 0.915903, 0.904075, 0.891026, 0.877195, 0.863136, 0.849485, 0.836917, 0.826098, 0.817626, 0.811987, 0.809529
0.809529, 0.807058, 0.801276, 0.79229, 0.780255, 0.765418, 0.748138, 0.728898, 0.708309, 0.687099, 0.666085, 0.646134, 0.628114, 0.612838, 0.601019, 0.593216, 0.589831
0.589831, 0.586436, 0.57853, 0.566335, 0.550174, 0.530501, 0.507906, 0.483117, 0.456983, 0.430448, 0.404514, 0.380196, 0.358468, 0.340217, 0.326194, 0.316984, 0.313
0.313, 0.30901, 0.299745, 0.285523, 0.266802, 0.244197, 0.218476, 0.190539, 0.161391, 0.132101, 0.103761, 0.0774308, 0.0541002, 0.0346404, 0.0197736, 0.0100478, 0.00584985
0.00584985, 0.00165179, -0.00807502, -0.0229456, -0.0424141, -0.0657612, -0.0921171, -0.120495, -0.149834, -0.179041, -0.207044, -0.232835, -0.255508, -0.274291, -0.288562, -0.297862, -0.301867
-0.301867, -0.305866, -0.315112, -0.329192, -0.347522, -0.369349, -0.393787, -0.419858, -0.446545, -0.47284, -0.497793, -0.520547, -0.540367, -0.556654, -0.568947, -0.576919, -0.580343
-0.580343, -0.583757, -0.591627, -0.603551, -0.618967, -0.637161, -0.657313, -0.678551, -0.700002, -0.720839, -0.740324, -0.757837, -0.772884, -0.785097, -0.794221, -0.800094, -0.802605
-0.802605, -0.805102, -0.810834, -0.819448, -0.830457, -0.843254, -0.857169, -0.871518, -0.885654, -0.899013, -0.911144, -0.92172, -0.930536, -0.937492, -0.942564, -0.945768, -0.947124
-0.947124, -0.948462, -0.9515, -0.95597, -0.961505, -0.967666, -0.973996, -0.980065, -0.985518, -0.990106, -0.993707, -0.996321, -0.998052, -0.999078, -0.999606, -0.999832, -0.9999
-0.9999, -0.999951, -1, -0.999893, -0.999418, -0.998347, -0.996478, -0.993679, -0.98992, -0.985293, -0.980016, -0.974414, -0.968893, -0.963889, -0.959822, -0.957047, -0.955822
-0.955822, -0.954579, -0.951636, -0.946962, -0.940523, -0.932323, -0.922437, -0.911042, -0.898435, -0.885041, -0.871396, -0.858122, -0.845883, -0.835334, -0.827066, -0.821559, -0.819159
-0.819159, -0.816744, -0.811093, -0.802304, -0.790525, -0.775991, -0.759045, -0.740157, -0.719924, -0.699059, -0.678369, -0.658709, -0.640938, -0.625865, -0.614197, -0.606492, -0.603148
-0.603148, -0.599795, -0.591983, -0.579932, -0.563954, -0.544493, -0.522129, -0.497578, -0.471678, -0.445364, -0.419632, -0.39549, -0.373908, -0.355772, -0.341834, -0.332677, -0.328715
-0.328715, -0.324747, -0.315532, -0.301385, -0.282756, -0.260253, -0.234637, -0.206801, -0.177743, -0.14853, -0.120249, -0.0939623, -0.0706603, -0.0512176, -0.0363595, -0.0266375, -0.0224407
-0.0224407, -0.0182434, -0.00851744, 0.00635488, 0.0258313, 0.0491961, 0.0755831, 0.104008, 0.133409, 0.162692, 0.190783, 0.216667, 0.239432, 0.258298, 0.272637, 0.281982, 0.286007
0.286007, 0.290027, 0.299322, 0.313479, 0.331916, 0.35388, 0.378481, 0.404742, 0.431638, 0.458155, 0.483335, 0.506309, 0.526332, 0.542794, 0.555224, 0.563288, 0.566751
0.566751, 0.570205, 0.578169, 0.590239, 0.60585, 0.624285, 0.644719, 0.66627, 0.688057, 0.709239, 0.729068, 0.746907, 0.762249, 0.774712, 0.78403, 0.790031, 0.792598
0.792598, 0.79515, 0.801011, 0.809826, 0.821099, 0.83422, 0.848506, 0.863262, 0.877827, 0.891624, 0.904182, 0.915158, 0.924332, 0.931589, 0.936892, 0.940248, 0.94167
0.94167, 0.943074, 0.946264, 0.950969, 0.956813, 0.963348, 0.970103, 0.976634, 0.982568, 0.987642, 0.991712, 0.994762, 0.99688, 0.998228, 0.999003, 0.99939, 0.999528
0.999528, 0.999648, 0.999859, 0.999998, 0.999846, 0.999163, 0.997732, 0.995405, 0.992134, 0.987993, 0.983181, 0.97801, 0.972866, 0.968175, 0.964346, 0.961726, 0.960567
0.960567, 0.959392, 0.956602, 0.952163, 0.94603, 0.938195, 0.928717, 0.917757, 0.905597, 0.892643, 0.879415, 0.866523, 0.854617, 0.84434, 0.836278, 0.830906, 0.828562
0.828562, 0.826205, 0.820686, 0.812098, 0.800578, 0.786349, 0.769742, 0.751212, 0.73134, 0.710827, 0.690466, 0.671102, 0.653585, 0.638719, 0.627206, 0.6196, 0.6163

-0.956338, -0.957557, -0.960315, -0.964357, -0.969328, -0.974809, -0.980365, -0.985593, -0.990168, -0.993876, -0.996624, -0.998446, -0.999476, -0.999917, -0.999998, -0.999931, -0.999873
-0.999873, -0.999798, -0.999555, -0.999001, -0.997941, -0.996168, -0.993508, -0.989857, -0.985217, -0.979713, -0.973595, -0.96722, -0.961019, -0.955451, -0.950956, -0.947902, -0.946557
-0.946557, -0.945194, -0.941974, -0.936877, -0.929889, -0.921035, -0.910416, -0.89824, -0.884834, -0.870652, -0.85626, -0.842305, -0.829473, -0.818436, -0.8098, -0.804055, -0.801552
-0.801552, -0.799035, -0.793149, -0.784004, -0.771764, -0.756685, -0.739138, -0.719615, -0.698742, -0.677255, -0.655983, -0.635801, -0.617581, -0.602144, -0.590204, -0.582324, -0.578906
-0.578906, -0.575478, -0.567496, -0.555188, -0.538883, -0.519041, -0.496263, -0.471286, -0.444967, -0.418257, -0.392166, -0.36771, -0.345868, -0.327526, -0.313439, -0.304187, -0.300185
-0.300185, -0.296178, -0.286874, -0.272595, -0.253803, -0.23112, -0.205318, -0.177306, -0.14809, -0.118745, -0.0903612, -0.0640016, -0.0406524, -0.0211827, -0.00631181, 0.00341504, 0.00761307
0.00761307, 0.011811, 0.0215365, 0.0364026, 0.0558608, 0.0791887, 0.105514, 0.133849, 0.163131, 0.19227, 0.220196, 0.245906, 0.268501, 0.287213, 0.301426, 0.310686, 0.314674
0.314674, 0.318656, 0.327861, 0.341874, 0.360114, 0.381826, 0.406126, 0.432039, 0.45855, 0.48466, 0.509424, 0.531995, 0.551646, 0.567788, 0.579967, 0.587863, 0.591254
0.591254, 0.594635, 0.602427, 0.614231, 0.629485, 0.647479, 0.667399, 0.688379, 0.709553, 0.730104, 0.749307, 0.766552, 0.781356, 0.793364, 0.80233, 0.808097, 0.810563
0.810563, 0.813015, 0.81864, 0.82709, 0.837881, 0.850414, 0.864025, 0.87804, 0.891825, 0.904827, 0.916609, 0.926858, 0.935382, 0.942092, 0.946975, 0.950056, 0.951358
0.951358, 0.952643, 0.955555, 0.959834, 0.965117, 0.970974, 0.976958, 0.982651, 0.987711, 0.991906, 0.995125, 0.997384, 0.998802, 0.999565, 0.999893, 0.999988, 1
1, 0.999994, 0.999912, 0.999605, 0.998868, 0.997482, 0.995259, 0.992078, 0.987924, 0.982903, 0.977249, 0.9713, 0.965474, 0.960217, 0.955957, 0.953057, 0.951778
0.951778, 0.950481, 0.947414, 0.94255, 0.935864, 0.92737, 0.917155, 0.905408, 0.892442, 0.878693, 0.864712, 0.851132, 0.838626, 0.827857, 0.819423, 0.813809, 0.811363
0.811363, 0.808902, 0.803144, 0.794195, 0.782208, 0.767429, 0.750211, 0.731037, 0.710515, 0.689369, 0.668416, 0.64852, 0.630546, 0.615308, 0.603517, 0.595733, 0.592356
0.592356, 0.588968, 0.58108, 0.568912, 0.552785, 0.533151, 0.510599, 0.485855, 0.459764, 0.43327, 0.407374, 0.383089, 0.361388, 0.343158, 0.329151, 0.319951, 0.315971
0.315971, 0.311985, 0.302729, 0.288521, 0.269817, 0.24723, 0.221529, 0.19361, 0.164479, 0.135203, 0.106873, 0.0805507, 0.057225, 0.037768, 0.0229025, 0.0131772, 0.00897939
0.00897939, 0.00478139, -0.00494547, -0.0198167, -0.0392871, -0.062638, -0.0890003, -0.117388, -0.146739, -0.175961, -0.203981, -0.22979, -0.252481, -0.27128, -0.285565, -0.294873, -0.298882
-0.298882, -0.302885, -0.312141, -0.326235, -0.344586, -0.366439, -0.390908, -0.417016, -0.443742, -0.47008, -0.495076, -0.517872, -0.537731, -0.554051, -0.566371, -0.57436, -0.577792
-0.577792, -0.581213, -0.589101, -0.601053, -0.616506, -0.634745, -0.654951, -0.676249, -0.697763, -0.718666, -0.738217, -0.755791, -0.770894, -0.783155, -0.792316, -0.798213, -0.800735
-0.800735, -0.803242, -0.808998, -0.81765, -0.828709, -0.841568, -0.855553, -0.869979, -0.884196, -0.897638, -0.90985, -0.920501, -0.929385, -0.936398, -0.941514, -0.944747, -0.946115
-0.946115, -0.947466, -0.950532, -0.955047, -0.96064, -0.966872, -0.973282, -0.979439, -0.984982, -0.989662, -0.993352, -0.996048, -0.997852, -0.998939, -0.999513, -0.999769, -0.999851
-0.999851, -0.999914, -0.999994, -0.999934, -0.99952, -0.998522, -0.996736, -0.994026, -0.990359, -0.985823, -0.980633, -0.975113, -0.969663, -0.964718, -0.960696, -0.95795, -0.956737
-0.956737, -0.955507, -0.952593, -0.947963, -0.941581, -0.93345, -0.923641, -0.912328, -0.899805, -0.886493, -0.872927, -0.859725, -0.847548, -0.83705, -0.828821, -0.82334, -0.82095
-0.82095, -0.818545, -0.812919, -0.804168, -0.792438, -0.777961, -0.761079, -0.742258, -0.722092, -0.701294, -0.680665, -0.66106, -0.643337, -0.628303, -0.616663, -0.608977, -0.605642
-0.605642, -0.602296, -0.594503, -0.582479, -0.566535, -0.547115, -0.524795, -0.50029, -0.474435, -0.448164, -0.422471, -0.398362, -0.376809, -0.358695, -0.344773, -0.335627, -0.331669
-0.331669, -0.327706, -0.3185, -0.304368, -0.285756, -0.263273, -0.237678, -0.209862, -0.180822, -0.151624, -0.123355, -0.0970776, -0.0737818, -0.0543428, -0.0394869, -0.0297659, -0.0255694
-0.0255694, -0.0213724, -0.0116469, 0.00322529, 0.0227026, 0.0460701, 0.072462, 0.100895, 0.130306, 0.159604, 0.18771, 0.213611, 0.236392, 0.255273, 0.269624, 0.278978, 0.283007
0.283007, 0.287031, 0.296335, 0.310506, 0.328962, 0.350951, 0.375583, 0.401878, 0.428812, 0.455371, 0.480592, 0.503607, 0.523668, 0.540163, 0.552619, 0.560699, 0.56417
0.56417, 0.567631, 0.575612, 0.58771, 0.603357, 0.621837, 0.642323, 0.663933, 0.685782, 0.70703, 0.726923, 0.744823, 0.76022, 0.77273, 0.782084, 0.788108, 0.790685
0.790685, 0.793249, 0.799134, 0.807986, 0.819309, 0.83249, 0.846845, 0.861678, 0.876324, 0.890202, 0.90284, 0.913892, 0.923133, 0.930447, 0.935793, 0.939178, 0.940612
0.940612, 0.942029, 0.945248, 0.949997, 0.955899, 0.962504, 0.969339, 0.975956, 0.981982, 0.987146, 0.991305, 0.994437, 0.996628, 0.998037, 0.998858, 0.999276, 0.999427
0.999427, 0.99956, 0.999801, 0.999987, 0.999896, 0.999286, 0.997938, 0.9957, 0.992521, 0.988471, 0.983748, 0.978657, 0.973585, 0.968953, 0.965169, 0.962579, 0.961433

-0.602058, -0.605405, -0.613118, -0.624799, -0.639888, -0.65768, -0.677364, -0.698082, -0.718975, -0.739238, -0.758155, -0.775128, -0.789687, -0.801488, -0.810293, -0.815954, -0.818374
-0.818374, -0.82078, -0.826297, -0.834582, -0.845154, -0.85742, -0.870725, -0.884404, -0.897834, -0.910478, -0.921909, -0.931828, -0.940058, -0.946522, -0.951215, -0.954171, -0.955419
-0.955419, -0.95665, -0.959438, -0.963524, -0.968554, -0.974106, -0.979743, -0.985059, -0.989726, -0.993525, -0.996363, -0.998267, -0.99937, -0.999872, -0.999999, -0.999963, -0.999918
-0.999918, -0.999856, -0.999643, -0.999136, -0.998137, -0.996437, -0.993859, -0.990297, -0.985748, -0.980336, -0.974305, -0.96801, -0.961879, -0.95637, -0.951919, -0.948895, -0.947561
-0.947561, -0.946211, -0.94302, -0.937967, -0.931035, -0.922249, -0.911706, -0.899611, -0.886287, -0.872187, -0.857872, -0.843988, -0.831217, -0.820231, -0.811633, -0.805912, -0.80342
-0.80342, -0.800913, -0.795051, -0.785943, -0.77375, -0.758728, -0.741242, -0.721785, -0.700977, -0.679555, -0.658342, -0.638213, -0.62004, -0.60464, -0.592728, -0.584866, -0.581455
-0.581455, -0.578035, -0.57007, -0.557789, -0.541516, -0.521713, -0.498978, -0.474044, -0.447767, -0.421098, -0.395043, -0.370619, -0.348803, -0.330482, -0.316409, -0.307167, -0.303169
-0.303169, -0.299166, -0.28987, -0.275605, -0.256829, -0.234163, -0.20838, -0.180385, -0.151185, -0.121852, -0.0934775, -0.0671245, -0.0437792, -0.0243115, -0.00944133, 0.000285429, 0.00448351
0.00448351, 0.00868151, 0.0184075, 0.0332748, 0.0527358, 0.0760685, 0.102401, 0.130747, 0.160042, 0.189197, 0.217142, 0.242872, 0.265485, 0.284214, 0.298441, 0.30771, 0.311702
0.311702, 0.315688, 0.324902, 0.338932, 0.357192, 0.378932, 0.403264, 0.429214, 0.455767, 0.48192, 0.506729, 0.529342, 0.549033, 0.565209, 0.577415, 0.585329, 0.588727
0.588727, 0.592116, 0.599926, 0.611758, 0.62705, 0.645091, 0.665065, 0.686106, 0.707344, 0.727962, 0.747231, 0.764538, 0.7794, 0.791455, 0.800458, 0.80625, 0.808726
0.808726, 0.811188, 0.816838, 0.825327, 0.836169, 0.848763, 0.862445, 0.876538, 0.890405, 0.903491, 0.915354, 0.925678, 0.93427, 0.941038, 0.945965, 0.949075, 0.950389
0.950389, 0.951686, 0.954628, 0.958951, 0.964293, 0.970221, 0.976285, 0.982066, 0.987217, 0.991503, 0.994812, 0.997153, 0.998644, 0.999468, 0.999843, 0.999968, 0.999993
0.999993, 1, 0.999949, 0.999688, 0.999012, 0.997699, 0.995558, 0.992466, 0.988404, 0.983475, 0.977908, 0.97204, 0.966284, 0.961086, 0.956871, 0.954, 0.952733
0.952733, 0.951449, 0.94841, 0.943591, 0.936962, 0.928536, 0.918398, 0.906733, 0.89385, 0.880183, 0.86628, 0.852771, 0.840327, 0.829609, 0.821213, 0.815624, 0.813188
0.813188, 0.810738, 0.805005, 0.796093, 0.784154, 0.769431, 0.752277, 0.733169, 0.712714, 0.691633, 0.670741, 0.650899, 0.632972, 0.617772, 0.606009, 0.598243, 0.594874
0.594874, 0.591494, 0.583624, 0.571483, 0.55539, 0.535796, 0.513288, 0.488588, 0.462541, 0.436089, 0.410231, 0.385978, 0.364304, 0.346096, 0.332105, 0.322914, 0.318938
0.318938, 0.314957, 0.30571, 0.291516, 0.272829, 0.250262, 0.224579, 0.19668, 0.167565, 0.138303, 0.109984, 0.0836697, 0.0603492, 0.0408952, 0.0260312, 0.0163065, 0.0121088
0.0121088, 0.00791095, -0.00181587, -0.0166876, -0.0361597, -0.0595142, -0.0858827, -0.114279, -0.143642, -0.172879, -0.200916, -0.226743, -0.249452, -0.268267, -0.282564, -0.291881, -0.295894
-0.295894, -0.299901, -0.309166, -0.323275, -0.341646, -0.363525, -0.388026, -0.414169, -0.440936, -0.467316, -0.492355, -0.515193, -0.53509, -0.551443, -0.563789, -0.571796, -0.575235
-0.575235, -0.578663, -0.586569, -0.598549, -0.614039, -0.632324, -0.652583, -0.67394, -0.695518, -0.716486, -0.736102, -0.753738, -0.768897, -0.781205, -0.790403, -0.796324, -0.798856
-0.798856, -0.801374, -0.807154, -0.815845, -0.826953, -0.839873, -0.853929, -0.868431, -0.88273, -0.896255, -0.908547, -0.919274, -0.928225, -0.935296, -0.940455, -0.943717, -0.945097
-0.945097, -0.94646, -0.949556, -0.954114, -0.959766, -0.966069, -0.972559, -0.978802, -0.984437, -0.989208, -0.992987, -0.995765, -0.997642, -0.99879, -0.999411, -0.999697, -0.999792
-0.999792, -0.999869, -0.999979, -0.999965, -0.999612, -0.998687, -0.996983, -0.994363, -0.990787, -0.986343, -0.981242, -0.975802, -0.970423, -0.965537, -0.96156, -0.958843, -0.957643
-0.957643, -0.956426, -0.95354, -0.948954, -0.942631, -0.934568, -0.924836, -0.913605, -0.901166, -0.887937, -0.874449, -0.861319, -0.849205, -0.838759, -0.830568, -0.825112, -0.822733
-0.822733, -0.820339, -0.814738, -0.806024, -0.794343, -0.779923, -0.763105, -0.744351, -0.724254, -0.703521, -0.682954, -0.663405, -0.64573, -0.630734, -0.619124, -0.611456, -0.608129
-0.608129, -0.604791, -0.597016, -0.58502, -0.569112, -0.549732, -0.527457, -0.502997, -0.477188, -0.45096, -0.425306, -0.401231, -0.379706, -0.361615, -0.347709, -0.338573, -0.33462
-0.33462, -0.330661, -0.321466, -0.307347, -0.288754, -0.266291, -0.240717, -0.21292, -0.183899, -0.154717, -0.12646, -0.100192, -0.0769025, -0.0574676, -0.0426139, -0.0328939, -0.0286978
-0.0286978, -0.0245012, -0.0147762, 9.56801e-05, 0.0195737, 0.0429435, 0.0693403, 0.0977805, 0.127203, 0.156513, 0.184635, 0.210552, 0.23335, 0.252246, 0.266609, 0.275971, 0.280004
0.280004, 0.284032, 0.293344, 0.30753, 0.326005, 0.348019, 0.372681, 0.39901, 0.425983, 0.452583, 0.477846, 0.500901, 0.520999, 0.537526, 0.550008, 0.558105, 0.561583
0.561583, 0.565052, 0.57305, 0.585175, 0.600859, 0.619383, 0.639921, 0.66159, 0.683501, 0.704813, 0.72477, 0.742731, 0.758183, 0.770739, 0.78013, 0.786178, 0.788766
0.788766, 0.791339, 0.797248, 0.806138, 0.81751, 0.830752, 0.845177, 0.860085, 0.874812, 0.888772, 0.90149, 0.912617, 0.921925, 0.929295, 0.934685, 0.938099, 0.939545

-0.0179456, -0.0221428, -0.0318662, -0.046727, -0.0661749, -0.0894852, -0.115784, -0.144082, -0.173317, -0.2024, -0.230264, -0.255909, -0.27844, -0.297095, -0.311263, -0.320492, -0.324465
-0.324465, -0.328434, -0.337605, -0.351567, -0.369735, -0.391356, -0.415547, -0.441335, -0.467709, -0.493673, -0.518289, -0.540716, -0.560235, -0.576263, -0.588354, -0.596191, -0.599556
-0.599556, -0.602911, -0.610642, -0.622352, -0.63748, -0.655319, -0.675059, -0.695837, -0.716796, -0.737126, -0.75611, -0.773147, -0.787764, -0.799612, -0.808455, -0.814141, -0.816572
-0.816572, -0.818988, -0.82453, -0.832854, -0.843477, -0.855805, -0.869181, -0.882939, -0.896452, -0.909179, -0.920692, -0.930688, -0.938986, -0.945507, -0.950245, -0.95323, -0.95449
-0.95449, -0.955734, -0.958551, -0.962682, -0.967771, -0.973394, -0.979111, -0.984515, -0.989273, -0.993165, -0.996091, -0.998078, -0.999254, -0.999817, -0.999991, -0.999985, -0.999953
-0.999953, -0.999904, -0.999722, -0.999261, -0.998323, -0.996696, -0.994201, -0.990727, -0.98627, -0.980948, -0.975005, -0.968791, -0.96273, -0.95728, -0.952873, -0.949878, -0.948557
-0.948557, -0.947219, -0.944056, -0.939047, -0.932173, -0.923454, -0.912988, -0.900973, -0.887733, -0.873714, -0.859476, -0.845662, -0.832953, -0.822017, -0.813457, -0.807761, -0.805279
-0.805279, -0.802783, -0.796945, -0.787874, -0.775729, -0.760763, -0.743339, -0.723947, -0.703206, -0.681847, -0.660695, -0.640619, -0.622492, -0.60713, -0.595245, -0.587401, -0.583999
-0.583999, -0.580586, -0.572639, -0.560383, -0.544145, -0.524381, -0.501687, -0.476797, -0.450563, -0.423934, -0.397916, -0.373524, -0.351734, -0.333434, -0.319376, -0.310144, -0.30615
-0.30615, -0.302151, -0.292864, -0.278612, -0.259852, -0.237205, -0.21144, -0.183462, -0.154277, -0.124957, -0.096593, -0.0702467, -0.0469056, -0.0274401, -0.0125708, -0.00284419, 0.00135391
0.00135391, 0.00555198, 0.0152783, 0.0301468, 0.0496103, 0.0729476, 0.0992878, 0.127643, 0.156952, 0.186123, 0.214086, 0.239835, 0.262466, 0.281212, 0.295452, 0.304731, 0.308727
0.308727, 0.312717, 0.321941, 0.335986, 0.354267, 0.376034, 0.400398, 0.426385, 0.452979, 0.479176, 0.504028, 0.526684, 0.546415, 0.562624, 0.574857, 0.582788, 0.586195
0.586195, 0.589591, 0.597419, 0.609279, 0.624609, 0.642696, 0.662725, 0.683825, 0.705128, 0.725813, 0.745148, 0.762517, 0.777435, 0.789538, 0.798578, 0.804395, 0.806882
0.806882, 0.809354, 0.815029, 0.823556, 0.834448, 0.847104, 0.860857, 0.875028, 0.888976, 0.902145, 0.914089, 0.92449, 0.93315, 0.939975, 0.944946, 0.948084, 0.949411
0.949411, 0.950721, 0.953691, 0.958059, 0.963459, 0.969458, 0.975603, 0.981471, 0.986714, 0.991091, 0.994488, 0.996913, 0.998476, 0.999361, 0.999782, 0.999938, 0.999976
0.999976, 0.999996, 0.999976, 0.999761, 0.999146, 0.997907, 0.995848, 0.992845, 0.988874, 0.984037, 0.978557, 0.97277, 0.967085, 0.961946, 0.957776, 0.954934, 0.953679
0.953679, 0.952408, 0.949398, 0.944622, 0.938051, 0.929694, 0.919631, 0.908048, 0.895249, 0.881664, 0.867839, 0.854401, 0.842019, 0.831352, 0.822995, 0.817431, 0.815006
0.815006, 0.812566, 0.806858, 0.797983, 0.786093, 0.771427, 0.754335, 0.735294, 0.714905, 0.69389, 0.673059, 0.653271, 0.635392, 0.62023, 0.608496, 0.600748, 0.597387
0.597387, 0.594015, 0.586162, 0.574048, 0.55799, 0.538436, 0.515971, 0.491316, 0.465313, 0.438903, 0.413083, 0.388863, 0.367217, 0.34903, 0.335055, 0.325875, 0.321903
0.321903, 0.317925, 0.308688, 0.294509, 0.275839, 0.253291, 0.227628, 0.199747, 0.170649, 0.141402, 0.113094, 0.086788, 0.0634728, 0.044022, 0.0291596, 0.0194356, 0.0152382
0.0152382, 0.0110404, 0.00131375, -0.0135583, -0.033032, -0.0563899, -0.0827642, -0.11117, -0.140544, -0.169796, -0.197849, -0.223694, -0.24642, -0.265251, -0.27956, -0.288886, -0.292903
-0.292903, -0.296914, -0.306188, -0.320312, -0.338703, -0.360608, -0.38514, -0.411318, -0.438125, -0.464547, -0.489628, -0.512508, -0.532443, -0.54883, -0.561201, -0.569225, -0.572672
-0.572672, -0.576108, -0.584031, -0.596039, -0.611566, -0.629896, -0.650209, -0.671625, -0.693266, -0.714299, -0.73398, -0.751678, -0.766892, -0.779247, -0.788482, -0.794427, -0.796969
-0.796969, -0.799498, -0.805303, -0.814031, -0.82519, -0.83817, -0.852296, -0.866875, -0.881255, -0.894862, -0.907235, -0.918038, -0.927057, -0.934184, -0.939386, -0.942677, -0.94407
-0.94407, -0.945445, -0.94857, -0.953173, -0.958882, -0.965256, -0.971826, -0.978157, -0.983882, -0.988745, -0.992612, -0.995473, -0.997423, -0.998631, -0.999298, -0.999615, -0.999723
-0.999723, -0.999813, -0.999954, -0.999986, -0.999694, -0.998842, -0.997221, -0.99469, -0.991206, -0.986854, -0.98184, -0.976482, -0.971174, -0.966347, -0.962414, -0.959727, -0.958539
-0.958539, -0.957335, -0.954478, -0.949937, -0.943671, -0.935677, -0.926022, -0.914873, -0.902518, -0.889372, -0.875963, -0.862905, -0.850854, -0.840459, -0.832307, -0.826876, -0.824508
-0.824508, -0.822125, -0.816548, -0.807873, -0.79624, -0.781878, -0.765124, -0.746438, -0.726408, -0.705742, -0.685237, -0.665744, -0.648116, -0.63316, -0.621579, -0.61393, -0.610611
-0.610611, -0.607281, -0.599524, -0.587555, -0.571682, -0.552343, -0.530113, -0.5057, -0.479936, -0.453751, -0.428136, -0.404096, -0.382599, -0.364531, -0.350642, -0.341516, -0.337567
-0.337567, -0.333613, -0.324427, -0.310324, -0.291749, -0.269307, -0.243753, -0.215977, -0.186974, -0.157808, -0.129564, -0.103305, -0.0800225, -0.0605917, -0.0457404, -0.0360217, -0.031826
-0.031826, -0.0276298, -0.0179054, -0.00303393, 0.0164446, 0.0398166, 0.0662179, 0.0946654, 0.124098, 0.153422, 0.181558, 0.207492, 0.230306, 0.249216, 0.263592, 0.272962, 0.276998
0.276998, 0.28103, 0.290351, 0.30455, 0.323045, 0.345083, 0.369775, 0.396138, 0.42315, 0.44979, 0.475094, 0.49819, 0.518326, 0.534885, 0.547391, 0.555505, 0.558991

0.573017, 0.569572, 0.56155, 0.549182, 0.5328, 0.51287, 0.489996, 0.46492, 0.438504, 0.411703, 0.385529, 0.361002, 0.3391, 0.320711, 0.30659, 0.297317, 0.293306
0.293306, 0.28929, 0.279965, 0.265657, 0.246829, 0.224105, 0.198263, 0.170212, 0.140962, 0.111589, 0.0831846, 0.056811, 0.0334535, 0.0139801, -0.00089194, -0.0106186, -0.0148164
-0.0148164, -0.0190139, -0.028738, -0.0436006, -0.0630518, -0.0863677, -0.112675, -0.140984, -0.170234, -0.199334, -0.227217, -0.252882, -0.275433, -0.294105, -0.308287, -0.317526, -0.321504
-0.321504, -0.325476, -0.334658, -0.348635, -0.366825, -0.388474, -0.412699, -0.438524, -0.46494, -0.490949, -0.51561, -0.538081, -0.55764, -0.573703, -0.58582, -0.593676, -0.597049
-0.597049, -0.600411, -0.608161, -0.619899, -0.635066, -0.652952, -0.672747, -0.693586, -0.71461, -0.735008, -0.754058, -0.771158, -0.785832, -0.797729, -0.806609, -0.81232, -0.814761
-0.814761, -0.817188, -0.822755, -0.831118, -0.841792, -0.854182, -0.867629, -0.881465, -0.895061, -0.907871, -0.919466, -0.929538, -0.937905, -0.944484, -0.949265, -0.952279, -0.953552
-0.953552, -0.954809, -0.957654, -0.96183, -0.966978, -0.972672, -0.97847, -0.983962, -0.988811, -0.992794, -0.99581, -0.997879, -0.999128, -0.999752, -0.999973, -0.999997, -0.999979
-0.999979, -0.999943, -0.999791, -0.999376, -0.998499, -0.996946, -0.994532, -0.991147, -0.986782, -0.981552, -0.975696, -0.969562, -0.963572, -0.95818, -0.953818, -0.950851, -0.949543
-0.949543, -0.948218, -0.945084, -0.940119, -0.933301, -0.924651, -0.91426, -0.902327, -0.889169, -0.875232, -0.861072, -0.847328, -0.834681, -0.823795, -0.815273, -0.809602, -0.807131
-0.807131, -0.804645, -0.798832, -0.789797, -0.7777, -0.76279, -0.745429, -0.726103, -0.705427, -0.684133, -0.663041, -0.643019, -0.624938, -0.609614, -0.597757, -0.589931, -0.586536
-0.586536, -0.583131, -0.575202, -0.562973, -0.546768, -0.527043, -0.504392, -0.479546, -0.453355, -0.426767, -0.400785, -0.376425, -0.354662, -0.336383, -0.32234, -0.313117, -0.309128
-0.309128, -0.305133, -0.295855, -0.281616, -0.262873, -0.240244, -0.214498, -0.186538, -0.157369, -0.128062, -0.0997075, -0.0733683, -0.0500315, -0.0305684, -0.0157001, -0.00597377, -0.00177571
-0.00177571, 0.00242238, 0.012149, 0.0270185, 0.0464843, 0.069826, 0.0961732, 0.124539, 0.153861, 0.183048, 0.211028, 0.236795, 0.259445, 0.278207, 0.292461, 0.301749, 0.305748
0.305748, 0.309743, 0.318976, 0.333036, 0.351339, 0.373132, 0.397529, 0.423552, 0.450187, 0.476426, 0.501323, 0.524021, 0.543791, 0.560034, 0.572293, 0.580242, 0.583656
0.583656, 0.58706, 0.594906, 0.606795, 0.622162, 0.640295, 0.660378, 0.681539, 0.702906, 0.723656, 0.743057, 0.760489, 0.775463, 0.787614, 0.79669, 0.802531, 0.805029
0.805029, 0.807512, 0.813211, 0.821776, 0.832719, 0.845437, 0.85926, 0.873508, 0.887538, 0.90079, 0.912816, 0.923292, 0.93202, 0.938902, 0.943917, 0.947084, 0.948423
0.948423, 0.949746, 0.952745, 0.957158, 0.962616, 0.968686, 0.974911, 0.980866, 0.9862, 0.99067, 0.994155, 0.996662, 0.998298, 0.999245, 0.999712, 0.999898, 0.999949
0.999949, 0.999983, 0.999993, 0.999825, 0.99927, 0.998104, 0.996128, 0.993214, 0.989335, 0.984589, 0.979197, 0.973491, 0.967877, 0.962796, 0.958671, 0.955858, 0.954616
0.954616, 0.953357, 0.950376, 0.945645, 0.939131, 0.930842, 0.920856, 0.909354, 0.896639, 0.883137, 0.86939, 0.856023, 0.843703, 0.833087, 0.824769, 0.81923, 0.816815
0.816815, 0.814386, 0.808703, 0.799865, 0.788023, 0.773414, 0.756386, 0.737411, 0.71709, 0.69614, 0.67537, 0.655638, 0.637805, 0.622682, 0.610976, 0.603247, 0.599894
0.599894, 0.59653, 0.588695, 0.576608, 0.560585, 0.541071, 0.518649, 0.494039, 0.468081, 0.441713, 0.415931, 0.391745, 0.370126, 0.351961, 0.338002, 0.328832, 0.324864
0.324864, 0.320891, 0.311664, 0.297498, 0.278845, 0.256317, 0.230674, 0.202813, 0.173732, 0.144499, 0.116203, 0.0899053, 0.0665958, 0.0471483, 0.0322878, 0.0225645, 0.0183673
0.0183673, 0.0141698, 0.00444335, -0.0104289, -0.0299039, -0.0532649, -0.0796449, -0.108059, -0.137445, -0.166711, -0.194781, -0.220642, -0.243386, -0.262232, -0.276554, -0.285889, -0.289909
-0.289909, -0.293924, -0.303207, -0.317346, -0.335757, -0.357687, -0.382249, -0.408464, -0.435309, -0.461773, -0.486897, -0.509818, -0.529792, -0.546211, -0.558608, -0.566649, -0.570103
-0.570103, -0.573547, -0.581488, -0.593523, -0.609087, -0.627463, -0.647828, -0.669303, -0.691007, -0.712106, -0.731851, -0.74961, -0.76488, -0.777282, -0.786553, -0.792522, -0.795075
-0.795075, -0.797614, -0.803444, -0.812209, -0.823418, -0.836459, -0.850655, -0.865311, -0.879772, -0.893461, -0.905914, -0.916792, -0.925879, -0.933062, -0.938309, -0.941628, -0.943033
-0.943033, -0.944421, -0.947574, -0.952221, -0.95799, -0.964433, -0.971084, -0.977501, -0.983318, -0.988272, -0.992227, -0.99517, -0.997193, -0.998462, -0.999176, -0.999524, -0.999645
-0.999645, -0.999748, -0.999919, -0.999998, -0.999766, -0.998988, -0.99745, -0.995007, -0.991616, -0.987355, -0.982429, -0.977152, -0.971915, -0.967147, -0.96326, -0.960602, -0.959426
-0.959426, -0.958234, -0.955407, -0.95091, -0.944702, -0.936777, -0.927199, -0.916132, -0.903861, -0.890799, -0.877469, -0.864482, -0.852494, -0.84215, -0.834038, -0.828632, -0.826274
-0.826274, -0.823903, -0.818351, -0.809713, -0.79813, -0.783825, -0.767135, -0.748517, -0.728556, -0.707956, -0.687513, -0.668076, -0.650496, -0.635579, -0.624027, -0.616397, -0.613086
-0.613086, -0.609764, -0.602026, -0.590085, -0.574247, -0.55495, -0.532764, -0.508397, -0.482679, -0.456538, -0.430962, -0.406956, -0.385489, -0.367443, -0.353571, -0.344456, -0.340512
-0.340512, -0.336561, -0.327386, -0.313298, -0.294741, -0.272319, -0.246787, -0.219032, -0.190048, -0.160897, -0.132666, -0.106418, -0.0831417, -0.0637153, -0.0488666, -0.0391491, -0.0349539

0.945235, 0.943856, 0.940598, 0.935445, 0.928382, 0.91944, 0.908723, 0.896442, 0.882928, 0.86864, 0.854148, 0.840102, 0.827191, 0.816088, 0.807403, 0.801626, 0.79911
0.79911, 0.796579, 0.790661, 0.781468, 0.769167, 0.754016, 0.736387, 0.71678, 0.695821, 0.674252, 0.652903, 0.632651, 0.614372, 0.598887, 0.58691, 0.579007, 0.57558
0.57558, 0.572142, 0.564137, 0.551795, 0.535446, 0.515554, 0.492722, 0.467689, 0.441314, 0.414553, 0.388415, 0.363918, 0.342042, 0.323674, 0.309567, 0.300303, 0.296296
0.296296, 0.292284, 0.282968, 0.268673, 0.24986, 0.227154, 0.201329, 0.173295, 0.14406, 0.114698, 0.0863029, 0.0599353, 0.0365812, 0.0171093, 0.00223768, -0.00748915, -0.0116871
-0.0116871, -0.0158848, -0.0256095, -0.0404737, -0.0599281, -0.0832494, -0.109565, -0.137885, -0.167149, -0.196266, -0.224168, -0.249853, -0.272423, -0.291113, -0.305308, -0.314556, -0.318539
-0.318539, -0.322515, -0.331707, -0.3457, -0.363912, -0.385589, -0.409846, -0.435709, -0.462167, -0.48822, -0.512926, -0.53544, -0.55504, -0.571137, -0.583281, -0.591154, -0.594535
-0.594535, -0.597905, -0.605674, -0.617441, -0.632645, -0.650578, -0.670428, -0.691328, -0.712418, -0.732882, -0.751999, -0.769162, -0.783893, -0.795838, -0.804755, -0.810491, -0.812943
-0.812943, -0.81538, -0.820973, -0.829373, -0.840098, -0.85255, -0.866069, -0.879983, -0.893661, -0.906555, -0.918231, -0.92838, -0.936815, -0.943451, -0.948277, -0.95132, -0.952605
-0.952605, -0.953874, -0.956749, -0.960969, -0.966176, -0.971941, -0.97782, -0.983398, -0.98834, -0.992415, -0.995519, -0.997671, -0.998993, -0.999677, -0.999945, -1, -0.999994
-0.999994, -0.999971, -0.99985, -0.999482, -0.998666, -0.997185, -0.994854, -0.991558, -0.987284, -0.982145, -0.976377, -0.970323, -0.964405, -0.959071, -0.954754, -0.951816, -0.95052
-0.95052, -0.949207, -0.946102, -0.941181, -0.934421, -0.925838, -0.915524, -0.903671, -0.890597, -0.876741, -0.862659, -0.848986, -0.8364, -0.825565, -0.817081, -0.811435, -0.808974
-0.808974, -0.806499, -0.800711, -0.791713, -0.779664, -0.76481, -0.747511, -0.728251, -0.707642, -0.686412, -0.66538, -0.645413, -0.627378, -0.612092, -0.600263, -0.592455, -0.589068
-0.589068, -0.585671, -0.577759, -0.565556, -0.549385, -0.5297, -0.507092, -0.48229, -0.456142, -0.429595, -0.40365, -0.379322, -0.357586, -0.339328, -0.325301, -0.316088, -0.312103
-0.312103, -0.308111, -0.298843, -0.284618, -0.265892, -0.243281, -0.217554, -0.189612, -0.160459, -0.131165, -0.102821, -0.0764891, -0.053157, -0.0336964, -0.0188292, -0.0091033, -0.00490531
-0.00490531, -0.000707235, 0.00901955, 0.0238899, 0.0433578, 0.0667036, 0.0930576, 0.121433, 0.150768, 0.17997, 0.207968, 0.233753, 0.256421, 0.275199, 0.289467, 0.298763, 0.302767
0.302767, 0.306765, 0.316009, 0.330084, 0.348407, 0.370227, 0.394655, 0.420715, 0.44739, 0.473672, 0.498612, 0.521353, 0.541162, 0.557438, 0.569724, 0.577691, 0.581112
0.581112, 0.584524, 0.592388, 0.604304, 0.619709, 0.637888, 0.658025, 0.679245, 0.700676, 0.721493, 0.740959, 0.758453, 0.773483, 0.785682, 0.794795, 0.80066, 0.803168
0.803168, 0.805662, 0.811386, 0.819989, 0.830982, 0.843761, 0.857655, 0.87198, 0.886092, 0.899427, 0.911533, 0.922086, 0.930881, 0.93782, 0.942879, 0.946075, 0.947426
0.947426, 0.948761, 0.95179, 0.956247, 0.961764, 0.967904, 0.97421, 0.980252, 0.985677, 0.990238, 0.993813, 0.996402, 0.998111, 0.999118, 0.999632, 0.999849, 0.999913
0.999913, 0.999959, 1, 0.999878, 0.999385, 0.998292, 0.996398, 0.993573, 0.989786, 0.985131, 0.979827, 0.974202, 0.968659, 0.963637, 0.959557, 0.956773, 0.955544
0.955544, 0.954297, 0.951345, 0.946658, 0.940201, 0.931981, 0.922072, 0.910652, 0.89802, 0.884601, 0.870932, 0.857637, 0.845379, 0.834814, 0.826535, 0.82102, 0.818616
0.818616, 0.816198, 0.81054, 0.80174, 0.789946, 0.775394, 0.75843, 0.739522, 0.719268, 0.698384, 0.677675, 0.657998, 0.640212, 0.625128, 0.613451, 0.60574, 0.602395
0.602395, 0.599039, 0.591222, 0.579162, 0.563174, 0.5437, 0.521323, 0.496758, 0.470845, 0.444519, 0.418775, 0.394622, 0.373032, 0.354889, 0.340946, 0.331786, 0.327823
0.327823, 0.323854, 0.314636, 0.300484, 0.28185, 0.259341, 0.233718, 0.205876, 0.176813, 0.147596, 0.119311, 0.0930218, 0.0697181, 0.0502742, 0.0354156, 0.0256933, 0.0214963
0.0214963, 0.017299, 0.00757291, -0.00729941, -0.0267755, -0.0501395, -0.0765249, -0.104947, -0.134345, -0.163624, -0.19171, -0.217589, -0.240349, -0.25921, -0.273545, -0.282888, -0.286912
-0.286912, -0.290931, -0.300224, -0.314376, -0.332807, -0.354763, -0.379356, -0.405605, -0.432489, -0.458995, -0.484161, -0.507123, -0.527135, -0.543587, -0.556009, -0.564068, -0.567529
-0.567529, -0.570981, -0.578939, -0.591001, -0.606601, -0.625023, -0.64544, -0.666975, -0.688742, -0.709905, -0.729714, -0.747535, -0.76286, -0.775309, -0.784616, -0.79061, -0.793173
-0.793173, -0.795723, -0.801576, -0.810379, -0.821638, -0.83474, -0.849005, -0.863738, -0.87828, -0.892051, -0.904585, -0.915538, -0.924692, -0.931932, -0.937222, -0.94057, -0.941987
-0.941987, -0.943388, -0.946569, -0.951261, -0.957087, -0.963601, -0.970332, -0.976836, -0.982744, -0.987789, -0.991833, -0.994858, -0.996954, -0.998284, -0.999044, -0.999422, -0.999556
-0.999556, -0.999672, -0.999874, -1, -0.999829, -0.999124, -0.997668, -0.995314, -0.992015, -0.987846, -0.983008, -0.977812, -0.972647, -0.967938, -0.964095, -0.961467, -0.960304
-0.960304, -0.959125, -0.956327, -0.951874, -0.945724, -0.937867, -0.928366, -0.917382, -0.905196, -0.892216, -0.878965, -0.866051, -0.854126, -0.843834, -0.83576, -0.83038, -0.828033
-0.828033, -0.825672, -0.820146, -0.811546, -0.800011, -0.785765, -0.769139, -0.750588, -0.730696, -0.710163, -0.689782, -0.670401, -0.65287, -0.637992, -0.62647, -0.618859, -0.615556

0.956614, 0.957829, 0.960578, 0.964607, 0.96956, 0.97502, 0.980551, 0.985752, 0.9903, 0.99398, 0.996702, 0.998499, 0.999506, 0.999929, 0.999996, 0.99992, 0.999858
0.999858, 0.999778, 0.999526, 0.998958, 0.99788, 0.996085, 0.9934, 0.989723, 0.985055, 0.979524, 0.973379, 0.96698, 0.960757, 0.955172, 0.950663, 0.947601, 0.946251
0.946251, 0.944885, 0.941656, 0.936546, 0.929541, 0.920666, 0.910025, 0.897824, 0.884393, 0.870187, 0.855771, 0.841795, 0.828945, 0.817893, 0.809246, 0.803493, 0.800987
0.800987, 0.798467, 0.792573, 0.783417, 0.771163, 0.756068, 0.738501, 0.718959, 0.698066, 0.67656, 0.65527, 0.635071, 0.616838, 0.60139, 0.589442, 0.581556, 0.578136
0.578136, 0.574705, 0.566718, 0.554402, 0.538087, 0.518233, 0.495443, 0.470453, 0.44412, 0.417399, 0.391297, 0.366832, 0.344981, 0.326634, 0.312541, 0.303287, 0.299284
0.299284, 0.295276, 0.285969, 0.271686, 0.252889, 0.230201, 0.204394, 0.176376, 0.147156, 0.117807, 0.0894204, 0.063059, 0.0397086, 0.0202384, 0.00536727, -0.00435959, -0.0085576
-0.0085576, -0.0127555, -0.0224808, -0.0373465, -0.0568038, -0.0801302, -0.106453, -0.134785, -0.164063, -0.193196, -0.221117, -0.246822, -0.269411, -0.288117, -0.302327, -0.311584, -0.31557
-0.31557, -0.319551, -0.328753, -0.342762, -0.360995, -0.382699, -0.406989, -0.43289, -0.459389, -0.485486, -0.510237, -0.532794, -0.552434, -0.568565, -0.580736, -0.588627, -0.592016
-0.592016, -0.595394, -0.603181, -0.614976, -0.630218, -0.648199, -0.668102, -0.689064, -0.710218, -0.730749, -0.749932, -0.767158, -0.781946, -0.793939, -0.802893, -0.808653, -0.811116
-0.811116, -0.813564, -0.819182, -0.827621, -0.838396, -0.850911, -0.8645, -0.878492, -0.892252, -0.905229, -0.916987, -0.927212, -0.935715, -0.942409, -0.947279, -0.95035, -0.951648
-0.951648, -0.952929, -0.955833, -0.960099, -0.965364, -0.9712, -0.977159, -0.982826, -0.987858, -0.992025, -0.995218, -0.997452, -0.998847, -0.999593, -0.999907, -0.999992, -1
-1, -0.99999, -0.999899, -0.999578, -0.998822, -0.997415, -0.995167, -0.991959, -0.987777, -0.982729, -0.977048, -0.971075, -0.965227, -0.959952, -0.95568, -0.952771, -0.951488
-0.951488, -0.950187, -0.947111, -0.942234, -0.935531, -0.927016, -0.916778, -0.905007, -0.892016, -0.878242, -0.864237, -0.850636, -0.838111, -0.827327, -0.818882, -0.81326, -0.81081
-0.81081, -0.808346, -0.802581, -0.793621, -0.78162, -0.766823, -0.749587, -0.730392, -0.70985, -0.688685, -0.667713, -0.6478, -0.629812, -0.614563, -0.602763, -0.594974, -0.591594
-0.591594, -0.588205, -0.580311, -0.568135, -0.551998, -0.532352, -0.509787, -0.485029, -0.458925, -0.432419, -0.406512, -0.382216, -0.360507, -0.342271, -0.328259, -0.319056, -0.315074
-0.315074, -0.311087, -0.301828, -0.287617, -0.268907, -0.246315, -0.220607, -0.192684, -0.163547, -0.134267, -0.105934, -0.0796092, -0.0562819, -0.0368241, -0.0219582, -0.0122327, -0.00803487
-0.00803487, -0.00383684, 0.00589001, 0.020761, 0.0402309, 0.0635807, 0.0899411, 0.118326, 0.147673, 0.176891, 0.204906, 0.230709, 0.253395, 0.272189, 0.28647, 0.295775, 0.299783
0.299783, 0.303785, 0.313038, 0.327128, 0.345472, 0.367318, 0.391778, 0.417874, 0.444589, 0.470914, 0.495897, 0.51868, 0.538527, 0.554837, 0.567149, 0.575133, 0.578562
0.578562, 0.581981, 0.589864, 0.601808, 0.617249, 0.635475, 0.655665, 0.676945, 0.69844, 0.719322, 0.738853, 0.75641, 0.771495, 0.783742, 0.792892, 0.798781, 0.8013
0.8013, 0.803805, 0.809553, 0.818194, 0.829237, 0.842078, 0.856042, 0.870444, 0.884637, 0.898054, 0.910242, 0.92087, 0.929733, 0.93673, 0.941832, 0.945056, 0.94642
0.94642, 0.947768, 0.950825, 0.955326, 0.960902, 0.967113, 0.973499, 0.979629, 0.985145, 0.989797, 0.99346, 0.996131, 0.997914, 0.998982, 0.999542, 0.999789, 0.999867
0.999867, 0.999926, 0.999997, 0.999922, 0.99949, 0.99847, 0.996659, 0.993922, 0.990227, 0.985664, 0.980448, 0.974903, 0.969432, 0.964469, 0.960433, 0.957679, 0.956462
0.956462, 0.955228, 0.952305, 0.947662, 0.941263, 0.933111, 0.923279, 0.911941, 0.899392, 0.886056, 0.872466, 0.859242, 0.847047, 0.836533, 0.828292, 0.822803, 0.82041
0.82041, 0.818002, 0.812369, 0.803606, 0.791861, 0.777367, 0.760466, 0.741625, 0.721439, 0.70062, 0.679973, 0.660351, 0.642613, 0.627568, 0.61592, 0.608228, 0.60489
0.60489, 0.601542, 0.593743, 0.581711, 0.565757, 0.546324, 0.523991, 0.499472, 0.473603, 0.44732, 0.421615, 0.397496, 0.375934, 0.357813, 0.343886, 0.334737, 0.330778
0.330778, 0.326813, 0.317605, 0.303468, 0.284851, 0.262362, 0.23676, 0.208938, 0.179893, 0.15069, 0.122418, 0.0961374, 0.0728398, 0.0533997, 0.0385431, 0.0288217, 0.0246251
0.0246251, 0.0204281, 0.0107024, -0.00416984, -0.0236469, -0.0470136, -0.0734041, -0.101834, -0.131243, -0.160536, -0.188638, -0.214533, -0.23731, -0.256186, -0.270534, -0.279885, -0.283913
-0.283913, -0.287936, -0.297237, -0.311404, -0.329854, -0.351835, -0.376458, -0.402743, -0.429666, -0.456212, -0.48142, -0.504423, -0.524473, -0.540957, -0.553406, -0.561481, -0.56495
-0.56495, -0.568409, -0.576385, -0.588474, -0.60411, -0.622577, -0.643047, -0.664639, -0.686469, -0.707697, -0.727571, -0.745453, -0.760833, -0.773329, -0.782672, -0.788689, -0.791263
-0.791263, -0.793823, -0.799701, -0.808542, -0.81985, -0.833013, -0.847347, -0.862157, -0.876779, -0.890632, -0.903246, -0.914275, -0.923496, -0.930793, -0.936126, -0.939502, -0.940932
-0.940932, -0.942345, -0.945556, -0.950291, -0.956176, -0.96276, -0.96957, -0.976162, -0.98216, -0.987297, -0.991429, -0.994536, -0.996705, -0.998096, -0.998903, -0.999311, -0.999458
-0.999458, -0.999587, -0.99982, -0.999991, -0.999882, -0.99925, -0.997877, -0.995612, -0.992405, -0.988328, -0.983578, -0.978463, -0.973369, -0.968719, -0.964922, -0.962322, -0.961173

0.602812, 0.606156, 0.613864, 0.625536, 0.640614, 0.658391, 0.678059, 0.698758, 0.719631, 0.739873, 0.75877, 0.775724, 0.790267, 0.802052, 0.810846, 0.8165, 0.818917
0.818917, 0.821319, 0.826829, 0.835102, 0.845658, 0.857906, 0.871189, 0.884844, 0.89825, 0.910868, 0.922274, 0.93217, 0.940379, 0.946826, 0.951506, 0.954453, 0.955698
0.955698, 0.956925, 0.959704, 0.963777, 0.968789, 0.97432, 0.979932, 0.985221, 0.98986, 0.993632, 0.996443, 0.998322, 0.999403, 0.999886, 1, 0.999955, 0.999906
0.999906, 0.999839, 0.999618, 0.999096, 0.998079, 0.996357, 0.993754, 0.990165, 0.985589, 0.980149, 0.974092, 0.967773, 0.961621, 0.956094, 0.95163, 0.948596, 0.947259
0.947259, 0.945905, 0.942705, 0.937639, 0.93069, 0.921883, 0.911318, 0.899198, 0.88585, 0.871724, 0.857386, 0.843481, 0.830692, 0.81969, 0.81108, 0.805353, 0.802857
0.802857, 0.800347, 0.794478, 0.785358, 0.773151, 0.758112, 0.740608, 0.721131, 0.700303, 0.678861, 0.657631, 0.637486, 0.619298, 0.603887, 0.591967, 0.584099, 0.580687
0.580687, 0.577264, 0.569294, 0.557004, 0.540722, 0.520907, 0.498159, 0.473212, 0.446922, 0.420241, 0.394175, 0.369741, 0.347917, 0.32959, 0.315513, 0.306268, 0.302269
0.302269, 0.298264, 0.288966, 0.274697, 0.255916, 0.233245, 0.207456, 0.179456, 0.150251, 0.120914, 0.0925371, 0.066182, 0.0428355, 0.0233673, 0.00849682, -0.00122998, -0.00542806
-0.00542806, -0.00962603, -0.0193519, -0.0342189, -0.053679, -0.0770103, -0.103341, -0.131683, -0.160975, -0.190125, -0.218064, -0.243788, -0.266395, -0.285119, -0.299342, -0.308609, -0.312599
-0.312599, -0.316584, -0.325796, -0.33982, -0.358074, -0.379806, -0.404128, -0.430067, -0.456607, -0.482748, -0.507543, -0.530143, -0.549822, -0.565988, -0.578186, -0.586094, -0.589491
-0.589491, -0.592877, -0.600681, -0.612505, -0.627785, -0.645812, -0.66577, -0.686792, -0.708011, -0.728609, -0.747858, -0.765147, -0.779991, -0.792032, -0.801024, -0.806808, -0.809282
-0.809282, -0.81174, -0.817383, -0.82586, -0.836686, -0.849262, -0.862923, -0.876992, -0.890834, -0.903895, -0.915734, -0.926035, -0.934607, -0.941357, -0.946271, -0.949372, -0.950682
-0.950682, -0.951976, -0.954909, -0.959219, -0.964543, -0.970449, -0.976489, -0.982243, -0.987367, -0.991626, -0.994907, -0.997224, -0.998692, -0.999499, -0.999859, -0.999975, -0.999996
-0.999996, -0.999999, -0.999939, -0.999664, -0.998969, -0.997635, -0.995469, -0.99235, -0.98826, -0.983303, -0.97771, -0.971818, -0.966041, -0.960825, -0.956596, -0.953717, -0.952446
-0.952446, -0.951158, -0.948111, -0.943277, -0.936632, -0.928185, -0.918024, -0.906334, -0.893426, -0.879734, -0.865808, -0.852277, -0.839814, -0.829081, -0.820674, -0.815077, -0.812638
-0.812638, -0.810184, -0.804444, -0.795521, -0.783568, -0.768828, -0.751654, -0.732526, -0.712051, -0.690951, -0.67004, -0.650181, -0.63224, -0.617029, -0.605258, -0.597486, -0.594115
-0.594115, -0.590733, -0.582856, -0.570707, -0.554605, -0.534999, -0.512477, -0.487763, -0.461703, -0.435239, -0.409369, -0.385106, -0.363425, -0.34521, -0.331214, -0.32202, -0.318043
-0.318043, -0.31406, -0.304811, -0.290613, -0.27192, -0.249347, -0.223659, -0.195754, -0.166634, -0.137368, -0.109045, -0.0827284, -0.0594063, -0.0399514, -0.0250869, -0.0153621, -0.0111643
-0.0111643, -0.00696642, 0.00276043, 0.017632, 0.0371036, 0.0604571, 0.0868237, 0.115218, 0.144577, 0.173809, 0.201841, 0.227663, 0.250366, 0.269177, 0.28347, 0.292784, 0.296796
0.296796, 0.300802, 0.310064, 0.324169, 0.342533, 0.364405, 0.388896, 0.415029, 0.441783, 0.468151, 0.493177, 0.516002, 0.535888, 0.552231, 0.564569, 0.57257, 0.576007
0.576007, 0.579434, 0.587334, 0.599305, 0.614784, 0.633055, 0.653299, 0.674638, 0.696197, 0.717145, 0.736741, 0.754359, 0.769501, 0.781794, 0.790981, 0.796895, 0.799424
0.799424, 0.801939, 0.807712, 0.81639, 0.827484, 0.840385, 0.85442, 0.868899, 0.883173, 0.896673, 0.908941, 0.919645, 0.928576, 0.935629, 0.940775, 0.944029, 0.945405
0.945405, 0.946765, 0.949851, 0.954397, 0.960031, 0.966312, 0.972778, 0.978995, 0.984603, 0.989346, 0.993098, 0.995851, 0.997707, 0.998836, 0.999443, 0.99972, 0.999811
0.999811, 0.999884, 0.999985, 0.999956, 0.999585, 0.998638, 0.99691, 0.994262, 0.990659, 0.986187, 0.981059, 0.975595, 0.970195, 0.965291, 0.9613, 0.958575, 0.95737
0.95737, 0.956149, 0.953255, 0.948656, 0.942315, 0.934232, 0.924476, 0.91322, 0.900756, 0.887502, 0.873991, 0.860839, 0.848706, 0.838244, 0.830042, 0.824578, 0.822195
0.822195, 0.819799, 0.81419, 0.805465, 0.793769, 0.779332, 0.762494, 0.74372, 0.723602, 0.70285, 0.682264, 0.662698, 0.645008, 0.630001, 0.618382, 0.610709, 0.607379
0.607379, 0.604039, 0.596258, 0.584253, 0.568335, 0.548943, 0.526654, 0.502181, 0.476357, 0.450117, 0.424451, 0.400366, 0.378832, 0.360734, 0.346823, 0.337684, 0.33373
0.33373, 0.329769, 0.320571, 0.306448, 0.287849, 0.265381, 0.2398, 0.211998, 0.182971, 0.153783, 0.125523, 0.0992521, 0.0759607, 0.0565245, 0.0416702, 0.0319499, 0.0277537
0.0277537, 0.0235569, 0.0138318, -0.00104024, -0.0205181, -0.0438872, -0.0702825, -0.0987205, -0.128139, -0.157446, -0.185563, -0.211475, -0.234268, -0.25316, -0.267519, -0.276879, -0.280911
-0.280911, -0.284937, -0.294247, -0.308428, -0.326898, -0.348904, -0.373557, -0.399876, -0.426837, -0.453425, -0.478675, -0.501718, -0.521805, -0.538323, -0.550796, -0.558888, -0.562365
-0.562365, -0.565831, -0.573824, -0.585941, -0.601613, -0.620124, -0.640647, -0.662298, -0.68419, -0.705483, -0.72542, -0.743363, -0.758798, -0.771341, -0.78072, -0.786761, -0.789346
-0.789346, -0.791916, -0.797818, -0.806696, -0.818054, -0.831277, -0.845681, -0.860567, -0.87527, -0.889205, -0.901899, -0.913002, -0.922291, -0.929644, -0.935021, -0.938426, -0.939868

0.01889, 0.0230872, 0.0328102, 0.0476705, 0.0671173, 0.090426, 0.116722, 0.145017, 0.174247, 0.203325, 0.231183, 0.256822, 0.279347, 0.297997, 0.31216, 0.321386, 0.325359
0.325359, 0.329326, 0.338494, 0.352451, 0.370612, 0.392225, 0.416406, 0.442182, 0.468543, 0.494494, 0.519096, 0.54151, 0.561017, 0.577035, 0.589117, 0.596949, 0.600312
0.600312, 0.603664, 0.61139, 0.623091, 0.638208, 0.656032, 0.675755, 0.696516, 0.717454, 0.737764, 0.756728, 0.773746, 0.788345, 0.800179, 0.80901, 0.814689, 0.817116
0.817116, 0.819529, 0.825064, 0.833376, 0.843984, 0.856293, 0.869648, 0.883382, 0.89687, 0.909572, 0.92106, 0.931033, 0.93931, 0.945814, 0.950539, 0.953515, 0.954772
0.954772, 0.956012, 0.958819, 0.962937, 0.968008, 0.97361, 0.979303, 0.98468, 0.989411, 0.993274, 0.996174, 0.998136, 0.99929, 0.999834, 0.999994, 0.99998, 0.999944
0.999944, 0.999891, 0.999699, 0.999224, 0.998268, 0.996619, 0.994099, 0.990598, 0.986114, 0.980764, 0.974795, 0.968556, 0.962475, 0.957006, 0.952587, 0.949582, 0.948257
0.948257, 0.946916, 0.943744, 0.938722, 0.931831, 0.923091, 0.912602, 0.900563, 0.887297, 0.873254, 0.858993, 0.845158, 0.83243, 0.821479, 0.812907, 0.807204, 0.804719
0.804719, 0.802219, 0.796374, 0.787292, 0.775133, 0.760149, 0.742707, 0.723295, 0.702534, 0.681156, 0.659985, 0.639894, 0.621752, 0.606379, 0.594486, 0.586637, 0.583232
0.583232, 0.579816, 0.571864, 0.559601, 0.543352, 0.523576, 0.50087, 0.475967, 0.44972, 0.423079, 0.397049, 0.372647, 0.35085, 0.332543, 0.318481, 0.309246, 0.305251
0.305251, 0.30125, 0.291961, 0.277705, 0.25894, 0.236287, 0.210517, 0.182534, 0.153344, 0.12402, 0.0956528, 0.0693045, 0.0459621, 0.0264959, 0.0116263, 0.00189963, -0.00229846
-0.00229846, -0.00649651, -0.0162228, -0.0310909, -0.0505536, -0.0738896, -0.100228, -0.12858, -0.157885, -0.187051, -0.215009, -0.240751, -0.263378, -0.282118, -0.296355, -0.30563, -0.309625
-0.309625, -0.313614, -0.322835, -0.336875, -0.355151, -0.376909, -0.401264, -0.427239, -0.453821, -0.480004, -0.504844, -0.527487, -0.547205, -0.563405, -0.575629, -0.583556, -0.58696
-0.58696, -0.590353, -0.598176, -0.610028, -0.625346, -0.64342, -0.663432, -0.684514, -0.705798, -0.726462, -0.745777, -0.763128, -0.778029, -0.790118, -0.799146, -0.804955, -0.807439
-0.807439, -0.809909, -0.815576, -0.824091, -0.834968, -0.847606, -0.861337, -0.875484, -0.889408, -0.902552, -0.914472, -0.92485, -0.933489, -0.940297, -0.945254, -0.948384, -0.949707
-0.949707, -0.951013, -0.953975, -0.95833, -0.963712, -0.96969, -0.97581, -0.981651, -0.986867, -0.991217, -0.994587, -0.996986, -0.998527, -0.999395, -0.999802, -0.999948, -0.999982
-0.999982, -0.999998, -0.999969, -0.99974, -0.999106, -0.997845, -0.995762, -0.992732, -0.988733, -0.983868, -0.978362, -0.972551, -0.966845, -0.961687, -0.957504, -0.954653, -0.953395
-0.953395, -0.95212, -0.949101, -0.944312, -0.937723, -0.929345, -0.91926, -0.907652, -0.894827, -0.881218, -0.867369, -0.85391, -0.841509, -0.830827, -0.822458, -0.816886, -0.814458
-0.814458, -0.812015, -0.8063, -0.797414, -0.785509, -0.770825, -0.753715, -0.734653, -0.714245, -0.69321, -0.67236, -0.652556, -0.634662, -0.619489, -0.607746, -0.599993, -0.596629
-0.596629, -0.593255, -0.585397, -0.573275, -0.557206, -0.53764, -0.515162, -0.490493, -0.464477, -0.438054, -0.412222, -0.387993, -0.366339, -0.348145, -0.334165, -0.324982, -0.321009
-0.321009, -0.31703, -0.30779, -0.293606, -0.274931, -0.252377, -0.226708, -0.198822, -0.169719, -0.140467, -0.112155, -0.0858469, -0.0625301, -0.0430783, -0.0282154, -0.0184912, -0.0142937
-0.0142937, -0.0100959, -0.00036919, 0.0145028, 0.033976, 0.0573329, 0.0837055, 0.112108, 0.14148, 0.170727, 0.198775, 0.224614, 0.247335, 0.266161, 0.280467, 0.28979, 0.293806
0.293806, 0.297816, 0.307087, 0.321207, 0.339591, 0.361489, 0.386011, 0.412179, 0.438973, 0.465383, 0.490452, 0.513319, 0.533243, 0.549619, 0.561983, 0.570002, 0.573446
0.573446, 0.57688, 0.584798, 0.596797, 0.612313, 0.63063, 0.650926, 0.672325, 0.693947, 0.71496, 0.734621, 0.752301, 0.767498, 0.779839, 0.789062, 0.795, 0.79754
0.79754, 0.800065, 0.805863, 0.814579, 0.825723, 0.838685, 0.85279, 0.867346, 0.881701, 0.895283, 0.907632, 0.918412, 0.92741, 0.93452, 0.93971, 0.942992, 0.944381
0.944381, 0.945753, 0.948868, 0.953458, 0.95915, 0.965502, 0.972048, 0.978352, 0.984051, 0.988886, 0.992726, 0.995562, 0.99749, 0.99868, 0.999333, 0.999641, 0.999745
0.999745, 0.999831, 0.999962, 0.999981, 0.99967, 0.998796, 0.997151, 0.994592, 0.991081, 0.986701, 0.98166, 0.976278, 0.970949, 0.966104, 0.962157, 0.959461, 0.95827
0.95827, 0.957061, 0.954196, 0.949641, 0.943358, 0.935343, 0.925665, 0.914491, 0.902111, 0.88894, 0.875507, 0.862427, 0.850357, 0.839946, 0.831783, 0.826344, 0.823973
0.823973, 0.821587, 0.816003, 0.807316, 0.795668, 0.781289, 0.764515, 0.745809, 0.725759, 0.705073, 0.684549, 0.665039, 0.647397, 0.632428, 0.620838, 0.613184, 0.609862
0.609862, 0.60653, 0.598768, 0.58679, 0.570907, 0.551556, 0.529312, 0.504884, 0.479107, 0.452909, 0.427282, 0.403231, 0.381727, 0.363651, 0.349757, 0.340628, 0.336678
0.336678, 0.332722, 0.323534, 0.309426, 0.290845, 0.268397, 0.242837, 0.215055, 0.186046, 0.156875, 0.128627, 0.102366, 0.0790809, 0.0596489, 0.0447968, 0.0350777, 0.0308819
0.0308819, 0.0266856, 0.016961, 0.00208938, -0.017389, -0.0407604, -0.0671603, -0.0956057, -0.125035, -0.154355, -0.182487, -0.208416, -0.231225, -0.250131, -0.264503, -0.27387, -0.277906
-0.277906, -0.281936, -0.291255, -0.30545, -0.323939, -0.345969, -0.370652, -0.397006, -0.424005, -0.450633, -0.475925, -0.499009, -0.519133, -0.535682, -0.548181, -0.55629, -0.559774

-1.51051e-11, 0.00419809, 0.0139246, 0.0287935, 0.048258, 0.0715972, 0.0979405, 0.126301, 0.155615, 0.184793, 0.212763, 0.23852, 0.26116, 0.279912, 0.294159, 0.303441, 0.307439
0.307439, 0.311431, 0.320659, 0.33471, 0.353001, 0.374779, 0.399157, 0.42516, 0.451771, 0.477987, 0.502858, 0.525533, 0.54528, 0.561504, 0.573748, 0.581688, 0.585097
0.585097, 0.588497, 0.596333, 0.608205, 0.623551, 0.641658, 0.66171, 0.682837, 0.704168, 0.724881, 0.744244, 0.761641, 0.776583, 0.788707, 0.797762, 0.80359, 0.806081
0.806081, 0.808558, 0.814244, 0.822787, 0.833701, 0.846384, 0.860167, 0.874371, 0.888355, 0.90156, 0.913539, 0.923973, 0.932662, 0.939512, 0.944502, 0.947653, 0.948985
0.948985, 0.9503, 0.953283, 0.95767, 0.963096, 0.969125, 0.975305, 0.981211, 0.986493, 0.99091, 0.994345, 0.996805, 0.9984, 0.999312, 0.999753, 0.999922, 0.999966
0.999966, 0.999992, 0.999984, 0.99979, 0.999201, 0.997993, 0.995971, 0.993006, 0.989075, 0.984277, 0.978835, 0.973083, 0.967429, 0.962315, 0.958164, 0.955335, 0.954086
0.954086, 0.95282, 0.949822, 0.945066, 0.938519, 0.930191, 0.920162, 0.908614, 0.895851, 0.882302, 0.868511, 0.855104, 0.842749, 0.832104, 0.823763, 0.81821, 0.815789
0.815789, 0.813354, 0.807657, 0.798798, 0.786929, 0.772287, 0.755223, 0.736211, 0.715851, 0.694864, 0.674059, 0.654296, 0.636436, 0.621292, 0.60957, 0.60183, 0.598472
0.598472, 0.595104, 0.587259, 0.575156, 0.559113, 0.539577, 0.51713, 0.492495, 0.466511, 0.440119, 0.414315, 0.39011, 0.368476, 0.350299, 0.33633, 0.327154, 0.323185
0.323185, 0.319209, 0.309976, 0.295802, 0.27714, 0.2546, 0.228946, 0.201074, 0.171983, 0.142742, 0.114439, 0.0881367, 0.0648239, 0.0453745, 0.0305129, 0.0207893, 0.0165919
0.0165919, 0.0123942, 0.00266765, -0.0122045, -0.0316788, -0.0550381, -0.0814149, -0.109824, -0.139204, -0.168461, -0.196522, -0.222374, -0.245108, -0.263945, -0.27826, -0.28759, -0.291608
-0.291608, -0.295621, -0.304899, -0.319029, -0.337429, -0.359345, -0.38389, -0.410084, -0.436907, -0.463347, -0.488447, -0.511345, -0.531297, -0.547698, -0.56008, -0.568112, -0.571561
-0.571561, -0.575001, -0.582932, -0.594951, -0.610494, -0.628844, -0.649179, -0.670621, -0.69229, -0.713351, -0.73306, -0.750784, -0.766023, -0.778398, -0.787648, -0.793604, -0.796151
-0.796151, -0.798684, -0.8045, -0.813244, -0.824424, -0.837431, -0.851587, -0.8662, -0.880614, -0.894257, -0.906665, -0.9175, -0.926548, -0.9337, -0.938921, -0.942224, -0.943622
-0.943622, -0.945004, -0.94814, -0.952762, -0.958497, -0.964901, -0.971506, -0.977874, -0.983639, -0.988542, -0.992447, -0.995343, -0.997325, -0.998559, -0.999247, -0.999577, -0.99969
-0.99969, -0.999786, -0.99994, -0.999992, -0.999727, -0.998907, -0.997321, -0.994828, -0.991385, -0.987072, -0.982096, -0.976773, -0.971496, -0.966694, -0.962781, -0.960107, -0.958924
-0.958924, -0.957725, -0.954881, -0.950359, -0.944118, -0.936154, -0.926532, -0.915419, -0.9031, -0.88999, -0.876616, -0.863588, -0.851564, -0.841191, -0.833057, -0.827636, -0.825273
-0.825273, -0.822895, -0.817329, -0.80867, -0.797058, -0.782722, -0.765995, -0.747338, -0.727338, -0.706701, -0.686223, -0.666753, -0.649147, -0.634207, -0.622639, -0.614998, -0.611682
-0.611682, -0.608356, -0.600607, -0.58865, -0.572793, -0.553472, -0.53126, -0.506867, -0.481123, -0.454957, -0.429359, -0.405334, -0.38385, -0.365791, -0.351909, -0.342788, -0.338842
-0.338842, -0.334889, -0.325708, -0.311611, -0.293044, -0.27061, -0.245066, -0.217299, -0.188304, -0.159145, -0.130906, -0.104652, -0.081372, -0.0619431, -0.0470929, -0.0373747, -0.0331792
-0.0331792, -0.0289832, -0.0192591, -0.00438783, 0.0150908, 0.0384637, 0.0648669, 0.0933175, 0.122754, 0.152083, 0.180227, 0.206167, 0.228988, 0.247905, 0.262285, 0.271659, 0.275697
0.275697, 0.27973, 0.289055, 0.30326, 0.321763, 0.343812, 0.368516, 0.394895, 0.421922, 0.44858, 0.473902, 0.497016, 0.517167, 0.53374, 0.546258, 0.554379, 0.557868
0.557868, 0.561347, 0.56937, 0.581533, 0.597269, 0.615857, 0.63647, 0.658221, 0.680221, 0.701625, 0.721674, 0.739721, 0.755252, 0.767875, 0.777317, 0.783399, 0.786002
0.786002, 0.78859, 0.794534, 0.803477, 0.81492, 0.828248, 0.842772, 0.857789, 0.872631, 0.886708, 0.899541, 0.910775, 0.920179, 0.92763, 0.933082, 0.936537, 0.938
0.938, 0.939447, 0.942736, 0.947592, 0.953635, 0.960411, 0.96744, 0.974269, 0.980515, 0.985901, 0.990275, 0.993606, 0.995974, 0.997531, 0.998465, 0.998957, 0.99914
0.99914, 0.999305, 0.99962, 0.99992, 0.999977, 0.999545, 0.998398, 0.996376, 0.993421, 0.989595, 0.985086, 0.980194, 0.975295, 0.970808, 0.967133, 0.964614, 0.963499
0.963499, 0.962366, 0.959678, 0.955391, 0.949457, 0.941859, 0.932647, 0.921971, 0.910101, 0.897433, 0.884479, 0.871835, 0.860145, 0.850047, 0.84212, 0.836835, 0.834529
0.834529, 0.832209, 0.826776, 0.818319, 0.806969, 0.79294, 0.776556, 0.758259, 0.738625, 0.718342, 0.698197, 0.679027, 0.661678, 0.646948, 0.635536, 0.627997, 0.624724
0.624724, 0.62144, 0.61379, 0.601982, 0.586314, 0.567214, 0.545244, 0.5211, 0.495602, 0.46967, 0.444285, 0.420446, 0.399118, 0.381183, 0.367392, 0.358328, 0.354405
0.354405, 0.350477, 0.34135, 0.327334, 0.308867, 0.286546, 0.261118, 0.233465, 0.204573, 0.175503, 0.147337, 0.121138, 0.0978976, 0.0784946, 0.0636599, 0.0539499, 0.0497574
0.0497574, 0.0455641, 0.0358453, 0.020979, 0.00150124, -0.0218788, -0.048301, -0.0767851, -0.106271, -0.135664, -0.163882, -0.189903, -0.212805, -0.231797, -0.246238, -0.255654, -0.25971
-0.25971, -0.263762, -0.273132, -0.287408, -0.30601, -0.328184, -0.353041, -0.379597, -0.406822, -0.433689, -0.459227, -0.48255, -0.502895, -0.519636, -0.532285, -0.540494, -0.544021

0.000250551
61613
101
