8
32

0, 0.0156622, 0.0504183, 0.0993487, 0.155615, 0.21138, 0.259071, 0.292497, 0.307439
0.307439, 0.322304, 0.355024, 0.400455, 0.451771, 0.501634, 0.543466, 0.572324, 0.585097
0.585097, 0.597727, 0.62524, 0.662771, 0.704168, 0.743298, 0.775218, 0.796713, 0.806081
0.806081, 0.815251, 0.834894, 0.860888, 0.888355, 0.912963, 0.93188, 0.94393, 0.948985
0.948985, 0.953807, 0.963676, 0.975617, 0.986493, 0.994194, 0.998276, 0.999713, 0.999966
0.999966, 0.999973, 0.999112, 0.995843, 0.989075, 0.979124, 0.967974, 0.95866, 0.954086
0.954086, 0.949277, 0.93777, 0.919607, 0.895851, 0.869212, 0.843911, 0.824747, 0.815789
0.815789, 0.806631, 0.785592, 0.754295, 0.715851, 0.675104, 0.638103, 0.610946, 0.598472
0.598472, 0.585851, 0.557319, 0.515919, 0.466511, 0.415603, 0.370486, 0.337967, 0.323185
0.323185, 0.308323, 0.275061, 0.227568, 0.171983, 0.115845, 0.0669821, 0.0322499, 0.0165919
0.0165919, 0.00092984, -0.0338405, -0.0828253, -0.139204, -0.195134, -0.24301, -0.276591, -0.291608
-0.291608, -0.306554, -0.339464, -0.385196, -0.436907, -0.487212, -0.529463, -0.558639, -0.571561
-0.571561, -0.584343, -0.612206, -0.650255, -0.69229, -0.732096, -0.76463, -0.786576, -0.796151
-0.796151, -0.80553, -0.825646, -0.852328, -0.880614, -0.906067, -0.925732, -0.938322, -0.943622
-0.943622, -0.948691, -0.959112, -0.971841, -0.983639, -0.992272, -0.997164, -0.999178, -0.99969
-0.99969, -0.999957, -0.999674, -0.997217, -0.991385, -0.982362, -0.972006, -0.963249, -0.958924
-0.958924, -0.954364, -0.943403, -0.925999, -0.9031, -0.877296, -0.852696, -0.834017, -0.825273
-0.825273, -0.816327, -0.79575, -0.765084, -0.727338, -0.687251, -0.65079, -0.623998, -0.611682
-0.611682, -0.599217, -0.571018, -0.530061, -0.481123, -0.430637, -0.385846, -0.353536, -0.338842
-0.338842, -0.324064, -0.290975, -0.243694, -0.188304, -0.132309, -0.0835275, -0.0488287, -0.0331792
-0.0331792, -0.0175216, 0.0172535, 0.066279, 0.122754, 0.178835, 0.226882, 0.260608, 0.275697
0.275697, 0.290718, 0.323811, 0.369831, 0.421922, 0.472656, 0.515315, 0.544801, 0.557868
0.557868, 0.570798, 0.599002, 0.637561, 0.680221, 0.720693, 0.753832, 0.776223, 0.786002
0.786002, 0.795588, 0.816172, 0.843533, 0.872631, 0.898922, 0.91933, 0.932456, 0.938
0.938, 0.943314, 0.954284, 0.967797, 0.980515, 0.990077, 0.995778, 0.998368, 0.99914
0.99914, 0.999667, 0.99996, 0.998317, 0.993421, 0.985329, 0.975771, 0.967574, 0.963499
0.963499, 0.959188, 0.948776, 0.932135, 0.910101, 0.885138, 0.861247, 0.843056, 0.834529
0.834529, 0.825798, 0.805689, 0.775663, 0.738625, 0.699209, 0.663298, 0.636877, 0.624724
0.624724, 0.612418, 0.584561, 0.544057, 0.495602, 0.445552, 0.4011, 0.369007, 0.354405
0.354405, 0.339716, 0.306809, 0.259752, 0.204573, 0.148737, 0.10005, 0.0653941, 0.0497574
0.0497574, 0.0341085, -0.000661683, -0.0497144, -0.106271, -0.162486, -0.210692, -0.244554, -0.25971
-0.25971, -0.274803, -0.308068, -0.354365, -0.406822, -0.457969, -0.501025, -0.530813, -0.544021

-0.583119, -0.570324, -0.541418, -0.499525, -0.449596, -0.39822, -0.352744, -0.319996, -0.305118
-0.305118, -0.290166, -0.256716, -0.208998, -0.153207, -0.0969233, -0.047984, -0.0132252, 0.00243723
0.00243724, 0.0180991, 0.0528522, 0.101774, 0.158022, 0.213762, 0.261424, 0.294827, 0.309757
0.309757, 0.324611, 0.357301, 0.402687, 0.453944, 0.503741, 0.54551, 0.574321, 0.587072
0.587072, 0.599679, 0.627141, 0.664594, 0.705896, 0.744926, 0.776755, 0.798184, 0.807521
0.807521, 0.81666, 0.836233, 0.862126, 0.889471, 0.913955, 0.932761, 0.944731, 0.94975
0.94975, 0.954536, 0.964324, 0.976149, 0.986889, 0.994454, 0.998416, 0.999768, 0.999983
0.999983, 0.999952, 0.999006, 0.995618, 0.988713, 0.978626, 0.96736, 0.957964, 0.953353
0.953353, 0.948508, 0.936921, 0.918647, 0.894765, 0.868004, 0.842601, 0.823367, 0.814377
0.814377, 0.805188, 0.784082, 0.752693, 0.714147, 0.673304, 0.636225, 0.609015, 0.596518
0.596518, 0.583874, 0.555293, 0.513829, 0.464354, 0.413385, 0.368221, 0.335672, 0.320877
0.320877, 0.306004, 0.272717, 0.225194, 0.169582, 0.113424, 0.0645501, 0.0298138, 0.0141549
0.0141549, -0.0015074, -0.0362763, -0.0852539, -0.141617, -0.197524, -0.245373, -0.278932, -0.293938
-0.293938, -0.308873, -0.341755, -0.387444, -0.439098, -0.489339, -0.531529, -0.560659, -0.57356
-0.57356, -0.586319, -0.614131, -0.652105, -0.694046, -0.733755, -0.766199, -0.788079, -0.797623
-0.797623, -0.806972, -0.827019, -0.8536, -0.881767, -0.907096, -0.926651, -0.939162, -0.944426
-0.944426, -0.949459, -0.959799, -0.972412, -0.984075, -0.992572, -0.997345, -0.999274, -0.999748
-0.999748, -0.999977, -0.999608, -0.997032, -0.991062, -0.981903, -0.971431, -0.962592, -0.95823
-0.95823, -0.953633, -0.942592, -0.925076, -0.902051, -0.876123, -0.85142, -0.832669, -0.823894
-0.823894, -0.814917, -0.794272, -0.763513, -0.725663, -0.685479, -0.648938, -0.622091, -0.609752
-0.609752, -0.597264, -0.569016, -0.527993, -0.478985, -0.428436, -0.383597, -0.351255, -0.336547
-0.336547, -0.321758, -0.288642, -0.241329, -0.18591, -0.129893, -0.0810986, -0.0463942, -0.0307432
-0.0307432, -0.0150847, 0.0196903, 0.0687106, 0.125173, 0.181232, 0.229255, 0.26296, 0.278039
0.278039, 0.293049, 0.326116, 0.372095, 0.424131, 0.474802, 0.517402, 0.546843, 0.559889
0.559889, 0.572798, 0.600952, 0.639436, 0.682006, 0.722381, 0.755431, 0.777757, 0.787506
0.787506, 0.797062, 0.817578, 0.844839, 0.873819, 0.899987, 0.920287, 0.933334, 0.938842
0.938842, 0.94412, 0.955009, 0.968408, 0.980991, 0.990416, 0.995999, 0.998504, 0.999238
0.999238, 0.999727, 0.999935, 0.998172, 0.993139, 0.98491, 0.975235, 0.966955, 0.962843
0.962843, 0.958496, 0.948003, 0.93125, 0.909088, 0.884001, 0.860005, 0.841743, 0.833184
0.833184, 0.824421, 0.804243, 0.774123, 0.73698, 0.697465, 0.661472, 0.634996, 0.622819
0.622819, 0.610489, 0.582581, 0.542011, 0.493484, 0.443369, 0.398866, 0.366741, 0.352125
0.352125, 0.337423, 0.304488, 0.257397, 0.202187, 0.146326, 0.0976246, 0.0629619, 0.047323

-0.947436, -0.942309, -0.9301, -0.910963, -0.886106, -0.858398, -0.832201, -0.812419, -0.803187
-0.803187, -0.793758, -0.77213, -0.740028, -0.700698, -0.659113, -0.621429, -0.593812, -0.581137
-0.581137, -0.56832, -0.539368, -0.497412, -0.447417, -0.395983, -0.350463, -0.317686, -0.302796
-0.302796, -0.287832, -0.25436, -0.206614, -0.150798, -0.0944972, -0.0455494, -0.0107881, 0.00487446
0.00487446, 0.0205358, 0.0552859, 0.104198, 0.160428, 0.216142, 0.263776, 0.297155, 0.312073
0.312073, 0.326915, 0.359577, 0.404916, 0.456115, 0.505845, 0.547551, 0.576314, 0.589043
0.589043, 0.601628, 0.629037, 0.666413, 0.70762, 0.74655, 0.778288, 0.79965, 0.808956
0.808956, 0.818064, 0.837567, 0.863358, 0.890583, 0.914941, 0.933637, 0.945528, 0.95051
0.95051, 0.95526, 0.964966, 0.976675, 0.98728, 0.994707, 0.99855, 0.999818, 0.999994
0.999994, 0.999925, 0.998895, 0.995387, 0.988344, 0.978121, 0.966739, 0.957262, 0.952614
0.952614, 0.947733, 0.936067, 0.917682, 0.893674, 0.866791, 0.841286, 0.821981, 0.81296
0.81296, 0.80374, 0.782567, 0.751086, 0.712439, 0.6715, 0.634343, 0.60708, 0.59456
0.59456, 0.581894, 0.553265, 0.511737, 0.462194, 0.411164, 0.365954, 0.333375, 0.318568
0.318568, 0.303683, 0.270371, 0.222819, 0.167179, 0.111002, 0.0621178, 0.0273776, 0.0117179
0.0117179, -0.00394463, -0.0387118, -0.087682, -0.144029, -0.199913, -0.247735, -0.281272, -0.296267
-0.296267, -0.31119, -0.344045, -0.38969, -0.441287, -0.491463, -0.533592, -0.562676, -0.575554
-0.575554, -0.588292, -0.616053, -0.653951, -0.695799, -0.735408, -0.767763, -0.789577, -0.799091
-0.799091, -0.808409, -0.828387, -0.854867, -0.882914, -0.908119, -0.927565, -0.939996, -0.945225
-0.945225, -0.950221, -0.96048, -0.972978, -0.984506, -0.992865, -0.997519, -0.999364, -0.9998
-0.9998, -0.999991, -0.999537, -0.996842, -0.990734, -0.981438, -0.97085, -0.961929, -0.95753
-0.95753, -0.952897, -0.941775, -0.924147, -0.900996, -0.874946, -0.85014, -0.831317, -0.82251
-0.82251, -0.813502, -0.792789, -0.761937, -0.723984, -0.683702, -0.647082, -0.620181, -0.607819
-0.607819, -0.595307, -0.56701, -0.525921, -0.476844, -0.426232, -0.381345, -0.348972, -0.334251
-0.334251, -0.319449, -0.286308, -0.238963, -0.183515, -0.127476, -0.0786691, -0.0439595, -0.028307
-0.028307, -0.0126477, 0.022127, 0.0711419, 0.12759, 0.183628, 0.231627, 0.265311, 0.280379
0.280379, 0.295379, 0.328419, 0.374356, 0.426337, 0.476946, 0.519486, 0.548882, 0.561907
0.561907, 0.574794, 0.602898, 0.641308, 0.683786, 0.724064, 0.757026, 0.779286, 0.789006
0.789006, 0.798532, 0.818979, 0.846141, 0.875002, 0.901046, 0.921237, 0.934206, 0.939678
0.939678, 0.944921, 0.955729, 0.969013, 0.981461, 0.99075, 0.996214, 0.998634, 0.99933
0.99933, 0.999781, 0.999904, 0.998022, 0.992851, 0.984485, 0.974693, 0.966331, 0.962182
0.962182, 0.957798, 0.947224, 0.930359, 0.90807, 0.882859, 0.858759, 0.840425, 0.831834
0.831834, 0.823039, 0.802792, 0.772577, 0.73533, 0.695716, 0.659643, 0.633111, 0.62091

-0.95625, -0.960715, -0.969784, -0.980584, -0.990126, -0.996482, -0.999393, -1, -0.999878
-0.999878, -0.999511, -0.99782, -0.993381, -0.985269, -0.973986, -0.961697, -0.951585, -0.946654
-0.946654, -0.94149, -0.929202, -0.909955, -0.884974, -0.857145, -0.830847, -0.810995, -0.801732
-0.801732, -0.792273, -0.770579, -0.738387, -0.698957, -0.657278, -0.619518, -0.591849, -0.579152
-0.579152, -0.566313, -0.537314, -0.495296, -0.445236, -0.393744, -0.348179, -0.315374, -0.300473
-0.300473, -0.285497, -0.252002, -0.204228, -0.148388, -0.0920706, -0.0431146, -0.008351, 0.00731165
0.00731165, 0.0229725, 0.0577193, 0.106622, 0.162833, 0.218521, 0.266126, 0.299481, 0.314388
0.314388, 0.329217, 0.36185, 0.407144, 0.458282, 0.507946, 0.549589, 0.578305, 0.591011
0.591011, 0.603573, 0.63093, 0.668228, 0.70934, 0.748169, 0.779816, 0.801111, 0.810387
0.810387, 0.819464, 0.838896, 0.864585, 0.891688, 0.915922, 0.934507, 0.946318, 0.951265
0.951265, 0.955978, 0.965603, 0.977195, 0.987664, 0.994954, 0.998678, 0.999861, 1
1, 0.999892, 0.998777, 0.99515, 0.987971, 0.977612, 0.966113, 0.956554, 0.95187
0.95187, 0.946953, 0.935206, 0.91671, 0.892578, 0.865573, 0.839966, 0.820591, 0.811539
0.811539, 0.802288, 0.781047, 0.749475, 0.710727, 0.669692, 0.632457, 0.605142, 0.592598
0.592598, 0.57991, 0.551233, 0.509641, 0.460032, 0.408941, 0.363685, 0.331076, 0.316257
0.316257, 0.30136, 0.268024, 0.220442, 0.164776, 0.108579, 0.0596851, 0.0249412, 0.00928081
0.00928081, -0.00638183, -0.0411471, -0.0901096, -0.146441, -0.2023, -0.250096, -0.28361, -0.298594
-0.298594, -0.313505, -0.346332, -0.391933, -0.443472, -0.493584, -0.535652, -0.564689, -0.577546
-0.577546, -0.590261, -0.617971, -0.655793, -0.697547, -0.737058, -0.769322, -0.79107, -0.800554
-0.800554, -0.809841, -0.829749, -0.856129, -0.884055, -0.909137, -0.928473, -0.940825, -0.946017
-0.946017, -0.950978, -0.961156, -0.973538, -0.98493, -0.993153, -0.997688, -0.999448, -0.999846
-0.999846, -0.999998, -0.99946, -0.996645, -0.9904, -0.980968, -0.970263, -0.96126, -0.956825
-0.956825, -0.952155, -0.940953, -0.923214, -0.899936, -0.873763, -0.848854, -0.82996, -0.821122
-0.821122, -0.812082, -0.791301, -0.760356, -0.722301, -0.681921, -0.645222, -0.618267, -0.605882
-0.605882, -0.593347, -0.565001, -0.523847, -0.4747, -0.424026, -0.37909, -0.346687, -0.331953
-0.331953, -0.317139, -0.283972, -0.236596, -0.181118, -0.125058, -0.0762392, -0.0415245, -0.0258707
-0.0258707, -0.0102106, 0.0245636, 0.0735728, 0.130007, 0.186024, 0.233997, 0.26766, 0.282718
0.282718, 0.297706, 0.33072, 0.376615, 0.42854, 0.479086, 0.521567, 0.550918, 0.563921
0.563921, 0.576786, 0.604841, 0.643176, 0.685563, 0.725743, 0.758616, 0.780811, 0.790501
0.790501, 0.799996, 0.820375, 0.847437, 0.876179, 0.902101, 0.922183, 0.935073, 0.940509
0.940509, 0.945716, 0.956444, 0.969612, 0.981925, 0.991078, 0.996423, 0.998759, 0.999416
0.999416, 0.999829, 0.999868, 0.997866, 0.992557, 0.984055, 0.974145, 0.965701, 0.961516

-0.606254, -0.618635, -0.645579, -0.682264, -0.722624, -0.76066, -0.791587, -0.812355, -0.821389
-0.821389, -0.830221, -0.849101, -0.87399, -0.90014, -0.923393, -0.941111, -0.952298, -0.956961
-0.956961, -0.961389, -0.970376, -0.981059, -0.990465, -0.996683, -0.999475, -0.999997, -0.999837
-0.999837, -0.999432, -0.997656, -0.993098, -0.984849, -0.973431, -0.961026, -0.950833, -0.945866
-0.945866, -0.940666, -0.928299, -0.908941, -0.883837, -0.855887, -0.829488, -0.809567, -0.800273
-0.800273, -0.790784, -0.769023, -0.736741, -0.697212, -0.655439, -0.617603, -0.589883, -0.577164
-0.577164, -0.564303, -0.535257, -0.493177, -0.443053, -0.391503, -0.345893, -0.313061, -0.298147
-0.298147, -0.283161, -0.249643, -0.201842, -0.145978, -0.0896434, -0.0406795, -0.00591383, 0.0097488
0.0097488, 0.025409, 0.0601523, 0.109045, 0.165238, 0.220899, 0.268475, 0.301806, 0.316701
0.316701, 0.331518, 0.364121, 0.409369, 0.460447, 0.510044, 0.551623, 0.580291, 0.592975
0.592975, 0.605514, 0.632819, 0.670039, 0.711056, 0.749784, 0.78134, 0.802567, 0.811812
0.811812, 0.820858, 0.84022, 0.865807, 0.892789, 0.916897, 0.935372, 0.947103, 0.952014
0.952014, 0.95669, 0.966234, 0.97771, 0.988043, 0.995196, 0.9988, 0.999899, 0.999999
0.999999, 0.999854, 0.998654, 0.994907, 0.987591, 0.977096, 0.965481, 0.95584, 0.95112
0.95112, 0.946167, 0.934341, 0.915734, 0.891477, 0.86435, 0.838641, 0.819195, 0.810112
0.810112, 0.800831, 0.779523, 0.747859, 0.70901, 0.66788, 0.630567, 0.6032, 0.590634
0.590634, 0.577923, 0.549198, 0.507543, 0.457866, 0.406716, 0.361413, 0.328775, 0.313944
0.313944, 0.299035, 0.265675, 0.218065, 0.162372, 0.106156, 0.057252, 0.0225046, 0.00684365
0.00684365, -0.008819, -0.0435821, -0.0925366, -0.148851, -0.204686, -0.252455, -0.285946, -0.300919
-0.300919, -0.315818, -0.348618, -0.394174, -0.445655, -0.495702, -0.537708, -0.566699, -0.579534
-0.579534, -0.592226, -0.619885, -0.657631, -0.699292, -0.738703, -0.770877, -0.792559, -0.802012
-0.802012, -0.811269, -0.831107, -0.857386, -0.885192, -0.910149, -0.929375, -0.941648, -0.946804
-0.946804, -0.951729, -0.961825, -0.974092, -0.985349, -0.993435, -0.99785, -0.999526, -0.999885
-0.999885, -1, -0.999377, -0.996443, -0.99006, -0.980492, -0.96967, -0.960585, -0.956113
-0.956113, -0.951407, -0.940125, -0.922274, -0.898871, -0.872575, -0.847563, -0.828598, -0.819728
-0.819728, -0.810657, -0.789808, -0.758771, -0.720613, -0.680137, -0.643358, -0.61635, -0.603941
-0.603941, -0.591384, -0.562988, -0.521769, -0.472554, -0.421818, -0.376834, -0.3444, -0.329653
-0.329653, -0.314826, -0.281634, -0.234227, -0.178721, -0.12264, -0.0738088, -0.0390892, -0.0234342
-0.0234342, -0.00777346, 0.027, 0.0760032, 0.132424, 0.188418, 0.236366, 0.270008, 0.285055
0.285055, 0.300032, 0.333019, 0.378871, 0.430741, 0.481224, 0.523645, 0.55295, 0.565932
0.565932, 0.578776, 0.60678, 0.645041, 0.687335, 0.727417, 0.760202, 0.782332, 0.791991
0.791991, 0.801456, 0.821766, 0.848729, 0.877351, 0.90315, 0.923123, 0.935934, 0.941335

-0.0287749, -0.044427, -0.0791357, -0.12794, -0.183975, -0.239418, -0.286756, -0.319893, -0.334692
-0.334692, -0.34941, -0.381777, -0.426656, -0.477255, -0.526319, -0.567395, -0.595683, -0.60819
-0.60819, -0.620548, -0.647438, -0.684044, -0.724307, -0.76224, -0.793074, -0.813774, -0.822776
-0.822776, -0.831577, -0.850386, -0.875172, -0.901199, -0.924326, -0.941932, -0.953039, -0.957665
-0.957665, -0.962056, -0.970962, -0.981528, -0.990798, -0.996879, -0.999551, -0.999988, -0.99979
-0.99979, -0.999347, -0.997486, -0.992809, -0.984423, -0.97287, -0.96035, -0.950075, -0.945072
-0.945072, -0.939836, -0.92739, -0.907923, -0.882694, -0.854624, -0.828124, -0.808134, -0.79881
-0.79881, -0.789289, -0.767463, -0.735091, -0.695463, -0.653596, -0.615684, -0.587913, -0.575172
-0.575172, -0.562289, -0.533196, -0.491055, -0.440866, -0.389259, -0.343605, -0.310745, -0.29582
-0.29582, -0.280823, -0.247282, -0.199454, -0.143566, -0.0872158, -0.0382441, -0.00347662, 0.0121859
0.0121859, 0.0278454, 0.0625849, 0.111467, 0.167641, 0.223275, 0.270822, 0.304128, 0.319011
0.319011, 0.333816, 0.36639, 0.411591, 0.462609, 0.512139, 0.553655, 0.582274, 0.594936
0.594936, 0.607452, 0.634704, 0.671847, 0.712768, 0.751395, 0.782858, 0.804019, 0.813233
0.813233, 0.822248, 0.841539, 0.867024, 0.893884, 0.917867, 0.936231, 0.947883, 0.952757
0.952757, 0.957397, 0.966859, 0.978219, 0.988416, 0.995432, 0.998917, 0.999931, 0.999992
0.999992, 0.999809, 0.998525, 0.994659, 0.987205, 0.976574, 0.964843, 0.955121, 0.950365
0.950365, 0.945375, 0.933469, 0.914752, 0.89037, 0.863122, 0.837311, 0.817795, 0.808681
0.808681, 0.799369, 0.777994, 0.746239, 0.707289, 0.666064, 0.628673, 0.601254, 0.588665
0.588665, 0.575932, 0.547159, 0.505442, 0.455698, 0.404488, 0.35914, 0.326473, 0.311629
0.311629, 0.296708, 0.263325, 0.215685, 0.159966, 0.103732, 0.0548186, 0.0200679, 0.00440645
0.00440645, -0.0112561, -0.0460169, -0.0949631, -0.151261, -0.207072, -0.254813, -0.288281, -0.303242
-0.303242, -0.31813, -0.350901, -0.396413, -0.447836, -0.497818, -0.539762, -0.568705, -0.581518
-0.581518, -0.594188, -0.621795, -0.659465, -0.701032, -0.740343, -0.772427, -0.794042, -0.803466
-0.803466, -0.812691, -0.83246, -0.858638, -0.886323, -0.911156, -0.930272, -0.942466, -0.947586
-0.947586, -0.952474, -0.962489, -0.97464, -0.985761, -0.99371, -0.998007, -0.999598, -0.999919
-0.999919, -0.999996, -0.999288, -0.996234, -0.989715, -0.98001, -0.969071, -0.959905, -0.955396
-0.955396, -0.950654, -0.939291, -0.921329, -0.8978, -0.871382, -0.846267, -0.827231, -0.81833
-0.81833, -0.809228, -0.788311, -0.757181, -0.718921, -0.678348, -0.64149, -0.614429, -0.601997
-0.601997, -0.589416, -0.560972, -0.519688, -0.470405, -0.419607, -0.374575, -0.34211, -0.327351
-0.327351, -0.312512, -0.279295, -0.231857, -0.176322, -0.120221, -0.071378, -0.0366537, -0.0209976
-0.0209976, -0.00533628, 0.0294363, 0.0784331, 0.134839, 0.190811, 0.238733, 0.272353, 0.28739
0.28739, 0.302356, 0.335316, 0.381126, 0.432939, 0.483359, 0.52572, 0.554979, 0.56794

0.559501, 0.546451, 0.517002, 0.47439, 0.423707, 0.37166, 0.325673, 0.292602, 0.277589
0.277589, 0.262509, 0.228799, 0.180772, 0.124708, 0.0682437, 0.0192224, -0.0155526, -0.031211
-0.031211, -0.0468617, -0.081565, -0.130357, -0.18637, -0.241783, -0.28909, -0.322201, -0.336988
-0.336988, -0.351693, -0.384029, -0.428859, -0.479396, -0.52839, -0.569401, -0.597639, -0.610123
-0.610123, -0.622458, -0.649294, -0.685819, -0.725985, -0.763815, -0.794556, -0.815188, -0.824159
-0.824159, -0.832929, -0.851666, -0.876349, -0.902253, -0.925253, -0.942748, -0.953774, -0.958364
-0.958364, -0.962719, -0.971542, -0.981992, -0.991125, -0.997068, -0.999621, -0.999974, -0.999737
-0.999737, -0.999256, -0.99731, -0.992514, -0.983992, -0.972303, -0.959667, -0.949312, -0.944272
-0.944272, -0.939001, -0.926475, -0.906898, -0.881546, -0.853356, -0.826756, -0.806696, -0.797341
-0.797341, -0.787791, -0.765898, -0.733436, -0.693709, -0.65175, -0.613761, -0.58594, -0.573176
-0.573176, -0.560272, -0.531133, -0.488931, -0.438678, -0.387013, -0.341316, -0.308427, -0.293491
-0.293491, -0.278483, -0.24492, -0.197065, -0.141154, -0.0847875, -0.0358086, -0.00103938, 0.0146229
0.0146229, 0.0302816, 0.0650172, 0.113889, 0.170043, 0.22565, 0.273167, 0.306449, 0.32132
0.32132, 0.336113, 0.368656, 0.413811, 0.464769, 0.514231, 0.555683, 0.584254, 0.596893
0.596893, 0.609386, 0.636586, 0.67365, 0.714475, 0.753001, 0.784372, 0.805466, 0.814649
0.814649, 0.823632, 0.842853, 0.868236, 0.894974, 0.918832, 0.937085, 0.948656, 0.953494
0.953494, 0.958098, 0.967478, 0.978722, 0.988783, 0.995661, 0.999027, 0.999956, 0.99998
0.99998, 0.999758, 0.998389, 0.994404, 0.986813, 0.976047, 0.9642, 0.954397, 0.949604
0.949604, 0.944578, 0.932592, 0.913765, 0.889257, 0.861889, 0.835976, 0.81639, 0.807245
0.807245, 0.797902, 0.776461, 0.744614, 0.705564, 0.664244, 0.626776, 0.599305, 0.586693
0.586693, 0.573938, 0.545118, 0.503337, 0.453527, 0.402258, 0.356864, 0.324168, 0.309312
0.309312, 0.29438, 0.260973, 0.213305, 0.15756, 0.101308, 0.0523849, 0.0176311, 0.00196922
0.00196922, -0.0136932, -0.0484514, -0.0973891, -0.153669, -0.209455, -0.257169, -0.290614, -0.305564
-0.305564, -0.32044, -0.353182, -0.398649, -0.450014, -0.49993, -0.541812, -0.570708, -0.583499
-0.583499, -0.596147, -0.623702, -0.661295, -0.702768, -0.741979, -0.773973, -0.795522, -0.804914
-0.804914, -0.814109, -0.833808, -0.859885, -0.887449, -0.912158, -0.931164, -0.943278, -0.948362
-0.948362, -0.953213, -0.963148, -0.975182, -0.986168, -0.99398, -0.998158, -0.999664, -0.999947
-0.999947, -0.999985, -0.999193, -0.99602, -0.989363, -0.979522, -0.968467, -0.959219, -0.954674
-0.954674, -0.949895, -0.938452, -0.920379, -0.896724, -0.870184, -0.844966, -0.825859, -0.816927
-0.816927, -0.807793, -0.786809, -0.755586, -0.717225, -0.676555, -0.639618, -0.612504, -0.600049
-0.600049, -0.587446, -0.558953, -0.517605, -0.468252, -0.417393, -0.372314, -0.339819, -0.325047
-0.325047, -0.310196, -0.276954, -0.229485, -0.173923, -0.117801, -0.0689468, -0.034218, -0.0185608

0.937838, 0.932287, 0.919146, 0.898716, 0.872403, 0.843281, 0.815901, 0.795304, 0.785712
0.785712, 0.775927, 0.753525, 0.720369, 0.679878, 0.6372, 0.598627, 0.570414, 0.55748
0.55748, 0.544409, 0.514914, 0.472243, 0.421498, 0.369397, 0.323368, 0.29027, 0.275247
0.275247, 0.260156, 0.226426, 0.178374, 0.12229, 0.065812, 0.0167855, -0.0179895, -0.033647
-0.033647, -0.0492961, -0.0839939, -0.132773, -0.188764, -0.244147, -0.291423, -0.324507, -0.339282
-0.339282, -0.353973, -0.386278, -0.431059, -0.481533, -0.530458, -0.571402, -0.599591, -0.612052
-0.612052, -0.624363, -0.651146, -0.687591, -0.727659, -0.765386, -0.796034, -0.816597, -0.825537
-0.825537, -0.834275, -0.852941, -0.87752, -0.903301, -0.926175, -0.943558, -0.954504, -0.959057
-0.959057, -0.963375, -0.972116, -0.982449, -0.991446, -0.997252, -0.999685, -0.999953, -0.999679
-0.999679, -0.999159, -0.997129, -0.992214, -0.983555, -0.97173, -0.958979, -0.948543, -0.943467
-0.943467, -0.93816, -0.925555, -0.905869, -0.880393, -0.852083, -0.825382, -0.805253, -0.795868
-0.795868, -0.786287, -0.764329, -0.731778, -0.691952, -0.6499, -0.611835, -0.583963, -0.571177
-0.571177, -0.558251, -0.529066, -0.486803, -0.436486, -0.384764, -0.339024, -0.306108, -0.29116
-0.29116, -0.276141, -0.242556, -0.194675, -0.13874, -0.0823588, -0.0333728, 0.00139785, 0.0170598
0.0170598, 0.0327176, 0.0674491, 0.11631, 0.172444, 0.228024, 0.275511, 0.308768, 0.323627
0.323627, 0.338407, 0.370921, 0.416029, 0.466925, 0.51632, 0.557707, 0.58623, 0.598847
0.598847, 0.611317, 0.638464, 0.675449, 0.716178, 0.754602, 0.785882, 0.806908, 0.81606
0.81606, 0.825012, 0.844162, 0.869443, 0.896059, 0.919791, 0.937933, 0.949424, 0.954226
0.954226, 0.958793, 0.968092, 0.979219, 0.989144, 0.995885, 0.999132, 0.999976, 0.999962
0.999962, 0.999702, 0.998248, 0.994144, 0.986416, 0.975514, 0.963551, 0.953666, 0.948837
0.948837, 0.943775, 0.93171, 0.912772, 0.88814, 0.86065, 0.834636, 0.81498, 0.805804
0.805804, 0.79643, 0.774922, 0.742985, 0.703835, 0.66242, 0.624875, 0.597352, 0.584718
0.584718, 0.57194, 0.543073, 0.50123, 0.451354, 0.400026, 0.354586, 0.321861, 0.306993
0.306993, 0.29205, 0.258619, 0.210923, 0.155153, 0.098883, 0.0499508, 0.0151942, -0.000468014
-0.000468014, -0.0161301, -0.0508857, -0.0998144, -0.156077, -0.211838, -0.259523, -0.292945, -0.307884
-0.307884, -0.322747, -0.355461, -0.400883, -0.452189, -0.502039, -0.543859, -0.572708, -0.585477
-0.585477, -0.598102, -0.625606, -0.663121, -0.7045, -0.743611, -0.775514, -0.796996, -0.806358
-0.806358, -0.815522, -0.835151, -0.861126, -0.88857, -0.913154, -0.932049, -0.944084, -0.949132
-0.949132, -0.953947, -0.963801, -0.975719, -0.986569, -0.994244, -0.998303, -0.999724, -0.999969
-0.999969, -0.999969, -0.999092, -0.9958, -0.989006, -0.979029, -0.967857, -0.958527, -0.953945
-0.953945, -0.94913, -0.937608, -0.919423, -0.895643, -0.86898, -0.84366, -0.824483, -0.815519
-0.815519, -0.806354, -0.785303, -0.753988, -0.715525, -0.674759, -0.637743, -0.610576, -0.598097

0.964272, 0.968303, 0.976403, 0.985821, 0.99375, 0.998481, 0.999982, 0.999587, 0.999015
0.999015, 0.998198, 0.995507, 0.989664, 0.97994, 0.967062, 0.953411, 0.942346, 0.936989
0.936989, 0.931402, 0.918183, 0.897645, 0.871209, 0.841969, 0.81449, 0.793825, 0.784202
0.784202, 0.774388, 0.75192, 0.718676, 0.678089, 0.63532, 0.596673, 0.56841, 0.555455
0.555455, 0.542363, 0.512823, 0.470093, 0.419287, 0.367131, 0.321061, 0.287937, 0.272903
0.272903, 0.257802, 0.224052, 0.175975, 0.11987, 0.0633798, 0.0143486, -0.0204263, -0.0360827
-0.0360827, -0.0517303, -0.0864223, -0.135188, -0.191157, -0.24651, -0.293753, -0.326811, -0.341573
-0.341573, -0.356252, -0.388525, -0.433257, -0.483668, -0.532522, -0.573401, -0.60154, -0.613978
-0.613978, -0.626265, -0.652993, -0.689359, -0.729329, -0.766952, -0.797507, -0.818001, -0.82691
-0.82691, -0.835616, -0.85421, -0.878686, -0.904344, -0.927092, -0.944362, -0.955228, -0.959744
-0.959744, -0.964026, -0.972685, -0.982901, -0.991761, -0.997429, -0.999744, -0.999926, -0.999614
-0.999614, -0.999056, -0.996941, -0.991907, -0.983112, -0.971152, -0.958285, -0.947768, -0.942657
-0.942657, -0.937313, -0.92463, -0.904834, -0.879234, -0.850805, -0.824004, -0.803806, -0.79439
-0.79439, -0.784779, -0.762755, -0.730114, -0.69019, -0.648045, -0.609906, -0.581983, -0.569175
-0.569175, -0.556227, -0.526996, -0.484673, -0.434292, -0.382513, -0.33673, -0.303787, -0.288828
-0.288828, -0.273798, -0.240191, -0.192284, -0.136326, -0.0799296, -0.0309368, 0.00383508, 0.0194967
0.0194967, 0.0351535, 0.0698805, 0.11873, 0.174845, 0.230396, 0.277853, 0.311086, 0.325932
0.325932, 0.340699, 0.373183, 0.418244, 0.469079, 0.518405, 0.559729, 0.588203, 0.600797
0.600797, 0.613244, 0.640337, 0.677244, 0.717877, 0.756199, 0.787387, 0.808345, 0.817466
0.817466, 0.826387, 0.845466, 0.870644, 0.897138, 0.920745, 0.938775, 0.950187, 0.954952
0.954952, 0.959483, 0.9687, 0.97971, 0.989499, 0.996103, 0.99923, 0.99999, 0.999937
0.999937, 0.999639, 0.998101, 0.993877, 0.986013, 0.974975, 0.962896, 0.95293, 0.948065
0.948065, 0.942966, 0.930822, 0.911773, 0.887017, 0.859406, 0.833291, 0.813565, 0.804358
0.804358, 0.794954, 0.77338, 0.741351, 0.702102, 0.660592, 0.622971, 0.595395, 0.582739
0.582739, 0.569939, 0.541025, 0.499119, 0.449178, 0.397791, 0.352306, 0.319553, 0.304673
0.304673, 0.289718, 0.256264, 0.20854, 0.152744, 0.0964574, 0.0475165, 0.0127572, -0.00290525
-0.00290525, -0.018567, -0.0533196, -0.102239, -0.158484, -0.214219, -0.261876, -0.295274, -0.310202
-0.310202, -0.325053, -0.357738, -0.403115, -0.454361, -0.504146, -0.545902, -0.574704, -0.587451
-0.587451, -0.600054, -0.627505, -0.664943, -0.706227, -0.745238, -0.77705, -0.798466, -0.807797
-0.807797, -0.81693, -0.836489, -0.862363, -0.889685, -0.914144, -0.93293, -0.944885, -0.949897
-0.949897, -0.954676, -0.964448, -0.97625, -0.986965, -0.994503, -0.998442, -0.999778, -0.999985
-0.999985, -0.999947, -0.998985, -0.995574, -0.988642, -0.978529, -0.967241, -0.957829, -0.953212

0.628887, 0.640987, 0.667287, 0.703019, 0.742216, 0.779024, 0.808842, 0.828799, 0.837461
0.837461, 0.845918, 0.863949, 0.887612, 0.912302, 0.934056, 0.95045, 0.960685, 0.964915
0.964915, 0.968909, 0.976926, 0.986227, 0.994019, 0.998612, 0.999993, 0.999515, 0.998904
0.998904, 0.998048, 0.995274, 0.989312, 0.979451, 0.966438, 0.952673, 0.941527, 0.936135
0.936135, 0.930512, 0.917215, 0.896568, 0.87001, 0.840652, 0.813073, 0.79234, 0.782688
0.782688, 0.772843, 0.750311, 0.716979, 0.676296, 0.633436, 0.594716, 0.566403, 0.553426
0.553426, 0.540313, 0.510729, 0.467941, 0.417073, 0.364862, 0.318751, 0.285602, 0.270558
0.270558, 0.255446, 0.221676, 0.173576, 0.11745, 0.0609473, 0.0119116, -0.022863, -0.0385183
-0.0385183, -0.0541641, -0.0888501, -0.137603, -0.193549, -0.248871, -0.296082, -0.329114, -0.343863
-0.343863, -0.358528, -0.39077, -0.435452, -0.4858, -0.534584, -0.575396, -0.603485, -0.6159
-0.6159, -0.628163, -0.654837, -0.691122, -0.730994, -0.768514, -0.798975, -0.819401, -0.828278
-0.828278, -0.836952, -0.855475, -0.879847, -0.905382, -0.928002, -0.945161, -0.955946, -0.960426
-0.960426, -0.964671, -0.973248, -0.983347, -0.99207, -0.997601, -0.999796, -0.999894, -0.999543
-0.999543, -0.998947, -0.996748, -0.991595, -0.982663, -0.970568, -0.957586, -0.946988, -0.94184
-0.94184, -0.936461, -0.923699, -0.903793, -0.87807, -0.849522, -0.82262, -0.802353, -0.792907
-0.792907, -0.783266, -0.761176, -0.728447, -0.688425, -0.646187, -0.607973, -0.579999, -0.567169
-0.567169, -0.5542, -0.524923, -0.48254, -0.432095, -0.38026, -0.334434, -0.301464, -0.286493
-0.286493, -0.271453, -0.237824, -0.189892, -0.133911, -0.0775, -0.0285006, 0.00627229, 0.0219334
0.0219334, 0.0375891, 0.0723116, 0.12115, 0.177244, 0.232767, 0.280193, 0.313401, 0.328236
0.328236, 0.34299, 0.375443, 0.420456, 0.47123, 0.520488, 0.561747, 0.590172, 0.602744
0.602744, 0.615167, 0.642208, 0.679036, 0.719572, 0.757792, 0.788887, 0.809777, 0.818867
0.818867, 0.827757, 0.846765, 0.871841, 0.898212, 0.921693, 0.939612, 0.950944, 0.955672
0.955672, 0.960167, 0.969302, 0.980196, 0.989848, 0.996315, 0.999323, 0.999998, 0.999907
0.999907, 0.999571, 0.997948, 0.993605, 0.985604, 0.97443, 0.962235, 0.952188, 0.947286
0.947286, 0.942152, 0.929928, 0.91077, 0.885889, 0.858158, 0.831941, 0.812146, 0.802908
0.802908, 0.793473, 0.771832, 0.739714, 0.700364, 0.658761, 0.621062, 0.593435, 0.580756
0.580756, 0.567935, 0.538973, 0.497006, 0.446999, 0.395553, 0.350024, 0.317242, 0.30235
0.30235, 0.287384, 0.253907, 0.206156, 0.150335, 0.0940313, 0.0450819, 0.0103201, -0.00534246
-0.00534246, -0.0210038, -0.0557532, -0.104663, -0.16089, -0.216599, -0.264227, -0.297602, -0.312518
-0.312518, -0.327357, -0.360013, -0.405344, -0.456531, -0.506249, -0.547943, -0.576697, -0.589421
-0.589421, -0.602001, -0.629401, -0.666762, -0.707951, -0.746861, -0.778582, -0.799931, -0.809231
-0.809231, -0.818333, -0.837822, -0.863594, -0.890795, -0.91513, -0.933804, -0.94568, -0.950656

0.0575259, 0.0731551, 0.107788, 0.156426, 0.212182, 0.267256, 0.314204, 0.347023, 0.361669
0.361669, 0.376227, 0.408215, 0.452503, 0.502344, 0.550568, 0.590855, 0.618549, 0.63078
0.63078, 0.642856, 0.6691, 0.70475, 0.743847, 0.78055, 0.810273, 0.83016, 0.83879
0.83879, 0.847215, 0.865174, 0.888731, 0.913297, 0.934924, 0.951205, 0.961358, 0.965552
0.965552, 0.969509, 0.977444, 0.986627, 0.994282, 0.998738, 0.999999, 0.999436, 0.998787
0.998787, 0.997893, 0.995034, 0.988954, 0.978957, 0.965809, 0.95193, 0.940703, 0.935275
0.935275, 0.929617, 0.916241, 0.895486, 0.868806, 0.839329, 0.811652, 0.790851, 0.781168
0.781168, 0.771294, 0.748698, 0.715278, 0.674498, 0.631548, 0.592754, 0.564393, 0.551395
0.551395, 0.538261, 0.508632, 0.465785, 0.414856, 0.362592, 0.31644, 0.283266, 0.26821
0.26821, 0.253089, 0.219298, 0.171175, 0.11503, 0.0585144, 0.00947447, -0.0252995, -0.0409536
-0.0409536, -0.0565976, -0.0912775, -0.140016, -0.195939, -0.251231, -0.298409, -0.331414, -0.346151
-0.346151, -0.360802, -0.393012, -0.437645, -0.487929, -0.536642, -0.577388, -0.605427, -0.617818
-0.617818, -0.630058, -0.656677, -0.692882, -0.732655, -0.770071, -0.800438, -0.820795, -0.829641
-0.829641, -0.838284, -0.856735, -0.881003, -0.906414, -0.928908, -0.945955, -0.956658, -0.961102
-0.961102, -0.96531, -0.973805, -0.983787, -0.992374, -0.997767, -0.999842, -0.999855, -0.999466
-0.999466, -0.998832, -0.996548, -0.991277, -0.982208, -0.969978, -0.956881, -0.946202, -0.941018
-0.941018, -0.935604, -0.922762, -0.902748, -0.876902, -0.848233, -0.821232, -0.800896, -0.791419
-0.791419, -0.781748, -0.759594, -0.726775, -0.686655, -0.644325, -0.606036, -0.578012, -0.56516
-0.56516, -0.55217, -0.522847, -0.480404, -0.429896, -0.378005, -0.332136, -0.299139, -0.284158
-0.284158, -0.269106, -0.235456, -0.187498, -0.131496, -0.0750698, -0.0260643, 0.00870946, 0.02437
0.02437, 0.0400245, 0.0747423, 0.123569, 0.179642, 0.235137, 0.282532, 0.315714, 0.330537
0.330537, 0.345278, 0.377701, 0.422666, 0.473379, 0.522567, 0.563761, 0.592138, 0.604687
0.604687, 0.617087, 0.644074, 0.680823, 0.721262, 0.75938, 0.790382, 0.811205, 0.820264
0.820264, 0.829122, 0.848059, 0.873032, 0.899281, 0.922636, 0.940444, 0.951695, 0.956387
0.956387, 0.960845, 0.969898, 0.980676, 0.990192, 0.996521, 0.99941, 1, 0.999871
0.999871, 0.999496, 0.997789, 0.993327, 0.985189, 0.97388, 0.961569, 0.951441, 0.946503
0.946503, 0.941333, 0.929029, 0.909761, 0.884756, 0.856904, 0.830586, 0.810721, 0.801453
0.801453, 0.791987, 0.77028, 0.738071, 0.698622, 0.656925, 0.61915, 0.591472, 0.578771
0.578771, 0.565927, 0.536919, 0.494889, 0.444817, 0.393314, 0.34774, 0.31493, 0.300026
0.300026, 0.285049, 0.251549, 0.20377, 0.147925, 0.0916046, 0.042647, 0.007883, -0.00777965
-0.00777965, -0.0234404, -0.0581865, -0.107087, -0.163295, -0.218978, -0.266577, -0.299928, -0.314832
-0.314832, -0.329659, -0.362286, -0.407571, -0.458698, -0.508349, -0.54998, -0.578686, -0.591389

-0.53542, -0.522126, -0.492157, -0.448863, -0.397467, -0.344793, -0.298332, -0.264965, -0.24983
-0.24983, -0.234634, -0.200693, -0.152396, -0.0961065, -0.0395077, 0.00955514, 0.0443176, 0.0599589
0.0599589, 0.0755856, 0.11021, 0.158832, 0.214564, 0.269604, 0.316517, 0.349308, 0.36394
0.36394, 0.378484, 0.410438, 0.454675, 0.50445, 0.552601, 0.592819, 0.620462, 0.632669
0.632669, 0.644721, 0.670909, 0.706477, 0.745473, 0.782071, 0.811699, 0.831517, 0.840115
0.840115, 0.848507, 0.866394, 0.889846, 0.914287, 0.935786, 0.951954, 0.962027, 0.966184
0.966184, 0.970104, 0.977955, 0.987021, 0.994539, 0.998857, 0.999999, 0.999351, 0.998664
0.998664, 0.997732, 0.994788, 0.988589, 0.978456, 0.965175, 0.95118, 0.939874, 0.93441
0.93441, 0.928716, 0.915262, 0.894399, 0.867596, 0.838002, 0.810226, 0.789357, 0.779644
0.779644, 0.769741, 0.74708, 0.713573, 0.672697, 0.629656, 0.59079, 0.562379, 0.54936
0.54936, 0.536205, 0.506532, 0.463627, 0.412638, 0.36032, 0.314127, 0.280928, 0.265862
0.265862, 0.250731, 0.21692, 0.168773, 0.112608, 0.0560812, 0.00703731, -0.0277359, -0.0433886
-0.0433886, -0.0590307, -0.0937042, -0.142429, -0.198329, -0.25359, -0.300734, -0.333713, -0.348436
-0.348436, -0.363074, -0.395252, -0.439835, -0.490055, -0.538697, -0.579376, -0.607365, -0.619733
-0.619733, -0.631949, -0.658514, -0.694637, -0.734312, -0.771623, -0.801896, -0.822185, -0.831
-0.831, -0.83961, -0.857989, -0.882153, -0.907441, -0.929807, -0.946742, -0.957365, -0.961772
-0.961772, -0.965943, -0.974356, -0.984221, -0.992671, -0.997927, -0.999882, -0.999811, -0.999384
-0.999384, -0.998712, -0.996343, -0.990953, -0.981747, -0.969382, -0.95617, -0.945411, -0.940191
-0.940191, -0.93474, -0.92182, -0.901697, -0.875727, -0.84694, -0.819839, -0.799434, -0.789927
-0.789927, -0.780226, -0.758006, -0.725099, -0.684881, -0.642459, -0.604095, -0.576021, -0.563148
-0.563148, -0.550136, -0.520768, -0.478265, -0.427694, -0.375748, -0.329836, -0.296813, -0.28182
-0.28182, -0.266758, -0.233087, -0.185104, -0.129079, -0.0726392, -0.0236278, 0.0111466, 0.0268064
0.0268064, 0.0424597, 0.0771725, 0.125987, 0.182039, 0.237505, 0.284869, 0.318026, 0.332836
0.332836, 0.347565, 0.379956, 0.424874, 0.475524, 0.524644, 0.565773, 0.5941, 0.606626
0.606626, 0.619003, 0.645936, 0.682606, 0.722948, 0.760963, 0.791873, 0.812628, 0.821656
0.821656, 0.830482, 0.849348, 0.874218, 0.900344, 0.923573, 0.941269, 0.95244, 0.957096
0.957096, 0.961517, 0.970489, 0.981149, 0.990529, 0.996721, 0.99949, 0.999996, 0.999829
0.999829, 0.999416, 0.997624, 0.993043, 0.984768, 0.973323, 0.960897, 0.950688, 0.945714
0.945714, 0.940507, 0.928125, 0.908746, 0.883618, 0.855645, 0.829227, 0.809292, 0.799993
0.799993, 0.790497, 0.768724, 0.736425, 0.696876, 0.655086, 0.617234, 0.589505, 0.576781
0.576781, 0.563916, 0.534861, 0.49277, 0.442633, 0.391072, 0.345454, 0.312616, 0.2977
0.2977, 0.282712, 0.24919, 0.201383, 0.145515, 0.0891773, 0.0402118, 0.00544582, -0.0102168

-0.927462, -0.921492, -0.90743, -0.885726, -0.857977, -0.827467, -0.798926, -0.777531, -0.767587
-0.767587, -0.757454, -0.734295, -0.700112, -0.658495, -0.614759, -0.57533, -0.546543, -0.53336
-0.53336, -0.520046, -0.490034, -0.446683, -0.39523, -0.342504, -0.296005, -0.262614, -0.24747
-0.24747, -0.232264, -0.198305, -0.149987, -0.0936803, -0.0370722, 0.0119922, 0.0467523, 0.0623916
0.0623916, 0.0780156, 0.112632, 0.161238, 0.216943, 0.27195, 0.318828, 0.35159, 0.366209
0.366209, 0.380739, 0.412659, 0.456845, 0.506553, 0.554631, 0.59478, 0.622372, 0.634555
0.634555, 0.646582, 0.672715, 0.7082, 0.747096, 0.783587, 0.81312, 0.832868, 0.841434
0.841434, 0.849794, 0.867608, 0.890956, 0.915272, 0.936643, 0.952698, 0.962689, 0.966809
0.966809, 0.970692, 0.978461, 0.98741, 0.994791, 0.998971, 0.999993, 0.99926, 0.998535
0.998535, 0.997565, 0.994537, 0.988219, 0.97795, 0.964534, 0.950425, 0.939039, 0.933539
0.933539, 0.92781, 0.914278, 0.893306, 0.866382, 0.836669, 0.808795, 0.787858, 0.778116
0.778116, 0.768183, 0.745457, 0.711863, 0.670892, 0.627761, 0.588822, 0.560362, 0.547322
0.547322, 0.534146, 0.504429, 0.461467, 0.410416, 0.358045, 0.311813, 0.278588, 0.263511
0.263511, 0.24837, 0.21454, 0.16637, 0.110186, 0.0536476, 0.00460012, -0.0301721, -0.0458235
-0.0458235, -0.0614636, -0.0961305, -0.144841, -0.200717, -0.255946, -0.303058, -0.336009, -0.35072
-0.35072, -0.365344, -0.397489, -0.442023, -0.492178, -0.540748, -0.581361, -0.609299, -0.621644
-0.621644, -0.633836, -0.660346, -0.696388, -0.735964, -0.773171, -0.80335, -0.82357, -0.832353
-0.832353, -0.840932, -0.859238, -0.883299, -0.908462, -0.930702, -0.947524, -0.958067, -0.962437
-0.962437, -0.966571, -0.974902, -0.984649, -0.992963, -0.99808, -0.999917, -0.999761, -0.999295
-0.999295, -0.998585, -0.996132, -0.990623, -0.981281, -0.968781, -0.955454, -0.944614, -0.939358
-0.939358, -0.933872, -0.920873, -0.90064, -0.874548, -0.845642, -0.818441, -0.797968, -0.78843
-0.78843, -0.7787, -0.756414, -0.723418, -0.683103, -0.64059, -0.602151, -0.574027, -0.561132
-0.561132, -0.548099, -0.518686, -0.476123, -0.42549, -0.373488, -0.327534, -0.294484, -0.279481
-0.279481, -0.264408, -0.230716, -0.182708, -0.126662, -0.0702082, -0.0211912, 0.0135836, 0.0292427
0.0292427, 0.0448946, 0.0796022, 0.128404, 0.184435, 0.239872, 0.287205, 0.320336, 0.335133
0.335133, 0.349849, 0.38221, 0.427079, 0.477667, 0.526717, 0.567781, 0.596059, 0.608562
0.608562, 0.620915, 0.647795, 0.684385, 0.72463, 0.762542, 0.793359, 0.814046, 0.823042
0.823042, 0.831837, 0.850632, 0.875399, 0.901402, 0.924505, 0.942089, 0.95318, 0.9578
0.9578, 0.962184, 0.971074, 0.981618, 0.990861, 0.996916, 0.999565, 0.999986, 0.999781
0.999781, 0.99933, 0.997453, 0.992753, 0.984341, 0.972761, 0.960219, 0.949929, 0.944919
0.944919, 0.939676, 0.927215, 0.907726, 0.882474, 0.854381, 0.827862, 0.807858, 0.798528
0.798528, 0.789002, 0.767163, 0.734774, 0.695126, 0.653242, 0.615315, 0.587534, 0.574789

-0.971496, -0.97509, -0.982212, -0.990241, -0.99655, -0.999653, -0.999742, -0.998347, -0.997325
-0.997325, -0.996057, -0.992371, -0.985128, -0.973799, -0.959337, -0.944336, -0.932326, -0.926548
-0.926548, -0.920543, -0.906404, -0.884592, -0.856722, -0.826096, -0.797458, -0.775996, -0.766023
-0.766023, -0.755861, -0.732639, -0.69837, -0.656659, -0.612835, -0.573335, -0.5445, -0.531297
-0.531297, -0.517963, -0.487908, -0.444502, -0.39299, -0.340213, -0.293676, -0.260262, -0.245108
-0.245108, -0.229893, -0.195915, -0.147577, -0.0912535, -0.0346366, 0.0144293, 0.0491867, 0.0648239
0.0648239, 0.0804452, 0.115054, 0.163643, 0.219322, 0.274295, 0.321137, 0.353871, 0.368476
0.368476, 0.382991, 0.414878, 0.459012, 0.508653, 0.556657, 0.596738, 0.624278, 0.636436
0.636436, 0.648439, 0.674516, 0.709918, 0.748714, 0.785099, 0.814536, 0.834214, 0.842749
0.842749, 0.851077, 0.868818, 0.89206, 0.916251, 0.937494, 0.953436, 0.963346, 0.967429
0.967429, 0.971275, 0.978962, 0.987792, 0.995036, 0.999078, 0.999981, 0.999163, 0.9984
0.9984, 0.997392, 0.99428, 0.987843, 0.977439, 0.963888, 0.949664, 0.938198, 0.932662
0.932662, 0.926898, 0.913288, 0.892208, 0.865162, 0.835332, 0.807359, 0.786355, 0.776583
0.776583, 0.76662, 0.743831, 0.710149, 0.669082, 0.625862, 0.58685, 0.558342, 0.54528
0.54528, 0.532084, 0.502323, 0.459303, 0.408193, 0.355768, 0.309496, 0.276246, 0.26116
0.26116, 0.246009, 0.212159, 0.163967, 0.107764, 0.0512137, 0.00216289, -0.0326082, -0.048258
-0.048258, -0.063896, -0.0985561, -0.147252, -0.203104, -0.258302, -0.30538, -0.338304, -0.353001
-0.353001, -0.367612, -0.399725, -0.444208, -0.494298, -0.542797, -0.583342, -0.61123, -0.623551
-0.623551, -0.635719, -0.662174, -0.698135, -0.737612, -0.774715, -0.804799, -0.82495, -0.833701
-0.833701, -0.842248, -0.860483, -0.884439, -0.909478, -0.93159, -0.9483, -0.958762, -0.963096
-0.963096, -0.967193, -0.975441, -0.985072, -0.993248, -0.998228, -0.999945, -0.999704, -0.999201
-0.999201, -0.998452, -0.995915, -0.990287, -0.980809, -0.968174, -0.954731, -0.943811, -0.938519
-0.938519, -0.932997, -0.91992, -0.899578, -0.873364, -0.844338, -0.817038, -0.796497, -0.786929
-0.786929, -0.777168, -0.754818, -0.721733, -0.681321, -0.638716, -0.600204, -0.57203, -0.559113
-0.559113, -0.546059, -0.516601, -0.473978, -0.423283, -0.371226, -0.325231, -0.292154, -0.27714
-0.27714, -0.262057, -0.228344, -0.180311, -0.124244, -0.0677768, -0.0187544, 0.0160206, 0.0316788
0.0316788, 0.0473292, 0.0820315, 0.130821, 0.18683, 0.242237, 0.289538, 0.322644, 0.337429
0.337429, 0.352131, 0.384461, 0.429281, 0.479806, 0.528787, 0.569785, 0.598014, 0.610494
0.610494, 0.622824, 0.64965, 0.68616, 0.726307, 0.764117, 0.79484, 0.815459, 0.824424
0.824424, 0.833187, 0.851911, 0.876574, 0.902455, 0.925431, 0.942904, 0.953914, 0.958497
0.958497, 0.962845, 0.971653, 0.98208, 0.991187, 0.997104, 0.999634, 0.99997, 0.999727
0.999727, 0.999238, 0.997276, 0.992457, 0.983908, 0.972193, 0.959536, 0.949165, 0.944118

-0.650999, -0.662808, -0.688442, -0.723191, -0.761192, -0.796743, -0.825428, -0.844557, -0.85284
-0.85284, -0.860913, -0.878082, -0.900497, -0.923708, -0.943946, -0.959002, -0.968276, -0.972071
-0.972071, -0.975627, -0.982667, -0.990578, -0.99675, -0.999714, -0.999683, -0.998204, -0.997143
-0.997143, -0.995838, -0.992067, -0.984706, -0.973242, -0.958646, -0.943531, -0.931442, -0.925629
-0.925629, -0.919588, -0.905371, -0.883452, -0.855463, -0.82472, -0.795985, -0.774457, -0.764454
-0.764454, -0.754263, -0.730978, -0.696624, -0.654819, -0.610907, -0.571336, -0.542455, -0.52923
-0.52923, -0.515877, -0.485779, -0.442317, -0.390747, -0.33792, -0.291345, -0.257908, -0.242744
-0.242744, -0.22752, -0.193525, -0.145166, -0.0888261, -0.0322007, 0.0168662, 0.0516209, 0.0672558
0.0672558, 0.0828743, 0.117474, 0.166047, 0.221699, 0.276638, 0.323444, 0.356149, 0.370741
0.370741, 0.385241, 0.417095, 0.461176, 0.51075, 0.55868, 0.598692, 0.62618, 0.638314
0.638314, 0.650293, 0.676313, 0.711633, 0.750327, 0.786607, 0.815948, 0.835556, 0.844058
0.844058, 0.852354, 0.870022, 0.893158, 0.917225, 0.938339, 0.954168, 0.963997, 0.968043
0.968043, 0.971852, 0.979456, 0.988169, 0.995276, 0.99918, 0.999963, 0.999061, 0.998259
0.998259, 0.997213, 0.994016, 0.987461, 0.976921, 0.963236, 0.948898, 0.937352, 0.93178
0.93178, 0.92598, 0.912292, 0.891104, 0.863937, 0.83399, 0.805919, 0.784847, 0.775045
0.775045, 0.765053, 0.742199, 0.708431, 0.667269, 0.623959, 0.584875, 0.556318, 0.543235
0.543235, 0.530019, 0.500214, 0.457137, 0.405966, 0.35349, 0.307177, 0.273903, 0.258806
0.258806, 0.243646, 0.209776, 0.161562, 0.10534, 0.0487795, -0.000274345, -0.035044, -0.0506923
-0.0506923, -0.0663281, -0.100981, -0.149662, -0.20549, -0.260655, -0.3077, -0.340596, -0.35528
-0.35528, -0.369877, -0.401957, -0.44639, -0.496415, -0.544842, -0.58532, -0.613157, -0.625455
-0.625455, -0.637598, -0.663998, -0.699878, -0.739255, -0.776254, -0.806243, -0.826325, -0.835045
-0.835045, -0.843559, -0.861722, -0.885573, -0.910489, -0.932474, -0.949071, -0.959452, -0.963749
-0.963749, -0.96781, -0.975975, -0.985488, -0.993528, -0.998371, -0.999968, -0.999642, -0.999101
-0.999101, -0.998314, -0.995692, -0.989945, -0.98033, -0.967561, -0.954004, -0.943003, -0.937675
-0.937675, -0.932117, -0.918962, -0.898511, -0.872174, -0.84303, -0.815631, -0.795021, -0.785423
-0.785423, -0.775632, -0.753217, -0.720044, -0.679535, -0.636839, -0.598252, -0.570029, -0.557091
-0.557091, -0.544016, -0.514512, -0.471831, -0.421074, -0.368962, -0.322925, -0.289823, -0.274797
-0.274797, -0.259704, -0.22597, -0.177914, -0.121825, -0.065345, -0.0163176, 0.0184575, 0.0341147
0.0341147, 0.0497636, 0.0844602, 0.133237, 0.189224, 0.244601, 0.29187, 0.32495, 0.339722
0.339722, 0.354411, 0.38671, 0.431481, 0.481943, 0.530854, 0.571786, 0.599966, 0.612422
0.612422, 0.624729, 0.651501, 0.687931, 0.72798, 0.765687, 0.796317, 0.816867, 0.825801
0.825801, 0.834533, 0.853185, 0.877745, 0.903502, 0.926352, 0.943713, 0.954643, 0.959189

-0.0862293, -0.101823, -0.13635, -0.184781, -0.240214, -0.294874, -0.341391, -0.373866, -0.388346
-0.388346, -0.402732, -0.434314, -0.477976, -0.527017, -0.574361, -0.613825, -0.640903, -0.652847
-0.652847, -0.664631, -0.690208, -0.724873, -0.76277, -0.798214, -0.826801, -0.845859, -0.85411
-0.85411, -0.862151, -0.879246, -0.901555, -0.924639, -0.944748, -0.95969, -0.968882, -0.97264
-0.97264, -0.976159, -0.983116, -0.990908, -0.996943, -0.999769, -0.999619, -0.998055, -0.996956
-0.996956, -0.995613, -0.991758, -0.984279, -0.972679, -0.95795, -0.942721, -0.930553, -0.924704
-0.924704, -0.918628, -0.904334, -0.882308, -0.854198, -0.823339, -0.794507, -0.772913, -0.76288
-0.76288, -0.75266, -0.729312, -0.694873, -0.652975, -0.608976, -0.569334, -0.540405, -0.527161
-0.527161, -0.513787, -0.483647, -0.44013, -0.388503, -0.335625, -0.289013, -0.255552, -0.240379
-0.240379, -0.225146, -0.191133, -0.142754, -0.0863983, -0.0297646, 0.019303, 0.0540547, 0.0696874
0.0696874, 0.0853029, 0.119894, 0.16845, 0.224075, 0.278979, 0.325749, 0.358426, 0.373003
0.373003, 0.387489, 0.419309, 0.463337, 0.512844, 0.5607, 0.600642, 0.628078, 0.640189
0.640189, 0.652142, 0.678107, 0.713343, 0.751936, 0.788109, 0.817355, 0.836892, 0.845363
0.845363, 0.853626, 0.871221, 0.894252, 0.918193, 0.939179, 0.954894, 0.964642, 0.968652
0.968652, 0.972424, 0.979945, 0.98854, 0.99551, 0.999276, 0.999939, 0.998952, 0.998113
0.998113, 0.997028, 0.993747, 0.987074, 0.976397, 0.962579, 0.948126, 0.9365, 0.930893
0.930893, 0.925057, 0.911291, 0.889996, 0.862707, 0.832642, 0.804473, 0.783334, 0.773502
0.773502, 0.763481, 0.740564, 0.706709, 0.665452, 0.622053, 0.582896, 0.554292, 0.541188
0.541188, 0.527951, 0.498103, 0.454968, 0.403738, 0.351209, 0.304857, 0.271558, 0.256451
0.256451, 0.241281, 0.207393, 0.159156, 0.102916, 0.0463451, -0.00271158, -0.0374796, -0.0531262
-0.0531262, -0.0687597, -0.103406, -0.152072, -0.207874, -0.263008, -0.310018, -0.342887, -0.357558
-0.357558, -0.37214, -0.404188, -0.448569, -0.498529, -0.546884, -0.587294, -0.615081, -0.627354
-0.627354, -0.639474, -0.665819, -0.701617, -0.740894, -0.777788, -0.807683, -0.827695, -0.836383
-0.836383, -0.844866, -0.862956, -0.886703, -0.911494, -0.933351, -0.949836, -0.960136, -0.964396
-0.964396, -0.96842, -0.976503, -0.985899, -0.993802, -0.998507, -0.999984, -0.999574, -0.998994
-0.998994, -0.998169, -0.995463, -0.989597, -0.979846, -0.966943, -0.95327, -0.942189, -0.936825
-0.936825, -0.931232, -0.917998, -0.897439, -0.870979, -0.841716, -0.814218, -0.79354, -0.783912
-0.783912, -0.774091, -0.751611, -0.718351, -0.677745, -0.634958, -0.596298, -0.568025, -0.555065
-0.555065, -0.541969, -0.512421, -0.46968, -0.418862, -0.366695, -0.320617, -0.287489, -0.272453
-0.272453, -0.25735, -0.223595, -0.175515, -0.119406, -0.0629127, -0.0138806, 0.0208942, 0.0365504
0.0365504, 0.0521977, 0.0868885, 0.135652, 0.191616, 0.246964, 0.294201, 0.327254, 0.342013
0.342013, 0.356689, 0.388956, 0.433679, 0.484077, 0.532918, 0.573784, 0.601914, 0.614347

0.510896, 0.497369, 0.466904, 0.422964, 0.370898, 0.31764, 0.270744, 0.237109, 0.221864
0.221865, 0.206565, 0.172421, 0.123894, 0.067425, 0.0107389, -0.0383247, -0.0730458, -0.0886572
-0.0886572, -0.104247, -0.138764, -0.187176, -0.242579, -0.297202, -0.343681, -0.376125, -0.390591
-0.390591, -0.404961, -0.436508, -0.480116, -0.529087, -0.576355, -0.615747, -0.642772, -0.654691
-0.654691, -0.66645, -0.691969, -0.726549, -0.764344, -0.799679, -0.82817, -0.847157, -0.855375
-0.855375, -0.863383, -0.880404, -0.902607, -0.925564, -0.945544, -0.960372, -0.969482, -0.973203
-0.973203, -0.976685, -0.983559, -0.991233, -0.997131, -0.999819, -0.999549, -0.9979, -0.996763
-0.996763, -0.995382, -0.991443, -0.983845, -0.972111, -0.957247, -0.941905, -0.929657, -0.923773
-0.923773, -0.917662, -0.903291, -0.881158, -0.852928, -0.821953, -0.793025, -0.771364, -0.761302
-0.761302, -0.751053, -0.727643, -0.693118, -0.651127, -0.607041, -0.567329, -0.538353, -0.525088
-0.525088, -0.511695, -0.481512, -0.43794, -0.386256, -0.333328, -0.286679, -0.253195, -0.238012
-0.238012, -0.222771, -0.18874, -0.140341, -0.0839699, -0.0273284, 0.0217398, 0.0564882, 0.0721185
0.0721185, 0.087731, 0.122314, 0.170852, 0.22645, 0.281319, 0.328053, 0.3607, 0.375264
0.375264, 0.389735, 0.42152, 0.465495, 0.514934, 0.562716, 0.602589, 0.629973, 0.642059
0.642059, 0.653988, 0.679896, 0.715049, 0.75354, 0.789607, 0.818756, 0.838224, 0.846662
0.846662, 0.854893, 0.872415, 0.89534, 0.919155, 0.940013, 0.955615, 0.965281, 0.969254
0.969254, 0.972989, 0.980427, 0.988905, 0.995737, 0.999365, 0.99991, 0.998838, 0.99796
0.99796, 0.996838, 0.993472, 0.98668, 0.975868, 0.961915, 0.947349, 0.935642, 0.93
0.93, 0.924129, 0.910285, 0.888882, 0.861472, 0.83129, 0.803023, 0.781817, 0.771955
0.771955, 0.761905, 0.738924, 0.704983, 0.66363, 0.620143, 0.580914, 0.552261, 0.539137
0.539137, 0.525879, 0.495988, 0.452796, 0.401507, 0.348926, 0.302535, 0.269212, 0.254095
0.254095, 0.238915, 0.205008, 0.15675, 0.100492, 0.0439103, -0.0051488, -0.039915, -0.0555598
-0.0555598, -0.071191, -0.10583, -0.15448, -0.210258, -0.265358, -0.312334, -0.345175, -0.359833
-0.359833, -0.374402, -0.406416, -0.450746, -0.50064, -0.548923, -0.589265, -0.617001, -0.62925
-0.62925, -0.641346, -0.667635, -0.703351, -0.742529, -0.779317, -0.809118, -0.829061, -0.837717
-0.837717, -0.846167, -0.864185, -0.887827, -0.912494, -0.934223, -0.950596, -0.960814, -0.965038
-0.965038, -0.969025, -0.977026, -0.986304, -0.99407, -0.998637, -0.999995, -0.9995, -0.998882
-0.998882, -0.998019, -0.995228, -0.989243, -0.979357, -0.966318, -0.952531, -0.94137, -0.93597
-0.93597, -0.930341, -0.917028, -0.896361, -0.869779, -0.840398, -0.812801, -0.792054, -0.782396
-0.782396, -0.772546, -0.750002, -0.716653, -0.675951, -0.633073, -0.594339, -0.566018, -0.553036
-0.553036, -0.539919, -0.510327, -0.467527, -0.416647, -0.364427, -0.318308, -0.285154, -0.270107
-0.270107, -0.254994, -0.221219, -0.173115, -0.116986, -0.0604802, -0.0114436, 0.0233309, 0.0389859

0.916319, 0.909935, 0.894963, 0.872001, 0.84284, 0.810966, 0.781289, 0.759115, 0.748826
0.748826, 0.738354, 0.714458, 0.679276, 0.636567, 0.59181, 0.551556, 0.52222, 0.508799
0.508799, 0.495253, 0.464747, 0.420754, 0.368634, 0.315328, 0.268397, 0.234741, 0.219487
0.219487, 0.20418, 0.170019, 0.121475, 0.0649931, 0.00830179, -0.0407601, -0.0754764, -0.0910846
-0.0910846, -0.10667, -0.141177, -0.18957, -0.244943, -0.299528, -0.345969, -0.378382, -0.392834
-0.392834, -0.407189, -0.438699, -0.482252, -0.531153, -0.578345, -0.617666, -0.644637, -0.656531
-0.656531, -0.668265, -0.693727, -0.728222, -0.765914, -0.80114, -0.829533, -0.848449, -0.856635
-0.856635, -0.86461, -0.881557, -0.903653, -0.926484, -0.946334, -0.961049, -0.970077, -0.973761
-0.973761, -0.977206, -0.983996, -0.991553, -0.997312, -0.999862, -0.999473, -0.997739, -0.996565
-0.996565, -0.995145, -0.991121, -0.983406, -0.971536, -0.95654, -0.941084, -0.928757, -0.922837
-0.922837, -0.916691, -0.902243, -0.880003, -0.851653, -0.820563, -0.791538, -0.769811, -0.75972
-0.75972, -0.749442, -0.725969, -0.691359, -0.649276, -0.605102, -0.56532, -0.536298, -0.523013
-0.523013, -0.509599, -0.479375, -0.435748, -0.384007, -0.33103, -0.284343, -0.250837, -0.235644
-0.235644, -0.220394, -0.186346, -0.137928, -0.081541, -0.024892, 0.0241764, 0.0589214, 0.0745491
0.0745491, 0.0901586, 0.124732, 0.173253, 0.228823, 0.283657, 0.330354, 0.362972, 0.377522
0.377522, 0.391978, 0.423729, 0.467651, 0.517022, 0.56473, 0.604532, 0.631864, 0.643926
0.643926, 0.65583, 0.681681, 0.716751, 0.75514, 0.7911, 0.820153, 0.839551, 0.847957
0.847957, 0.856155, 0.873603, 0.896423, 0.920113, 0.940842, 0.956331, 0.965915, 0.969851
0.969851, 0.973549, 0.980904, 0.989264, 0.995959, 0.999449, 0.999874, 0.998717, 0.997802
0.997802, 0.996641, 0.993191, 0.986281, 0.975333, 0.961246, 0.946565, 0.934779, 0.929101
0.929101, 0.923195, 0.909273, 0.887763, 0.860232, 0.829933, 0.801568, 0.780295, 0.770404
0.770404, 0.760324, 0.73728, 0.703252, 0.661805, 0.618229, 0.578928, 0.550228, 0.537082
0.537082, 0.523805, 0.49387, 0.450621, 0.399273, 0.346641, 0.300211, 0.266864, 0.251737
0.251737, 0.236548, 0.202622, 0.154342, 0.0980664, 0.0414753, -0.00758599, -0.0423502, -0.0579931
-0.0579931, -0.0736218, -0.108253, -0.156888, -0.21264, -0.267707, -0.314648, -0.347462, -0.362106
-0.362106, -0.37666, -0.408642, -0.452921, -0.502749, -0.550959, -0.591232, -0.618917, -0.631143
-0.631143, -0.643214, -0.669448, -0.705082, -0.744159, -0.780842, -0.810547, -0.830421, -0.839045
-0.839045, -0.847463, -0.865409, -0.888946, -0.913488, -0.93509, -0.951349, -0.961487, -0.965674
-0.965674, -0.969624, -0.977542, -0.986703, -0.994332, -0.998761, -1, -0.99942, -0.998764
-0.998764, -0.997863, -0.994987, -0.988884, -0.978861, -0.965688, -0.951786, -0.940544, -0.935109
-0.935109, -0.929444, -0.916054, -0.895278, -0.868574, -0.839075, -0.811378, -0.790564, -0.780876
-0.780876, -0.770996, -0.748387, -0.714951, -0.674153, -0.631185, -0.592377, -0.564007, -0.551004

0.977915, 0.981068, 0.987209, 0.993841, 0.998526, 0.999997, 0.998674, 0.99628, 0.994808
0.994808, 0.993092, 0.988412, 0.979776, 0.966853, 0.950818, 0.934478, 0.921535, 0.91534
0.91534, 0.908921, 0.893873, 0.870806, 0.841526, 0.809538, 0.779766, 0.757526, 0.747208
0.747208, 0.736708, 0.712751, 0.677486, 0.634686, 0.589843, 0.549521, 0.52014, 0.506699
0.506699, 0.493134, 0.462588, 0.418542, 0.366367, 0.313014, 0.266048, 0.232371, 0.217109
0.217109, 0.201794, 0.167617, 0.119056, 0.0625609, 0.00586461, -0.0431952, -0.0779064, -0.0935114
-0.0935114, -0.109094, -0.14359, -0.191962, -0.247305, -0.301853, -0.348255, -0.380637, -0.395074
-0.395074, -0.409413, -0.440888, -0.484386, -0.533217, -0.580331, -0.619581, -0.646498, -0.658368
-0.658368, -0.670076, -0.69548, -0.72989, -0.767478, -0.802597, -0.830892, -0.849737, -0.85789
-0.85789, -0.865832, -0.882705, -0.904694, -0.927399, -0.947119, -0.961719, -0.970666, -0.974313
-0.974313, -0.97772, -0.984428, -0.991866, -0.997488, -0.9999, -0.999391, -0.997573, -0.99636
-0.99636, -0.994902, -0.990794, -0.982961, -0.970956, -0.955826, -0.940257, -0.92785, -0.921895
-0.921895, -0.915714, -0.901189, -0.878843, -0.850373, -0.819167, -0.790046, -0.768253, -0.758132
-0.758132, -0.747826, -0.72429, -0.689596, -0.64742, -0.60316, -0.563308, -0.534239, -0.520934
-0.520934, -0.507501, -0.477234, -0.433553, -0.381755, -0.328729, -0.282006, -0.248477, -0.233275
-0.233275, -0.218016, -0.183951, -0.135513, -0.0791116, -0.0224554, 0.0266128, 0.0613542, 0.0769794
0.0769794, 0.0925856, 0.12715, 0.175652, 0.231195, 0.285993, 0.332654, 0.365242, 0.379777
0.379777, 0.394219, 0.425935, 0.469804, 0.519107, 0.566739, 0.606472, 0.633751, 0.645789
0.645789, 0.657668, 0.683462, 0.718448, 0.756736, 0.792589, 0.821545, 0.840872, 0.849246
0.849246, 0.857411, 0.874787, 0.8975, 0.921065, 0.941665, 0.95704, 0.966543, 0.970442
0.970442, 0.974103, 0.981375, 0.989617, 0.996175, 0.999527, 0.999832, 0.998591, 0.997637
0.997637, 0.996439, 0.992904, 0.985876, 0.974792, 0.960571, 0.945776, 0.933911, 0.928197
0.928197, 0.922255, 0.908256, 0.886638, 0.858987, 0.828571, 0.800109, 0.778768, 0.768848
0.768848, 0.758738, 0.735631, 0.701517, 0.659976, 0.616311, 0.576939, 0.548191, 0.535025
0.535025, 0.521727, 0.491749, 0.448444, 0.397038, 0.344353, 0.297885, 0.264514, 0.249377
0.249377, 0.234179, 0.200235, 0.151933, 0.0956406, 0.03904, -0.0100231, -0.0447851, -0.0604261
-0.0604261, -0.0760522, -0.110675, -0.159294, -0.215021, -0.270055, -0.316961, -0.349746, -0.364376
-0.364376, -0.378917, -0.410865, -0.455092, -0.504854, -0.552991, -0.593196, -0.620829, -0.633031
-0.633031, -0.645078, -0.671256, -0.706808, -0.745785, -0.782363, -0.811972, -0.831776, -0.840369
-0.840369, -0.848755, -0.866627, -0.89006, -0.914477, -0.935951, -0.952097, -0.962154, -0.966304
-0.966304, -0.970217, -0.978053, -0.987096, -0.994588, -0.998879, -0.999999, -0.999334, -0.99864
-0.99864, -0.9977, -0.994741, -0.988519, -0.97836, -0.965052, -0.951036, -0.939714, -0.934243

0.672571, 0.68408, 0.709027, 0.742765, 0.779538, 0.813802, 0.84133, 0.859615, 0.867512
0.867512, 0.875196, 0.891487, 0.912638, 0.934349, 0.953054, 0.96676, 0.975065, 0.978421
0.978421, 0.981538, 0.987594, 0.994108, 0.998655, 0.999988, 0.998545, 0.996067, 0.994557
0.994557, 0.992803, 0.988039, 0.979285, 0.966227, 0.95006, 0.933608, 0.920586, 0.914356
0.914356, 0.907902, 0.892778, 0.869605, 0.840207, 0.808105, 0.778237, 0.755932, 0.745587
0.745587, 0.735058, 0.711039, 0.675691, 0.6328, 0.587873, 0.547484, 0.518057, 0.504596
0.504596, 0.491013, 0.460426, 0.416327, 0.364098, 0.310698, 0.263698, 0.23, 0.214729
0.214729, 0.199406, 0.165214, 0.116636, 0.0601282, 0.0034274, -0.04563, -0.080336, -0.0959377
-0.0959377, -0.111516, -0.146001, -0.194354, -0.249666, -0.304175, -0.350538, -0.38289, -0.397312
-0.397312, -0.411636, -0.443074, -0.486517, -0.535277, -0.582314, -0.621492, -0.648356, -0.6602
-0.6602, -0.671883, -0.697229, -0.731554, -0.769038, -0.804048, -0.832246, -0.851019, -0.859139
-0.859139, -0.867049, -0.883848, -0.90573, -0.928308, -0.947898, -0.962384, -0.971249, -0.974859
-0.974859, -0.978229, -0.984853, -0.992173, -0.997657, -0.999931, -0.999303, -0.9974, -0.996149
-0.996149, -0.994654, -0.990462, -0.98251, -0.97037, -0.955107, -0.939424, -0.926939, -0.920948
-0.920948, -0.914732, -0.90013, -0.877677, -0.849088, -0.817767, -0.78855, -0.76669, -0.756541
-0.756541, -0.746206, -0.722608, -0.687829, -0.645561, -0.601214, -0.561293, -0.532177, -0.518852
-0.518852, -0.505399, -0.475091, -0.431355, -0.379501, -0.326426, -0.279667, -0.246115, -0.230904
-0.230904, -0.215637, -0.181555, -0.133098, -0.0766818, -0.0200187, 0.0290491, 0.0637867, 0.0794091
0.0794091, 0.0950121, 0.129567, 0.178051, 0.233565, 0.288328, 0.334951, 0.36751, 0.382031
0.382031, 0.396458, 0.428139, 0.471954, 0.521188, 0.568746, 0.608408, 0.635634, 0.647647
0.647647, 0.659502, 0.685239, 0.720141, 0.758327, 0.794072, 0.822932, 0.842189, 0.85053
0.85053, 0.858663, 0.875965, 0.898573, 0.922011, 0.942482, 0.957744, 0.967165, 0.971027
0.971027, 0.974651, 0.981841, 0.989965, 0.996385, 0.999599, 0.999785, 0.998458, 0.997467
0.997467, 0.99623, 0.992611, 0.985465, 0.974245, 0.959891, 0.944982, 0.933037, 0.927287
0.927287, 0.92131, 0.907234, 0.885508, 0.857736, 0.827204, 0.798645, 0.777237, 0.767287
0.767287, 0.757149, 0.733978, 0.699778, 0.658143, 0.61439, 0.574947, 0.546151, 0.532964
0.532964, 0.519646, 0.489625, 0.446265, 0.3948, 0.342064, 0.295558, 0.262163, 0.247016
0.247016, 0.231809, 0.197846, 0.149524, 0.0932143, 0.0366045, -0.0124602, -0.0472198, -0.0628587
-0.0628587, -0.0784822, -0.113097, -0.1617, -0.2174, -0.272401, -0.319271, -0.352028, -0.366645
-0.366645, -0.381171, -0.413086, -0.457261, -0.506956, -0.55502, -0.595157, -0.622738, -0.634916
-0.634916, -0.646939, -0.673061, -0.70853, -0.747407, -0.783878, -0.813393, -0.833127, -0.841687
-0.841687, -0.850041, -0.867841, -0.891168, -0.91546, -0.936806, -0.95284, -0.962816, -0.966929

0.114861, 0.130406, 0.1648, 0.212984, 0.268047, 0.322247, 0.368296, 0.400399, 0.414702
0.414702, 0.428903, 0.460053, 0.503054, 0.551253, 0.597679, 0.636287, 0.662726, 0.674373
0.674373, 0.685855, 0.710744, 0.744395, 0.781062, 0.815216, 0.842645, 0.860858, 0.868722
0.868722, 0.876373, 0.892589, 0.913631, 0.935215, 0.953789, 0.96738, 0.975603, 0.978922
0.978922, 0.982001, 0.987974, 0.994369, 0.998779, 0.999973, 0.998411, 0.995848, 0.9943
0.9943, 0.992508, 0.98766, 0.978789, 0.965596, 0.949296, 0.932732, 0.919631, 0.913366
0.913366, 0.906878, 0.891678, 0.868399, 0.838883, 0.806667, 0.776705, 0.754335, 0.74396
0.74396, 0.733403, 0.709323, 0.673892, 0.630911, 0.5859, 0.545442, 0.51597, 0.502491
0.502491, 0.488888, 0.458261, 0.41411, 0.361827, 0.308381, 0.261346, 0.227627, 0.212348
0.212348, 0.197017, 0.16281, 0.114215, 0.0576952, 0.000990171, -0.0480646, -0.0827651, -0.0983634
-0.0983634, -0.113938, -0.148412, -0.196744, -0.252025, -0.306496, -0.35282, -0.38514, -0.399547
-0.399547, -0.413856, -0.445258, -0.488645, -0.537334, -0.584294, -0.6234, -0.650209, -0.662029
-0.662029, -0.673686, -0.698974, -0.733213, -0.770594, -0.805495, -0.833594, -0.852296, -0.860384
-0.860384, -0.868261, -0.884985, -0.90676, -0.929211, -0.948672, -0.963044, -0.971826, -0.975399
-0.975399, -0.978732, -0.985273, -0.992474, -0.997821, -0.999957, -0.999209, -0.997221, -0.995932
-0.995932, -0.994399, -0.990123, -0.982053, -0.969778, -0.954382, -0.938586, -0.926021, -0.919996
-0.919996, -0.913745, -0.899065, -0.876507, -0.847798, -0.816362, -0.787048, -0.765123, -0.754945
-0.754945, -0.744581, -0.720921, -0.686058, -0.643697, -0.599265, -0.559274, -0.530112, -0.516767
-0.516767, -0.503294, -0.472945, -0.429155, -0.377245, -0.324121, -0.277326, -0.243752, -0.228532
-0.228532, -0.213257, -0.179158, -0.130682, -0.0742515, -0.0175819, 0.0314852, 0.0662188, 0.0818384
0.0818384, 0.097438, 0.131983, 0.180449, 0.235934, 0.290661, 0.337246, 0.369775, 0.384282
0.384282, 0.398695, 0.43034, 0.474101, 0.523267, 0.570749, 0.610341, 0.637514, 0.649503
0.649503, 0.661332, 0.687013, 0.72183, 0.759914, 0.795551, 0.824315, 0.8435, 0.85181
0.85181, 0.85991, 0.877138, 0.899639, 0.922952, 0.943294, 0.958442, 0.967782, 0.971607
0.971607, 0.975193, 0.9823, 0.990306, 0.996589, 0.999665, 0.999731, 0.99832, 0.99729
0.99729, 0.996016, 0.992313, 0.985048, 0.973693, 0.959205, 0.944182, 0.932157, 0.926372
0.926372, 0.92036, 0.906206, 0.884373, 0.856481, 0.825832, 0.797175, 0.775701, 0.765722
0.765722, 0.755554, 0.73232, 0.698035, 0.656306, 0.612465, 0.572951, 0.544108, 0.5309
0.5309, 0.517563, 0.487499, 0.444082, 0.392559, 0.339773, 0.293229, 0.25981, 0.244654
0.244654, 0.229438, 0.195457, 0.147114, 0.0907874, 0.0341688, -0.0148972, -0.0496542, -0.0652909
-0.0652909, -0.0809117, -0.115519, -0.164105, -0.219779, -0.274745, -0.32158, -0.354309, -0.368911
-0.368911, -0.383423, -0.415304, -0.459427, -0.509056, -0.557046, -0.597113, -0.624643, -0.636797

-0.485948, -0.4722, -0.441265, -0.396714, -0.344022, -0.290223, -0.242932, -0.209057, -0.193715
-0.193715, -0.178326, -0.144005, -0.0952897, -0.0386877, 0.0180387, 0.0670626, 0.101714, 0.117282
0.117282, 0.132822, 0.167203, 0.215365, 0.270394, 0.324554, 0.370561, 0.402631, 0.416919
0.416919, 0.431104, 0.462216, 0.505158, 0.553285, 0.599631, 0.638165, 0.664549, 0.676171
0.676171, 0.687627, 0.712456, 0.74602, 0.782582, 0.816625, 0.843954, 0.862095, 0.869926
0.869926, 0.877544, 0.893685, 0.914619, 0.936075, 0.954518, 0.967995, 0.976135, 0.979417
0.979417, 0.982458, 0.988348, 0.994625, 0.998896, 0.999953, 0.998271, 0.995623, 0.994037
0.994037, 0.992208, 0.987276, 0.978287, 0.96496, 0.948527, 0.93185, 0.918671, 0.912371
0.912371, 0.905848, 0.890572, 0.867188, 0.837554, 0.805224, 0.775167, 0.752732, 0.742329
0.742329, 0.731744, 0.707603, 0.67209, 0.629019, 0.583923, 0.543398, 0.513881, 0.500382
0.500382, 0.48676, 0.456093, 0.41189, 0.359554, 0.306061, 0.258993, 0.225253, 0.209966
0.209966, 0.194627, 0.160404, 0.111793, 0.0552619, -0.00144707, -0.0504988, -0.0851938, -0.100789
-0.100789, -0.116359, -0.150822, -0.199133, -0.254383, -0.308815, -0.355099, -0.387388, -0.40178
-0.40178, -0.416073, -0.447439, -0.49077, -0.539388, -0.58627, -0.625303, -0.652059, -0.663854
-0.663854, -0.675485, -0.700715, -0.734869, -0.772145, -0.806937, -0.834938, -0.853569, -0.861624
-0.861624, -0.869467, -0.886117, -0.907785, -0.930109, -0.94944, -0.963697, -0.972398, -0.975933
-0.975933, -0.979229, -0.985687, -0.99277, -0.997979, -0.999977, -0.999109, -0.997037, -0.99571
-0.99571, -0.994138, -0.989778, -0.981591, -0.969181, -0.953651, -0.937742, -0.925099, -0.919038
-0.919038, -0.912752, -0.897996, -0.875331, -0.846503, -0.814952, -0.785543, -0.763552, -0.753344
-0.753344, -0.742952, -0.71923, -0.684283, -0.64183, -0.597312, -0.557252, -0.528044, -0.514679
-0.514679, -0.501187, -0.470796, -0.426952, -0.374987, -0.321815, -0.274983, -0.241388, -0.226159
-0.226159, -0.210875, -0.176759, -0.128265, -0.0718208, -0.015145, 0.0339212, 0.0686505, 0.0842673
0.0842673, 0.0998634, 0.134399, 0.182846, 0.238302, 0.292992, 0.33954, 0.372039, 0.386531
0.386531, 0.400928, 0.432539, 0.476246, 0.525342, 0.572748, 0.612269, 0.63939, 0.651354
0.651354, 0.663158, 0.688782, 0.723515, 0.761496, 0.797026, 0.825692, 0.844807, 0.853084
0.853084, 0.861151, 0.878306, 0.900701, 0.923887, 0.9441, 0.959135, 0.968393, 0.972181
0.972181, 0.97573, 0.982754, 0.990642, 0.996787, 0.999725, 0.999672, 0.998176, 0.997108
0.997108, 0.995795, 0.992008, 0.984625, 0.973135, 0.958513, 0.943376, 0.931272, 0.925451
0.925451, 0.919404, 0.905173, 0.883233, 0.85522, 0.824455, 0.795702, 0.774161, 0.764152
0.764152, 0.753955, 0.730658, 0.696288, 0.654465, 0.610537, 0.570952, 0.542061, 0.528833
0.528833, 0.515476, 0.485369, 0.441897, 0.390317, 0.33748, 0.290898, 0.257456, 0.24229
0.24229, 0.227065, 0.193066, 0.144703, 0.08836, 0.0317329, -0.0173341, -0.0520883, -0.0677228

-0.904416, -0.897623, -0.881755, -0.857555, -0.827005, -0.793795, -0.763005, -0.740069, -0.729445
-0.729445, -0.718642, -0.694029, -0.657878, -0.614112, -0.56837, -0.527326, -0.497464, -0.483816
-0.483816, -0.47005, -0.439076, -0.394476, -0.341733, -0.28789, -0.240567, -0.206673, -0.191323
-0.191323, -0.175927, -0.141593, -0.0928633, -0.0362522, 0.0204755, 0.0694942, 0.104138, 0.119702
0.119702, 0.135237, 0.169606, 0.217744, 0.27274, 0.326858, 0.372824, 0.404861, 0.419133
0.419133, 0.433301, 0.464376, 0.50726, 0.555313, 0.60158, 0.64004, 0.666368, 0.677964
0.677964, 0.689394, 0.714164, 0.747641, 0.784097, 0.81803, 0.845259, 0.863328, 0.871126
0.871126, 0.87871, 0.894776, 0.915602, 0.93693, 0.955242, 0.968603, 0.976662, 0.979906
0.979906, 0.98291, 0.988716, 0.994874, 0.999008, 0.999926, 0.998125, 0.995393, 0.993769
0.993769, 0.991901, 0.986885, 0.977779, 0.964317, 0.947753, 0.930963, 0.917706, 0.911371
0.911371, 0.904813, 0.88946, 0.865972, 0.83622, 0.803776, 0.773625, 0.751126, 0.740694
0.740694, 0.730081, 0.705879, 0.670283, 0.627122, 0.581943, 0.54135, 0.511789, 0.49827
0.49827, 0.48463, 0.453923, 0.409668, 0.357279, 0.30374, 0.256638, 0.222878, 0.207582
0.207582, 0.192236, 0.157998, 0.109371, 0.0528282, -0.0038843, -0.0529328, -0.0876219, -0.103213
-0.103213, -0.118779, -0.153231, -0.201521, -0.25674, -0.311132, -0.357377, -0.389634, -0.404011
-0.404011, -0.418288, -0.449617, -0.492892, -0.541439, -0.588243, -0.627204, -0.653905, -0.665674
-0.665674, -0.677281, -0.702452, -0.736519, -0.773692, -0.808374, -0.836277, -0.854836, -0.862858
-0.862858, -0.870669, -0.887244, -0.908805, -0.931002, -0.950202, -0.964345, -0.972964, -0.976462
-0.976462, -0.97972, -0.986095, -0.993059, -0.998131, -0.99999, -0.999003, -0.996846, -0.995481
-0.995481, -0.993872, -0.989428, -0.981122, -0.968577, -0.952915, -0.936893, -0.92417, -0.918074
-0.918074, -0.911753, -0.896921, -0.87415, -0.845203, -0.813537, -0.784032, -0.761976, -0.751739
-0.751739, -0.741318, -0.717534, -0.682504, -0.639959, -0.595356, -0.555226, -0.525973, -0.512587
-0.512587, -0.499076, -0.468645, -0.424747, -0.372726, -0.319506, -0.272639, -0.239022, -0.223784
-0.223784, -0.208492, -0.17436, -0.125848, -0.0693896, -0.012708, 0.0363569, 0.0710817, 0.0866956
0.0866956, 0.102288, 0.136814, 0.185241, 0.240669, 0.295321, 0.341831, 0.3743, 0.388778
0.388778, 0.40316, 0.434735, 0.478387, 0.527415, 0.574744, 0.614195, 0.641262, 0.653201
0.653201, 0.66498, 0.690546, 0.725195, 0.763073, 0.798495, 0.827064, 0.846109, 0.854353
0.854353, 0.862388, 0.879468, 0.901757, 0.924817, 0.944901, 0.959821, 0.968998, 0.972749
0.972749, 0.976261, 0.983202, 0.990971, 0.99698, 0.999779, 0.999606, 0.998026, 0.99692
0.99692, 0.995569, 0.991698, 0.984196, 0.972571, 0.957815, 0.942565, 0.930381, 0.924525
0.924525, 0.918443, 0.904134, 0.882087, 0.853954, 0.823073, 0.794223, 0.772616, 0.762577
0.762577, 0.752352, 0.728992, 0.694536, 0.652621, 0.608605, 0.568949, 0.540012, 0.526763

-0.983524, -0.986235, -0.991388, -0.996618, -0.999674, -0.999513, -0.996779, -0.993388, -0.991468
-0.991468, -0.989305, -0.983635, -0.973612, -0.959105, -0.941511, -0.923847, -0.90998, -0.903374
-0.903374, -0.896546, -0.880603, -0.856299, -0.825633, -0.79231, -0.761428, -0.738428, -0.727776
-0.727776, -0.716945, -0.692272, -0.65604, -0.612187, -0.566363, -0.525253, -0.495348, -0.481682
-0.481682, -0.467897, -0.436885, -0.392235, -0.339441, -0.285555, -0.2382, -0.204287, -0.18893
-0.18893, -0.173527, -0.13918, -0.0904363, -0.0338165, 0.0229122, 0.0719253, 0.106562, 0.122121
0.122121, 0.137651, 0.172007, 0.220122, 0.275084, 0.32916, 0.375084, 0.407089, 0.421344
0.421344, 0.435497, 0.466533, 0.509359, 0.557339, 0.603525, 0.641911, 0.668183, 0.679754
0.679754, 0.691158, 0.715868, 0.749257, 0.785607, 0.819429, 0.846559, 0.864555, 0.87232
0.87232, 0.879871, 0.895862, 0.916579, 0.937779, 0.95596, 0.969206, 0.977182, 0.980389
0.980389, 0.983356, 0.989078, 0.995118, 0.999113, 0.999893, 0.997972, 0.995156, 0.993494
0.993494, 0.991589, 0.986489, 0.977265, 0.963669, 0.946972, 0.930071, 0.916735, 0.910365
0.910365, 0.903772, 0.888344, 0.86475, 0.83488, 0.802324, 0.772079, 0.749514, 0.739054
0.739054, 0.728413, 0.70415, 0.668472, 0.625222, 0.579959, 0.5393, 0.509693, 0.496156
0.496156, 0.482497, 0.45175, 0.407443, 0.355001, 0.301417, 0.254282, 0.220501, 0.205198
0.205198, 0.189844, 0.155591, 0.106948, 0.0503942, -0.0063215, -0.0553665, -0.0900495, -0.105637
-0.105637, -0.121199, -0.155639, -0.203907, -0.259094, -0.313448, -0.359652, -0.391878, -0.406239
-0.406239, -0.420501, -0.451793, -0.495011, -0.543486, -0.590212, -0.6291, -0.655747, -0.667491
-0.667491, -0.679072, -0.704185, -0.738166, -0.775233, -0.809806, -0.837611, -0.856098, -0.864087
-0.864087, -0.871865, -0.888366, -0.909819, -0.931888, -0.950959, -0.964987, -0.973524, -0.976985
-0.976985, -0.980206, -0.986497, -0.993343, -0.998277, -0.999998, -0.998891, -0.99665, -0.995247
-0.995247, -0.9936, -0.989071, -0.980648, -0.967968, -0.952173, -0.936038, -0.923237, -0.917106
-0.917106, -0.91075, -0.89584, -0.872964, -0.843898, -0.812117, -0.782517, -0.760395, -0.75013
-0.75013, -0.73968, -0.715835, -0.68072, -0.638085, -0.593396, -0.553198, -0.523898, -0.510493
-0.510493, -0.496963, -0.46649, -0.422539, -0.370464, -0.317196, -0.270293, -0.236654, -0.221408
-0.221408, -0.206108, -0.17196, -0.12343, -0.0669581, -0.0102709, 0.0387924, 0.0735126, 0.0891234
0.0891234, 0.104712, 0.139228, 0.187636, 0.243033, 0.297649, 0.344121, 0.376559, 0.391022
0.391022, 0.405389, 0.436929, 0.480526, 0.529484, 0.576737, 0.616116, 0.64313, 0.655045
0.655045, 0.666799, 0.692307, 0.726871, 0.764646, 0.79996, 0.828432, 0.847405, 0.855617
0.855617, 0.863619, 0.880626, 0.902808, 0.925742, 0.945696, 0.960502, 0.969597, 0.973311
0.973311, 0.976786, 0.983643, 0.991295, 0.997166, 0.999828, 0.999535, 0.99787, 0.996726
0.996726, 0.995337, 0.991381, 0.983762, 0.972001, 0.957112, 0.941748, 0.929485, 0.923594

-0.693587, -0.704785, -0.729025, -0.761724, -0.797239, -0.830188, -0.856535, -0.873961, -0.881466
-0.881466, -0.888754, -0.904155, -0.924022, -0.944216, -0.961372, -0.973717, -0.981047, -0.983962
-0.983962, -0.986635, -0.991704, -0.996816, -0.999733, -0.999434, -0.996581, -0.993105, -0.991147
-0.991147, -0.988946, -0.983193, -0.973053, -0.958412, -0.940687, -0.922911, -0.908967, -0.902326
-0.902326, -0.895464, -0.879445, -0.855037, -0.824255, -0.790821, -0.759845, -0.736782, -0.726102
-0.726102, -0.715244, -0.690512, -0.654199, -0.610258, -0.564352, -0.523178, -0.49323, -0.479545
-0.479545, -0.465742, -0.434692, -0.389992, -0.337148, -0.283219, -0.235833, -0.201901, -0.186537
-0.186537, -0.171126, -0.136766, -0.0880088, -0.0313805, 0.0253487, 0.074356, 0.108985, 0.12454
0.12454, 0.140065, 0.174407, 0.222499, 0.277426, 0.331461, 0.377342, 0.409313, 0.423553
0.423553, 0.437689, 0.468687, 0.511455, 0.559361, 0.605466, 0.643778, 0.669995, 0.681539
0.681539, 0.692917, 0.717568, 0.750869, 0.787113, 0.820824, 0.847854, 0.865777, 0.873509
0.873509, 0.881026, 0.896942, 0.917551, 0.938622, 0.956673, 0.969804, 0.977697, 0.980867
0.980867, 0.983795, 0.989435, 0.995355, 0.999213, 0.999855, 0.997814, 0.994913, 0.993214
0.993214, 0.99127, 0.986087, 0.976745, 0.963015, 0.946186, 0.929173, 0.915758, 0.909354
0.909354, 0.902727, 0.887222, 0.863524, 0.833536, 0.800867, 0.770527, 0.747899, 0.73741
0.73741, 0.726741, 0.702418, 0.666658, 0.623318, 0.577972, 0.537246, 0.507595, 0.494038
0.494038, 0.48036, 0.449574, 0.405216, 0.352722, 0.299092, 0.251924, 0.218123, 0.202812
0.202812, 0.18745, 0.153183, 0.104524, 0.0479599, -0.00875867, -0.0577998, -0.0924765, -0.10806
-0.10806, -0.123617, -0.158046, -0.206293, -0.261448, -0.315761, -0.361925, -0.394119, -0.408465
-0.408465, -0.422711, -0.453966, -0.497127, -0.54553, -0.592178, -0.630993, -0.657585, -0.669304
-0.669304, -0.680859, -0.705913, -0.739808, -0.776771, -0.811234, -0.83894, -0.857355, -0.865312
-0.865312, -0.873056, -0.889482, -0.910828, -0.93277, -0.95171, -0.965624, -0.974078, -0.977502
-0.977502, -0.980685, -0.986893, -0.993621, -0.998417, -1, -0.998773, -0.996448, -0.995007
-0.995007, -0.993321, -0.988709, -0.980168, -0.967353, -0.951426, -0.935178, -0.922298, -0.916131
-0.916131, -0.90974, -0.894755, -0.871772, -0.842588, -0.810692, -0.780997, -0.75881, -0.748516
-0.748516, -0.738038, -0.714131, -0.678933, -0.636206, -0.591432, -0.551166, -0.521821, -0.508396
-0.508396, -0.494846, -0.464333, -0.420329, -0.368199, -0.314883, -0.267946, -0.234286, -0.219031
-0.219031, -0.203722, -0.169558, -0.121011, -0.0645261, -0.00783379, 0.0412277, 0.075943, 0.0915507
0.0915507, 0.107136, 0.141641, 0.190029, 0.245397, 0.299975, 0.346408, 0.378816, 0.393264
0.393264, 0.407616, 0.43912, 0.482662, 0.53155, 0.578726, 0.618034, 0.644995, 0.656884
0.656884, 0.668613, 0.694064, 0.728543, 0.766214, 0.80142, 0.829795, 0.848697, 0.856876
0.856876, 0.864845, 0.881778, 0.903853, 0.92666, 0.946485, 0.961178, 0.970191, 0.973867

-0.143398, -0.158881, -0.193113, -0.241011, -0.295658, -0.349354, -0.394896, -0.426601, -0.440714
-0.440714, -0.454719, -0.485412, -0.527714, -0.575033, -0.620501, -0.658222, -0.684, -0.695341
-0.695341, -0.706512, -0.730691, -0.763301, -0.798708, -0.831544, -0.85779, -0.875143, -0.882614
-0.882614, -0.889869, -0.905193, -0.924951, -0.945016, -0.96204, -0.974269, -0.981517, -0.984394
-0.984394, -0.987029, -0.992014, -0.997007, -0.999787, -0.999349, -0.996376, -0.992816, -0.990821
-0.990821, -0.988582, -0.982745, -0.972489, -0.957714, -0.939857, -0.92197, -0.907948, -0.901273
-0.901273, -0.894377, -0.878283, -0.853771, -0.822873, -0.789327, -0.758259, -0.735132, -0.724424
-0.724424, -0.713538, -0.688747, -0.652354, -0.608325, -0.562339, -0.521099, -0.491108, -0.477404
-0.477404, -0.463584, -0.432496, -0.387746, -0.334852, -0.28088, -0.233463, -0.199513, -0.184142
-0.184142, -0.168725, -0.134351, -0.0855807, -0.0289444, 0.0277851, 0.0767863, 0.111407, 0.126958
0.126958, 0.142478, 0.176807, 0.224875, 0.279767, 0.333759, 0.379598, 0.411536, 0.42576
0.42576, 0.439879, 0.470839, 0.513548, 0.561379, 0.607404, 0.645641, 0.671802, 0.683321
0.683321, 0.694672, 0.719263, 0.752477, 0.788614, 0.822213, 0.849144, 0.866994, 0.874693
0.874693, 0.882177, 0.898017, 0.918518, 0.93946, 0.957379, 0.970395, 0.978206, 0.981338
0.981338, 0.98423, 0.989785, 0.995587, 0.999306, 0.99981, 0.99765, 0.994665, 0.992927
0.992927, 0.990946, 0.985679, 0.97622, 0.962356, 0.945395, 0.928269, 0.914776, 0.908337
0.908337, 0.901675, 0.886095, 0.862292, 0.832187, 0.799405, 0.768971, 0.746279, 0.735762
0.735762, 0.725065, 0.700681, 0.664839, 0.62141, 0.575981, 0.535188, 0.505494, 0.491918
0.491918, 0.478221, 0.447396, 0.402987, 0.35044, 0.296766, 0.249565, 0.215744, 0.200424
0.200424, 0.185055, 0.150774, 0.1021, 0.0455253, -0.0111958, -0.0602328, -0.0949031, -0.110483
-0.110483, -0.126036, -0.160452, -0.208677, -0.263799, -0.318073, -0.364196, -0.396358, -0.410688
-0.410688, -0.424918, -0.456136, -0.49924, -0.547571, -0.59414, -0.632882, -0.659419, -0.671113
-0.671113, -0.682642, -0.707637, -0.741445, -0.778303, -0.812656, -0.840264, -0.858607, -0.866531
-0.866531, -0.874242, -0.890594, -0.911831, -0.933646, -0.952455, -0.966254, -0.974626, -0.978013
-0.978013, -0.981159, -0.987283, -0.993893, -0.998551, -0.999996, -0.99865, -0.99624, -0.99476
-0.99476, -0.993037, -0.988341, -0.979682, -0.966733, -0.950672, -0.934312, -0.921353, -0.915152
-0.915152, -0.908726, -0.893664, -0.870576, -0.841273, -0.809263, -0.779473, -0.75722, -0.746897
-0.746897, -0.736391, -0.712422, -0.677141, -0.634324, -0.589465, -0.54913, -0.51974, -0.506296
-0.506296, -0.492727, -0.462173, -0.418116, -0.365932, -0.312569, -0.265597, -0.231916, -0.216652
-0.216652, -0.201335, -0.167156, -0.118591, -0.0620938, -0.00539661, 0.0436627, 0.078373, 0.0939774
0.0939774, 0.109559, 0.144053, 0.192421, 0.247759, 0.302299, 0.348693, 0.38107, 0.395504
0.395504, 0.40984, 0.441308, 0.484795, 0.533612, 0.580712, 0.619948, 0.646855, 0.65872

0.460598, 0.446639, 0.41526, 0.370136, 0.316861, 0.262567, 0.214918, 0.180831, 0.165405
0.165405, 0.149938, 0.115471, 0.0666063, 0.00991838, -0.0468015, -0.0957449, -0.130297, -0.14581
-0.14581, -0.161287, -0.195504, -0.243375, -0.297985, -0.351636, -0.397134, -0.428804, -0.442901
-0.442901, -0.456889, -0.487541, -0.529783, -0.577025, -0.62241, -0.660055, -0.685775, -0.69709
-0.69709, -0.708235, -0.732353, -0.764873, -0.800172, -0.832895, -0.85904, -0.87632, -0.883757
-0.883757, -0.890978, -0.906226, -0.925875, -0.94581, -0.962702, -0.974815, -0.98198, -0.98482
-0.98482, -0.987417, -0.992319, -0.997192, -0.999834, -0.999258, -0.996166, -0.992522, -0.990488
-0.990488, -0.988212, -0.982291, -0.971918, -0.95701, -0.939022, -0.921024, -0.906924, -0.900214
-0.900214, -0.893284, -0.877115, -0.852499, -0.821485, -0.787828, -0.756667, -0.733477, -0.722742
-0.722742, -0.711829, -0.686978, -0.650504, -0.606389, -0.560322, -0.519017, -0.488983, -0.475261
-0.475261, -0.461423, -0.430297, -0.385499, -0.332555, -0.27854, -0.231093, -0.197125, -0.181745
-0.181745, -0.166322, -0.131936, -0.0831522, -0.0265081, 0.0302213, 0.0792161, 0.113829, 0.129375
0.129375, 0.14489, 0.179205, 0.227249, 0.282106, 0.336056, 0.381852, 0.413756, 0.427964
0.427964, 0.442067, 0.472987, 0.515638, 0.563395, 0.609338, 0.6475, 0.673605, 0.685098
0.685098, 0.696424, 0.720954, 0.75408, 0.79011, 0.823598, 0.850428, 0.868206, 0.875871
0.875871, 0.883322, 0.899087, 0.919478, 0.940293, 0.958081, 0.970981, 0.978709, 0.981804
0.981804, 0.984658, 0.99013, 0.995813, 0.999394, 0.99976, 0.99748, 0.994411, 0.992635
0.992635, 0.990616, 0.985265, 0.975689, 0.961691, 0.944598, 0.92736, 0.913789, 0.907315
0.907315, 0.900619, 0.884963, 0.861055, 0.830834, 0.797938, 0.767411, 0.744654, 0.734109
0.734109, 0.723384, 0.69894, 0.663016, 0.619499, 0.573987, 0.533128, 0.503389, 0.489794
0.489794, 0.476079, 0.445215, 0.400755, 0.348156, 0.294437, 0.247204, 0.213364, 0.198036
0.198036, 0.18266, 0.148364, 0.0996752, 0.0430905, -0.0136328, -0.0626654, -0.097329, -0.112905
-0.112905, -0.128453, -0.162857, -0.21106, -0.266149, -0.320383, -0.366465, -0.398594, -0.412909
-0.412909, -0.427123, -0.458304, -0.501351, -0.549609, -0.596099, -0.634767, -0.66125, -0.672918
-0.672918, -0.684421, -0.709357, -0.743079, -0.779831, -0.814074, -0.841583, -0.859854, -0.867745
-0.867745, -0.875422, -0.891699, -0.912829, -0.934516, -0.953195, -0.966879, -0.975169, -0.978518
-0.978518, -0.981627, -0.987668, -0.994159, -0.998679, -0.999986, -0.99852, -0.996025, -0.994508
-0.994508, -0.992747, -0.987967, -0.979191, -0.966107, -0.949914, -0.93344, -0.920403, -0.914166
-0.914166, -0.907706, -0.892567, -0.869374, -0.839953, -0.807829, -0.777943, -0.755626, -0.745275
-0.745275, -0.73474, -0.71071, -0.675346, -0.632438, -0.587495, -0.547092, -0.517656, -0.504192
-0.504192, -0.490605, -0.46001, -0.415901, -0.363662, -0.310253, -0.263247, -0.229544, -0.214272
-0.214272, -0.198947, -0.164752, -0.116171, -0.059661, -0.00295939, 0.0460975, 0.0808025, 0.0964035

0.891765, 0.884569, 0.867817, 0.842398, 0.810486, 0.775965, 0.744089, 0.720411, 0.70946
0.70946, 0.698335, 0.673025, 0.635934, 0.591148, 0.544459, 0.502658, 0.472296, 0.458433
0.458433, 0.444457, 0.413042, 0.367871, 0.314549, 0.260214, 0.212537, 0.178433, 0.163001
0.163001, 0.147528, 0.113049, 0.0641743, 0.00748123, -0.0492359, -0.0981707, -0.132713, -0.148221
-0.148221, -0.163692, -0.197893, -0.245739, -0.300311, -0.353917, -0.39937, -0.431005, -0.445085
-0.445085, -0.459055, -0.489667, -0.531848, -0.579014, -0.624316, -0.661884, -0.687547, -0.698836
-0.698836, -0.709953, -0.73401, -0.766441, -0.801631, -0.834242, -0.860285, -0.877491, -0.884895
-0.884895, -0.892082, -0.907254, -0.926793, -0.946599, -0.963359, -0.975356, -0.982438, -0.98524
-0.98524, -0.9878, -0.992617, -0.997372, -0.999876, -0.999161, -0.99595, -0.992221, -0.99015
-0.99015, -0.987836, -0.981832, -0.971341, -0.9563, -0.938181, -0.920072, -0.905894, -0.89915
-0.89915, -0.892186, -0.875942, -0.851223, -0.820093, -0.786324, -0.755072, -0.731819, -0.721055
-0.721055, -0.710115, -0.685204, -0.648651, -0.604449, -0.558301, -0.516932, -0.486856, -0.473116
-0.473116, -0.459259, -0.428095, -0.383249, -0.330255, -0.276199, -0.228721, -0.194735, -0.179348
-0.179348, -0.163918, -0.129519, -0.0807231, -0.0240716, 0.0326573, 0.0816454, 0.11625, 0.131792
0.131792, 0.147301, 0.181602, 0.229622, 0.284444, 0.33835, 0.384103, 0.415974, 0.430165
0.430165, 0.444252, 0.475133, 0.517724, 0.565407, 0.611269, 0.649355, 0.675405, 0.686872
0.686872, 0.69817, 0.722641, 0.755678, 0.791602, 0.824978, 0.851708, 0.869413, 0.877045
0.877045, 0.884462, 0.900151, 0.920434, 0.941119, 0.958776, 0.971561, 0.979207, 0.982264
0.982264, 0.98508, 0.990468, 0.996033, 0.999476, 0.999703, 0.997304, 0.99415, 0.992337
0.992337, 0.99028, 0.984845, 0.975151, 0.96102, 0.943795, 0.926445, 0.912796, 0.906288
0.906288, 0.899557, 0.883825, 0.859813, 0.829475, 0.796467, 0.765846, 0.743025, 0.732452
0.732452, 0.721699, 0.697195, 0.66119, 0.617584, 0.57199, 0.531064, 0.501282, 0.487668
0.487668, 0.473935, 0.443031, 0.398521, 0.345871, 0.292107, 0.244842, 0.210982, 0.195646
0.195646, 0.180263, 0.145954, 0.0972498, 0.0406554, -0.0160698, -0.0650977, -0.0997544, -0.115326
-0.115326, -0.13087, -0.165261, -0.213441, -0.268498, -0.32269, -0.368731, -0.400828, -0.415128
-0.415128, -0.429326, -0.460469, -0.503458, -0.551644, -0.598054, -0.636648, -0.663076, -0.674719
-0.674719, -0.686196, -0.711073, -0.744707, -0.781355, -0.815487, -0.842896, -0.861096, -0.868953
-0.868953, -0.876598, -0.8928, -0.913821, -0.93538, -0.953929, -0.967498, -0.975706, -0.979018
-0.979018, -0.982089, -0.988047, -0.994419, -0.998802, -0.99997, -0.998385, -0.995805, -0.99425
-0.99425, -0.992451, -0.987587, -0.978693, -0.965475, -0.949149, -0.932563, -0.919447, -0.913176
-0.913176, -0.90668, -0.891466, -0.868167, -0.838628, -0.80639, -0.77641, -0.754027, -0.743647
-0.743647, -0.733085, -0.708993, -0.673546, -0.630548, -0.585521, -0.54505, -0.515569, -0.502086

0.988319, 0.990584, 0.994746, 0.99857, 0.999995, 0.998201, 0.994059, 0.989673, 0.987306
0.987306, 0.984698, 0.978043, 0.966643, 0.950563, 0.931424, 0.912451, 0.897672, 0.89066
0.89066, 0.883429, 0.866603, 0.841082, 0.809056, 0.774426, 0.742459, 0.718718, 0.70774
0.70774, 0.696588, 0.671221, 0.634051, 0.58918, 0.542413, 0.50055, 0.470147, 0.456266
0.456266, 0.442273, 0.410821, 0.365604, 0.312234, 0.25786, 0.210155, 0.176035, 0.160596
0.160596, 0.145117, 0.110628, 0.0617419, 0.00504404, -0.05167, -0.100596, -0.135128, -0.15063
-0.15063, -0.166095, -0.200282, -0.2481, -0.302635, -0.356195, -0.401603, -0.433203, -0.447266
-0.447266, -0.461219, -0.491791, -0.533911, -0.580999, -0.626218, -0.663709, -0.689315, -0.700577
-0.700577, -0.711667, -0.735663, -0.768004, -0.803086, -0.835583, -0.861525, -0.878658, -0.886028
-0.886028, -0.89318, -0.908276, -0.927706, -0.947382, -0.96401, -0.975891, -0.98289, -0.985654
-0.985654, -0.988177, -0.99291, -0.997546, -0.999911, -0.999059, -0.995728, -0.991915, -0.989806
-0.989806, -0.987454, -0.981366, -0.970759, -0.955585, -0.937334, -0.919114, -0.904859, -0.898081
-0.898081, -0.891082, -0.874763, -0.849941, -0.818696, -0.784816, -0.753472, -0.730156, -0.719364
-0.719364, -0.708397, -0.683427, -0.646794, -0.602506, -0.556278, -0.514845, -0.484726, -0.470967
-0.470967, -0.457093, -0.425892, -0.380996, -0.327954, -0.273856, -0.226348, -0.192343, -0.17695
-0.17695, -0.161513, -0.127102, -0.0782936, -0.021635, 0.0350932, 0.0840743, 0.11867, 0.134207
0.134207, 0.149711, 0.183999, 0.231993, 0.286779, 0.340643, 0.386352, 0.418189, 0.432364
0.432364, 0.446434, 0.477277, 0.519808, 0.567415, 0.613196, 0.651207, 0.6772, 0.688641
0.688641, 0.699913, 0.724324, 0.757272, 0.793089, 0.826353, 0.852983, 0.870615, 0.878213
0.878213, 0.885596, 0.90121, 0.921384, 0.94194, 0.959466, 0.972135, 0.979698, 0.982718
0.982718, 0.985497, 0.990801, 0.996246, 0.999552, 0.999641, 0.997123, 0.993884, 0.992033
0.992033, 0.989938, 0.984419, 0.974609, 0.960343, 0.942987, 0.925525, 0.911798, 0.905255
0.905255, 0.89849, 0.882682, 0.858566, 0.828111, 0.794991, 0.764277, 0.741392, 0.730791
0.730791, 0.72001, 0.695446, 0.659359, 0.615665, 0.569989, 0.528998, 0.499171, 0.485539
0.485539, 0.471787, 0.440845, 0.396285, 0.343583, 0.289776, 0.242478, 0.208599, 0.193256
0.193256, 0.177865, 0.143542, 0.0948238, 0.0382201, -0.0185067, -0.0675296, -0.102179, -0.117747
-0.117747, -0.133286, -0.167665, -0.215822, -0.270845, -0.324996, -0.370996, -0.40306, -0.417344
-0.417344, -0.431526, -0.462631, -0.505562, -0.553675, -0.600005, -0.638526, -0.664898, -0.676515
-0.676515, -0.687967, -0.712785, -0.746332, -0.782873, -0.816895, -0.844205, -0.862332, -0.870157
-0.870157, -0.877768, -0.893895, -0.914809, -0.93624, -0.954658, -0.968112, -0.976237, -0.979511
-0.979511, -0.982545, -0.988419, -0.994673, -0.998918, -0.999948, -0.998243, -0.995579, -0.993986
-0.993986, -0.992149, -0.987201, -0.97819, -0.964837, -0.948379, -0.931681, -0.918486, -0.91218

0.714029, 0.724907, 0.748419, 0.780052, 0.814279, 0.845885, 0.87103, 0.887584, 0.89469
0.89469, 0.901576, 0.916073, 0.934641, 0.953302, 0.968894, 0.979867, 0.986217, 0.988687
0.988687, 0.990915, 0.994992, 0.998697, 0.999984, 0.998052, 0.99379, 0.989321, 0.986916
0.986916, 0.98427, 0.977532, 0.966016, 0.949803, 0.930535, 0.911451, 0.896595, 0.889549
0.889549, 0.882285, 0.865385, 0.839762, 0.807621, 0.772882, 0.740824, 0.717021, 0.706016
0.706016, 0.694838, 0.669412, 0.632165, 0.587209, 0.540364, 0.498438, 0.467994, 0.454096
0.454096, 0.440086, 0.408598, 0.363334, 0.309918, 0.255505, 0.207772, 0.173635, 0.15819
0.15819, 0.142705, 0.108205, 0.0593091, 0.00260682, -0.0541038, -0.10302, -0.137543, -0.153039
-0.153039, -0.168498, -0.202669, -0.250461, -0.304957, -0.358472, -0.403834, -0.435398, -0.449444
-0.449444, -0.46338, -0.493912, -0.53597, -0.582981, -0.628117, -0.66553, -0.691079, -0.702314
-0.702314, -0.713377, -0.737312, -0.769563, -0.804536, -0.836919, -0.86276, -0.879819, -0.887155
-0.887155, -0.894274, -0.909293, -0.928613, -0.948159, -0.964655, -0.97642, -0.983336, -0.986062
-0.986062, -0.988547, -0.993197, -0.997713, -0.999941, -0.99895, -0.9955, -0.991603, -0.989456
-0.989456, -0.987066, -0.980895, -0.970171, -0.954863, -0.936482, -0.918151, -0.903819, -0.897006
-0.897006, -0.889973, -0.87358, -0.848655, -0.817294, -0.783304, -0.751867, -0.728488, -0.717669
-0.717669, -0.706674, -0.681646, -0.644934, -0.600559, -0.554251, -0.512754, -0.482592, -0.468816
-0.468816, -0.454924, -0.423685, -0.378742, -0.32565, -0.271511, -0.223973, -0.189951, -0.174551
-0.174551, -0.159108, -0.124684, -0.0758636, -0.0191983, 0.0375288, 0.0865026, 0.12109, 0.136622
0.136622, 0.15212, 0.186394, 0.234363, 0.289113, 0.342933, 0.388599, 0.420401, 0.434561
0.434561, 0.448613, 0.479417, 0.521889, 0.56942, 0.61512, 0.653055, 0.678991, 0.690406
0.690406, 0.701652, 0.726002, 0.758862, 0.794571, 0.827723, 0.854252, 0.871811, 0.879376
0.879376, 0.886726, 0.902263, 0.922328, 0.942756, 0.96015, 0.972704, 0.980184, 0.983166
0.983166, 0.985907, 0.991128, 0.996455, 0.999622, 0.999573, 0.996935, 0.993612, 0.991723
0.991723, 0.98959, 0.983988, 0.97406, 0.95966, 0.942173, 0.924599, 0.910795, 0.904217
0.904217, 0.897417, 0.881534, 0.857314, 0.826742, 0.79351, 0.762703, 0.739754, 0.729125
0.729125, 0.718316, 0.693692, 0.657525, 0.613742, 0.567985, 0.526928, 0.497058, 0.483407
0.483407, 0.469637, 0.438656, 0.394046, 0.341293, 0.287442, 0.240113, 0.206215, 0.190864
0.190864, 0.175466, 0.14113, 0.0923973, 0.0357845, -0.0209434, -0.069961, -0.104603, -0.120167
-0.120167, -0.135701, -0.170067, -0.218201, -0.27319, -0.3273, -0.373258, -0.405289, -0.419558
-0.419558, -0.433723, -0.46479, -0.507664, -0.555703, -0.601953, -0.640399, -0.666717, -0.678308
-0.678308, -0.689733, -0.714492, -0.747952, -0.784387, -0.818299, -0.845509, -0.863564, -0.871355
-0.871355, -0.878933, -0.894985, -0.91579, -0.937093, -0.95538, -0.96872, -0.976762, -0.979999

0.171816, 0.187224, 0.221266, 0.268838, 0.323024, 0.376171, 0.421169, 0.45245, 0.466361
0.466361, 0.480159, 0.510368, 0.551938, 0.598336, 0.642809, 0.679612, 0.704707, 0.715733
0.715733, 0.726583, 0.750033, 0.781575, 0.815691, 0.847183, 0.872225, 0.888704, 0.895776
0.895776, 0.902628, 0.917048, 0.935505, 0.954035, 0.969495, 0.980351, 0.986617, 0.98905
0.98905, 0.99124, 0.995233, 0.998819, 0.999967, 0.997897, 0.993516, 0.988962, 0.986521
0.986521, 0.983837, 0.977016, 0.965383, 0.949038, 0.929639, 0.910445, 0.895513, 0.888433
0.888433, 0.881135, 0.864161, 0.838436, 0.806181, 0.771333, 0.739185, 0.71532, 0.704288
0.704288, 0.693083, 0.6676, 0.630274, 0.585235, 0.538312, 0.496324, 0.465839, 0.451923
0.451923, 0.437896, 0.406372, 0.361062, 0.3076, 0.253148, 0.205387, 0.171234, 0.155783
0.155783, 0.140292, 0.105782, 0.056876, 0.000169586, -0.0565374, -0.105444, -0.139957, -0.155447
-0.155447, -0.1709, -0.205055, -0.252819, -0.307277, -0.360746, -0.406062, -0.437591, -0.45162
-0.45162, -0.465539, -0.496029, -0.538026, -0.58496, -0.630011, -0.667347, -0.692838, -0.704047
-0.704047, -0.715083, -0.738956, -0.771117, -0.805981, -0.838251, -0.86399, -0.880974, -0.888277
-0.888277, -0.895362, -0.910305, -0.929514, -0.948931, -0.965294, -0.976943, -0.983776, -0.986465
-0.986465, -0.988912, -0.993478, -0.997875, -0.999964, -0.998835, -0.995266, -0.991285, -0.9891
-0.9891, -0.986672, -0.980418, -0.969578, -0.954137, -0.935625, -0.917183, -0.902774, -0.895926
-0.895926, -0.888859, -0.872391, -0.847363, -0.815887, -0.781786, -0.750258, -0.726816, -0.71597
-0.71597, -0.704948, -0.679861, -0.643069, -0.598608, -0.55222, -0.51066, -0.480456, -0.466661
-0.466661, -0.452752, -0.421476, -0.376485, -0.323345, -0.269164, -0.221597, -0.187558, -0.17215
-0.17215, -0.156701, -0.122266, -0.0734332, -0.0167615, 0.0399642, 0.0889305, 0.123509, 0.139036
0.139036, 0.154529, 0.188788, 0.236732, 0.291446, 0.345222, 0.390844, 0.422612, 0.436755
0.436755, 0.45079, 0.481554, 0.523966, 0.571422, 0.617039, 0.654898, 0.680779, 0.692167
0.692167, 0.703386, 0.727676, 0.760447, 0.796048, 0.829088, 0.855517, 0.873002, 0.880534
0.880534, 0.88785, 0.903312, 0.923267, 0.943566, 0.960828, 0.973266, 0.980664, 0.983609
0.983609, 0.986312, 0.991449, 0.996657, 0.999686, 0.999498, 0.996741, 0.993334, 0.991407
0.991407, 0.989236, 0.98355, 0.973506, 0.958972, 0.941353, 0.923668, 0.909786, 0.903173
0.903173, 0.896339, 0.880381, 0.856057, 0.825369, 0.792024, 0.761124, 0.738112, 0.727455
0.727455, 0.716619, 0.691935, 0.655687, 0.611816, 0.565977, 0.524855, 0.494942, 0.481272
0.481272, 0.467484, 0.436464, 0.391804, 0.339001, 0.285107, 0.237746, 0.203829, 0.188471
0.188471, 0.173066, 0.138716, 0.0899702, 0.0333487, -0.0233801, -0.0723921, -0.107027, -0.122586
-0.122586, -0.138115, -0.172468, -0.220579, -0.275534, -0.329602, -0.375518, -0.407516, -0.421769
-0.421769, -0.435918, -0.466947, -0.509762, -0.557727, -0.603898, -0.642269, -0.668531, -0.680097

-0.434866, -0.420709, -0.388912, -0.343252, -0.289438, -0.234693, -0.186727, -0.152456, -0.136958
-0.136958, -0.121426, -0.0868405, -0.0378677, 0.0188592, 0.0755254, 0.124348, 0.158773, 0.174217
0.174217, 0.189618, 0.223642, 0.271184, 0.32533, 0.378428, 0.423378, 0.454622, 0.468516
0.468516, 0.482295, 0.512462, 0.553968, 0.600287, 0.644674, 0.681398, 0.706434, 0.717433
0.717433, 0.728256, 0.751643, 0.783093, 0.817099, 0.848475, 0.873415, 0.889819, 0.896856
0.896856, 0.903674, 0.918017, 0.936363, 0.954763, 0.970089, 0.980829, 0.987011, 0.989407
0.989407, 0.991559, 0.995467, 0.998934, 0.999944, 0.997736, 0.993236, 0.988598, 0.986119
0.986119, 0.983397, 0.976493, 0.964744, 0.948267, 0.928738, 0.909434, 0.894426, 0.887312
0.887312, 0.87998, 0.862932, 0.837105, 0.804737, 0.769779, 0.737541, 0.713615, 0.702556
0.702556, 0.691324, 0.665783, 0.62838, 0.583257, 0.536256, 0.494207, 0.463681, 0.449747
0.449747, 0.435703, 0.404144, 0.358788, 0.30528, 0.250789, 0.203001, 0.168833, 0.153375
0.153375, 0.137879, 0.103358, 0.0544425, -0.00226765, -0.0589705, -0.107868, -0.142369, -0.157855
-0.157855, -0.173301, -0.20744, -0.255177, -0.309596, -0.363018, -0.408288, -0.439781, -0.453793
-0.453793, -0.467694, -0.498144, -0.540079, -0.586935, -0.631902, -0.66916, -0.694594, -0.705776
-0.705776, -0.716785, -0.740596, -0.772666, -0.807421, -0.839577, -0.865214, -0.882125, -0.889394
-0.889394, -0.896445, -0.911311, -0.93041, -0.949697, -0.965928, -0.977461, -0.98421, -0.986862
-0.986862, -0.989271, -0.993753, -0.998031, -0.999982, -0.998715, -0.995026, -0.990961, -0.988738
-0.988738, -0.986273, -0.979935, -0.968978, -0.953404, -0.934762, -0.916209, -0.901723, -0.894841
-0.894841, -0.88774, -0.871197, -0.846066, -0.814476, -0.780264, -0.748644, -0.72514, -0.714266
-0.714266, -0.703217, -0.678071, -0.641201, -0.596654, -0.550187, -0.508563, -0.478317, -0.464504
-0.464504, -0.450578, -0.419265, -0.374226, -0.321038, -0.266816, -0.21922, -0.185163, -0.169749
-0.169749, -0.154293, -0.119847, -0.0710023, -0.0143245, 0.0423994, 0.0913578, 0.125927, 0.141449
0.141449, 0.156936, 0.19118, 0.239099, 0.293776, 0.347508, 0.393086, 0.424819, 0.438946
0.438946, 0.452965, 0.483689, 0.52604, 0.573421, 0.618955, 0.656738, 0.682562, 0.693924
0.693924, 0.705117, 0.729345, 0.762027, 0.797521, 0.830448, 0.856776, 0.874189, 0.881687
0.881687, 0.888968, 0.904354, 0.924201, 0.94437, 0.961501, 0.973823, 0.981138, 0.984045
0.984045, 0.986711, 0.991764, 0.996853, 0.999744, 0.999418, 0.996542, 0.99305, 0.991085
0.991085, 0.988877, 0.983107, 0.972945, 0.958279, 0.940528, 0.922731, 0.908771, 0.902124
0.902124, 0.895256, 0.879223, 0.854795, 0.82399, 0.790534, 0.759541, 0.736465, 0.72578
0.72578, 0.714917, 0.690173, 0.653845, 0.609887, 0.563966, 0.522779, 0.492822, 0.479134
0.479134, 0.465328, 0.43427, 0.389561, 0.336707, 0.28277, 0.235378, 0.201443, 0.186077
0.186077, 0.170665, 0.136302, 0.0875426, 0.0309127, -0.0258166, -0.0748227, -0.10945, -0.125004

-0.878375, -0.870782, -0.85316, -0.826544, -0.793295, -0.757494, -0.724557, -0.700156, -0.688887
-0.688887, -0.677449, -0.651464, -0.613464, -0.567694, -0.520098, -0.477575, -0.446737, -0.43267
-0.43267, -0.418497, -0.386665, -0.340962, -0.287104, -0.232323, -0.184332, -0.150046, -0.134543
-0.134543, -0.119007, -0.0844122, -0.0354321, 0.0212959, 0.0779555, 0.126766, 0.161179, 0.176616
0.176616, 0.192011, 0.226017, 0.273529, 0.327633, 0.380683, 0.425585, 0.456791, 0.470668
0.470668, 0.484429, 0.514554, 0.555996, 0.602235, 0.646536, 0.68318, 0.708157, 0.719129
0.719129, 0.729924, 0.753249, 0.784606, 0.818501, 0.849763, 0.874599, 0.890928, 0.897932
0.897932, 0.904715, 0.918981, 0.937216, 0.955484, 0.970678, 0.981301, 0.9874, 0.989757
0.989757, 0.991872, 0.995696, 0.999044, 0.999915, 0.997569, 0.99295, 0.988228, 0.985711
0.985711, 0.982952, 0.975965, 0.9641, 0.947491, 0.927832, 0.908418, 0.893333, 0.886185
0.886185, 0.878819, 0.861697, 0.835769, 0.803288, 0.768221, 0.735893, 0.711906, 0.700819
0.700819, 0.689561, 0.663962, 0.626483, 0.581275, 0.534197, 0.492086, 0.46152, 0.447569
0.447569, 0.433508, 0.401913, 0.356512, 0.302958, 0.248429, 0.200614, 0.16643, 0.150966
0.150966, 0.135465, 0.100933, 0.0520087, -0.00470487, -0.0614033, -0.11029, -0.144781, -0.160261
-0.160261, -0.175701, -0.209824, -0.257533, -0.311912, -0.365288, -0.410512, -0.441969, -0.455964
-0.455964, -0.469847, -0.500256, -0.542128, -0.588906, -0.633789, -0.670969, -0.696345, -0.7075
-0.7075, -0.718482, -0.742232, -0.774211, -0.808857, -0.840899, -0.866434, -0.88327, -0.890505
-0.890505, -0.897522, -0.912312, -0.931301, -0.950458, -0.966556, -0.977972, -0.984639, -0.987253
-0.987253, -0.989624, -0.994022, -0.998181, -0.999994, -0.998588, -0.99478, -0.990631, -0.98837
-0.98837, -0.985867, -0.979446, -0.968373, -0.952666, -0.933893, -0.91523, -0.900666, -0.89375
-0.89375, -0.886615, -0.869998, -0.844764, -0.813059, -0.778737, -0.747026, -0.72346, -0.712558
-0.712558, -0.701482, -0.676278, -0.639329, -0.594696, -0.54815, -0.506463, -0.476176, -0.462345
-0.462345, -0.4484, -0.417051, -0.371965, -0.318729, -0.264466, -0.216841, -0.182767, -0.167347
-0.167347, -0.151885, -0.117427, -0.068571, -0.0118875, 0.0448343, 0.0937846, 0.128344, 0.143861
0.143861, 0.159343, 0.193572, 0.241465, 0.296105, 0.349792, 0.395326, 0.427024, 0.441134
0.441134, 0.455136, 0.485821, 0.528112, 0.575416, 0.620868, 0.658574, 0.684341, 0.695677
0.695677, 0.706843, 0.731011, 0.763603, 0.798989, 0.831804, 0.85803, 0.875369, 0.882834
0.882834, 0.890082, 0.905392, 0.925129, 0.945169, 0.962168, 0.974374, 0.981606, 0.984476
0.984476, 0.987104, 0.992073, 0.997043, 0.999796, 0.999332, 0.996336, 0.99276, 0.990757
0.990757, 0.988511, 0.982658, 0.972379, 0.957579, 0.939697, 0.921789, 0.907752, 0.90107
0.90107, 0.894167, 0.878059, 0.853527, 0.822607, 0.789039, 0.757954, 0.734815, 0.724101
0.724101, 0.71321, 0.688407, 0.651999, 0.607953, 0.561952, 0.520699, 0.4907, 0.476993

-0.992295, -0.994114, -0.99728, -0.999695, -0.999487, -0.996063, -0.990515, -0.985138, -0.982327
-0.982327, -0.979275, -0.971641, -0.958872, -0.941234, -0.920566, -0.900299, -0.88462, -0.877208
-0.877208, -0.869581, -0.851886, -0.82517, -0.791809, -0.7559, -0.722876, -0.698413, -0.687118
-0.687118, -0.675655, -0.649613, -0.611537, -0.565686, -0.518015, -0.475432, -0.444556, -0.430472
-0.430472, -0.416282, -0.384416, -0.338669, -0.284769, -0.229952, -0.181936, -0.147636, -0.132128
-0.132128, -0.116587, -0.0819835, -0.0329963, 0.0237326, 0.0803851, 0.129183, 0.163583, 0.179015
0.179015, 0.194402, 0.228391, 0.275873, 0.329935, 0.382935, 0.427789, 0.458958, 0.472817
0.472817, 0.48656, 0.516642, 0.55802, 0.604179, 0.648393, 0.684957, 0.709876, 0.72082
0.72082, 0.731587, 0.754849, 0.786115, 0.819899, 0.851045, 0.875778, 0.892032, 0.899002
0.899002, 0.905751, 0.919939, 0.938063, 0.956201, 0.971261, 0.981767, 0.987783, 0.990102
0.990102, 0.992179, 0.995919, 0.999147, 0.999881, 0.997396, 0.992658, 0.987853, 0.985298
0.985298, 0.982501, 0.975431, 0.96345, 0.946708, 0.92692, 0.907397, 0.892235, 0.885053
0.885053, 0.877654, 0.860458, 0.834428, 0.801834, 0.766659, 0.734241, 0.710192, 0.699078
0.699078, 0.687794, 0.662138, 0.624581, 0.57929, 0.532135, 0.489963, 0.459357, 0.445388
0.445388, 0.431311, 0.39968, 0.354234, 0.300635, 0.246067, 0.198226, 0.164026, 0.148556
0.148556, 0.133049, 0.0985082, 0.0495746, -0.00714207, -0.0638358, -0.112712, -0.147193, -0.162666
-0.162666, -0.1781, -0.212206, -0.259887, -0.314227, -0.367556, -0.412733, -0.444154, -0.458132
-0.458132, -0.471997, -0.502365, -0.544175, -0.590874, -0.635672, -0.672774, -0.698092, -0.709221
-0.709221, -0.720175, -0.743863, -0.775751, -0.810287, -0.842215, -0.867648, -0.88441, -0.891612
-0.891612, -0.898594, -0.913307, -0.932186, -0.951212, -0.967178, -0.978478, -0.985061, -0.987638
-0.987638, -0.989971, -0.994285, -0.998325, -0.999999, -0.998456, -0.994529, -0.990295, -0.987997
-0.987997, -0.985456, -0.978952, -0.967762, -0.951922, -0.933019, -0.914245, -0.899605, -0.892655
-0.892655, -0.885485, -0.868794, -0.843458, -0.811638, -0.777206, -0.745404, -0.721775, -0.710846
-0.710846, -0.699743, -0.674481, -0.637453, -0.592735, -0.54611, -0.50436, -0.474031, -0.460182
-0.460182, -0.446221, -0.414834, -0.369701, -0.316417, -0.262115, -0.214461, -0.180371, -0.164943
-0.164943, -0.149475, -0.115006, -0.0661393, -0.00945038, 0.047269, 0.0962108, 0.130761, 0.146273
0.146273, 0.161749, 0.195963, 0.243829, 0.298432, 0.352074, 0.397563, 0.429227, 0.44332
0.44332, 0.457305, 0.48795, 0.53018, 0.577407, 0.622777, 0.660406, 0.686116, 0.697426
0.697426, 0.708565, 0.732672, 0.765175, 0.800452, 0.833154, 0.85928, 0.876545, 0.883976
0.883976, 0.89119, 0.906424, 0.926052, 0.945962, 0.962829, 0.97492, 0.982068, 0.984901
0.984901, 0.987491, 0.992377, 0.997227, 0.999843, 0.99924, 0.996125, 0.992465, 0.990424
0.990424, 0.98814, 0.982203, 0.971808, 0.956874, 0.938861, 0.920841, 0.906727, 0.90001

-0.733879, -0.744428, -0.767194, -0.797734, -0.830645, -0.860883, -0.884805, -0.900471, -0.907172
-0.907173, -0.913651, -0.927233, -0.944486, -0.961598, -0.975614, -0.985207, -0.990569, -0.992594
-0.992594, -0.994375, -0.997456, -0.999752, -0.999406, -0.995844, -0.990177, -0.984717, -0.981868
-0.981868, -0.978779, -0.971062, -0.958178, -0.940408, -0.919612, -0.899235, -0.883481, -0.876035
-0.876035, -0.868375, -0.850607, -0.82379, -0.790318, -0.754302, -0.721189, -0.696667, -0.685345
-0.685345, -0.673856, -0.647758, -0.609607, -0.563675, -0.515928, -0.473286, -0.442371, -0.42827
-0.42827, -0.414065, -0.382165, -0.336375, -0.282432, -0.227579, -0.179539, -0.145225, -0.129711
-0.129711, -0.114166, -0.0795542, -0.0305603, 0.026169, 0.0828142, 0.1316, 0.165987, 0.181412
0.181412, 0.196792, 0.230763, 0.278215, 0.332235, 0.385186, 0.429991, 0.461122, 0.474963
0.474963, 0.488688, 0.518727, 0.560041, 0.606119, 0.650247, 0.686731, 0.71159, 0.722507
0.722507, 0.733247, 0.756446, 0.787619, 0.821292, 0.852322, 0.876952, 0.893131, 0.900066
0.900066, 0.906781, 0.920892, 0.938905, 0.956911, 0.971838, 0.982228, 0.98816, 0.990442
0.990442, 0.99248, 0.996136, 0.999245, 0.99984, 0.997218, 0.992361, 0.987471, 0.984878
0.984878, 0.982044, 0.974891, 0.962794, 0.945921, 0.926003, 0.90637, 0.891132, 0.883916
0.883916, 0.876483, 0.859214, 0.833083, 0.800375, 0.765092, 0.732584, 0.708474, 0.697334
0.697334, 0.686022, 0.66031, 0.622676, 0.577302, 0.53007, 0.487837, 0.45719, 0.443205
0.443205, 0.429111, 0.397445, 0.351954, 0.298309, 0.243704, 0.195836, 0.161621, 0.146145
0.146145, 0.130633, 0.0960825, 0.0471403, -0.00957922, -0.0662679, -0.115134, -0.149603, -0.16507
-0.16507, -0.180497, -0.214587, -0.26224, -0.31654, -0.369821, -0.414952, -0.446336, -0.460297
-0.460297, -0.474145, -0.504471, -0.546218, -0.592839, -0.637552, -0.674576, -0.699835, -0.710937
-0.710937, -0.721864, -0.74549, -0.777287, -0.811713, -0.843527, -0.868857, -0.885545, -0.892713
-0.892713, -0.899661, -0.914297, -0.933065, -0.951962, -0.967794, -0.978978, -0.985478, -0.988017
-0.988017, -0.990313, -0.994542, -0.998463, -0.999999, -0.998317, -0.994271, -0.989953, -0.987617
-0.987617, -0.985039, -0.978452, -0.967145, -0.951173, -0.932139, -0.913255, -0.898538, -0.891553
-0.891553, -0.88435, -0.867584, -0.842146, -0.810212, -0.77567, -0.743777, -0.720086, -0.70913
-0.70913, -0.698, -0.672679, -0.635573, -0.59077, -0.544067, -0.502254, -0.471884, -0.458017
-0.458017, -0.444038, -0.412616, -0.367436, -0.314105, -0.259762, -0.21208, -0.177973, -0.162539
-0.162539, -0.147065, -0.112584, -0.0637072, -0.00701323, 0.0497033, 0.0986364, 0.133177, 0.148683
0.148683, 0.164153, 0.198352, 0.246192, 0.300757, 0.354355, 0.399799, 0.431427, 0.445504
0.445504, 0.459471, 0.490075, 0.532245, 0.579395, 0.624682, 0.662235, 0.687887, 0.699171
0.699171, 0.710283, 0.734328, 0.766741, 0.801911, 0.834499, 0.860524, 0.877716, 0.885113
0.885113, 0.892293, 0.907451, 0.926969, 0.94675, 0.963484, 0.975459, 0.982525, 0.98532

-0.200092, -0.215413, -0.249236, -0.296442, -0.350123, -0.402677, -0.447093, -0.477923, -0.491622
-0.491622, -0.505201, -0.534902, -0.575704, -0.621144, -0.664586, -0.700439, -0.724831, -0.735532
-0.735532, -0.746053, -0.768755, -0.799201, -0.831999, -0.86212, -0.885938, -0.901529, -0.908195
-0.908195, -0.914639, -0.928143, -0.945284, -0.962264, -0.976146, -0.985621, -0.9909, -0.992887
-0.992887, -0.99463, -0.997627, -0.999803, -0.999319, -0.995619, -0.989833, -0.984289, -0.981403
-0.981403, -0.978277, -0.970477, -0.957477, -0.939576, -0.918652, -0.898166, -0.882336, -0.874857
-0.874857, -0.867163, -0.849323, -0.822406, -0.788822, -0.7527, -0.719499, -0.694916, -0.683569
-0.683569, -0.672053, -0.6459, -0.607673, -0.56166, -0.513839, -0.471138, -0.440184, -0.426067
-0.426067, -0.411845, -0.379912, -0.334079, -0.280093, -0.225205, -0.177141, -0.142814, -0.127294
-0.127294, -0.111744, -0.0771244, -0.0281241, 0.0286054, 0.0852428, 0.134015, 0.16839, 0.183808
0.183808, 0.199181, 0.233134, 0.280555, 0.334533, 0.387434, 0.43219, 0.463283, 0.477106
0.477106, 0.490813, 0.520809, 0.562058, 0.608056, 0.652096, 0.688501, 0.713301, 0.72419
0.72419, 0.734902, 0.758038, 0.789118, 0.82268, 0.853594, 0.878121, 0.894225, 0.901126
0.901126, 0.907806, 0.921839, 0.939741, 0.957616, 0.972409, 0.982682, 0.988531, 0.990775
0.990775, 0.992776, 0.996347, 0.999337, 0.999794, 0.997033, 0.992057, 0.987083, 0.984453
0.984453, 0.981581, 0.974345, 0.962133, 0.945127, 0.92508, 0.905337, 0.890023, 0.882773
0.882773, 0.875307, 0.857964, 0.831732, 0.798912, 0.76352, 0.730923, 0.706752, 0.695585
0.695585, 0.684247, 0.658477, 0.620767, 0.57531, 0.528002, 0.485708, 0.455021, 0.441019
0.441019, 0.426908, 0.395208, 0.349672, 0.295982, 0.24134, 0.193446, 0.159216, 0.143734
0.143734, 0.128217, 0.0936563, 0.0447056, -0.0120163, -0.0686996, -0.117555, -0.152012, -0.167474
-0.167474, -0.182894, -0.216967, -0.264591, -0.318851, -0.372084, -0.417168, -0.448516, -0.462459
-0.462459, -0.476289, -0.506574, -0.548258, -0.5948, -0.639428, -0.676373, -0.701574, -0.712649
-0.712649, -0.723549, -0.747112, -0.778818, -0.813134, -0.844833, -0.870061, -0.886675, -0.893808
-0.893808, -0.900722, -0.915282, -0.933939, -0.952705, -0.968405, -0.979472, -0.985889, -0.98839
-0.98839, -0.990648, -0.994793, -0.998595, -0.999993, -0.998173, -0.994008, -0.989606, -0.987232
-0.987232, -0.984616, -0.977945, -0.966523, -0.950418, -0.931254, -0.912259, -0.897465, -0.890447
-0.890447, -0.88321, -0.86637, -0.840829, -0.808781, -0.77413, -0.742145, -0.718393, -0.707409
-0.707409, -0.696252, -0.670874, -0.633689, -0.588802, -0.54202, -0.500145, -0.469733, -0.455849
-0.455849, -0.441853, -0.410394, -0.365168, -0.31179, -0.257408, -0.209698, -0.175574, -0.160134
-0.160134, -0.144654, -0.110162, -0.0612747, -0.00457603, 0.0521374, 0.101061, 0.135592, 0.151093
0.151093, 0.166557, 0.20074, 0.248554, 0.303081, 0.356633, 0.402031, 0.433624, 0.447684
0.447684, 0.461634, 0.492199, 0.534306, 0.58138, 0.626583, 0.664059, 0.689654, 0.700911

0.408774, 0.394431, 0.362241, 0.316083, 0.261775, 0.206625, 0.158381, 0.123954, 0.108397
0.108397, 0.0928143, 0.0581384, 0.00909783, -0.0476211, -0.104187, -0.152848, -0.187117, -0.202479
-0.202479, -0.217792, -0.251596, -0.298769, -0.352404, -0.404906, -0.449271, -0.480063, -0.493743
-0.493743, -0.507303, -0.536959, -0.577695, -0.623052, -0.666405, -0.702176, -0.726508, -0.737181
-0.737181, -0.747674, -0.770311, -0.800664, -0.833349, -0.863353, -0.887066, -0.902581, -0.909213
-0.909213, -0.915622, -0.929047, -0.946077, -0.962924, -0.976672, -0.98603, -0.991225, -0.993174
-0.993174, -0.994879, -0.997792, -0.999849, -0.999226, -0.995388, -0.989484, -0.983856, -0.980933
-0.980933, -0.977768, -0.969886, -0.956771, -0.938739, -0.917686, -0.897092, -0.881187, -0.873674
-0.873674, -0.865947, -0.848034, -0.821017, -0.787322, -0.751093, -0.717804, -0.693162, -0.681788
-0.681788, -0.670246, -0.644037, -0.605736, -0.559642, -0.511746, -0.468987, -0.437994, -0.423861
-0.423861, -0.409623, -0.377656, -0.331781, -0.277752, -0.22283, -0.174741, -0.140401, -0.124877
-0.124877, -0.109322, -0.0746942, -0.0256878, 0.0310415, 0.0876709, 0.13643, 0.170792, 0.186203
0.186203, 0.201569, 0.235503, 0.282893, 0.336828, 0.38968, 0.434386, 0.465442, 0.479247
0.479247, 0.492935, 0.522889, 0.564072, 0.609989, 0.653942, 0.690266, 0.715007, 0.725869
0.725869, 0.736553, 0.759625, 0.790613, 0.824063, 0.854861, 0.879284, 0.895313, 0.90218
0.90218, 0.908825, 0.922781, 0.940572, 0.958315, 0.972975, 0.983131, 0.988896, 0.991102
0.991102, 0.993065, 0.996552, 0.999422, 0.999741, 0.996843, 0.991747, 0.98669, 0.984022
0.984022, 0.981113, 0.973794, 0.961465, 0.944328, 0.924152, 0.904299, 0.888909, 0.881626
0.881626, 0.874126, 0.85671, 0.830377, 0.797443, 0.761944, 0.729257, 0.705025, 0.693832
0.693832, 0.682468, 0.656641, 0.618854, 0.573315, 0.525931, 0.483576, 0.45285, 0.43883
0.43883, 0.424703, 0.392968, 0.347387, 0.293653, 0.238974, 0.191054, 0.156809, 0.141321
0.141321, 0.125799, 0.0912295, 0.0422707, -0.0144533, -0.0711308, -0.119975, -0.154421, -0.169876
-0.169876, -0.18529, -0.219345, -0.26694, -0.32116, -0.374346, -0.419382, -0.450693, -0.464619
-0.464619, -0.478431, -0.508674, -0.550294, -0.596757, -0.6413, -0.678166, -0.703309, -0.714356
-0.714356, -0.725229, -0.74873, -0.780345, -0.81455, -0.846135, -0.87126, -0.887799, -0.894899
-0.894899, -0.901778, -0.916261, -0.934808, -0.953443, -0.96901, -0.979961, -0.986294, -0.988757
-0.988757, -0.990978, -0.995039, -0.998721, -0.999981, -0.998023, -0.993738, -0.989252, -0.986841
-0.986841, -0.984187, -0.977433, -0.965894, -0.949657, -0.930363, -0.911258, -0.896388, -0.889335
-0.889335, -0.882064, -0.86515, -0.839507, -0.807345, -0.772584, -0.74051, -0.716695, -0.705685
-0.705685, -0.694501, -0.669064, -0.631802, -0.58683, -0.53997, -0.498033, -0.46758, -0.453679
-0.453679, -0.439665, -0.408171, -0.362898, -0.309473, -0.255052, -0.207314, -0.173174, -0.157727
-0.157727, -0.142242, -0.10774, -0.0588419, -0.00213881, 0.0545712, 0.103486, 0.138007, 0.153502

0.864258, 0.856273, 0.837796, 0.810005, 0.775448, 0.738395, 0.704425, 0.679321, 0.667744
0.667744, 0.656003, 0.629364, 0.590486, 0.543771, 0.495306, 0.452096, 0.420809, 0.406549
0.406549, 0.39219, 0.359968, 0.31377, 0.259422, 0.204239, 0.155974, 0.121535, 0.105974
0.105974, 0.0903873, 0.0557051, 0.00666067, -0.0500555, -0.106611, -0.155256, -0.18951, -0.204866
-0.204866, -0.22017, -0.253954, -0.301094, -0.354684, -0.407134, -0.451447, -0.482199, -0.495861
-0.495861, -0.509402, -0.539014, -0.579683, -0.624957, -0.66822, -0.70391, -0.728181, -0.738826
-0.738826, -0.74929, -0.771863, -0.802121, -0.834694, -0.86458, -0.888188, -0.903627, -0.910225
-0.910225, -0.916599, -0.929946, -0.946863, -0.963579, -0.977193, -0.986433, -0.991545, -0.993455
-0.993455, -0.995123, -0.997951, -0.999888, -0.999127, -0.995151, -0.989128, -0.983417, -0.980456
-0.980456, -0.977254, -0.96929, -0.95606, -0.937896, -0.916715, -0.896012, -0.880032, -0.872486
-0.872486, -0.864725, -0.84674, -0.819623, -0.785817, -0.749482, -0.716105, -0.691403, -0.680003
-0.680003, -0.668436, -0.642171, -0.603795, -0.55762, -0.509651, -0.466833, -0.435802, -0.421652
-0.421652, -0.407398, -0.375398, -0.329481, -0.27541, -0.220453, -0.172341, -0.137987, -0.122458
-0.122458, -0.106899, -0.0722636, -0.0232513, 0.0334775, 0.0900985, 0.138844, 0.173193, 0.188597
0.188597, 0.203955, 0.237871, 0.28523, 0.339122, 0.391923, 0.43658, 0.467598, 0.481385
0.481385, 0.495054, 0.524964, 0.566083, 0.611918, 0.655784, 0.692028, 0.716708, 0.727543
0.727543, 0.738199, 0.761208, 0.792103, 0.825441, 0.856123, 0.880442, 0.896396, 0.903228
0.903228, 0.909839, 0.923717, 0.941396, 0.959009, 0.973535, 0.983574, 0.989255, 0.991424
0.991424, 0.993349, 0.996752, 0.999502, 0.999683, 0.996646, 0.991432, 0.986291, 0.983585
0.983585, 0.980639, 0.973237, 0.960792, 0.943523, 0.923218, 0.903256, 0.88779, 0.880473
0.880473, 0.87294, 0.85545, 0.829016, 0.79597, 0.760363, 0.727587, 0.703295, 0.692074
0.692074, 0.680684, 0.654801, 0.616938, 0.571316, 0.523856, 0.481441, 0.450675, 0.436639
0.436639, 0.422495, 0.390725, 0.345101, 0.291322, 0.236607, 0.188661, 0.154402, 0.138908
0.138908, 0.123381, 0.0888021, 0.0398355, -0.0168903, -0.0735617, -0.122394, -0.156828, -0.172277
-0.172277, -0.187684, -0.221723, -0.269288, -0.323467, -0.376604, -0.421593, -0.452867, -0.466775
-0.466775, -0.480569, -0.51077, -0.552328, -0.598711, -0.643168, -0.679955, -0.705039, -0.71606
-0.71606, -0.726905, -0.750343, -0.781866, -0.815962, -0.847431, -0.872454, -0.888918, -0.895984
-0.895984, -0.902829, -0.917234, -0.93567, -0.954175, -0.969609, -0.980443, -0.986693, -0.989119
-0.989119, -0.991302, -0.995278, -0.998841, -0.999963, -0.997867, -0.993463, -0.988893, -0.986444
-0.986444, -0.983753, -0.976916, -0.965261, -0.94889, -0.929467, -0.910252, -0.895305, -0.888218
-0.888218, -0.880913, -0.863925, -0.838181, -0.805904, -0.771035, -0.73887, -0.714993, -0.703956
-0.703956, -0.692745, -0.667251, -0.629911, -0.584855, -0.537917, -0.495918, -0.465425, -0.451505

0.995449, 0.99682, 0.998988, 0.999992, 0.998152, 0.993099, 0.986151, 0.979788, 0.976535
0.976535, 0.973042, 0.964435, 0.950308, 0.931125, 0.908946, 0.887401, 0.870835, 0.863029
0.863029, 0.855012, 0.836463, 0.808573, 0.773906, 0.736749, 0.702693, 0.67753, 0.665927
0.665927, 0.654162, 0.627468, 0.588517, 0.541724, 0.493187, 0.44992, 0.418596, 0.404321
0.404321, 0.389947, 0.357693, 0.311455, 0.257067, 0.201853, 0.153566, 0.119116, 0.10355
0.10355, 0.0879597, 0.0532715, 0.00422346, -0.0524895, -0.109034, -0.157663, -0.191903, -0.207251
-0.207251, -0.222547, -0.256311, -0.303417, -0.356962, -0.409358, -0.453621, -0.484333, -0.497976
-0.497976, -0.511497, -0.541065, -0.581667, -0.626858, -0.670031, -0.705639, -0.729849, -0.740466
-0.740466, -0.750902, -0.77341, -0.803574, -0.836033, -0.865802, -0.889305, -0.904668, -0.911231
-0.911231, -0.917571, -0.930839, -0.947644, -0.964228, -0.977708, -0.98683, -0.991858, -0.993731
-0.993731, -0.99536, -0.998104, -0.999922, -0.999023, -0.994908, -0.988767, -0.982972, -0.979974
-0.979974, -0.976735, -0.968688, -0.955342, -0.937048, -0.915738, -0.894927, -0.878872, -0.871292
-0.871292, -0.863499, -0.84544, -0.818225, -0.784307, -0.747866, -0.714402, -0.68964, -0.678214
-0.678214, -0.666621, -0.6403, -0.60185, -0.555596, -0.507553, -0.464676, -0.433607, -0.419441
-0.419441, -0.405171, -0.373138, -0.327178, -0.273066, -0.218075, -0.16994, -0.135573, -0.120039
-0.120039, -0.104475, -0.0698325, -0.0208146, 0.0359132, 0.0925255, 0.141257, 0.175593, 0.19099
0.19099, 0.206341, 0.240238, 0.287565, 0.341414, 0.394164, 0.438772, 0.469751, 0.483519
0.483519, 0.49717, 0.527037, 0.568091, 0.613844, 0.657622, 0.693785, 0.718406, 0.729213
0.729213, 0.739841, 0.762786, 0.793588, 0.826815, 0.85738, 0.881595, 0.897474, 0.904272
0.904272, 0.910848, 0.924648, 0.942216, 0.959697, 0.974089, 0.984011, 0.989609, 0.991739
0.991739, 0.993627, 0.996945, 0.999576, 0.999618, 0.996444, 0.991111, 0.985886, 0.983143
0.983143, 0.980158, 0.972674, 0.960114, 0.942713, 0.922279, 0.902208, 0.886666, 0.879315
0.879315, 0.871748, 0.854185, 0.827651, 0.794493, 0.758778, 0.725913, 0.70156, 0.690313
0.690313, 0.678897, 0.652957, 0.615018, 0.569314, 0.521779, 0.479304, 0.448498, 0.434445
0.434445, 0.420285, 0.388481, 0.342812, 0.28899, 0.234238, 0.186267, 0.151993, 0.136494
0.136494, 0.120962, 0.0863743, 0.0374001, -0.0193271, -0.0759921, -0.124812, -0.159235, -0.174678
-0.174678, -0.190078, -0.224099, -0.271635, -0.325772, -0.378861, -0.423802, -0.455039, -0.468929
-0.468929, -0.482705, -0.512864, -0.554358, -0.600662, -0.645032, -0.68174, -0.706765, -0.717759
-0.717759, -0.728576, -0.751952, -0.783384, -0.817368, -0.848723, -0.873642, -0.890032, -0.897063
-0.897063, -0.903874, -0.918202, -0.936528, -0.954902, -0.970203, -0.98092, -0.987087, -0.989474
-0.989474, -0.991619, -0.995512, -0.998956, -0.999939, -0.997705, -0.993182, -0.988528, -0.986041
-0.986041, -0.983312, -0.976392, -0.964621, -0.948118, -0.928565, -0.90924, -0.894216, -0.887096

0.753121, 0.763333, 0.785333, 0.814755, 0.846323, 0.875167, 0.897846, 0.912613, 0.918904
0.918904, 0.92497, 0.937625, 0.953549, 0.969097, 0.981526, 0.98973, 0.994102, 0.995678
0.995678, 0.997011, 0.999094, 0.999979, 0.998001, 0.992811, 0.985744, 0.979298, 0.976007
0.976007, 0.972477, 0.963788, 0.949546, 0.930234, 0.907927, 0.886275, 0.869635, 0.861796
0.861796, 0.853745, 0.835125, 0.807137, 0.772361, 0.735099, 0.700957, 0.675735, 0.664107
0.664107, 0.652316, 0.625568, 0.586545, 0.539673, 0.491065, 0.447742, 0.416382, 0.402091
0.402091, 0.387701, 0.355416, 0.309138, 0.254711, 0.199465, 0.151157, 0.116695, 0.101126
0.101126, 0.0855317, 0.0508376, 0.00178624, -0.0549232, -0.111456, -0.16007, -0.194294, -0.209634
-0.209634, -0.224923, -0.258666, -0.305738, -0.359238, -0.411581, -0.455791, -0.486464, -0.500088
-0.500088, -0.51359, -0.543113, -0.583648, -0.628755, -0.671838, -0.707363, -0.731513, -0.742102
-0.742102, -0.752509, -0.774953, -0.805023, -0.837368, -0.867019, -0.890417, -0.905704, -0.912232
-0.912232, -0.918537, -0.931727, -0.94842, -0.964871, -0.978216, -0.987222, -0.992165, -0.994
-0.994, -0.995592, -0.998251, -0.999949, -0.998912, -0.99466, -0.9884, -0.982521, -0.979485
-0.979485, -0.976209, -0.96808, -0.954619, -0.936194, -0.914756, -0.893837, -0.877706, -0.870093
-0.870093, -0.862267, -0.844136, -0.816821, -0.782793, -0.746246, -0.712694, -0.687873, -0.676421
-0.676421, -0.664802, -0.638426, -0.599902, -0.553567, -0.505451, -0.462516, -0.43141, -0.417227
-0.417227, -0.402942, -0.370876, -0.324874, -0.270721, -0.215696, -0.167538, -0.133158, -0.117619
-0.117619, -0.102051, -0.067401, -0.0183779, 0.0383488, 0.0949521, 0.14367, 0.177992, 0.193382
0.193382, 0.208725, 0.242603, 0.289899, 0.343704, 0.396403, 0.440961, 0.471901, 0.485651
0.485651, 0.499283, 0.529107, 0.570095, 0.615766, 0.659456, 0.695538, 0.720099, 0.730878
0.730878, 0.741478, 0.76436, 0.795069, 0.828183, 0.858632, 0.882743, 0.898546, 0.90531
0.90531, 0.911851, 0.925574, 0.943029, 0.960379, 0.974637, 0.984442, 0.989956, 0.992049
0.992049, 0.993898, 0.997132, 0.999644, 0.999548, 0.996235, 0.990784, 0.985475, 0.982694
0.982694, 0.979672, 0.972105, 0.959429, 0.941897, 0.921334, 0.901154, 0.885536, 0.878152
0.878152, 0.870551, 0.852915, 0.82628, 0.79301, 0.757188, 0.724235, 0.699821, 0.688548
0.688548, 0.677105, 0.651109, 0.613094, 0.567309, 0.519698, 0.477163, 0.446319, 0.432248
0.432248, 0.418072, 0.386234, 0.340522, 0.286656, 0.231868, 0.183872, 0.149584, 0.134079
0.134079, 0.118542, 0.0839459, 0.0349644, -0.0217638, -0.0784221, -0.12723, -0.16164, -0.177077
-0.177077, -0.19247, -0.226473, -0.27398, -0.328075, -0.381116, -0.426008, -0.457207, -0.471081
-0.471081, -0.484838, -0.514955, -0.556385, -0.602608, -0.646893, -0.683521, -0.708488, -0.719454
-0.719454, -0.730244, -0.753556, -0.784896, -0.81877, -0.850009, -0.874826, -0.891141, -0.898138
-0.898138, -0.904914, -0.919165, -0.937379, -0.955622, -0.97079, -0.981391, -0.987474, -0.989824

0.228202, 0.243423, 0.277, 0.323801, 0.376931, 0.428849, 0.472646, 0.503001, 0.516476
0.516476, 0.529824, 0.558993, 0.598994, 0.643438, 0.685811, 0.720686, 0.744355, 0.754722
0.754722, 0.764905, 0.786839, 0.816166, 0.847618, 0.876343, 0.898917, 0.913607, 0.919863
0.919863, 0.925893, 0.938469, 0.954281, 0.969695, 0.981989, 0.990075, 0.994363, 0.995902
0.995902, 0.997196, 0.999195, 0.99996, 0.997844, 0.992516, 0.985331, 0.978801, 0.975473
0.975473, 0.971906, 0.963135, 0.948779, 0.929337, 0.906903, 0.885143, 0.868429, 0.860557
0.860557, 0.852474, 0.833782, 0.805696, 0.77081, 0.733444, 0.699217, 0.673937, 0.662283
0.662283, 0.650467, 0.623665, 0.584569, 0.53762, 0.488941, 0.445562, 0.414165, 0.399858
0.399858, 0.385453, 0.353137, 0.306819, 0.252354, 0.197076, 0.148747, 0.114275, 0.0987009
0.0987009, 0.0831031, 0.0484033, -0.000651, -0.0573566, -0.113878, -0.162475, -0.196685, -0.212017
-0.212017, -0.227297, -0.261019, -0.308058, -0.361511, -0.413801, -0.457959, -0.488592, -0.502198
-0.502198, -0.51568, -0.545158, -0.585625, -0.630648, -0.673642, -0.709084, -0.733172, -0.743733
-0.743733, -0.754112, -0.776491, -0.806466, -0.838698, -0.868231, -0.891524, -0.906735, -0.913228
-0.913228, -0.919498, -0.93261, -0.94919, -0.965508, -0.978719, -0.987607, -0.992467, -0.994264
-0.994264, -0.995817, -0.998392, -0.999971, -0.998795, -0.994405, -0.988027, -0.982065, -0.978991
-0.978991, -0.975678, -0.967466, -0.953891, -0.935335, -0.913769, -0.892742, -0.876536, -0.86889
-0.86889, -0.86103, -0.842827, -0.815413, -0.781274, -0.744621, -0.710982, -0.686102, -0.674624
-0.674624, -0.66298, -0.636549, -0.59795, -0.551536, -0.503347, -0.460354, -0.429209, -0.415011
-0.415011, -0.40071, -0.368612, -0.322568, -0.268374, -0.213316, -0.165134, -0.130742, -0.115198
-0.115198, -0.0996262, -0.0649691, -0.015941, 0.0407841, 0.097378, 0.146081, 0.18039, 0.195773
0.195773, 0.211108, 0.244966, 0.292231, 0.345992, 0.398639, 0.443147, 0.474048, 0.48778
0.48778, 0.501393, 0.531174, 0.572095, 0.617685, 0.661287, 0.697287, 0.721788, 0.73254
0.73254, 0.743112, 0.765929, 0.796545, 0.829547, 0.859879, 0.883886, 0.899613, 0.906342
0.906342, 0.912849, 0.926493, 0.943837, 0.961055, 0.97518, 0.984867, 0.990298, 0.992353
0.992353, 0.994164, 0.997314, 0.999706, 0.999472, 0.996021, 0.99045, 0.985058, 0.98224
0.98224, 0.979181, 0.97153, 0.958739, 0.941076, 0.920383, 0.900095, 0.884401, 0.876983
0.876983, 0.869349, 0.851641, 0.824905, 0.791523, 0.755594, 0.722552, 0.698078, 0.686778
0.686778, 0.67531, 0.649257, 0.611167, 0.5653, 0.517614, 0.47502, 0.444136, 0.430049
0.430049, 0.415856, 0.383984, 0.338229, 0.28432, 0.229496, 0.181476, 0.147173, 0.131664
0.131664, 0.116122, 0.081517, 0.0325286, -0.0242004, -0.0808516, -0.129647, -0.164045, -0.179475
-0.179475, -0.194861, -0.228846, -0.276323, -0.330377, -0.383368, -0.428212, -0.459374, -0.473229
-0.473229, -0.486969, -0.517043, -0.558408, -0.604552, -0.648749, -0.685298, -0.710205, -0.721144

-0.382344, -0.367825, -0.335271, -0.288652, -0.233895, -0.178385, -0.129903, -0.0953497, -0.0797472
-0.0797472, -0.0641252, -0.0293881, 0.0196796, 0.0763436, 0.132762, 0.181221, 0.215306, 0.230574
0.230574, 0.245786, 0.279341, 0.326105, 0.379187, 0.431049, 0.474793, 0.505106, 0.518562
0.518562, 0.53189, 0.561012, 0.600943, 0.645302, 0.687583, 0.722373, 0.74598, 0.756319
0.756319, 0.766472, 0.788341, 0.817572, 0.848909, 0.877515, 0.899982, 0.914595, 0.920816
0.920816, 0.926811, 0.939308, 0.955006, 0.970288, 0.982447, 0.990415, 0.994619, 0.996119
0.996119, 0.997376, 0.99929, 0.999935, 0.997681, 0.992215, 0.984912, 0.978299, 0.974934
0.974934, 0.97133, 0.962476, 0.948006, 0.928434, 0.905874, 0.884006, 0.867218, 0.859313
0.859313, 0.851197, 0.832434, 0.80425, 0.769255, 0.731785, 0.697472, 0.672134, 0.660455
0.660455, 0.648614, 0.621758, 0.58259, 0.535563, 0.486813, 0.443378, 0.411945, 0.397623
0.397623, 0.383203, 0.350856, 0.304498, 0.249995, 0.194686, 0.146337, 0.111853, 0.0962753
0.0962753, 0.0806741, 0.0459688, -0.00308823, -0.0597897, -0.116299, -0.164879, -0.199074, -0.214398
-0.214398, -0.22967, -0.263371, -0.310376, -0.363782, -0.416018, -0.460125, -0.490717, -0.504304
-0.504304, -0.517766, -0.5472, -0.587599, -0.632538, -0.675441, -0.710801, -0.734828, -0.74536
-0.74536, -0.75571, -0.778024, -0.807905, -0.840023, -0.869437, -0.892625, -0.90776, -0.914219
-0.914219, -0.920453, -0.933486, -0.949954, -0.96614, -0.979217, -0.987987, -0.992763, -0.994522
-0.994522, -0.996037, -0.998527, -0.999986, -0.998673, -0.994145, -0.987648, -0.981602, -0.978491
-0.978491, -0.975141, -0.966846, -0.953156, -0.93447, -0.912776, -0.891641, -0.87536, -0.867681
-0.867681, -0.859788, -0.841513, -0.813999, -0.779751, -0.742992, -0.709266, -0.684327, -0.672822
-0.672822, -0.661153, -0.634667, -0.595995, -0.549501, -0.501239, -0.458189, -0.427007, -0.412792
-0.412792, -0.398476, -0.366345, -0.32026, -0.266025, -0.210934, -0.16273, -0.128325, -0.112777
-0.112777, -0.0972008, -0.0625368, -0.013504, 0.0432192, 0.0998034, 0.148492, 0.182786, 0.198162
0.198162, 0.21349, 0.247329, 0.294561, 0.348277, 0.400873, 0.44533, 0.476193, 0.489907
0.489907, 0.5035, 0.533237, 0.574093, 0.6196, 0.663113, 0.699032, 0.723473, 0.734197
0.734197, 0.74474, 0.767494, 0.798016, 0.830905, 0.861121, 0.885023, 0.900675, 0.907369
0.907369, 0.913841, 0.927408, 0.94464, 0.961726, 0.975717, 0.985287, 0.990633, 0.992651
0.992651, 0.994424, 0.997489, 0.999762, 0.99939, 0.995801, 0.990112, 0.984635, 0.981779
0.981779, 0.978683, 0.97095, 0.958044, 0.940249, 0.919428, 0.89903, 0.883261, 0.875809
0.875809, 0.868142, 0.850361, 0.823525, 0.790031, 0.753995, 0.720865, 0.696331, 0.685005
0.685005, 0.67351, 0.647402, 0.609236, 0.563288, 0.515527, 0.472874, 0.441951, 0.427848
0.427848, 0.413639, 0.381733, 0.335934, 0.281983, 0.227123, 0.179078, 0.144762, 0.129247
0.129247, 0.113701, 0.0790876, 0.0300925, -0.0266369, -0.0832806, -0.132063, -0.166449, -0.181872

-0.849425, -0.841056, -0.821739, -0.792795, -0.756958, -0.718684, -0.68371, -0.657923, -0.646047
-0.646047, -0.634013, -0.606742, -0.567019, -0.519397, -0.470103, -0.426242, -0.394531, -0.380091
-0.380091, -0.365558, -0.332973, -0.286318, -0.231525, -0.175986, -0.127487, -0.0929233, -0.0773175
-0.0773175, -0.0616928, -0.0269519, 0.0221163, 0.0787735, 0.135177, 0.183618, 0.217685, 0.232945
0.232945, 0.248148, 0.28168, 0.328409, 0.381442, 0.433247, 0.476936, 0.507208, 0.520644
0.520644, 0.533952, 0.563028, 0.60289, 0.647162, 0.689351, 0.724057, 0.747601, 0.757911
0.757911, 0.768036, 0.789838, 0.818972, 0.850195, 0.878681, 0.901042, 0.915578, 0.921764
0.921764, 0.927724, 0.940141, 0.955726, 0.970875, 0.982899, 0.990749, 0.994868, 0.996331
0.996331, 0.997549, 0.999379, 0.999904, 0.997512, 0.991909, 0.984487, 0.977791, 0.974389
0.974389, 0.970747, 0.961812, 0.947228, 0.927526, 0.904839, 0.882864, 0.866002, 0.858064
0.858064, 0.849915, 0.831081, 0.802799, 0.767696, 0.730122, 0.695724, 0.670328, 0.658623
0.658623, 0.646757, 0.619847, 0.580607, 0.533503, 0.484683, 0.441193, 0.409723, 0.395385
0.395385, 0.380951, 0.348573, 0.302176, 0.247634, 0.192295, 0.143925, 0.109431, 0.0938491
0.0938491, 0.0782445, 0.043534, -0.00552545, -0.0622224, -0.118719, -0.167283, -0.201461, -0.216778
-0.216778, -0.232041, -0.265721, -0.312692, -0.366052, -0.418233, -0.462287, -0.492839, -0.506407
-0.506407, -0.51985, -0.549238, -0.589569, -0.634424, -0.677236, -0.712513, -0.736479, -0.746983
-0.746983, -0.757304, -0.779553, -0.809339, -0.841343, -0.870639, -0.893721, -0.90878, -0.915203
-0.915203, -0.921403, -0.934358, -0.950712, -0.966766, -0.979708, -0.98836, -0.993052, -0.994774
-0.994774, -0.996251, -0.998656, -0.999996, -0.998544, -0.993879, -0.987263, -0.981134, -0.977986
-0.977986, -0.974598, -0.966221, -0.952416, -0.933599, -0.911778, -0.890535, -0.874179, -0.866466
-0.866466, -0.858541, -0.840194, -0.812581, -0.778222, -0.741359, -0.707546, -0.682548, -0.671017
-0.671017, -0.659322, -0.632782, -0.594036, -0.547463, -0.499129, -0.456022, -0.424802, -0.410571
-0.410571, -0.396239, -0.364076, -0.317951, -0.263675, -0.208551, -0.160325, -0.125908, -0.110355
-0.110355, -0.0947748, -0.0601042, -0.011067, 0.0456541, 0.102228, 0.150902, 0.185182, 0.200551
0.200551, 0.21587, 0.249689, 0.296889, 0.350561, 0.403105, 0.447511, 0.478334, 0.49203
0.49203, 0.505605, 0.535297, 0.576087, 0.621511, 0.664935, 0.700773, 0.725153, 0.735849
0.735849, 0.746365, 0.769054, 0.799482, 0.832259, 0.862357, 0.886155, 0.901731, 0.908391
0.908391, 0.914828, 0.928317, 0.945437, 0.962391, 0.976248, 0.9857, 0.990963, 0.992943
0.992943, 0.994678, 0.997659, 0.999813, 0.999302, 0.995575, 0.989767, 0.984207, 0.981313
0.981313, 0.978179, 0.970364, 0.957342, 0.939416, 0.918467, 0.89796, 0.882116, 0.87463
0.87463, 0.86693, 0.849076, 0.82214, 0.788535, 0.752392, 0.719174, 0.69458, 0.683227
0.683227, 0.671706, 0.645542, 0.607302, 0.561273, 0.513437, 0.470725, 0.439764, 0.425643

-0.997779, -0.9987, -0.999868, -0.99946, -0.99599, -0.989313, -0.98097, -0.973626, -0.969933
-0.969934, -0.966003, -0.95643, -0.940956, -0.920246, -0.896573, -0.873768, -0.85633, -0.848136
-0.848136, -0.839735, -0.820347, -0.791308, -0.755363, -0.716987, -0.681929, -0.656086, -0.644185
-0.644185, -0.632127, -0.604803, -0.565009, -0.517312, -0.467951, -0.424036, -0.39229, -0.377836
-0.377836, -0.363288, -0.330674, -0.283982, -0.229153, -0.173587, -0.125069, -0.0904964, -0.0748874
-0.0748874, -0.05926, -0.0245154, 0.0245529, 0.081203, 0.137592, 0.186013, 0.220064, 0.235315
0.235315, 0.250508, 0.284018, 0.33071, 0.383693, 0.435442, 0.479077, 0.509307, 0.522723
0.522723, 0.536011, 0.56504, 0.604832, 0.649018, 0.691114, 0.725735, 0.749217, 0.759499
0.759499, 0.769594, 0.79133, 0.820369, 0.851475, 0.879842, 0.902096, 0.916555, 0.922706
0.922706, 0.928631, 0.940969, 0.956441, 0.971456, 0.983345, 0.991076, 0.995112, 0.996536
0.996536, 0.997717, 0.999462, 0.999868, 0.997337, 0.991596, 0.984057, 0.977278, 0.973838
0.973838, 0.970159, 0.961142, 0.946444, 0.926612, 0.903798, 0.881717, 0.86478, 0.85681
0.85681, 0.848629, 0.829723, 0.801343, 0.766132, 0.728454, 0.693971, 0.668517, 0.656787
0.656787, 0.644896, 0.617933, 0.578621, 0.531441, 0.482549, 0.439004, 0.407498, 0.393146
0.393146, 0.378696, 0.346287, 0.299852, 0.245272, 0.189903, 0.141513, 0.107008, 0.0914223
0.0914223, 0.0758146, 0.041099, -0.00796263, -0.0646547, -0.121139, -0.169685, -0.203848, -0.219156
-0.219156, -0.234411, -0.26807, -0.315006, -0.368319, -0.420446, -0.464447, -0.494958, -0.508507
-0.508507, -0.521931, -0.551273, -0.591536, -0.636306, -0.679027, -0.714221, -0.738125, -0.748601
-0.748601, -0.758894, -0.781077, -0.810768, -0.842658, -0.871835, -0.894812, -0.909794, -0.916183
-0.916183, -0.922347, -0.935223, -0.951465, -0.967386, -0.980194, -0.988728, -0.993336, -0.995019
-0.995019, -0.996459, -0.99878, -1, -0.99841, -0.993606, -0.986872, -0.98066, -0.977474
-0.977474, -0.974049, -0.96559, -0.95167, -0.932723, -0.910774, -0.889424, -0.872993, -0.865247
-0.865247, -0.857289, -0.83887, -0.811158, -0.776689, -0.739721, -0.705822, -0.680764, -0.669208
-0.669208, -0.657488, -0.630893, -0.592074, -0.545422, -0.497015, -0.453851, -0.422594, -0.408347
-0.408347, -0.394, -0.361805, -0.315639, -0.261323, -0.206167, -0.157919, -0.12349, -0.107932
-0.107932, -0.0923483, -0.0576712, -0.00862983, 0.0480886, 0.104652, 0.153311, 0.187577, 0.202938
0.202938, 0.218249, 0.252049, 0.299215, 0.352842, 0.405334, 0.449689, 0.480473, 0.49415
0.49415, 0.507706, 0.537354, 0.578077, 0.623418, 0.666754, 0.702509, 0.726829, 0.737497
0.737497, 0.747984, 0.770609, 0.800944, 0.833608, 0.863589, 0.887282, 0.902782, 0.909407
0.909407, 0.91581, 0.92922, 0.946228, 0.96305, 0.976773, 0.986108, 0.991287, 0.993229
0.993229, 0.994926, 0.997823, 0.999857, 0.999208, 0.995343, 0.989416, 0.983772, 0.980842
0.980842, 0.97767, 0.969772, 0.956635, 0.938578, 0.9175, 0.896885, 0.880965, 0.873446

-0.77174, -0.781605, -0.802821, -0.831101, -0.8613, -0.888726, -0.910144, -0.923999, -0.929875
-0.929875, -0.935522, -0.94724, -0.961822, -0.975794, -0.986625, -0.993433, -0.996811, -0.997938
-0.997938, -0.998821, -0.999905, -0.999377, -0.995769, -0.988955, -0.980494, -0.973067, -0.969337
-0.969337, -0.96537, -0.955715, -0.940129, -0.919289, -0.895491, -0.87258, -0.855069, -0.846843
-0.846843, -0.838409, -0.818951, -0.789815, -0.753763, -0.715286, -0.680145, -0.654244, -0.642319
-0.642319, -0.630236, -0.60286, -0.562997, -0.515225, -0.465795, -0.421827, -0.390047, -0.375578
-0.375578, -0.361016, -0.328373, -0.281644, -0.22678, -0.171186, -0.12265, -0.0880689, -0.0724567
-0.0724567, -0.0568268, -0.0220789, 0.0269893, 0.0836319, 0.140005, 0.188407, 0.22244, 0.237683
0.237683, 0.252867, 0.286354, 0.333009, 0.385943, 0.437635, 0.481215, 0.511403, 0.5248
0.5248, 0.538067, 0.56705, 0.606771, 0.65087, 0.692874, 0.72741, 0.750829, 0.761082
0.761082, 0.771148, 0.792818, 0.82176, 0.852751, 0.880998, 0.903145, 0.917527, 0.923643
0.923643, 0.929532, 0.941791, 0.957149, 0.972031, 0.983785, 0.991398, 0.995349, 0.996736
0.996736, 0.997878, 0.999539, 0.999825, 0.997156, 0.991278, 0.98362, 0.976758, 0.973281
0.973281, 0.969566, 0.960467, 0.945654, 0.925693, 0.902752, 0.880565, 0.863554, 0.85555
0.85555, 0.847337, 0.82836, 0.799883, 0.764563, 0.726782, 0.692214, 0.666703, 0.654947
0.654947, 0.643032, 0.616015, 0.576632, 0.529374, 0.480413, 0.436813, 0.405271, 0.390903
0.390903, 0.37644, 0.344, 0.297526, 0.242908, 0.187509, 0.1391, 0.104584, 0.088995
0.088995, 0.0733841, 0.0386637, -0.0103998, -0.0670866, -0.123558, -0.172087, -0.206234, -0.221534
-0.221534, -0.23678, -0.270418, -0.317318, -0.370583, -0.422656, -0.466604, -0.497075, -0.510604
-0.510604, -0.524008, -0.553305, -0.593499, -0.638184, -0.680815, -0.715925, -0.739767, -0.750215
-0.750215, -0.760479, -0.782597, -0.812192, -0.843967, -0.873026, -0.895898, -0.910803, -0.917157
-0.917157, -0.923286, -0.936084, -0.952213, -0.968001, -0.980673, -0.98909, -0.993614, -0.995259
-0.995259, -0.996661, -0.998897, -0.999998, -0.998269, -0.993328, -0.986476, -0.98018, -0.976957
-0.976957, -0.973494, -0.964953, -0.950919, -0.931842, -0.909765, -0.888307, -0.871802, -0.864023
-0.864023, -0.856031, -0.83754, -0.809731, -0.775152, -0.738079, -0.704093, -0.678977, -0.667395
-0.667395, -0.65565, -0.629, -0.590108, -0.543378, -0.494899, -0.451678, -0.420384, -0.406121
-0.406121, -0.391759, -0.359532, -0.313325, -0.25897, -0.203781, -0.155512, -0.121071, -0.105509
-0.105509, -0.0899212, -0.0552378, -0.00619266, 0.0505229, 0.107076, 0.155718, 0.18997, 0.205324
0.205324, 0.220627, 0.254407, 0.30154, 0.355122, 0.407561, 0.451865, 0.482609, 0.496268
0.496268, 0.509804, 0.539408, 0.580064, 0.625322, 0.668568, 0.704242, 0.728501, 0.739141
0.739141, 0.7496, 0.77216, 0.802401, 0.834951, 0.864815, 0.888403, 0.903827, 0.910418
0.910418, 0.916786, 0.930118, 0.947014, 0.963704, 0.977292, 0.98651, 0.991605, 0.993509

-0.256123, -0.271232, -0.304534, -0.350891, -0.403427, -0.454666, -0.497808, -0.527663, -0.540902
-0.540902, -0.554009, -0.582621, -0.621787, -0.665198, -0.706469, -0.740336, -0.763262, -0.773287
-0.773287, -0.783123, -0.804272, -0.832454, -0.862536, -0.889841, -0.911152, -0.924928, -0.930769
-0.930769, -0.936381, -0.948018, -0.962487, -0.976324, -0.987019, -0.993709, -0.997002, -0.998092
-0.998092, -0.998936, -0.999936, -0.999288, -0.995542, -0.988591, -0.980012, -0.972503, -0.968736
-0.968736, -0.964731, -0.954995, -0.939295, -0.918327, -0.894404, -0.871387, -0.853802, -0.845544
-0.845544, -0.837078, -0.81755, -0.788318, -0.75216, -0.713581, -0.678356, -0.652399, -0.640449
-0.640449, -0.628342, -0.600913, -0.560981, -0.513135, -0.463637, -0.419616, -0.387802, -0.373318
-0.373318, -0.358742, -0.32607, -0.279305, -0.224406, -0.168784, -0.120231, -0.0856408, -0.0700257
-0.0700257, -0.0543934, -0.0196421, 0.0294256, 0.0860604, 0.142418, 0.1908, 0.224816, 0.24005
0.24005, 0.255224, 0.288688, 0.335306, 0.38819, 0.439825, 0.48335, 0.513496, 0.526873
0.526873, 0.54012, 0.569055, 0.608707, 0.652718, 0.694629, 0.72908, 0.752437, 0.762661
0.762661, 0.772697, 0.794301, 0.823146, 0.854021, 0.882148, 0.904189, 0.918494, 0.924574
0.924574, 0.930428, 0.942608, 0.957852, 0.972601, 0.984219, 0.991714, 0.995581, 0.99693
0.99693, 0.998034, 0.99961, 0.999777, 0.99697, 0.990954, 0.983178, 0.976233, 0.972719
0.972719, 0.968966, 0.959785, 0.944859, 0.924768, 0.901701, 0.879407, 0.862322, 0.854286
0.854286, 0.84604, 0.826992, 0.798418, 0.76299, 0.725106, 0.690453, 0.664884, 0.653104
0.653104, 0.641163, 0.614093, 0.574639, 0.527305, 0.478274, 0.434619, 0.403042, 0.388659
0.388659, 0.37418, 0.34171, 0.295198, 0.240543, 0.185115, 0.136686, 0.10216, 0.0865672
0.0865672, 0.0709532, 0.0362281, -0.0128368, -0.0695182, -0.125976, -0.174487, -0.208618, -0.22391
-0.22391, -0.239147, -0.272763, -0.319628, -0.372846, -0.424864, -0.468758, -0.499188, -0.512698
-0.512698, -0.526082, -0.555334, -0.595459, -0.640058, -0.682598, -0.717624, -0.741405, -0.751824
-0.751824, -0.762059, -0.784112, -0.813612, -0.845272, -0.874212, -0.896978, -0.911806, -0.918126
-0.918126, -0.92422, -0.936938, -0.952954, -0.968609, -0.981147, -0.989446, -0.993886, -0.995494
-0.995494, -0.996857, -0.999009, -0.99999, -0.998123, -0.993044, -0.986073, -0.979694, -0.976434
-0.976434, -0.972934, -0.964311, -0.950162, -0.930955, -0.908751, -0.887185, -0.870605, -0.862793
-0.862793, -0.854769, -0.836206, -0.808298, -0.77361, -0.736432, -0.70236, -0.677186, -0.665578
-0.665578, -0.653808, -0.627103, -0.588139, -0.54133, -0.49278, -0.449502, -0.418171, -0.403893
-0.403893, -0.389516, -0.357256, -0.31101, -0.256615, -0.201394, -0.153103, -0.118651, -0.103085
-0.103085, -0.0874935, -0.0528041, -0.00375545, 0.0529569, 0.109499, 0.158126, 0.192362, 0.207708
0.207708, 0.223003, 0.256763, 0.303863, 0.357399, 0.409785, 0.454038, 0.484743, 0.498382
0.498382, 0.511899, 0.541459, 0.582048, 0.627222, 0.670378, 0.70597, 0.730169, 0.740781

0.355597, 0.340915, 0.308022, 0.260983, 0.205822, 0.149998, 0.101319, 0.0666665, 0.051031
0.051031, 0.035383, 0.000613516, -0.0484408, -0.105003, -0.161227, -0.209445, -0.243317, -0.258478
-0.258478, -0.273577, -0.306855, -0.353172, -0.405656, -0.456835, -0.499921, -0.529732, -0.542951
-0.542951, -0.556037, -0.5846, -0.623694, -0.667016, -0.708192, -0.741972, -0.764834, -0.77483
-0.77483, -0.784637, -0.805718, -0.833802, -0.863766, -0.89095, -0.912153, -0.925852, -0.931657
-0.931657, -0.937233, -0.948791, -0.963145, -0.976848, -0.987408, -0.993979, -0.997188, -0.998239
-0.998239, -0.999046, -0.99996, -0.999194, -0.995309, -0.988221, -0.979524, -0.971932, -0.968128
-0.968128, -0.964087, -0.954269, -0.938456, -0.91736, -0.893311, -0.870189, -0.852531, -0.84424
-0.84424, -0.835742, -0.816144, -0.786816, -0.750551, -0.711871, -0.676563, -0.65055, -0.638576
-0.638576, -0.626444, -0.598964, -0.558962, -0.511041, -0.461476, -0.417403, -0.385554, -0.371056
-0.371056, -0.356466, -0.323765, -0.276964, -0.22203, -0.166381, -0.117811, -0.0832123, -0.0675942
-0.0675942, -0.0519596, -0.0172053, 0.0318617, 0.0884883, 0.14483, 0.193192, 0.22719, 0.242415
0.242415, 0.25758, 0.291021, 0.337601, 0.390435, 0.442013, 0.485482, 0.515586, 0.528943
0.528943, 0.54217, 0.571058, 0.610639, 0.654563, 0.69638, 0.730746, 0.75404, 0.764235
0.764235, 0.774242, 0.79578, 0.824528, 0.855287, 0.883293, 0.905227, 0.919455, 0.9255
0.9255, 0.931319, 0.943419, 0.95855, 0.973164, 0.984647, 0.992024, 0.995807, 0.997118
0.997118, 0.998184, 0.999675, 0.999722, 0.996777, 0.990624, 0.98273, 0.975702, 0.97215
0.97215, 0.968361, 0.959098, 0.944058, 0.923838, 0.900645, 0.878244, 0.861086, 0.853017
0.853017, 0.844738, 0.825619, 0.796948, 0.761412, 0.723426, 0.688688, 0.663062, 0.651256
0.651256, 0.639291, 0.612167, 0.572643, 0.525233, 0.476132, 0.432423, 0.40081, 0.386412
0.386412, 0.371919, 0.339419, 0.292869, 0.238177, 0.182719, 0.134271, 0.0997352, 0.0841389
0.0841389, 0.0685219, 0.0337924, -0.0152738, -0.0719493, -0.128393, -0.176886, -0.211001, -0.226284
-0.226284, -0.241513, -0.275107, -0.321937, -0.375106, -0.427069, -0.47091, -0.501298, -0.514789
-0.514789, -0.528153, -0.557359, -0.597416, -0.641929, -0.684377, -0.719319, -0.743038, -0.753429
-0.753429, -0.763635, -0.785622, -0.815026, -0.846572, -0.875393, -0.898052, -0.912804, -0.919089
-0.919089, -0.925148, -0.937787, -0.95369, -0.969212, -0.981615, -0.989797, -0.994152, -0.995722
-0.995722, -0.997047, -0.999114, -0.999976, -0.997971, -0.992754, -0.985665, -0.979203, -0.975905
-0.975905, -0.972368, -0.963663, -0.949399, -0.930062, -0.907731, -0.886058, -0.869404, -0.861558
-0.861558, -0.853501, -0.834867, -0.806861, -0.772063, -0.734781, -0.700623, -0.67539, -0.663757
-0.663757, -0.651961, -0.625203, -0.586166, -0.539279, -0.490657, -0.447324, -0.415956, -0.401662
-0.401662, -0.38727, -0.354979, -0.308693, -0.254259, -0.199006, -0.150695, -0.116231, -0.10066
-0.10066, -0.0850654, -0.0503702, -0.00131822, 0.0553905, 0.111921, 0.160532, 0.194753, 0.210092

0.833888, 0.825142, 0.805, 0.774929, 0.737841, 0.698378, 0.662428, 0.635981, 0.623816
0.623816, 0.611499, 0.583617, 0.543082, 0.494593, 0.444511, 0.400035, 0.367927, 0.353318
0.353318, 0.338623, 0.305703, 0.258629, 0.203436, 0.147588, 0.0988937, 0.0642345, 0.0485968
0.0485968, 0.0329471, -0.00182372, -0.050875, -0.107426, -0.163632, -0.211827, -0.24568, -0.260832
-0.260832, -0.27592, -0.309173, -0.355451, -0.407883, -0.459002, -0.50203, -0.531797, -0.544996
-0.544996, -0.558061, -0.586575, -0.625597, -0.66883, -0.709911, -0.743604, -0.766402, -0.776369
-0.776369, -0.786145, -0.807159, -0.835145, -0.864992, -0.892055, -0.913149, -0.92677, -0.93254
-0.93254, -0.93808, -0.949558, -0.963798, -0.977367, -0.987791, -0.994243, -0.997368, -0.998381
-0.998381, -0.999149, -0.999979, -0.999093, -0.99507, -0.987845, -0.979031, -0.971356, -0.967515
-0.967515, -0.963437, -0.953538, -0.937611, -0.916387, -0.892213, -0.868985, -0.851255, -0.842931
-0.842931, -0.834401, -0.814733, -0.785309, -0.748938, -0.710157, -0.674766, -0.648697, -0.636698
-0.636698, -0.624543, -0.59701, -0.556939, -0.508945, -0.459313, -0.415187, -0.383304, -0.368792
-0.368792, -0.354188, -0.321458, -0.274621, -0.219653, -0.163978, -0.115391, -0.0807833, -0.0651624
-0.0651624, -0.0495255, -0.0147684, 0.0342976, 0.0909157, 0.147241, 0.195583, 0.229563, 0.244779
0.244779, 0.259934, 0.293352, 0.339894, 0.392678, 0.444198, 0.487611, 0.517673, 0.531009
0.531009, 0.544216, 0.573057, 0.612567, 0.656403, 0.698127, 0.732408, 0.755639, 0.765805
0.765805, 0.775782, 0.797253, 0.825904, 0.856547, 0.884433, 0.90626, 0.92041, 0.926421
0.926421, 0.932204, 0.944224, 0.959241, 0.973722, 0.98507, 0.992329, 0.996027, 0.9973
0.9973, 0.998328, 0.999734, 0.999662, 0.996579, 0.990288, 0.982276, 0.975165, 0.971576
0.971576, 0.96775, 0.958405, 0.943251, 0.922902, 0.899583, 0.877076, 0.859844, 0.851742
0.851742, 0.843431, 0.824242, 0.795473, 0.75983, 0.721741, 0.686919, 0.661235, 0.649405
0.649405, 0.637415, 0.610238, 0.570643, 0.523157, 0.473988, 0.430224, 0.398576, 0.384163
0.384163, 0.369656, 0.337125, 0.290537, 0.235809, 0.180322, 0.131856, 0.0973098, 0.08171
0.08171, 0.0660902, 0.0313564, -0.0177107, -0.07438, -0.13081, -0.179285, -0.213383, -0.228658
-0.228658, -0.243877, -0.27745, -0.324243, -0.377365, -0.429271, -0.473059, -0.503406, -0.516877
-0.516877, -0.530221, -0.559381, -0.599368, -0.643796, -0.686152, -0.72101, -0.744667, -0.755029
-0.755029, -0.765206, -0.787128, -0.816436, -0.847867, -0.876569, -0.899122, -0.913797, -0.920046
-0.920046, -0.92607, -0.938631, -0.95442, -0.96981, -0.982078, -0.990141, -0.994413, -0.995944
-0.995944, -0.997231, -0.999214, -0.999956, -0.997813, -0.992459, -0.985251, -0.978705, -0.97537
-0.97537, -0.971796, -0.963009, -0.948631, -0.929164, -0.906706, -0.884925, -0.868197, -0.860318
-0.860318, -0.852229, -0.833523, -0.805418, -0.770512, -0.733126, -0.698882, -0.673591, -0.661932
-0.661932, -0.650111, -0.623299, -0.584189, -0.537225, -0.488532, -0.445143, -0.413738, -0.399429

0.999282, 0.999753, 0.999921, 0.998101, 0.993003, 0.984708, 0.974977, 0.966658, 0.962529
0.962529, 0.958164, 0.947632, 0.930826, 0.908604, 0.883458, 0.859412, 0.841115, 0.832541
0.832541, 0.823762, 0.803552, 0.773386, 0.736194, 0.696632, 0.6606, 0.634098, 0.621909
0.621909, 0.609568, 0.581636, 0.541034, 0.492473, 0.442327, 0.397801, 0.36566, 0.351037
0.351037, 0.336329, 0.303381, 0.256274, 0.201049, 0.145177, 0.0964681, 0.0618021, 0.0461623
0.0461623, 0.0305111, -0.00426095, -0.0533089, -0.109849, -0.166036, -0.214209, -0.248042, -0.263184
-0.263184, -0.278262, -0.31149, -0.357728, -0.410107, -0.461166, -0.504136, -0.53386, -0.547038
-0.547038, -0.560081, -0.588547, -0.627497, -0.67064, -0.711625, -0.745231, -0.767965, -0.777903
-0.777903, -0.787649, -0.808595, -0.836483, -0.866212, -0.893153, -0.91414, -0.927683, -0.933417
-0.933417, -0.938922, -0.95032, -0.964445, -0.97788, -0.988167, -0.994502, -0.997541, -0.998517
-0.998517, -0.999247, -0.999992, -0.998986, -0.994825, -0.987463, -0.978531, -0.970774, -0.966896
-0.966896, -0.962781, -0.952801, -0.936761, -0.915408, -0.891109, -0.867777, -0.849973, -0.841618
-0.841618, -0.833056, -0.813318, -0.783798, -0.747321, -0.708439, -0.672966, -0.64684, -0.634817
-0.634817, -0.622637, -0.595053, -0.554913, -0.506845, -0.457147, -0.412968, -0.381052, -0.366525
-0.366525, -0.351908, -0.319149, -0.272277, -0.217274, -0.161573, -0.112969, -0.0783538, -0.0627301
-0.0627301, -0.0470911, -0.0123314, 0.0367333, 0.0933426, 0.149651, 0.197972, 0.231934, 0.247141
0.247141, 0.262287, 0.295681, 0.342185, 0.394918, 0.44638, 0.489738, 0.519756, 0.533073
0.533073, 0.546259, 0.575052, 0.614492, 0.65824, 0.69987, 0.734065, 0.757233, 0.76737
0.76737, 0.777318, 0.798722, 0.827276, 0.857802, 0.885568, 0.907288, 0.92136, 0.927335
0.927335, 0.933083, 0.945024, 0.959927, 0.974274, 0.985486, 0.992627, 0.996241, 0.997476
0.997476, 0.998466, 0.999787, 0.999595, 0.996374, 0.989946, 0.981816, 0.974622, 0.970997
0.970997, 0.967133, 0.957707, 0.942439, 0.921961, 0.898516, 0.875903, 0.858597, 0.850463
0.850463, 0.842119, 0.822859, 0.793994, 0.758243, 0.720052, 0.685146, 0.659405, 0.647549
0.647549, 0.635535, 0.608306, 0.56864, 0.521078, 0.47184, 0.428023, 0.39634, 0.381912
0.381912, 0.36739, 0.33483, 0.288204, 0.23344, 0.177924, 0.129439, 0.0948839, 0.0792807
0.0792807, 0.0636581, 0.0289203, -0.0201475, -0.0768103, -0.133226, -0.181682, -0.215763, -0.23103
-0.23103, -0.24624, -0.27979, -0.326548, -0.37962, -0.431471, -0.475204, -0.50551, -0.518962
-0.518962, -0.532286, -0.561399, -0.601317, -0.645659, -0.687923, -0.722697, -0.746292, -0.756625
-0.756625, -0.766773, -0.788629, -0.817841, -0.849156, -0.877739, -0.900186, -0.914784, -0.920999
-0.920999, -0.926987, -0.939468, -0.955145, -0.970401, -0.982534, -0.990479, -0.994667, -0.99616
-0.99616, -0.997409, -0.999307, -0.99993, -0.997649, -0.992157, -0.984831, -0.978202, -0.97483
-0.97483, -0.971218, -0.962349, -0.947857, -0.92826, -0.905675, -0.883788, -0.866985, -0.859073

0.789719, 0.799231, 0.819645, 0.84676, 0.875564, 0.90155, 0.921689, 0.93462, 0.940075
0.940075, 0.9453, 0.956071, 0.969299, 0.981683, 0.990907, 0.996314, 0.998694, 0.999372
0.999372, 0.999804, 0.999888, 0.997948, 0.992712, 0.984281, 0.974432, 0.966031, 0.961865
0.961865, 0.957463, 0.946851, 0.929932, 0.907583, 0.882313, 0.858163, 0.839794, 0.831188
0.831188, 0.822378, 0.802099, 0.771839, 0.734542, 0.694881, 0.658769, 0.632212, 0.619999
0.619999, 0.607634, 0.579652, 0.538982, 0.49035, 0.44014, 0.395563, 0.36339, 0.348754
0.348754, 0.334033, 0.301058, 0.253918, 0.198661, 0.142765, 0.0940419, 0.0593693, 0.0437275
0.0437275, 0.0280749, -0.00669815, -0.0557425, -0.112271, -0.168439, -0.216589, -0.250402, -0.265535
-0.265535, -0.280602, -0.313805, -0.360003, -0.412329, -0.463327, -0.50624, -0.535919, -0.549076
-0.549076, -0.562099, -0.590516, -0.629393, -0.672446, -0.713335, -0.746854, -0.769524, -0.779432
-0.779432, -0.789148, -0.810027, -0.837817, -0.867427, -0.894247, -0.915125, -0.92859, -0.934289
-0.934289, -0.939758, -0.951075, -0.965086, -0.978386, -0.988538, -0.994754, -0.997709, -0.998646
-0.998646, -0.999339, -0.999999, -0.998873, -0.994575, -0.987076, -0.978026, -0.970186, -0.966271
-0.966271, -0.962119, -0.952058, -0.935906, -0.914425, -0.890001, -0.866563, -0.848687, -0.840299
-0.840299, -0.831705, -0.811897, -0.782282, -0.7457, -0.706717, -0.671161, -0.64498, -0.632932
-0.632932, -0.620728, -0.593093, -0.552884, -0.504743, -0.454978, -0.410747, -0.378798, -0.364256
-0.364256, -0.349625, -0.316839, -0.269931, -0.214895, -0.159167, -0.110547, -0.0759238, -0.0602975
-0.0602975, -0.0446564, -0.00989429, 0.0391688, 0.0957689, 0.152061, 0.200361, 0.234304, 0.249502
0.249502, 0.264638, 0.298008, 0.344474, 0.397156, 0.44856, 0.491861, 0.521837, 0.535134
0.535134, 0.548299, 0.577045, 0.616413, 0.660073, 0.701609, 0.735718, 0.758822, 0.76893
0.76893, 0.778849, 0.800186, 0.828643, 0.859053, 0.886698, 0.90831, 0.922305, 0.928245
0.928245, 0.933957, 0.945818, 0.960607, 0.974821, 0.985897, 0.99292, 0.996449, 0.997646
0.997646, 0.998598, 0.999835, 0.999523, 0.996164, 0.989599, 0.981351, 0.974074, 0.970411
0.970411, 0.96651, 0.957003, 0.941621, 0.921014, 0.897444, 0.874724, 0.857345, 0.849178
0.849178, 0.840802, 0.821472, 0.79251, 0.756652, 0.718358, 0.683368, 0.657571, 0.64569
0.64569, 0.633651, 0.60637, 0.566633, 0.518997, 0.46969, 0.425819, 0.394101, 0.379658
0.379658, 0.365122, 0.332532, 0.28587, 0.231069, 0.175526, 0.127022, 0.0924573, 0.0768509
0.0768509, 0.0612256, 0.026484, -0.0225842, -0.0792401, -0.135641, -0.184078, -0.218142, -0.2334
-0.2334, -0.248601, -0.282129, -0.328851, -0.381874, -0.433669, -0.477347, -0.507612, -0.521044
-0.521044, -0.534348, -0.563414, -0.603263, -0.647518, -0.68969, -0.724379, -0.747912, -0.758216
-0.758216, -0.768335, -0.790125, -0.819241, -0.850441, -0.878904, -0.901245, -0.915766, -0.921945
-0.921945, -0.927898, -0.940301, -0.955864, -0.970987, -0.982985, -0.990812, -0.994915, -0.996371

0.283832, 0.298816, 0.331816, 0.377691, 0.42959, 0.480106, 0.522558, 0.551887, 0.564881
0.564881, 0.577735, 0.605766, 0.644066, 0.686408, 0.726542, 0.759373, 0.781537, 0.791212
0.791212, 0.800693, 0.821039, 0.848054, 0.876738, 0.902602, 0.922632, 0.935484, 0.940904
0.940904, 0.946093, 0.956782, 0.969896, 0.982144, 0.991232, 0.99652, 0.998816, 0.999455
0.999455, 0.99985, 0.999848, 0.997789, 0.992415, 0.983847, 0.973882, 0.965398, 0.961196
0.961196, 0.956757, 0.946064, 0.929033, 0.906557, 0.881163, 0.856909, 0.838469, 0.829831
0.829831, 0.820989, 0.800641, 0.770287, 0.732886, 0.693126, 0.656933, 0.630321, 0.618085
0.618085, 0.605697, 0.577664, 0.536928, 0.488225, 0.43795, 0.393324, 0.361118, 0.346469
0.346469, 0.331734, 0.298733, 0.25156, 0.196272, 0.140352, 0.0916152, 0.0569362, 0.0412925
0.0412925, 0.0256386, -0.00913531, -0.0581758, -0.114693, -0.170841, -0.218967, -0.252761, -0.267884
-0.267884, -0.282941, -0.316119, -0.362276, -0.414548, -0.465485, -0.50834, -0.537975, -0.551112
-0.551112, -0.564113, -0.592481, -0.631285, -0.674248, -0.715041, -0.748473, -0.771078, -0.780957
-0.780957, -0.790643, -0.811454, -0.839145, -0.868638, -0.895335, -0.916105, -0.929492, -0.935155
-0.935155, -0.940588, -0.951826, -0.965722, -0.978887, -0.988903, -0.995, -0.997871, -0.99877
-0.99877, -0.999424, -1, -0.998755, -0.994318, -0.986682, -0.977515, -0.969592, -0.965641
-0.965641, -0.961452, -0.95131, -0.935044, -0.913435, -0.888887, -0.865344, -0.847395, -0.838975
-0.838975, -0.830349, -0.810472, -0.780762, -0.744073, -0.704991, -0.669352, -0.643115, -0.631043
-0.631043, -0.618816, -0.591128, -0.550851, -0.502637, -0.452806, -0.408524, -0.376541, -0.361985
-0.361985, -0.347341, -0.314526, -0.267583, -0.212514, -0.156761, -0.108125, -0.0734934, -0.0578645
-0.0578645, -0.0422215, -0.00745715, 0.041604, 0.0981946, 0.154469, 0.202748, 0.236673, 0.251861
0.251861, 0.266988, 0.300334, 0.346761, 0.399392, 0.450737, 0.493982, 0.523915, 0.537191
0.537191, 0.550335, 0.579034, 0.61833, 0.661902, 0.703344, 0.737367, 0.760407, 0.770486
0.770486, 0.780375, 0.801646, 0.830005, 0.860298, 0.887822, 0.909327, 0.923244, 0.929149
0.929149, 0.934825, 0.946607, 0.961282, 0.975361, 0.986302, 0.993206, 0.996652, 0.99781
0.99781, 0.998724, 0.999876, 0.999445, 0.995948, 0.989245, 0.980879, 0.973519, 0.96982
0.96982, 0.965882, 0.956293, 0.940798, 0.920062, 0.896366, 0.87354, 0.856088, 0.847888
0.847888, 0.839481, 0.820079, 0.791021, 0.755056, 0.716661, 0.681587, 0.655732, 0.643827
0.643827, 0.631764, 0.60443, 0.564623, 0.516912, 0.467537, 0.423612, 0.39186, 0.377402
0.377402, 0.362852, 0.330232, 0.283533, 0.228698, 0.173126, 0.124604, 0.0900303, 0.0744206
0.0744206, 0.0587928, 0.0240476, -0.0250208, -0.0816694, -0.138055, -0.186473, -0.22052, -0.23577
-0.23577, -0.250961, -0.284467, -0.331151, -0.384126, -0.435864, -0.479488, -0.50971, -0.523122
-0.523122, -0.536406, -0.565426, -0.605205, -0.649374, -0.691452, -0.726057, -0.749527, -0.759803

-0.328556, -0.313723, -0.280519, -0.233097, -0.177578, -0.121486, -0.0726499, -0.037928, -0.0222725
-0.0222725, -0.00661145, 0.0281616, 0.0771618, 0.133575, 0.189559, 0.237495, 0.271126, 0.286168
0.286168, 0.301141, 0.334114, 0.379947, 0.431789, 0.482243, 0.524635, 0.553918, 0.56689
0.56689, 0.579723, 0.607703, 0.645928, 0.688179, 0.728214, 0.760956, 0.783055, 0.7927
0.7927, 0.802151, 0.822428, 0.849343, 0.877908, 0.903648, 0.923569, 0.936342, 0.941726
0.941726, 0.946879, 0.957488, 0.970486, 0.9826, 0.991551, 0.99672, 0.998931, 0.999533
0.999533, 0.999889, 0.999803, 0.997624, 0.992113, 0.983408, 0.973326, 0.96476, 0.96052
0.96052, 0.956045, 0.945272, 0.928129, 0.905526, 0.880008, 0.855651, 0.837138, 0.828468
0.828468, 0.819595, 0.799179, 0.768731, 0.731226, 0.691367, 0.655094, 0.628427, 0.616167
0.616167, 0.603756, 0.575673, 0.53487, 0.486096, 0.435758, 0.391082, 0.358845, 0.344182
0.344182, 0.329434, 0.296406, 0.2492, 0.193881, 0.137939, 0.0891879, 0.0545028, 0.0388572
0.0388572, 0.0232021, -0.0115724, -0.0606088, -0.117114, -0.173242, -0.221345, -0.255118, -0.270231
-0.270231, -0.285277, -0.31843, -0.364547, -0.416764, -0.467641, -0.510437, -0.540028, -0.553144
-0.553144, -0.566124, -0.594443, -0.633173, -0.676046, -0.716743, -0.750087, -0.772628, -0.782476
-0.782476, -0.792133, -0.812876, -0.840468, -0.869843, -0.896418, -0.91708, -0.930388, -0.936015
-0.936015, -0.941413, -0.95257, -0.966351, -0.979383, -0.989262, -0.995241, -0.998027, -0.998888
-0.998888, -0.999504, -0.999995, -0.99863, -0.994056, -0.986283, -0.976998, -0.968993, -0.965004
-0.965004, -0.960779, -0.950556, -0.934177, -0.912441, -0.887768, -0.86412, -0.846098, -0.837646
-0.837646, -0.828989, -0.809042, -0.779237, -0.742443, -0.70326, -0.667539, -0.641247, -0.62915
-0.62915, -0.616899, -0.589161, -0.548816, -0.500529, -0.450631, -0.406298, -0.374282, -0.359712
-0.359712, -0.345054, -0.312211, -0.265234, -0.210132, -0.154353, -0.105701, -0.0710625, -0.0554312
-0.0554312, -0.0397863, -0.00501996, 0.044039, 0.10062, 0.156877, 0.205134, 0.23904, 0.254219
0.254219, 0.269336, 0.302658, 0.349046, 0.401625, 0.452911, 0.4961, 0.525989, 0.539245
0.539245, 0.552369, 0.581019, 0.620244, 0.663727, 0.705074, 0.739011, 0.761988, 0.772037
0.772037, 0.781897, 0.8031, 0.831362, 0.861538, 0.888941, 0.910338, 0.924178, 0.930047
0.930047, 0.935688, 0.94739, 0.96195, 0.975896, 0.986701, 0.993487, 0.996848, 0.997968
0.997968, 0.998844, 0.999911, 0.999361, 0.995725, 0.988886, 0.980402, 0.972959, 0.969222
0.969222, 0.965248, 0.955577, 0.939969, 0.919105, 0.895283, 0.872352, 0.854826, 0.846594
0.846594, 0.838154, 0.818682, 0.789528, 0.753456, 0.714959, 0.679801, 0.65389, 0.64196
0.64196, 0.629873, 0.602486, 0.56261, 0.514824, 0.465381, 0.421403, 0.389616, 0.375144
0.375144, 0.36058, 0.327931, 0.281195, 0.226324, 0.170725, 0.122186, 0.0876027, 0.0719899
0.0719899, 0.0563596, 0.0216109, -0.0274572, -0.0840983, -0.140469, -0.188867, -0.222897, -0.238137

-0.817661, -0.808544, -0.787596, -0.756421, -0.718113, -0.677494, -0.640598, -0.613512, -0.601068
-0.601068, -0.588477, -0.56001, -0.518695, -0.469379, -0.418552, -0.373498, -0.341018, -0.326253
-0.326253, -0.311408, -0.278179, -0.230726, -0.175179, -0.119067, -0.0702189, -0.0354924, -0.0198358
-0.0198358, -0.00417425, 0.0305978, 0.0795915, 0.13599, 0.191951, 0.239862, 0.273471, 0.288503
0.288503, 0.303464, 0.33641, 0.3822, 0.433986, 0.484376, 0.526708, 0.555946, 0.568896
0.568896, 0.581707, 0.609637, 0.647787, 0.689945, 0.729882, 0.762535, 0.784569, 0.794184
0.794184, 0.803604, 0.823812, 0.850627, 0.879072, 0.904689, 0.924501, 0.937195, 0.942543
0.942543, 0.94766, 0.958188, 0.971071, 0.983049, 0.991864, 0.996915, 0.999041, 0.999604
0.999604, 0.999922, 0.999751, 0.997454, 0.991804, 0.982963, 0.972764, 0.964116, 0.95984
0.95984, 0.955328, 0.944474, 0.927219, 0.904489, 0.878848, 0.854387, 0.835802, 0.827101
0.827101, 0.818196, 0.797711, 0.76717, 0.729561, 0.689604, 0.65325, 0.62653, 0.614246
0.614246, 0.601811, 0.573679, 0.532809, 0.483965, 0.433563, 0.388837, 0.356569, 0.341892
0.341892, 0.327132, 0.294077, 0.246839, 0.19149, 0.135524, 0.0867602, 0.052069, 0.0364217
0.0364217, 0.0207654, -0.0140095, -0.0630413, -0.119534, -0.175642, -0.223721, -0.257474, -0.272577
-0.272577, -0.287613, -0.320739, -0.366815, -0.418979, -0.469794, -0.512532, -0.542078, -0.555172
-0.555172, -0.568131, -0.596401, -0.635058, -0.67784, -0.71844, -0.751696, -0.774173, -0.783992
-0.783992, -0.793618, -0.814293, -0.841786, -0.871042, -0.897495, -0.918049, -0.931279, -0.93687
-0.93687, -0.942232, -0.953309, -0.966975, -0.979872, -0.989616, -0.995475, -0.998177, -0.999
-0.999, -0.999578, -0.999984, -0.9985, -0.993788, -0.985877, -0.976476, -0.968388, -0.964362
-0.964362, -0.9601, -0.949796, -0.933305, -0.911441, -0.886643, -0.862891, -0.844797, -0.836312
-0.836312, -0.827623, -0.807607, -0.777707, -0.740808, -0.701525, -0.665723, -0.639375, -0.627254
-0.627254, -0.614979, -0.58719, -0.546777, -0.498417, -0.448454, -0.40407, -0.372021, -0.357437
-0.357437, -0.342766, -0.309895, -0.262883, -0.207748, -0.151944, -0.103278, -0.0686312, -0.0529975
-0.0529975, -0.0373509, -0.00258274, 0.0464738, 0.103044, 0.159283, 0.207519, 0.241406, 0.256576
0.256576, 0.271682, 0.30498, 0.351329, 0.403856, 0.455082, 0.498214, 0.52806, 0.541296
0.541296, 0.554399, 0.583001, 0.622154, 0.665548, 0.7068, 0.74065, 0.763564, 0.773584
0.773584, 0.783414, 0.80455, 0.832714, 0.862772, 0.890055, 0.911344, 0.925106, 0.93094
0.93094, 0.936545, 0.948167, 0.962613, 0.976425, 0.987094, 0.993762, 0.997038, 0.998121
0.998121, 0.998958, 0.999941, 0.999271, 0.995497, 0.98852, 0.979919, 0.972393, 0.968619
0.968619, 0.964608, 0.954856, 0.939134, 0.918142, 0.894194, 0.871157, 0.853559, 0.845294
0.845294, 0.836822, 0.81728, 0.78803, 0.751851, 0.713253, 0.678012, 0.652044, 0.64009
0.64009, 0.627978, 0.600539, 0.560593, 0.512733, 0.463223, 0.419192, 0.387371, 0.372884

-0.999958, -0.999979, -0.999146, -0.995916, -0.989193, -0.979288, -0.968177, -0.958889, -0.954327
-0.954327, -0.949531, -0.93805, -0.919924, -0.896209, -0.86961, -0.844344, -0.825204, -0.816256
-0.816256, -0.807108, -0.786092, -0.754825, -0.716415, -0.675699, -0.638725, -0.611585, -0.599119
-0.599119, -0.586505, -0.557989, -0.51661, -0.467225, -0.416337, -0.371236, -0.338726, -0.323948
-0.323948, -0.309091, -0.275837, -0.228354, -0.172778, -0.116647, -0.0677875, -0.0330566, -0.017399
-0.017399, -0.00173702, 0.0330338, 0.0820208, 0.138404, 0.194343, 0.242227, 0.275815, 0.290836
0.290836, 0.305785, 0.338705, 0.384451, 0.436181, 0.486507, 0.528778, 0.55797, 0.570899
0.570899, 0.583688, 0.611567, 0.649642, 0.691707, 0.731546, 0.76411, 0.786077, 0.795662
0.795662, 0.805052, 0.825191, 0.851905, 0.880232, 0.905725, 0.925427, 0.938042, 0.943355
0.943355, 0.948435, 0.958883, 0.97165, 0.983493, 0.992172, 0.997103, 0.999145, 0.99967
0.99967, 0.99995, 0.999694, 0.997277, 0.99149, 0.982512, 0.972196, 0.963466, 0.959153
0.959153, 0.954605, 0.94367, 0.926303, 0.903447, 0.877683, 0.853118, 0.834462, 0.825728
0.825728, 0.816793, 0.796239, 0.765604, 0.727892, 0.687837, 0.651403, 0.624628, 0.612321
0.612321, 0.599863, 0.571681, 0.530745, 0.48183, 0.431365, 0.386591, 0.354291, 0.339601
0.339601, 0.324828, 0.291747, 0.244476, 0.189097, 0.133109, 0.0843319, 0.0496349, 0.0339859
0.0339859, 0.0183287, -0.0164464, -0.0654735, -0.121953, -0.17804, -0.226096, -0.259829, -0.274921
-0.274921, -0.289946, -0.323047, -0.369081, -0.42119, -0.471944, -0.514623, -0.544124, -0.557198
-0.557198, -0.570135, -0.598356, -0.636938, -0.67963, -0.720133, -0.753302, -0.775713, -0.785502
-0.785502, -0.795099, -0.815705, -0.843099, -0.872237, -0.898568, -0.919012, -0.932164, -0.93772
-0.93772, -0.943046, -0.954042, -0.967594, -0.980356, -0.989963, -0.995704, -0.998321, -0.999106
-0.999106, -0.999646, -0.999967, -0.998363, -0.993513, -0.985466, -0.975947, -0.967777, -0.963715
-0.963715, -0.959416, -0.94903, -0.932427, -0.910435, -0.885513, -0.861657, -0.84349, -0.834974
-0.834974, -0.826253, -0.806167, -0.776172, -0.739169, -0.699786, -0.663902, -0.637499, -0.625354
-0.625354, -0.613055, -0.585215, -0.544734, -0.496303, -0.446275, -0.40184, -0.369757, -0.35516
-0.35516, -0.340475, -0.307577, -0.260531, -0.205364, -0.149535, -0.100853, -0.0661995, -0.0505636
-0.0505636, -0.0349152, -0.000145502, 0.0489082, 0.105468, 0.161689, 0.209902, 0.243771, 0.258931
0.258931, 0.274027, 0.3073, 0.35361, 0.406084, 0.457251, 0.500326, 0.530128, 0.543344
0.543344, 0.556426, 0.584979, 0.62406, 0.667365, 0.708522, 0.742286, 0.765136, 0.775126
0.775126, 0.784927, 0.805995, 0.834061, 0.864002, 0.891163, 0.912345, 0.926029, 0.931827
0.931827, 0.937396, 0.948939, 0.963271, 0.976948, 0.987482, 0.99403, 0.997223, 0.998267
0.998267, 0.999066, 0.999964, 0.999175, 0.995263, 0.988149, 0.97943, 0.971822, 0.968011
0.968011, 0.963962, 0.954129, 0.938294, 0.917173, 0.8931, 0.869958, 0.852286, 0.843989

-0.807045, -0.816194, -0.83579, -0.861716, -0.889102, -0.913627, -0.93247, -0.944466, -0.949497
-0.949497, -0.954295, -0.96411, -0.975973, -0.986758, -0.994368, -0.99837, -0.999751, -0.999978
-0.999978, -0.99996, -0.999042, -0.995693, -0.988833, -0.978791, -0.967564, -0.958195, -0.953596
-0.953596, -0.948764, -0.937203, -0.918966, -0.895125, -0.868404, -0.843036, -0.823825, -0.814845
-0.814845, -0.805667, -0.784583, -0.753224, -0.714712, -0.6739, -0.636847, -0.609655, -0.597165
-0.597165, -0.584529, -0.555965, -0.514522, -0.465069, -0.41412, -0.368972, -0.336432, -0.321642
-0.321642, -0.306772, -0.273493, -0.225981, -0.170377, -0.114226, -0.0653556, -0.0306206, -0.014962
-0.014962, 0.000700213, 0.0354696, 0.0844496, 0.140818, 0.196733, 0.244591, 0.278157, 0.293167
0.293167, 0.308105, 0.340997, 0.3867, 0.438373, 0.488635, 0.530845, 0.559991, 0.572898
0.572898, 0.585665, 0.613494, 0.651493, 0.693465, 0.733206, 0.76568, 0.787582, 0.797136
0.797136, 0.806495, 0.826565, 0.853179, 0.881386, 0.906755, 0.926348, 0.938884, 0.944161
0.944161, 0.949205, 0.959572, 0.972223, 0.983931, 0.992473, 0.997285, 0.999243, 0.99973
0.99973, 0.999971, 0.999631, 0.997094, 0.99117, 0.982056, 0.971622, 0.96281, 0.958461
0.958461, 0.953876, 0.942861, 0.925382, 0.902399, 0.876512, 0.851844, 0.833116, 0.824351
0.824351, 0.815384, 0.794762, 0.764034, 0.726219, 0.686066, 0.649552, 0.622723, 0.610392
0.610392, 0.597911, 0.569679, 0.528678, 0.479693, 0.429165, 0.384342, 0.35201, 0.337307
0.337307, 0.322522, 0.289415, 0.242112, 0.186703, 0.130693, 0.0819031, 0.0472005, 0.03155
0.03155, 0.0158918, -0.0188833, -0.0679053, -0.124372, -0.180438, -0.228469, -0.262181, -0.277263
-0.277263, -0.292278, -0.325352, -0.371345, -0.4234, -0.474091, -0.516711, -0.546167, -0.55922
-0.55922, -0.572136, -0.600307, -0.638815, -0.681415, -0.721822, -0.754902, -0.777249, -0.787008
-0.787008, -0.796574, -0.817113, -0.844407, -0.873426, -0.899635, -0.91997, -0.933044, -0.938564
-0.938564, -0.943854, -0.95477, -0.968206, -0.980834, -0.990304, -0.995927, -0.998459, -0.999206
-0.999206, -0.999707, -0.999944, -0.998221, -0.993233, -0.985049, -0.975413, -0.967161, -0.963061
-0.963061, -0.958725, -0.948259, -0.931544, -0.909424, -0.884378, -0.860417, -0.842178, -0.83363
-0.83363, -0.824877, -0.804723, -0.774633, -0.737525, -0.698043, -0.662078, -0.63562, -0.62345
-0.62345, -0.611128, -0.583237, -0.542689, -0.494186, -0.444092, -0.399607, -0.367492, -0.352881
-0.352881, -0.338183, -0.305257, -0.258177, -0.202978, -0.147125, -0.0984279, -0.0637674, -0.0481293
-0.0481293, -0.0324794, 0.00229173, 0.0513424, 0.107892, 0.164094, 0.212285, 0.246134, 0.261284
0.261284, 0.27637, 0.309618, 0.355889, 0.40831, 0.459417, 0.502435, 0.532193, 0.545388
0.545388, 0.558449, 0.586954, 0.625962, 0.669178, 0.71024, 0.743917, 0.766703, 0.776664
0.776664, 0.786434, 0.807435, 0.835403, 0.865227, 0.892266, 0.91334, 0.926946, 0.932709
0.932709, 0.938242, 0.949705, 0.963922, 0.977466, 0.987863, 0.994293, 0.997401, 0.998407

-0.311306, -0.326152, -0.358823, -0.404178, -0.455396, -0.505149, -0.546875, -0.575655, -0.588391
-0.588391, -0.600983, -0.62841, -0.665811, -0.70705, -0.746013, -0.777781, -0.799165, -0.808481
-0.808481, -0.8176, -0.837125, -0.862951, -0.890215, -0.914615, -0.933347, -0.945265, -0.950259
-0.950259, -0.955021, -0.964754, -0.976501, -0.987151, -0.994624, -0.998506, -0.999802, -0.999991
-0.999991, -0.999935, -0.998932, -0.995464, -0.988467, -0.978289, -0.966945, -0.957495, -0.95286
-0.95286, -0.947991, -0.93635, -0.918002, -0.894036, -0.867193, -0.841722, -0.822441, -0.81343
-0.81343, -0.80422, -0.783069, -0.751619, -0.713005, -0.672098, -0.634966, -0.607721, -0.595209
-0.595209, -0.58255, -0.553937, -0.51243, -0.46291, -0.4119, -0.366705, -0.334136, -0.319333
-0.319333, -0.304452, -0.271148, -0.223606, -0.167975, -0.111804, -0.0629234, -0.0281844, -0.012525
-0.012525, 0.00313745, 0.0379052, 0.0868779, 0.14323, 0.199122, 0.246953, 0.280497, 0.295496
0.295496, 0.310422, 0.343287, 0.388946, 0.440562, 0.49076, 0.532909, 0.562008, 0.574894
0.574894, 0.587639, 0.615417, 0.65334, 0.695219, 0.734861, 0.767245, 0.789081, 0.798605
0.798605, 0.807934, 0.827934, 0.854448, 0.882534, 0.90778, 0.927263, 0.93972, 0.944961
0.944961, 0.949969, 0.960255, 0.972791, 0.984364, 0.992769, 0.997462, 0.999335, 0.999783
0.999783, 0.999987, 0.999561, 0.996905, 0.990844, 0.981593, 0.971043, 0.962149, 0.957763
0.957763, 0.953141, 0.942046, 0.924456, 0.901346, 0.875336, 0.850564, 0.831766, 0.822969
0.822969, 0.813971, 0.793281, 0.762459, 0.724541, 0.684291, 0.647697, 0.620814, 0.60846
0.60846, 0.595956, 0.567675, 0.526608, 0.477553, 0.426962, 0.382091, 0.349728, 0.335012
0.335012, 0.320214, 0.287081, 0.239747, 0.184308, 0.128276, 0.0794738, 0.0447659, 0.0291139
0.0291139, 0.0134548, -0.02132, -0.0703368, -0.12679, -0.182835, -0.230841, -0.264533, -0.279604
-0.279604, -0.294608, -0.327656, -0.373607, -0.425606, -0.476236, -0.518796, -0.548207, -0.561239
-0.561239, -0.574133, -0.602254, -0.640689, -0.683197, -0.723507, -0.756498, -0.77878, -0.78851
-0.78851, -0.798046, -0.818515, -0.84571, -0.874611, -0.900696, -0.920923, -0.933918, -0.939402
-0.939402, -0.944656, -0.955492, -0.968813, -0.981306, -0.99064, -0.996143, -0.998592, -0.9993
-0.9993, -0.999763, -0.999915, -0.998073, -0.992947, -0.984627, -0.974873, -0.966538, -0.962402
-0.962402, -0.95803, -0.947483, -0.930655, -0.908408, -0.883238, -0.859173, -0.840862, -0.832282
-0.832282, -0.823497, -0.803273, -0.77309, -0.735877, -0.696296, -0.660249, -0.633736, -0.621543
-0.621543, -0.609197, -0.581256, -0.54064, -0.492065, -0.441907, -0.397371, -0.365224, -0.350599
-0.350599, -0.335888, -0.302935, -0.255822, -0.200591, -0.144714, -0.0960022, -0.061335, -0.0456948
-0.0456948, -0.0300433, 0.00472896, 0.0537763, 0.110314, 0.166497, 0.214666, 0.248495, 0.263636
0.263636, 0.278711, 0.311935, 0.358165, 0.410534, 0.461581, 0.504541, 0.534255, 0.547429
0.547429, 0.560469, 0.588926, 0.627861, 0.670987, 0.711954, 0.745543, 0.768265, 0.778197

0.301243, 0.286271, 0.252783, 0.205018, 0.149186, 0.0928743, 0.043921, 0.00915816, -0.0065045
-0.00650448, -0.0221655, -0.0569134, -0.105819, -0.162037, -0.217733, -0.265348, -0.298711, -0.313621
-0.313621, -0.328455, -0.361097, -0.406406, -0.457565, -0.507251, -0.548914, -0.577646, -0.59036
-0.59036, -0.602929, -0.630304, -0.667627, -0.708771, -0.747634, -0.779311, -0.800627, -0.809913
-0.809913, -0.819001, -0.838456, -0.864179, -0.891323, -0.915598, -0.93422, -0.946057, -0.951016
-0.951016, -0.955741, -0.965392, -0.977024, -0.987537, -0.994873, -0.998636, -0.999848, -0.999998
-0.999998, -0.999904, -0.998817, -0.995229, -0.988095, -0.977781, -0.966321, -0.956789, -0.952117
-0.952117, -0.947212, -0.935492, -0.917033, -0.892942, -0.865977, -0.840404, -0.821052, -0.81201
-0.81201, -0.802769, -0.781551, -0.750009, -0.711294, -0.670291, -0.633082, -0.605784, -0.593248
-0.593248, -0.580567, -0.551906, -0.510336, -0.460748, -0.409678, -0.364437, -0.331838, -0.317022
-0.317022, -0.302129, -0.268801, -0.22123, -0.165572, -0.109382, -0.0604908, -0.0257481, -0.010088
-0.010088, 0.00557466, 0.0403406, 0.0893056, 0.145642, 0.20151, 0.249314, 0.282836, 0.297823
0.297823, 0.312738, 0.345575, 0.39119, 0.442749, 0.492882, 0.53497, 0.564023, 0.576887
0.576887, 0.589609, 0.617336, 0.655183, 0.696969, 0.736512, 0.768806, 0.790576, 0.80007
0.80007, 0.809368, 0.829299, 0.855712, 0.883678, 0.9088, 0.928173, 0.940551, 0.945755
0.945755, 0.950728, 0.960932, 0.973353, 0.98479, 0.993058, 0.997633, 0.99942, 0.999831
0.999831, 0.999996, 0.999486, 0.996711, 0.990512, 0.981125, 0.970458, 0.961482, 0.957059
0.957059, 0.952401, 0.941226, 0.923523, 0.900288, 0.874155, 0.84928, 0.83041, 0.821582
0.821582, 0.812553, 0.791794, 0.76088, 0.722859, 0.682512, 0.645838, 0.618902, 0.606524
0.606524, 0.593997, 0.565666, 0.524534, 0.475411, 0.424757, 0.379837, 0.347444, 0.332715
0.332715, 0.317904, 0.284746, 0.23738, 0.181912, 0.125859, 0.077044, 0.0423309, 0.0266776
0.0266776, 0.0110177, -0.0237566, -0.0727677, -0.129207, -0.18523, -0.233212, -0.266882, -0.281944
-0.281944, -0.296936, -0.329958, -0.375867, -0.427811, -0.478378, -0.520878, -0.550244, -0.563254
-0.563254, -0.576127, -0.604198, -0.642558, -0.684975, -0.725187, -0.75809, -0.780307, -0.790006
-0.790006, -0.799512, -0.819913, -0.847008, -0.87579, -0.901752, -0.92187, -0.934786, -0.940235
-0.940235, -0.945453, -0.956208, -0.969414, -0.981772, -0.99097, -0.996354, -0.998718, -0.999388
-0.999388, -0.999813, -0.99988, -0.997918, -0.992655, -0.984198, -0.974327, -0.96591, -0.961737
-0.961737, -0.957328, -0.946701, -0.92976, -0.907386, -0.882093, -0.857923, -0.83954, -0.830928
-0.830928, -0.822112, -0.801819, -0.771541, -0.734224, -0.694544, -0.658417, -0.631849, -0.619632
-0.619632, -0.607263, -0.579271, -0.538588, -0.489942, -0.439719, -0.395133, -0.362954, -0.348315
-0.348315, -0.333591, -0.300612, -0.253465, -0.198202, -0.142302, -0.093576, -0.0589021, -0.0432599
-0.0432599, -0.0276071, 0.00716615, 0.0562098, 0.112736, 0.1689, 0.217046, 0.250855, 0.265986

0.800757, 0.791277, 0.769539, 0.737287, 0.69779, 0.656049, 0.618237, 0.590535, 0.577823
0.577823, 0.564969, 0.535938, 0.493879, 0.443776, 0.392245, 0.346651, 0.313827, 0.298918
0.298918, 0.283935, 0.250424, 0.202632, 0.146776, 0.0904474, 0.041486, 0.006721, -0.00894165
-0.00894165, -0.0246021, -0.0593465, -0.108242, -0.164441, -0.220112, -0.267697, -0.301036, -0.315935
-0.315935, -0.330756, -0.363369, -0.408632, -0.459731, -0.50935, -0.55095, -0.579634, -0.592325
-0.592325, -0.604872, -0.632194, -0.66944, -0.710488, -0.74925, -0.780836, -0.802085, -0.811341
-0.811341, -0.820397, -0.839782, -0.865403, -0.892425, -0.916575, -0.935086, -0.946844, -0.951766
-0.951766, -0.956455, -0.966025, -0.97754, -0.987918, -0.995117, -0.998761, -0.999887, -1
-1, -0.999867, -0.998695, -0.994988, -0.987717, -0.977267, -0.965691, -0.956077, -0.951369
-0.951369, -0.946428, -0.934628, -0.916058, -0.891842, -0.864756, -0.83908, -0.819658, -0.810585
-0.810585, -0.801314, -0.780028, -0.748394, -0.709579, -0.66848, -0.631193, -0.603843, -0.591285
-0.591285, -0.578581, -0.549872, -0.508238, -0.458584, -0.407453, -0.362166, -0.329538, -0.31471
-0.31471, -0.299805, -0.266453, -0.218852, -0.163168, -0.106959, -0.0580579, -0.0233116, -0.00765081
-0.00765081, 0.00801184, 0.0427757, 0.0917329, 0.148053, 0.203896, 0.251674, 0.285172, 0.300149
0.300149, 0.315052, 0.347861, 0.393432, 0.444933, 0.495001, 0.537028, 0.566033, 0.578876
0.578876, 0.591576, 0.619251, 0.657022, 0.698715, 0.738158, 0.770362, 0.792066, 0.80153
0.80153, 0.810797, 0.830658, 0.85697, 0.884816, 0.909814, 0.929077, 0.941376, 0.946544
0.946544, 0.95148, 0.961604, 0.973909, 0.985211, 0.993342, 0.997797, 0.9995, 0.999873
0.999873, 1, 0.999405, 0.99651, 0.990174, 0.98065, 0.969867, 0.960809, 0.95635
0.95635, 0.951655, 0.9404, 0.922586, 0.899224, 0.872969, 0.847991, 0.82905, 0.82019
0.82019, 0.811129, 0.790303, 0.759296, 0.721173, 0.680728, 0.643975, 0.616985, 0.604584
0.604584, 0.592034, 0.563655, 0.522458, 0.473265, 0.422549, 0.377582, 0.345157, 0.330415
0.330415, 0.315592, 0.282409, 0.235012, 0.179515, 0.123441, 0.0746138, 0.0398958, 0.0242412
0.0242412, 0.00858062, -0.0261931, -0.0751983, -0.131623, -0.187625, -0.235581, -0.26923, -0.284281
-0.284281, -0.299262, -0.332258, -0.378124, -0.430012, -0.480516, -0.522957, -0.552277, -0.565267
-0.565267, -0.578117, -0.606138, -0.644424, -0.686749, -0.726863, -0.759677, -0.781829, -0.791498
-0.791498, -0.800973, -0.821306, -0.848302, -0.876963, -0.902803, -0.922812, -0.935649, -0.941062
-0.941062, -0.946244, -0.956918, -0.970009, -0.982232, -0.991294, -0.996559, -0.998838, -0.999471
-0.999471, -0.999858, -0.99984, -0.997758, -0.992358, -0.983764, -0.973776, -0.965276, -0.961066
-0.961066, -0.956621, -0.945913, -0.92886, -0.906359, -0.880942, -0.856668, -0.838214, -0.829569
-0.829569, -0.820722, -0.800361, -0.769989, -0.732567, -0.692789, -0.65658, -0.629958, -0.617717
-0.617717, -0.605324, -0.577282, -0.536533, -0.487816, -0.437529, -0.392893, -0.360682, -0.34603

0.999806, 0.999376, 0.997543, 0.992905, 0.984565, 0.973056, 0.960574, 0.950327, 0.945335
0.945335, 0.940112, 0.927692, 0.908261, 0.883073, 0.855043, 0.828577, 0.808609, 0.799295
0.799295, 0.789785, 0.76798, 0.735638, 0.696043, 0.654207, 0.61632, 0.588566, 0.575832
0.575832, 0.562956, 0.533879, 0.491758, 0.441591, 0.390002, 0.344363, 0.311512, 0.296591
0.296591, 0.281597, 0.248064, 0.200245, 0.144365, 0.0880198, 0.0390507, 0.00428379, -0.0113788
-0.0113788, -0.0270385, -0.0617793, -0.110665, -0.166845, -0.222488, -0.270045, -0.303359, -0.318246
-0.318246, -0.333055, -0.365638, -0.410855, -0.461894, -0.511446, -0.552982, -0.581618, -0.594287
-0.594287, -0.606811, -0.63408, -0.671249, -0.712201, -0.750862, -0.782356, -0.803539, -0.812763
-0.812763, -0.821788, -0.841103, -0.866622, -0.893522, -0.917547, -0.935947, -0.947625, -0.952511
-0.952511, -0.957164, -0.966652, -0.978051, -0.988293, -0.995354, -0.998879, -0.999921, -0.999995
-0.999995, -0.999824, -0.998568, -0.994742, -0.987333, -0.976748, -0.965055, -0.95536, -0.950616
-0.950616, -0.945638, -0.933758, -0.915078, -0.890737, -0.863529, -0.837752, -0.818259, -0.809156
-0.809156, -0.799853, -0.778501, -0.746776, -0.70786, -0.666666, -0.629301, -0.601899, -0.589317
-0.589317, -0.576592, -0.547835, -0.506138, -0.456417, -0.405226, -0.359893, -0.327235, -0.312395
-0.312395, -0.297479, -0.264103, -0.216473, -0.160763, -0.104535, -0.0556246, -0.0208749, -0.00521362
-0.00521362, 0.010449, 0.0452106, 0.0941596, 0.150463, 0.206282, 0.254032, 0.287508, 0.302473
0.302473, 0.317365, 0.350145, 0.395672, 0.447114, 0.497117, 0.539082, 0.568041, 0.580861
0.580861, 0.593539, 0.621163, 0.658858, 0.700456, 0.7398, 0.771914, 0.793552, 0.802985
0.802985, 0.812221, 0.832013, 0.858224, 0.885949, 0.910823, 0.929976, 0.942195, 0.947328
0.947328, 0.952228, 0.96227, 0.974459, 0.985625, 0.99362, 0.997956, 0.999575, 0.999909
0.999909, 0.999998, 0.999318, 0.996304, 0.98983, 0.98017, 0.96927, 0.960131, 0.955634
0.955634, 0.950904, 0.939568, 0.921643, 0.898156, 0.871778, 0.846697, 0.827685, 0.818794
0.818794, 0.809702, 0.788808, 0.757708, 0.719482, 0.678941, 0.642109, 0.615066, 0.602641
0.602641, 0.590068, 0.56164, 0.520378, 0.471117, 0.420339, 0.375324, 0.342869, 0.328114
0.328114, 0.313279, 0.28007, 0.232642, 0.177117, 0.121022, 0.0721831, 0.0374603, 0.0218046
0.0218046, 0.00614345, -0.0286294, -0.0776284, -0.134039, -0.190018, -0.237949, -0.271577, -0.286617
-0.286617, -0.301587, -0.334555, -0.380379, -0.432211, -0.482652, -0.525033, -0.554308, -0.567275
-0.567275, -0.580104, -0.608075, -0.646285, -0.688518, -0.728535, -0.76126, -0.783346, -0.792985
-0.792985, -0.80243, -0.822694, -0.84959, -0.878132, -0.903849, -0.923748, -0.936506, -0.941884
-0.941884, -0.94703, -0.957623, -0.970599, -0.982687, -0.991612, -0.996758, -0.998953, -0.999547
-0.999547, -0.999896, -0.999793, -0.997592, -0.992054, -0.983323, -0.973218, -0.964637, -0.96039
-0.96039, -0.955908, -0.945119, -0.927954, -0.905327, -0.879786, -0.855408, -0.836882, -0.828206

0.823702, 0.832482, 0.851243, 0.87596, 0.901905, 0.924947, 0.942479, 0.953531, 0.958133
0.958133, 0.9625, 0.97135, 0.981839, 0.991017, 0.997006, 0.999599, 0.999979, 0.999756
0.999756, 0.999287, 0.997369, 0.992613, 0.984136, 0.972491, 0.959894, 0.949565, 0.944538
0.944538, 0.939278, 0.926779, 0.907238, 0.881927, 0.853777, 0.82721, 0.807173, 0.797828
0.797828, 0.788288, 0.766417, 0.733985, 0.694291, 0.652362, 0.614399, 0.586594, 0.573837
0.573837, 0.56094, 0.531817, 0.489635, 0.439403, 0.387757, 0.342074, 0.309195, 0.294262
0.294262, 0.279258, 0.245702, 0.197857, 0.141953, 0.0855918, 0.0366152, 0.00184657, -0.0138158
-0.0138158, -0.0294748, -0.0642117, -0.113087, -0.169248, -0.224864, -0.27239, -0.305681, -0.320556
-0.320556, -0.335352, -0.367906, -0.413076, -0.464054, -0.513538, -0.555011, -0.583599, -0.596246
-0.596246, -0.608746, -0.635963, -0.673053, -0.71391, -0.752469, -0.783872, -0.804987, -0.81418
-0.81418, -0.823174, -0.842418, -0.867835, -0.894614, -0.918513, -0.936803, -0.948401, -0.95325
-0.95325, -0.957866, -0.967274, -0.978556, -0.988662, -0.995586, -0.998991, -0.999949, -0.999985
-0.999985, -0.999776, -0.998435, -0.994489, -0.986944, -0.976222, -0.964413, -0.954637, -0.949856
-0.949856, -0.944843, -0.932883, -0.914092, -0.889626, -0.862298, -0.836419, -0.816856, -0.807721
-0.807721, -0.798388, -0.776969, -0.745153, -0.706136, -0.664847, -0.627405, -0.59995, -0.587347
-0.587347, -0.574599, -0.545794, -0.504034, -0.454247, -0.402997, -0.357618, -0.324931, -0.310079
-0.310079, -0.295151, -0.261752, -0.214093, -0.158357, -0.102111, -0.0531909, -0.0184382, -0.00277641
-0.00277641, 0.012886, 0.0476452, 0.0965857, 0.152872, 0.208666, 0.256388, 0.289841, 0.304795
0.304795, 0.319675, 0.352427, 0.397909, 0.449293, 0.499231, 0.541133, 0.570045, 0.582843
0.582843, 0.595499, 0.623071, 0.660689, 0.702193, 0.741438, 0.773461, 0.795032, 0.804435
0.804435, 0.81364, 0.833362, 0.859472, 0.887077, 0.911826, 0.930869, 0.943009, 0.948105
0.948105, 0.952969, 0.96293, 0.975003, 0.986034, 0.993892, 0.998109, 0.999643, 0.999939
0.999939, 0.999989, 0.999225, 0.996092, 0.98948, 0.979684, 0.968668, 0.959446, 0.954914
0.954914, 0.950147, 0.938731, 0.920694, 0.897081, 0.870581, 0.845397, 0.826314, 0.817392
0.817392, 0.808269, 0.787307, 0.756115, 0.717787, 0.67715, 0.640239, 0.613142, 0.600694
0.600694, 0.588099, 0.559622, 0.518295, 0.468965, 0.418127, 0.373063, 0.340578, 0.325811
0.325811, 0.310963, 0.277729, 0.230271, 0.174718, 0.118602, 0.069752, 0.0350247, 0.0193679
0.0193679, 0.00370624, -0.0310656, -0.0800581, -0.136454, -0.192411, -0.240316, -0.273921, -0.288951
-0.288951, -0.30391, -0.336851, -0.382632, -0.434408, -0.484786, -0.527106, -0.556335, -0.569281
-0.569281, -0.582088, -0.610008, -0.648143, -0.690284, -0.730202, -0.762838, -0.784859, -0.794468
-0.794468, -0.803882, -0.824077, -0.850873, -0.879295, -0.904889, -0.924679, -0.937358, -0.942699
-0.942699, -0.947809, -0.958322, -0.971183, -0.983135, -0.991924, -0.996951, -0.999061, -0.999617

0.338522, 0.353218, 0.385533, 0.430331, 0.480826, 0.529773, 0.57074, 0.598945, 0.611414
0.611414, 0.623733, 0.650533, 0.687005, 0.727105, 0.764866, 0.795545, 0.816131, 0.825081
0.825081, 0.833829, 0.852519, 0.877133, 0.902955, 0.925871, 0.94329, 0.954263, 0.958828
0.958828, 0.963158, 0.971927, 0.982298, 0.99134, 0.997192, 0.999665, 0.999961, 0.999699
0.999699, 0.999192, 0.99719, 0.992314, 0.9837, 0.971921, 0.959208, 0.948798, 0.943734
0.943734, 0.938439, 0.925861, 0.90621, 0.880775, 0.852505, 0.825838, 0.805731, 0.796356
0.796356, 0.786786, 0.764849, 0.732327, 0.692534, 0.650513, 0.612474, 0.584618, 0.57184
0.57184, 0.558921, 0.529751, 0.487508, 0.437212, 0.385509, 0.339783, 0.306876, 0.291932
0.291932, 0.276917, 0.243339, 0.195467, 0.13954, 0.0831633, 0.0341795, -0.000590669, -0.0162528
-0.0162528, -0.0319109, -0.0666437, -0.115508, -0.171649, -0.227238, -0.274735, -0.308001, -0.322864
-0.322864, -0.337647, -0.370171, -0.415294, -0.466211, -0.515628, -0.557037, -0.585576, -0.5982
-0.5982, -0.610678, -0.637842, -0.674854, -0.715615, -0.754072, -0.785383, -0.806431, -0.815593
-0.815593, -0.824556, -0.843729, -0.869044, -0.8957, -0.919474, -0.937653, -0.949171, -0.953984
-0.953984, -0.958564, -0.967889, -0.979055, -0.989025, -0.995812, -0.999098, -0.99997, -0.999968
-0.999968, -0.999721, -0.998295, -0.994231, -0.986548, -0.975691, -0.963766, -0.953909, -0.949092
-0.949092, -0.944042, -0.932003, -0.913101, -0.888511, -0.861061, -0.83508, -0.815448, -0.806282
-0.806282, -0.796918, -0.775432, -0.743525, -0.704408, -0.663025, -0.625505, -0.597999, -0.585372
-0.585372, -0.572602, -0.54375, -0.501928, -0.452074, -0.400765, -0.355341, -0.322625, -0.307761
-0.307761, -0.292822, -0.259399, -0.211712, -0.15595, -0.0996862, -0.050757, -0.0160013, -0.000339171
-0.000339171, 0.015323, 0.0500795, 0.0990112, 0.15528, 0.211049, 0.258744, 0.292173, 0.307116
0.307116, 0.321983, 0.354707, 0.400144, 0.451469, 0.501341, 0.543181, 0.572046, 0.584822
0.584822, 0.597455, 0.624976, 0.662517, 0.703927, 0.743071, 0.775004, 0.796508, 0.80588
0.80588, 0.815055, 0.834707, 0.860716, 0.888199, 0.912824, 0.931757, 0.943818, 0.948878
0.948878, 0.953705, 0.963585, 0.975542, 0.986437, 0.994158, 0.998256, 0.999705, 0.999963
0.999963, 0.999975, 0.999126, 0.995873, 0.989125, 0.979193, 0.968059, 0.958757, 0.954187
0.954187, 0.949384, 0.937888, 0.919741, 0.896002, 0.869379, 0.844093, 0.824939, 0.815985
0.815985, 0.806831, 0.785802, 0.754518, 0.716088, 0.675354, 0.638364, 0.611215, 0.598744
0.598744, 0.586126, 0.5576, 0.516209, 0.466811, 0.415911, 0.370801, 0.338286, 0.323505
0.323505, 0.308646, 0.275387, 0.227899, 0.172317, 0.116182, 0.0673205, 0.0325889, 0.016931
0.016931, 0.00126901, -0.0335015, -0.0824872, -0.138868, -0.194802, -0.242681, -0.276265, -0.291283
-0.291283, -0.306231, -0.339145, -0.384883, -0.436602, -0.486916, -0.529175, -0.558358, -0.571283
-0.571283, -0.584068, -0.611937, -0.649997, -0.692045, -0.731865, -0.764412, -0.786367, -0.795946

-0.27368, -0.258582, -0.224838, -0.17677, -0.120672, -0.0641854, -0.0151557, 0.0196193, 0.0352761
0.035276, 0.0509242, 0.0856181, 0.134388, 0.190364, 0.245728, 0.292982, 0.326048, 0.340815
0.340815, 0.355497, 0.387781, 0.432529, 0.482961, 0.531839, 0.572739, 0.600895, 0.613341
0.613341, 0.625636, 0.652382, 0.688774, 0.728776, 0.766434, 0.797019, 0.817537, 0.826456
0.826456, 0.835172, 0.85379, 0.878301, 0.903999, 0.926789, 0.944097, 0.954988, 0.959517
0.959517, 0.963811, 0.972497, 0.982752, 0.991657, 0.997371, 0.999725, 0.999936, 0.999636
0.999636, 0.999091, 0.997004, 0.99201, 0.983259, 0.971344, 0.958516, 0.948026, 0.942926
0.942926, 0.937594, 0.924937, 0.905177, 0.879618, 0.851229, 0.824461, 0.804285, 0.79488
0.79488, 0.785279, 0.763277, 0.730666, 0.690774, 0.64866, 0.610545, 0.582639, 0.569838
0.569838, 0.556898, 0.527682, 0.485379, 0.435019, 0.383259, 0.33749, 0.304556, 0.2896
0.2896, 0.274574, 0.240974, 0.193076, 0.137126, 0.0807342, 0.0317436, -0.0030279, -0.0186896
-0.0186896, -0.0343468, -0.0690753, -0.117929, -0.17405, -0.229611, -0.277077, -0.310318, -0.325169
-0.325169, -0.33994, -0.372434, -0.41751, -0.468366, -0.517715, -0.55906, -0.58755, -0.600152
-0.600152, -0.612606, -0.639717, -0.67665, -0.717315, -0.755671, -0.786889, -0.807869, -0.817001
-0.817001, -0.825932, -0.845035, -0.870247, -0.896781, -0.92043, -0.938497, -0.949935, -0.954712
-0.954712, -0.959255, -0.968499, -0.979548, -0.989382, -0.996032, -0.999198, -0.999986, -0.999946
-0.999946, -0.999661, -0.99815, -0.993966, -0.986147, -0.975154, -0.963113, -0.953174, -0.948321
-0.948321, -0.943235, -0.931117, -0.912105, -0.88739, -0.859819, -0.833737, -0.814034, -0.804838
-0.804838, -0.795444, -0.773891, -0.741893, -0.702676, -0.661198, -0.623602, -0.596044, -0.583395
-0.583395, -0.570602, -0.541703, -0.499818, -0.449899, -0.398531, -0.353062, -0.320318, -0.305441
-0.305441, -0.29049, -0.257044, -0.209329, -0.153542, -0.0972608, -0.0483228, -0.0135643, 0.00209807
0.00209807, 0.0177599, 0.0525135, 0.101436, 0.157687, 0.213431, 0.261097, 0.294503, 0.309434
0.309434, 0.32429, 0.356985, 0.402376, 0.453642, 0.503448, 0.545226, 0.574043, 0.586797
0.586797, 0.599408, 0.626877, 0.66434, 0.705656, 0.7447, 0.776542, 0.79798, 0.807321
0.807321, 0.816464, 0.836047, 0.861954, 0.889316, 0.913817, 0.932639, 0.94462, 0.949644
0.949644, 0.954435, 0.964234, 0.976075, 0.986834, 0.994418, 0.998397, 0.999761, 0.999981
0.999981, 0.999955, 0.999022, 0.995649, 0.988763, 0.978695, 0.967445, 0.958061, 0.953455
0.953455, 0.948616, 0.93704, 0.918781, 0.894917, 0.868172, 0.842784, 0.823559, 0.814574
0.814574, 0.805389, 0.784293, 0.752916, 0.714385, 0.673555, 0.636486, 0.609284, 0.59679
0.59679, 0.584149, 0.555575, 0.51412, 0.464655, 0.413694, 0.368537, 0.335991, 0.321198
0.321198, 0.306327, 0.273043, 0.225525, 0.169916, 0.113761, 0.0648886, 0.0301528, 0.0144941
0.0144941, -0.00116823, -0.0359373, -0.0849159, -0.141281, -0.197192, -0.245045, -0.278606, -0.293614

-0.78319, -0.773355, -0.750844, -0.717542, -0.67689, -0.63406, -0.595364, -0.567068, -0.554098
-0.554098, -0.540992, -0.511423, -0.468654, -0.417806, -0.365614, -0.319516, -0.286376, -0.271335
-0.271335, -0.256227, -0.222463, -0.174371, -0.118252, -0.061753, -0.0127187, 0.022056, 0.0377117
0.0377117, 0.0533581, 0.0880461, 0.136803, 0.192757, 0.24809, 0.295311, 0.328352, 0.343105
0.343105, 0.357774, 0.390026, 0.434726, 0.485094, 0.533901, 0.574736, 0.602842, 0.615264
0.615264, 0.627535, 0.654227, 0.690539, 0.730443, 0.767997, 0.798489, 0.818938, 0.827826
0.827826, 0.83651, 0.855057, 0.879463, 0.905039, 0.927701, 0.944897, 0.955709, 0.960201
0.960201, 0.964458, 0.973062, 0.9832, 0.991968, 0.997545, 0.999779, 0.999905, 0.999567
0.999567, 0.998984, 0.996813, 0.991699, 0.982812, 0.970762, 0.957818, 0.947247, 0.942111
0.942111, 0.936744, 0.924008, 0.904139, 0.878456, 0.849947, 0.823079, 0.802835, 0.793398
0.793398, 0.783768, 0.7617, 0.728999, 0.68901, 0.646803, 0.608613, 0.580657, 0.567834
0.567834, 0.554872, 0.52561, 0.483246, 0.432823, 0.381007, 0.335195, 0.302233, 0.287267
0.287267, 0.272229, 0.238608, 0.190684, 0.134711, 0.0783047, 0.0293075, -0.00546512, -0.0211264
-0.0211264, -0.0367825, -0.0715065, -0.120348, -0.176449, -0.231982, -0.279418, -0.312634, -0.327473
-0.327473, -0.342231, -0.374695, -0.419724, -0.470518, -0.519798, -0.561079, -0.589521, -0.602099
-0.602099, -0.614531, -0.641589, -0.678443, -0.719011, -0.757265, -0.788391, -0.809303, -0.818404
-0.818404, -0.827304, -0.846336, -0.871445, -0.897857, -0.92138, -0.939336, -0.950694, -0.955434
-0.955434, -0.959941, -0.969103, -0.980036, -0.989733, -0.996246, -0.999293, -0.999996, -0.999918
-0.999918, -0.999594, -0.997999, -0.993696, -0.98574, -0.974611, -0.962455, -0.952435, -0.947545
-0.947545, -0.942423, -0.930225, -0.911103, -0.886263, -0.858572, -0.832389, -0.812616, -0.803389
-0.803389, -0.793964, -0.772345, -0.740257, -0.70094, -0.659368, -0.621695, -0.594085, -0.581413
-0.581413, -0.568599, -0.539653, -0.497706, -0.447721, -0.396295, -0.35078, -0.318008, -0.30312
-0.30312, -0.288157, -0.254688, -0.206945, -0.151133, -0.0948349, -0.0458882, -0.0111273, 0.00453529
0.00453529, 0.0201967, 0.0549473, 0.103861, 0.160093, 0.215811, 0.263449, 0.296831, 0.311751
0.311751, 0.326594, 0.35926, 0.404606, 0.455813, 0.505553, 0.547267, 0.576037, 0.588769
0.588769, 0.601357, 0.628774, 0.66616, 0.70738, 0.746324, 0.778075, 0.799446, 0.808757
0.808757, 0.817869, 0.837381, 0.863187, 0.890428, 0.914804, 0.933515, 0.945417, 0.950405
0.950405, 0.95516, 0.964877, 0.976602, 0.987226, 0.994672, 0.998532, 0.999811, 0.999993
0.999993, 0.999929, 0.998911, 0.995419, 0.988396, 0.978192, 0.966826, 0.95736, 0.952717
0.952717, 0.947842, 0.936186, 0.917816, 0.893827, 0.86696, 0.841469, 0.822174, 0.813158
0.813158, 0.803942, 0.782778, 0.75131, 0.712677, 0.671751, 0.634605, 0.60735, 0.594833
0.594833, 0.58217, 0.553547, 0.512028, 0.462495, 0.411474, 0.36627, 0.333695, 0.318889

-0.998826, -0.997945, -0.995114, -0.989073, -0.979121, -0.966018, -0.952176, -0.940977, -0.93556
-0.93556, -0.929914, -0.916564, -0.895845, -0.869205, -0.839768, -0.812123, -0.791344, -0.781672
-0.781672, -0.771808, -0.749233, -0.715842, -0.675094, -0.632173, -0.593404, -0.565059, -0.552068
-0.552068, -0.538941, -0.509327, -0.4665, -0.415591, -0.363344, -0.317206, -0.28404, -0.268988
-0.268988, -0.25387, -0.220086, -0.17197, -0.115832, -0.0593202, -0.0102816, 0.0244926, 0.0401471
0.0401471, 0.0557917, 0.0904736, 0.139217, 0.195148, 0.25045, 0.297639, 0.330653, 0.345393
0.345393, 0.360049, 0.392269, 0.436919, 0.487224, 0.53596, 0.576728, 0.604784, 0.617183
0.617183, 0.629431, 0.656068, 0.692299, 0.732106, 0.769556, 0.799954, 0.820334, 0.82919
0.82919, 0.837843, 0.856318, 0.880621, 0.906073, 0.928608, 0.945692, 0.956423, 0.960879
0.960879, 0.965099, 0.973621, 0.983642, 0.992274, 0.997713, 0.999827, 0.999869, 0.999492
0.999492, 0.998871, 0.996615, 0.991383, 0.982359, 0.970174, 0.957115, 0.946463, 0.941291
0.941291, 0.935888, 0.923073, 0.903095, 0.877289, 0.848661, 0.821693, 0.801379, 0.791913
0.791913, 0.782252, 0.760118, 0.727329, 0.687241, 0.644942, 0.606678, 0.578671, 0.565826
0.565826, 0.552843, 0.523535, 0.481111, 0.430625, 0.378752, 0.332897, 0.299909, 0.284931
0.284931, 0.269883, 0.236241, 0.188291, 0.132296, 0.0758747, 0.0268712, -0.0079023, -0.023563
-0.023563, -0.0392179, -0.0739373, -0.122768, -0.178848, -0.234352, -0.281758, -0.314948, -0.329775
-0.329775, -0.344521, -0.376953, -0.421935, -0.472667, -0.521879, -0.563094, -0.591487, -0.604044
-0.604044, -0.616451, -0.643456, -0.680231, -0.720703, -0.758854, -0.789888, -0.810733, -0.819802
-0.819802, -0.82867, -0.847631, -0.872638, -0.898927, -0.922324, -0.940169, -0.951447, -0.956151
-0.956151, -0.960621, -0.969701, -0.980517, -0.990079, -0.996454, -0.999382, -1, -0.999883
-0.999883, -0.999522, -0.997842, -0.99342, -0.985327, -0.974063, -0.96179, -0.951689, -0.946763
-0.946763, -0.941605, -0.929328, -0.910096, -0.885132, -0.85732, -0.831036, -0.811194, -0.801935
-0.801935, -0.79248, -0.770795, -0.738616, -0.6992, -0.657534, -0.619784, -0.592123, -0.579429
-0.579429, -0.566593, -0.5376, -0.49559, -0.44554, -0.394056, -0.348497, -0.315696, -0.300796
-0.300796, -0.285823, -0.25233, -0.20456, -0.148724, -0.0924083, -0.0434534, -0.00869016, 0.00697249
0.00697249, 0.0226334, 0.0573807, 0.106284, 0.162499, 0.21819, 0.265799, 0.299158, 0.314066
0.314066, 0.328897, 0.361534, 0.406834, 0.457981, 0.507654, 0.549306, 0.578028, 0.590737
0.590737, 0.603302, 0.630667, 0.667976, 0.709101, 0.747944, 0.779604, 0.800908, 0.810188
0.810188, 0.819269, 0.838711, 0.864415, 0.891535, 0.915786, 0.934386, 0.946209, 0.95116
0.95116, 0.955878, 0.965514, 0.977123, 0.987611, 0.99492, 0.998661, 0.999856, 0.999999
0.999999, 0.999897, 0.998794, 0.995183, 0.988023, 0.977683, 0.9662, 0.956653, 0.951974
0.951974, 0.947062, 0.935326, 0.916846, 0.892731, 0.865743, 0.84015, 0.820784, 0.811737

-0.839677, -0.84808, -0.86599, -0.889478, -0.91396, -0.935501, -0.951707, -0.961806, -0.965975
-0.965975, -0.969907, -0.977787, -0.986891, -0.994455, -0.998818, -1, -0.99938, -0.998705
-0.998705, -0.997786, -0.99487, -0.988711, -0.978623, -0.965386, -0.951429, -0.940149, -0.934697
-0.934697, -0.929015, -0.915587, -0.894759, -0.867997, -0.838442, -0.810699, -0.789852, -0.78015
-0.78015, -0.770256, -0.747616, -0.714138, -0.673294, -0.630283, -0.591441, -0.563047, -0.550034
-0.550034, -0.536886, -0.507228, -0.464342, -0.413373, -0.361073, -0.314894, -0.281702, -0.26664
-0.26664, -0.251512, -0.217708, -0.169569, -0.11341, -0.0568871, -0.00784447, 0.026929, 0.0425822
0.0425822, 0.058225, 0.0929006, 0.14163, 0.197537, 0.252809, 0.299965, 0.332952, 0.34768
0.34768, 0.362322, 0.39451, 0.43911, 0.489351, 0.538016, 0.578718, 0.606724, 0.619099
0.619099, 0.631323, 0.657906, 0.694056, 0.733764, 0.77111, 0.801414, 0.821726, 0.83055
0.83055, 0.839171, 0.857574, 0.881773, 0.907101, 0.92951, 0.946482, 0.957132, 0.961551
0.961551, 0.965734, 0.974174, 0.984078, 0.992573, 0.997874, 0.99987, 0.999826, 0.999412
0.999412, 0.998752, 0.996412, 0.991061, 0.9819, 0.96958, 0.956406, 0.945674, 0.940466
0.940466, 0.935027, 0.922133, 0.902045, 0.876117, 0.847369, 0.820301, 0.799919, 0.790422
0.790422, 0.780731, 0.758532, 0.725654, 0.685469, 0.643078, 0.604738, 0.576681, 0.563815
0.563815, 0.55081, 0.521457, 0.478973, 0.428424, 0.376495, 0.330598, 0.297583, 0.282594
0.282594, 0.267536, 0.233872, 0.185897, 0.12988, 0.0734443, 0.0244348, -0.0103394, -0.0259995
-0.0259995, -0.0416532, -0.0763677, -0.125186, -0.181245, -0.236721, -0.284095, -0.317261, -0.332075
-0.332075, -0.346808, -0.37921, -0.424143, -0.474814, -0.523957, -0.565107, -0.593451, -0.605984
-0.605984, -0.618369, -0.64532, -0.682016, -0.72239, -0.760439, -0.79138, -0.812157, -0.821195
-0.821195, -0.830032, -0.848922, -0.873826, -0.899993, -0.923263, -0.940996, -0.952194, -0.956862
-0.956862, -0.961295, -0.970294, -0.980993, -0.990418, -0.996656, -0.999464, -0.999998, -0.999843
-0.999843, -0.999443, -0.997679, -0.993138, -0.984908, -0.973508, -0.96112, -0.950938, -0.945976
-0.945976, -0.940781, -0.928425, -0.909083, -0.883995, -0.856063, -0.829678, -0.809766, -0.800477
-0.800477, -0.790991, -0.76924, -0.73697, -0.697455, -0.655695, -0.617869, -0.590157, -0.57744
-0.57744, -0.564583, -0.535543, -0.493472, -0.443357, -0.391815, -0.346212, -0.313383, -0.298471
-0.298471, -0.283486, -0.249971, -0.202174, -0.146313, -0.0899812, -0.0410184, -0.00625299, 0.00940964
0.00940964, 0.02507, 0.0598137, 0.108707, 0.164903, 0.220568, 0.268148, 0.301482, 0.316379
0.316379, 0.331198, 0.363805, 0.409059, 0.460146, 0.509752, 0.55134, 0.580015, 0.592702
0.592702, 0.605244, 0.632556, 0.669788, 0.710818, 0.74956, 0.781128, 0.802365, 0.811614
0.811614, 0.820664, 0.840036, 0.865638, 0.892636, 0.916762, 0.935252, 0.946994, 0.95191
0.95191, 0.956591, 0.966146, 0.977639, 0.98799, 0.995163, 0.998784, 0.999894, 0.999999

-0.365458, -0.379992, -0.411924, -0.456127, -0.505857, -0.553959, -0.594131, -0.62174, -0.633931
-0.633931, -0.645966, -0.672117, -0.70763, -0.746559, -0.783086, -0.81265, -0.832421, -0.840998
-0.840998, -0.849369, -0.867207, -0.890589, -0.914946, -0.93636, -0.952452, -0.96247, -0.966603
-0.966603, -0.970498, -0.978295, -0.987282, -0.994708, -0.998934, -0.999996, -0.999291, -0.998578
-0.998578, -0.997621, -0.994621, -0.988342, -0.978119, -0.964747, -0.950676, -0.939316, -0.933828
-0.933828, -0.92811, -0.914604, -0.893668, -0.866784, -0.837111, -0.809269, -0.788355, -0.778623
-0.778623, -0.768699, -0.745995, -0.71243, -0.67149, -0.628389, -0.589474, -0.561031, -0.547997
-0.547997, -0.534829, -0.505126, -0.462183, -0.411152, -0.358799, -0.312579, -0.279363, -0.26429
-0.26429, -0.249152, -0.215328, -0.167166, -0.110989, -0.0544536, -0.00540729, 0.0293653, 0.0450171
0.0450171, 0.0606579, 0.095327, 0.144042, 0.199926, 0.255166, 0.302289, 0.335249, 0.349964
0.349964, 0.364592, 0.396749, 0.441299, 0.491475, 0.540069, 0.580704, 0.608659, 0.621011
0.621011, 0.633211, 0.659739, 0.695809, 0.735417, 0.772659, 0.802869, 0.823112, 0.831905
0.831905, 0.840494, 0.858825, 0.88292, 0.908124, 0.930406, 0.947266, 0.957835, 0.962217
0.962217, 0.966364, 0.974722, 0.984508, 0.992867, 0.99803, 0.999906, 0.999778, 0.999325
0.999325, 0.998627, 0.996203, 0.990732, 0.981436, 0.968981, 0.955691, 0.944878, 0.939634
0.939634, 0.93416, 0.921187, 0.900991, 0.874939, 0.846072, 0.818905, 0.798454, 0.788927
0.788927, 0.779206, 0.756942, 0.723975, 0.683692, 0.641209, 0.602795, 0.574688, 0.5618
0.5618, 0.548774, 0.519376, 0.476832, 0.42622, 0.374236, 0.328297, 0.295256, 0.280256
0.280256, 0.265187, 0.231501, 0.183502, 0.127463, 0.0710134, 0.0219982, -0.0127765, -0.0284358
-0.0284358, -0.0440882, -0.0787975, -0.127604, -0.183641, -0.239088, -0.286431, -0.319571, -0.334373
-0.334373, -0.349092, -0.381464, -0.426349, -0.476957, -0.526031, -0.567116, -0.595411, -0.607921
-0.607921, -0.620282, -0.64718, -0.683796, -0.724073, -0.76202, -0.792867, -0.813577, -0.822584
-0.822584, -0.831389, -0.850207, -0.875008, -0.901052, -0.924197, -0.941818, -0.952936, -0.957567
-0.957567, -0.961964, -0.970881, -0.981463, -0.990752, -0.996852, -0.999541, -0.99999, -0.999797
-0.999797, -0.999359, -0.99751, -0.99285, -0.984483, -0.972948, -0.960444, -0.950181, -0.945182
-0.945182, -0.939952, -0.927517, -0.908065, -0.882853, -0.8548, -0.828315, -0.808333, -0.799014
-0.799014, -0.789498, -0.76768, -0.735321, -0.695707, -0.653853, -0.615951, -0.588187, -0.575449
-0.575449, -0.562569, -0.533483, -0.491351, -0.441171, -0.389571, -0.343924, -0.311067, -0.296144
-0.296144, -0.281148, -0.247611, -0.199787, -0.143902, -0.0875536, -0.038583, -0.00381578, 0.0118467
0.0118467, 0.0275064, 0.0622464, 0.11113, 0.167306, 0.222945, 0.270495, 0.303805, 0.31869
0.31869, 0.333496, 0.366074, 0.411282, 0.462309, 0.511848, 0.553372, 0.581999, 0.594663
0.594663, 0.607183, 0.634442, 0.671595, 0.71253, 0.751171, 0.782647, 0.803817, 0.813036

0.24589, 0.230679, 0.196707, 0.148375, 0.0920573, 0.0354433, -0.0136222, -0.0483805, -0.0640184
-0.0640184, -0.0796406, -0.114252, -0.162847, -0.218534, -0.273519, -0.320372, -0.353116, -0.367726
-0.367726, -0.382245, -0.414144, -0.458294, -0.507958, -0.555986, -0.59609, -0.623647, -0.635814
-0.635814, -0.647824, -0.67392, -0.70935, -0.748178, -0.784599, -0.814068, -0.833769, -0.842314
-0.842314, -0.850652, -0.868418, -0.891695, -0.915927, -0.937212, -0.953192, -0.963129, -0.967224
-0.967224, -0.971083, -0.978797, -0.987666, -0.994956, -0.999043, -0.999986, -0.999196, -0.998445
-0.998445, -0.99745, -0.994365, -0.987968, -0.977609, -0.964103, -0.949917, -0.938477, -0.932953
-0.932953, -0.9272, -0.913616, -0.892572, -0.865566, -0.835775, -0.807835, -0.786853, -0.777091
-0.777091, -0.767138, -0.74437, -0.710717, -0.669682, -0.626491, -0.587503, -0.559012, -0.545957
-0.545957, -0.532768, -0.503021, -0.46002, -0.408929, -0.356523, -0.310263, -0.277022, -0.261939
-0.261939, -0.246791, -0.212948, -0.164763, -0.108566, -0.0520198, -0.00297007, 0.0318014, 0.0474517
0.0474517, 0.0630904, 0.0977529, 0.146454, 0.202313, 0.257522, 0.304611, 0.337544, 0.352246
0.352246, 0.366861, 0.398985, 0.443484, 0.493596, 0.542119, 0.582686, 0.610591, 0.62292
0.62292, 0.635096, 0.661569, 0.697557, 0.737067, 0.774204, 0.80432, 0.824494, 0.833255
0.833255, 0.841812, 0.860071, 0.884062, 0.909142, 0.931297, 0.948044, 0.958532, 0.962878
0.962878, 0.966988, 0.975263, 0.984932, 0.993154, 0.99818, 0.999937, 0.999724, 0.999233
0.999233, 0.998497, 0.995987, 0.990398, 0.980966, 0.968376, 0.954971, 0.944078, 0.938798
0.938798, 0.933287, 0.920236, 0.899931, 0.873756, 0.84477, 0.817503, 0.796984, 0.787427
0.787427, 0.777676, 0.755347, 0.722292, 0.681912, 0.639337, 0.600849, 0.572692, 0.559782
0.559782, 0.546735, 0.517292, 0.474689, 0.424014, 0.371975, 0.325994, 0.292926, 0.277915
0.277915, 0.262836, 0.22913, 0.181105, 0.125045, 0.0685821, 0.0195615, -0.0152135, -0.030872
-0.030872, -0.0465229, -0.081227, -0.130021, -0.186037, -0.241454, -0.288766, -0.32188, -0.336669
-0.336669, -0.351375, -0.383716, -0.428552, -0.479098, -0.528102, -0.569122, -0.597367, -0.609854
-0.609854, -0.622192, -0.649036, -0.685573, -0.725752, -0.763596, -0.79435, -0.814991, -0.823967
-0.823967, -0.832741, -0.851488, -0.876185, -0.902107, -0.925125, -0.942635, -0.953672, -0.958267
-0.958267, -0.962627, -0.971462, -0.981927, -0.99108, -0.997042, -0.999612, -0.999976, -0.999745
-0.999745, -0.999269, -0.997335, -0.992556, -0.984052, -0.972382, -0.959763, -0.949418, -0.944384
-0.944384, -0.939118, -0.926603, -0.907041, -0.881706, -0.853533, -0.826947, -0.806896, -0.797546
-0.797546, -0.787999, -0.766116, -0.733667, -0.693954, -0.652007, -0.614029, -0.586215, -0.573454
-0.573454, -0.560553, -0.53142, -0.489227, -0.438982, -0.387325, -0.341634, -0.30875, -0.293815
-0.293815, -0.278808, -0.245249, -0.197398, -0.141489, -0.0851255, -0.0361475, -0.00137855, 0.0142838
0.0142838, 0.0299426, 0.0646787, 0.113552, 0.169709, 0.22532, 0.272841, 0.306126, 0.320999

0.764974, 0.754793, 0.731528, 0.697202, 0.655429, 0.611546, 0.571998, 0.543133, 0.529915
0.529915, 0.516568, 0.486484, 0.443041, 0.39149, 0.33868, 0.292118, 0.258688, 0.243527
0.243527, 0.228306, 0.194317, 0.145964, 0.0896301, 0.0330074, -0.0160591, -0.0508147, -0.0664505
-0.0664505, -0.0820699, -0.116673, -0.165251, -0.220912, -0.275862, -0.32268, -0.355395, -0.369991
-0.369991, -0.384496, -0.416361, -0.460459, -0.510056, -0.558011, -0.598045, -0.62555, -0.637693
-0.637693, -0.649679, -0.675719, -0.711065, -0.749793, -0.786108, -0.815481, -0.835112, -0.843625
-0.843625, -0.851931, -0.869623, -0.892795, -0.916903, -0.93806, -0.953926, -0.963782, -0.96784
-0.96784, -0.971662, -0.979293, -0.988045, -0.995197, -0.999147, -0.99997, -0.999095, -0.998307
-0.998307, -0.997273, -0.994104, -0.987589, -0.977093, -0.963453, -0.949153, -0.937632, -0.932073
-0.932073, -0.926285, -0.912622, -0.89147, -0.864343, -0.834435, -0.806396, -0.785347, -0.775555
-0.775555, -0.765572, -0.74274, -0.709001, -0.66787, -0.62459, -0.585529, -0.556989, -0.543913
-0.543913, -0.530704, -0.500913, -0.457854, -0.406704, -0.354245, -0.307946, -0.274679, -0.259586
-0.259586, -0.244429, -0.210566, -0.162358, -0.106143, -0.0495858, -0.000532841, 0.0342373, 0.0498861
0.0498861, 0.0655226, 0.100178, 0.148864, 0.2047, 0.259876, 0.306931, 0.339837, 0.354526
0.354526, 0.369127, 0.401218, 0.445667, 0.495714, 0.544165, 0.584665, 0.612519, 0.624825
0.624825, 0.636976, 0.663395, 0.699301, 0.738712, 0.775744, 0.805766, 0.82587, 0.8346
0.8346, 0.843126, 0.861312, 0.885198, 0.910154, 0.932182, 0.948816, 0.959224, 0.963533
0.963533, 0.967606, 0.975799, 0.985351, 0.993436, 0.998324, 0.999961, 0.999663, 0.999134
0.999134, 0.99836, 0.995766, 0.990059, 0.980489, 0.967765, 0.954245, 0.943271, 0.937955
0.937955, 0.932409, 0.91928, 0.898865, 0.872568, 0.843464, 0.816097, 0.79551, 0.785922
0.785922, 0.776141, 0.753748, 0.720604, 0.680127, 0.637461, 0.598899, 0.570692, 0.557761
0.557761, 0.544693, 0.515204, 0.472542, 0.421806, 0.369712, 0.323689, 0.290595, 0.275573
0.275573, 0.260484, 0.226757, 0.178708, 0.122626, 0.0661504, 0.0171247, -0.0176504, -0.033308
-0.033308, -0.0489574, -0.0836559, -0.132437, -0.188431, -0.243819, -0.291098, -0.324186, -0.338963
-0.338963, -0.353656, -0.385965, -0.430753, -0.481236, -0.53017, -0.571124, -0.59932, -0.611784
-0.611784, -0.624098, -0.650888, -0.687345, -0.727427, -0.765167, -0.795828, -0.816401, -0.825346
-0.825346, -0.834088, -0.852764, -0.877357, -0.903156, -0.926047, -0.943446, -0.954402, -0.958961
-0.958961, -0.963284, -0.972037, -0.982386, -0.991401, -0.997227, -0.999677, -0.999956, -0.999687
-0.999687, -0.999173, -0.997154, -0.992256, -0.983616, -0.97181, -0.959075, -0.94865, -0.94358
-0.94358, -0.938277, -0.925684, -0.906012, -0.880553, -0.85226, -0.825574, -0.805454, -0.796073
-0.796073, -0.786497, -0.764547, -0.732009, -0.692197, -0.650157, -0.612104, -0.584238, -0.571456
-0.571456, -0.558533, -0.529354, -0.4871, -0.436791, -0.385077, -0.339343, -0.306431, -0.291485

0.997019, 0.995688, 0.991861, 0.984421, 0.972866, 0.958181, 0.94299, 0.930848, 0.92501
0.925011, 0.918946, 0.904678, 0.882687, 0.854617, 0.823797, 0.794997, 0.773425, 0.763402
0.763402, 0.753192, 0.729864, 0.695453, 0.653586, 0.609616, 0.569998, 0.541084, 0.527847
0.527847, 0.514479, 0.484353, 0.440854, 0.389246, 0.336386, 0.289786, 0.256333, 0.241162
0.241162, 0.225933, 0.191925, 0.143553, 0.0872024, 0.0305714, -0.018496, -0.0532487, -0.0688821
-0.0688821, -0.0844986, -0.119093, -0.167654, -0.223288, -0.278204, -0.324986, -0.357672, -0.372254
-0.372254, -0.386745, -0.418576, -0.462621, -0.51215, -0.560031, -0.599997, -0.62745, -0.639568
-0.639568, -0.65153, -0.677513, -0.712777, -0.751404, -0.787612, -0.816889, -0.83645, -0.844931
-0.844931, -0.853205, -0.870824, -0.89389, -0.917873, -0.938901, -0.954654, -0.964429, -0.968451
-0.968451, -0.972235, -0.979783, -0.988418, -0.995433, -0.999245, -0.999948, -0.998989, -0.998162
-0.998162, -0.99709, -0.993837, -0.987203, -0.976571, -0.962797, -0.948382, -0.936782, -0.931187
-0.931187, -0.925363, -0.911623, -0.890364, -0.863115, -0.833089, -0.804953, -0.783836, -0.774014
-0.774014, -0.764002, -0.741106, -0.70728, -0.666054, -0.622685, -0.583552, -0.554963, -0.541866
-0.541866, -0.528636, -0.498802, -0.455686, -0.404476, -0.351964, -0.305626, -0.272335, -0.257231
-0.257231, -0.242065, -0.208182, -0.159953, -0.103719, -0.0471514, 0.0019044, 0.036673, 0.0523201
0.0523201, 0.0679544, 0.102603, 0.151274, 0.207085, 0.262229, 0.30925, 0.342129, 0.356804
0.356804, 0.371391, 0.40345, 0.447848, 0.497829, 0.546208, 0.586641, 0.614444, 0.626726
0.626726, 0.638853, 0.665216, 0.701042, 0.740352, 0.77728, 0.807207, 0.827242, 0.83594
0.83594, 0.844434, 0.862548, 0.886329, 0.911161, 0.933061, 0.949583, 0.95991, 0.964183
0.964183, 0.968219, 0.976329, 0.985764, 0.993712, 0.998462, 0.99998, 0.999597, 0.99903
0.99903, 0.998218, 0.995539, 0.989713, 0.980007, 0.967148, 0.953514, 0.942459, 0.937107
0.937107, 0.931526, 0.918318, 0.897794, 0.871375, 0.842152, 0.814686, 0.794031, 0.784413
0.784413, 0.774602, 0.752144, 0.718912, 0.678338, 0.635582, 0.596945, 0.568689, 0.555737
0.555737, 0.542647, 0.513114, 0.470393, 0.419595, 0.367446, 0.321382, 0.288262, 0.273229
0.273229, 0.25813, 0.224382, 0.176309, 0.120207, 0.0637183, 0.0146877, -0.0200872, -0.0357438
-0.0357438, -0.0513916, -0.0860844, -0.134852, -0.190824, -0.246181, -0.293429, -0.326491, -0.341255
-0.341255, -0.355935, -0.388212, -0.432951, -0.483371, -0.532235, -0.573123, -0.601269, -0.61371
-0.61371, -0.626001, -0.652737, -0.689113, -0.729097, -0.766734, -0.797302, -0.817806, -0.826719
-0.826719, -0.83543, -0.854034, -0.878524, -0.904199, -0.926964, -0.944251, -0.955127, -0.959649
-0.959649, -0.963936, -0.972606, -0.982838, -0.991717, -0.997405, -0.999736, -0.99993, -0.999623
-0.999623, -0.999071, -0.996968, -0.99195, -0.983174, -0.971233, -0.958382, -0.947876, -0.94277
-0.94277, -0.937432, -0.924759, -0.904978, -0.879396, -0.850983, -0.824196, -0.804007, -0.794596

0.854956, 0.862975, 0.880021, 0.902259, 0.925259, 0.945281, 0.960147, 0.969284, 0.973017
0.973017, 0.976512, 0.983413, 0.991126, 0.997069, 0.999803, 0.999573, 0.997952, 0.996828
0.996828, 0.995459, 0.991548, 0.98399, 0.9723, 0.957481, 0.942176, 0.929954, 0.924082
0.924082, 0.917982, 0.903637, 0.881539, 0.853349, 0.822413, 0.793516, 0.771877, 0.761825
0.761825, 0.751586, 0.728196, 0.6937, 0.65174, 0.607682, 0.567993, 0.539033, 0.525775
0.525775, 0.512388, 0.482219, 0.438666, 0.387, 0.334089, 0.287452, 0.253976, 0.238796
0.238796, 0.223558, 0.189533, 0.14114, 0.0847742, 0.0281352, -0.0209328, -0.0556823, -0.0713133
-0.0713133, -0.0869269, -0.121513, -0.170056, -0.225663, -0.280544, -0.32729, -0.359947, -0.374515
-0.374515, -0.388992, -0.420788, -0.464781, -0.514242, -0.562049, -0.601945, -0.629346, -0.64144
-0.64144, -0.653377, -0.679304, -0.714484, -0.75301, -0.789111, -0.818293, -0.837784, -0.846232
-0.846232, -0.854474, -0.87202, -0.89498, -0.918837, -0.939737, -0.955377, -0.96507, -0.969055
-0.969055, -0.972802, -0.980268, -0.988785, -0.995663, -0.999336, -0.99992, -0.998876, -0.998011
-0.998011, -0.996902, -0.993564, -0.986811, -0.976044, -0.962136, -0.947607, -0.935927, -0.930296
-0.930296, -0.924437, -0.910619, -0.889251, -0.861882, -0.831738, -0.803504, -0.78232, -0.772468
-0.772468, -0.762427, -0.739468, -0.705555, -0.664234, -0.620776, -0.581571, -0.552934, -0.539816
-0.539816, -0.526566, -0.496688, -0.453515, -0.402246, -0.349682, -0.303304, -0.269989, -0.254875
-0.254875, -0.239699, -0.205798, -0.157547, -0.101295, -0.0447167, 0.00434162, 0.0391085, 0.0547539
0.0547539, 0.0703858, 0.105027, 0.153683, 0.209468, 0.26458, 0.311567, 0.344418, 0.359079
0.359079, 0.373653, 0.405678, 0.450026, 0.499942, 0.548248, 0.588613, 0.616365, 0.628623
0.628623, 0.640726, 0.667034, 0.702777, 0.741988, 0.778811, 0.808643, 0.828609, 0.837276
0.837276, 0.845737, 0.863778, 0.887455, 0.912163, 0.933935, 0.950345, 0.96059, 0.964826
0.964826, 0.968825, 0.976853, 0.986171, 0.993982, 0.998594, 0.999992, 0.999525, 0.99892
0.99892, 0.998069, 0.995306, 0.989361, 0.97952, 0.966526, 0.952776, 0.941642, 0.936254
0.936254, 0.930637, 0.91735, 0.896718, 0.870177, 0.840835, 0.813271, 0.792547, 0.782899
0.782899, 0.773058, 0.750535, 0.717216, 0.676545, 0.633698, 0.594988, 0.566683, 0.553709
0.553709, 0.540599, 0.511021, 0.468241, 0.417381, 0.365178, 0.319073, 0.285927, 0.270884
0.270884, 0.255774, 0.222006, 0.17391, 0.117787, 0.0612858, 0.0122507, -0.0225239, -0.0381793
-0.0381793, -0.0538254, -0.0885123, -0.137267, -0.193216, -0.248543, -0.295758, -0.328794, -0.343545
-0.343545, -0.358211, -0.390457, -0.435147, -0.485503, -0.534297, -0.575118, -0.603215, -0.615633
-0.615633, -0.6279, -0.654581, -0.690877, -0.730763, -0.768297, -0.798771, -0.819206, -0.828088
-0.828088, -0.836767, -0.855299, -0.879686, -0.905238, -0.927876, -0.94505, -0.955846, -0.960332
-0.960332, -0.964581, -0.97317, -0.983285, -0.992027, -0.997577, -0.999789, -0.999899, -0.999553

0.392091, 0.406451, 0.437974, 0.481545, 0.530469, 0.577686, 0.617031, 0.64402, 0.655922
0.655922, 0.667664, 0.693145, 0.727668, 0.765394, 0.800657, 0.829082, 0.848022, 0.856218
0.856218, 0.864204, 0.881176, 0.903307, 0.92618, 0.946073, 0.960825, 0.969881, 0.973577
0.973577, 0.977034, 0.983852, 0.991447, 0.997253, 0.999849, 0.999499, 0.997793, 0.996631
0.996631, 0.995224, 0.991228, 0.983552, 0.971727, 0.956775, 0.941357, 0.929056, 0.923148
0.923148, 0.917013, 0.90259, 0.880386, 0.852076, 0.821024, 0.792031, 0.770326, 0.760244
0.760244, 0.749976, 0.726524, 0.691942, 0.649889, 0.605745, 0.565986, 0.536979, 0.5237
0.5237, 0.510293, 0.480083, 0.436474, 0.384752, 0.331791, 0.285117, 0.251618, 0.236429
0.236429, 0.221182, 0.187139, 0.138727, 0.0823455, 0.0256989, -0.0233694, -0.0581156, -0.0737442
-0.0737442, -0.0893547, -0.123931, -0.172458, -0.228037, -0.282883, -0.329592, -0.36222, -0.376774
-0.376774, -0.391236, -0.422998, -0.466937, -0.516331, -0.564063, -0.603889, -0.631238, -0.643308
-0.643308, -0.65522, -0.68109, -0.716187, -0.754611, -0.790606, -0.819691, -0.839112, -0.847528
-0.847528, -0.855737, -0.87321, -0.896065, -0.919796, -0.940568, -0.956094, -0.965706, -0.969654
-0.969654, -0.973364, -0.980747, -0.989146, -0.995886, -0.999422, -0.999886, -0.998758, -0.997855
-0.997855, -0.996707, -0.993285, -0.986414, -0.975511, -0.961468, -0.946825, -0.935066, -0.929399
-0.929399, -0.923505, -0.909609, -0.888134, -0.860643, -0.830383, -0.802051, -0.780799, -0.770918
-0.770918, -0.760848, -0.737825, -0.703826, -0.66241, -0.618863, -0.579586, -0.550902, -0.537763
-0.537763, -0.524492, -0.494572, -0.451342, -0.400013, -0.347398, -0.300981, -0.267641, -0.252518
-0.252518, -0.237332, -0.203412, -0.155139, -0.0988697, -0.0422818, 0.00677882, 0.0415437, 0.0571873
0.0571873, 0.0728168, 0.10745, 0.156091, 0.211851, 0.26693, 0.313882, 0.346705, 0.361353
0.361353, 0.375913, 0.407905, 0.452201, 0.502051, 0.550285, 0.590581, 0.618283, 0.630517
0.630517, 0.642596, 0.668848, 0.704509, 0.74362, 0.780338, 0.810074, 0.829971, 0.838606
0.838606, 0.847035, 0.865004, 0.888576, 0.913159, 0.934804, 0.9511, 0.961265, 0.965464
0.965464, 0.969426, 0.977372, 0.986572, 0.994246, 0.998721, 0.999999, 0.999447, 0.998804
0.998804, 0.997915, 0.995068, 0.989004, 0.979026, 0.965897, 0.952033, 0.940818, 0.935395
0.935395, 0.929742, 0.916377, 0.895637, 0.868973, 0.839513, 0.81185, 0.791058, 0.78138
0.78138, 0.77151, 0.748922, 0.715515, 0.674749, 0.631811, 0.593028, 0.564673, 0.551677
0.551677, 0.538547, 0.508924, 0.466086, 0.415165, 0.362908, 0.316762, 0.283591, 0.268537
0.268537, 0.253417, 0.219629, 0.171509, 0.115367, 0.058853, 0.00981362, -0.0249605, -0.0406147
-0.0406147, -0.056259, -0.0909397, -0.139681, -0.195607, -0.250903, -0.298085, -0.331094, -0.345832
-0.345832, -0.360486, -0.3927, -0.43734, -0.487632, -0.536355, -0.577111, -0.605157, -0.617552
-0.617552, -0.629795, -0.656422, -0.692637, -0.732424, -0.769854, -0.800235, -0.820602, -0.829452

-0.217897, -0.202584, -0.168413, -0.119857, -0.0633665, -0.00667178, 0.0423887, 0.0771017, 0.0927078
0.0927077, 0.108291, 0.142791, 0.19117, 0.246523, 0.301083, 0.347498, 0.379891, 0.394332
0.394332, 0.408677, 0.440163, 0.48368, 0.532534, 0.579674, 0.618947, 0.645882, 0.65776
0.65776, 0.669477, 0.6949, 0.729338, 0.766961, 0.802115, 0.830442, 0.849311, 0.857475
0.857475, 0.865428, 0.882326, 0.90435, 0.927097, 0.94686, 0.961498, 0.970472, 0.974131
0.974131, 0.97755, 0.984285, 0.991763, 0.99743, 0.999888, 0.999418, 0.997629, 0.996428
0.996428, 0.994983, 0.990903, 0.983109, 0.971149, 0.956063, 0.940531, 0.928151, 0.922208
0.922208, 0.916038, 0.901538, 0.879228, 0.850798, 0.81963, 0.790541, 0.768769, 0.758659
0.758659, 0.748362, 0.724847, 0.690181, 0.648035, 0.603804, 0.563975, 0.534921, 0.521623
0.521623, 0.508196, 0.477943, 0.43428, 0.382501, 0.329491, 0.28278, 0.249258, 0.23406
0.23406, 0.218804, 0.184745, 0.136313, 0.0799163, 0.0232624, -0.0258059, -0.0605485, -0.0761745
-0.0761745, -0.0917819, -0.126349, -0.174858, -0.230409, -0.28522, -0.331892, -0.36449, -0.379031
-0.379031, -0.393478, -0.425205, -0.469091, -0.518417, -0.566074, -0.60583, -0.633126, -0.645172
-0.645172, -0.657059, -0.682873, -0.717886, -0.756208, -0.792096, -0.821085, -0.840435, -0.84882
-0.84882, -0.856996, -0.874395, -0.897144, -0.92075, -0.941393, -0.956806, -0.966336, -0.970247
-0.970247, -0.97392, -0.98122, -0.989501, -0.996104, -0.999502, -0.999847, -0.998633, -0.997692
-0.997692, -0.996506, -0.993, -0.98601, -0.974972, -0.960795, -0.946038, -0.934199, -0.928497
-0.928497, -0.922567, -0.908594, -0.887011, -0.8594, -0.829022, -0.800593, -0.779274, -0.769364
-0.769364, -0.759264, -0.736177, -0.702092, -0.660582, -0.616947, -0.577599, -0.548866, -0.535707
-0.535707, -0.522416, -0.492452, -0.449166, -0.397778, -0.345111, -0.298656, -0.265292, -0.250159
-0.250159, -0.234964, -0.201025, -0.152731, -0.0964441, -0.0398466, 0.00921598, 0.0439788, 0.0596204
0.0596204, 0.0752474, 0.109873, 0.158497, 0.214232, 0.269278, 0.316195, 0.34899, 0.363624
0.363624, 0.37817, 0.410129, 0.454373, 0.504157, 0.552318, 0.592546, 0.620196, 0.632406
0.632406, 0.644461, 0.670658, 0.706237, 0.745247, 0.78186, 0.811501, 0.831328, 0.839931
0.839931, 0.848328, 0.866224, 0.889691, 0.91415, 0.935666, 0.95185, 0.961934, 0.966096
0.966096, 0.970021, 0.977885, 0.986967, 0.994504, 0.998841, 1, 0.999363, 0.998681
0.998681, 0.997755, 0.994823, 0.98864, 0.978526, 0.965263, 0.951285, 0.93999, 0.93453
0.93453, 0.928842, 0.915399, 0.89455, 0.867765, 0.838187, 0.810425, 0.789565, 0.779857
0.779857, 0.769957, 0.747305, 0.71381, 0.672948, 0.62992, 0.591063, 0.56266, 0.549643
0.549643, 0.536491, 0.506825, 0.463928, 0.412946, 0.360636, 0.314449, 0.281253, 0.266189
0.266189, 0.251059, 0.217251, 0.169107, 0.112945, 0.0564198, 0.00737647, -0.0273969, -0.0430498
-0.0430498, -0.0586922, -0.0933666, -0.142093, -0.197996, -0.253262, -0.300411, -0.333393, -0.348118

-0.746124, -0.735605, -0.711606, -0.676286, -0.633425, -0.588526, -0.548159, -0.518747, -0.505293
-0.505293, -0.491716, -0.461142, -0.417061, -0.36485, -0.311465, -0.264477, -0.230785, -0.215517
-0.215517, -0.200197, -0.16601, -0.117437, -0.0609339, -0.00423458, 0.0448236, 0.0795314, 0.0951342
0.0951342, 0.110714, 0.145203, 0.193562, 0.248884, 0.303406, 0.349782, 0.382144, 0.396571
0.396571, 0.4109, 0.442351, 0.485811, 0.534595, 0.581658, 0.62086, 0.647741, 0.659594
0.659594, 0.671285, 0.69665, 0.731003, 0.768522, 0.803568, 0.831798, 0.850595, 0.858726
0.858726, 0.866647, 0.88347, 0.905387, 0.928007, 0.947641, 0.962165, 0.971057, 0.974678
0.974678, 0.978061, 0.984713, 0.992072, 0.997602, 0.999921, 0.999332, 0.997458, 0.996219
0.996219, 0.994737, 0.990572, 0.98266, 0.970565, 0.955346, 0.939701, 0.927241, 0.921263
0.921263, 0.915058, 0.900481, 0.878064, 0.849515, 0.818231, 0.789046, 0.767208, 0.757068
0.757068, 0.746743, 0.723166, 0.688415, 0.646177, 0.601859, 0.56196, 0.53286, 0.519542
0.519542, 0.506095, 0.475801, 0.432083, 0.380248, 0.327189, 0.280441, 0.246897, 0.23169
0.23169, 0.216425, 0.182349, 0.133898, 0.0774866, 0.0208257, -0.0282422, -0.0629811, -0.0786045
-0.0786045, -0.0942085, -0.128767, -0.177257, -0.23278, -0.287555, -0.33419, -0.366759, -0.381285
-0.381285, -0.395717, -0.427409, -0.471242, -0.520499, -0.568081, -0.607767, -0.635011, -0.647032
-0.647032, -0.658895, -0.684651, -0.719581, -0.757801, -0.793582, -0.822473, -0.841753, -0.850106
-0.850106, -0.858249, -0.875575, -0.898218, -0.921698, -0.942212, -0.957511, -0.96696, -0.970834
-0.970834, -0.97447, -0.981687, -0.98985, -0.996316, -0.999576, -0.999801, -0.998503, -0.997524
-0.997524, -0.9963, -0.992709, -0.985601, -0.974427, -0.960117, -0.945246, -0.933327, -0.927589
-0.927589, -0.921624, -0.907573, -0.885883, -0.858151, -0.827657, -0.79913, -0.777745, -0.767804
-0.767804, -0.757676, -0.734526, -0.700355, -0.658751, -0.615027, -0.575607, -0.546827, -0.533647
-0.533647, -0.520336, -0.490329, -0.446987, -0.395541, -0.342823, -0.296329, -0.262942, -0.247798
-0.247798, -0.232594, -0.198637, -0.150322, -0.0940179, -0.0374112, 0.0116531, 0.0464135, 0.0620531
0.0620531, 0.0776775, 0.112295, 0.160903, 0.216612, 0.271624, 0.318506, 0.351273, 0.365894
0.365894, 0.380425, 0.412351, 0.456543, 0.506261, 0.554349, 0.594508, 0.622106, 0.634292
0.634292, 0.646323, 0.672464, 0.70796, 0.74687, 0.783377, 0.812923, 0.83268, 0.841251
0.841251, 0.849615, 0.867439, 0.890801, 0.915135, 0.936524, 0.952595, 0.962597, 0.966723
0.966723, 0.970611, 0.978391, 0.987356, 0.994756, 0.998955, 0.999994, 0.999273, 0.998553
0.998553, 0.997589, 0.994572, 0.988271, 0.978021, 0.964624, 0.950531, 0.939155, 0.93366
0.93366, 0.927936, 0.914415, 0.893458, 0.866551, 0.836855, 0.808994, 0.788067, 0.778329
0.778329, 0.7684, 0.745683, 0.712101, 0.671143, 0.628025, 0.589096, 0.560643, 0.547605
0.547605, 0.534433, 0.504722, 0.461767, 0.410726, 0.358362, 0.312135, 0.278913, 0.263839

-0.994386, -0.992607, -0.987786, -0.978954, -0.965806, -0.94955, -0.933023, -0.919948, -0.913695
-0.913695, -0.907218, -0.892043, -0.868799, -0.839322, -0.807143, -0.777213, -0.754864, -0.744499
-0.744499, -0.733951, -0.709892, -0.674488, -0.631537, -0.586554, -0.546119, -0.516662, -0.503188
-0.503188, -0.489592, -0.458978, -0.414844, -0.36258, -0.309148, -0.262126, -0.228413, -0.213137
-0.213137, -0.197808, -0.163606, -0.115016, -0.058501, -0.00179736, 0.0472583, 0.0819607, 0.0975601
0.0975601, 0.113136, 0.147614, 0.195952, 0.251244, 0.305728, 0.352064, 0.384395, 0.398807
0.398807, 0.413121, 0.444535, 0.48794, 0.536653, 0.583639, 0.622768, 0.649596, 0.661424
0.661424, 0.673089, 0.698397, 0.732664, 0.770079, 0.805016, 0.833148, 0.851874, 0.859972
0.859972, 0.86786, 0.884609, 0.90642, 0.928913, 0.948416, 0.962826, 0.971636, 0.975221
0.975221, 0.978566, 0.985134, 0.992375, 0.997768, 0.999949, 0.99924, 0.997281, 0.996005
0.996005, 0.994484, 0.990236, 0.982205, 0.969975, 0.954623, 0.938864, 0.926326, 0.920312
0.920312, 0.914072, 0.899419, 0.876895, 0.848226, 0.816827, 0.787546, 0.765643, 0.755474
0.755474, 0.74512, 0.72148, 0.686645, 0.644315, 0.599911, 0.559943, 0.530796, 0.517458
0.517458, 0.503992, 0.473656, 0.429884, 0.377993, 0.324885, 0.278101, 0.244535, 0.229318
0.229318, 0.214045, 0.179952, 0.131482, 0.0750565, 0.018389, -0.0306784, -0.0654133, -0.0810339
-0.0810339, -0.0966347, -0.131183, -0.179655, -0.23515, -0.289888, -0.336486, -0.369025, -0.383537
-0.383537, -0.397954, -0.429612, -0.47339, -0.522579, -0.570086, -0.609701, -0.636892, -0.648889
-0.648889, -0.660726, -0.686426, -0.721271, -0.759389, -0.795062, -0.823857, -0.843067, -0.851386
-0.851386, -0.859497, -0.87675, -0.899287, -0.922641, -0.943026, -0.958212, -0.967578, -0.971416
-0.971416, -0.975014, -0.982149, -0.990194, -0.996522, -0.999644, -0.999749, -0.998367, -0.997349
-0.997349, -0.996087, -0.992412, -0.985186, -0.973877, -0.959433, -0.944447, -0.932449, -0.926676
-0.926676, -0.920675, -0.906547, -0.88475, -0.856897, -0.826287, -0.797662, -0.77621, -0.766241
-0.766241, -0.756083, -0.73287, -0.698613, -0.656915, -0.613103, -0.573613, -0.544785, -0.531584
-0.531584, -0.518253, -0.488204, -0.444805, -0.393302, -0.340532, -0.294, -0.260589, -0.245436
-0.245436, -0.230223, -0.196248, -0.147912, -0.0915912, -0.0349755, 0.0140901, 0.048848, 0.0644855
0.0644855, 0.0801071, 0.114717, 0.163308, 0.218991, 0.273969, 0.320816, 0.353554, 0.368161
0.368161, 0.382678, 0.41457, 0.45871, 0.508361, 0.556375, 0.596466, 0.624013, 0.636175
0.636175, 0.648181, 0.674266, 0.709679, 0.748489, 0.784889, 0.81434, 0.834027, 0.842566
0.842566, 0.850898, 0.86865, 0.891906, 0.916115, 0.937375, 0.953333, 0.963255, 0.967343
0.967343, 0.971194, 0.978892, 0.987739, 0.995003, 0.999064, 0.999983, 0.999177, 0.998419
0.998419, 0.997417, 0.994316, 0.987896, 0.97751, 0.963978, 0.949771, 0.938315, 0.932784
0.932784, 0.927025, 0.913426, 0.892361, 0.865332, 0.835518, 0.807559, 0.786564, 0.776796

-0.869528, -0.877156, -0.893323, -0.914293, -0.935791, -0.954277, -0.967792, -0.97596, -0.979254
-0.979254, -0.982307, -0.988225, -0.994541, -0.998858, -0.99996, -0.998318, -0.995698, -0.994125
-0.994125, -0.992308, -0.987404, -0.978454, -0.965171, -0.948783, -0.932143, -0.91899, -0.912702
-0.912702, -0.90619, -0.890938, -0.86759, -0.837994, -0.805702, -0.775677, -0.753264, -0.74287
-0.74287, -0.732294, -0.708173, -0.672687, -0.629646, -0.584578, -0.544076, -0.514573, -0.501081
-0.501081, -0.487465, -0.456812, -0.412625, -0.360307, -0.30683, -0.259773, -0.22604, -0.210755
-0.210755, -0.195419, -0.161201, -0.112595, -0.0560678, 0.000639882, 0.0496927, 0.0843895, 0.0999854
0.0999854, 0.115557, 0.150024, 0.198342, 0.253603, 0.308047, 0.354345, 0.386644, 0.401041
0.401041, 0.415339, 0.446717, 0.490066, 0.538708, 0.585616, 0.624673, 0.651447, 0.66325
0.66325, 0.67489, 0.700139, 0.734321, 0.771632, 0.80646, 0.834494, 0.853148, 0.861214
0.861214, 0.869068, 0.885743, 0.907446, 0.929812, 0.949186, 0.963481, 0.972209, 0.975757
0.975757, 0.979065, 0.98555, 0.992673, 0.997927, 0.999971, 0.999142, 0.997099, 0.995784
0.995784, 0.994225, 0.989893, 0.981745, 0.969379, 0.953894, 0.938022, 0.925405, 0.919356
0.919356, 0.913081, 0.898351, 0.875721, 0.846933, 0.815419, 0.786042, 0.764073, 0.753875
0.753875, 0.743492, 0.71979, 0.684871, 0.642449, 0.597959, 0.557922, 0.528729, 0.51537
0.51537, 0.501885, 0.471508, 0.427682, 0.375735, 0.322579, 0.275759, 0.242171, 0.226945
0.226945, 0.211664, 0.177554, 0.129066, 0.0726259, 0.0159521, -0.0331144, -0.0678452, -0.0834629
-0.0834629, -0.0990602, -0.133599, -0.182052, -0.237518, -0.29222, -0.338781, -0.371289, -0.385786
-0.385786, -0.400189, -0.431811, -0.475536, -0.524655, -0.572086, -0.611631, -0.638769, -0.650741
-0.650741, -0.662554, -0.688196, -0.722957, -0.760972, -0.796538, -0.825236, -0.844375, -0.852662
-0.852662, -0.860741, -0.87792, -0.90035, -0.923578, -0.943834, -0.958906, -0.968191, -0.971991
-0.971991, -0.975553, -0.982604, -0.990531, -0.996722, -0.999706, -0.999692, -0.998224, -0.997169
-0.997169, -0.995869, -0.99211, -0.984765, -0.97332, -0.958743, -0.943644, -0.931566, -0.925757
-0.925757, -0.919721, -0.905515, -0.883611, -0.855638, -0.824911, -0.79619, -0.774671, -0.764672
-0.764672, -0.754485, -0.731209, -0.696867, -0.655075, -0.611176, -0.571615, -0.542739, -0.529518
-0.529518, -0.516167, -0.486075, -0.442621, -0.39106, -0.338239, -0.29167, -0.258236, -0.243073
-0.243073, -0.227851, -0.193858, -0.145501, -0.089164, -0.0325397, 0.0165271, 0.0512822, 0.0669174
0.0669174, 0.0825363, 0.117138, 0.165712, 0.221368, 0.276312, 0.323123, 0.355832, 0.370426
0.370426, 0.384928, 0.416786, 0.460875, 0.510458, 0.558399, 0.59842, 0.625915, 0.638053
0.638053, 0.650035, 0.676064, 0.711394, 0.750103, 0.786397, 0.815752, 0.83537, 0.843876
0.843876, 0.852176, 0.869854, 0.893006, 0.917089, 0.938222, 0.954066, 0.963906, 0.967958
0.967958, 0.971772, 0.979388, 0.988117, 0.995243, 0.999166, 0.999966, 0.999075, 0.998279

-0.4184, -0.432574, -0.463661, -0.506565, -0.554642, -0.600935, -0.63942, -0.665766, -0.677371
-0.677371, -0.688809, -0.713599, -0.747105, -0.783596, -0.817565, -0.844828, -0.86292, -0.870729
-0.870729, -0.878324, -0.894415, -0.915277, -0.936647, -0.955003, -0.968402, -0.976488, -0.979745
-0.979745, -0.982761, -0.988595, -0.994792, -0.998971, -0.999935, -0.998174, -0.99547, -0.993858
-0.993858, -0.992003, -0.987015, -0.977948, -0.964531, -0.94801, -0.931258, -0.918026, -0.911703
-0.911703, -0.905156, -0.889829, -0.866375, -0.836662, -0.804256, -0.774136, -0.751658, -0.741236
-0.741236, -0.730632, -0.70645, -0.670882, -0.62775, -0.582599, -0.542029, -0.512482, -0.49897
-0.49897, -0.485336, -0.454642, -0.410404, -0.358033, -0.304509, -0.257418, -0.223665, -0.208372
-0.208372, -0.193028, -0.158795, -0.110173, -0.0536342, 0.00307712, 0.0521267, 0.0868178, 0.10241
0.10241, 0.117977, 0.152433, 0.20073, 0.255959, 0.310365, 0.356623, 0.388891, 0.403272
0.403272, 0.417555, 0.448896, 0.492189, 0.54076, 0.58759, 0.626575, 0.653294, 0.665072
0.665072, 0.676686, 0.701877, 0.735973, 0.77318, 0.807898, 0.835834, 0.854417, 0.86245
0.86245, 0.870271, 0.886872, 0.908468, 0.930707, 0.94995, 0.964131, 0.972777, 0.976287
0.976287, 0.979558, 0.98596, 0.992964, 0.998081, 0.999986, 0.999039, 0.99691, 0.995558
0.995558, 0.993961, 0.989544, 0.981278, 0.968778, 0.95316, 0.937175, 0.924479, 0.918394
0.918394, 0.912085, 0.897277, 0.874542, 0.845634, 0.814006, 0.784533, 0.762498, 0.752271
0.752271, 0.74186, 0.718096, 0.683093, 0.640579, 0.596004, 0.555898, 0.526659, 0.51328
0.51328, 0.499776, 0.469357, 0.425478, 0.373475, 0.320271, 0.273416, 0.239805, 0.224571
0.224571, 0.209281, 0.175155, 0.126649, 0.0701949, 0.0135151, -0.0355502, -0.0702766, -0.0858914
-0.0858914, -0.101485, -0.136014, -0.184448, -0.239885, -0.29455, -0.341073, -0.373551, -0.388034
-0.388034, -0.402421, -0.434008, -0.477678, -0.526729, -0.574084, -0.613557, -0.640642, -0.65259
-0.65259, -0.664377, -0.689962, -0.724639, -0.762551, -0.798009, -0.82661, -0.845678, -0.853933
-0.853933, -0.861979, -0.879084, -0.901408, -0.92451, -0.944636, -0.959595, -0.968798, -0.972561
-0.972561, -0.976086, -0.983054, -0.990863, -0.996917, -0.999762, -0.999628, -0.998076, -0.996983
-0.996983, -0.995645, -0.991801, -0.984339, -0.972758, -0.958047, -0.942834, -0.930677, -0.924833
-0.924833, -0.918762, -0.904479, -0.882467, -0.854374, -0.823531, -0.794713, -0.773128, -0.763099
-0.763099, -0.752884, -0.729544, -0.695117, -0.653232, -0.609245, -0.569613, -0.540691, -0.527449
-0.527449, -0.514078, -0.483944, -0.440434, -0.388815, -0.335945, -0.289338, -0.25588, -0.240708
-0.240708, -0.225477, -0.191466, -0.14309, -0.0867362, -0.0301036, 0.0189639, 0.053716, 0.069349
0.069349, 0.084965, 0.119558, 0.168115, 0.223745, 0.278654, 0.325429, 0.358109, 0.372689
0.372689, 0.387177, 0.419001, 0.463036, 0.512552, 0.560419, 0.600371, 0.627814, 0.639928
0.639928, 0.651885, 0.677857, 0.713105, 0.751712, 0.7879, 0.817159, 0.836707, 0.845182

0.189723, 0.174322, 0.139979, 0.0912401, 0.0346232, -0.0221052, -0.0711202, -0.105759, -0.12132
-0.12132, -0.136852, -0.171212, -0.219335, -0.274308, -0.328398, -0.374336, -0.406351, -0.420612
-0.420612, -0.43477, -0.465819, -0.508664, -0.556668, -0.602881, -0.641291, -0.667583, -0.679162
-0.679162, -0.690574, -0.715304, -0.748723, -0.785108, -0.818966, -0.846129, -0.864149, -0.871925
-0.871925, -0.879487, -0.895503, -0.916256, -0.937498, -0.955723, -0.969007, -0.977011, -0.98023
-0.98023, -0.983209, -0.988959, -0.995038, -0.999079, -0.999905, -0.998023, -0.995235, -0.993586
-0.993586, -0.991693, -0.986621, -0.977436, -0.963885, -0.947231, -0.930367, -0.917057, -0.910699
-0.910699, -0.904118, -0.888714, -0.865155, -0.835324, -0.802805, -0.772591, -0.750049, -0.739598
-0.739598, -0.728966, -0.704723, -0.669072, -0.625851, -0.580616, -0.539979, -0.510388, -0.496856
-0.496856, -0.483203, -0.45247, -0.40818, -0.355756, -0.302187, -0.255063, -0.221289, -0.205988
-0.205988, -0.190636, -0.156389, -0.10775, -0.0512003, 0.00551433, 0.0545605, 0.0892455, 0.104834
0.104834, 0.120397, 0.154841, 0.203117, 0.258315, 0.312681, 0.358899, 0.391135, 0.405501
0.405501, 0.419768, 0.451073, 0.494309, 0.542808, 0.58956, 0.628472, 0.655137, 0.66689
0.66689, 0.678479, 0.703611, 0.737621, 0.774723, 0.809332, 0.83717, 0.855681, 0.863681
0.863681, 0.871469, 0.887995, 0.909484, 0.931595, 0.950709, 0.964775, 0.973339, 0.976812
0.976812, 0.980045, 0.986364, 0.99325, 0.998229, 0.999996, 0.998929, 0.996716, 0.995325
0.995325, 0.99369, 0.98919, 0.980806, 0.968171, 0.95242, 0.936322, 0.923547, 0.917427
0.917427, 0.911083, 0.896199, 0.873357, 0.844331, 0.812588, 0.783019, 0.760919, 0.750663
0.750663, 0.740223, 0.716398, 0.681311, 0.638706, 0.594045, 0.55387, 0.524586, 0.511187
0.511187, 0.497663, 0.467204, 0.423271, 0.371213, 0.317961, 0.271071, 0.237439, 0.222195
0.222195, 0.206897, 0.172755, 0.124231, 0.0677634, 0.0110781, -0.0379858, -0.0727076, -0.0883194
-0.0883194, -0.10391, -0.138428, -0.186843, -0.24225, -0.296878, -0.343363, -0.375811, -0.390279
-0.390279, -0.404651, -0.436203, -0.479818, -0.528799, -0.576077, -0.61548, -0.642512, -0.654435
-0.654435, -0.666197, -0.691724, -0.726316, -0.764126, -0.799476, -0.82798, -0.846976, -0.855199
-0.855199, -0.863212, -0.880243, -0.90246, -0.925436, -0.945433, -0.960277, -0.969399, -0.973125
-0.973125, -0.976613, -0.983498, -0.991189, -0.997105, -0.999812, -0.999559, -0.997922, -0.996791
-0.996791, -0.995415, -0.991487, -0.983906, -0.97219, -0.957345, -0.942019, -0.929782, -0.923903
-0.923903, -0.917797, -0.903436, -0.881318, -0.853105, -0.822146, -0.793231, -0.77158, -0.761522
-0.761522, -0.751277, -0.727875, -0.693363, -0.651385, -0.607311, -0.567608, -0.538639, -0.525377
-0.525377, -0.511986, -0.481809, -0.438245, -0.386569, -0.333648, -0.287004, -0.253523, -0.238342
-0.238342, -0.223102, -0.189073, -0.140677, -0.0843079, -0.0276674, 0.0214007, 0.0561496, 0.0717802
0.0717802, 0.0873931, 0.121977, 0.170518, 0.226119, 0.280993, 0.327732, 0.360384, 0.374949

0.726657, 0.715808, 0.691095, 0.654809, 0.610897, 0.565019, 0.523865, 0.493932, 0.480253
0.480253, 0.466456, 0.435419, 0.390735, 0.337908, 0.283993, 0.236617, 0.202691, 0.18733
0.18733, 0.171922, 0.137566, 0.0888128, 0.0321873, -0.0245418, -0.073551, -0.108182, -0.123739
-0.123739, -0.139266, -0.173613, -0.221712, -0.276651, -0.330699, -0.376595, -0.408577, -0.422822
-0.422822, -0.436963, -0.467974, -0.510761, -0.558691, -0.604824, -0.64316, -0.669395, -0.680949
-0.680949, -0.692335, -0.717005, -0.750336, -0.786615, -0.820362, -0.847426, -0.865373, -0.873116
-0.873116, -0.880644, -0.896585, -0.91723, -0.938344, -0.956437, -0.969607, -0.977527, -0.980709
-0.980709, -0.98365, -0.989317, -0.995277, -0.99918, -0.999868, -0.997867, -0.994994, -0.993307
-0.993307, -0.991376, -0.98622, -0.976918, -0.963233, -0.946447, -0.929471, -0.916082, -0.909689
-0.909689, -0.903073, -0.887594, -0.86393, -0.833982, -0.80135, -0.771042, -0.748434, -0.737955
-0.737955, -0.727295, -0.702992, -0.667259, -0.623949, -0.57863, -0.537926, -0.50829, -0.49474
-0.49474, -0.481068, -0.450295, -0.405954, -0.353477, -0.299862, -0.252705, -0.218911, -0.203602
-0.203602, -0.188243, -0.153981, -0.105327, -0.0487662, 0.00795151, 0.0569939, 0.0916728, 0.107258
0.107258, 0.122816, 0.157249, 0.205503, 0.260668, 0.314995, 0.361172, 0.393377, 0.407728
0.407728, 0.421979, 0.453247, 0.496427, 0.544854, 0.591527, 0.630366, 0.656977, 0.668704
0.668704, 0.680267, 0.705341, 0.739264, 0.776262, 0.810761, 0.8385, 0.856939, 0.864907
0.864907, 0.872662, 0.889113, 0.910494, 0.932478, 0.951462, 0.965414, 0.973895, 0.977331
0.977331, 0.980527, 0.986762, 0.99353, 0.998371, 1, 0.998813, 0.996515, 0.995087
0.995087, 0.993414, 0.98883, 0.980328, 0.967558, 0.951674, 0.935463, 0.922609, 0.916455
0.916455, 0.910075, 0.895115, 0.872167, 0.843023, 0.811165, 0.781501, 0.759335, 0.749051
0.749051, 0.738583, 0.714695, 0.679525, 0.636829, 0.592083, 0.551839, 0.522509, 0.509091
0.509091, 0.495548, 0.465048, 0.421061, 0.368949, 0.315649, 0.268724, 0.23507, 0.219818
0.219818, 0.204512, 0.170354, 0.121812, 0.0653316, 0.00864095, -0.0404212, -0.0751381, -0.0907468
-0.0907468, -0.106333, -0.140842, -0.189237, -0.244614, -0.299205, -0.345651, -0.378068, -0.392522
-0.392522, -0.406879, -0.438394, -0.481955, -0.530866, -0.578068, -0.617399, -0.644378, -0.656275
-0.656275, -0.668012, -0.693482, -0.727989, -0.765695, -0.800937, -0.829344, -0.84827, -0.85646
-0.85646, -0.86444, -0.881397, -0.903508, -0.926357, -0.946225, -0.960955, -0.969995, -0.973684
-0.973684, -0.977134, -0.983936, -0.991508, -0.997287, -0.999857, -0.999484, -0.997762, -0.996593
-0.996593, -0.995178, -0.991167, -0.983468, -0.971616, -0.956638, -0.941199, -0.928882, -0.922968
-0.922968, -0.916826, -0.902389, -0.880164, -0.851831, -0.820756, -0.791745, -0.770027, -0.75994
-0.75994, -0.749666, -0.726202, -0.691604, -0.649534, -0.605372, -0.5656, -0.536584, -0.523302
-0.523302, -0.509891, -0.479672, -0.436053, -0.38432, -0.33135, -0.284668, -0.251165, -0.235974

0.990929, 0.988703, 0.982894, 0.972676, 0.957946, 0.940132, 0.922283, 0.908286, 0.901622
0.901622, 0.894737, 0.878668, 0.854191, 0.823331, 0.789822, 0.758785, 0.735679, 0.72498
0.72498, 0.714104, 0.689332, 0.652965, 0.608965, 0.563006, 0.521788, 0.491811, 0.478114
0.478114, 0.464299, 0.433223, 0.38849, 0.335613, 0.281655, 0.234248, 0.200304, 0.184935
0.184935, 0.16952, 0.135151, 0.0863849, 0.0297512, -0.0269782, -0.0759814, -0.110605, -0.126157
-0.126157, -0.141679, -0.176012, -0.224088, -0.278992, -0.332998, -0.378851, -0.4108, -0.425029
-0.425029, -0.439154, -0.470126, -0.512855, -0.560711, -0.606763, -0.645024, -0.671204, -0.682731
-0.682731, -0.694092, -0.718702, -0.751945, -0.788117, -0.821754, -0.848717, -0.866592, -0.874301
-0.874301, -0.881796, -0.897662, -0.918198, -0.939183, -0.957146, -0.9702, -0.978038, -0.981183
-0.981183, -0.984086, -0.98967, -0.995511, -0.999276, -0.999825, -0.997705, -0.994748, -0.993023
-0.993023, -0.991054, -0.985814, -0.976394, -0.962575, -0.945658, -0.928569, -0.915102, -0.908675
-0.908675, -0.902024, -0.886469, -0.8627, -0.832635, -0.79989, -0.769487, -0.746816, -0.736308
-0.736308, -0.72562, -0.701257, -0.665442, -0.622042, -0.576641, -0.53587, -0.50619, -0.49262
-0.49262, -0.47893, -0.448118, -0.403726, -0.351196, -0.297536, -0.250346, -0.216532, -0.201215
-0.201215, -0.185849, -0.151572, -0.102903, -0.0463317, 0.0103886, 0.0594271, 0.0940995, 0.109681
0.109681, 0.125235, 0.159655, 0.207887, 0.263021, 0.317307, 0.363444, 0.395616, 0.409952
0.409952, 0.424188, 0.455418, 0.498541, 0.546896, 0.593491, 0.632256, 0.658812, 0.670514
0.670514, 0.682052, 0.707067, 0.740903, 0.777796, 0.812186, 0.839826, 0.858193, 0.866127
0.866127, 0.87385, 0.890226, 0.911499, 0.933356, 0.952209, 0.966046, 0.974445, 0.977844
0.977844, 0.981003, 0.987155, 0.993803, 0.998507, 0.999998, 0.998691, 0.996309, 0.994843
0.994843, 0.993132, 0.988463, 0.979844, 0.966939, 0.950923, 0.934599, 0.921666, 0.915477
0.915477, 0.909062, 0.894025, 0.870972, 0.841709, 0.809737, 0.779978, 0.757747, 0.747434
0.747434, 0.736937, 0.712989, 0.677735, 0.634948, 0.590117, 0.549805, 0.520429, 0.506992
0.506992, 0.493429, 0.462889, 0.41885, 0.366683, 0.313336, 0.266375, 0.232701, 0.21744
0.21744, 0.202126, 0.167951, 0.119393, 0.0628994, 0.00620378, -0.0428563, -0.0775683, -0.0931737
-0.0931737, -0.108756, -0.143254, -0.191629, -0.246977, -0.301529, -0.347937, -0.380324, -0.394762
-0.394762, -0.409104, -0.440584, -0.484089, -0.53293, -0.580055, -0.619315, -0.646239, -0.658112
-0.658112, -0.669824, -0.695236, -0.729658, -0.767261, -0.802394, -0.830703, -0.849558, -0.857715
-0.857715, -0.865662, -0.882546, -0.90455, -0.927272, -0.94701, -0.961626, -0.970584, -0.974236
-0.974236, -0.977649, -0.984368, -0.991822, -0.997464, -0.999895, -0.999402, -0.997596, -0.996389
-0.996389, -0.994936, -0.99084, -0.983023, -0.971037, -0.955926, -0.940372, -0.927977, -0.922027
-0.922027, -0.91585, -0.901336, -0.879005, -0.850552, -0.819362, -0.790254, -0.76847, -0.758354

0.883379, 0.890611, 0.905885, 0.92557, 0.945548, 0.962484, 0.974635, 0.981827, 0.984679
0.984679, 0.987289, 0.992219, 0.997132, 0.999819, 0.999289, 0.996236, 0.99262, 0.990599
0.990599, 0.988335, 0.982442, 0.972108, 0.957244, 0.939299, 0.921338, 0.907264, 0.900565
0.900565, 0.893646, 0.877502, 0.852921, 0.821945, 0.788325, 0.757195, 0.734026, 0.723299
0.723299, 0.712395, 0.687564, 0.651117, 0.60703, 0.56099, 0.519707, 0.489687, 0.475972
0.475972, 0.462139, 0.431025, 0.386243, 0.333316, 0.279316, 0.231878, 0.197916, 0.182539
0.182539, 0.167118, 0.132736, 0.0839565, 0.027315, -0.0294145, -0.0784114, -0.113027, -0.128575
-0.128575, -0.144091, -0.178411, -0.226463, -0.281332, -0.335295, -0.381106, -0.413021, -0.427234
-0.427234, -0.441343, -0.472276, -0.514946, -0.562728, -0.608698, -0.646885, -0.673008, -0.68451
-0.68451, -0.695844, -0.720395, -0.753549, -0.789615, -0.82314, -0.850004, -0.867806, -0.875482
-0.875482, -0.882943, -0.898733, -0.919161, -0.940018, -0.957849, -0.970788, -0.978543, -0.98165
-0.98165, -0.984517, -0.990016, -0.995739, -0.999366, -0.999777, -0.997537, -0.994495, -0.992732
-0.992732, -0.990726, -0.985402, -0.975865, -0.961912, -0.944862, -0.927661, -0.914117, -0.907654
-0.907654, -0.900969, -0.885338, -0.861465, -0.831283, -0.798424, -0.767928, -0.745193, -0.734657
-0.734657, -0.723941, -0.699517, -0.66362, -0.620132, -0.574648, -0.533811, -0.504086, -0.490498
-0.490498, -0.476789, -0.445937, -0.401495, -0.348913, -0.295209, -0.247986, -0.214152, -0.198827
-0.198827, -0.183453, -0.149163, -0.100478, -0.0438969, 0.0128257, 0.0618598, 0.0965256, 0.112103
0.112103, 0.127653, 0.162061, 0.210271, 0.265371, 0.319618, 0.365714, 0.397854, 0.412174
0.412174, 0.426393, 0.457586, 0.500652, 0.548934, 0.59545, 0.634143, 0.660644, 0.67232
0.67232, 0.683832, 0.708788, 0.742538, 0.779326, 0.813605, 0.841146, 0.859441, 0.867343
0.867343, 0.875032, 0.891334, 0.912499, 0.934228, 0.952951, 0.966673, 0.97499, 0.978351
0.978351, 0.981473, 0.987541, 0.994071, 0.998638, 0.99999, 0.998564, 0.996097, 0.994592
0.994592, 0.992844, 0.988091, 0.979354, 0.966315, 0.950166, 0.933729, 0.920718, 0.914493
0.914493, 0.908044, 0.892931, 0.869772, 0.840391, 0.808304, 0.77845, 0.756154, 0.745812
0.745812, 0.735288, 0.711278, 0.675941, 0.633063, 0.588148, 0.547767, 0.518347, 0.504889
0.504889, 0.491308, 0.460727, 0.416635, 0.364414, 0.31102, 0.264025, 0.23033, 0.21506
0.21506, 0.199738, 0.165548, 0.116972, 0.0604668, 0.00376657, -0.0452912, -0.0799979, -0.0956001
-0.0956001, -0.111179, -0.145666, -0.194021, -0.249338, -0.303852, -0.350221, -0.382577, -0.397
-0.397, -0.411327, -0.44277, -0.48622, -0.53499, -0.582039, -0.621226, -0.648097, -0.659946
-0.659946, -0.671632, -0.696986, -0.731323, -0.768822, -0.803846, -0.832057, -0.850841, -0.858966
-0.858966, -0.86688, -0.883689, -0.905586, -0.928182, -0.94779, -0.962292, -0.971168, -0.974783
-0.974783, -0.978158, -0.984794, -0.992131, -0.997634, -0.999927, -0.999315, -0.997424, -0.996179

0.444362, 0.458338, 0.488964, 0.531165, 0.578356, 0.623685, 0.661279, 0.686961, 0.698258
0.698258, 0.709384, 0.733462, 0.765922, 0.801148, 0.833796, 0.859874, 0.877104, 0.884519
0.884519, 0.891717, 0.906914, 0.926489, 0.946339, 0.963142, 0.975178, 0.982287, 0.985101
0.985101, 0.987674, 0.992519, 0.997313, 0.999862, 0.999194, 0.996022, 0.992322, 0.990263
0.990263, 0.987961, 0.981984, 0.971533, 0.956536, 0.93846, 0.920388, 0.906236, 0.899503
0.899503, 0.89255, 0.876331, 0.851646, 0.820555, 0.786823, 0.755601, 0.732369, 0.721614
0.721614, 0.710683, 0.685792, 0.649265, 0.605092, 0.558971, 0.517623, 0.487561, 0.473827
0.473827, 0.459976, 0.428825, 0.383994, 0.331017, 0.276975, 0.229507, 0.195526, 0.180142
0.180142, 0.164714, 0.13032, 0.0815277, 0.0248786, -0.0318506, -0.0808409, -0.115448, -0.130991
-0.130991, -0.146502, -0.180809, -0.228836, -0.28367, -0.337591, -0.383358, -0.415239, -0.429437
-0.429437, -0.443528, -0.474423, -0.517034, -0.564741, -0.61063, -0.648741, -0.674809, -0.686285
-0.686285, -0.697592, -0.722083, -0.755149, -0.791108, -0.824521, -0.851285, -0.869014, -0.876657
-0.876657, -0.884085, -0.899799, -0.920118, -0.940846, -0.958546, -0.97137, -0.979043, -0.982112
-0.982112, -0.984941, -0.990357, -0.99596, -0.99945, -0.999722, -0.997363, -0.994237, -0.992436
-0.992436, -0.990392, -0.984984, -0.97533, -0.961242, -0.944061, -0.926749, -0.913126, -0.906629
-0.906629, -0.899909, -0.884203, -0.860225, -0.829925, -0.796955, -0.766365, -0.743565, -0.733001
-0.733001, -0.722258, -0.697773, -0.661795, -0.618218, -0.572652, -0.531748, -0.50198, -0.488373
-0.488373, -0.474645, -0.443755, -0.399261, -0.346628, -0.292879, -0.245624, -0.211771, -0.196438
-0.196438, -0.181057, -0.146752, -0.0980531, -0.0414619, 0.0152627, 0.0642922, 0.0989512, 0.114524
0.114524, 0.130069, 0.164465, 0.212653, 0.26772, 0.321926, 0.367981, 0.400088, 0.414393
0.414393, 0.428597, 0.459752, 0.50276, 0.55097, 0.597407, 0.636025, 0.662472, 0.674123
0.674123, 0.685608, 0.710505, 0.744168, 0.780851, 0.81502, 0.842462, 0.860685, 0.868554
0.868554, 0.876209, 0.892436, 0.913493, 0.935095, 0.953687, 0.967294, 0.975529, 0.978853
0.978853, 0.981937, 0.987922, 0.994333, 0.998762, 0.999976, 0.99843, 0.995879, 0.994336
0.994336, 0.99255, 0.987713, 0.978858, 0.965685, 0.949403, 0.932854, 0.919764, 0.913504
0.913504, 0.907021, 0.891831, 0.868567, 0.839067, 0.806867, 0.776918, 0.754557, 0.744187
0.744187, 0.733634, 0.709562, 0.674143, 0.631174, 0.586175, 0.545727, 0.516261, 0.502784
0.502784, 0.489184, 0.458562, 0.414418, 0.362143, 0.308703, 0.261674, 0.227957, 0.21268
0.21268, 0.19735, 0.163144, 0.114552, 0.0580338, 0.00132934, -0.0477258, -0.0824271, -0.0980259
-0.0980259, -0.113601, -0.148077, -0.196411, -0.251697, -0.306173, -0.352502, -0.384827, -0.399236
-0.399236, -0.413547, -0.444954, -0.488349, -0.537048, -0.584019, -0.623134, -0.649952, -0.661775
-0.661775, -0.673436, -0.698732, -0.732983, -0.770378, -0.805294, -0.833407, -0.852119, -0.860211

-0.161392, -0.145916, -0.11143, -0.0625475, -0.00585121, 0.0508639, 0.0997927, 0.134329, 0.149832
0.149832, 0.165299, 0.199491, 0.247318, 0.301865, 0.355441, 0.400863, 0.432475, 0.446544
0.446544, 0.460503, 0.491088, 0.533228, 0.580342, 0.625589, 0.663105, 0.68873, 0.700001
0.700001, 0.7111, 0.735116, 0.767487, 0.802605, 0.835139, 0.861115, 0.878272, 0.885653
0.885653, 0.892817, 0.907938, 0.927404, 0.947123, 0.963795, 0.975714, 0.982741, 0.985517
0.985517, 0.988052, 0.992814, 0.997489, 0.9999, 0.999093, 0.995802, 0.992017, 0.98992
0.98992, 0.987581, 0.981521, 0.970953, 0.955822, 0.937615, 0.919432, 0.905203, 0.898436
0.898436, 0.891448, 0.875154, 0.850366, 0.819159, 0.785316, 0.754002, 0.730707, 0.719925
0.719925, 0.708966, 0.684016, 0.64741, 0.60315, 0.556948, 0.515536, 0.485432, 0.471679
0.471679, 0.457811, 0.426622, 0.381743, 0.328716, 0.274632, 0.227134, 0.193135, 0.177744
0.177744, 0.16231, 0.127903, 0.0790983, 0.022442, -0.0342865, -0.0832699, -0.117869, -0.133407
-0.133407, -0.148913, -0.183205, -0.231208, -0.286006, -0.339884, -0.385608, -0.417455, -0.431636
-0.431636, -0.445711, -0.476567, -0.519118, -0.56675, -0.612558, -0.650594, -0.676606, -0.688056
-0.688056, -0.699337, -0.723767, -0.756745, -0.792597, -0.825898, -0.852561, -0.870217, -0.877827
-0.877827, -0.885221, -0.90086, -0.92107, -0.941669, -0.959238, -0.971946, -0.979536, -0.982568
-0.982568, -0.985359, -0.990691, -0.996176, -0.999528, -0.999662, -0.997184, -0.993973, -0.992134
-0.992134, -0.990052, -0.984561, -0.974789, -0.960568, -0.943255, -0.92583, -0.912129, -0.905598
-0.905598, -0.898844, -0.883062, -0.85898, -0.828563, -0.79548, -0.764797, -0.741933, -0.731341
-0.731341, -0.72057, -0.696025, -0.659966, -0.616301, -0.570652, -0.529683, -0.499871, -0.486244
-0.486244, -0.472499, -0.441569, -0.397025, -0.344341, -0.290548, -0.243261, -0.209388, -0.194048
-0.194048, -0.178659, -0.144341, -0.0956273, -0.0390266, 0.0176996, 0.0667242, 0.101376, 0.116945
0.116945, 0.132486, 0.166869, 0.215034, 0.270068, 0.324233, 0.370246, 0.402321, 0.41661
0.41661, 0.430797, 0.461915, 0.504866, 0.553002, 0.599359, 0.637904, 0.664295, 0.675921
0.675921, 0.687381, 0.712218, 0.745794, 0.782371, 0.81643, 0.843772, 0.861923, 0.869759
0.869759, 0.877381, 0.893533, 0.914482, 0.935956, 0.954417, 0.967909, 0.976062, 0.979348
0.979348, 0.982395, 0.988296, 0.99459, 0.99888, 0.999956, 0.998291, 0.995655, 0.994074
0.994074, 0.99225, 0.98733, 0.978357, 0.965049, 0.948635, 0.931973, 0.918805, 0.91251
0.91251, 0.905992, 0.890726, 0.867357, 0.837739, 0.805425, 0.775381, 0.752956, 0.742556
0.742556, 0.731975, 0.707843, 0.672341, 0.629282, 0.584198, 0.543683, 0.514172, 0.500676
0.500676, 0.487057, 0.456395, 0.412199, 0.359871, 0.306384, 0.259321, 0.225584, 0.210297
0.210297, 0.19496, 0.160739, 0.11213, 0.0556005, -0.0011079, -0.0501601, -0.0848558, -0.100451
-0.100451, -0.116022, -0.150487, -0.1988, -0.254055, -0.308493, -0.354782, -0.387076, -0.40147

-0.706587, -0.695418, -0.670012, -0.63279, -0.587862, -0.541043, -0.499138, -0.468707, -0.454815
-0.454815, -0.44081, -0.409334, -0.364086, -0.310685, -0.256285, -0.208561, -0.17443, -0.158987
-0.158986, -0.143504, -0.109007, -0.0601148, -0.003414, 0.0532978, 0.102218, 0.136743, 0.152242
0.152242, 0.167703, 0.201879, 0.249679, 0.304188, 0.357718, 0.403095, 0.434671, 0.448723
0.448723, 0.462665, 0.49321, 0.535288, 0.582325, 0.627488, 0.664927, 0.690495, 0.701739
0.701739, 0.712812, 0.736767, 0.769047, 0.804056, 0.836477, 0.862352, 0.879435, 0.886782
0.886782, 0.893912, 0.908957, 0.928313, 0.947903, 0.964442, 0.976245, 0.983189, 0.985928
0.985928, 0.988425, 0.993102, 0.997658, 0.999931, 0.998986, 0.995576, 0.991707, 0.989572
0.989572, 0.987195, 0.981052, 0.970367, 0.955103, 0.936765, 0.918471, 0.904164, 0.897363
0.897363, 0.890341, 0.873972, 0.849081, 0.817759, 0.783805, 0.752399, 0.729041, 0.718231
0.718231, 0.707245, 0.682236, 0.64555, 0.601204, 0.554922, 0.513446, 0.483299, 0.469528
0.469528, 0.455642, 0.424416, 0.379489, 0.326413, 0.272287, 0.22476, 0.190743, 0.175345
0.175345, 0.159904, 0.125485, 0.0766685, 0.0200053, -0.0367222, -0.0856984, -0.120289, -0.135822
-0.135822, -0.151323, -0.185601, -0.233578, -0.288341, -0.342175, -0.387855, -0.419669, -0.433834
-0.433834, -0.447892, -0.478708, -0.5212, -0.568757, -0.614483, -0.652443, -0.678398, -0.689822
-0.689822, -0.701077, -0.725447, -0.758336, -0.794081, -0.82727, -0.853832, -0.871415, -0.878992
-0.878992, -0.886352, -0.901915, -0.922016, -0.942487, -0.959924, -0.972516, -0.980024, -0.983018
-0.983018, -0.985772, -0.99102, -0.996386, -0.999599, -0.999596, -0.996998, -0.993703, -0.991826
-0.991826, -0.989706, -0.984131, -0.974242, -0.959887, -0.942443, -0.924906, -0.911128, -0.904561
-0.904561, -0.897773, -0.881915, -0.857729, -0.827196, -0.794001, -0.763224, -0.740297, -0.729677
-0.729677, -0.718878, -0.694273, -0.658133, -0.61438, -0.568649, -0.527614, -0.497758, -0.484113
-0.484113, -0.470349, -0.439381, -0.394787, -0.342052, -0.288215, -0.240896, -0.207004, -0.191656
-0.191656, -0.176261, -0.141929, -0.093201, -0.0365911, 0.0201364, 0.0691558, 0.103801, 0.119365
0.119365, 0.134901, 0.169271, 0.217413, 0.272414, 0.326537, 0.372509, 0.404551, 0.418825
0.418825, 0.432996, 0.464075, 0.506968, 0.555031, 0.601309, 0.639779, 0.666115, 0.677715
0.677715, 0.689149, 0.713927, 0.747416, 0.783886, 0.817835, 0.845078, 0.863156, 0.870959
0.870959, 0.878548, 0.894625, 0.915466, 0.936811, 0.955142, 0.968519, 0.976589, 0.979838
0.979838, 0.982847, 0.988665, 0.99484, 0.998992, 0.99993, 0.998145, 0.995425, 0.993807
0.993807, 0.991944, 0.98694, 0.97785, 0.964407, 0.947861, 0.931087, 0.91784, 0.911511
0.911511, 0.904957, 0.889615, 0.866141, 0.836405, 0.803978, 0.77384, 0.75135, 0.740922
0.740922, 0.730312, 0.706119, 0.670535, 0.627386, 0.582219, 0.541636, 0.51208, 0.498564
0.498564, 0.484927, 0.454225, 0.409977, 0.357596, 0.304063, 0.256966, 0.223209, 0.207914

-0.986652, -0.983981, -0.977187, -0.965593, -0.949292, -0.929936, -0.910779, -0.895872, -0.888803
-0.888803, -0.881516, -0.864567, -0.838875, -0.806659, -0.771846, -0.739728, -0.715884, -0.704861
-0.704861, -0.693664, -0.6682, -0.630901, -0.585889, -0.538992, -0.497025, -0.466553, -0.452643
-0.452643, -0.438621, -0.407109, -0.361815, -0.308368, -0.253928, -0.206177, -0.17203, -0.15658
-0.15658, -0.141092, -0.106584, -0.0576818, -0.000976771, 0.0557314, 0.104642, 0.139157, 0.15465
0.15465, 0.170105, 0.204265, 0.252038, 0.306509, 0.359993, 0.405324, 0.436865, 0.4509
0.4509, 0.464824, 0.495328, 0.537345, 0.584305, 0.629384, 0.666746, 0.692256, 0.703474
0.703474, 0.714519, 0.738412, 0.770603, 0.805503, 0.83781, 0.863583, 0.880592, 0.887906
0.887906, 0.895002, 0.90997, 0.929216, 0.948676, 0.965083, 0.976771, 0.983631, 0.986332
0.986332, 0.988792, 0.993385, 0.997822, 0.999957, 0.998874, 0.995344, 0.991391, 0.989218
0.989218, 0.986803, 0.980577, 0.969775, 0.954378, 0.93591, 0.917504, 0.903121, 0.896285
0.896285, 0.889229, 0.872785, 0.847791, 0.816354, 0.782289, 0.750791, 0.72737, 0.716533
0.716533, 0.70552, 0.680452, 0.643687, 0.599254, 0.552893, 0.511354, 0.481164, 0.467375
0.467375, 0.453472, 0.422208, 0.377233, 0.324109, 0.269942, 0.222384, 0.18835, 0.172945
0.172945, 0.157498, 0.123067, 0.0742382, 0.0175685, -0.0391577, -0.0881265, -0.122708, -0.138236
-0.138236, -0.153731, -0.187995, -0.235947, -0.290673, -0.344464, -0.390101, -0.42188, -0.436028
-0.436028, -0.45007, -0.480847, -0.523278, -0.57076, -0.616404, -0.654288, -0.680187, -0.691585
-0.691585, -0.702812, -0.727122, -0.759922, -0.79556, -0.828637, -0.855099, -0.872608, -0.880151
-0.880151, -0.887478, -0.902965, -0.922957, -0.943298, -0.960604, -0.973081, -0.980505, -0.983463
-0.983463, -0.986179, -0.991343, -0.99659, -0.999666, -0.999524, -0.996806, -0.993427, -0.991512
-0.991512, -0.989354, -0.983696, -0.97369, -0.959201, -0.941625, -0.923977, -0.910121, -0.903519
-0.903519, -0.896697, -0.880764, -0.856474, -0.825824, -0.792517, -0.761647, -0.738656, -0.728008
-0.728008, -0.717181, -0.692517, -0.656296, -0.612455, -0.566642, -0.525542, -0.495643, -0.481979
-0.481979, -0.468197, -0.43719, -0.392547, -0.33976, -0.28588, -0.23853, -0.204619, -0.189264
-0.189264, -0.173861, -0.139516, -0.0907741, -0.0341554, 0.0225731, 0.071587, 0.106224, 0.121785
0.121785, 0.137316, 0.171673, 0.219792, 0.274758, 0.32884, 0.37477, 0.406779, 0.421037
0.421037, 0.435191, 0.466233, 0.509067, 0.557057, 0.603254, 0.641651, 0.667931, 0.679505
0.679505, 0.690913, 0.715631, 0.749033, 0.785397, 0.819235, 0.846379, 0.864385, 0.872154
0.872154, 0.879709, 0.895711, 0.916444, 0.937661, 0.955861, 0.969123, 0.97711, 0.980322
0.980322, 0.983294, 0.989028, 0.995084, 0.999099, 0.999898, 0.997994, 0.995189, 0.993533
0.993533, 0.991632, 0.986544, 0.977337, 0.96376, 0.947081, 0.930195, 0.91687, 0.910505
0.910505, 0.903917, 0.8885, 0.86492, 0.835067, 0.802526, 0.772294, 0.749739, 0.739283

-0.896499, -0.903328, -0.917696, -0.93608, -0.954522, -0.969893, -0.980671, -0.986882, -0.989289
-0.989289, -0.991454, -0.99539, -0.998897, -0.999952, -0.99779, -0.99333, -0.98872, -0.986252
-0.986252, -0.983543, -0.976667, -0.964956, -0.948523, -0.929037, -0.90977, -0.894786, -0.887683
-0.887683, -0.880363, -0.863339, -0.837546, -0.805216, -0.770294, -0.738086, -0.71418, -0.70313
-0.70313, -0.691907, -0.666385, -0.629008, -0.583912, -0.536937, -0.494908, -0.464396, -0.450468
-0.450468, -0.43643, -0.404882, -0.359542, -0.306048, -0.25157, -0.203792, -0.169628, -0.154172
-0.154172, -0.138678, -0.104161, -0.0552485, 0.00146047, 0.0581647, 0.107065, 0.14157, 0.157058
0.157058, 0.172506, 0.20665, 0.254396, 0.308828, 0.362266, 0.407551, 0.439056, 0.453074
0.453074, 0.466981, 0.497444, 0.539399, 0.586281, 0.631276, 0.66856, 0.694013, 0.705204
0.705204, 0.716222, 0.740054, 0.772154, 0.806945, 0.839139, 0.864809, 0.881745, 0.889025
0.889025, 0.896087, 0.910978, 0.930114, 0.949444, 0.965719, 0.97729, 0.984067, 0.986731
0.986731, 0.989153, 0.993662, 0.99798, 0.999977, 0.998755, 0.995106, 0.991069, 0.988858
0.988858, 0.986406, 0.980096, 0.969177, 0.953647, 0.935048, 0.916532, 0.902071, 0.895201
0.895201, 0.888111, 0.871593, 0.846496, 0.814944, 0.780769, 0.749179, 0.725696, 0.714831
0.714831, 0.703791, 0.678664, 0.64182, 0.597301, 0.550861, 0.509258, 0.479026, 0.465219
0.465219, 0.451298, 0.419997, 0.374975, 0.321802, 0.267594, 0.220007, 0.185956, 0.170544
0.170544, 0.155091, 0.120648, 0.0718074, 0.0151316, -0.0415929, -0.090554, -0.125126, -0.14065
-0.14065, -0.156139, -0.190388, -0.238315, -0.293005, -0.346751, -0.392344, -0.424088, -0.43822
-0.43822, -0.452245, -0.482982, -0.525354, -0.572759, -0.618321, -0.656129, -0.681972, -0.693343
-0.693343, -0.704544, -0.728793, -0.761504, -0.797034, -0.829998, -0.85636, -0.873796, -0.881306
-0.881306, -0.888599, -0.90401, -0.923892, -0.944105, -0.961279, -0.973639, -0.980981, -0.983901
-0.983901, -0.98658, -0.99166, -0.996788, -0.999726, -0.999445, -0.996609, -0.993145, -0.991192
-0.991192, -0.988996, -0.983255, -0.973132, -0.958509, -0.940802, -0.923042, -0.909108, -0.902472
-0.902472, -0.895615, -0.879607, -0.855213, -0.824447, -0.791028, -0.760066, -0.737011, -0.726335
-0.726335, -0.715481, -0.690757, -0.654455, -0.610526, -0.564632, -0.523467, -0.493525, -0.479842
-0.479842, -0.466042, -0.434997, -0.390304, -0.337467, -0.283544, -0.236162, -0.202233, -0.18687
-0.18687, -0.171461, -0.137102, -0.0883466, -0.0317195, 0.0250097, 0.0740178, 0.108647, 0.124204
0.124204, 0.139729, 0.174073, 0.222169, 0.277101, 0.331141, 0.377028, 0.409004, 0.423246
0.423246, 0.437384, 0.468387, 0.511164, 0.559079, 0.605196, 0.643518, 0.669743, 0.681291
0.681291, 0.692673, 0.717332, 0.750645, 0.786904, 0.82063, 0.847674, 0.865607, 0.873344
0.873344, 0.880866, 0.896792, 0.917416, 0.938505, 0.956574, 0.969721, 0.977626, 0.980801
0.980801, 0.983735, 0.989385, 0.995323, 0.999199, 0.99986, 0.997837, 0.994947, 0.993253

-0.469955, -0.483723, -0.513861, -0.555325, -0.60159, -0.64592, -0.68259, -0.707587, -0.718568
-0.718568, -0.729372, -0.752717, -0.784105, -0.818037, -0.849337, -0.874207, -0.890561, -0.897576
-0.897576, -0.904371, -0.918662, -0.936934, -0.955246, -0.970483, -0.981145, -0.987272, -0.989642
-0.989642, -0.991769, -0.995621, -0.999008, -0.999926, -0.997625, -0.993046, -0.988352, -0.985847
-0.985847, -0.9831, -0.97614, -0.964314, -0.947748, -0.928133, -0.908755, -0.893695, -0.886559
-0.886559, -0.879204, -0.862107, -0.836212, -0.803768, -0.768738, -0.736439, -0.712472, -0.701395
-0.701395, -0.690145, -0.664566, -0.627112, -0.581932, -0.53488, -0.492789, -0.462236, -0.448291
-0.448291, -0.434236, -0.402652, -0.357266, -0.303727, -0.249211, -0.201405, -0.167226, -0.151764
-0.151764, -0.136264, -0.101736, -0.0528148, 0.0038977, 0.0605977, 0.109488, 0.143983, 0.159464
0.159464, 0.174906, 0.209034, 0.256753, 0.311145, 0.364536, 0.409776, 0.441244, 0.455245
0.455245, 0.469135, 0.499557, 0.54145, 0.588254, 0.633164, 0.670371, 0.695765, 0.70693
0.70693, 0.717921, 0.741691, 0.7737, 0.808382, 0.840462, 0.866031, 0.882892, 0.890138
0.890138, 0.897166, 0.911981, 0.931006, 0.950206, 0.966348, 0.977803, 0.984497, 0.987124
0.987124, 0.989508, 0.993933, 0.998132, 0.99999, 0.998631, 0.994862, 0.990741, 0.988493
0.988493, 0.986002, 0.979609, 0.968574, 0.952911, 0.934181, 0.915555, 0.901017, 0.894112
0.894112, 0.886988, 0.870396, 0.845196, 0.813529, 0.779244, 0.747563, 0.724017, 0.713124
0.713124, 0.702057, 0.676872, 0.639949, 0.595345, 0.548825, 0.507158, 0.476885, 0.46306
0.46306, 0.449122, 0.417784, 0.372714, 0.319494, 0.265245, 0.217629, 0.183561, 0.168142
0.168142, 0.152683, 0.118228, 0.0693763, 0.0126946, -0.0440279, -0.0929809, -0.127544, -0.143062
-0.143062, -0.158546, -0.19278, -0.240682, -0.295334, -0.349036, -0.394584, -0.426294, -0.44041
-0.44041, -0.454417, -0.485115, -0.527426, -0.574755, -0.620235, -0.657967, -0.683752, -0.695097
-0.695097, -0.706272, -0.73046, -0.763082, -0.798503, -0.831355, -0.857616, -0.874979, -0.882455
-0.882455, -0.889714, -0.905049, -0.924822, -0.944905, -0.961947, -0.974192, -0.981452, -0.984334
-0.984334, -0.986975, -0.991971, -0.996981, -0.99978, -0.999361, -0.996405, -0.992857, -0.990866
-0.990866, -0.988633, -0.982808, -0.972567, -0.957811, -0.939973, -0.922102, -0.90809, -0.90142
-0.90142, -0.894528, -0.878445, -0.853947, -0.823065, -0.789535, -0.75848, -0.735362, -0.724658
-0.724658, -0.713776, -0.688992, -0.652611, -0.608594, -0.562619, -0.521388, -0.491403, -0.477702
-0.477702, -0.463884, -0.432801, -0.388059, -0.335172, -0.281206, -0.233793, -0.199846, -0.184475
-0.184475, -0.169059, -0.134687, -0.0859186, -0.0292834, 0.0274461, 0.0764481, 0.11107, 0.126622
0.126622, 0.142142, 0.176473, 0.224544, 0.279442, 0.333439, 0.379284, 0.411227, 0.425453
0.425453, 0.439575, 0.470539, 0.513257, 0.561099, 0.607135, 0.645382, 0.671551, 0.683073
0.683073, 0.694428, 0.719028, 0.752253, 0.788405, 0.82202, 0.848965, 0.866825, 0.874528

0.132928, 0.117388, 0.0827879, 0.0338031, -0.0229256, -0.0795805, -0.128383, -0.162787, -0.17822
-0.17822, -0.19361, -0.227605, -0.275097, -0.329173, -0.38219, -0.427059, -0.458241, -0.472105
-0.472105, -0.485854, -0.515951, -0.55735, -0.603535, -0.647778, -0.684369, -0.709307, -0.72026
-0.72026, -0.731037, -0.75432, -0.785616, -0.819437, -0.850621, -0.875388, -0.891667, -0.898648
-0.898648, -0.905408, -0.919622, -0.937783, -0.955964, -0.971068, -0.981613, -0.987657, -0.989989
-0.989989, -0.992078, -0.995846, -0.999114, -0.999893, -0.997454, -0.992756, -0.987978, -0.985435
-0.985435, -0.982651, -0.975608, -0.963666, -0.946968, -0.927223, -0.907736, -0.892599, -0.885428
-0.885428, -0.87804, -0.860869, -0.834873, -0.802316, -0.767177, -0.734788, -0.71076, -0.699655
-0.699655, -0.688379, -0.662743, -0.625211, -0.579948, -0.532819, -0.490667, -0.460073, -0.446111
-0.446111, -0.432039, -0.40042, -0.354989, -0.301404, -0.24685, -0.199017, -0.164822, -0.149354
-0.149354, -0.133849, -0.0993114, -0.0503808, 0.0063349, 0.0630302, 0.11191, 0.146394, 0.16187
0.16187, 0.177305, 0.211417, 0.259107, 0.31346, 0.366805, 0.411998, 0.44343, 0.457414
0.457414, 0.471286, 0.501667, 0.543497, 0.590223, 0.635049, 0.672177, 0.697514, 0.708651
0.708651, 0.719615, 0.743323, 0.775242, 0.809814, 0.84178, 0.867247, 0.884033, 0.891246
0.891246, 0.89824, 0.912978, 0.931893, 0.950963, 0.966973, 0.978311, 0.984922, 0.987511
0.987511, 0.989857, 0.994198, 0.998278, 0.999998, 0.9985, 0.994613, 0.990407, 0.988121
0.988121, 0.985593, 0.979116, 0.967965, 0.952169, 0.933309, 0.914572, 0.899957, 0.893018
0.893018, 0.88586, 0.869193, 0.843891, 0.812109, 0.777714, 0.745941, 0.722333, 0.711414
0.711414, 0.700319, 0.675076, 0.638074, 0.593385, 0.546786, 0.505056, 0.474742, 0.460899
0.460899, 0.446943, 0.415569, 0.370451, 0.317183, 0.262894, 0.21525, 0.181165, 0.165739
0.165739, 0.150273, 0.115808, 0.0669447, 0.0102575, -0.0464627, -0.0954073, -0.129961, -0.145474
-0.145474, -0.160952, -0.195171, -0.243046, -0.297662, -0.351319, -0.396823, -0.428498, -0.442597
-0.442597, -0.456587, -0.487245, -0.529495, -0.576748, -0.622145, -0.6598, -0.685529, -0.696847
-0.696847, -0.707995, -0.732122, -0.764655, -0.799968, -0.832707, -0.858867, -0.876156, -0.883598
-0.883598, -0.890824, -0.906083, -0.925747, -0.9457, -0.96261, -0.97474, -0.981916, -0.984761
-0.984761, -0.987364, -0.992277, -0.997167, -0.999828, -0.999271, -0.996196, -0.992563, -0.990535
-0.990535, -0.988264, -0.982355, -0.971998, -0.957108, -0.939138, -0.921156, -0.907067, -0.900362
-0.900362, -0.893436, -0.877278, -0.852677, -0.821679, -0.788037, -0.756889, -0.733708, -0.722976
-0.722976, -0.712067, -0.687224, -0.650762, -0.606658, -0.560603, -0.519307, -0.489279, -0.47556
-0.47556, -0.461724, -0.430603, -0.385812, -0.332875, -0.278866, -0.231423, -0.197457, -0.182079
-0.182079, -0.166656, -0.132272, -0.0834902, -0.0268471, 0.0298823, 0.078878, 0.113492, 0.129039
0.129039, 0.144554, 0.178871, 0.226919, 0.281781, 0.335736, 0.381538, 0.413447, 0.427657

0.685933, 0.674452, 0.648373, 0.610247, 0.564341, 0.51662, 0.473997, 0.443095, 0.429
0.429, 0.414799, 0.382911, 0.337135, 0.283206, 0.228365, 0.180333, 0.146024, 0.130512
0.130512, 0.114968, 0.0803588, 0.0313671, -0.0253621, -0.0820097, -0.130799, -0.165191, -0.180618
-0.180618, -0.196001, -0.229977, -0.277439, -0.331473, -0.384441, -0.429262, -0.460406, -0.474253
-0.474253, -0.487983, -0.518037, -0.559372, -0.605477, -0.649633, -0.686144, -0.711023, -0.721949
-0.721949, -0.732698, -0.755918, -0.787121, -0.820831, -0.8519, -0.876564, -0.892768, -0.899714
-0.899714, -0.90644, -0.920577, -0.938627, -0.956677, -0.971647, -0.982076, -0.988036, -0.99033
-0.99033, -0.992381, -0.996065, -0.999213, -0.999854, -0.997278, -0.99246, -0.987598, -0.985018
-0.985018, -0.982196, -0.97507, -0.963012, -0.946182, -0.926307, -0.90671, -0.891498, -0.884293
-0.884293, -0.876871, -0.859626, -0.833529, -0.800859, -0.765611, -0.733133, -0.709043, -0.697912
-0.697912, -0.686609, -0.660916, -0.623307, -0.577961, -0.530755, -0.488542, -0.457908, -0.443928
-0.443928, -0.429839, -0.398186, -0.352709, -0.299079, -0.244487, -0.196628, -0.162418, -0.146944
-0.146944, -0.131434, -0.096886, -0.0479465, 0.00877207, 0.0654624, 0.114332, 0.148805, 0.164274
0.164274, 0.179703, 0.213799, 0.261461, 0.315774, 0.369071, 0.414217, 0.445613, 0.45958
0.45958, 0.473434, 0.503774, 0.545541, 0.592189, 0.63693, 0.67398, 0.699258, 0.710369
0.710369, 0.721305, 0.744951, 0.776779, 0.811241, 0.843093, 0.868458, 0.88517, 0.892349
0.892349, 0.899308, 0.91397, 0.932775, 0.951714, 0.967591, 0.978813, 0.985341, 0.987892
0.987892, 0.9902, 0.994457, 0.998418, 1, 0.998364, 0.994357, 0.990067, 0.987744
0.987744, 0.985178, 0.978618, 0.96735, 0.951422, 0.932431, 0.913583, 0.898892, 0.891919
0.891919, 0.884727, 0.867985, 0.842581, 0.810685, 0.776179, 0.744316, 0.720646, 0.709699
0.709699, 0.698578, 0.673276, 0.636196, 0.591421, 0.544744, 0.502951, 0.472595, 0.458734
0.458734, 0.444761, 0.413351, 0.368186, 0.314871, 0.260542, 0.212869, 0.178767, 0.163335
0.163335, 0.147863, 0.113386, 0.0645127, 0.00782039, -0.0488971, -0.0978331, -0.132377, -0.147885
-0.147885, -0.163357, -0.197561, -0.24541, -0.299987, -0.3536, -0.399059, -0.430699, -0.444781
-0.444781, -0.458754, -0.489372, -0.531561, -0.578737, -0.624051, -0.66163, -0.687301, -0.698593
-0.698593, -0.709714, -0.73378, -0.766223, -0.801428, -0.834054, -0.860112, -0.877329, -0.884737
-0.884737, -0.891929, -0.907111, -0.926665, -0.94649, -0.963268, -0.975281, -0.982374, -0.985182
-0.985182, -0.987747, -0.992576, -0.997347, -0.99987, -0.999175, -0.99598, -0.992264, -0.990197
-0.990197, -0.987888, -0.981896, -0.971422, -0.956399, -0.938298, -0.920205, -0.906038, -0.899299
-0.899299, -0.892339, -0.876105, -0.851401, -0.820287, -0.786534, -0.755294, -0.73205, -0.72129
-0.72129, -0.710353, -0.685451, -0.648909, -0.604719, -0.558583, -0.517223, -0.487152, -0.473414
-0.473414, -0.459561, -0.428402, -0.383562, -0.330575, -0.276525, -0.229051, -0.195067, -0.179682

0.981558, 0.978444, 0.970671, 0.95771, 0.939852, 0.91897, 0.898521, 0.882716, 0.875248
0.875248, 0.867565, 0.849749, 0.822865, 0.789318, 0.753231, 0.720059, 0.695497, 0.684158
0.684158, 0.672651, 0.646516, 0.608314, 0.562328, 0.514531, 0.47185, 0.440909, 0.426797
0.426797, 0.412581, 0.380658, 0.33484, 0.280868, 0.225992, 0.177935, 0.143612, 0.128095
0.128095, 0.112546, 0.0779292, 0.028931, -0.0277985, -0.0844385, -0.133215, -0.167595, -0.183015
-0.183015, -0.19839, -0.232349, -0.27978, -0.333772, -0.38669, -0.431462, -0.462568, -0.476397
-0.476397, -0.490109, -0.52012, -0.56139, -0.607415, -0.651484, -0.687915, -0.712735, -0.723633
-0.723633, -0.734354, -0.757511, -0.788622, -0.822221, -0.853173, -0.877734, -0.893863, -0.900776
-0.900776, -0.907467, -0.921526, -0.939465, -0.957383, -0.972221, -0.982532, -0.988409, -0.990665
-0.990665, -0.992679, -0.996278, -0.999307, -0.99981, -0.997095, -0.992158, -0.987212, -0.984595
-0.984595, -0.981735, -0.974527, -0.962352, -0.94539, -0.925386, -0.90568, -0.890391, -0.883152
-0.883152, -0.875697, -0.858379, -0.83218, -0.799397, -0.764041, -0.731473, -0.707323, -0.696164
-0.696164, -0.684835, -0.659085, -0.6214, -0.57597, -0.528687, -0.486414, -0.45574, -0.441743
-0.441743, -0.427638, -0.395949, -0.350428, -0.296753, -0.242123, -0.194238, -0.160013, -0.144533
-0.144533, -0.129017, -0.0944599, -0.045512, 0.0112092, 0.0678943, 0.116753, 0.151214, 0.166678
0.166678, 0.1821, 0.216179, 0.263812, 0.318086, 0.371335, 0.416434, 0.447794, 0.461743
0.461743, 0.475579, 0.505878, 0.547582, 0.594151, 0.638807, 0.675778, 0.700998, 0.712082
0.712082, 0.722991, 0.746575, 0.778312, 0.812664, 0.844401, 0.869663, 0.886301, 0.893446
0.893446, 0.900371, 0.914956, 0.93365, 0.95246, 0.968203, 0.979309, 0.985754, 0.988267
0.988267, 0.990538, 0.994711, 0.998552, 0.999996, 0.998221, 0.994095, 0.989721, 0.98736
0.98736, 0.984757, 0.978114, 0.96673, 0.950668, 0.931548, 0.912589, 0.897821, 0.890814
0.890814, 0.883588, 0.866772, 0.841266, 0.809255, 0.77464, 0.742686, 0.718954, 0.70798
0.70798, 0.696832, 0.671472, 0.634314, 0.589454, 0.542698, 0.500843, 0.470446, 0.456567
0.456567, 0.442577, 0.41113, 0.365919, 0.312557, 0.258188, 0.210487, 0.176369, 0.16093
0.16093, 0.145453, 0.110965, 0.0620804, 0.00538321, -0.0513313, -0.100258, -0.134792, -0.150295
-0.150295, -0.165761, -0.19995, -0.247772, -0.302312, -0.355878, -0.401292, -0.432897, -0.446962
-0.446962, -0.460918, -0.491496, -0.533624, -0.580723, -0.625954, -0.663455, -0.689069, -0.700335
-0.700335, -0.711429, -0.735434, -0.767787, -0.802884, -0.835397, -0.861353, -0.878496, -0.88587
-0.88587, -0.893028, -0.908134, -0.927579, -0.947273, -0.963919, -0.975817, -0.982827, -0.985597
-0.985597, -0.988124, -0.99287, -0.997522, -0.999906, -0.999073, -0.995759, -0.991958, -0.989854
-0.989854, -0.987507, -0.981431, -0.970841, -0.955684, -0.937453, -0.919248, -0.905004, -0.89823
-0.89823, -0.891236, -0.874928, -0.85012, -0.818891, -0.785026, -0.753695, -0.730387, -0.7196

0.908876, 0.915297, 0.928748, 0.945815, 0.962706, 0.976499, 0.985895, 0.991118, 0.99308
0.99308, 0.994797, 0.997738, 0.999834, 0.999258, 0.995465, 0.9896, 0.984, 0.981089
0.981089, 0.977937, 0.970083, 0.957006, 0.939017, 0.918006, 0.897448, 0.881568, 0.874066
0.874066, 0.86635, 0.848461, 0.821478, 0.78782, 0.751626, 0.718366, 0.693743, 0.682378
0.682378, 0.670845, 0.644654, 0.606378, 0.560311, 0.51244, 0.469699, 0.43872, 0.424592
0.424592, 0.410359, 0.378404, 0.332542, 0.278528, 0.223617, 0.175536, 0.1412, 0.125677
0.125677, 0.110124, 0.0754991, 0.0264947, -0.0302347, -0.0868668, -0.13563, -0.169997, -0.18541
-0.18541, -0.200778, -0.234718, -0.282119, -0.336068, -0.388936, -0.433659, -0.464727, -0.478538
-0.478538, -0.492232, -0.5222, -0.563406, -0.609349, -0.653331, -0.689682, -0.714442, -0.725313
-0.725313, -0.736006, -0.7591, -0.790118, -0.823606, -0.854442, -0.878899, -0.894953, -0.901831
-0.901831, -0.908488, -0.92247, -0.940297, -0.958084, -0.972788, -0.982983, -0.988776, -0.990994
-0.990994, -0.99297, -0.996485, -0.999395, -0.999759, -0.996906, -0.991851, -0.986821, -0.984166
-0.984166, -0.981269, -0.973977, -0.961687, -0.944593, -0.92446, -0.904644, -0.889279, -0.882007
-0.882007, -0.874518, -0.857126, -0.830826, -0.79793, -0.762466, -0.729809, -0.705598, -0.694413
-0.694413, -0.683057, -0.65725, -0.619488, -0.573976, -0.526617, -0.484283, -0.453569, -0.439555
-0.439555, -0.425433, -0.39371, -0.348144, -0.294425, -0.239758, -0.191846, -0.157606, -0.142121
-0.142121, -0.1266, -0.0920333, -0.0430771, 0.0136462, 0.0703257, 0.119173, 0.153623, 0.16908
0.16908, 0.184496, 0.218558, 0.266162, 0.320395, 0.373597, 0.418649, 0.449972, 0.463904
0.463904, 0.477722, 0.507978, 0.54962, 0.596109, 0.64068, 0.677573, 0.702735, 0.713791
0.713791, 0.724673, 0.748194, 0.77984, 0.814082, 0.845704, 0.870864, 0.887427, 0.894538
0.894538, 0.901429, 0.915937, 0.934521, 0.953199, 0.96881, 0.9798, 0.986161, 0.988636
0.988636, 0.990869, 0.994958, 0.99868, 0.999986, 0.998073, 0.993828, 0.98937, 0.986971
0.986971, 0.98433, 0.977604, 0.966103, 0.949909, 0.930659, 0.91159, 0.896745, 0.889704
0.889704, 0.882444, 0.865554, 0.839946, 0.807821, 0.773097, 0.741052, 0.717258, 0.706256
0.706256, 0.695081, 0.669664, 0.632428, 0.587484, 0.540649, 0.498732, 0.468294, 0.454398
0.454398, 0.44039, 0.408907, 0.36365, 0.31024, 0.255833, 0.208104, 0.173969, 0.158524
0.158524, 0.143041, 0.108542, 0.0596477, 0.00294599, -0.0537652, -0.102683, -0.137207, -0.152704
-0.152704, -0.168164, -0.202337, -0.250132, -0.304634, -0.358155, -0.403523, -0.435093, -0.449141
-0.449141, -0.46308, -0.493617, -0.535683, -0.582706, -0.627853, -0.665277, -0.690833, -0.702073
-0.702073, -0.71314, -0.737083, -0.769346, -0.804334, -0.836734, -0.862589, -0.879657, -0.886998
-0.886998, -0.894122, -0.909152, -0.928487, -0.948052, -0.964565, -0.976347, -0.983274, -0.986006
-0.986006, -0.988496, -0.993157, -0.99769, -0.999937, -0.998965, -0.995532, -0.991647, -0.989505

0.49516, 0.508707, 0.538334, 0.579025, 0.624327, 0.667619, 0.703336, 0.727627, 0.738282
0.738282, 0.748755, 0.771349, 0.801639, 0.834249, 0.864174, 0.887817, 0.903281, 0.90989
0.90989, 0.916276, 0.929649, 0.946603, 0.963362, 0.977021, 0.9863, 0.99144, 0.993363
0.993363, 0.995043, 0.997899, 0.999876, 0.999161, 0.99523, 0.989247, 0.983563, 0.980615
0.980615, 0.977425, 0.969488, 0.956296, 0.938176, 0.917037, 0.89637, 0.880415, 0.87288
0.87288, 0.865131, 0.847169, 0.820086, 0.786316, 0.750016, 0.716668, 0.691986, 0.680594
0.680594, 0.669036, 0.642789, 0.604438, 0.55829, 0.510345, 0.467546, 0.436528, 0.422384
0.422384, 0.408135, 0.376146, 0.330243, 0.276186, 0.221241, 0.173136, 0.138787, 0.123259
0.123259, 0.107701, 0.0730686, 0.0240582, -0.0326707, -0.0892946, -0.138045, -0.172398, -0.187805
-0.187805, -0.203165, -0.237087, -0.284456, -0.338363, -0.39118, -0.435854, -0.466884, -0.480677
-0.480677, -0.494352, -0.524277, -0.565418, -0.61128, -0.655175, -0.691445, -0.716145, -0.726989
-0.726989, -0.737654, -0.760684, -0.79161, -0.824986, -0.855706, -0.880059, -0.896038, -0.902882
-0.902882, -0.909504, -0.923408, -0.941124, -0.95878, -0.97335, -0.983428, -0.989137, -0.991318
-0.991318, -0.993256, -0.996686, -0.999477, -0.999703, -0.996712, -0.991537, -0.986424, -0.983731
-0.983731, -0.980796, -0.973422, -0.961016, -0.94379, -0.923528, -0.903602, -0.888162, -0.880855
-0.880855, -0.873333, -0.855868, -0.829467, -0.796459, -0.760887, -0.728141, -0.703868, -0.692657
-0.692657, -0.681275, -0.655411, -0.617573, -0.571979, -0.524544, -0.482149, -0.451396, -0.437365
-0.437365, -0.423226, -0.391468, -0.345858, -0.292094, -0.237391, -0.189454, -0.155199, -0.139708
-0.139708, -0.124182, -0.0896061, -0.040642, 0.0160832, 0.0727567, 0.121593, 0.156031, 0.171482
0.171482, 0.186891, 0.220935, 0.268511, 0.322703, 0.375857, 0.420861, 0.452147, 0.466061
0.466061, 0.479861, 0.510076, 0.551655, 0.598064, 0.64255, 0.679363, 0.704466, 0.715496
0.715496, 0.72635, 0.749809, 0.781363, 0.815495, 0.847003, 0.872059, 0.888548, 0.895625
0.895625, 0.902482, 0.916912, 0.935385, 0.953933, 0.969411, 0.980284, 0.986562, 0.989
0.989, 0.991195, 0.9952, 0.998802, 0.99997, 0.997919, 0.993555, 0.989013, 0.986576
0.986576, 0.983897, 0.977088, 0.965471, 0.949145, 0.929764, 0.910585, 0.895664, 0.888588
0.888588, 0.881295, 0.864331, 0.838621, 0.806382, 0.771548, 0.739413, 0.715557, 0.704529
0.704529, 0.693327, 0.667852, 0.630538, 0.58551, 0.538597, 0.496618, 0.466139, 0.452225
0.452225, 0.438201, 0.406682, 0.361378, 0.307923, 0.253476, 0.205719, 0.171569, 0.156118
0.156118, 0.140628, 0.106119, 0.0572146, 0.000508757, -0.0561987, -0.105107, -0.139621, -0.155112
-0.155112, -0.170566, -0.204723, -0.252491, -0.306954, -0.36043, -0.405752, -0.437286, -0.451318
-0.451318, -0.465239, -0.495735, -0.53774, -0.584685, -0.629748, -0.667094, -0.692594, -0.703806
-0.703806, -0.714846, -0.738728, -0.770901, -0.80578, -0.838066, -0.863819, -0.880814, -0.888121

-0.104353, -0.0887638, -0.0540775, -0.00503064, 0.0516834, 0.108231, 0.156866, 0.191111, 0.206461
0.206461, 0.22176, 0.25553, 0.302648, 0.356208, 0.408622, 0.452901, 0.483627, 0.497276
0.497276, 0.510804, 0.540386, 0.58101, 0.626229, 0.669432, 0.705066, 0.729297, 0.739923
0.739923, 0.750368, 0.772898, 0.803094, 0.83559, 0.865398, 0.888936, 0.904324, 0.910899
0.910899, 0.917249, 0.930544, 0.947386, 0.964013, 0.977538, 0.986699, 0.991755, 0.99364
0.99364, 0.995282, 0.998054, 0.999911, 0.999058, 0.994989, 0.988887, 0.98312, 0.980134
0.980134, 0.976907, 0.968888, 0.955581, 0.93733, 0.916062, 0.895287, 0.879256, 0.871688
0.871688, 0.863906, 0.845871, 0.818688, 0.784808, 0.748402, 0.714966, 0.690224, 0.678807
0.678807, 0.667222, 0.64092, 0.602495, 0.556266, 0.508248, 0.465391, 0.434334, 0.420173
0.420173, 0.405909, 0.373887, 0.327941, 0.273843, 0.218863, 0.170735, 0.136373, 0.12084
0.12084, 0.105278, 0.0706377, 0.0216216, -0.0351066, -0.0917218, -0.140458, -0.174798, -0.190198
-0.190198, -0.205551, -0.239454, -0.286792, -0.340655, -0.393422, -0.438046, -0.469038, -0.482813
-0.482813, -0.496469, -0.526351, -0.567426, -0.613207, -0.657014, -0.693203, -0.717844, -0.72866
-0.72866, -0.739298, -0.762264, -0.793097, -0.82636, -0.856965, -0.881214, -0.897117, -0.903927
-0.903927, -0.910514, -0.92434, -0.941945, -0.95947, -0.973906, -0.983867, -0.989492, -0.991635
-0.991635, -0.993535, -0.996882, -0.999552, -0.99964, -0.996511, -0.991218, -0.986021, -0.98329
-0.98329, -0.980318, -0.972861, -0.960339, -0.942982, -0.92259, -0.902556, -0.887039, -0.879699
-0.879699, -0.872143, -0.854605, -0.828103, -0.794983, -0.759303, -0.726468, -0.702135, -0.690897
-0.690897, -0.679489, -0.653568, -0.615654, -0.569978, -0.522467, -0.480012, -0.44922, -0.435172
-0.435172, -0.421017, -0.389224, -0.34357, -0.289763, -0.235023, -0.18706, -0.152791, -0.137294
-0.137294, -0.121763, -0.0871784, -0.0382067, 0.0185201, 0.0751872, 0.124011, 0.158438, 0.173883
0.173883, 0.189285, 0.223312, 0.270858, 0.325009, 0.378114, 0.423071, 0.45432, 0.468216
0.468216, 0.481998, 0.512171, 0.553686, 0.600016, 0.644415, 0.681149, 0.706194, 0.717197
0.717197, 0.728023, 0.751419, 0.782882, 0.816903, 0.848296, 0.873249, 0.889664, 0.896706
0.896706, 0.903529, 0.917882, 0.936244, 0.954662, 0.970007, 0.980763, 0.986957, 0.989357
0.989357, 0.991515, 0.995435, 0.998918, 0.999948, 0.997759, 0.993275, 0.988649, 0.986175
0.986175, 0.983459, 0.976566, 0.964833, 0.948375, 0.928864, 0.909575, 0.894577, 0.887468
0.887468, 0.880141, 0.863103, 0.83729, 0.804938, 0.769996, 0.73777, 0.713853, 0.702797
0.702797, 0.691569, 0.666036, 0.628644, 0.583532, 0.536542, 0.494501, 0.463981, 0.45005
0.45005, 0.436009, 0.404454, 0.359105, 0.305603, 0.251117, 0.203333, 0.169167, 0.15371
0.15371, 0.138215, 0.103695, 0.0547812, -0.00192848, -0.0586319, -0.107531, -0.142034, -0.15752
-0.15752, -0.172967, -0.207108, -0.254849, -0.309273, -0.362702, -0.407979, -0.439476, -0.453491

-0.66471, -0.652928, -0.626198, -0.587198, -0.540353, -0.491768, -0.448464, -0.417115, -0.40283
-0.40283, -0.388445, -0.356171, -0.309905, -0.255492, -0.200256, -0.151955, -0.117497, -0.101929
-0.101929, -0.0863359, -0.0516437, -0.00259342, 0.0541172, 0.110654, 0.159273, 0.193502, 0.208845
0.208845, 0.224136, 0.257886, 0.30497, 0.358484, 0.410845, 0.455073, 0.485759, 0.499389
0.499389, 0.512897, 0.542435, 0.582992, 0.628127, 0.67124, 0.706793, 0.730962, 0.741561
0.741561, 0.751977, 0.774442, 0.804544, 0.836927, 0.866616, 0.89005, 0.905362, 0.911902
0.911902, 0.918218, 0.931434, 0.948164, 0.964658, 0.978049, 0.987093, 0.992064, 0.993912
0.993912, 0.995516, 0.998203, 0.999941, 0.998949, 0.994743, 0.988522, 0.982671, 0.979648
0.979648, 0.976384, 0.968282, 0.954859, 0.936478, 0.915082, 0.894199, 0.878093, 0.870491
0.870491, 0.862676, 0.844569, 0.817286, 0.783295, 0.746783, 0.71326, 0.688459, 0.677015
0.677015, 0.665405, 0.639048, 0.600548, 0.554239, 0.506147, 0.463232, 0.432138, 0.41796
0.41796, 0.403681, 0.371626, 0.325638, 0.271498, 0.216484, 0.168333, 0.133958, 0.11842
0.11842, 0.102854, 0.0682063, 0.0191849, -0.0375422, -0.0941485, -0.142871, -0.177198, -0.19259
-0.19259, -0.207935, -0.24182, -0.289126, -0.342946, -0.395662, -0.440236, -0.471189, -0.484946
-0.484946, -0.498583, -0.528422, -0.569431, -0.61513, -0.658849, -0.694958, -0.719539, -0.730327
-0.730327, -0.740937, -0.763839, -0.794579, -0.827731, -0.858218, -0.882363, -0.898192, -0.904967
-0.904967, -0.91152, -0.925268, -0.942761, -0.960154, -0.974457, -0.9843, -0.989842, -0.991947
-0.991947, -0.993809, -0.997071, -0.999622, -0.999572, -0.996305, -0.990893, -0.985612, -0.982843
-0.982843, -0.979834, -0.972294, -0.959657, -0.942168, -0.921647, -0.901504, -0.885911, -0.878537
-0.878537, -0.870948, -0.853337, -0.826735, -0.793502, -0.757715, -0.724791, -0.700398, -0.689133
-0.689133, -0.677699, -0.651722, -0.613732, -0.567974, -0.520387, -0.477873, -0.447041, -0.432976
-0.432976, -0.418805, -0.386978, -0.34128, -0.287429, -0.232653, -0.184665, -0.150382, -0.134879
-0.134879, -0.119344, -0.0847502, -0.0357711, 0.0209568, 0.0776173, 0.126429, 0.160844, 0.176282
0.176282, 0.191678, 0.225687, 0.273203, 0.327313, 0.380369, 0.425278, 0.456489, 0.470369
0.470369, 0.484132, 0.514263, 0.555714, 0.601964, 0.646277, 0.682932, 0.707918, 0.718893
0.718893, 0.729692, 0.753025, 0.784396, 0.818306, 0.849584, 0.874434, 0.890774, 0.897782
0.897782, 0.90457, 0.918847, 0.937098, 0.955384, 0.970596, 0.981236, 0.987346, 0.989709
0.989709, 0.991829, 0.995665, 0.999029, 0.99992, 0.997593, 0.99299, 0.98828, 0.985768
0.985768, 0.983014, 0.976039, 0.96419, 0.947599, 0.927959, 0.90856, 0.893485, 0.886342
0.886342, 0.878981, 0.86187, 0.835955, 0.80349, 0.768438, 0.736123, 0.712144, 0.701061
0.701061, 0.689806, 0.664216, 0.626747, 0.581551, 0.534484, 0.492382, 0.461821, 0.447872
0.447872, 0.433814, 0.402224, 0.356829, 0.303281, 0.248757, 0.200946, 0.166764, 0.151301

-0.975651, -0.972096, -0.963352, -0.949034, -0.929634, -0.907243, -0.885518, -0.868829, -0.860968
-0.860968, -0.852895, -0.834227, -0.806174, -0.771324, -0.733992, -0.699794, -0.674533, -0.662888
-0.662888, -0.65108, -0.624296, -0.585224, -0.5383, -0.489644, -0.446284, -0.414899, -0.400598
-0.400598, -0.386198, -0.353892, -0.307587, -0.253135, -0.197868, -0.149546, -0.115076, -0.0995041
-0.0995041, -0.0839075, -0.0492096, -0.000156185, 0.0565507, 0.113076, 0.161678, 0.195893, 0.211228
0.211228, 0.226511, 0.26024, 0.30729, 0.360758, 0.413066, 0.457242, 0.487888, 0.501499
0.501499, 0.514988, 0.544481, 0.584971, 0.630022, 0.673045, 0.708515, 0.732623, 0.743194
0.743194, 0.753582, 0.775982, 0.805989, 0.838258, 0.86783, 0.891158, 0.906394, 0.912899
0.912899, 0.91918, 0.932318, 0.948935, 0.965298, 0.978553, 0.98748, 0.992368, 0.994177
0.994177, 0.995743, 0.998346, 0.999964, 0.998835, 0.99449, 0.988151, 0.982217, 0.979156
0.979156, 0.975854, 0.96767, 0.954133, 0.93562, 0.914097, 0.893105, 0.876924, 0.869289
0.869289, 0.86144, 0.843261, 0.81588, 0.781778, 0.74516, 0.71155, 0.686689, 0.675219
0.675219, 0.663584, 0.637171, 0.598597, 0.552209, 0.504044, 0.461071, 0.429938, 0.415745
0.415745, 0.401449, 0.369362, 0.323332, 0.269151, 0.214104, 0.16593, 0.131542, 0.116
0.116, 0.100429, 0.0657746, 0.0167481, -0.0399776, -0.0965746, -0.145283, -0.179596, -0.194981
-0.194981, -0.210319, -0.244184, -0.291458, -0.345234, -0.397899, -0.442423, -0.473337, -0.487076
-0.487076, -0.500695, -0.530489, -0.571433, -0.61705, -0.660681, -0.696708, -0.721229, -0.73199
-0.73199, -0.742571, -0.76541, -0.796056, -0.829096, -0.859467, -0.883508, -0.89926, -0.906001
-0.906001, -0.912519, -0.926189, -0.94357, -0.960832, -0.975001, -0.984727, -0.990185, -0.992253
-0.992253, -0.994077, -0.997254, -0.999686, -0.999498, -0.996093, -0.990561, -0.985197, -0.982391
-0.982391, -0.979344, -0.971721, -0.958969, -0.941348, -0.920699, -0.900446, -0.884778, -0.877371
-0.877371, -0.869748, -0.852063, -0.825361, -0.792016, -0.756122, -0.72311, -0.698656, -0.687365
-0.687365, -0.675905, -0.649871, -0.611806, -0.565966, -0.518305, -0.47573, -0.444859, -0.430778
-0.430778, -0.41659, -0.384729, -0.338988, -0.285094, -0.230282, -0.182269, -0.147972, -0.132464
-0.132464, -0.116924, -0.0823215, -0.0333353, 0.0233935, 0.080047, 0.128847, 0.163249, 0.178681
0.178681, 0.194069, 0.228061, 0.275547, 0.329615, 0.382622, 0.427482, 0.458657, 0.472518
0.472518, 0.486263, 0.516352, 0.557738, 0.603908, 0.648135, 0.68471, 0.709637, 0.720585
0.720585, 0.731356, 0.754627, 0.785905, 0.819705, 0.850867, 0.875614, 0.891879, 0.898853
0.898853, 0.905607, 0.919806, 0.937946, 0.956101, 0.97118, 0.981703, 0.98773, 0.990055
0.990055, 0.992137, 0.995889, 0.999133, 0.999886, 0.997421, 0.992699, 0.987905, 0.985356
0.985356, 0.982564, 0.975505, 0.963541, 0.946818, 0.927047, 0.907539, 0.892388, 0.885211
0.885211, 0.877816, 0.860631, 0.834615, 0.802036, 0.766876, 0.734471, 0.710431, 0.699321

-0.920501, -0.926508, -0.939031, -0.954767, -0.970092, -0.982296, -0.990303, -0.994535, -0.996048
-0.996048, -0.997317, -0.999259, -0.999944, -0.997735, -0.992315, -0.985051, -0.978466, -0.975113
-0.975113, -0.971521, -0.962695, -0.948263, -0.928733, -0.906215, -0.884383, -0.86762, -0.859725
-0.859725, -0.85162, -0.832881, -0.804729, -0.769771, -0.732335, -0.698051, -0.672732, -0.661061
-0.661061, -0.649228, -0.62239, -0.583246, -0.536245, -0.487518, -0.444102, -0.41268, -0.398363
-0.398363, -0.383949, -0.351612, -0.305267, -0.250776, -0.195478, -0.147135, -0.112655, -0.0970787
-0.0970787, -0.0814786, -0.0467751, 0.00228105, 0.0589839, 0.115497, 0.164083, 0.198283, 0.213609
0.213609, 0.228884, 0.262592, 0.309608, 0.36303, 0.415284, 0.459408, 0.490014, 0.503606
0.503606, 0.517076, 0.546524, 0.586946, 0.631912, 0.674845, 0.710233, 0.73428, 0.744822
0.744822, 0.755182, 0.777517, 0.807429, 0.839585, 0.869038, 0.892261, 0.907421, 0.913891
0.913891, 0.920137, 0.933197, 0.949701, 0.965931, 0.979053, 0.987862, 0.992665, 0.994437
0.994437, 0.995965, 0.998483, 0.999982, 0.998714, 0.994232, 0.987774, 0.981756, 0.978658
0.978658, 0.975319, 0.967052, 0.9534, 0.934757, 0.913106, 0.892006, 0.87575, 0.868081
0.868081, 0.8602, 0.841949, 0.814468, 0.780256, 0.743532, 0.709835, 0.684915, 0.673419
0.673419, 0.661758, 0.635291, 0.596643, 0.550176, 0.501937, 0.458907, 0.427737, 0.413527
0.413527, 0.399216, 0.367096, 0.321025, 0.266803, 0.211723, 0.163526, 0.129126, 0.113579
0.113579, 0.0980041, 0.0633424, 0.0143111, -0.0424128, -0.0990002, -0.147694, -0.181993, -0.197371
-0.197371, -0.212701, -0.246547, -0.293789, -0.347521, -0.400134, -0.444607, -0.475483, -0.489203
-0.489203, -0.502803, -0.532554, -0.573432, -0.618966, -0.662508, -0.698455, -0.722915, -0.733648
-0.733648, -0.744201, -0.766976, -0.797529, -0.830456, -0.86071, -0.884647, -0.900324, -0.90703
-0.90703, -0.913513, -0.927106, -0.944375, -0.961504, -0.97554, -0.985148, -0.990523, -0.992553
-0.992553, -0.994339, -0.997432, -0.999744, -0.999418, -0.995874, -0.990224, -0.984776, -0.981933
-0.981933, -0.978848, -0.971143, -0.958275, -0.940523, -0.919745, -0.899383, -0.883639, -0.876199
-0.876199, -0.868543, -0.850785, -0.823983, -0.790526, -0.754525, -0.721424, -0.69691, -0.685592
-0.685592, -0.674106, -0.648017, -0.609876, -0.563955, -0.516219, -0.473585, -0.442675, -0.428577
-0.428577, -0.414374, -0.382479, -0.336695, -0.282757, -0.227909, -0.179872, -0.145561, -0.130048
-0.130048, -0.114503, -0.0798923, -0.0308993, 0.02583, 0.0824762, 0.131263, 0.165653, 0.181078
0.181078, 0.196459, 0.230433, 0.277889, 0.331915, 0.384873, 0.429684, 0.460821, 0.474665
0.474665, 0.488392, 0.518437, 0.55976, 0.605849, 0.649989, 0.686484, 0.711352, 0.722273
0.722273, 0.733016, 0.756224, 0.78741, 0.821098, 0.852145, 0.876789, 0.892979, 0.899919
0.899919, 0.906638, 0.920759, 0.938788, 0.956813, 0.971758, 0.982164, 0.988108, 0.990395
0.990395, 0.992439, 0.996106, 0.999232, 0.999846, 0.997243, 0.992402, 0.987524, 0.984937

-0.519955, -0.53327, -0.56236, -0.602246, -0.646546, -0.688766, -0.7235, -0.747065, -0.757384
-0.757384, -0.767518, -0.789343, -0.818509, -0.84977, -0.878295, -0.900691, -0.915253, -0.921451
-0.921451, -0.927422, -0.939866, -0.955488, -0.970681, -0.98275, -0.990639, -0.994786, -0.996261
-0.996261, -0.997492, -0.99935, -0.999915, -0.997568, -0.992011, -0.984629, -0.97796, -0.97457
-0.97457, -0.970941, -0.962033, -0.947486, -0.927827, -0.905182, -0.883243, -0.866405, -0.858478
-0.858478, -0.85034, -0.831529, -0.80328, -0.768213, -0.730673, -0.696303, -0.670926, -0.65923
-0.65923, -0.647372, -0.62048, -0.581264, -0.534186, -0.485389, -0.441917, -0.410459, -0.396127
-0.396127, -0.381697, -0.349329, -0.302945, -0.248416, -0.193087, -0.144724, -0.110233, -0.0946527
-0.0946527, -0.0790492, -0.0443404, 0.00471827, 0.0614167, 0.117918, 0.166487, 0.200671, 0.21599
0.21599, 0.231256, 0.264943, 0.311925, 0.3653, 0.4175, 0.461571, 0.492137, 0.505711
0.505711, 0.51916, 0.548563, 0.588917, 0.633799, 0.676642, 0.711946, 0.735932, 0.746446
0.746446, 0.756777, 0.779047, 0.808864, 0.840906, 0.870242, 0.893359, 0.908442, 0.914878
0.914878, 0.921089, 0.93407, 0.950462, 0.966559, 0.979546, 0.988237, 0.992957, 0.994691
0.994691, 0.996181, 0.998614, 0.999994, 0.998587, 0.993967, 0.987391, 0.98129, 0.978154
0.978154, 0.974778, 0.966429, 0.952662, 0.933888, 0.912109, 0.890902, 0.874571, 0.866869
0.866869, 0.858955, 0.840631, 0.813051, 0.778729, 0.7419, 0.708116, 0.683137, 0.671616
0.671616, 0.659929, 0.633407, 0.594685, 0.548139, 0.499828, 0.45674, 0.425532, 0.411307
0.411307, 0.39698, 0.364828, 0.318716, 0.264454, 0.20934, 0.161122, 0.126709, 0.111157
0.111157, 0.0955783, 0.0609099, 0.0118741, -0.0448477, -0.101425, -0.150104, -0.184389, -0.19976
-0.19976, -0.215082, -0.248908, -0.296118, -0.349805, -0.402366, -0.446789, -0.477625, -0.491327
-0.491327, -0.504908, -0.534615, -0.575427, -0.620878, -0.664332, -0.700197, -0.724597, -0.735302
-0.735302, -0.745827, -0.768538, -0.798997, -0.831811, -0.861948, -0.885781, -0.901382, -0.908053
-0.908053, -0.914502, -0.928016, -0.945174, -0.962171, -0.976072, -0.985564, -0.990855, -0.992846
-0.992846, -0.994595, -0.997604, -0.999797, -0.999332, -0.99565, -0.989882, -0.984349, -0.981468
-0.981468, -0.978347, -0.970559, -0.957575, -0.939692, -0.918785, -0.898315, -0.882496, -0.875021
-0.875021, -0.867332, -0.849502, -0.822599, -0.789031, -0.752923, -0.719734, -0.69516, -0.683816
-0.683816, -0.672304, -0.646159, -0.607943, -0.561941, -0.51413, -0.471437, -0.440488, -0.426374
-0.426374, -0.412154, -0.380226, -0.334399, -0.280418, -0.225536, -0.177474, -0.143149, -0.127631
-0.127631, -0.112081, -0.0774626, -0.0284632, 0.0282663, 0.0849048, 0.133679, 0.168056, 0.183475
0.183475, 0.198849, 0.232804, 0.280229, 0.334213, 0.387121, 0.431884, 0.462983, 0.476808
0.476808, 0.490517, 0.52052, 0.561778, 0.607786, 0.651839, 0.688255, 0.713063, 0.723956
0.723956, 0.734672, 0.757816, 0.78891, 0.822487, 0.853418, 0.877958, 0.894073, 0.900979

0.0756922, 0.0600657, 0.0253224, -0.023746, -0.0803984, -0.136792, -0.18522, -0.219276, -0.23453
-0.23453, -0.249727, -0.283244, -0.329948, -0.382948, -0.434716, -0.478368, -0.508612, -0.522035
-0.522035, -0.53533, -0.564374, -0.604189, -0.648403, -0.690531, -0.72518, -0.748683, -0.758974
-0.758974, -0.769078, -0.790837, -0.819907, -0.851052, -0.879458, -0.901748, -0.916232, -0.922395
-0.922395, -0.928331, -0.940696, -0.956205, -0.971264, -0.983198, -0.990968, -0.995032, -0.996469
-0.996469, -0.997662, -0.999435, -0.999881, -0.997396, -0.991701, -0.9842, -0.977448, -0.974021
-0.974021, -0.970355, -0.961365, -0.946704, -0.926915, -0.904143, -0.882098, -0.865186, -0.857226
-0.857226, -0.849055, -0.830173, -0.801826, -0.76665, -0.729007, -0.694552, -0.669117, -0.657396
-0.657396, -0.645513, -0.618567, -0.579279, -0.532124, -0.483256, -0.439729, -0.408235, -0.393888
-0.393888, -0.379443, -0.347044, -0.300622, -0.246054, -0.190695, -0.142312, -0.10781, -0.0922261
-0.0922261, -0.0766194, -0.0419054, 0.00715547, 0.0638492, 0.120337, 0.16889, 0.203058, 0.218369
0.218369, 0.233626, 0.267293, 0.31424, 0.367568, 0.419714, 0.463732, 0.494257, 0.507812
0.507812, 0.521242, 0.5506, 0.590885, 0.635683, 0.678435, 0.713656, 0.73758, 0.748066
0.748066, 0.758368, 0.780573, 0.810295, 0.842223, 0.87144, 0.894451, 0.909458, 0.915859
0.915859, 0.922035, 0.934937, 0.951217, 0.967181, 0.980033, 0.988607, 0.993243, 0.994939
0.994939, 0.99639, 0.99874, 0.999999, 0.998455, 0.993697, 0.987002, 0.980818, 0.977644
0.977644, 0.974231, 0.9658, 0.951918, 0.933014, 0.911107, 0.889792, 0.873386, 0.865651
0.865651, 0.857704, 0.839309, 0.81163, 0.777198, 0.740264, 0.706393, 0.681355, 0.669808
0.669808, 0.658096, 0.631519, 0.592724, 0.546099, 0.497716, 0.45457, 0.423326, 0.409084
0.409084, 0.394742, 0.362557, 0.316405, 0.262102, 0.206956, 0.158716, 0.124291, 0.108735
0.108735, 0.093152, 0.058477, 0.00943698, -0.0472823, -0.10385, -0.152513, -0.186784, -0.202147
-0.202147, -0.217461, -0.251268, -0.298445, -0.352087, -0.404596, -0.448968, -0.479765, -0.493448
-0.493448, -0.50701, -0.536673, -0.577418, -0.622787, -0.666152, -0.701935, -0.726275, -0.736952
-0.736952, -0.747448, -0.770095, -0.80046, -0.833161, -0.863181, -0.886909, -0.902434, -0.909071
-0.909071, -0.915485, -0.928922, -0.945967, -0.962832, -0.9766, -0.985974, -0.991181, -0.993135
-0.993135, -0.994845, -0.997769, -0.999843, -0.999239, -0.99542, -0.989533, -0.983917, -0.980998
-0.980998, -0.977839, -0.969969, -0.95687, -0.938856, -0.917821, -0.897242, -0.881347, -0.873839
-0.873839, -0.866117, -0.848213, -0.821211, -0.787531, -0.751317, -0.71804, -0.693406, -0.682036
-0.682036, -0.670498, -0.644296, -0.606006, -0.559923, -0.512038, -0.469286, -0.438299, -0.424168
-0.424168, -0.409932, -0.37797, -0.332101, -0.278078, -0.223161, -0.175075, -0.140737, -0.125213
-0.125213, -0.109659, -0.0750324, -0.0260268, 0.0307025, 0.087333, 0.136094, 0.170458, 0.18587
0.18587, 0.201237, 0.235173, 0.282568, 0.336509, 0.389367, 0.434081, 0.465142, 0.478949

0.642938, 0.630863, 0.603504, 0.563664, 0.515917, 0.466509, 0.422559, 0.390791, 0.376326
0.376326, 0.361769, 0.329135, 0.282419, 0.227566, 0.171981, 0.123451, 0.0888729, 0.0732618
0.0732618, 0.0576327, 0.0228858, -0.0261824, -0.0828275, -0.139206, -0.187614, -0.221653, -0.236899
-0.236899, -0.252086, -0.285581, -0.332247, -0.385198, -0.436909, -0.480507, -0.510709, -0.524112
-0.524112, -0.537387, -0.566384, -0.60613, -0.650257, -0.692291, -0.726856, -0.750296, -0.760558
-0.760558, -0.770634, -0.792326, -0.8213, -0.852329, -0.880616, -0.902798, -0.917206, -0.923333
-0.923333, -0.929234, -0.94152, -0.956915, -0.971841, -0.98364, -0.991292, -0.995271, -0.996671
-0.996671, -0.997825, -0.999514, -0.99984, -0.997217, -0.991384, -0.983765, -0.976931, -0.973466
-0.973466, -0.969763, -0.960691, -0.945916, -0.925998, -0.903099, -0.880947, -0.863961, -0.855968
-0.855968, -0.847765, -0.828812, -0.800367, -0.765083, -0.727337, -0.692796, -0.667304, -0.655557
-0.655557, -0.643649, -0.61665, -0.577291, -0.530059, -0.481121, -0.437539, -0.406009, -0.391646
-0.391646, -0.377187, -0.344758, -0.298296, -0.243691, -0.188302, -0.139899, -0.105387, -0.089799
-0.089799, -0.0741891, -0.0394702, 0.00959262, 0.0662812, 0.122757, 0.171291, 0.205444, 0.220747
0.220747, 0.235995, 0.26964, 0.316552, 0.369834, 0.421925, 0.46589, 0.496374, 0.50991
0.50991, 0.52332, 0.552632, 0.59285, 0.637562, 0.680223, 0.715361, 0.739224, 0.749681
0.749681, 0.759954, 0.782094, 0.811721, 0.843534, 0.872633, 0.895539, 0.910469, 0.916835
0.916835, 0.922976, 0.935799, 0.951966, 0.967798, 0.980515, 0.988971, 0.993523, 0.995181
0.995181, 0.996594, 0.998859, 0.999999, 0.998317, 0.993421, 0.986608, 0.98034, 0.977129
0.977129, 0.973679, 0.965165, 0.951169, 0.932134, 0.9101, 0.888677, 0.872197, 0.864429
0.864429, 0.856448, 0.837981, 0.810204, 0.775662, 0.738623, 0.704666, 0.679569, 0.667996
0.667996, 0.656259, 0.629627, 0.59076, 0.544055, 0.4956, 0.452398, 0.421116, 0.406859
0.406859, 0.392502, 0.360285, 0.314092, 0.259749, 0.204571, 0.156309, 0.121872, 0.106311
0.106311, 0.090725, 0.0560438, 0.00699983, -0.0497167, -0.106273, -0.154921, -0.189177, -0.204534
-0.204534, -0.21984, -0.253626, -0.30077, -0.354367, -0.406824, -0.451145, -0.481902, -0.495567
-0.495567, -0.50911, -0.538728, -0.579406, -0.624692, -0.667968, -0.703669, -0.727948, -0.738597
-0.738597, -0.749065, -0.771647, -0.801919, -0.834507, -0.864409, -0.888032, -0.903482, -0.910084
-0.910084, -0.916463, -0.929821, -0.946754, -0.963488, -0.977121, -0.986377, -0.991501, -0.993417
-0.993417, -0.995089, -0.997929, -0.999883, -0.999141, -0.995184, -0.989178, -0.983479, -0.980523
-0.980523, -0.977326, -0.969373, -0.956159, -0.938014, -0.91685, -0.896163, -0.880193, -0.872651
-0.872651, -0.864896, -0.84692, -0.819818, -0.786027, -0.749706, -0.716342, -0.691648, -0.680251
-0.680251, -0.668688, -0.642431, -0.604065, -0.557902, -0.509943, -0.467133, -0.436107, -0.421959
-0.421959, -0.407708, -0.375713, -0.329801, -0.275736, -0.220784, -0.172675, -0.138323, -0.122795

0.968936, 0.964943, 0.955234, 0.939572, 0.918646, 0.894764, 0.871783, 0.854222, 0.845975
0.845975, 0.837519, 0.818014, 0.788814, 0.752691, 0.714146, 0.678949, 0.653011, 0.641069
0.641069, 0.62897, 0.601558, 0.561649, 0.513827, 0.464352, 0.420349, 0.388546, 0.374067
0.374067, 0.359496, 0.326833, 0.28008, 0.225192, 0.16958, 0.121032, 0.086445, 0.0708309
0.0708309, 0.0551994, 0.0204492, -0.0286188, -0.0852561, -0.141619, -0.190008, -0.224029, -0.239266
-0.239266, -0.254444, -0.287915, -0.334545, -0.387446, -0.4391, -0.482643, -0.512803, -0.526186
-0.526186, -0.539441, -0.568391, -0.608066, -0.652107, -0.694048, -0.728528, -0.751905, -0.762138
-0.762138, -0.772185, -0.793811, -0.822688, -0.853601, -0.881768, -0.903844, -0.918174, -0.924267
-0.924267, -0.930132, -0.942338, -0.95762, -0.972413, -0.984076, -0.99161, -0.995505, -0.996866
-0.996866, -0.997983, -0.999587, -0.999793, -0.997032, -0.991062, -0.983325, -0.976407, -0.972906
-0.972906, -0.969165, -0.960011, -0.945123, -0.925075, -0.90205, -0.879791, -0.862731, -0.854705
-0.854705, -0.84647, -0.827445, -0.798904, -0.763511, -0.725662, -0.691037, -0.665487, -0.653715
-0.653715, -0.641782, -0.61473, -0.575299, -0.527991, -0.478983, -0.435346, -0.403781, -0.389403
-0.389403, -0.374929, -0.342469, -0.295969, -0.241327, -0.185908, -0.137486, -0.102963, -0.0873713
-0.0873713, -0.0717584, -0.0370348, 0.0120297, 0.0687129, 0.125175, 0.173692, 0.207828, 0.223123
0.223123, 0.238363, 0.271986, 0.318863, 0.372097, 0.424133, 0.468045, 0.498488, 0.512005
0.512005, 0.525396, 0.554662, 0.594811, 0.639438, 0.682008, 0.717062, 0.740863, 0.751292
0.751292, 0.761536, 0.783611, 0.813142, 0.844841, 0.87382, 0.896621, 0.911474, 0.917805
0.917805, 0.923911, 0.936656, 0.952709, 0.968408, 0.980991, 0.989329, 0.993797, 0.995417
0.995417, 0.996792, 0.998972, 0.999993, 0.998172, 0.993139, 0.986207, 0.979856, 0.976608
0.976608, 0.97312, 0.964524, 0.950413, 0.931249, 0.909087, 0.887557, 0.871002, 0.863201
0.863201, 0.855188, 0.836649, 0.808773, 0.774121, 0.736978, 0.702935, 0.677779, 0.66618
0.66618, 0.654418, 0.627732, 0.588791, 0.542009, 0.493482, 0.450223, 0.418904, 0.404631
0.404631, 0.390259, 0.35801, 0.311777, 0.257395, 0.202185, 0.153901, 0.119452, 0.103888
0.103888, 0.0882976, 0.0536102, 0.00456263, -0.0521508, -0.108696, -0.157328, -0.19157, -0.206919
-0.206919, -0.222217, -0.255983, -0.303094, -0.356645, -0.409049, -0.453318, -0.484036, -0.497682
-0.497682, -0.511206, -0.54078, -0.581391, -0.626593, -0.669779, -0.705398, -0.729617, -0.740238
-0.740238, -0.750678, -0.773195, -0.803373, -0.835847, -0.865632, -0.88915, -0.904524, -0.911092
-0.911092, -0.917436, -0.930715, -0.947536, -0.964138, -0.977636, -0.986775, -0.991815, -0.993693
-0.993693, -0.995327, -0.998083, -0.999917, -0.999038, -0.994943, -0.988818, -0.983034, -0.980041
-0.980041, -0.976807, -0.968772, -0.955443, -0.937167, -0.915875, -0.895079, -0.879033, -0.871459
-0.871459, -0.86367, -0.845622, -0.81842, -0.784518, -0.748091, -0.714639, -0.689886, -0.678463

0.931363, 0.936952, 0.948536, 0.962928, 0.976675, 0.98728, 0.99389, 0.997127, 0.998191
0.998191, 0.99901, 0.999953, 0.999226, 0.995387, 0.988344, 0.979687, 0.972122, 0.96833
0.96833, 0.964301, 0.95451, 0.938735, 0.917681, 0.893673, 0.870586, 0.852953, 0.844672
0.844672, 0.836185, 0.81661, 0.787314, 0.751084, 0.712438, 0.677157, 0.651163, 0.639196
0.639196, 0.627073, 0.59961, 0.559631, 0.511735, 0.462192, 0.418136, 0.386299, 0.371805
0.371805, 0.35722, 0.324529, 0.277739, 0.222817, 0.167177, 0.118613, 0.0840167, 0.0683996
0.0683996, 0.0527657, 0.0180124, -0.0310549, -0.0876843, -0.144031, -0.1924, -0.226404, -0.241632
-0.241632, -0.2568, -0.290249, -0.336841, -0.389692, -0.441289, -0.484776, -0.514894, -0.528257
-0.528257, -0.541491, -0.570395, -0.609999, -0.653952, -0.695801, -0.730195, -0.75351, -0.763714
-0.763714, -0.773731, -0.795291, -0.824071, -0.854868, -0.882915, -0.904884, -0.919137, -0.925194
-0.925194, -0.931024, -0.943151, -0.958319, -0.972978, -0.984506, -0.991922, -0.995733, -0.997056
-0.997056, -0.998135, -0.999654, -0.999741, -0.996841, -0.990734, -0.982879, -0.975878, -0.972339
-0.972339, -0.968562, -0.959326, -0.944324, -0.924147, -0.900995, -0.87863, -0.861496, -0.853438
-0.853438, -0.84517, -0.826074, -0.797435, -0.761935, -0.723983, -0.689273, -0.663666, -0.651868
-0.651868, -0.639911, -0.612806, -0.573304, -0.525919, -0.476842, -0.433151, -0.40155, -0.387157
-0.387157, -0.372668, -0.340178, -0.29364, -0.238961, -0.183513, -0.135071, -0.100538, -0.0849432
-0.0849432, -0.0693272, -0.0345991, 0.0144667, 0.0711442, 0.127593, 0.176092, 0.210212, 0.225498
0.225498, 0.240729, 0.274331, 0.321172, 0.374358, 0.426339, 0.470198, 0.5006, 0.514097
0.514097, 0.527468, 0.556688, 0.596768, 0.64131, 0.683788, 0.718758, 0.742498, 0.752898
0.752898, 0.763113, 0.785123, 0.814558, 0.846142, 0.875003, 0.897697, 0.912474, 0.91877
0.91877, 0.924841, 0.937507, 0.953447, 0.969013, 0.981461, 0.989681, 0.994065, 0.995647
0.995647, 0.996984, 0.99908, 0.999981, 0.998022, 0.992851, 0.985801, 0.979366, 0.976081
0.976081, 0.972556, 0.963878, 0.949653, 0.930358, 0.908069, 0.886432, 0.869802, 0.861968
0.861968, 0.853922, 0.835311, 0.807337, 0.772576, 0.735328, 0.701199, 0.675985, 0.664361
0.664361, 0.652573, 0.625833, 0.58682, 0.539959, 0.491361, 0.448046, 0.41669, 0.402401
0.402401, 0.388014, 0.355733, 0.30946, 0.255039, 0.199797, 0.151492, 0.117032, 0.101463
0.101463, 0.0858696, 0.0511763, 0.00212541, -0.0545846, -0.111119, -0.159735, -0.193962, -0.209303
-0.209303, -0.224592, -0.258338, -0.305415, -0.358921, -0.411272, -0.45549, -0.486168, -0.499795
-0.499795, -0.513299, -0.542828, -0.583372, -0.628491, -0.671587, -0.707124, -0.731281, -0.741875
-0.741875, -0.752286, -0.774738, -0.804821, -0.837183, -0.86685, -0.890263, -0.90556, -0.912093
-0.912093, -0.918403, -0.931604, -0.948312, -0.964782, -0.978146, -0.987168, -0.992123, -0.993963
-0.993963, -0.99556, -0.998231, -0.999946, -0.998928, -0.994695, -0.988451, -0.982585, -0.979554

0.544319, 0.557391, 0.585921, 0.624967, 0.66823, 0.709342, 0.743064, 0.765883, 0.77586
0.77586, 0.785646, 0.806682, 0.834701, 0.864587, 0.891689, 0.91282, 0.926467, 0.932248
0.932248, 0.937801, 0.949305, 0.963582, 0.977196, 0.987664, 0.994157, 0.997309, 0.998335
0.998335, 0.999116, 0.999974, 0.999127, 0.99515, 0.98797, 0.979195, 0.971547, 0.967719
0.967719, 0.963653, 0.953781, 0.937892, 0.91671, 0.892577, 0.869385, 0.851678, 0.843365
0.843365, 0.834846, 0.815201, 0.785809, 0.749473, 0.710725, 0.675362, 0.649311, 0.63732
0.63732, 0.625173, 0.597657, 0.557609, 0.50964, 0.46003, 0.415921, 0.38405, 0.369542
0.369542, 0.354943, 0.322222, 0.275397, 0.22044, 0.164774, 0.116192, 0.0815878, 0.0659678
0.0659678, 0.0503317, 0.0155755, -0.0334909, -0.0901118, -0.146443, -0.194791, -0.228777, -0.243996
-0.243996, -0.259155, -0.29258, -0.339135, -0.391935, -0.443474, -0.486907, -0.516982, -0.530325
-0.530325, -0.543539, -0.572395, -0.611929, -0.655794, -0.697549, -0.731858, -0.75511, -0.765285
-0.765285, -0.775273, -0.796766, -0.825449, -0.85613, -0.884056, -0.905919, -0.920094, -0.926116
-0.926116, -0.931911, -0.943958, -0.959013, -0.973538, -0.98493, -0.992229, -0.995955, -0.99724
-0.99724, -0.998281, -0.999715, -0.999682, -0.996645, -0.9904, -0.982427, -0.975343, -0.971767
-0.971767, -0.967953, -0.958635, -0.943519, -0.923213, -0.899935, -0.877464, -0.860256, -0.852165
-0.852165, -0.843865, -0.824698, -0.795962, -0.760354, -0.722299, -0.687505, -0.66184, -0.650018
-0.650018, -0.638037, -0.610878, -0.571305, -0.523845, -0.474698, -0.430952, -0.399317, -0.384908
-0.384908, -0.370406, -0.337885, -0.29131, -0.236594, -0.181116, -0.132656, -0.0981131, -0.0825145
-0.0825145, -0.0668956, -0.0321632, 0.0169037, 0.073575, 0.13001, 0.17849, 0.212594, 0.227872
0.227872, 0.243094, 0.276674, 0.32348, 0.376617, 0.428542, 0.472347, 0.502708, 0.516186
0.516186, 0.529537, 0.558711, 0.598722, 0.643178, 0.685564, 0.720451, 0.744128, 0.7545
0.7545, 0.764686, 0.78663, 0.81597, 0.847438, 0.87618, 0.898768, 0.913469, 0.91973
0.91973, 0.925765, 0.938352, 0.954179, 0.969612, 0.981925, 0.990028, 0.994327, 0.995871
0.995871, 0.997171, 0.999181, 0.999963, 0.997866, 0.992557, 0.985389, 0.978871, 0.975548
0.975548, 0.971986, 0.963226, 0.948886, 0.929462, 0.907046, 0.885301, 0.868597, 0.86073
0.86073, 0.852651, 0.833969, 0.805897, 0.771026, 0.733675, 0.699459, 0.674187, 0.662537
0.662537, 0.650725, 0.62393, 0.584844, 0.537906, 0.489236, 0.445865, 0.414473, 0.400169
0.400169, 0.385766, 0.353455, 0.307142, 0.252682, 0.197409, 0.149083, 0.114611, 0.0990384
0.0990384, 0.0834411, 0.0487421, -0.000311829, -0.057018, -0.113541, -0.16214, -0.196352, -0.211685
-0.211685, -0.226966, -0.260692, -0.307735, -0.361195, -0.413492, -0.457658, -0.488296, -0.501904
-0.501904, -0.515389, -0.544874, -0.58535, -0.630385, -0.673391, -0.708845, -0.732942, -0.743507
-0.743507, -0.753889, -0.776277, -0.806266, -0.838513, -0.868062, -0.89137, -0.906592, -0.91309

0.000934754
5525
