2
32

0, 0.155615, 0.307439
0.307439, 0.451771, 0.585097
0.585097, 0.704168, 0.806081
0.806081, 0.888355, 0.948985
0.948985, 0.986493, 0.999966
0.999966, 0.989075, 0.954086
0.954086, 0.895851, 0.815789
0.815789, 0.715851, 0.598472
0.598472, 0.466511, 0.323185
0.323185, 0.171983, 0.0165919
0.0165919, -0.139204, -0.291608
-0.291608, -0.436907, -0.571561
-0.571561, -0.69229, -0.796151
-0.796151, -0.880614, -0.943622
-0.943622, -0.983639, -0.99969
-0.99969, -0.991385, -0.958924
-0.958924, -0.9031, -0.825273
-0.825273, -0.727338, -0.611682
-0.611682, -0.481123, -0.338842
-0.338842, -0.188304, -0.0331792
-0.0331792, 0.122754, 0.275697
0.275697, 0.421922, 0.557868
0.557868, 0.680221, 0.786002
0.786002, 0.872631, 0.938
0.938, 0.980515, 0.99914
0.99914, 0.993421, 0.963499
0.963499, 0.910101, 0.834529
0.834529, 0.738625, 0.624724
0.624724, 0.495602, 0.354405
0.354405, 0.204573, 0.0497574
0.0497574, -0.106271, -0.25971
-0.25971, -0.406822, -0.544021

-0.553136, -0.416139, -0.269686
-0.27022, -0.116388, 0.0394808
0.0390018, 0.194546, 0.344689
0.344267, 0.486694, 0.616595
0.616262, 0.731682, 0.828771
0.828571, 0.905801, 0.960664
0.960616, 0.992181, 0.999503
0.999612, 0.982455, 0.941527
0.941781, 0.877563, 0.79235
0.792725, 0.687668, 0.566423
0.566883, 0.431162, 0.28563
0.28613, 0.132892, -0.0228303
-0.0223384, -0.178251, -0.329079
-0.328643, -0.472127, -0.603452
-0.603114, -0.720271, -0.819372
-0.819165, -0.898647, -0.955925
-0.955869, -0.989976, -0.999882
-0.999983, -0.985412, -0.946987
-0.947234, -0.885397, -0.802363
-0.802733, -0.699619, -0.580019
-0.580475, -0.446073, -0.301491
-0.30199, -0.149318, 0.00623981
0.00574623, 0.1619, 0.313366
0.312926, 0.457436, 0.590139
0.589795, 0.708663, 0.809748
0.809534, 0.891246, 0.950922
0.950858, 0.987499, 0.999986
1.00008, 0.988098, 0.952187
0.952426, 0.892987, 0.812155
0.812519, 0.711377, 0.593454
0.593907, 0.460861, 0.317269
0.317768, 0.165703, 0.0103524

-0.921468, -0.849354, -0.756944
-0.757363, -0.645941, -0.519399
-0.519868, -0.379973, -0.231516
-0.23203, -0.077143, 0.0788193
0.0783349, 0.233061, 0.381425
0.381002, 0.520748, 0.647155
0.646834, 0.757978, 0.850188
0.850006, 0.921795, 0.970865
0.970837, 0.996323, 0.997501
0.997631, 0.974342, 0.927516
0.92779, 0.857982, 0.767688
0.76808, 0.658515, 0.533498
0.53397, 0.395261, 0.247632
0.248138, 0.0937205, -0.0622216
-0.0617303, -0.216898, -0.366048
-0.365619, -0.506507, -0.634417
-0.634092, -0.747053, -0.841334
-0.841144, -0.915237, -0.966756
-0.96672, -0.994767, -0.998534
-0.998655, -0.97794, -0.93359
-0.933857, -0.866386, -0.778214
-0.778601, -0.67091, -0.547458
-0.547926, -0.410447, -0.263672
-0.264178, -0.110226, 0.0456535
0.0451601, 0.200671, 0.350557
0.350124, 0.492131, 0.621504
0.621173, 0.735921, 0.83225
0.832053, 0.908427, 0.962381
0.962337, 0.992939, 0.999291
0.999404, 0.98127, 0.939406
0.939666, 0.874552, 0.788527
0.788908, 0.683121, 0.561267

-0.982757, -0.999559, -0.991985
-0.992166, -0.960223, -0.905146
-0.90544, -0.827884, -0.73061
-0.731019, -0.61535, -0.48531
-0.485791, -0.343214, -0.192978
-0.193487, -0.0377827, 0.118041
0.11756, 0.27121, 0.417568
0.417155, 0.553993, 0.676703
0.676399, 0.783099, 0.870278
0.870116, 0.936358, 0.979553
0.979546, 0.998917, 0.993947
0.994096, 0.964715, 0.912062
0.912353, 0.837068, 0.741832
0.742236, 0.628339, 0.499744
0.500223, 0.358746, 0.209249
0.209756, 0.054404, -0.101515
-0.101028, -0.255208, -0.402445
-0.402027, -0.5401, -0.664393
-0.664083, -0.772675, -0.861985
-0.861814, -0.930406, -0.976082
-0.976066, -0.998014, -0.995631
-0.995772, -0.96895, -0.91874
-0.919024, -0.84603, -0.752855
-0.753255, -0.64116, -0.514046
-0.514522, -0.374184, -0.225445
-0.225951, -0.0709635, 0.0849946
0.0845062, 0.239131, 0.387201
0.386778, 0.526062, 0.651901
0.651585, 0.762037, 0.853456
0.853277, 0.924197, 0.972341
0.972317, 0.996836, 0.997042
0.997174, 0.972918, 0.925165

-0.716584, -0.816704, -0.896489
-0.896371, -0.954551, -0.989292
-0.98931, -0.999942, -0.986252
-0.986427, -0.948473, -0.887682
-0.887996, -0.805131, -0.703127
-0.703547, -0.583802, -0.450469
-0.450958, -0.305919, -0.154143
-0.154649, 0.0016337, 0.157082
0.156605, 0.308937, 0.453062
0.452661, 0.586378, 0.705199
0.704911, 0.807003, 0.889016
0.888873, 0.949466, 0.98672
0.986732, 0.999958, 0.988848
0.989015, 0.95359, 0.895191
0.895498, 0.814853, 0.714822
0.715238, 0.597187, 0.465213
0.465698, 0.321674, 0.170541
0.171049, 0.0150028, -0.14065
-0.14017, -0.293122, -0.438217
-0.43781, -0.572853, -0.693336
-0.693043, -0.797096, -0.881297
-0.881144, -0.944128, -0.983891
-0.983895, -0.999709, -0.991181
-0.991341, -0.958453, -0.902462
-0.902762, -0.824358, -0.726326
-0.726738, -0.610412, -0.479836
-0.480318, -0.337339, -0.186867
-0.187374, -0.0315904, 0.124203
0.123721, 0.277219, 0.423243
0.422831, 0.559175, 0.681285
0.680984, 0.786967, 0.873335
0.873175, 0.938531, 0.98079

-0.211639, -0.361717, -0.502276
-0.501899, -0.630815, -0.743798
-0.743535, -0.838812, -0.913267
-0.91315, -0.965557, -0.994274
-0.994315, -0.998775, -0.978971
-0.979165, -0.935247, -0.868842
-0.869171, -0.781127, -0.674552
-0.674982, -0.551347, -0.414927
-0.415422, -0.268147, -0.11507
-0.115573, 0.0410458, 0.19588
0.195409, 0.346184, 0.487851
0.487463, 0.617851, 0.732597
0.732327, 0.829652, 0.906372
0.906248, 0.961098, 0.992353
0.992385, 0.999445, 0.982211
0.982398, 0.940982, 0.876928
0.87725, 0.791372, 0.686702
0.687129, 0.565106, 0.429959
0.43045, 0.284102, 0.131569
0.132075, -0.0244216, -0.179566
-0.179093, -0.33058, -0.473307
-0.472913, -0.604716, -0.721202
-0.720925, -0.820277, -0.899238
-0.899105, -0.956383, -0.99017
-0.990194, -0.99985, -0.985191
-0.985369, -0.946467, -0.884781
-0.885097, -0.801405, -0.698668
-0.699091, -0.578716, -0.44488
-0.445368, -0.299971, -0.147998
-0.148505, 0.00783166, 0.163219
0.162743, 0.314875, 0.458626
0.458227, 0.591419, 0.709609

0.363825, 0.213797, 0.0592989
0.0598096, -0.0968868, -0.250465
-0.250007, -0.398183, -0.535974
-0.535605, -0.66091, -0.769566
-0.769321, -0.859619, -0.928614
-0.928517, -0.975061, -0.997713
-0.997774, -0.996055, -0.970169
-0.970382, -0.920567, -0.848651
-0.848995, -0.755909, -0.644929
-0.645369, -0.518035, -0.378737
-0.379238, -0.229958, -0.0758207
-0.0763211, 0.0803928, 0.234375
0.233911, 0.382894, 0.521882
0.521508, 0.648364, 0.758857
0.758604, 0.851012, 0.92232
0.922215, 0.971235, 0.996443
0.996495, 0.997378, 0.974048
0.974253, 0.926911, 0.857302
0.85764, 0.76666, 0.657514
0.657952, 0.532147, 0.394037
0.394532, 0.246088, 0.0923916
0.0928964, -0.0638081, -0.218203
-0.217738, -0.367524, -0.507662
-0.507281, -0.635639, -0.747946
-0.747686, -0.842184, -0.915782
-0.915668, -0.967152, -0.994911
-0.994955, -0.998437, -0.977668
-0.977866, -0.93301, -0.865725
-0.866057, -0.777207, -0.669924
-0.670358, -0.546121, -0.409232
-0.409725, -0.262135, -0.1089
-0.109405, 0.0472416, 0.201981

0.81806, 0.718072, 0.601115
0.601589, 0.469325, 0.326325
0.326824, 0.175123, 0.0199088
0.0204085, -0.136043, -0.288433
-0.287983, -0.434031, -0.568836
-0.56848, -0.689978, -0.794139
-0.793911, -0.87909, -0.942518
-0.942441, -0.98305, -0.999601
-0.999682, -0.991787, -0.959859
-0.960089, -0.904456, -0.82714
-0.827499, -0.729516, -0.614303
-0.614753, -0.483916, -0.341958
-0.342462, -0.191412, -0.0364558
-0.0369532, 0.119614, 0.272506
0.27205, 0.41901, 0.555102
0.554741, 0.677869, 0.783937
0.783701, 0.871049, 0.936834
0.936749, 0.979863, 0.998985
0.999057, 0.993761, 0.964371
0.964594, 0.9114, 0.836343
0.836696, 0.740757, 0.627304
0.627752, 0.498361, 0.357502
0.358001, 0.207692, 0.0530708
0.0535733, -0.103095, -0.256501
-0.256044, -0.403896, -0.541228
-0.54086, -0.665574, -0.773528
-0.773286, -0.862782, -0.930902
-0.930808, -0.976417, -0.998105
-0.998168, -0.995472, -0.968627
-0.968842, -0.918102, -0.845324
-0.84567, -0.7518, -0.640139
-0.640582, -0.512677, -0.372948

0.999711, 0.983081, 0.942635
0.942915, 0.879154, 0.79438
0.794755, 0.690077, 0.569158
0.569621, 0.434155, 0.288808
0.289312, 0.136179, -0.019517
-0.0190209, -0.174988, -0.325952
-0.325511, -0.469205, -0.600813
-0.600472, -0.717973, -0.817477
-0.817267, -0.897195, -0.954957
-0.954899, -0.98951, -0.999936
-1.00004, -0.985978, -0.948057
-0.948305, -0.88694, -0.804344
-0.804716, -0.701989, -0.582723
-0.583183, -0.449044, -0.304646
-0.305153, -0.152569, 0.00296369
0.00246973, 0.158649, 0.310216
0.309769, 0.454474, 0.587459
0.587112, 0.70632, 0.807799
0.807581, 0.889732, 0.949892
0.949826, 0.986968, 0.999974
1.00007, 0.9886, 0.953195
0.953435, 0.894472, 0.814085
0.814451, 0.713702, 0.59612
0.596576, 0.4638, 0.320412
0.320914, 0.168973, 0.0136675
0.014167, -0.142222, -0.294401
-0.293952, -0.439641, -0.573952
-0.573598, -0.694474, -0.797908
-0.797683, -0.882038, -0.944575
-0.944501, -0.984164, -0.999747
-0.999831, -0.99096, -0.958079
-0.958313, -0.901767, -0.823608

0.848251, 0.920519, 0.970062
0.970054, 0.996042, 0.997743
0.997868, 0.975092, 0.92876
0.929032, 0.859689, 0.769816
0.770207, 0.661013, 0.536305
0.536776, 0.398308, 0.250845
0.251351, 0.0970223, -0.0589124
-0.0584206, -0.213662, -0.362963
-0.362533, -0.50365, -0.631856
-0.63153, -0.744852, -0.839545
-0.839353, -0.913905, -0.965912
-0.965874, -0.994433, -0.998716
-0.998836, -0.978636, -0.934781
-0.935047, -0.868044, -0.780298
-0.780683, -0.673372, -0.550237
-0.550706, -0.413473, -0.26686
-0.267368, -0.113491, 0.0423769
0.0418867, 0.197438, 0.347444
0.347007, 0.489233, 0.618902
0.61857, 0.733673, 0.830405
0.830205, 0.907033, 0.961473
0.961428, 0.992539, 0.999408
0.999519, 0.981902, 0.940537
0.940795, 0.876154, 0.790561
0.790941, 0.685538, 0.564008
0.564473, 0.428519, 0.282823
0.283328, 0.129991, -0.0257569
-0.0252613, -0.181128, -0.331842
-0.331404, -0.474703, -0.605784
-0.605445, -0.722295, -0.821047
-0.82084, -0.899924, -0.95678
-0.956726, -0.990381, -0.999836

0.414147, 0.551233, 0.674257
0.673964, 0.781042, 0.86865
0.868484, 0.935199, 0.978892
0.978882, 0.998768, 0.994316
0.994463, 0.965593, 0.913426
0.913715, 0.838886, 0.744058
0.744462, 0.630921, 0.502618
0.503097, 0.361843, 0.212492
0.212999, 0.0577152, -0.0982161
-0.0977296, -0.252003, -0.399411
-0.398992, -0.537311, -0.661917
-0.661606, -0.770573, -0.860307
-0.860135, -0.929194, -0.975365
-0.975347, -0.997809, -0.995944
-0.996083, -0.969773, -0.920052
-0.920335, -0.8478, -0.75504
-0.755437, -0.643708, -0.516896
-0.517372, -0.377259, -0.228659
-0.229167, -0.0742371, 0.0817229
0.0812371, 0.23592, 0.384133
0.383707, 0.523231, 0.649383
0.649067, 0.759886, 0.85172
0.851539, 0.922923, 0.97156
0.971534, 0.996567, 0.997289
0.997419, 0.973677, 0.926417
0.926692, 0.856474, 0.765808
0.766201, 0.656309, 0.53102
0.531493, 0.392571, 0.244795
0.245302, 0.0908072, -0.0651414
-0.0646503, -0.219753, -0.368768
-0.36834, -0.509026, -0.636675
-0.636351, -0.748993, -0.84291

-0.157954, -0.00172734, 0.153784
0.153304, 0.305792, 0.450116
0.449714, 0.58369, 0.702849
0.702561, 0.80505, 0.887502
0.887356, 0.94843, 0.986187
0.986197, 0.99994, 0.989346
0.989512, 0.954592, 0.896673
0.896978, 0.816779, 0.717144
0.717559, 0.599849, 0.46815
0.468635, 0.324815, 0.17381
0.174317, 0.0183184, -0.137367
-0.136887, -0.289953, -0.435238
-0.43483, -0.570137, -0.690949
-0.690655, -0.795096, -0.879733
-0.879579, -0.943039, -0.983302
-0.983304, -0.999635, -0.991624
-0.991782, -0.959402, -0.903893
-0.904192, -0.826237, -0.728608
-0.729017, -0.613043, -0.48275
-0.483233, -0.340457, -0.190103
-0.19061, -0.0348698, 0.120941
0.12046, 0.274036, 0.420226
0.419812, 0.556416, 0.678854
0.678554, 0.784918, 0.871712
0.87155, 0.937379, 0.980137
0.980131, 0.999045, 0.993619
0.993769, 0.963939, 0.910857
0.911149, 0.835462, 0.739865
0.74027, 0.626059, 0.497207
0.497686, 0.356013, 0.206387
0.206894, 0.0514823, -0.104425
-0.103939, -0.258035, -0.405121

-0.677423, -0.554112, -0.417931
-0.418438, -0.27135, -0.1184
-0.118904, 0.037692, 0.192612
0.192142, 0.343084, 0.484965
0.484575, 0.615243, 0.730342
0.730071, 0.827807, 0.904976
0.904849, 0.960186, 0.991949
0.99198, 0.999558, 0.982838
0.983023, 0.942108, 0.878526
0.878847, 0.793402, 0.689115
0.689542, 0.567844, 0.432955
0.433445, 0.287282, 0.134856
0.135363, -0.0211068, -0.176305
-0.175831, -0.327451, -0.470388
-0.469993, -0.602077, -0.718908
-0.718629, -0.818384, -0.897791
-0.897656, -0.955418, -0.98971
-0.989732, -0.999907, -0.985762
-0.985939, -0.94754, -0.886329
-0.886644, -0.803391, -0.701043
-0.701464, -0.581426, -0.447853
-0.448343, -0.303125, -0.151252
-0.151758, 0.00455027, 0.15997
0.159495, 0.311727, 0.455667
0.455265, 0.588737, 0.70727
0.706986, 0.808729, 0.890348
0.890205, 0.950377, 0.98719
0.987204, 0.999971, 0.988406
0.988575, 0.952703, 0.893882
0.894189, 0.813152, 0.712772
0.713189, 0.594836, 0.46262
0.463106, 0.318902, 0.167658

-0.97117, -0.921863, -0.850388
-0.850754, -0.758076, -0.647464
-0.647902, -0.520866, -0.381805
-0.382301, -0.233201, -0.0791649
-0.0796692, 0.0770522, 0.231143
0.23068, 0.379842, 0.519061
0.518684, 0.645839, 0.7567
0.756446, 0.849277, 0.921043
0.920936, 0.97045, 0.996169
0.99622, 0.997622, 0.974803
0.975006, 0.92816, 0.859013
0.859349, 0.768792, 0.660015
0.660452, 0.534957, 0.397086
0.397581, 0.249303, 0.0956937
0.0961987, -0.0604992, -0.214968
-0.214502, -0.364441, -0.504807
-0.504425, -0.633082, -0.745748
-0.745487, -0.840399, -0.914453
-0.914338, -0.966312, -0.99458
-0.994623, -0.998624, -0.978368
-0.978564, -0.934206, -0.867387
-0.867717, -0.779295, -0.67239
-0.672821, -0.548904, -0.412259
-0.412754, -0.265322, -0.112166
-0.112671, 0.0439619, 0.19875
0.198282, 0.348934, 0.4904
0.490011, 0.620142, 0.734586
0.734318, 0.831283, 0.907601
0.907477, 0.961899, 0.992709
0.992743, 0.999343, 0.981656
0.981843, 0.939986, 0.875517
0.87584, 0.789578, 0.684571

-0.941316, -0.982442, -0.999489
-0.999591, -0.992205, -0.960788
-0.961014, -0.905867, -0.829001
-0.829358, -0.731782, -0.616917
-0.617368, -0.486813, -0.345076
-0.345576, -0.194689, -0.0398091
-0.0403108, 0.116293, 0.269313
0.268859, 0.41601, 0.552349
0.551986, 0.675431, 0.781882
0.781645, 0.869426, 0.935679
0.935591, 0.979206, 0.998841
0.998912, 0.994135, 0.965252
0.965474, 0.912769, 0.838165
0.838516, 0.742988, 0.629889
0.630336, 0.501238, 0.3606
0.361099, 0.210936, 0.0563823
0.0568851, -0.0997975, -0.253297
-0.252839, -0.400864, -0.538441
-0.538072, -0.663102, -0.77143
-0.771186, -0.861108, -0.929694
-0.929598, -0.975704, -0.997904
-0.997967, -0.99579, -0.969454
-0.969668, -0.919419, -0.847097
-0.847442, -0.753989, -0.642691
-0.643132, -0.515529, -0.376023
-0.376523, -0.227107, -0.0729079
-0.0734099, 0.0833041, 0.237222
0.23676, 0.3856, 0.524372
0.523996, 0.650583, 0.76076
0.760509, 0.852545, 0.923443
0.923339, 0.971925, 0.996684
0.996738, 0.997161, 0.97338

-0.597808, -0.715664, -0.815553
-0.815358, -0.895724, -0.95397
-0.953909, -0.989027, -0.999969
-1.00007, -0.986527, -0.949108
-0.949354, -0.888468, -0.806312
-0.806683, -0.704348, -0.585414
-0.585874, -0.452003, -0.307811
-0.308314, -0.155874, -0.000391497
-0.000889777, 0.155353, 0.307066
0.30662, 0.451531, 0.584779
0.58443, 0.703973, 0.805848
0.805629, 0.888224, 0.94886
0.948792, 0.986439, 0.999961
1.00005, 0.989103, 0.954201
0.954441, 0.895959, 0.816014
0.816379, 0.716028, 0.598785
0.59924, 0.46674, 0.323554
0.324056, 0.172242, 0.0169832
0.017483, -0.138941, -0.291233
-0.290784, -0.436665, -0.571239
-0.570884, -0.692091, -0.795912
-0.795686, -0.880479, -0.94349
-0.943414, -0.98358, -0.999678
-0.999759, -0.991407, -0.959032
-0.959264, -0.903202, -0.825491
-0.82585, -0.727511, -0.611993
-0.612444, -0.481351, -0.339203
-0.339705, -0.188539, -0.0335373
-0.0340363, 0.122516, 0.275325
0.274871, 0.421667, 0.557528
0.557167, 0.680013, 0.785751
0.785518, 0.872482, 0.93785

-0.055106, -0.210421, -0.359869
-0.359441, -0.500781, -0.629282
-0.628954, -0.742635, -0.837739
-0.837546, -0.912554, -0.965048
-0.965009, -0.994079, -0.998879
-0.998997, -0.979313, -0.935955
-0.936219, -0.869687, -0.78237
-0.782754, -0.67582, -0.553002
-0.553469, -0.41649, -0.270067
-0.270573, -0.116817, 0.0390268
0.0385326, 0.194171, 0.344341
0.343905, 0.486351, 0.6163
0.615966, 0.731421, 0.828562
0.828361, 0.905642, 0.960566
0.960518, 0.992139, 0.999526
0.999636, 0.982534, 0.941667
0.941924, 0.877756, 0.792595
0.792974, 0.687955, 0.566749
0.567213, 0.431516, 0.286005
0.28651, 0.133279, -0.0224422
-0.0219462, -0.177868, -0.328716
-0.328276, -0.471786, -0.603148
-0.602808, -0.720005, -0.819157
-0.818949, -0.898481, -0.955819
-0.955763, -0.989927, -0.999897
-0.999998, -0.985484, -0.94712
-0.94737, -0.885582, -0.802601
-0.802974, -0.699902, -0.580343
-0.580804, -0.446425, -0.301854
-0.302359, -0.149678, 0.00588414
0.00538877, 0.161537, 0.313
0.312556, 0.457079, 0.589819

0.505958, 0.364936, 0.215727
0.216245, 0.0610258, -0.0949128
-0.0944272, -0.248792, -0.396368
-0.395948, -0.534511, -0.659428
-0.659115, -0.768455, -0.858612
-0.858438, -0.927964, -0.974628
-0.974609, -0.997586, -0.996238
-0.996375, -0.970578, -0.921348
-0.921628, -0.849555, -0.757212
-0.757609, -0.646242, -0.51973
-0.520204, -0.38033, -0.231904
-0.232411, -0.0775789, 0.0783843
0.077895, 0.232687, 0.38108
0.380656, 0.520414, 0.646863
0.646544, 0.757732, 0.849988
0.849806, 0.921652, 0.970779
0.970751, 0.996297, 0.997537
0.997666, 0.974437, 0.927669
0.927943, 0.858189, 0.767944
0.768336, 0.658813, 0.533832
0.534304, 0.395622, 0.248011
0.248518, 0.0941097, -0.0618327
-0.0613413, -0.216519, -0.365687
-0.365258, -0.506174, -0.63412
-0.633795, -0.746799, -0.841129
-0.840939, -0.915086, -0.966663
-0.966627, -0.994734, -0.998562
-0.998683, -0.978029, -0.933736
-0.934002, -0.866586, -0.778464
-0.77885, -0.671206, -0.547791
-0.54826, -0.410804, -0.264036
-0.264543, -0.110586, 0.0452952

0.898432, 0.818693, 0.71944
0.719876, 0.602499, 0.471082
0.471564, 0.327951, 0.177076
0.177583, 0.021635, -0.134081
-0.1336, -0.286776, -0.432249
-0.431841, -0.56741, -0.688548
-0.688252, -0.793081, -0.878151
-0.877996, -0.941931, -0.982693
-0.982694, -0.999542, -0.992048
-0.992204, -0.960333, -0.905308
-0.905605, -0.828103, -0.730877
-0.731286, -0.615659, -0.48565
-0.486131, -0.343579, -0.193381
-0.193888, -0.0382198, 0.11762
0.117136, 0.270842, 0.417227
0.416814, 0.553669, 0.67642
0.676117, 0.782865, 0.870092
0.869929, 0.936229, 0.979483
0.979476, 0.998907, 0.993998
0.994146, 0.964826, 0.91223
0.91252, 0.837288, 0.742099
0.742503, 0.628647, 0.500086
0.500565, 0.359113, 0.209632
0.210139, 0.054794, -0.101127
-0.100641, -0.254833, -0.402091
-0.401673, -0.539775, -0.664106
-0.663796, -0.772433, -0.861794
-0.861622, -0.930269, -0.976004
-0.975988, -0.997996, -0.995675
-0.995815, -0.969053, -0.9189
-0.919183, -0.846243, -0.753117
-0.753516, -0.641466, -0.514387

0.991542, 0.999656, 0.983431
0.983639, 0.943214, 0.880109
0.880426, 0.795418, 0.691516
0.691941, 0.570572, 0.435943
0.436433, 0.290458, 0.138143
0.138649, -0.0177902, -0.173039
-0.172564, -0.324315, -0.467458
-0.467062, -0.599426, -0.716598
-0.716319, -0.816474, -0.896326
-0.896189, -0.954435, -0.989231
-0.989252, -0.999945, -0.986315
-0.986491, -0.948596, -0.887861
-0.888174, -0.805363, -0.703405
-0.703826, -0.584119, -0.450815
-0.451302, -0.306294, -0.154556
-0.155063, 0.00119871, 0.156673
0.156196, 0.308576, 0.452726
0.452325, 0.586062, 0.704926
0.70464, 0.806781, 0.888844
0.8887, 0.949351, 0.986665
0.986677, 0.999963, 0.988914
0.989081, 0.953715, 0.895372
0.895678, 0.815086, 0.715101
0.715517, 0.597504, 0.465562
0.466047, 0.322046, 0.170927
0.171434, 0.0153931, -0.140264
-0.139784, -0.292751, -0.437869
-0.437463, -0.572537, -0.69306
-0.692766, -0.796866, -0.881118
-0.880966, -0.944006, -0.983828
-0.983832, -0.999707, -0.99124
-0.991399, -0.958571, -0.902636

0.754263, 0.847525, 0.919735
0.919646, 0.969644, 0.995877
0.995924, 0.997845, 0.975538
0.97574, 0.92939, 0.860707
0.861042, 0.77091, 0.662505
0.66294, 0.537757, 0.400129
0.400623, 0.252514, 0.0989953
0.0995005, -0.0571878, -0.211727
-0.21126, -0.36135, -0.501941
-0.501558, -0.630511, -0.743535
-0.743272, -0.838598, -0.913106
-0.91299, -0.965454, -0.994231
-0.994271, -0.998793, -0.97905
-0.979244, -0.935385, -0.869034
-0.869363, -0.781371, -0.674841
-0.675272, -0.551671, -0.415279
-0.415772, -0.268533, -0.115492
-0.115998, 0.0406153, 0.195482
0.195012, 0.34583, 0.487521
0.487132, 0.617545, 0.732337
0.732066, 0.829443, 0.906215
0.90609, 0.960997, 0.992313
0.992346, 0.999466, 0.982292
0.982479, 0.941122, 0.877122
0.877445, 0.791617, 0.686991
0.687418, 0.565432, 0.430315
0.430805, 0.284478, 0.131957
0.132463, -0.0240317, -0.179183
-0.17871, -0.330214, -0.472967
-0.472573, -0.60441, -0.720937
-0.72066, -0.82006, -0.899074
-0.898941, -0.956276, -0.990123

0.265658, 0.412993, 0.549576
0.54922, 0.672981, 0.779811
0.779572, 0.867783, 0.934504
0.934415, 0.978528, 0.998677
0.998746, 0.994489, 0.966115
0.966335, 0.914119, 0.83997
0.84032, 0.745204, 0.632463
0.632909, 0.504106, 0.363693
0.364191, 0.214178, 0.059694
0.060197, -0.0964964, -0.250087
-0.249628, -0.397824, -0.535643
-0.535273, -0.660616, -0.769315
-0.76907, -0.859418, -0.928468
-0.928371, -0.974973, -0.997685
-0.997746, -0.996089, -0.970263
-0.970475, -0.920719, -0.848857
-0.8492, -0.756165, -0.645227
-0.645669, -0.518365, -0.379098
-0.379595, -0.230355, -0.0762479
-0.0767519, 0.0799688, 0.233988
0.233525, 0.382546, 0.521558
0.521182, 0.648068, 0.758608
0.758356, 0.850816, 0.922177
0.922071, 0.97115, 0.996419
0.996471, 0.997414, 0.974144
0.974349, 0.927065, 0.85751
0.857847, 0.766917, 0.657813
0.658251, 0.532482, 0.394399
0.394894, 0.246468, 0.0927808
0.0932857, -0.0634192, -0.217824
-0.217358, -0.367163, -0.507329
-0.506948, -0.635342, -0.747693

-0.311467, -0.159151, -0.00370521
-0.00421015, 0.152075, 0.303906
0.303461, 0.448569, 0.582085
0.581735, 0.701614, 0.80388
0.80366, 0.886697, 0.947808
0.947739, 0.98589, 0.999927
1.00002, 0.989587, 0.955189
0.955427, 0.897428, 0.817928
0.818292, 0.71834, 0.601439
0.601894, 0.469672, 0.326692
0.327193, 0.175508, 0.0202999
0.0208, -0.135655, -0.288058
-0.287608, -0.433678, -0.568513
-0.568157, -0.689694, -0.7939
-0.793672, -0.878902, -0.942386
-0.942309, -0.982977, -0.999589
-0.999669, -0.991836, -0.959968
-0.960198, -0.904622, -0.82736
-0.827718, -0.729783, -0.614611
-0.615062, -0.484254, -0.342328
-0.342828, -0.191818, -0.0368855
-0.0373869, 0.119198, 0.272129
0.271676, 0.418668, 0.554785
0.554423, 0.677584, 0.783701
0.783466, 0.870866, 0.936705
0.936619, 0.979793, 0.998976
0.999048, 0.993813, 0.964482
0.964705, 0.911568, 0.836564
0.836916, 0.741025, 0.627613
0.62806, 0.498703, 0.357869
0.358368, 0.208075, 0.0534609
0.0539634, -0.102708, -0.256126

-0.784808, -0.678266, -0.555752
-0.556237, -0.419503, -0.273263
-0.273766, -0.120111, 0.0357116
0.0352174, 0.190916, 0.341225
0.340788, 0.48345, 0.613685
0.613349, 0.729155, 0.826701
0.826499, 0.904231, 0.959639
0.95959, 0.99172, 0.999623
0.999731, 0.983146, 0.942779
0.943035, 0.879341, 0.794614
0.794992, 0.69036, 0.569479
0.569943, 0.434507, 0.289182
0.289687, 0.136566, -0.0191257
-0.0186293, -0.174603, -0.325581
-0.325141, -0.468859, -0.600499
-0.600158, -0.717699, -0.817251
-0.817041, -0.897021, -0.95484
-0.954782, -0.989453, -0.999939
-1.00004, -0.986042, -0.94818
-0.948428, -0.88712, -0.804577
-0.804949, -0.702267, -0.583039
-0.583499, -0.44939, -0.305025
-0.305529, -0.152983, 0.00253425
0.00203625, 0.158242, 0.309848
0.309404, 0.454139, 0.587149
0.586801, 0.706046, 0.807576
0.807358, 0.889563, 0.949777
0.949711, 0.986913, 0.99998
1.00007, 0.988667, 0.95332
0.953561, 0.894654, 0.814318
0.814684, 0.713981, 0.596438
0.596894, 0.46415, 0.320784

-0.996646, -0.971376, -0.922618
-0.922922, -0.851299, -0.759378
-0.759772, -0.64877, -0.522561
-0.523035, -0.383397, -0.23513
-0.235637, -0.0808857, 0.0750769
0.0745872, 0.22946, 0.378011
0.377586, 0.517579, 0.64433
0.64401, 0.755563, 0.848236
0.848053, 0.920361, 0.969979
0.969949, 0.996008, 0.997765
0.997893, 0.975178, 0.928904
0.929176, 0.859888, 0.770065
0.770456, 0.661306, 0.536635
0.537106, 0.398667, 0.251224
0.25173, 0.0974118, -0.0585215
-0.0580297, -0.213279, -0.362598
-0.362168, -0.503311, -0.631552
-0.631225, -0.74459, -0.839331
-0.83914, -0.913745, -0.965809
-0.965771, -0.99439, -0.998735
-0.998854, -0.978715, -0.934919
-0.935184, -0.868238, -0.780543
-0.780928, -0.67366, -0.550561
-0.551029, -0.413828, -0.267249
-0.267754, -0.113911, 0.04195
0.0414562, 0.19704, 0.347085
0.346651, 0.488904, 0.6186
0.618267, 0.733411, 0.830195
0.829996, 0.906877, 0.961374
0.961327, 0.992499, 0.99943
0.999541, 0.981983, 0.940677
0.940935, 0.876349, 0.790806

-0.876393, -0.940817, -0.982061
-0.982082, -0.999437, -0.992463
-0.992616, -0.961254, -0.906713
-0.907009, -0.829958, -0.733137
-0.733546, -0.61827, -0.488547
-0.489028, -0.346693, -0.196634
-0.197141, -0.0415344, 0.114325
0.113841, 0.267647, 0.414211
0.413796, 0.550904, 0.673974
0.67367, 0.780797, 0.868453
0.868288, 0.935059, 0.978811
0.978801, 0.998748, 0.994356
0.994503, 0.965693, 0.913584
0.913873, 0.839098, 0.744319
0.744722, 0.631224, 0.502956
0.503434, 0.362208, 0.212875
0.213382, 0.058106, -0.0978264
-0.0973398, -0.251624, -0.399052
-0.398633, -0.53698, -0.661623
-0.661312, -0.770323, -0.860107
-0.859934, -0.929048, -0.975277
-0.975259, -0.997782, -0.995978
-0.996117, -0.969867, -0.920204
-0.920487, -0.848007, -0.755296
-0.755694, -0.644005, -0.517227
-0.517702, -0.377622, -0.229057
-0.229563, -0.0746615, 0.0813006
0.0808117, 0.235531, 0.383783
0.383359, 0.522909, 0.64909
0.648772, 0.759636, 0.851524
0.851343, 0.922781, 0.971475
0.971449, 0.996542, 0.997326

-0.46412, -0.596771, -0.714274
-0.714005, -0.814554, -0.894852
-0.894713, -0.95344, -0.988741
-0.98876, -0.999972, -0.986858
-0.987032, -0.949642, -0.889384
-0.889695, -0.807325, -0.70576
-0.70618, -0.586808, -0.453774
-0.45426, -0.309451, -0.157833
-0.15834, -0.00211852, 0.153396
0.152918, 0.305419, 0.449766
0.449364, 0.583372, 0.70257
0.702282, 0.804817, 0.88732
0.887174, 0.948305, 0.986121
0.986131, 0.999935, 0.989402
0.989568, 0.954708, 0.896845
0.89715, 0.817004, 0.717416
0.717831, 0.600161, 0.468496
0.46898, 0.325185, 0.174195
0.174702, 0.0187098, -0.136979
-0.136499, -0.289578, -0.434885
-0.434477, -0.569815, -0.690666
-0.690371, -0.794858, -0.879546
-0.879392, -0.942908, -0.983229
-0.983231, -0.999623, -0.991673
-0.991831, -0.959512, -0.90406
-0.904358, -0.826457, -0.728875
-0.729285, -0.613349, -0.483089
-0.483571, -0.34083, -0.190509
-0.191016, -0.035296, 0.120525
0.120042, 0.273657, 0.419884
0.419471, 0.556101, 0.678571
0.678269, 0.78468, 0.871529

0.102802, -0.0538757, -0.208485
-0.208016, -0.358256, -0.499069
-0.498685, -0.627933, -0.741313
-0.741049, -0.836787, -0.91175
-0.911631, -0.964586, -0.993871
-0.993909, -0.998951, -0.979721
-0.979913, -0.936553, -0.870672
-0.870999, -0.783438, -0.677286
-0.677716, -0.554435, -0.418295
-0.418787, -0.271727, -0.118786
-0.119292, 0.0373006, 0.192228
0.191757, 0.342715, 0.484622
0.484232, 0.614933, 0.730074
0.729803, 0.827586, 0.904808
0.904681, 0.960076, 0.991898
0.991929, 0.999568, 0.982909
0.983094, 0.942239, 0.878712
0.879033, 0.79364, 0.689398
0.689824, 0.568166, 0.433307
0.433797, 0.287657, 0.135244
0.135751, -0.0207154, -0.175919
-0.175445, -0.327081, -0.470042
-0.469647, -0.601764, -0.718635
-0.718356, -0.818158, -0.897617
-0.897483, -0.955302, -0.989653
-0.989675, -0.999911, -0.985827
-0.986004, -0.947664, -0.88651
-0.886824, -0.803623, -0.701321
-0.701743, -0.58174, -0.4482
-0.448688, -0.303507, -0.151665
-0.152172, 0.00412442, 0.159562
0.159085, 0.311357, 0.455332

0.635469, 0.506971, 0.366773
0.367286, 0.217416, 0.0630071
0.0635086, -0.0931943, -0.246874
-0.246415, -0.394778, -0.53284
-0.532468, -0.658122, -0.767192
-0.766945, -0.857718, -0.927232
-0.927133, -0.974232, -0.997455
-0.997514, -0.996377, -0.971061
-0.971272, -0.922009, -0.850607
-0.850949, -0.758332, -0.647758
-0.648199, -0.5212, -0.382166
-0.382662, -0.233582, -0.0795552
-0.0800594, 0.0766618, 0.230761
0.230298, 0.379479, 0.518725
0.518349, 0.645539, 0.756444
0.756189, 0.849069, 0.920889
0.920782, 0.970355, 0.996134
0.996184, 0.997648, 0.974889
0.975092, 0.928305, 0.859212
0.859548, 0.769042, 0.660309
0.660745, 0.535287, 0.397445
0.39794, 0.249682, 0.0960833
0.0965883, -0.0601083, -0.214585
-0.214119, -0.364076, -0.504468
-0.504086, -0.632778, -0.745487
-0.745225, -0.840186, -0.914294
-0.914178, -0.966211, -0.994539
-0.994581, -0.998644, -0.978448
-0.978644, -0.934344, -0.867582
-0.867911, -0.77954, -0.672677
-0.67311, -0.549227, -0.412615
-0.413108, -0.265713, -0.112585

0.956393, 0.898891, 0.819819
0.820205, 0.720643, 0.604089
0.604541, 0.472598, 0.329826
0.330327, 0.178773, 0.0236163
0.0241169, -0.132368, -0.28488
-0.284429, -0.430687, -0.565782
-0.565424, -0.687288, -0.791879
-0.79165, -0.877316, -0.941272
-0.941193, -0.982363, -0.99949
-0.999568, -0.992255, -0.960892
-0.961121, -0.906032, -0.829219
-0.829576, -0.732048, -0.617224
-0.617675, -0.487154, -0.345443
-0.345943, -0.195073, -0.0402003
-0.040702, 0.115904, 0.268936
0.268482, 0.415653, 0.552022
0.551659, 0.675141, 0.781637
0.7814, 0.869232, 0.935539
0.935452, 0.979125, 0.998821
0.998892, 0.994176, 0.965353
0.965575, 0.912928, 0.838377
0.838728, 0.743249, 0.630193
0.630639, 0.501576, 0.360965
0.361464, 0.211319, 0.0567731
0.0572759, -0.0994079, -0.252918
-0.25246, -0.400505, -0.538111
-0.537742, -0.662808, -0.77118
-0.770935, -0.860908, -0.929549
-0.929453, -0.975618, -0.997878
-0.99794, -0.995825, -0.969549
-0.969762, -0.919572, -0.847305
-0.84765, -0.754245, -0.642988

0.95864, 0.991294, 0.999695
0.999826, 0.983746, 0.943884
0.944135, 0.880917, 0.796625
0.797001, 0.692756, 0.572203
0.572666, 0.437493, 0.292357
0.292861, 0.139852, -0.015809
-0.0153122, -0.171336, -0.322443
-0.322002, -0.465927, -0.597844
-0.597501, -0.715386, -0.815335
-0.815124, -0.89555, -0.95385
-0.95379, -0.988968, -0.99997
-1.00007, -0.98659, -0.94923
-0.949476, -0.888647, -0.806543
-0.806914, -0.704625, -0.585731
-0.58619, -0.452351, -0.308183
-0.308686, -0.156261, -0.000782996
-0.00128131, 0.154966, 0.306693
0.306247, 0.451181, 0.584461
0.584112, 0.703694, 0.805616
0.805397, 0.888044, 0.948735
0.948667, 0.986374, 0.999956
1.00005, 0.98916, 0.954317
0.954556, 0.896132, 0.81624
0.816605, 0.7163, 0.599097
0.599553, 0.467086, 0.323924
0.324426, 0.172627, 0.0173747
0.0178745, -0.138553, -0.290858
-0.290409, -0.436312, -0.570917
-0.570562, -0.691808, -0.795674
-0.795448, -0.880292, -0.943359
-0.943283, -0.983508, -0.999667
-0.999748, -0.991457, -0.959142

0.641461, 0.75339, 0.846465
0.846297, 0.919058, 0.96917
0.969137, 0.995708, 0.997982
0.998108, 0.975908, 0.930128
0.930399, 0.861577, 0.772178
0.772567, 0.663791, 0.539431
0.539902, 0.401707, 0.254434
0.254939, 0.100713, -0.0552097
-0.0547174, -0.210037, -0.359505
-0.359074, -0.500442, -0.628977
-0.628649, -0.742372, -0.837524
-0.837331, -0.912393, -0.964945
-0.964905, -0.994035, -0.998897
-0.999015, -0.979391, -0.936092
-0.936356, -0.86988, -0.782613
-0.782997, -0.676108, -0.553327
-0.553795, -0.416846, -0.270444
-0.270949, -0.117206, 0.0386355
0.0381413, 0.193786, 0.343973
0.343537, 0.486008, 0.615991
0.615657, 0.731153, 0.828342
0.828141, 0.905475, 0.960456
0.960408, 0.992089, 0.999537
0.999646, 0.982606, 0.941798
0.942054, 0.877943, 0.792833
0.793211, 0.688239, 0.567071
0.567535, 0.431869, 0.28638
0.286884, 0.133667, -0.0220508
-0.0215547, -0.177482, -0.328345
-0.327906, -0.47144, -0.602835
-0.602495, -0.719732, -0.818932
-0.818723, -0.898308, -0.955703

0.110542, 0.264451, 0.411187
0.410776, 0.548132, 0.671521
0.671215, 0.778721, 0.866805
0.866638, 0.933879, 0.978127
0.978116, 0.998578, 0.994704
0.994849, 0.96655, 0.914929
0.915217, 0.840899, 0.746531
0.746933, 0.633794, 0.505821
0.506299, 0.365298, 0.216115
0.216622, 0.0614173, -0.0945246
-0.0940375, -0.248412, -0.396008
-0.395588, -0.534179, -0.659133
-0.65882, -0.768204, -0.858411
-0.858236, -0.927817, -0.97454
-0.97452, -0.997558, -0.996271
-0.996408, -0.970671, -0.921499
-0.921779, -0.849761, -0.757467
-0.757864, -0.64654, -0.520063
-0.520538, -0.380692, -0.232285
-0.232791, -0.0779691, 0.077994
0.0775046, 0.232306, 0.380718
0.380293, 0.520079, 0.646564
0.646245, 0.757475, 0.849781
0.849598, 0.921499, 0.970684
0.970656, 0.996263, 0.997563
0.997692, 0.974524, 0.927815
0.928088, 0.858389, 0.768194
0.768585, 0.659107, 0.534163
0.534634, 0.395981, 0.24839
0.248897, 0.0944994, -0.0614419
-0.0609504, -0.216136, -0.365323
-0.364893, -0.505836, -0.633817

-0.457211, -0.312605, -0.161102
-0.161619, -0.00543495, 0.150116
0.149639, 0.302259, 0.446801
0.446398, 0.580675, 0.700206
0.699917, 0.802845, 0.885786
0.885639, 0.947248, 0.985566
0.985574, 0.999896, 0.989879
0.990043, 0.95569, 0.898308
0.898612, 0.818913, 0.719724
0.720138, 0.602812, 0.471424
0.471908, 0.32832, 0.177461
0.177968, 0.0220264, -0.133693
-0.133211, -0.286401, -0.431896
-0.431487, -0.567087, -0.688263
-0.687967, -0.792842, -0.877963
-0.877808, -0.941799, -0.98262
-0.98262, -0.999529, -0.992096
-0.992252, -0.960441, -0.905473
-0.90577, -0.828321, -0.731143
-0.731552, -0.615966, -0.485991
-0.486473, -0.343947, -0.193764
-0.194272, -0.038611, 0.117231
0.116747, 0.270465, 0.416871
0.416458, 0.553342, 0.676131
0.675828, 0.78262, 0.869898
0.869735, 0.936091, 0.979404
0.979396, 0.998887, 0.99404
0.994188, 0.964928, 0.912389
0.912679, 0.837501, 0.742361
0.742765, 0.628951, 0.500424
0.500903, 0.359478, 0.210015
0.210522, 0.0551848, -0.100737

-0.872617, -0.785499, -0.679711
-0.680161, -0.557191, -0.421309
-0.421798, -0.274918, -0.12208
-0.122586, 0.0339855, 0.188972
0.1885, 0.339598, 0.481719
0.481328, 0.612315, 0.727804
0.727531, 0.82572, 0.903391
0.903263, 0.959143, 0.991472
0.991501, 0.99966, 0.983515
0.983698, 0.943345, 0.880291
0.880611, 0.795654, 0.691798
0.692223, 0.570893, 0.436295
0.436784, 0.290833, 0.13853
0.139037, -0.0173988, -0.172653
-0.172178, -0.323945, -0.467112
-0.466715, -0.599112, -0.716325
-0.716045, -0.816247, -0.896151
-0.896015, -0.954317, -0.989173
-0.989193, -0.999947, -0.986379
-0.986554, -0.948719, -0.88804
-0.888353, -0.805594, -0.703683
-0.704103, -0.584436, -0.451164
-0.451651, -0.306667, -0.154943
-0.15545, 0.00080721, 0.156286
0.155809, 0.308203, 0.452376
0.451975, 0.585745, 0.704648
0.704361, 0.806549, 0.888664
0.88852, 0.949227, 0.9866
0.986612, 0.999959, 0.988971
0.989138, 0.953832, 0.895545
0.895852, 0.815312, 0.715374
0.715789, 0.597817, 0.465908

-0.997261, -0.996659, -0.971835
-0.972068, -0.923287, -0.85235
-0.852688, -0.760491, -0.650283
-0.650723, -0.524028, -0.385229
-0.385726, -0.236806, -0.0828616
-0.0833659, 0.073354, 0.227533
0.227069, 0.376409, 0.515887
0.515509, 0.643003, 0.75427
0.754015, 0.847313, 0.919592
0.919483, 0.969549, 0.995838
0.995887, 0.99787, 0.975623
0.975825, 0.929534, 0.860906
0.86124, 0.771159, 0.662797
0.663233, 0.538086, 0.400487
0.400982, 0.252893, 0.0993848
0.0998899, -0.0567968, -0.211344
-0.210877, -0.360985, -0.501602
-0.501218, -0.630206, -0.743272
-0.743009, -0.838383, -0.912946
-0.912829, -0.965351, -0.994188
-0.994228, -0.998811, -0.979129
-0.979323, -0.935522, -0.869227
-0.869556, -0.781614, -0.675129
-0.67556, -0.551997, -0.415635
-0.416127, -0.26891, -0.115881
-0.116386, 0.0402241, 0.195098
0.194628, 0.345462, 0.487179
0.48679, 0.617237, 0.732069
0.731799, 0.829223, 0.906048
0.905923, 0.960888, 0.992264
0.992296, 0.999477, 0.982365
0.982551, 0.941253, 0.87731

-0.789609, -0.875724, -0.940136
-0.940075, -0.981737, -0.999382
-0.999457, -0.992662, -0.961807
-0.962034, -0.907432, -0.831069
-0.831425, -0.734304, -0.619832
-0.620281, -0.490049, -0.348554
-0.349054, -0.198325, -0.0435147
-0.0440166, 0.112608, 0.26574
0.265285, 0.412634, 0.549254
0.548889, 0.672691, 0.779564
0.779326, 0.867588, 0.934363
0.934274, 0.978447, 0.998656
0.998725, 0.994529, 0.966215
0.966434, 0.914277, 0.840182
0.840531, 0.745465, 0.632766
0.633211, 0.504444, 0.364057
0.364556, 0.21456, 0.0600847
0.0605878, -0.0961066, -0.249708
-0.249249, -0.397464, -0.535312
-0.534942, -0.660321, -0.769064
-0.768819, -0.859217, -0.928322
-0.928224, -0.974885, -0.997658
-0.997718, -0.996122, -0.970357
-0.970569, -0.920871, -0.849063
-0.849406, -0.75642, -0.645525
-0.645967, -0.518699, -0.37946
-0.379957, -0.230735, -0.0766382
-0.0771422, 0.0795784, 0.233607
0.233144, 0.382184, 0.521224
0.520848, 0.647769, 0.758352
0.758099, 0.850609, 0.922024
0.921918, 0.971056, 0.996385

-0.318854, -0.462991, -0.595177
-0.594842, -0.713065, -0.813412
-0.813198, -0.89407, -0.952849
-0.952788, -0.988472, -0.999991
-1.00009, -0.987126, -0.950269
-0.950514, -0.890164, -0.8085
-0.80887, -0.706976, -0.588417
-0.588876, -0.455308, -0.311337
-0.31184, -0.159537, -0.00410024
-0.00459887, 0.151688, 0.303534
0.303088, 0.448219, 0.581766
0.581416, 0.701334, 0.803647
0.803426, 0.886515, 0.947682
0.947613, 0.985824, 0.999921
1.00001, 0.989642, 0.955304
0.955542, 0.8976, 0.818152
0.818516, 0.718612, 0.601751
0.602206, 0.470017, 0.327061
0.327563, 0.175894, 0.0206913
0.0211914, -0.135267, -0.287683
-0.287233, -0.433325, -0.568191
-0.567834, -0.689409, -0.793661
-0.793433, -0.878715, -0.942254
-0.942177, -0.982904, -0.999577
-0.999657, -0.991885, -0.960076
-0.960306, -0.904788, -0.827579
-0.827937, -0.73005, -0.614919
-0.61537, -0.484596, -0.342695
-0.343196, -0.192202, -0.0372767
-0.0377781, 0.118809, 0.271752
0.271299, 0.418312, 0.554458
0.554096, 0.677295, 0.783457

0.258145, 0.104014, -0.0519
-0.0514023, -0.206793, -0.356407
-0.355976, -0.497568, -0.626395
-0.626066, -0.740146, -0.835708
-0.835513, -0.911031, -0.96407
-0.964028, -0.993669, -0.999048
-0.999164, -0.980057, -0.937254
-0.937517, -0.871512, -0.784674
-0.785058, -0.678549, -0.556088
-0.556555, -0.419859, -0.273636
-0.274141, -0.1205, 0.0353206
0.034826, 0.190531, 0.340856
0.34042, 0.483107, 0.613375
0.613039, 0.728886, 0.82648
0.826277, 0.904063, 0.959528
0.959479, 0.991669, 0.999633
0.999741, 0.983217, 0.942909
0.943164, 0.879527, 0.794851
0.795228, 0.690642, 0.5698
0.570264, 0.434859, 0.289557
0.290061, 0.136954, -0.0187342
-0.0182378, -0.174217, -0.325211
-0.32477, -0.468513, -0.600186
-0.599844, -0.717426, -0.817024
-0.816814, -0.896847, -0.954722
-0.954664, -0.989395, -0.999942
-1.00004, -0.986106, -0.948304
-0.948551, -0.887299, -0.804808
-0.80518, -0.702545, -0.583356
-0.583816, -0.449739, -0.305398
-0.305901, -0.15337, 0.00214275
0.00164471, 0.157855, 0.309476

0.749129, 0.63636, 0.50867
0.509165, 0.368383, 0.219355
0.21986, 0.0647279, -0.0912216
-0.0907343, -0.245198, -0.39296
-0.392539, -0.531373, -0.656635
-0.656321, -0.766077, -0.856705
-0.856529, -0.926575, -0.973791
-0.97377, -0.997322, -0.996552
-0.996688, -0.971464, -0.922783
-0.923062, -0.851506, -0.759629
-0.760025, -0.649067, -0.522894
-0.523369, -0.383758, -0.23551
-0.236017, -0.0812759, 0.0746865
0.0741967, 0.229079, 0.377649
0.377223, 0.517244, 0.64403
0.64371, 0.755306, 0.848028
0.847844, 0.920206, 0.969882
0.969853, 0.995972, 0.99779
0.997918, 0.975263, 0.929048
0.92932, 0.860087, 0.770314
0.770705, 0.661599, 0.536965
0.537436, 0.399026, 0.251603
0.252109, 0.0978013, -0.0581306
-0.0576387, -0.212896, -0.362233
-0.361803, -0.502972, -0.631248
-0.630921, -0.744328, -0.839117
-0.838926, -0.913585, -0.965707
-0.965668, -0.994348, -0.998753
-0.998873, -0.978795, -0.935057
-0.935322, -0.868431, -0.780787
-0.781172, -0.673948, -0.550887
-0.551355, -0.414184, -0.267626

0.990497, 0.956667, 0.899747
0.900074, 0.820811, 0.722027
0.722437, 0.605456, 0.474348
0.474831, 0.331452, 0.180724
0.181232, 0.0253427, -0.130404
-0.129923, -0.283222, -0.428902
-0.428492, -0.564352, -0.685854
-0.685556, -0.790816, -0.876371
-0.876214, -0.940679, -0.982
-0.981998, -0.999424, -0.992507
-0.992662, -0.961361, -0.906877
-0.907173, -0.830176, -0.733403
-0.733811, -0.618577, -0.488888
-0.489369, -0.34706, -0.197018
-0.197525, -0.0419255, 0.113936
0.113452, 0.26727, 0.413854
0.413439, 0.550576, 0.673684
0.673379, 0.780552, 0.868258
0.868093, 0.934919, 0.978729
0.97872, 0.998727, 0.994397
0.994543, 0.965794, 0.913743
0.914031, 0.83931, 0.74458
0.744983, 0.631527, 0.503294
0.503772, 0.362572, 0.213257
0.213764, 0.0584967, -0.0974367
-0.09695, -0.251245, -0.398692
-0.398273, -0.536649, -0.661329
-0.661018, -0.770072, -0.859906
-0.859733, -0.928902, -0.97519
-0.975171, -0.997755, -0.996012
-0.996151, -0.969961, -0.920357
-0.920639, -0.848213, -0.755552

0.901824, 0.958205, 0.991022
0.991072, 0.999739, 0.984114
0.984293, 0.944441, 0.881861
0.882179, 0.79766, 0.69419
0.694615, 0.573614, 0.439278
0.439767, 0.294005, 0.141815
0.142322, -0.014082, -0.169384
-0.168909, -0.320805, -0.464177
-0.463779, -0.596453, -0.714007
-0.713725, -0.814327, -0.894675
-0.894537, -0.953321, -0.988681
-0.9887, -0.999973, -0.98692
-0.987094, -0.949763, -0.889561
-0.889873, -0.807555, -0.706036
-0.706456, -0.587125, -0.454122
-0.454609, -0.309823, -0.158219
-0.158726, -0.00251001, 0.153009
0.152531, 0.305046, 0.449416
0.449013, 0.583053, 0.702291
0.702002, 0.804584, 0.887139
0.886993, 0.948179, 0.986055
0.986065, 0.99993, 0.989457
0.989623, 0.954823, 0.897017
0.897322, 0.817229, 0.717688
0.718103, 0.600474, 0.468841
0.469326, 0.325555, 0.17458
0.175087, 0.0191012, -0.136591
-0.136111, -0.289202, -0.434532
-0.434124, -0.569493, -0.690382
-0.690087, -0.79462, -0.879358
-0.879204, -0.942776, -0.983157
-0.983159, -0.999612, -0.991723

0.512657, 0.640462, 0.752081
0.751837, 0.845546, 0.918286
0.918174, 0.968732, 0.995531
0.995578, 0.998081, 0.976347
0.976547, 0.930752, 0.862589
0.862923, 0.773267, 0.665278
0.665713, 0.54088, 0.403525
0.404019, 0.256101, 0.102685
0.10319, -0.0534847, -0.208101
-0.207633, -0.35789, -0.49873
-0.498345, -0.627628, -0.741049
-0.740785, -0.836572, -0.911588
-0.911469, -0.964481, -0.993826
-0.993865, -0.998967, -0.979798
-0.979991, -0.936689, -0.870863
-0.871191, -0.78368, -0.677573
-0.678003, -0.55476, -0.41865
-0.419142, -0.272104, -0.119175
-0.119681, 0.0369094, 0.191844
0.191373, 0.342347, 0.484279
0.483889, 0.614624, 0.729806
0.729534, 0.827366, 0.90464
0.904514, 0.959965, 0.991848
0.991878, 0.999579, 0.98298
0.983165, 0.942369, 0.878897
0.879218, 0.793877, 0.689681
0.690107, 0.568487, 0.43366
0.43415, 0.288032, 0.135632
0.136138, -0.0203239, -0.175533
-0.17506, -0.326711, -0.469696
-0.4693, -0.601451, -0.718362
-0.718083, -0.817932, -0.897444

-0.047332, 0.109312, 0.26254
0.262085, 0.409611, 0.546479
0.546113, 0.670233, 0.777483
0.777243, 0.865934, 0.933177
0.933086, 0.977757, 0.99848
0.998546, 0.994871, 0.967065
0.967283, 0.915617, 0.841977
0.842325, 0.747672, 0.635331
0.635776, 0.507305, 0.367145
0.367643, 0.217799, 0.0633957
0.063899, -0.0928043, -0.246494
-0.246035, -0.394418, -0.532508
-0.532137, -0.657827, -0.76694
-0.766693, -0.857516, -0.927084
-0.926985, -0.974142, -0.997426
-0.997485, -0.996409, -0.971154
-0.971364, -0.92216, -0.850811
-0.851154, -0.758586, -0.648056
-0.648497, -0.521533, -0.382527
-0.383024, -0.233962, -0.0799453
-0.0804495, 0.0762714, 0.23038
0.229917, 0.379117, 0.51839
0.518013, 0.645239, 0.756187
0.755932, 0.848861, 0.920736
0.920628, 0.970259, 0.996099
0.996149, 0.997673, 0.974975
0.975178, 0.928449, 0.859412
0.859748, 0.769291, 0.660602
0.661039, 0.535617, 0.397804
0.398299, 0.250061, 0.0964729
0.0969779, -0.0597175, -0.214203
-0.213736, -0.363711, -0.50413

-0.591549, -0.458262, -0.314481
-0.314997, -0.16281, -0.00741933
-0.00791666, 0.148408, 0.300372
0.299925, 0.445252, 0.579066
0.578714, 0.698966, 0.801669
0.801447, 0.884976, 0.946619
0.946548, 0.985263, 0.999876
0.999962, 0.990113, 0.95628
0.956517, 0.899058, 0.820056
0.820419, 0.720915, 0.604397
0.604851, 0.472942, 0.330195
0.330696, 0.179158, 0.0240078
0.0245081, -0.13198, -0.284504
-0.284054, -0.430333, -0.565458
-0.565101, -0.687003, -0.791639
-0.79141, -0.877127, -0.941139
-0.94106, -0.982289, -0.999476
-0.999554, -0.992302, -0.961
-0.961228, -0.906197, -0.829437
-0.829794, -0.732314, -0.617532
-0.617982, -0.487495, -0.34581
-0.34631, -0.195457, -0.0405915
-0.0410931, 0.115515, 0.268559
0.268104, 0.415297, 0.551695
0.551332, 0.674852, 0.781392
0.781155, 0.869037, 0.9354
0.935312, 0.979045, 0.998801
0.998871, 0.994217, 0.965455
0.965676, 0.913086, 0.83859
0.838941, 0.74351, 0.630496
0.630942, 0.501914, 0.36133
0.361829, 0.211701, 0.0571639

-0.938658, -0.873139, -0.786714
-0.787118, -0.680981, -0.558845
-0.559309, -0.422868, -0.276826
-0.277331, -0.123792, 0.0320053
0.0315102, 0.187274, 0.337736
0.337299, 0.4802, 0.610752
0.610415, 0.726612, 0.824608
0.824404, 0.902641, 0.95859
0.958538, 0.991237, 0.999718
0.999824, 0.983817, 0.944009
0.944263, 0.881101, 0.79686
0.797236, 0.693038, 0.572524
0.572987, 0.437844, 0.292731
0.293235, 0.140239, -0.0154175
-0.0149207, -0.17095, -0.322072
-0.321631, -0.46558, -0.59753
-0.597187, -0.715112, -0.815108
-0.814896, -0.895375, -0.953731
-0.953672, -0.988909, -0.999972
-1.00007, -0.986653, -0.949352
-0.949598, -0.888825, -0.806774
-0.807144, -0.704902, -0.586048
-0.586507, -0.4527, -0.308555
-0.309058, -0.156647, -0.00117449
-0.00167285, 0.154579, 0.30632
0.305874, 0.450832, 0.584142
0.583793, 0.703415, 0.805383
0.805164, 0.887863, 0.94861
0.948542, 0.986308, 0.999951
1.00004, 0.989216, 0.954433
0.954672, 0.896304, 0.816465
0.81683, 0.716573, 0.59941

-0.972999, -0.99708, -0.996808
-0.996966, -0.972244, -0.92406
-0.924335, -0.853241, -0.761783
-0.762178, -0.651588, -0.52572
-0.526193, -0.386819, -0.238733
-0.239239, -0.0845818, 0.0713781
0.0708879, 0.225849, 0.374575
0.374149, 0.514402, 0.641489
0.641168, 0.753129, 0.846266
0.846081, 0.918904, 0.96907
0.969039, 0.99567, 0.998006
0.998132, 0.975992, 0.930271
0.930541, 0.861775, 0.772426
0.772815, 0.664083, 0.539761
0.540231, 0.402066, 0.254812
0.255318, 0.101102, -0.0548187
-0.0543264, -0.209654, -0.359139
-0.358708, -0.500103, -0.628672
-0.628344, -0.742109, -0.837309
-0.837116, -0.912231, -0.964841
-0.964801, -0.993991, -0.998914
-0.999032, -0.979469, -0.936228
-0.936492, -0.870072, -0.782856
-0.78324, -0.676396, -0.553653
-0.55412, -0.417201, -0.270821
-0.271326, -0.117595, 0.0382443
0.03775, 0.193402, 0.343605
0.343169, 0.485665, 0.615682
0.615347, 0.730885, 0.828122
0.827921, 0.905308, 0.960346
0.960298, 0.992039, 0.999547
0.999657, 0.982677, 0.941928

-0.683129, -0.788786, -0.874759
-0.874618, -0.939548, -0.981371
-0.981366, -0.999308, -0.992908
-0.993061, -0.962269, -0.908271
-0.908565, -0.832021, -0.735654
-0.736061, -0.62118, -0.49178
-0.49226, -0.350169, -0.200269
-0.200776, -0.0452396, 0.11064
0.110155, 0.264072, 0.410832
0.410417, 0.547805, 0.671229
0.670924, 0.778475, 0.866608
0.866442, 0.933738, 0.978044
0.978033, 0.998556, 0.994743
0.994888, 0.96665, 0.915086
0.915374, 0.84111, 0.746791
0.747193, 0.634096, 0.506158
0.506636, 0.365662, 0.216497
0.217004, 0.061808, -0.0941347
-0.0936476, -0.248033, -0.395648
-0.395228, -0.533848, -0.658837
-0.658525, -0.767952, -0.858209
-0.858034, -0.92767, -0.974451
-0.974431, -0.997529, -0.996303
-0.99644, -0.970764, -0.92165
-0.92193, -0.849966, -0.757721
-0.758118, -0.646838, -0.520397
-0.520872, -0.381054, -0.232665
-0.233172, -0.0783593, 0.0776036
0.0771142, 0.231925, 0.380355
0.37993, 0.519744, 0.646264
0.645945, 0.757219, 0.849573
0.849391, 0.921346, 0.970589

-0.165635, -0.317663, -0.461233
-0.46084, -0.593788, -0.711681
-0.711398, -0.812398, -0.893189
-0.893049, -0.952315, -0.988179
-0.988196, -0.999987, -0.98745
-0.987622, -0.950797, -0.891073
-0.891383, -0.809508, -0.708382
-0.708801, -0.589807, -0.457075
-0.457562, -0.312975, -0.161494
-0.162001, -0.00582721, 0.14973
0.149252, 0.301885, 0.446451
0.446047, 0.580356, 0.699926
0.699636, 0.80261, 0.885604
0.885456, 0.947121, 0.985498
0.985507, 0.99989, 0.989933
0.990097, 0.955805, 0.898479
0.898783, 0.819137, 0.719995
0.720409, 0.603124, 0.471769
0.472253, 0.32869, 0.177846
0.178353, 0.0224178, -0.133304
-0.132823, -0.286026, -0.431542
-0.431133, -0.566763, -0.687979
-0.687682, -0.792602, -0.877775
-0.877619, -0.941666, -0.982546
-0.982546, -0.999516, -0.992144
-0.9923, -0.960549, -0.905638
-0.905935, -0.82854, -0.731409
-0.731818, -0.616274, -0.486333
-0.486814, -0.344314, -0.194148
-0.194655, -0.0390021, 0.116842
0.116358, 0.270088, 0.416515
0.416101, 0.553015, 0.675842

0.407049, 0.259308, 0.105979
0.106494, -0.0501727, -0.204854
-0.204387, -0.354791, -0.495852
-0.495467, -0.625043, -0.738819
-0.738553, -0.83475, -0.91022
-0.9101, -0.963601, -0.993454
-0.993491, -0.999113, -0.980457
-0.980648, -0.937847, -0.87249
-0.872816, -0.785737, -0.680009
-0.680439, -0.557517, -0.421661
-0.422152, -0.275295, -0.122468
-0.122974, 0.0335942, 0.188587
0.188116, 0.339229, 0.481375
0.480984, 0.612005, 0.727535
0.727262, 0.825499, 0.903222
0.903094, 0.959032, 0.99142
0.991449, 0.999669, 0.983585
0.983768, 0.943474, 0.880476
0.880795, 0.79589, 0.69208
0.692505, 0.571214, 0.436647
0.437136, 0.291207, 0.138918
0.139424, -0.0170073, -0.172267
-0.171792, -0.323574, -0.466765
-0.466369, -0.598798, -0.716051
-0.71577, -0.81602, -0.895976
-0.89584, -0.954199, -0.989114
-0.989134, -0.99995, -0.986442
-0.986617, -0.948842, -0.888219
-0.888532, -0.805825, -0.70396
-0.704381, -0.584753, -0.451512
-0.452, -0.307039, -0.15533
-0.155836, 0.000415714, 0.155899

0.844102, 0.749875, 0.637878
0.638342, 0.51016, 0.370232
0.370727, 0.221035, 0.0667062
0.0672094, -0.089501, -0.243278
-0.242818, -0.391368, -0.529698
-0.529325, -0.655325, -0.764808
-0.76456, -0.855805, -0.925836
-0.925736, -0.973388, -0.997184
-0.997241, -0.996685, -0.97194
-0.972149, -0.923439, -0.852551
-0.852892, -0.760744, -0.650579
-0.651019, -0.524361, -0.38559
-0.386087, -0.237186, -0.0832516
-0.083756, 0.0729635, 0.227151
0.226687, 0.376045, 0.515551
0.515173, 0.642702, 0.754013
0.753757, 0.847104, 0.919437
0.919328, 0.969452, 0.995801
0.99585, 0.997894, 0.975708
0.975909, 0.929677, 0.861104
0.861438, 0.771407, 0.663089
0.663525, 0.538416, 0.400846
0.40134, 0.253271, 0.0997742
0.100279, -0.0564059, -0.210962
-0.210494, -0.360619, -0.501263
-0.500879, -0.629902, -0.743009
-0.742746, -0.838169, -0.912785
-0.912668, -0.965248, -0.994145
-0.994185, -0.998829, -0.979207
-0.979401, -0.935659, -0.86942
-0.869748, -0.781858, -0.675417
-0.675848, -0.552322, -0.41599

0.999893, 0.990579, 0.957232
0.957491, 0.900504, 0.821954
0.822312, 0.723211, 0.607038
0.607491, 0.475863, 0.333324
0.333826, 0.182421, 0.027324
0.0278246, -0.128691, -0.281323
-0.280871, -0.427337, -0.56272
-0.562361, -0.68459, -0.789609
-0.789378, -0.87553, -0.940013
-0.939932, -0.981663, -0.999364
-0.999441, -0.992708, -0.961913
-0.96214, -0.907595, -0.831286
-0.831642, -0.734569, -0.620138
-0.620588, -0.49039, -0.348921
-0.349421, -0.198709, -0.0439058
-0.0444077, 0.112219, 0.265362
0.264907, 0.412277, 0.548926
0.548561, 0.672401, 0.779318
0.77908, 0.867392, 0.934223
0.934133, 0.978365, 0.998635
0.998703, 0.994569, 0.966314
0.966534, 0.914435, 0.840393
0.840743, 0.745725, 0.633068
0.633514, 0.504781, 0.364421
0.36492, 0.214942, 0.0604755
0.0609785, -0.0957168, -0.249328
-0.248869, -0.397104, -0.534981
-0.534611, -0.660026, -0.768813
-0.768567, -0.859016, -0.928175
-0.928077, -0.974797, -0.99763
-0.99769, -0.996156, -0.97045
-0.970662, -0.921022, -0.849269

0.822513, 0.901214, 0.957628
0.957596, 0.990793, 0.999795
0.999897, 0.984407, 0.9451
0.945351, 0.882666, 0.798861
0.799236, 0.695426, 0.575241
0.575703, 0.440825, 0.295901
0.296405, 0.143523, -0.0121005
-0.0116035, -0.167681, -0.31893
-0.318488, -0.462642, -0.594867
-0.594523, -0.71279, -0.813182
-0.812969, -0.893894, -0.952729
-0.952668, -0.988412, -0.999991
-1.00009, -0.987188, -0.95039
-0.950635, -0.890341, -0.80873
-0.809099, -0.707252, -0.588733
-0.589191, -0.455656, -0.311709
-0.312212, -0.159923, -0.00449173
-0.0049904, 0.151301, 0.303161
0.302714, 0.447868, 0.581447
0.581097, 0.701054, 0.803413
0.803192, 0.886332, 0.947556
0.947487, 0.985757, 0.999915
1, 0.989697, 0.955419
0.955656, 0.897771, 0.818376
0.81874, 0.718883, 0.602063
0.602517, 0.470362, 0.327431
0.327933, 0.176279, 0.0210827
0.0215829, -0.134879, -0.287307
-0.286857, -0.432972, -0.567868
-0.567511, -0.689125, -0.793422
-0.793194, -0.878527, -0.942122
-0.942044, -0.982831, -0.999564

0.371065, 0.511557, 0.638935
0.638623, 0.750942, 0.844496
0.844308, 0.917591, 0.968247
0.968214, 0.995358, 0.998211
0.998335, 0.97671, 0.931483
0.931753, 0.863454, 0.774529
0.774917, 0.66656, 0.542551
0.54302, 0.405101, 0.258018
0.258524, 0.104402, -0.0515062
-0.0510135, -0.20641, -0.356042
-0.35561, -0.497228, -0.62609
-0.62576, -0.739882, -0.835492
-0.835297, -0.910868, -0.963965
-0.963923, -0.993624, -0.999064
-0.99918, -0.980133, -0.93739
-0.937652, -0.871703, -0.784916
-0.785299, -0.678836, -0.556413
-0.556879, -0.420214, -0.274013
-0.274518, -0.120888, 0.0349293
0.0344346, 0.190147, 0.340488
0.340051, 0.482763, 0.613065
0.612729, 0.728618, 0.826258
0.826056, 0.903895, 0.959417
0.959367, 0.991617, 0.999642
0.99975, 0.983287, 0.943038
0.943293, 0.879712, 0.795088
0.795465, 0.690924, 0.570122
0.570585, 0.435211, 0.289931
0.290436, 0.137342, -0.0183428
-0.0178463, -0.173831, -0.32484
-0.3244, -0.468166, -0.599872
-0.59953, -0.717153, -0.816798

-0.204025, -0.0485538, 0.107345
0.106856, 0.260872, 0.407805
0.407389, 0.545027, 0.668767
0.66846, 0.776389, 0.864949
0.864781, 0.932546, 0.977348
0.977335, 0.998374, 0.995078
0.995221, 0.967495, 0.91642
0.916706, 0.8429, 0.748993
0.749394, 0.636658, 0.509017
0.509494, 0.368748, 0.219735
0.220241, 0.0651186, -0.0908318
-0.0903442, -0.244818, -0.3926
-0.392179, -0.531041, -0.656339
-0.656025, -0.765824, -0.856502
-0.856326, -0.926427, -0.973701
-0.97368, -0.997292, -0.996584
-0.996719, -0.971555, -0.922933
-0.923212, -0.85171, -0.759883
-0.760278, -0.649364, -0.523228
-0.523702, -0.384119, -0.23589
-0.236397, -0.081666, 0.074296
0.0738061, 0.228697, 0.377286
0.37686, 0.516908, 0.64373
0.643409, 0.755049, 0.84782
0.847636, 0.920052, 0.969786
0.969756, 0.995936, 0.997815
0.997942, 0.975349, 0.929192
0.929464, 0.860286, 0.770563
0.770953, 0.661892, 0.537294
0.537765, 0.399384, 0.251981
0.252487, 0.0981908, -0.0577397
-0.0572478, -0.212514, -0.361868

-0.711132, -0.592486, -0.460014
-0.460516, -0.316123, -0.164769
-0.165274, -0.00914426, 0.146449
0.14597, 0.298721, 0.44348
0.443076, 0.577652, 0.697554
0.697263, 0.800628, 0.884059
0.88391, 0.946052, 0.984931
0.984938, 0.999838, 0.990398
0.990561, 0.956775, 0.899931
0.900234, 0.821036, 0.722294
0.722707, 0.605767, 0.474692
0.475175, 0.331821, 0.181109
0.181616, 0.0257341, -0.130016
-0.129534, -0.282846, -0.428548
-0.428138, -0.564028, -0.685568
-0.68527, -0.790576, -0.876182
-0.876024, -0.940545, -0.981924
-0.981923, -0.99941, -0.992554
-0.992709, -0.961467, -0.907041
-0.907336, -0.830393, -0.733668
-0.734076, -0.618884, -0.489229
-0.48971, -0.347427, -0.197401
-0.197909, -0.0423166, 0.113547
0.113063, 0.266892, 0.413497
0.413083, 0.550249, 0.673394
0.673089, 0.780306, 0.868063
0.867898, 0.93478, 0.978648
0.978638, 0.998706, 0.994437
0.994583, 0.965894, 0.913901
0.914189, 0.839522, 0.74484
0.745243, 0.63183, 0.503632
0.50411, 0.362936, 0.213639

-0.981284, -0.938998, -0.874093
-0.874441, -0.787783, -0.682442
-0.682868, -0.560269, -0.424667
-0.425158, -0.278482, -0.12576
-0.126266, 0.0302788, 0.185329
0.184857, 0.336107, 0.478465
0.478073, 0.609378, 0.725256
0.724981, 0.823623, 0.901795
0.901665, 0.958088, 0.990982
0.991009, 0.999748, 0.984179
0.98436, 0.944569, 0.882044
0.882363, 0.797895, 0.694471
0.694895, 0.573934, 0.439629
0.440118, 0.294379, 0.142202
0.142709, -0.0136905, -0.168998
-0.168523, -0.320434, -0.463829
-0.463432, -0.596138, -0.713732
-0.71345, -0.814099, -0.894499
-0.894361, -0.953202, -0.988621
-0.98864, -0.999974, -0.986982
-0.987155, -0.949885, -0.889739
-0.890051, -0.807785, -0.706313
-0.706732, -0.587441, -0.45447
-0.454957, -0.310195, -0.158606
-0.159113, -0.0029015, 0.152622
0.152144, 0.304673, 0.449066
0.448663, 0.582735, 0.702011
0.701723, 0.804351, 0.886957
0.886811, 0.948054, 0.985988
0.985999, 0.999925, 0.989513
0.989679, 0.954939, 0.897189
0.897494, 0.817453, 0.71796

-0.924465, -0.972628, -0.996917
-0.996995, -0.996948, -0.972719
-0.972924, -0.924707, -0.854281
-0.85462, -0.762894, -0.653096
-0.653535, -0.527183, -0.388649
-0.389145, -0.240408, -0.0865569
-0.0870615, 0.0696548, 0.22392
0.223455, 0.37297, 0.512706
0.512327, 0.640158, 0.75183
0.751573, 0.845337, 0.918129
0.918018, 0.968634, 0.995493
0.99554, 0.998104, 0.97643
0.97663, 0.930895, 0.862786
0.86312, 0.773514, 0.665569
0.666004, 0.541209, 0.403883
0.404377, 0.256479, 0.103074
0.10358, -0.0530937, -0.207718
-0.20725, -0.357524, -0.49839
-0.498005, -0.627322, -0.740786
-0.740521, -0.836356, -0.911426
-0.911307, -0.964377, -0.993782
-0.99382, -0.998984, -0.979876
-0.980068, -0.936825, -0.871055
-0.871382, -0.783922, -0.67786
-0.67829, -0.555085, -0.419005
-0.419497, -0.27248, -0.119564
-0.12007, 0.0365181, 0.191459
0.190988, 0.341979, 0.483936
0.483546, 0.614315, 0.729537
0.729266, 0.827145, 0.904472
0.904345, 0.959854, 0.991797
0.991827, 0.999589, 0.983051

-0.559607, -0.682172, -0.787561
-0.787343, -0.873922, -0.938879
-0.938795, -0.981026, -0.999242
-0.999317, -0.993103, -0.962815
-0.963041, -0.908984, -0.833126
-0.833481, -0.736816, -0.622738
-0.623186, -0.493278, -0.352028
-0.352528, -0.201959, -0.0472196
-0.0477218, 0.108922, 0.262163
0.261707, 0.409253, 0.546151
0.545785, 0.669942, 0.777236
0.776996, 0.865738, 0.933035
0.932944, 0.977674, 0.998457
0.998524, 0.994909, 0.967164
0.967382, 0.915773, 0.842187
0.842535, 0.747931, 0.635633
0.636078, 0.507642, 0.367509
0.368007, 0.218181, 0.0637864
0.0642896, -0.0924144, -0.246115
-0.245655, -0.394058, -0.532176
-0.531804, -0.657531, -0.766688
-0.766441, -0.857313, -0.926936
-0.926837, -0.974053, -0.997397
-0.997456, -0.996441, -0.971246
-0.971457, -0.92231, -0.851016
-0.851358, -0.758841, -0.648353
-0.648794, -0.521867, -0.382888
-0.383385, -0.234342, -0.0803355
-0.0808397, 0.0758809, 0.229999
0.229536, 0.378754, 0.518055
0.517678, 0.644939, 0.75593
0.755675, 0.848653, 0.920582

-0.0082842, -0.16441, -0.315784
-0.315342, -0.459699, -0.592198
-0.591852, -0.71046, -0.811248
-0.811033, -0.892403, -0.951717
-0.951654, -0.987904, -0.999999
-1.00009, -0.987712, -0.951417
-0.951661, -0.891847, -0.810677
-0.811046, -0.709594, -0.591412
-0.591869, -0.458607, -0.31486
-0.315362, -0.163197, -0.00780893
-0.0083079, 0.148021, 0.299998
0.299551, 0.444901, 0.578746
0.578394, 0.698685, 0.801434
0.801212, 0.884792, 0.946492
0.94642, 0.985195, 0.999868
0.999955, 0.990167, 0.956394
0.95663, 0.899228, 0.820279
0.820642, 0.721186, 0.604709
0.605163, 0.473287, 0.330564
0.331065, 0.179543, 0.0243991
0.0248995, -0.131591, -0.284129
-0.283678, -0.42998, -0.565135
-0.564777, -0.686718, -0.791399
-0.79117, -0.876938, -0.941006
-0.940926, -0.982214, -0.999462
-0.999541, -0.992349, -0.961107
-0.961335, -0.906361, -0.829655
-0.830011, -0.732579, -0.617839
-0.618289, -0.487837, -0.346177
-0.346677, -0.19584, -0.0409826
-0.0414843, 0.115126, 0.268181
0.267727, 0.41494, 0.551368

0.545799, 0.408134, 0.261215
0.261733, 0.1077, -0.0481914
-0.0476998, -0.203163, -0.35294
-0.352507, -0.494347, -0.6235
-0.623169, -0.737647, -0.833665
-0.833469, -0.909495, -0.963078
-0.963035, -0.993246, -0.999203
-0.999317, -0.980787, -0.938541
-0.938802, -0.873324, -0.786968
-0.78735, -0.681268, -0.559166
-0.559632, -0.423222, -0.277202
-0.277707, -0.124181, 0.0316139
0.0311189, 0.186889, 0.337367
0.33693, 0.479856, 0.610442
0.610105, 0.726342, 0.824386
0.824182, 0.902472, 0.958477
0.958426, 0.991184, 0.999726
0.999832, 0.983886, 0.944137
0.944391, 0.881285, 0.797096
0.797472, 0.693319, 0.572844
0.573307, 0.438196, 0.293105
0.293609, 0.140627, -0.015026
-0.0145292, -0.170564, -0.321701
-0.32126, -0.465233, -0.597215
-0.596872, -0.714837, -0.81488
-0.814668, -0.8952, -0.953612
-0.953553, -0.98885, -0.999974
-1.00007, -0.986715, -0.949474
-0.94972, -0.889004, -0.807004
-0.807374, -0.705179, -0.586364
-0.586823, -0.453049, -0.308927
-0.30943, -0.157034, -0.00156599

0.918019, 0.844685, 0.751175
0.751597, 0.639212, 0.511873
0.512347, 0.371829, 0.22297
0.223476, 0.0684285, -0.0875279
-0.0870397, -0.241601, -0.389547
-0.389125, -0.528227, -0.653833
-0.653518, -0.763688, -0.854786
-0.854608, -0.925174, -0.972941
-0.972918, -0.997044, -0.996853
-0.996987, -0.972336, -0.924205
-0.924483, -0.853444, -0.762036
-0.76243, -0.651884, -0.526052
-0.526526, -0.38718, -0.239113
-0.239619, -0.0849718, 0.0709875
0.0704973, 0.225467, 0.374212
0.373785, 0.514066, 0.641188
0.640867, 0.75287, 0.846057
0.845871, 0.918748, 0.968972
0.968941, 0.995633, 0.998029
0.998155, 0.976076, 0.930413
0.930684, 0.861973, 0.772674
0.773063, 0.664375, 0.540089
0.54056, 0.402424, 0.25519
0.255696, 0.101492, -0.0544277
-0.0539354, -0.209271, -0.358774
-0.358342, -0.499763, -0.628367
-0.628039, -0.741846, -0.837094
-0.836901, -0.91207, -0.964737
-0.964697, -0.993948, -0.998931
-0.999049, -0.979547, -0.936365
-0.936628, -0.870264, -0.783099
-0.783483, -0.676683, -0.553978

0.984347, 0.99978, 0.990838
0.991023, 0.957734, 0.901377
0.901675, 0.822925, 0.724585
0.724996, 0.608403, 0.477609
0.478092, 0.334949, 0.184371
0.184878, 0.0290501, -0.126727
-0.126244, -0.279663, -0.425548
-0.425138, -0.561286, -0.68315
-0.682851, -0.788541, -0.874579
-0.87442, -0.939414, -0.981292
-0.981289, -0.999292, -0.992954
-0.993106, -0.962375, -0.908433
-0.908728, -0.832238, -0.735919
-0.736326, -0.621486, -0.49212
-0.4926, -0.350536, -0.200653
-0.20116, -0.0456307, 0.110251
0.109766, 0.263694, 0.410475
0.410059, 0.547477, 0.670938
0.670632, 0.778228, 0.866412
0.866245, 0.933597, 0.977962
0.97795, 0.998534, 0.994782
0.994926, 0.966749, 0.915243
0.91553, 0.84132, 0.74705
0.747452, 0.634398, 0.506495
0.506973, 0.366026, 0.216879
0.217386, 0.0621987, -0.0937449
-0.0932577, -0.247653, -0.395288
-0.394868, -0.533516, -0.658542
-0.65823, -0.767701, -0.858007
-0.857832, -0.927523, -0.974362
-0.974342, -0.997501, -0.996336
-0.996473, -0.970857, -0.921801

0.722683, 0.821741, 0.900346
0.900233, 0.957132, 0.990536
0.990559, 0.999816, 0.984763
0.984942, 0.945654, 0.883603
0.88392, 0.799891, 0.696855
0.697278, 0.576648, 0.442606
0.443095, 0.297548, 0.145485
0.145992, -0.0103735, -0.165728
-0.165252, -0.31729, -0.460888
-0.46049, -0.593472, -0.711405
-0.711122, -0.812169, -0.893012
-0.892872, -0.952195, -0.988118
-0.988135, -0.999987, -0.987511
-0.987683, -0.950917, -0.891249
-0.89156, -0.809737, -0.708658
-0.709077, -0.590123, -0.457423
-0.457909, -0.313347, -0.16188
-0.162387, -0.00621869, 0.149343
0.148864, 0.301512, 0.4461
0.445696, 0.580036, 0.699646
0.699356, 0.802376, 0.885421
0.885273, 0.946994, 0.985431
0.985439, 0.999883, 0.989988
0.990151, 0.955919, 0.89865
0.898954, 0.81936, 0.720266
0.72068, 0.603435, 0.472114
0.472598, 0.329059, 0.178231
0.178738, 0.0228091, -0.132916
-0.132435, -0.28565, -0.431188
-0.43078, -0.56644, -0.687694
-0.687397, -0.792363, -0.877586
-0.87743, -0.941533, -0.982472

0.220216, 0.369892, 0.509852
0.509478, 0.637606, 0.74964
0.749381, 0.843561, 0.91681
0.916697, 0.967805, 0.995174
0.995219, 0.998303, 0.977142
0.97734, 0.932102, 0.864459
0.864792, 0.775613, 0.668042
0.668476, 0.543996, 0.406916
0.407409, 0.259684, 0.106374
0.106879, -0.0497809, -0.204472
-0.204004, -0.354424, -0.495512
-0.495126, -0.624736, -0.738554
-0.738288, -0.834534, -0.910057
-0.909936, -0.963495, -0.993408
-0.993445, -0.999128, -0.980533
-0.980724, -0.937981, -0.87268
-0.873006, -0.785978, -0.680296
-0.680725, -0.557842, -0.422015
-0.422507, -0.275671, -0.122856
-0.123363, 0.0332029, 0.188202
0.187731, 0.33886, 0.481031
0.48064, 0.611694, 0.727265
0.726992, 0.825277, 0.903053
0.902925, 0.95892, 0.991368
0.991396, 0.999678, 0.983655
0.983837, 0.943603, 0.88066
0.88098, 0.796127, 0.692362
0.692787, 0.571534, 0.436998
0.437488, 0.291581, 0.139305
0.139812, -0.0166158, -0.171881
-0.171406, -0.323203, -0.466418
-0.466022, -0.598484, -0.715776

-0.355629, -0.205208, -0.0505288
-0.0510386, 0.105625, 0.258959
0.258503, 0.406225, 0.543369
0.543002, 0.667476, 0.775145
0.774904, 0.864073, 0.931837
0.931745, 0.976973, 0.998268
0.998333, 0.995238, 0.968002
0.968219, 0.917101, 0.843972
0.844319, 0.75013, 0.638191
0.638635, 0.510498, 0.370592
0.37109, 0.221417, 0.0670966
0.0676, -0.089111, -0.242898
-0.242438, -0.391007, -0.529365
-0.528992, -0.655029, -0.764555
-0.764306, -0.855602, -0.925687
-0.925586, -0.973298, -0.997154
-0.99721, -0.996716, -0.972031
-0.97224, -0.923588, -0.852754
-0.853095, -0.760997, -0.650876
-0.651316, -0.524694, -0.385951
-0.386447, -0.237566, -0.0836416
-0.0841461, 0.0725729, 0.22677
0.226306, 0.375682, 0.515215
0.514837, 0.642401, 0.753755
0.753498, 0.846895, 0.919282
0.919173, 0.969355, 0.995764
0.995813, 0.997919, 0.975793
0.975994, 0.92982, 0.861302
0.861636, 0.771655, 0.663382
0.663817, 0.538745, 0.401204
0.401698, 0.25365, 0.100164
0.100669, -0.056015, -0.210579

-0.812975, -0.711932, -0.594073
-0.594549, -0.461551, -0.318009
-0.318509, -0.166469, -0.0111263
-0.0116252, 0.144739, 0.296832
0.296384, 0.441928, 0.576038
0.575685, 0.696309, 0.799446
0.799222, 0.883243, 0.945417
0.945344, 0.984622, 0.99981
0.999895, 0.990626, 0.957358
0.957593, 0.900675, 0.822173
0.822534, 0.723481, 0.607348
0.607801, 0.476207, 0.333693
0.334194, 0.182806, 0.0277153
0.028216, -0.128302, -0.280947
-0.280495, -0.426983, -0.562395
-0.562037, -0.684304, -0.789368
-0.789137, -0.87534, -0.939879
-0.939798, -0.981587, -0.999349
-0.999426, -0.992754, -0.962019
-0.962246, -0.907759, -0.831503
-0.831858, -0.734834, -0.620445
-0.620894, -0.49073, -0.349287
-0.349787, -0.199092, -0.0442969
-0.0447988, 0.11183, 0.264984
0.264529, 0.41192, 0.548598
0.548233, 0.67211, 0.779072
0.778833, 0.867196, 0.934082
0.933993, 0.978283, 0.998613
0.998681, 0.994608, 0.966414
0.966634, 0.914592, 0.840604
0.840954, 0.745985, 0.63337
0.633816, 0.505118, 0.364786

-0.999432, -0.981434, -0.939667
-0.939951, -0.874935, -0.789014
-0.789392, -0.683694, -0.561914
-0.562379, -0.426226, -0.280388
-0.280893, -0.127472, 0.0282981
0.0278028, 0.18363, 0.334243
0.333805, 0.476944, 0.607811
0.607473, 0.724059, 0.822505
0.822299, 0.901039, 0.957527
0.957473, 0.99074, 0.999799
0.999903, 0.984475, 0.945226
0.945478, 0.882849, 0.799095
0.79947, 0.695707, 0.575561
0.576022, 0.441175, 0.296275
0.296779, 0.14391, -0.0117091
-0.0112119, -0.167294, -0.318559
-0.318117, -0.462294, -0.594552
-0.594207, -0.712515, -0.812954
-0.81274, -0.893717, -0.952609
-0.952548, -0.988351, -0.999992
-1.00009, -0.987249, -0.950511
-0.950755, -0.890518, -0.808959
-0.809329, -0.707528, -0.589049
-0.589507, -0.456004, -0.312081
-0.312584, -0.160309, -0.00488323
-0.00538192, 0.150913, 0.302787
0.302341, 0.447518, 0.581128
0.580778, 0.700774, 0.803179
0.802958, 0.88615, 0.94743
0.94736, 0.98569, 0.999909
0.999997, 0.989752, 0.955533
0.955771, 0.897943, 0.8186

-0.852871, -0.923915, -0.972157
-0.972154, -0.996783, -0.997114
-0.997244, -0.973107, -0.925468
-0.925744, -0.855169, -0.76418
-0.764574, -0.654397, -0.528871
-0.529344, -0.390237, -0.242333
-0.242839, -0.0882766, 0.0676783
0.0671876, 0.222234, 0.371134
0.370706, 0.511218, 0.63864
0.638317, 0.750684, 0.844284
0.844097, 0.917434, 0.968148
0.968115, 0.995319, 0.998233
0.998357, 0.976793, 0.931625
0.931894, 0.86365, 0.774776
0.775164, 0.666851, 0.542879
0.543349, 0.405458, 0.258396
0.258902, 0.104791, -0.0511152
-0.0506224, -0.206026, -0.355675
-0.355243, -0.496887, -0.625784
-0.625454, -0.739618, -0.835276
-0.835081, -0.910706, -0.963859
-0.963818, -0.993579, -0.99908
-0.999196, -0.98021, -0.937525
-0.937787, -0.871894, -0.785158
-0.785541, -0.679123, -0.556737
-0.557204, -0.420569, -0.274389
-0.274894, -0.121277, 0.034538
0.0340433, 0.189762, 0.340119
0.339683, 0.48242, 0.612755
0.612419, 0.728349, 0.826037
0.825834, 0.903726, 0.959305
0.959255, 0.991565, 0.999651

-0.422127, -0.55854, -0.680717
-0.680428, -0.786496, -0.872968
-0.872806, -0.938273, -0.980649
-0.980644, -0.999164, -0.993342
-0.993493, -0.963272, -0.909816
-0.910109, -0.834073, -0.738161
-0.738567, -0.624082, -0.495006
-0.495485, -0.353641, -0.203901
-0.204408, -0.0489442, 0.106953
0.106468, 0.260493, 0.407448
0.407032, 0.544698, 0.668476
0.668168, 0.776141, 0.864752
0.864583, 0.932404, 0.977265
0.977251, 0.99835, 0.995115
0.995259, 0.967592, 0.916575
0.916861, 0.84311, 0.749252
0.749653, 0.63696, 0.509353
0.50983, 0.369111, 0.220116
0.220623, 0.0655092, -0.0904418
-0.0899542, -0.244438, -0.392239
-0.391818, -0.530708, -0.656043
-0.655729, -0.765572, -0.856299
-0.856123, -0.926278, -0.973611
-0.973589, -0.997262, -0.996615
-0.99675, -0.971647, -0.923082
-0.923361, -0.851914, -0.760136
-0.760532, -0.649661, -0.523561
-0.524035, -0.38448, -0.236271
-0.236777, -0.0820561, 0.0739055
0.0734156, 0.228316, 0.376923
0.376497, 0.516572, 0.643429
0.643109, 0.754791, 0.847611

0.149273, -0.00705614, -0.162457
-0.161979, -0.314143, -0.457942
-0.457543, -0.5908, -0.70907
-0.708786, -0.81023, -0.891515
-0.891373, -0.951177, -0.987604
-0.987619, -0.99999, -0.988029
-0.988199, -0.951939, -0.89275
-0.893059, -0.81168, -0.710995
-0.711413, -0.592798, -0.460371
-0.460857, -0.316495, -0.165153
-0.16566, -0.00953582, 0.146062
0.145583, 0.298347, 0.443129
0.442724, 0.577331, 0.697272
0.696981, 0.800393, 0.883875
0.883726, 0.945924, 0.984862
0.984869, 0.99983, 0.990451
0.990613, 0.956888, 0.900101
0.900403, 0.821258, 0.722564
0.722976, 0.606078, 0.475036
0.475519, 0.33219, 0.181494
0.182001, 0.0261254, -0.129628
-0.129146, -0.28247, -0.428193
-0.427784, -0.563704, -0.685282
-0.684984, -0.790335, -0.875992
-0.875834, -0.940411, -0.981849
-0.981848, -0.999395, -0.992601
-0.992755, -0.961574, -0.907205
-0.9075, -0.83061, -0.733933
-0.734341, -0.61919, -0.48957
-0.490051, -0.347793, -0.197785
-0.198292, -0.0427077, 0.113158
0.112674, 0.266515, 0.41314

0.670935, 0.546779, 0.409935
0.410444, 0.262885, 0.109674
0.110177, -0.0464677, -0.201224
-0.200755, -0.351321, -0.492628
-0.492241, -0.622143, -0.736314
-0.736047, -0.832702, -0.908678
-0.908556, -0.962603, -0.993023
-0.993058, -0.999261, -0.98118
-0.981369, -0.939127, -0.874296
-0.87462, -0.788025, -0.682724
-0.683152, -0.560592, -0.425021
-0.425512, -0.278858, -0.126148
-0.126654, 0.0298874, 0.184944
0.184471, 0.335738, 0.478121
0.477728, 0.609067, 0.724985
0.724711, 0.8234, 0.901624
0.901494, 0.957974, 0.990929
0.990955, 0.999756, 0.984247
0.984429, 0.944697, 0.882228
0.882546, 0.79813, 0.694752
0.695176, 0.574254, 0.43998
0.440469, 0.294753, 0.14259
0.143096, -0.013299, -0.168612
-0.168137, -0.320063, -0.463482
-0.463084, -0.595824, -0.713457
-0.713175, -0.81387, -0.894323
-0.894185, -0.953083, -0.988561
-0.98858, -0.999975, -0.987044
-0.987217, -0.950006, -0.889917
-0.890228, -0.808015, -0.706589
-0.707009, -0.587757, -0.454818
-0.455305, -0.310566, -0.158992

0.969035, 0.918424, 0.845734
0.846103, 0.752318, 0.640745
0.641185, 0.513348, 0.373672
0.374169, 0.224651, 0.0704059
0.0709098, -0.0858065, -0.239679
-0.239218, -0.387952, -0.526548
-0.526174, -0.65252, -0.762413
-0.762163, -0.853881, -0.924428
-0.924326, -0.972532, -0.996899
-0.996954, -0.996979, -0.972806
-0.973013, -0.924855, -0.854483
-0.854823, -0.763146, -0.653391
-0.65383, -0.527515, -0.38901
-0.389505, -0.240787, -0.0869469
-0.0874515, 0.0692641, 0.223538
0.223073, 0.372606, 0.51237
0.51199, 0.639856, 0.751571
0.751314, 0.845127, 0.917972
0.917862, 0.968535, 0.995455
0.995502, 0.998127, 0.976514
0.976713, 0.931036, 0.862983
0.863317, 0.773762, 0.665861
0.666296, 0.541537, 0.40424
0.404734, 0.256857, 0.103464
0.103969, -0.0527027, -0.207335
-0.206867, -0.357158, -0.49805
-0.497665, -0.627017, -0.740522
-0.740257, -0.836141, -0.911264
-0.911145, -0.964272, -0.993737
-0.993775, -0.999, -0.979953
-0.980145, -0.936961, -0.871246
-0.871573, -0.784164, -0.678147

0.944246, 0.984043, 0.999727
0.999834, 0.991073, 0.958315
0.958546, 0.902112, 0.824057
0.824417, 0.725767, 0.60998
0.610433, 0.479122, 0.336819
0.337319, 0.186066, 0.0310311
0.0315321, -0.125012, -0.277762
-0.27731, -0.423981, -0.55965
-0.55929, -0.681882, -0.787328
-0.787095, -0.873732, -0.938742
-0.938659, -0.980949, -0.999225
-0.9993, -0.993148, -0.96292
-0.963145, -0.909146, -0.833342
-0.833696, -0.73708, -0.623043
-0.623492, -0.493618, -0.352394
-0.352894, -0.202342, -0.0476106
-0.0481128, 0.108533, 0.261784
0.261328, 0.408896, 0.545822
0.545456, 0.669651, 0.776989
0.776749, 0.865541, 0.932893
0.932802, 0.977591, 0.998434
0.998501, 0.994947, 0.967262
0.96748, 0.915929, 0.842397
0.842745, 0.74819, 0.635935
0.636379, 0.507979, 0.367873
0.368371, 0.218563, 0.064177
0.0646803, -0.0920245, -0.245735
-0.245275, -0.393698, -0.531844
-0.531472, -0.657236, -0.766436
-0.766189, -0.857111, -0.926788
-0.926689, -0.973963, -0.997368
-0.997426, -0.996473, -0.971338

0.604827, 0.721771, 0.820604
0.820413, 0.899595, 0.956568
0.956511, 0.990286, 0.999861
0.999963, 0.985052, 0.946305
0.946555, 0.884403, 0.801086
0.80146, 0.698086, 0.578271
0.578732, 0.44415, 0.299442
0.299946, 0.147192, -0.00839197
-0.00789454, -0.164023, -0.315413
-0.31497, -0.459351, -0.591882
-0.591536, -0.710184, -0.811018
-0.810803, -0.892225, -0.951596
-0.951533, -0.987842, -0.999998
-1.00009, -0.987773, -0.951537
-0.95178, -0.892023, -0.810906
-0.811274, -0.709869, -0.591727
-0.592184, -0.458954, -0.315231
-0.315733, -0.163583, -0.00820041
-0.00869941, 0.147634, 0.299624
0.299177, 0.444549, 0.578426
0.578074, 0.698404, 0.801199
0.800976, 0.884609, 0.946364
0.946293, 0.985127, 0.999861
0.999947, 0.990221, 0.956507
0.956743, 0.899398, 0.820502
0.820864, 0.721456, 0.60502
0.605474, 0.473631, 0.330933
0.331434, 0.179928, 0.0247905
0.0252909, -0.131203, -0.283753
-0.283302, -0.429626, -0.564811
-0.564453, -0.686433, -0.791159
-0.790929, -0.876749, -0.940872

0.0638748, 0.219, 0.36805
0.367624, 0.508365, 0.636084
0.63576, 0.748489, 0.842503
0.842314, 0.91611, 0.967313
0.967278, 0.994994, 0.998425
0.998548, 0.977499, 0.932826
0.933094, 0.865319, 0.776869
0.777257, 0.66932, 0.545662
0.546131, 0.408489, 0.2616
0.262105, 0.10809, -0.047802
-0.0473089, -0.202779, -0.352574
-0.352141, -0.494006, -0.623193
-0.622862, -0.737382, -0.833448
-0.833251, -0.909331, -0.962971
-0.962928, -0.993199, -0.999217
-0.999331, -0.980862, -0.938675
-0.938935, -0.873514, -0.787209
-0.78759, -0.681554, -0.55949
-0.559956, -0.423576, -0.277578
-0.278082, -0.124569, 0.0312225
0.0307275, 0.186504, 0.336998
0.336561, 0.479512, 0.610131
0.609794, 0.726072, 0.824163
0.823959, 0.902302, 0.958364
0.958313, 0.991131, 0.999734
0.99984, 0.983955, 0.944265
0.944519, 0.881469, 0.797331
0.797707, 0.693601, 0.573164
0.573627, 0.438547, 0.293479
0.293983, 0.141014, -0.0146345
-0.0141377, -0.170178, -0.32133
-0.320889, -0.464886, -0.5969

-0.498361, -0.356744, -0.207142
-0.20766, -0.0522564, 0.103653
0.103169, 0.257289, 0.404417
0.403999, 0.541914, 0.666005
0.665697, 0.774046, 0.863082
0.862912, 0.931201, 0.976557
0.976542, 0.998156, 0.995438
0.99558, 0.968426, 0.917898
0.918182, 0.844889, 0.751446
0.751845, 0.639514, 0.512206
0.512682, 0.372192, 0.223351
0.223858, 0.068819, -0.0871377
-0.0866496, -0.24122, -0.389186
-0.388764, -0.527894, -0.653536
-0.653221, -0.763434, -0.854582
-0.854404, -0.925024, -0.97285
-0.972826, -0.997013, -0.996883
-0.997016, -0.972427, -0.924354
-0.924631, -0.853647, -0.762288
-0.762683, -0.65218, -0.526384
-0.526858, -0.38754, -0.239493
-0.239999, -0.0853617, 0.070597
0.0701066, 0.225085, 0.373848
0.373422, 0.51373, 0.640887
0.640565, 0.752612, 0.845847
0.845661, 0.918593, 0.968875
0.968843, 0.995595, 0.998053
0.998178, 0.97616, 0.930556
0.930826, 0.86217, 0.772921
0.77331, 0.664667, 0.540418
0.540889, 0.402781, 0.255568
0.256074, 0.101881, -0.0540368

-0.894539, -0.813618, -0.713312
-0.71375, -0.595465, -0.463316
-0.463799, -0.319641, -0.168424
-0.168931, -0.0128529, 0.14278
0.1423, 0.29518, 0.440153
0.439747, 0.57462, 0.694891
0.694599, 0.7984, 0.882319
0.882168, 0.944844, 0.984282
0.984288, 0.999766, 0.990904
0.991065, 0.957847, 0.901542
0.901843, 0.823147, 0.724854
0.725265, 0.608713, 0.477953
0.478436, 0.335317, 0.184755
0.185263, 0.0294414, -0.126338
-0.125856, -0.279286, -0.425194
-0.424783, -0.560961, -0.682863
-0.682564, -0.788299, -0.874388
-0.874229, -0.939279, -0.981216
-0.981212, -0.999277, -0.992999
-0.993152, -0.96248, -0.908596
-0.90889, -0.832454, -0.736183
-0.73659, -0.621792, -0.49246
-0.49294, -0.350902, -0.201036
-0.201543, -0.0460217, 0.109862
0.109377, 0.263316, 0.410117
0.409702, 0.547148, 0.670647
0.670341, 0.777981, 0.866216
0.866049, 0.933456, 0.977879
0.977867, 0.998512, 0.99482
0.994965, 0.966848, 0.9154
0.915687, 0.841531, 0.74731
0.747711, 0.6347, 0.506832

-0.99265, -0.999388, -0.981801
-0.982013, -0.940261, -0.875905
-0.876226, -0.790064, -0.685145
-0.685572, -0.563337, -0.428021
-0.428512, -0.282042, -0.129438
-0.129944, 0.0265715, 0.181683
0.18121, 0.332612, 0.475205
0.474812, 0.606433, 0.722697
0.722421, 0.821514, 0.900186
0.900054, 0.957019, 0.990478
0.990503, 0.999823, 0.984829
0.985009, 0.94578, 0.883786
0.884102, 0.800125, 0.697135
0.697558, 0.576967, 0.442957
0.443446, 0.297921, 0.145872
0.146379, -0.00998202, -0.165342
-0.164866, -0.316918, -0.46054
-0.460142, -0.593157, -0.711129
-0.710846, -0.811939, -0.892835
-0.892695, -0.952074, -0.988057
-0.988073, -0.999987, -0.987571
-0.987743, -0.951037, -0.891426
-0.891736, -0.809966, -0.708933
-0.709352, -0.590438, -0.457771
-0.458257, -0.313718, -0.162266
-0.162773, -0.00661017, 0.148955
0.148477, 0.301138, 0.445749
0.445345, 0.579717, 0.699365
0.699075, 0.802141, 0.885238
0.88509, 0.946868, 0.985363
0.985371, 0.999876, 0.990042
0.990205, 0.956033, 0.898821

-0.760002, -0.852154, -0.923147
-0.923062, -0.971754, -0.996636
-0.996687, -0.997232, -0.97357
-0.973776, -0.926113, -0.856202
-0.856541, -0.765286, -0.6559
-0.656338, -0.530331, -0.392064
-0.392559, -0.244006, -0.0902512
-0.0907559, 0.0659546, 0.220303
0.219838, 0.369526, 0.509519
0.509138, 0.637304, 0.749379
0.74912, 0.84335, 0.916652
0.91654, 0.967705, 0.995135
0.99518, 0.998325, 0.977224
0.977422, 0.932243, 0.864655
0.864987, 0.77586, 0.668333
0.668767, 0.544323, 0.407273
0.407766, 0.260062, 0.106763
0.107268, -0.0493899, -0.204089
-0.20362, -0.354058, -0.495171
-0.494785, -0.62443, -0.738289
-0.738023, -0.834317, -0.909894
-0.909773, -0.963389, -0.993362
-0.993398, -0.999143, -0.980609
-0.980799, -0.938116, -0.87287
-0.873196, -0.786219, -0.680582
-0.681011, -0.558166, -0.42237
-0.422861, -0.276047, -0.123245
-0.123751, 0.0328116, 0.187818
0.187346, 0.338492, 0.480688
0.480296, 0.611384, 0.726996
0.726722, 0.825055, 0.902884
0.902755, 0.958808, 0.991316

-0.274116, -0.420977, -0.556893
-0.55654, -0.679452, -0.78528
-0.785045, -0.872115, -0.937594
-0.93751, -0.980301, -0.99909
-0.999163, -0.993531, -0.96381
-0.964034, -0.910523, -0.835172
-0.835525, -0.739319, -0.625635
-0.626083, -0.496501, -0.355497
-0.355996, -0.20559, -0.0509239
-0.0514263, 0.105235, 0.258582
0.258125, 0.405867, 0.54304
0.542673, 0.667184, 0.774897
0.774655, 0.863875, 0.931694
0.931602, 0.976888, 0.998244
0.998309, 0.995275, 0.9681
0.968316, 0.917256, 0.844181
0.844528, 0.750388, 0.638492
0.638936, 0.510834, 0.370955
0.371453, 0.221799, 0.0674871
0.0679906, -0.0887209, -0.242518
-0.242058, -0.390647, -0.529032
-0.528659, -0.654732, -0.764302
-0.764053, -0.855398, -0.925538
-0.925437, -0.973207, -0.997123
-0.997179, -0.996746, -0.972122
-0.972331, -0.923737, -0.852958
-0.853299, -0.761251, -0.651172
-0.651612, -0.525026, -0.386312
-0.386808, -0.237946, -0.0840317
-0.0845361, 0.0721824, 0.226388
0.225924, 0.375319, 0.514879
0.514501, 0.642101, 0.753496

0.303108, 0.150474, -0.00507821
-0.00457431, -0.160751, -0.312263
-0.31182, -0.456402, -0.589205
-0.588858, -0.707845, -0.809074
-0.808857, -0.890723, -0.950572
-0.950507, -0.987322, -0.999994
-1.00009, -0.988285, -0.952553
-0.952794, -0.893518, -0.812843
-0.81321, -0.712202, -0.594398
-0.594855, -0.461899, -0.318377
-0.31888, -0.166855, -0.0115175
-0.0120168, 0.144352, 0.296458
0.29601, 0.441576, 0.575717
0.575364, 0.696027, 0.79921
0.798986, 0.883058, 0.945288
0.945215, 0.984552, 0.999802
0.999886, 0.990679, 0.95747
0.957705, 0.900844, 0.822394
0.822756, 0.72375, 0.607658
0.608111, 0.476551, 0.334062
0.334563, 0.183191, 0.0281066
0.0286073, -0.127914, -0.280571
-0.280119, -0.426628, -0.562071
-0.561712, -0.684017, -0.789127
-0.788895, -0.87515, -0.939744
-0.939663, -0.981511, -0.999334
-0.99941, -0.9928, -0.962124
-0.962351, -0.907922, -0.83172
-0.832075, -0.735099, -0.620751
-0.6212, -0.491071, -0.349654
-0.350154, -0.199476, -0.0446879
-0.0451899, 0.111441, 0.264607

0.779333, 0.671785, 0.548429
0.548916, 0.411513, 0.264803
0.265306, 0.111387, -0.0444881
-0.0439949, -0.19953, -0.349468
-0.349034, -0.49112, -0.620596
-0.620264, -0.735138, -0.831611
-0.831413, -0.907947, -0.962072
-0.962027, -0.992809, -0.999344
-0.999456, -0.981503, -0.939814
-0.940073, -0.875125, -0.789251
-0.789631, -0.683979, -0.562237
-0.562702, -0.426579, -0.280763
-0.281268, -0.12786, 0.0279068
0.0274114, 0.183244, 0.333873
0.333435, 0.476599, 0.6075
0.607161, 0.723788, 0.822281
0.822075, 0.900868, 0.957413
0.957359, 0.990686, 0.999805
0.99991, 0.984542, 0.945353
0.945605, 0.883032, 0.79933
0.799705, 0.695987, 0.57588
0.576342, 0.441526, 0.296649
0.297152, 0.144298, -0.0113176
-0.0108204, -0.166908, -0.318187
-0.317745, -0.461947, -0.594236
-0.593892, -0.712239, -0.812725
-0.812511, -0.893541, -0.952489
-0.952428, -0.988291, -0.999992
-1.00009, -0.98731, -0.950631
-0.950876, -0.890695, -0.809188
-0.809558, -0.707804, -0.589364
-0.589823, -0.456352, -0.312452

0.99588, 0.969253, 0.919195
0.919503, 0.846658, 0.753634
0.75403, 0.642061, 0.515052
0.515528, 0.37527, 0.226584
0.22709, 0.072128, -0.0838326
-0.0833442, -0.238, -0.386129
-0.385705, -0.525074, -0.651022
-0.650706, -0.761288, -0.852855
-0.852676, -0.92376, -0.972077
-0.972052, -0.996753, -0.99714
-0.997272, -0.973196, -0.925615
-0.925891, -0.855371, -0.764432
-0.764825, -0.654692, -0.529202
-0.529675, -0.390597, -0.242712
-0.243219, -0.0886665, 0.0672877
0.0667969, 0.221852, 0.37077
0.370342, 0.510881, 0.638338
0.638015, 0.750424, 0.844074
0.843886, 0.917278, 0.968049
0.968015, 0.99528, 0.998255
0.998379, 0.976876, 0.931766
0.932035, 0.863847, 0.775022
0.775411, 0.667142, 0.543207
0.543677, 0.405816, 0.258774
0.25928, 0.10518, -0.0507241
-0.0502313, -0.205643, -0.355309
-0.354877, -0.496547, -0.625477
-0.625148, -0.739354, -0.835059
-0.834864, -0.910543, -0.963754
-0.963712, -0.993534, -0.999095
-0.999211, -0.980286, -0.93766
-0.937922, -0.872085, -0.7854

0.880591, 0.943758, 0.983679
0.983704, 0.99969, 0.991349
0.991505, 0.958796, 0.902974
0.903273, 0.825027, 0.727135
0.727546, 0.611342, 0.480864
0.481347, 0.338441, 0.188015
0.188522, 0.032757, -0.123047
-0.122564, -0.2761, -0.422189
-0.421778, -0.558213, -0.680437
-0.680136, -0.786255, -0.872774
-0.872614, -0.938137, -0.980571
-0.980566, -0.999147, -0.993386
-0.993537, -0.963376, -0.909977
-0.91027, -0.834288, -0.738425
-0.73883, -0.624388, -0.495345
-0.495825, -0.354007, -0.204284
-0.204792, -0.0493352, 0.106564
0.106079, 0.260115, 0.40709
0.406673, 0.544369, 0.668184
0.667876, 0.775894, 0.864554
0.864386, 0.932262, 0.97718
0.977167, 0.998327, 0.995153
0.995296, 0.96769, 0.916731
0.917017, 0.843319, 0.74951
0.749911, 0.637261, 0.50969
0.510166, 0.369475, 0.220498
0.221005, 0.0658998, -0.0900518
-0.0895641, -0.244058, -0.391879
-0.391457, -0.530376, -0.655747
-0.655432, -0.765319, -0.856096
-0.85592, -0.92613, -0.973521
-0.973499, -0.997232, -0.996646

0.471883, 0.603796, 0.720393
0.720128, 0.819618, 0.898738
0.898603, 0.956052, 0.990017
0.99004, 0.999879, 0.9854
0.985578, 0.946853, 0.885334
0.885649, 0.802111, 0.69951
0.699932, 0.579674, 0.445929
0.446417, 0.301087, 0.149154
0.14966, -0.00666492, -0.16207
-0.161593, -0.313771, -0.457594
-0.457194, -0.590483, -0.708793
-0.708509, -0.809999, -0.891337
-0.891195, -0.951055, -0.987541
-0.987556, -0.999988, -0.988088
-0.988258, -0.952058, -0.892925
-0.893234, -0.811908, -0.71127
-0.711687, -0.593113, -0.460718
-0.461204, -0.316866, -0.165539
-0.166046, -0.00992729, 0.145675
0.145195, 0.297973, 0.442777
0.442372, 0.577011, 0.696991
0.6967, 0.800157, 0.883691
0.883541, 0.945796, 0.984793
0.9848, 0.999822, 0.990504
0.990666, 0.957001, 0.900271
0.900573, 0.821481, 0.722834
0.723246, 0.606388, 0.47538
0.475863, 0.332559, 0.181879
0.182386, 0.0265167, -0.12924
-0.128758, -0.282094, -0.427839
-0.427429, -0.56338, -0.684996
-0.684698, -0.790095, -0.875802

-0.0940601, 0.0626442, 0.217067
0.2166, 0.366442, 0.506662
0.50628, 0.634745, 0.74718
0.746919, 0.841564, 0.915322
0.915208, 0.966865, 0.994803
0.994847, 0.998512, 0.977923
0.97812, 0.933439, 0.866318
0.866649, 0.777949, 0.670797
0.67123, 0.547104, 0.410301
0.410794, 0.263264, 0.110061
0.110566, -0.0460765, -0.20084
-0.200371, -0.350954, -0.492287
-0.4919, -0.621836, -0.736048
-0.735781, -0.832485, -0.908513
-0.908391, -0.962495, -0.992976
-0.993011, -0.999275, -0.981254
-0.981443, -0.939261, -0.874485
-0.874809, -0.788266, -0.683009
-0.683438, -0.560916, -0.425374
-0.425866, -0.279234, -0.126536
-0.127042, 0.029496, 0.184559
0.184086, 0.335369, 0.477776
0.477384, 0.608756, 0.724715
0.72444, 0.823177, 0.901454
0.901324, 0.957861, 0.990875
0.990901, 0.999763, 0.984315
0.984496, 0.944824, 0.882411
0.882729, 0.798365, 0.695033
0.695457, 0.574574, 0.440331
0.44082, 0.295127, 0.142977
0.143484, -0.0129075, -0.168226
-0.167751, -0.319691, -0.463135

-0.628662, -0.499381, -0.358588
-0.359101, -0.208834, -0.0542386
-0.0547396, 0.101936, 0.255376
0.254919, 0.402833, 0.540252
0.539884, 0.66471, 0.772797
0.772554, 0.862201, 0.930485
0.930391, 0.976175, 0.998043
0.998106, 0.995593, 0.968926
0.969141, 0.918573, 0.845955
0.846301, 0.752577, 0.641042
0.641485, 0.513683, 0.374034
0.374532, 0.225032, 0.0707965
0.0713002, -0.0854164, -0.239299
-0.238838, -0.387591, -0.526215
-0.525841, -0.652222, -0.762159
-0.761909, -0.853676, -0.924278
-0.924175, -0.97244, -0.996867
-0.996922, -0.997009, -0.972896
-0.973103, -0.925003, -0.854685
-0.855025, -0.763398, -0.653687
-0.654126, -0.527847, -0.38937
-0.389866, -0.241167, -0.0873368
-0.0878414, 0.0688735, 0.223156
0.222691, 0.372243, 0.512033
0.511653, 0.639555, 0.751312
0.751054, 0.844917, 0.917816
0.917705, 0.968437, 0.995417
0.995463, 0.99815, 0.976597
0.976796, 0.931178, 0.86318
0.863513, 0.774009, 0.666152
0.666587, 0.541866, 0.404598
0.405092, 0.257235, 0.103853

-0.953788, -0.895008, -0.814758
-0.815147, -0.714526, -0.597066
-0.59752, -0.464839, -0.321521
-0.322023, -0.170125, -0.0148344
-0.0153342, 0.141069, 0.293288
0.29284, 0.438598, 0.573002
0.572648, 0.693642, 0.797213
0.796987, 0.881497, 0.944202
0.944127, 0.983967, 0.999731
0.999814, 0.991126, 0.958423
0.958656, 0.90228, 0.824278
0.824638, 0.726036, 0.61029
0.610742, 0.479465, 0.337187
0.337688, 0.186451, 0.0314224
0.0319234, -0.124623, -0.277386
-0.276933, -0.423626, -0.559325
-0.558965, -0.681594, -0.787085
-0.786853, -0.873541, -0.938606
-0.938523, -0.980872, -0.999209
-0.999283, -0.993192, -0.963024
-0.96325, -0.909308, -0.833557
-0.833911, -0.737344, -0.623349
-0.623797, -0.493958, -0.35276
-0.35326, -0.202726, -0.0480016
-0.0485039, 0.108144, 0.261406
0.26095, 0.408538, 0.545493
0.545127, 0.669359, 0.776742
0.776501, 0.865344, 0.932751
0.93266, 0.977507, 0.998411
0.998477, 0.994985, 0.96736
0.967578, 0.916085, 0.842607
0.842955, 0.748449, 0.636236

-0.961106, -0.992412, -0.999445
-0.99958, -0.982132, -0.940947
-0.941202, -0.876726, -0.791284
-0.791664, -0.686395, -0.564978
-0.565443, -0.429578, -0.283946
-0.28445, -0.131149, 0.0245907
0.0240949, 0.179983, 0.330745
0.330306, 0.473681, 0.604862
0.604522, 0.721496, 0.820389
0.820182, 0.899424, 0.95645
0.956396, 0.99023, 0.999866
0.999969, 0.985119, 0.94643
0.946681, 0.884584, 0.801319
0.801693, 0.698366, 0.578589
0.579051, 0.444501, 0.299815
0.300319, 0.147579, -0.00800048
-0.00750301, -0.163637, -0.315041
-0.314598, -0.459003, -0.591565
-0.59122, -0.709907, -0.810788
-0.810573, -0.892047, -0.951475
-0.951411, -0.98778, -0.999997
-1.00009, -0.987832, -0.951656
-0.951899, -0.892199, -0.811134
-0.811502, -0.710144, -0.592042
-0.592499, -0.459301, -0.315602
-0.316105, -0.163969, -0.00859189
-0.00909092, 0.147246, 0.29925
0.298803, 0.444198, 0.578106
0.577754, 0.698123, 0.800964
0.800741, 0.884425, 0.946237
0.946165, 0.985058, 0.999853
0.99994, 0.990274, 0.95662

-0.648175, -0.759137, -0.851109
-0.850945, -0.922484, -0.971297
-0.971268, -0.996481, -0.997386
-0.997516, -0.973954, -0.926866
-0.927141, -0.857086, -0.766567
-0.766959, -0.657196, -0.532015
-0.532487, -0.393648, -0.245929
-0.246436, -0.0919702, 0.0639776
0.0634864, 0.218617, 0.367687
0.367259, 0.508027, 0.635781
0.635457, 0.748228, 0.842291
0.842102, 0.915952, 0.967213
0.967178, 0.994954, 0.998446
0.998568, 0.97758, 0.932966
0.933234, 0.865514, 0.777115
0.777502, 0.66961, 0.54599
0.546459, 0.408846, 0.261977
0.262483, 0.108479, -0.0474109
-0.0469177, -0.202396, -0.352207
-0.351774, -0.493666, -0.622886
-0.622555, -0.737117, -0.833231
-0.833034, -0.909168, -0.962865
-0.962821, -0.993153, -0.999232
-0.999346, -0.980937, -0.938809
-0.939069, -0.873704, -0.787449
-0.787831, -0.68184, -0.559814
-0.56028, -0.423931, -0.277953
-0.278458, -0.124957, 0.0308312
0.0303361, 0.18612, 0.336629
0.336192, 0.479168, 0.60982
0.609483, 0.725802, 0.823941
0.823736, 0.902132, 0.958251

-0.119268, -0.272911, -0.419177
-0.418769, -0.555458, -0.678003
-0.677701, -0.784201, -0.871151
-0.870989, -0.936984, -0.979916
-0.979909, -0.999006, -0.993762
-0.993912, -0.964261, -0.911349
-0.91164, -0.836113, -0.740658
-0.741063, -0.626976, -0.498225
-0.498704, -0.357107, -0.207531
-0.208038, -0.0526482, 0.103265
0.102779, 0.256911, 0.404058
0.403641, 0.541584, 0.665713
0.665404, 0.773797, 0.862883
0.862713, 0.931057, 0.976471
0.976456, 0.998131, 0.995474
0.995616, 0.968522, 0.918052
0.918336, 0.845098, 0.751703
0.752103, 0.639814, 0.512541
0.513017, 0.372555, 0.223733
0.224239, 0.0692095, -0.0867476
-0.0862595, -0.24084, -0.388825
-0.388403, -0.527561, -0.653239
-0.652924, -0.76318, -0.854378
-0.8542, -0.924874, -0.972758
-0.972734, -0.996982, -0.996913
-0.997046, -0.972517, -0.924502
-0.92478, -0.85385, -0.762541
-0.762935, -0.652476, -0.526717
-0.52719, -0.387901, -0.239873
-0.240379, -0.0857517, 0.0702064
0.069716, 0.224704, 0.373485
0.373058, 0.513393, 0.640586

0.449381, 0.30425, 0.152427
0.152944, -0.0033485, -0.158794
-0.158318, -0.31062, -0.454642
-0.454241, -0.587803, -0.70645
-0.706164, -0.80805, -0.889829
-0.889685, -0.950026, -0.987015
-0.987028, -0.999978, -0.988594
-0.988763, -0.953068, -0.894414
-0.894722, -0.81384, -0.713598
-0.714015, -0.595781, -0.46366
-0.464145, -0.320011, -0.16881
-0.169317, -0.0132443, 0.142392
0.141912, 0.294805, 0.439801
0.439395, 0.574299, 0.694609
0.694316, 0.798164, 0.882134
0.881983, 0.944715, 0.984212
0.984217, 0.999757, 0.990955
0.991116, 0.957959, 0.901711
0.902011, 0.823368, 0.725123
0.725534, 0.609023, 0.478296
0.478779, 0.335686, 0.18514
0.185647, 0.0298326, -0.125949
-0.125467, -0.27891, -0.424839
-0.424428, -0.560637, -0.682577
-0.682277, -0.788058, -0.874197
-0.874038, -0.939144, -0.981139
-0.981136, -0.999261, -0.993044
-0.993197, -0.962585, -0.908759
-0.909052, -0.83267, -0.736447
-0.736854, -0.622098, -0.4928
-0.493281, -0.351268, -0.201419
-0.201926, -0.0464127, 0.109472

0.868292, 0.780033, 0.673242
0.673695, 0.549876, 0.413327
0.413817, 0.266463, 0.113357
0.113863, -0.0427625, -0.19759
-0.19712, -0.347846, -0.489397
-0.489009, -0.619235, -0.7338
-0.73353, -0.830643, -0.907123
-0.906999, -0.961591, -0.992579
-0.992612, -0.999396, -0.981889
-0.982076, -0.940395, -0.87609
-0.876413, -0.790303, -0.685429
-0.685857, -0.56366, -0.428375
-0.428865, -0.282418, -0.129826
-0.130333, 0.0261801, 0.181298
0.180825, 0.332242, 0.47486
0.474467, 0.606121, 0.722426
0.722149, 0.821289, 0.900014
0.899882, 0.956904, 0.990423
0.990448, 0.999829, 0.984896
0.985076, 0.945906, 0.883968
0.884284, 0.800359, 0.697415
0.697838, 0.577286, 0.443307
0.443796, 0.298295, 0.14626
0.146766, -0.00959054, -0.164956
-0.16448, -0.316547, -0.460192
-0.459794, -0.592841, -0.710853
-0.71057, -0.81171, -0.892657
-0.892517, -0.951953, -0.987995
-0.988012, -0.999987, -0.987632
-0.987803, -0.951157, -0.891602
-0.891912, -0.810195, -0.709209
-0.709627, -0.590753, -0.458118

0.997882, 0.995903, 0.969728
0.969966, 0.919878, 0.847724
0.848065, 0.754758, 0.643585
0.644027, 0.516527, 0.377109
0.377606, 0.228263, 0.0741052
0.0746089, -0.0821109, -0.236077
-0.235615, -0.384531, -0.523392
-0.523017, -0.649705, -0.760008
-0.759756, -0.851945, -0.923007
-0.922903, -0.971662, -0.9966
-0.996653, -0.99726, -0.973658
-0.973864, -0.926259, -0.856404
-0.856742, -0.765537, -0.656194
-0.656632, -0.530662, -0.392424
-0.392919, -0.244385, -0.090641
-0.0911457, 0.0655638, 0.219921
0.219456, 0.369162, 0.509181
0.5088, 0.637002, 0.749119
0.74886, 0.843139, 0.916495
0.916382, 0.967606, 0.995095
0.99514, 0.998346, 0.977306
0.977504, 0.932383, 0.864851
0.865183, 0.776106, 0.668623
0.669057, 0.544651, 0.40763
0.408123, 0.26044, 0.107152
0.107657, -0.0489988, -0.203705
-0.203237, -0.353691, -0.49483
-0.494444, -0.624123, -0.738024
-0.737758, -0.8341, -0.90973
-0.909609, -0.963283, -0.993316
-0.993352, -0.999158, -0.980685
-0.980875, -0.938251, -0.87306

0.79497, 0.879931, 0.943093
0.943036, 0.98337, 0.999653
0.999732, 0.991562, 0.959365
0.959596, 0.903706, 0.826152
0.826511, 0.728313, 0.612915
0.613367, 0.482374, 0.340308
0.340809, 0.189709, 0.0347379
0.0352391, -0.121332, -0.274197
-0.273744, -0.420619, -0.556572
-0.556211, -0.679164, -0.785036
-0.784801, -0.871922, -0.937457
-0.937372, -0.980222, -0.999072
-0.999145, -0.993574, -0.963914
-0.964137, -0.910684, -0.835386
-0.835739, -0.739582, -0.62594
-0.626388, -0.49684, -0.355862
-0.356362, -0.205973, -0.0513148
-0.0518173, 0.104846, 0.258203
0.257746, 0.405508, 0.542711
0.542343, 0.666892, 0.774649
0.774407, 0.863677, 0.931551
0.931458, 0.976803, 0.99822
0.998284, 0.995312, 0.968197
0.968413, 0.917411, 0.84439
0.844737, 0.750646, 0.638792
0.639236, 0.51117, 0.371319
0.371816, 0.22218, 0.0678776
0.0683812, -0.0883309, -0.242138
-0.241678, -0.390286, -0.528699
-0.528327, -0.654436, -0.764049
-0.763799, -0.855195, -0.925389
-0.925288, -0.973116, -0.997092

0.327168, 0.470759, 0.602212
0.60188, 0.719195, 0.81849
0.81828, 0.89797, 0.955478
0.955421, 0.989763, 0.999915
1.00002, 0.985684, 0.947497
0.947746, 0.886127, 0.8033
0.803673, 0.700737, 0.581292
0.581753, 0.44747, 0.302978
0.303482, 0.15086, -0.0046833
-0.0041855, -0.160364, -0.311891
-0.311447, -0.456053, -0.588888
-0.588541, -0.707568, -0.808843
-0.808626, -0.890544, -0.950449
-0.950384, -0.987259, -0.999992
-1.00008, -0.988344, -0.952671
-0.952912, -0.893693, -0.81307
-0.813437, -0.712476, -0.594712
-0.595169, -0.462246, -0.318748
-0.319251, -0.16724, -0.011909
-0.0124083, 0.143964, 0.296084
0.295636, 0.441224, 0.575397
0.575043, 0.695745, 0.798974
0.79875, 0.882873, 0.945159
0.945086, 0.984483, 0.999793
0.999877, 0.990731, 0.957582
0.957816, 0.901013, 0.822616
0.822977, 0.724019, 0.607968
0.608421, 0.476894, 0.33443
0.334931, 0.183575, 0.0284979
0.0289987, -0.127526, -0.280195
-0.279743, -0.426274, -0.561747
-0.561388, -0.683731, -0.788885

-0.249649, -0.0952737, 0.0606695
0.0601731, 0.215379, 0.3646
0.364171, 0.505168, 0.633218
0.632892, 0.746024, 0.840499
0.840308, 0.914617, 0.966366
0.966329, 0.994617, 0.998626
0.998747, 0.978274, 0.934156
0.934422, 0.867171, 0.779199
0.779585, 0.672071, 0.548766
0.549235, 0.411871, 0.265178
0.265683, 0.111776, -0.0440972
-0.0436036, -0.199146, -0.3491
-0.348667, -0.490778, -0.620288
-0.619956, -0.734872, -0.831393
-0.831194, -0.907782, -0.961965
-0.961919, -0.992761, -0.999357
-0.999469, -0.981577, -0.939947
-0.940206, -0.875313, -0.78949
-0.789871, -0.684263, -0.56256
-0.563026, -0.426933, -0.281139
-0.281643, -0.128248, 0.0275154
0.0270199, 0.182859, 0.333504
0.333066, 0.476254, 0.607188
0.60685, 0.723517, 0.822057
0.821851, 0.900697, 0.957299
0.957245, 0.990632, 0.999812
0.999916, 0.98461, 0.94548
0.945731, 0.883214, 0.799564
0.799939, 0.696267, 0.5762
0.576661, 0.441877, 0.297022
0.297526, 0.144685, -0.0109261
-0.0104289, -0.166522, -0.317816

-0.743281, -0.62956, -0.501088
-0.501584, -0.360203, -0.210777
-0.211282, -0.0559604, 0.0999649
0.0994789, 0.253704, 0.401022
0.400603, 0.538793, 0.663234
0.662924, 0.771693, 0.861203
0.861031, 0.929843, 0.975752
0.975735, 0.997925, 0.995785
0.995925, 0.969343, 0.919363
0.919646, 0.846867, 0.753887
0.754286, 0.642361, 0.515387
0.515863, 0.375632, 0.226965
0.227471, 0.0725184, -0.0834425
-0.0829539, -0.23762, -0.385767
-0.385344, -0.524741, -0.650724
-0.650408, -0.761033, -0.85265
-0.85247, -0.923609, -0.971984
-0.971959, -0.99672, -0.997168
-0.9973, -0.973285, -0.925762
-0.926038, -0.855573, -0.764683
-0.765077, -0.654987, -0.529534
-0.530007, -0.390956, -0.243092
-0.243598, -0.0890563, 0.066897
0.0664062, 0.22147, 0.370406
0.369978, 0.510544, 0.638036
0.637712, 0.750164, 0.843863
0.843675, 0.917121, 0.96795
0.967916, 0.995241, 0.998277
0.998401, 0.976958, 0.931907
0.932176, 0.864043, 0.775269
0.775657, 0.667433, 0.543535
0.544005, 0.406173, 0.259152

-0.989246, -0.954073, -0.89588
-0.89621, -0.815762, -0.715922
-0.716335, -0.598442, -0.466597
-0.467082, -0.323153, -0.172079
-0.172586, -0.0165611, 0.139108
0.138628, 0.291634, 0.43682
0.436413, 0.571581, 0.692219
0.691925, 0.796162, 0.880568
0.880415, 0.943623, 0.983621
0.983624, 0.999681, 0.991396
0.991555, 0.958906, 0.903141
0.90344, 0.825247, 0.727403
0.727814, 0.611652, 0.481207
0.481689, 0.338809, 0.188399
0.188906, 0.0331483, -0.122658
-0.122175, -0.275723, -0.421834
-0.421422, -0.557887, -0.680149
-0.679848, -0.786012, -0.872582
-0.872421, -0.938, -0.980493
-0.980488, -0.99913, -0.99343
-0.993581, -0.963479, -0.910139
-0.910431, -0.834503, -0.738688
-0.739094, -0.624693, -0.495685
-0.496164, -0.354372, -0.204667
-0.205175, -0.0497262, 0.106175
0.105689, 0.259737, 0.406732
0.406315, 0.54404, 0.667892
0.667584, 0.775646, 0.864356
0.864188, 0.932119, 0.977096
0.977083, 0.998303, 0.99519
0.995333, 0.967788, 0.916886
0.917172, 0.843529, 0.749769

-0.905587, -0.960681, -0.992157
-0.992212, -0.999504, -0.982516
-0.982699, -0.941518, -0.877686
-0.878007, -0.792332, -0.687841
-0.688268, -0.566397, -0.43137
-0.43186, -0.285599, -0.133115
-0.133621, 0.0228639, 0.178034
0.177561, 0.329112, 0.471939
0.471544, 0.60348, 0.720129
0.719851, 0.819393, 0.898564
0.89843, 0.955936, 0.989961
0.989984, 0.999884, 0.985466
0.985644, 0.946978, 0.885515
0.88583, 0.802344, 0.699789
0.700211, 0.579992, 0.446279
0.446767, 0.30146, 0.14954
0.150047, -0.00627343, -0.161683
-0.161207, -0.313399, -0.457245
-0.456845, -0.590167, -0.708517
-0.708232, -0.809769, -0.891158
-0.891016, -0.950933, -0.987478
-0.987493, -0.999986, -0.988147
-0.988317, -0.952177, -0.8931
-0.893409, -0.812135, -0.711544
-0.711961, -0.593427, -0.461065
-0.461551, -0.317237, -0.165925
-0.166432, -0.0103188, 0.145287
0.144808, 0.297599, 0.442426
0.442021, 0.576691, 0.696709
0.696418, 0.799921, 0.883507
0.883357, 0.945668, 0.984724
0.98473, 0.999814, 0.990557

-0.520179, -0.647183, -0.75784
-0.757601, -0.850203, -0.921728
-0.921621, -0.970873, -0.996322
-0.996374, -0.9975, -0.97441
-0.974614, -0.927505, -0.858112
-0.858449, -0.767668, -0.658695
-0.659132, -0.533471, -0.395473
-0.395968, -0.247601, -0.0939442
-0.0944491, 0.0622535, 0.216684
0.216218, 0.366077, 0.506324
0.505942, 0.634442, 0.746919
0.746658, 0.841351, 0.915164
0.915049, 0.966764, 0.994762
0.994805, 0.998532, 0.978004
0.9782, 0.933578, 0.866512
0.866843, 0.778194, 0.671087
0.67152, 0.547431, 0.410657
0.41115, 0.263641, 0.11045
0.110955, -0.0456853, -0.200457
-0.199987, -0.350587, -0.491946
-0.491558, -0.621529, -0.735783
-0.735515, -0.832267, -0.908349
-0.908226, -0.962388, -0.992928
-0.992963, -0.999289, -0.981329
-0.981517, -0.939394, -0.874674
-0.874998, -0.788506, -0.683294
-0.683723, -0.561239, -0.425728
-0.426219, -0.279609, -0.126924
-0.127431, 0.0291047, 0.184174
0.183701, 0.334999, 0.477432
0.477039, 0.608445, 0.724444
0.724169, 0.822953, 0.901284

0.0385558, -0.118039, -0.271005
-0.270552, -0.417608, -0.553814
-0.553451, -0.676726, -0.782977
-0.782741, -0.870294, -0.936298
-0.936211, -0.979561, -0.998925
-0.998996, -0.993945, -0.964792
-0.965014, -0.91205, -0.837206
-0.837557, -0.741811, -0.628524
-0.628971, -0.499717, -0.358961
-0.35946, -0.209218, -0.0546275
-0.0551302, 0.101546, 0.254997
0.25454, 0.402474, 0.539922
0.539554, 0.664417, 0.772547
0.772304, 0.862001, 0.930341
0.930246, 0.976089, 0.998017
0.99808, 0.995628, 0.969022
0.969237, 0.918727, 0.846163
0.846509, 0.752834, 0.641342
0.641784, 0.514019, 0.374397
0.374894, 0.225413, 0.0711869
0.0716906, -0.0850262, -0.238919
-0.238457, -0.38723, -0.525881
-0.525507, -0.651925, -0.761905
-0.761654, -0.853471, -0.924127
-0.924024, -0.972347, -0.996835
-0.99689, -0.997038, -0.972985
-0.973192, -0.925151, -0.854888
-0.855227, -0.76365, -0.653983
-0.654421, -0.528179, -0.38973
-0.390226, -0.241547, -0.0877267
-0.0882313, 0.0684829, 0.222774
0.222309, 0.371879, 0.511696

0.584444, 0.450437, 0.306131
0.306647, 0.154137, -0.0013642
-0.000867668, -0.157089, -0.308738
-0.308293, -0.453099, -0.586204
-0.585856, -0.70522, -0.806888
-0.80667, -0.889031, -0.949414
-0.949347, -0.986727, -0.999975
-1.00007, -0.988844, -0.953675
-0.953915, -0.895177, -0.814998
-0.815363, -0.714801, -0.597376
-0.597832, -0.465185, -0.321891
-0.322393, -0.17051, -0.0152259
-0.0157256, 0.140681, 0.292914
0.292465, 0.438245, 0.572681
0.572326, 0.693359, 0.796975
0.79675, 0.881312, 0.944072
0.943997, 0.983896, 0.999721
0.999804, 0.991177, 0.958534
0.958766, 0.902448, 0.824499
0.824859, 0.726304, 0.610599
0.611052, 0.479808, 0.337555
0.338056, 0.186835, 0.0318137
0.0323147, -0.124235, -0.277009
-0.276557, -0.423271, -0.559
-0.558639, -0.681307, -0.786843
-0.78661, -0.873349, -0.93847
-0.938386, -0.980795, -0.999192
-0.999267, -0.993237, -0.963129
-0.963354, -0.90947, -0.833773
-0.834127, -0.737608, -0.623654
-0.624103, -0.494298, -0.353126
-0.353626, -0.203109, -0.0483926

0.935591, 0.868824, 0.781262
0.781669, 0.674523, 0.55154
0.552005, 0.414892, 0.268375
0.26888, 0.115072, -0.040783
-0.0402889, -0.195895, -0.34599
-0.345556, -0.487886, -0.617684
-0.61735, -0.732619, -0.829545
-0.829346, -0.906387, -0.961054
-0.961007, -0.992358, -0.999471
-0.999582, -0.982206, -0.941075
-0.941332, -0.876913, -0.791523
-0.791902, -0.686679, -0.5653
-0.565765, -0.429931, -0.284321
-0.284825, -0.131537, 0.0241993
0.0237035, 0.179597, 0.330375
0.329936, 0.473335, 0.604549
0.60421, 0.721224, 0.820165
0.819957, 0.899252, 0.956335
0.95628, 0.990175, 0.999871
0.999974, 0.985185, 0.946556
0.946806, 0.884766, 0.801553
0.801926, 0.698645, 0.578908
0.579369, 0.444851, 0.300188
0.300692, 0.147966, -0.00760898
-0.00711147, -0.16325, -0.314669
-0.314226, -0.458654, -0.591249
-0.590903, -0.709631, -0.810558
-0.810343, -0.89187, -0.951353
-0.95129, -0.987718, -0.999996
-1.00009, -0.987892, -0.951775
-0.952018, -0.892375, -0.811362
-0.81173, -0.710419, -0.592356

0.974992, 0.997712, 0.99607
0.996233, 0.970152, 0.920667
0.920946, 0.848627, 0.756064
0.756461, 0.6449, 0.518228
0.518703, 0.378705, 0.230194
0.230701, 0.0758266, -0.0801364
-0.0796474, -0.234396, -0.382705
-0.382281, -0.521914, -0.648203
-0.647885, -0.758878, -0.850913
-0.850732, -0.922333, -0.9712
-0.971173, -0.996447, -0.997413
-0.997543, -0.974042, -0.927012
-0.927287, -0.857286, -0.766818
-0.76721, -0.657491, -0.532346
-0.532818, -0.394008, -0.246309
-0.246815, -0.0923599, 0.0635868
0.0630956, 0.218234, 0.367323
0.366894, 0.507689, 0.635478
0.635154, 0.747968, 0.842079
0.84189, 0.915794, 0.967112
0.967077, 0.994914, 0.998467
0.998589, 0.977661, 0.933106
0.933373, 0.865709, 0.777361
0.777748, 0.6699, 0.546317
0.546786, 0.409203, 0.262355
0.262861, 0.108868, -0.0470198
-0.0465266, -0.202012, -0.35184
-0.351407, -0.493325, -0.622579
-0.622248, -0.736851, -0.833013
-0.832816, -0.909004, -0.962758
-0.962714, -0.993106, -0.999246
-0.99936, -0.981012, -0.938943

0.689518, 0.794154, 0.878981
0.878844, 0.942519, 0.983021
0.98302, 0.999594, 0.991826
0.991983, 0.959842, 0.904561
0.904859, 0.827117, 0.729677
0.730086, 0.614273, 0.484113
0.484595, 0.341929, 0.191656
0.192163, 0.0364635, -0.119365
-0.118882, -0.272534, -0.418824
-0.418411, -0.555132, -0.677714
-0.677412, -0.783958, -0.870958
-0.870795, -0.936846, -0.979837
-0.97983, -0.998988, -0.993805
-0.993954, -0.964363, -0.911509
-0.9118, -0.836327, -0.74092
-0.741325, -0.62728, -0.498563
-0.499042, -0.357473, -0.207914
-0.208421, -0.0530391, 0.102876
0.10239, 0.256532, 0.4037
0.403282, 0.541254, 0.66542
0.665111, 0.773548, 0.862684
0.862514, 0.930913, 0.976386
0.976371, 0.998106, 0.995511
0.995652, 0.968618, 0.918206
0.91849, 0.845306, 0.75196
0.75236, 0.640114, 0.512877
0.513353, 0.372918, 0.224114
0.224621, 0.0696, -0.0863575
-0.0858693, -0.24046, -0.388464
-0.388042, -0.527228, -0.652942
-0.652626, -0.762926, -0.854173
-0.853995, -0.924725, -0.972666

0.174292, 0.325979, 0.469008
0.468618, 0.600832, 0.717824
0.717545, 0.817488, 0.897104
0.896969, 0.954958, 0.989487
0.989509, 0.999927, 0.986025
0.986201, 0.948039, 0.887052
0.887366, 0.80432, 0.702155
0.702577, 0.582692, 0.449245
0.449733, 0.304621, 0.15282
0.153327, -0.00295624, -0.158409
-0.157932, -0.310247, -0.454293
-0.453892, -0.587486, -0.706172
-0.705886, -0.807819, -0.889649
-0.889506, -0.949903, -0.986951
-0.986964, -0.999975, -0.988652
-0.98882, -0.953186, -0.894589
-0.894896, -0.814067, -0.713872
-0.714288, -0.596094, -0.464006
-0.464492, -0.320382, -0.169195
-0.169702, -0.0136357, 0.142004
0.141525, 0.294431, 0.439449
0.439043, 0.573978, 0.694327
0.694034, 0.797927, 0.881949
0.881797, 0.944585, 0.984142
0.984147, 0.999747, 0.991007
0.991167, 0.95807, 0.901879
0.902179, 0.82359, 0.725391
0.725803, 0.609333, 0.478639
0.479122, 0.336054, 0.185524
0.186032, 0.0302239, -0.125561
-0.125079, -0.278534, -0.424484
-0.424073, -0.560312, -0.68229

-0.000500021, 0.15574, 0.307437
0.306994, 0.451881, 0.585097
0.584748, 0.704251, 0.806081
0.805862, 0.888405, 0.948984
0.948917, 0.986504, 0.999965
1.00006, 0.989047, 0.954085
0.954325, 0.895786, 0.815789
0.816154, 0.715755, 0.598472
0.598927, 0.466394, 0.323184
0.323686, 0.171856, 0.0165918
0.0170916, -0.139329, -0.291608
-0.291159, -0.437017, -0.571561
-0.571206, -0.692374, -0.79615
-0.795924, -0.880665, -0.943621
-0.943545, -0.983652, -0.999688
-0.999771, -0.991357, -0.958922
-0.959154, -0.903036, -0.825271
-0.825631, -0.727243, -0.611681
-0.612133, -0.481006, -0.338841
-0.339341, -0.188177, -0.033179
-0.0336801, 0.122879, 0.275696
0.275243, 0.422033, 0.557867
0.557506, 0.680307, 0.785999
0.785766, 0.872683, 0.937997
0.937913, 0.980528, 0.999137
0.99921, 0.993395, 0.963496
0.96372, 0.910037, 0.834526
0.83488, 0.73853, 0.624722
0.62517, 0.495485, 0.354404
0.354903, 0.204446, 0.0497571
0.0502594, -0.106396, -0.259709
-0.259253, -0.406933, -0.544019

0.00931966
314
108
