4
32

0, 0.0539342, 0.155615, 0.255669, 0.307439
0.307439, 0.358313, 0.451771, 0.540507, 0.585097
0.585097, 0.627984, 0.704168, 0.772989, 0.806081
0.806081, 0.836826, 0.888355, 0.930597, 0.948985
0.948985, 0.96461, 0.986493, 0.998063, 0.999966
0.999966, 0.998958, 0.989075, 0.968852, 0.954086
0.954086, 0.936542, 0.895851, 0.845795, 0.815789
0.815789, 0.783409, 0.715851, 0.64081, 0.598472
0.598472, 0.554392, 0.466511, 0.373754, 0.323185
0.323185, 0.271674, 0.171983, 0.0704945, 0.0165919
0.0165919, -0.037359, -0.139204, -0.239593, -0.291608
-0.291608, -0.342774, -0.436907, -0.526473, -0.571561
-0.571561, -0.614986, -0.69229, -0.762357, -0.796151
-0.796151, -0.827628, -0.880614, -0.924395, -0.943622
-0.943622, -0.960102, -0.983639, -0.996893, -0.99969
-0.99969, -0.999577, -0.991385, -0.972828, -0.958924
-0.958924, -0.942229, -0.9031, -0.85453, -0.825273
-0.825273, -0.793613, -0.727338, -0.653459, -0.611682
-0.611682, -0.568124, -0.481123, -0.389092, -0.338842
-0.338842, -0.287605, -0.188304, -0.0870354, -0.0331792
-0.0331792, 0.0207736, 0.122754, 0.223452, 0.275697
0.275697, 0.32714, 0.421922, 0.512294, 0.557868
0.557868, 0.601818, 0.680221, 0.751514, 0.786002
0.786002, 0.818201, 0.872631, 0.917939, 0.938
0.938, 0.95533, 0.980515, 0.995449, 0.99914
0.99914, 0.999922, 0.993421, 0.976535, 0.963499
0.963499, 0.947658, 0.910101, 0.86303, 0.834529
0.834529, 0.803599, 0.738625, 0.665929, 0.624724
0.624724, 0.5817, 0.495602, 0.404323, 0.354405
0.354405, 0.303456, 0.204573, 0.103552, 0.0497574
0.0497574, -0.00418239, -0.106271, -0.207249, -0.25971
-0.25971, -0.311416, -0.406822, -0.497975, -0.544021

-0.586802, -0.542277, -0.453648, -0.360277, -0.30944
-0.309441, -0.257703, -0.157694, -0.0560358, -0.00210485
-0.0021046, 0.0518323, 0.153536, 0.253634, 0.305435
0.305435, 0.356347, 0.449893, 0.538735, 0.583389
0.583389, 0.626345, 0.702672, 0.771652, 0.804834
0.804834, 0.835672, 0.887387, 0.929824, 0.948319
0.948319, 0.964053, 0.986146, 0.99793, 0.999946
0.999946, 0.999051, 0.989383, 0.969371, 0.954714
0.954714, 0.937278, 0.896784, 0.846916, 0.817005
0.817005, 0.784716, 0.717319, 0.642425, 0.600157
0.600157, 0.556143, 0.468372, 0.375705, 0.325176
0.325175, 0.273699, 0.174056, 0.0725939, 0.0186963
0.0186962, -0.0352556, -0.137119, -0.237549, -0.289594
-0.289594, -0.340795, -0.435013, -0.524683, -0.569833
-0.569833, -0.613325, -0.690769, -0.760993, -0.794876
-0.794876, -0.826444, -0.879615, -0.92359, -0.942923
-0.942923, -0.959512, -0.983258, -0.996725, -0.999636
-0.999636, -0.999636, -0.991658, -0.973313, -0.959519
-0.959519, -0.942932, -0.904002, -0.855622, -0.82646
-0.82646, -0.794892, -0.728781, -0.655051, -0.613346
-0.613346, -0.569855, -0.482967, -0.39103, -0.340821
-0.340821, -0.28962, -0.190371, -0.089132, -0.0352828
-0.0352826, 0.0186692, 0.120665, 0.2214, 0.273673
0.273673, 0.32515, 0.420013, 0.510486, 0.55612
0.55612, 0.600135, 0.678677, 0.750124, 0.784699
0.784699, 0.816989, 0.871602, 0.917102, 0.937268
0.937268, 0.954706, 0.980099, 0.995246, 0.99905
0.99905, 0.999946, 0.99366, 0.976986, 0.96406
0.96406, 0.948327, 0.910971, 0.864092, 0.835687
0.835687, 0.80485, 0.740042, 0.667498, 0.626366
0.626366, 0.583411, 0.497429, 0.406247, 0.356373
0.356372, 0.305461, 0.206633, 0.105646, 0.0518595

-0.950302, -0.93213, -0.89028, -0.839124, -0.808564
-0.808566, -0.775653, -0.70715, -0.631255, -0.588506
-0.588506, -0.544044, -0.455523, -0.36224, -0.311441
-0.311441, -0.259736, -0.159772, -0.0581371, -0.00420954
-0.00420935, 0.0497302, 0.151455, 0.251597, 0.30343
0.30343, 0.35438, 0.448012, 0.536961, 0.581678
0.581678, 0.624703, 0.701172, 0.770312, 0.803583
0.803583, 0.834514, 0.886414, 0.929048, 0.947649
0.947649, 0.963491, 0.985794, 0.997792, 0.999922
0.999922, 0.999141, 0.989687, 0.969886, 0.955338
0.955338, 0.938009, 0.897714, 0.848033, 0.818217
0.818217, 0.786018, 0.718784, 0.644036, 0.601839
0.601839, 0.557891, 0.470231, 0.377655, 0.327165
0.327165, 0.275723, 0.176129, 0.074693, 0.0208007
0.0208005, -0.033152, -0.135034, -0.235504, -0.287579
-0.287579, -0.338816, -0.433117, -0.52289, -0.568102
-0.568102, -0.611661, -0.689246, -0.759626, -0.793597
-0.793597, -0.825258, -0.878612, -0.922781, -0.94222
-0.94222, -0.958917, -0.982872, -0.996553, -0.999577
-0.999577, -0.999691, -0.991927, -0.973794, -0.96011
-0.96011, -0.943631, -0.9049, -0.856709, -0.827643
-0.827643, -0.796167, -0.730221, -0.65664, -0.615007
-0.615007, -0.571584, -0.484809, -0.392966, -0.342799
-0.342799, -0.291634, -0.192437, -0.0912282, -0.0373861
-0.037386, 0.0165647, 0.118576, 0.219347, 0.271648
0.271648, 0.323159, 0.418102, 0.508675, 0.554369
0.55437, 0.59845, 0.67713, 0.74873, 0.783392
0.783392, 0.815774, 0.870568, 0.916261, 0.936532
0.936533, 0.954078, 0.979679, 0.995039, 0.998956
0.998956, 0.999966, 0.993895, 0.977433, 0.964617
0.964617, 0.948993, 0.911837, 0.865149, 0.836841
0.836841, 0.806097, 0.741456, 0.669063, 0.628005

-0.952174, -0.96727, -0.988124, -0.99865, -0.999997
-0.999999, -0.998436, -0.987507, -0.966256, -0.950957
-0.950957, -0.93289, -0.891237, -0.840267, -0.809802
-0.809802, -0.77698, -0.708637, -0.632886, -0.590206
-0.590206, -0.545809, -0.457396, -0.364201, -0.313441
-0.313441, -0.261768, -0.161849, -0.0602382, -0.00631429
-0.0063141, 0.0476279, 0.149375, 0.249559, 0.301424
0.301424, 0.352411, 0.446129, 0.535184, 0.579965
0.579965, 0.623058, 0.69967, 0.768968, 0.802328
0.802328, 0.833353, 0.885438, 0.928267, 0.946975
0.946975, 0.962926, 0.985439, 0.99765, 0.999893
0.999893, 0.999226, 0.989986, 0.970397, 0.955958
0.955958, 0.938737, 0.898639, 0.849147, 0.819425
0.819425, 0.787318, 0.720246, 0.645645, 0.603519
0.603519, 0.559636, 0.472087, 0.379603, 0.329154
0.329153, 0.277746, 0.1782, 0.0767917, 0.022905
0.0229048, -0.0310483, -0.132948, -0.233458, -0.285562
-0.285562, -0.336835, -0.431219, -0.521094, -0.566369
-0.566369, -0.609994, -0.687719, -0.758255, -0.792314
-0.792314, -0.824067, -0.877605, -0.921968, -0.941513
-0.941513, -0.958317, -0.982482, -0.996376, -0.999513
-0.999513, -0.999741, -0.992192, -0.97427, -0.960696
-0.960696, -0.944326, -0.905794, -0.857793, -0.828822
-0.828822, -0.797439, -0.731657, -0.658226, -0.616665
-0.616665, -0.573309, -0.486649, -0.394901, -0.344776
-0.344775, -0.293647, -0.194502, -0.093324, -0.0394894
-0.0394892, 0.0144602, 0.116485, 0.217293, 0.269622
0.269622, 0.321166, 0.416189, 0.506861, 0.552616
0.552617, 0.596763, 0.675579, 0.747334, 0.782082
0.782082, 0.814554, 0.86953, 0.915416, 0.935793
0.935793, 0.953445, 0.979255, 0.994827, 0.998858
0.998858, 0.999981, 0.994125, 0.977876, 0.96517

-0.591706, -0.634324, -0.709947, -0.778149, -0.810891
-0.810892, -0.841273, -0.892078, -0.933557, -0.95153
-0.95153, -0.966733, -0.987799, -0.998538, -1
-1, -0.998551, -0.987837, -0.966796, -0.951606
-0.951606, -0.933646, -0.892189, -0.841406, -0.811035
-0.811035, -0.778303, -0.71012, -0.634514, -0.591904
-0.591904, -0.547571, -0.459266, -0.36616, -0.315439
-0.315439, -0.263799, -0.163926, -0.062339, -0.00841901
-0.00841882, 0.0455255, 0.147293, 0.247521, 0.299416
0.299417, 0.35044, 0.444245, 0.533405, 0.578249
0.578249, 0.62141, 0.698165, 0.767621, 0.80107
0.80107, 0.832188, 0.884458, 0.927482, 0.946296
0.946296, 0.962356, 0.985079, 0.997503, 0.99986
0.99986, 0.999306, 0.990281, 0.970903, 0.956574
0.956574, 0.93946, 0.89956, 0.850256, 0.82063
0.820629, 0.788614, 0.721705, 0.647251, 0.605196
0.605196, 0.561379, 0.473942, 0.38155, 0.33114
0.33114, 0.279767, 0.180271, 0.0788901, 0.0250092
0.025009, -0.0289445, -0.130862, -0.231411, -0.283544
-0.283545, -0.334852, -0.429319, -0.519297, -0.564633
-0.564633, -0.608325, -0.68619, -0.756881, -0.791028
-0.791029, -0.822873, -0.876594, -0.921151, -0.940802
-0.940802, -0.957714, -0.982088, -0.996195, -0.999445
-0.999445, -0.999787, -0.992452, -0.974742, -0.961278
-0.961278, -0.945016, -0.906684, -0.858873, -0.829998
-0.829998, -0.798707, -0.73309, -0.659809, -0.618321
-0.618321, -0.575033, -0.488487, -0.396834, -0.34675
-0.34675, -0.295658, -0.196566, -0.0954194, -0.0415924
-0.0415922, 0.0123556, 0.114395, 0.215238, 0.267594
0.267595, 0.319172, 0.414275, 0.505046, 0.550861
0.550861, 0.595073, 0.674026, 0.745933, 0.780769
0.780769, 0.813332, 0.868489, 0.914567, 0.935048

-0.00606884, -0.059993, -0.161607, -0.261531, -0.313208
-0.313208, -0.363972, -0.457177, -0.545603, -0.590008
-0.590008, -0.632696, -0.708464, -0.776825, -0.809658
-0.809658, -0.840133, -0.891125, -0.932801, -0.950881
-0.950881, -0.966192, -0.987469, -0.998422, -0.999998
-0.999997, -0.998662, -0.988162, -0.967332, -0.95225
-0.95225, -0.934397, -0.893138, -0.842541, -0.812264
-0.812264, -0.779623, -0.711601, -0.636139, -0.593599
-0.593599, -0.549331, -0.461135, -0.368118, -0.317436
-0.317435, -0.265829, -0.166002, -0.0644396, -0.0105237
-0.0105235, 0.0434228, 0.145211, 0.245481, 0.297407
0.297408, 0.348468, 0.442358, 0.531623, 0.576531
0.576531, 0.61976, 0.696656, 0.76627, 0.799808
0.799809, 0.831019, 0.883474, 0.926693, 0.945614
0.945614, 0.961782, 0.984714, 0.997353, 0.999823
0.999823, 0.999383, 0.990571, 0.971405, 0.957185
0.957185, 0.940179, 0.900478, 0.851362, 0.821831
0.82183, 0.789906, 0.72316, 0.648854, 0.60687
0.60687, 0.56312, 0.475794, 0.383494, 0.333126
0.333125, 0.281787, 0.182341, 0.0809881, 0.0271132
0.027113, -0.0268405, -0.128775, -0.229363, -0.281525
-0.281526, -0.332868, -0.427417, -0.517497, -0.562894
-0.562894, -0.606653, -0.684657, -0.755504, -0.789739
-0.789739, -0.821675, -0.875579, -0.92033, -0.940086
-0.940086, -0.957106, -0.981689, -0.996009, -0.999373
-0.999373, -0.999828, -0.992708, -0.97521, -0.961856
-0.961856, -0.945702, -0.90757, -0.859949, -0.83117
-0.83117, -0.799972, -0.73452, -0.661389, -0.619974
-0.619974, -0.576753, -0.490322, -0.398765, -0.348724
-0.348724, -0.297668, -0.198629, -0.0975144, -0.0436953
-0.0436951, 0.0102509, 0.112303, 0.213182, 0.265566
0.265566, 0.317177, 0.412358, 0.503228, 0.549103

0.581877, 0.537168, 0.448231, 0.35461, 0.303664
0.303664, 0.251835, 0.151698, 0.0499755, -0.00396389
-0.00396415, -0.0578919, -0.159529, -0.259499, -0.311208
-0.311208, -0.362011, -0.455304, -0.543838, -0.588307
-0.588307, -0.631064, -0.706977, -0.775498, -0.808421
-0.808421, -0.83899, -0.890168, -0.93204, -0.950227
-0.950227, -0.965648, -0.987134, -0.998301, -0.999991
-0.999991, -0.998769, -0.988483, -0.967863, -0.952891
-0.952891, -0.935145, -0.894083, -0.843673, -0.81349
-0.81349, -0.780939, -0.713078, -0.637762, -0.595292
-0.595292, -0.551089, -0.463002, -0.370074, -0.319431
-0.319431, -0.267857, -0.168077, -0.0665399, -0.0126283
-0.0126281, 0.0413199, 0.143128, 0.24344, 0.295397
0.295397, 0.346495, 0.440469, 0.529839, 0.574809
0.57481, 0.618106, 0.695145, 0.764916, 0.798543
0.798543, 0.829846, 0.882486, 0.9259, 0.944927
0.944927, 0.961203, 0.984346, 0.997197, 0.999781
0.999781, 0.999454, 0.990858, 0.971902, 0.957792
0.957792, 0.940894, 0.901391, 0.852465, 0.823028
0.823028, 0.791195, 0.724612, 0.650454, 0.608542
0.608541, 0.564858, 0.477644, 0.385437, 0.335109
0.335109, 0.283806, 0.18441, 0.0830858, 0.0292172
0.029217, -0.0247365, -0.126687, -0.227314, -0.279505
-0.279505, -0.330883, -0.425513, -0.515695, -0.561153
-0.561154, -0.604979, -0.683122, -0.754123, -0.788446
-0.788446, -0.820474, -0.87456, -0.919505, -0.939367
-0.939367, -0.956494, -0.981286, -0.995819, -0.999296
-0.999296, -0.999865, -0.99296, -0.975674, -0.96243
-0.96243, -0.946384, -0.908451, -0.861021, -0.832339
-0.832339, -0.801233, -0.735947, -0.662967, -0.621624
-0.621624, -0.578472, -0.492155, -0.400694, -0.350696
-0.350696, -0.299677, -0.200692, -0.0996089, -0.045798

0.948396, 0.929915, 0.8875, 0.835807, 0.804978
0.80498, 0.771808, 0.702846, 0.626536, 0.583589
0.583588, 0.538942, 0.450112, 0.356577, 0.305669
0.305669, 0.253871, 0.153778, 0.0520776, -0.0018592
-0.00185939, -0.0557905, -0.157451, -0.257466, -0.309207
-0.309207, -0.360048, -0.453429, -0.54207, -0.586604
-0.586604, -0.62943, -0.705486, -0.774167, -0.80718
-0.80718, -0.837843, -0.889207, -0.931276, -0.949569
-0.949569, -0.965099, -0.986796, -0.998177, -0.999979
-0.999979, -0.998871, -0.988799, -0.96839, -0.953527
-0.953527, -0.935889, -0.895023, -0.844801, -0.814713
-0.814712, -0.782252, -0.714552, -0.639382, -0.596982
-0.596981, -0.552844, -0.464866, -0.372029, -0.321425
-0.321424, -0.269885, -0.170152, -0.0686398, -0.0147329
-0.0147327, 0.0392168, 0.141045, 0.241398, 0.293386
0.293386, 0.344519, 0.438579, 0.528053, 0.573086
0.573086, 0.616451, 0.69363, 0.763559, 0.797275
0.797275, 0.82867, 0.881494, 0.925103, 0.944236
0.944236, 0.960621, 0.983972, 0.997038, 0.999735
0.999735, 0.999522, 0.991139, 0.972396, 0.958395
0.958395, 0.941605, 0.9023, 0.853563, 0.824222
0.824221, 0.792481, 0.726061, 0.652051, 0.61021
0.61021, 0.566593, 0.479492, 0.387379, 0.337092
0.337092, 0.285824, 0.186478, 0.0851831, 0.031321
0.0313208, -0.0226323, -0.124599, -0.225264, -0.277484
-0.277484, -0.328896, -0.423607, -0.51389, -0.55941
-0.55941, -0.603301, -0.681583, -0.752739, -0.78715
-0.78715, -0.819269, -0.873538, -0.918675, -0.938643
-0.938643, -0.955878, -0.980878, -0.995624, -0.999215
-0.999215, -0.999897, -0.993207, -0.976133, -0.962999
-0.962999, -0.947062, -0.909329, -0.86209, -0.833504
-0.833503, -0.802491, -0.73737, -0.664541, -0.623271

0.954011, 0.968792, 0.989038, 0.998947, 0.999967
0.999968, 0.998078, 0.986533, 0.964675, 0.949062
0.949062, 0.930687, 0.888468, 0.836961, 0.806226
0.806226, 0.773145, 0.704342, 0.628175, 0.585296
0.585296, 0.540714, 0.451991, 0.358542, 0.307672
0.307672, 0.255906, 0.155858, 0.0541794, 0.000245582
0.000245388, -0.0536889, -0.155372, -0.255432, -0.307205
-0.307205, -0.358084, -0.451552, -0.5403, -0.584898
-0.584898, -0.627793, -0.703993, -0.772833, -0.805936
-0.805936, -0.836692, -0.888242, -0.930507, -0.948907
-0.948907, -0.964545, -0.986453, -0.998047, -0.999964
-0.999963, -0.998969, -0.989111, -0.968913, -0.954159
-0.954159, -0.936628, -0.89596, -0.845926, -0.815931
-0.815931, -0.783562, -0.716023, -0.640999, -0.598669
-0.598669, -0.554596, -0.466729, -0.373982, -0.323417
-0.323417, -0.271911, -0.172225, -0.0707395, -0.0168374
-0.0168372, 0.0371135, 0.138961, 0.239355, 0.291373
0.291373, 0.342543, 0.436686, 0.526264, 0.57136
0.57136, 0.614792, 0.692113, 0.762198, 0.796002
0.796002, 0.82749, 0.880498, 0.924301, 0.943541
0.943541, 0.960034, 0.983595, 0.996874, 0.999684
0.999684, 0.999585, 0.991417, 0.972884, 0.958994
0.958994, 0.942312, 0.903206, 0.854658, 0.825412
0.825411, 0.793763, 0.727507, 0.653645, 0.611877
0.611876, 0.568327, 0.481338, 0.389318, 0.339073
0.339072, 0.28784, 0.188545, 0.0872801, 0.0334247
0.0334245, -0.020528, -0.122511, -0.223212, -0.275461
-0.275461, -0.326907, -0.4217, -0.512084, -0.557664
-0.557664, -0.601621, -0.680041, -0.751352, -0.78585
-0.78585, -0.81806, -0.872511, -0.917842, -0.937915
-0.937915, -0.955258, -0.980466, -0.995425, -0.99913
-0.99913, -0.999925, -0.993449, -0.976588, -0.963564

0.596587, 0.639004, 0.714208, 0.781946, 0.814427
0.814428, 0.844538, 0.894804, 0.935715, 0.953379
0.953379, 0.968267, 0.988726, 0.998848, 0.999982
0.999982, 0.998206, 0.986875, 0.965227, 0.949723
0.949723, 0.931455, 0.889432, 0.838111, 0.80747
0.80747, 0.774478, 0.705834, 0.629812, 0.587002
0.587002, 0.542483, 0.453867, 0.360506, 0.309674
0.309674, 0.257941, 0.157936, 0.056281, 0.00235036
0.00235016, -0.051587, -0.153293, -0.253396, -0.305201
-0.305201, -0.356118, -0.449673, -0.538528, -0.58319
-0.58319, -0.626153, -0.702497, -0.771496, -0.804688
-0.804688, -0.835537, -0.887273, -0.929734, -0.948241
-0.948241, -0.963988, -0.986105, -0.997914, -0.999943
-0.999943, -0.999062, -0.989419, -0.969432, -0.954787
-0.954787, -0.937363, -0.896893, -0.847046, -0.817146
-0.817146, -0.784868, -0.717491, -0.642613, -0.600353
-0.600353, -0.556347, -0.468589, -0.375933, -0.325408
-0.325408, -0.273936, -0.174298, -0.0728388, -0.0189419
-0.0189417, 0.0350101, 0.136876, 0.237311, 0.289359
0.289359, 0.340565, 0.434792, 0.524473, 0.569631
0.569631, 0.613131, 0.690592, 0.760834, 0.794727
0.794727, 0.826306, 0.879498, 0.923496, 0.942842
0.942842, 0.959442, 0.983213, 0.996705, 0.999629
0.999629, 0.999643, 0.99169, 0.973369, 0.959588
0.959588, 0.943014, 0.904107, 0.855749, 0.826598
0.826598, 0.795041, 0.728949, 0.655237, 0.61354
0.61354, 0.570057, 0.483182, 0.391256, 0.341052
0.341052, 0.289855, 0.190612, 0.0893766, 0.0355282
0.035528, -0.0184236, -0.120421, -0.22116, -0.273437
-0.273437, -0.324918, -0.41979, -0.510275, -0.555916
-0.555916, -0.599939, -0.678497, -0.749962, -0.784546
-0.784547, -0.816847, -0.871481, -0.917004, -0.937183

0.0121373, 0.0660497, 0.167593, 0.267384, 0.318965
0.318965, 0.369618, 0.462566, 0.550679, 0.594897
0.594897, 0.637383, 0.712734, 0.780632, 0.813205
0.813205, 0.843409, 0.893862, 0.934971, 0.952742
0.952742, 0.967739, 0.988408, 0.998744, 0.999993
0.999993, 0.99833, 0.987213, 0.965775, 0.95038
0.95038, 0.932218, 0.890392, 0.839257, 0.80871
0.80871, 0.775808, 0.707324, 0.631445, 0.588704
0.588704, 0.54425, 0.455742, 0.362469, 0.311675
0.311675, 0.259974, 0.160014, 0.0583823, 0.00445513
0.00445493, -0.0494849, -0.151213, -0.251359, -0.303196
-0.303196, -0.35415, -0.447792, -0.536753, -0.581479
-0.581479, -0.624511, -0.700997, -0.770155, -0.803437
-0.803437, -0.834379, -0.886301, -0.928957, -0.94757
-0.94757, -0.963426, -0.985753, -0.997776, -0.999919
-0.999919, -0.999151, -0.989722, -0.969946, -0.955411
-0.955411, -0.938095, -0.897822, -0.848163, -0.818358
-0.818358, -0.78617, -0.718955, -0.644224, -0.602035
-0.602035, -0.558094, -0.470447, -0.377883, -0.327397
-0.327397, -0.275959, -0.17637, -0.0749379, -0.0210462
-0.021046, 0.0329066, 0.134791, 0.235266, 0.287343
0.287344, 0.338585, 0.432895, 0.52268, 0.5679
0.5679, 0.611466, 0.689068, 0.759466, 0.793447
0.793447, 0.825119, 0.878495, 0.922687, 0.942138
0.942138, 0.958847, 0.982827, 0.996532, 0.999569
0.999569, 0.999697, 0.991958, 0.973849, 0.960179
0.960178, 0.943712, 0.905005, 0.856836, 0.827781
0.827781, 0.796316, 0.730388, 0.656825, 0.615201
0.6152, 0.571785, 0.485024, 0.393192, 0.34303
0.34303, 0.291869, 0.192678, 0.0914728, 0.0376316
0.0376314, -0.0163191, -0.118332, -0.219107, -0.271412
-0.271412, -0.322926, -0.417879, -0.508463, -0.554165

-0.576931, -0.532039, -0.442798, -0.348929, -0.297876
-0.297877, -0.245957, -0.145697, -0.0439135, 0.0100325
0.0100327, 0.0639494, 0.165518, 0.265355, 0.31697
0.31697, 0.367661, 0.460699, 0.548921, 0.593204
0.593204, 0.63576, 0.711256, 0.779315, 0.811978
0.811978, 0.842277, 0.892917, 0.934222, 0.9521
0.9521, 0.967207, 0.988087, 0.998637, 0.999998
0.999998, 0.998449, 0.987546, 0.966319, 0.951033
0.951033, 0.932978, 0.891348, 0.8404, 0.809946
0.809946, 0.777134, 0.70881, 0.633076, 0.590404
0.590404, 0.546015, 0.457614, 0.36443, 0.313674
0.313674, 0.262005, 0.162092, 0.0604834, 0.00655987
0.00655968, -0.0473826, -0.149132, -0.249322, -0.30119
-0.30119, -0.352181, -0.44591, -0.534976, -0.579765
-0.579765, -0.622866, -0.699495, -0.768811, -0.802182
-0.802182, -0.833217, -0.885324, -0.928175, -0.946896
-0.946896, -0.96286, -0.985397, -0.997633, -0.99989
-0.99989, -0.999236, -0.990021, -0.970456, -0.95603
-0.95603, -0.938821, -0.898747, -0.849276, -0.819566
-0.819566, -0.787469, -0.720416, -0.645832, -0.603715
-0.603714, -0.55984, -0.472304, -0.37983, -0.329385
-0.329385, -0.277982, -0.178442, -0.0770365, -0.0231505
-0.0231503, 0.0308029, 0.132705, 0.233219, 0.285327
0.285327, 0.336604, 0.430997, 0.520885, 0.566166
0.566166, 0.6098, 0.687541, 0.758095, 0.792164
0.792165, 0.823928, 0.877487, 0.921873, 0.94143
0.94143, 0.958247, 0.982436, 0.996355, 0.999506
0.999505, 0.999747, 0.992222, 0.974326, 0.960764
0.960764, 0.944407, 0.905898, 0.857919, 0.82896
0.82896, 0.797587, 0.731824, 0.658411, 0.616859
0.616858, 0.573511, 0.486863, 0.395127, 0.345006
0.345006, 0.293881, 0.194743, 0.0935685, 0.0397348

-0.946454, -0.927666, -0.884687, -0.83246, -0.801363
-0.801364, -0.767935, -0.698516, -0.621795, -0.57865
-0.57865, -0.53382, -0.444685, -0.3509, -0.299885
-0.299885, -0.247997, -0.147779, -0.0460162, 0.00792787
0.00792806, 0.0618487, 0.163441, 0.263325, 0.314973
0.314973, 0.365703, 0.45883, 0.54716, 0.591508
0.591508, 0.634134, 0.709774, 0.777995, 0.810748
0.810748, 0.84114, 0.891967, 0.933469, 0.951455
0.951455, 0.96667, 0.98776, 0.998525, 1
1, 0.998564, 0.987875, 0.966858, 0.951681
0.951681, 0.933733, 0.8923, 0.841539, 0.811179
0.811178, 0.778457, 0.710293, 0.634704, 0.592102
0.592102, 0.547777, 0.459484, 0.366389, 0.315672
0.315672, 0.264036, 0.164168, 0.0625842, 0.00866459
0.0086644, -0.0452801, -0.14705, -0.247283, -0.299182
-0.299182, -0.35021, -0.444025, -0.533197, -0.578049
-0.578049, -0.621218, -0.697989, -0.767463, -0.800923
-0.800923, -0.832051, -0.884343, -0.92739, -0.946217
-0.946217, -0.962289, -0.985036, -0.997486, -0.999856
-0.999856, -0.999316, -0.990315, -0.970962, -0.956645
-0.956645, -0.939544, -0.899668, -0.850386, -0.82077
-0.82077, -0.788765, -0.721875, -0.647438, -0.605391
-0.605391, -0.561582, -0.474158, -0.381777, -0.331372
-0.331372, -0.280003, -0.180512, -0.0791349, -0.0252547
-0.0252545, 0.028699, 0.130618, 0.231172, 0.283309
0.283309, 0.334621, 0.429097, 0.519087, 0.56443
0.56443, 0.60813, 0.686011, 0.756721, 0.790878
0.790878, 0.822733, 0.876476, 0.921056, 0.940719
0.940719, 0.957643, 0.982041, 0.996173, 0.999437
0.999437, 0.999792, 0.992482, 0.974797, 0.961346
0.961346, 0.945096, 0.906787, 0.858999, 0.830135
0.830135, 0.798855, 0.733257, 0.659994, 0.618514

-0.955813, -0.970278, -0.989916, -0.999207, -0.999899
-0.999901, -0.997683, -0.985522, -0.963058, -0.947132
-0.947132, -0.928449, -0.885666, -0.833624, -0.802621
-0.802621, -0.769282, -0.700021, -0.623442, -0.580365
-0.580365, -0.535599, -0.446569, -0.352871, -0.301892
-0.301892, -0.250035, -0.14986, -0.0481186, 0.00582314
0.00582334, 0.0597479, 0.161365, 0.261294, 0.312974
0.312975, 0.363743, 0.456959, 0.545397, 0.58981
0.58981, 0.632505, 0.70829, 0.776671, 0.809514
0.809514, 0.84, 0.891014, 0.932712, 0.950805
0.950805, 0.966129, 0.98743, 0.998408, 0.999997
0.999997, 0.998675, 0.9882, 0.967394, 0.952325
0.952325, 0.934485, 0.893248, 0.842674, 0.812408
0.812408, 0.779777, 0.711773, 0.636329, 0.593797
0.593797, 0.549536, 0.461353, 0.368347, 0.317668
0.317668, 0.266066, 0.166244, 0.0646847, 0.0107693
0.0107691, -0.0431774, -0.144968, -0.245243, -0.297173
-0.297173, -0.348238, -0.442138, -0.531415, -0.57633
-0.57633, -0.619567, -0.69648, -0.766112, -0.799661
-0.799661, -0.830882, -0.883359, -0.926601, -0.945534
-0.945534, -0.961714, -0.984672, -0.997335, -0.999818
-0.999818, -0.999391, -0.990605, -0.971463, -0.957256
-0.957256, -0.940263, -0.900584, -0.851491, -0.82197
-0.82197, -0.790057, -0.72333, -0.649041, -0.607065
-0.607065, -0.563323, -0.47601, -0.383721, -0.333357
-0.333357, -0.282023, -0.182582, -0.0812329, -0.0273587
-0.0273585, 0.026595, 0.128531, 0.229124, 0.28129
0.28129, 0.332637, 0.427195, 0.517287, 0.562691
0.562691, 0.606458, 0.684478, 0.755343, 0.789588
0.789588, 0.821535, 0.875461, 0.920234, 0.940003
0.940003, 0.957035, 0.981642, 0.995987, 0.999364
0.999364, 0.999833, 0.992738, 0.975265, 0.961923

-0.601446, -0.64366, -0.718443, -0.785715, -0.817934
-0.817935, -0.847773, -0.897497, -0.937839, -0.955193
-0.955193, -0.969766, -0.989616, -0.99912, -0.999928
-0.999928, -0.997824, -0.985877, -0.963623, -0.947806
-0.947805, -0.929229, -0.886642, -0.834785, -0.803875
-0.803875, -0.770625, -0.701522, -0.625086, -0.582078
-0.582078, -0.537375, -0.448451, -0.354839, -0.303898
-0.303898, -0.252072, -0.151941, -0.0502208, 0.00371839
0.00371858, 0.0576467, 0.159287, 0.259262, 0.310975
0.310975, 0.361782, 0.455086, 0.543632, 0.588109
0.588109, 0.630874, 0.706803, 0.775343, 0.808276
0.808276, 0.838856, 0.890056, 0.931951, 0.950151
0.950151, 0.965584, 0.987095, 0.998287, 0.99999
0.999989, 0.998781, 0.98852, 0.967925, 0.952965
0.952965, 0.935232, 0.894193, 0.843805, 0.813633
0.813633, 0.781093, 0.71325, 0.637951, 0.595489
0.595489, 0.551294, 0.463219, 0.370302, 0.319663
0.319663, 0.268094, 0.168319, 0.0667849, 0.0128739
0.0128737, -0.0410745, -0.142885, -0.243202, -0.295163
-0.295163, -0.346264, -0.440249, -0.529631, -0.574609
-0.574609, -0.617913, -0.694968, -0.764758, -0.798395
-0.798396, -0.829709, -0.88237, -0.925807, -0.944847
-0.944847, -0.961135, -0.984302, -0.997179, -0.999776
-0.999776, -0.999462, -0.990891, -0.97196, -0.957863
-0.957863, -0.940977, -0.901497, -0.852593, -0.823167
-0.823167, -0.791345, -0.724781, -0.65064, -0.608736
-0.608736, -0.565061, -0.47786, -0.385664, -0.335341
-0.335341, -0.284042, -0.184651, -0.0833305, -0.0294626
-0.0294624, 0.0244909, 0.126444, 0.227075, 0.279269
0.27927, 0.330651, 0.425291, 0.515484, 0.56095
0.56095, 0.604783, 0.682942, 0.753962, 0.788295
0.788295, 0.820333, 0.874441, 0.919408, 0.939282

-0.0182054, -0.072104, -0.173573, -0.273227, -0.324711
-0.324711, -0.37525, -0.467938, -0.555734, -0.599764
-0.599764, -0.642048, -0.716977, -0.784411, -0.816721
-0.816722, -0.846654, -0.896567, -0.937106, -0.954568
-0.954568, -0.969251, -0.989311, -0.99903, -0.999951
-0.999951, -0.997961, -0.986227, -0.964183, -0.948475
-0.948474, -0.930005, -0.887613, -0.835942, -0.805125
-0.805125, -0.771965, -0.703021, -0.626728, -0.583788
-0.583788, -0.539149, -0.450331, -0.356806, -0.305903
-0.305902, -0.254109, -0.154021, -0.0523229, 0.00161362
0.00161381, 0.0555453, 0.157209, 0.257229, 0.308974
0.308974, 0.359819, 0.45321, 0.541864, 0.586405
0.586405, 0.629239, 0.705312, 0.774012, 0.807035
0.807035, 0.837709, 0.889095, 0.931186, 0.949492
0.949492, 0.965034, 0.986756, 0.998162, 0.999978
0.999978, 0.998883, 0.988836, 0.968451, 0.953601
0.953601, 0.935975, 0.895133, 0.844933, 0.814855
0.814855, 0.782405, 0.714724, 0.63957, 0.597179
0.597178, 0.553048, 0.465084, 0.372257, 0.321657
0.321657, 0.270121, 0.170394, 0.0688848, 0.0149785
0.0149783, -0.0389714, -0.140802, -0.24116, -0.293151
-0.293151, -0.344289, -0.438358, -0.527844, -0.572885
-0.572885, -0.616257, -0.693453, -0.7634, -0.797126
-0.797126, -0.828532, -0.881378, -0.925009, -0.944155
-0.944155, -0.960552, -0.983929, -0.997019, -0.999729
-0.999729, -0.999529, -0.991172, -0.972453, -0.958465
-0.958465, -0.941688, -0.902406, -0.853691, -0.824361
-0.82436, -0.792631, -0.72623, -0.652237, -0.610405
-0.610405, -0.566796, -0.479708, -0.387605, -0.337323
-0.337323, -0.286059, -0.186719, -0.0854278, -0.0315664
-0.0315662, 0.0223867, 0.124356, 0.225024, 0.277248
0.277248, 0.328664, 0.423385, 0.51368, 0.559206

0.571964, 0.526891, 0.437349, 0.343235, 0.292077
0.292078, 0.24007, 0.13969, 0.0378498, -0.0161007
-0.016101, -0.0700045, -0.1715, -0.271202, -0.32272
-0.32272, -0.373298, -0.466077, -0.553983, -0.598079
-0.598079, -0.640433, -0.715508, -0.783104, -0.815505
-0.815505, -0.845533, -0.895633, -0.93637, -0.953939
-0.953939, -0.96873, -0.989002, -0.998935, -0.99997
-0.99997, -0.998093, -0.986573, -0.964739, -0.949139
-0.949139, -0.930776, -0.88858, -0.837095, -0.806372
-0.806372, -0.773301, -0.704516, -0.628366, -0.585496
-0.585495, -0.54092, -0.45221, -0.358772, -0.307906
-0.307906, -0.256144, -0.1561, -0.0544246, -0.000491163
-0.000490969, 0.0534437, 0.15513, 0.255194, 0.306971
0.306971, 0.357854, 0.451333, 0.540094, 0.584699
0.584699, 0.627602, 0.703819, 0.772678, 0.80579
0.80579, 0.836557, 0.888129, 0.930417, 0.94883
0.94883, 0.96448, 0.986412, 0.998032, 0.999961
0.999961, 0.99898, 0.989147, 0.968974, 0.954233
0.954233, 0.936714, 0.896069, 0.846057, 0.816073
0.816073, 0.783714, 0.716194, 0.641187, 0.598866
0.598865, 0.554801, 0.466946, 0.37421, 0.323649
0.323649, 0.272147, 0.172467, 0.0709844, 0.017083
0.0170828, -0.0368681, -0.138717, -0.239116, -0.291138
-0.291138, -0.342312, -0.436465, -0.526056, -0.571158
-0.571158, -0.614598, -0.691935, -0.762039, -0.795854
-0.795854, -0.827352, -0.880382, -0.924208, -0.943459
-0.94346, -0.959965, -0.983551, -0.996854, -0.999678
-0.999678, -0.999592, -0.991449, -0.972941, -0.959063
-0.959063, -0.942394, -0.903311, -0.854785, -0.82555
-0.82555, -0.793912, -0.727675, -0.653831, -0.612071
-0.612071, -0.568529, -0.481554, -0.389544, -0.339304
-0.339303, -0.288075, -0.188787, -0.0875247, -0.0336701

0.944477, 0.925383, 0.881841, 0.829082, 0.797718
0.79772, 0.764034, 0.694161, 0.61703, 0.57369
0.573689, 0.528679, 0.439241, 0.345211, 0.29409
0.29409, 0.242113, 0.141774, 0.039953, -0.0139963
-0.0139964, -0.0679047, -0.169426, -0.269175, -0.320727
-0.320727, -0.371345, -0.464214, -0.55223, -0.59639
-0.596391, -0.638815, -0.714036, -0.781793, -0.814285
-0.814285, -0.844407, -0.894694, -0.935629, -0.953305
-0.953305, -0.968206, -0.988689, -0.998836, -0.999984
-0.999984, -0.998221, -0.986915, -0.965291, -0.9498
-0.9498, -0.931544, -0.889544, -0.838245, -0.807615
-0.807615, -0.774634, -0.706008, -0.630002, -0.587201
-0.5872, -0.542689, -0.454086, -0.360735, -0.309908
-0.309907, -0.258178, -0.158179, -0.0565262, -0.00259594
-0.00259575, 0.0513418, 0.15305, 0.253158, 0.304967
0.304967, 0.355888, 0.449454, 0.538321, 0.58299
0.58299, 0.625962, 0.702322, 0.77134, 0.804542
0.804542, 0.835402, 0.88716, 0.929643, 0.948163
0.948163, 0.963922, 0.986064, 0.997898, 0.999941
0.999941, 0.999073, 0.989454, 0.969492, 0.95486
0.95486, 0.937449, 0.897001, 0.847177, 0.817288
0.817288, 0.78502, 0.717662, 0.642801, 0.60055
0.60055, 0.556551, 0.468806, 0.376161, 0.32564
0.32564, 0.274172, 0.17454, 0.0730838, 0.0191874
0.0191872, -0.0347647, -0.136633, -0.237072, -0.289124
-0.289124, -0.340334, -0.434571, -0.524264, -0.569429
-0.569429, -0.612936, -0.690414, -0.760674, -0.794578
-0.794578, -0.826168, -0.879381, -0.923402, -0.94276
-0.94276, -0.959373, -0.983168, -0.996685, -0.999622
-0.999622, -0.99965, -0.991721, -0.973425, -0.959657
-0.959657, -0.943096, -0.904212, -0.855876, -0.826736
-0.826736, -0.79519, -0.729117, -0.655422, -0.613734

0.957579, 0.971729, 0.990758, 0.99943, 0.999795
0.999797, 0.997252, 0.984475, 0.961406, 0.945168
0.945168, 0.926178, 0.882832, 0.830257, 0.798987
0.798986, 0.76539, 0.695674, 0.618686, 0.575412
0.575412, 0.530464, 0.441131, 0.347186, 0.296101
0.296101, 0.244155, 0.143857, 0.042056, -0.0118917
-0.0118918, -0.0658046, -0.167351, -0.267147, -0.318732
-0.318733, -0.36939, -0.462349, -0.550474, -0.5947
-0.5947, -0.637194, -0.712561, -0.780479, -0.813062
-0.813062, -0.843277, -0.893752, -0.934884, -0.952667
-0.952667, -0.967677, -0.988371, -0.998732, -0.999994
-0.999994, -0.998344, -0.987252, -0.965839, -0.950456
-0.950456, -0.932307, -0.890504, -0.839391, -0.808854
-0.808854, -0.775963, -0.707497, -0.631636, -0.588903
-0.588903, -0.544456, -0.45596, -0.362698, -0.311908
-0.311908, -0.260211, -0.160257, -0.0586275, -0.0047007
-0.00470051, 0.0492397, 0.15097, 0.251122, 0.302962
0.302962, 0.35392, 0.447573, 0.536546, 0.581279
0.581279, 0.624319, 0.700822, 0.769999, 0.80329
0.80329, 0.834244, 0.886187, 0.928866, 0.947492
0.947492, 0.96336, 0.985712, 0.997759, 0.999916
0.999916, 0.999161, 0.989757, 0.970006, 0.955483
0.955483, 0.93818, 0.89793, 0.848293, 0.818499
0.818499, 0.786322, 0.719126, 0.644412, 0.602231
0.602231, 0.558298, 0.470664, 0.37811, 0.327629
0.327629, 0.276195, 0.176612, 0.0751827, 0.0212918
0.0212916, -0.0326611, -0.134547, -0.235027, -0.287108
-0.287108, -0.338354, -0.432674, -0.522471, -0.567698
-0.567698, -0.611272, -0.68889, -0.759306, -0.793298
-0.793298, -0.82498, -0.878377, -0.922592, -0.942056
-0.942056, -0.958777, -0.982781, -0.996512, -0.999562
-0.999562, -0.999703, -0.991989, -0.973905, -0.960247

0.606284, 0.648293, 0.722651, 0.789454, 0.82141
0.821411, 0.850976, 0.900157, 0.939928, 0.956972
0.956972, 0.971229, 0.99047, 0.999356, 0.999837
0.999836, 0.997406, 0.984842, 0.961983, 0.945853
0.945853, 0.92697, 0.883819, 0.831428, 0.800251
0.80025, 0.766743, 0.697185, 0.620338, 0.577132
0.577132, 0.532247, 0.443018, 0.349159, 0.298111
0.298111, 0.246195, 0.14594, 0.0441589, -0.00978699
-0.00978719, -0.0637043, -0.165275, -0.265118, -0.316737
-0.316737, -0.367433, -0.460481, -0.548715, -0.593006
-0.593006, -0.635571, -0.711083, -0.779161, -0.811834
-0.811835, -0.842144, -0.892806, -0.934135, -0.952025
-0.952025, -0.967144, -0.988049, -0.998624, -0.999999
-0.999999, -0.998463, -0.987585, -0.966382, -0.951109
-0.951108, -0.933066, -0.891459, -0.840533, -0.81009
-0.81009, -0.777289, -0.708983, -0.633266, -0.590603
-0.590603, -0.54622, -0.457832, -0.364658, -0.313907
-0.313907, -0.262242, -0.162334, -0.0607285, -0.00680545
-0.00680525, 0.0471373, 0.148889, 0.249084, 0.300956
0.300956, 0.351951, 0.44569, 0.534769, 0.579565
0.579565, 0.622674, 0.699319, 0.768654, 0.802035
0.802035, 0.833081, 0.88521, 0.928084, 0.946817
0.946817, 0.962793, 0.985355, 0.997616, 0.999886
0.999886, 0.999245, 0.990055, 0.970515, 0.956102
0.956102, 0.938906, 0.898854, 0.849406, 0.819706
0.819706, 0.787621, 0.720587, 0.64602, 0.60391
0.60391, 0.560043, 0.47252, 0.380058, 0.329617
0.329617, 0.278218, 0.178683, 0.0772814, 0.023396
0.0233958, -0.0305574, -0.132461, -0.232981, -0.285091
-0.285092, -0.336372, -0.430775, -0.520675, -0.565964
-0.565964, -0.609605, -0.687363, -0.757935, -0.792015
-0.792015, -0.823789, -0.877369, -0.921778, -0.941348

0.0242727, 0.0781556, 0.179546, 0.27906, 0.330445
0.330445, 0.380868, 0.473293, 0.560769, 0.604609
0.604609, 0.646689, 0.721194, 0.788161, 0.820208
0.820208, 0.849868, 0.899238, 0.939207, 0.956359
0.956359, 0.970726, 0.990178, 0.999279, 0.999872
0.999872, 0.997555, 0.985205, 0.962556, 0.946534
0.946534, 0.927757, 0.884801, 0.832596, 0.801511
0.801511, 0.768093, 0.698692, 0.621987, 0.57885
0.57885, 0.534028, 0.444904, 0.35113, 0.300119
0.300119, 0.248235, 0.148022, 0.0462615, -0.0076823
-0.00768249, -0.0616036, -0.163199, -0.263088, -0.31474
-0.31474, -0.365475, -0.458612, -0.546954, -0.59131
-0.59131, -0.633944, -0.709601, -0.77784, -0.810604
-0.810604, -0.841007, -0.891856, -0.933381, -0.951379
-0.951379, -0.966607, -0.987722, -0.998511, -1
-1, -0.998577, -0.987913, -0.966921, -0.951757
-0.951756, -0.933821, -0.892411, -0.841671, -0.811322
-0.811322, -0.778611, -0.710466, -0.634893, -0.5923
-0.5923, -0.547982, -0.459703, -0.366617, -0.315905
-0.315905, -0.264273, -0.16441, -0.0628292, -0.00891016
-0.00890997, 0.0450348, 0.146807, 0.247045, 0.298948
0.298948, 0.34998, 0.443805, 0.532989, 0.577848
0.577848, 0.621025, 0.697813, 0.767306, 0.800776
0.800776, 0.831915, 0.884229, 0.927298, 0.946137
0.946137, 0.962222, 0.984994, 0.997469, 0.999852
0.999852, 0.999325, 0.990349, 0.97102, 0.956717
0.956717, 0.939628, 0.899775, 0.850515, 0.82091
0.82091, 0.788916, 0.722044, 0.647625, 0.605587
0.605587, 0.561786, 0.474374, 0.382004, 0.331604
0.331603, 0.280239, 0.180754, 0.0793797, 0.0255002
0.0255, -0.0284535, -0.130375, -0.230933, -0.283073
-0.283074, -0.33439, -0.428875, -0.518877, -0.564227

-0.566975, -0.521723, -0.431883, -0.337529, -0.286268
-0.286268, -0.234175, -0.133678, -0.0317847, 0.0221684
0.0221686, 0.076057, 0.177475, 0.277038, 0.328458
0.328458, 0.378921, 0.471438, 0.559025, 0.602931
0.602931, 0.645082, 0.719735, 0.786863, 0.819002
0.819002, 0.848757, 0.898315, 0.938483, 0.955742
0.955742, 0.970218, 0.989882, 0.999197, 0.999904
0.999904, 0.9977, 0.985564, 0.963124, 0.947211
0.947211, 0.928541, 0.88578, 0.83376, 0.802768
0.802768, 0.769439, 0.700196, 0.623634, 0.580565
0.580565, 0.535806, 0.446788, 0.3531, 0.302126
0.302126, 0.250273, 0.150103, 0.0483639, -0.00557756
-0.00557776, -0.0595027, -0.161122, -0.261057, -0.312741
-0.312741, -0.363515, -0.45674, -0.545191, -0.589611
-0.589612, -0.632315, -0.708117, -0.776516, -0.809369
-0.809369, -0.839867, -0.890902, -0.932624, -0.950729
-0.950729, -0.966066, -0.987391, -0.998394, -0.999996
-0.999996, -0.998687, -0.988237, -0.967456, -0.9524
-0.9524, -0.934572, -0.893359, -0.842806, -0.812551
-0.812551, -0.779931, -0.711946, -0.636518, -0.593994
-0.593994, -0.549742, -0.461571, -0.368575, -0.317901
-0.317901, -0.266302, -0.166486, -0.0649297, -0.0110148
-0.0110146, 0.042932, 0.144725, 0.245005, 0.296938
0.296939, 0.348008, 0.441917, 0.531207, 0.576129
0.576129, 0.619374, 0.696304, 0.765954, 0.799514
0.799514, 0.830745, 0.883244, 0.926508, 0.945454
0.945454, 0.961647, 0.984629, 0.997317, 0.999814
0.999814, 0.9994, 0.990639, 0.971521, 0.957327
0.957327, 0.940347, 0.900691, 0.85162, 0.82211
0.82211, 0.790207, 0.723499, 0.649227, 0.60726
0.60726, 0.563526, 0.476226, 0.383948, 0.333589
0.333588, 0.282258, 0.182824, 0.0814777, 0.0276042

-0.942466, -0.923065, -0.878963, -0.825674, -0.794044
-0.794045, -0.760105, -0.68978, -0.612243, -0.568708
-0.568708, -0.523518, -0.433781, -0.339509, -0.288284
-0.288284, -0.23622, -0.135764, -0.0338884, 0.0200641
0.0200643, 0.0739582, 0.175403, 0.275015, 0.326469
0.326469, 0.376973, 0.46958, 0.557279, 0.601251
0.601251, 0.643472, 0.718272, 0.785563, 0.817793
0.817793, 0.847642, 0.897389, 0.937754, 0.95512
0.95512, 0.969706, 0.989581, 0.99911, 0.999931
0.999931, 0.997841, 0.985918, 0.963688, 0.947884
0.947884, 0.92932, 0.886755, 0.83492, 0.804021
0.804021, 0.770782, 0.701697, 0.625278, 0.582277
0.582277, 0.537582, 0.448671, 0.355069, 0.304132
0.304132, 0.25231, 0.152184, 0.0504661, -0.00347281
-0.003473, -0.0574015, -0.159045, -0.259025, -0.310741
-0.310741, -0.361553, -0.454867, -0.543426, -0.58791
-0.58791, -0.630683, -0.706629, -0.775188, -0.808131
-0.808132, -0.838723, -0.889944, -0.931862, -0.950074
-0.950074, -0.96552, -0.987056, -0.998273, -0.999988
-0.999988, -0.998793, -0.988557, -0.967986, -0.95304
-0.95304, -0.935319, -0.894302, -0.843937, -0.813776
-0.813776, -0.781246, -0.713422, -0.63814, -0.595686
-0.595686, -0.551498, -0.463437, -0.370531, -0.319896
-0.319896, -0.26833, -0.168561, -0.0670299, -0.0131195
-0.0131193, 0.0408291, 0.142642, 0.242964, 0.294928
0.294928, 0.346034, 0.440028, 0.529423, 0.574408
0.574408, 0.61772, 0.694792, 0.7646, 0.798248
0.798248, 0.829572, 0.882255, 0.925714, 0.944766
0.944766, 0.961068, 0.984259, 0.997161, 0.999771
0.999771, 0.99947, 0.990924, 0.972018, 0.957933
0.957933, 0.941061, 0.901604, 0.852721, 0.823307
0.823307, 0.791496, 0.72495, 0.650827, 0.608931

-0.95931, -0.973144, -0.991563, -0.999617, -0.999654
-0.999656, -0.996784, -0.983392, -0.959719, -0.943169
-0.943168, -0.923873, -0.879965, -0.826859, -0.795322
-0.795322, -0.761471, -0.691302, -0.613906, -0.570438
-0.570438, -0.52531, -0.435676, -0.341488, -0.290299
-0.290299, -0.238265, -0.137849, -0.0359919, 0.0179597
0.0179599, 0.071859, 0.173331, 0.272991, 0.324479
0.324479, 0.375022, 0.467721, 0.55553, 0.599568
0.599568, 0.64186, 0.716806, 0.784259, 0.81658
0.81658, 0.846524, 0.896458, 0.937021, 0.954495
0.954495, 0.96919, 0.989276, 0.999019, 0.999953
0.999953, 0.997977, 0.986268, 0.964248, 0.948552
0.948552, 0.930095, 0.887726, 0.836077, 0.805271
0.805271, 0.772121, 0.703195, 0.626919, 0.583987
0.583987, 0.539356, 0.450551, 0.357036, 0.306136
0.306136, 0.254346, 0.154263, 0.0525681, -0.00136803
-0.00136823, -0.0553001, -0.156966, -0.256991, -0.30874
-0.30874, -0.35959, -0.452992, -0.541657, -0.586206
-0.586206, -0.629048, -0.705138, -0.773857, -0.80689
-0.80689, -0.837575, -0.888982, -0.931097, -0.949415
-0.949415, -0.96497, -0.986716, -0.998147, -0.999976
-0.999976, -0.998894, -0.988872, -0.968513, -0.953675
-0.953675, -0.936062, -0.895242, -0.845064, -0.814997
-0.814997, -0.782558, -0.714895, -0.639759, -0.597376
-0.597375, -0.553253, -0.465301, -0.372485, -0.32189
-0.321889, -0.270357, -0.170635, -0.0691298, -0.015224
-0.0152238, 0.038726, 0.140558, 0.240921, 0.292916
0.292916, 0.344058, 0.438137, 0.527636, 0.572683
0.572683, 0.616064, 0.693276, 0.763241, 0.796978
0.796978, 0.828395, 0.881262, 0.924916, 0.944074
0.944074, 0.960484, 0.983885, 0.997, 0.999723
0.999723, 0.999537, 0.991204, 0.97251, 0.958535

-0.611099, -0.652902, -0.726832, -0.793165, -0.824856
-0.824857, -0.854147, -0.902784, -0.941982, -0.958715
-0.958715, -0.972657, -0.991288, -0.999556, -0.999708
-0.999708, -0.996951, -0.983772, -0.960308, -0.943866
-0.943866, -0.924676, -0.880963, -0.828041, -0.796597
-0.796596, -0.762833, -0.692821, -0.615566, -0.572166
-0.572166, -0.5271, -0.43757, -0.343466, -0.292313
-0.292312, -0.240309, -0.139933, -0.0380953, 0.0158552
0.0158554, 0.0697595, 0.171258, 0.270965, 0.322487
0.322487, 0.37307, 0.46586, 0.553779, 0.597882
0.597882, 0.640244, 0.715337, 0.782951, 0.815363
0.815363, 0.845401, 0.895523, 0.936283, 0.953865
0.953865, 0.968669, 0.988966, 0.998924, 0.999971
0.999971, 0.998108, 0.986613, 0.964804, 0.949217
0.949217, 0.930866, 0.888693, 0.837229, 0.806517
0.806517, 0.773457, 0.70469, 0.628557, 0.585695
0.585694, 0.541127, 0.452429, 0.359001, 0.308139
0.308139, 0.256381, 0.156343, 0.0546699, 0.000736745
0.000736551, -0.0531984, -0.154887, -0.254957, -0.306737
-0.306738, -0.357625, -0.451114, -0.539887, -0.5845
-0.5845, -0.627411, -0.703644, -0.772522, -0.805645
-0.805645, -0.836423, -0.888016, -0.930327, -0.948752
-0.948752, -0.964415, -0.986372, -0.998017, -0.999959
-0.999959, -0.998991, -0.989183, -0.969034, -0.954306
-0.954306, -0.9368, -0.896178, -0.846188, -0.816215
-0.816215, -0.783867, -0.716366, -0.641376, -0.599062
-0.599062, -0.555005, -0.467163, -0.374437, -0.323882
-0.323881, -0.272383, -0.172709, -0.0712294, -0.0173285
-0.0173283, 0.0366227, 0.138474, 0.238878, 0.290903
0.290903, 0.342081, 0.436244, 0.525847, 0.570957
0.570957, 0.614404, 0.691758, 0.76188, 0.795705
0.795705, 0.827214, 0.880265, 0.924114, 0.943378

-0.0303392, -0.0842043, -0.185513, -0.284882, -0.336167
-0.336167, -0.386473, -0.47863, -0.565784, -0.609432
-0.609432, -0.651306, -0.725385, -0.791881, -0.823665
-0.823665, -0.853051, -0.901876, -0.941274, -0.958114
-0.958114, -0.972166, -0.991008, -0.999491, -0.999757
-0.999757, -0.997113, -0.984147, -0.960893, -0.944559
-0.944559, -0.925475, -0.881957, -0.829219, -0.797867
-0.797867, -0.764193, -0.694337, -0.617224, -0.573891
-0.57389, -0.528887, -0.439461, -0.345442, -0.294325
-0.294325, -0.242351, -0.142017, -0.0401984, 0.0137507
0.0137509, 0.0676597, 0.169183, 0.268938, 0.320494
0.320494, 0.371117, 0.463996, 0.552025, 0.596193
0.596193, 0.638626, 0.713864, 0.78164, 0.814143
0.814143, 0.844275, 0.894585, 0.935542, 0.953231
0.953231, 0.968145, 0.988652, 0.998824, 0.999985
0.999985, 0.998235, 0.986954, 0.965355, 0.949877
0.949877, 0.931633, 0.889656, 0.838379, 0.807759
0.807759, 0.774789, 0.706182, 0.630193, 0.587399
0.587399, 0.542896, 0.454305, 0.360964, 0.310141
0.310141, 0.258415, 0.158421, 0.0567714, 0.00284152
0.00284133, -0.0510965, -0.152807, -0.252921, -0.304733
-0.304734, -0.355659, -0.449235, -0.538114, -0.582791
-0.582791, -0.62577, -0.702147, -0.771183, -0.804396
-0.804396, -0.835267, -0.887047, -0.929553, -0.948085
-0.948085, -0.963857, -0.986023, -0.997882, -0.999938
-0.999938, -0.999083, -0.98949, -0.969552, -0.954933
-0.954933, -0.937534, -0.89711, -0.847307, -0.817429
-0.817429, -0.785172, -0.717833, -0.642989, -0.600746
-0.600746, -0.556755, -0.469023, -0.376388, -0.325872
-0.325872, -0.274408, -0.174782, -0.0733287, -0.019433
-0.0194328, 0.0345193, 0.136389, 0.236834, 0.288889
0.288889, 0.340103, 0.434349, 0.524055, 0.569227

0.561966, 0.516536, 0.426402, 0.33181, 0.280448
0.280448, 0.22827, 0.127662, 0.0257185, -0.0282352
-0.0282354, -0.0821068, -0.183444, -0.282864, -0.334184
-0.334184, -0.384531, -0.476781, -0.564047, -0.607762
-0.607762, -0.649707, -0.723935, -0.790594, -0.822469
-0.82247, -0.851951, -0.900965, -0.940561, -0.957509
-0.957509, -0.971671, -0.990725, -0.999421, -0.999801
-0.999801, -0.99727, -0.984518, -0.961474, -0.945248
-0.945248, -0.926271, -0.882947, -0.830394, -0.799134
-0.799134, -0.765548, -0.695851, -0.618878, -0.575613
-0.575613, -0.530672, -0.441351, -0.347416, -0.296336
-0.296335, -0.244393, -0.1441, -0.0423014, 0.0116461
0.0116463, 0.0655596, 0.167109, 0.266911, 0.3185
0.3185, 0.369162, 0.462131, 0.550269, 0.594502
0.594502, 0.637005, 0.712389, 0.780325, 0.812919
0.812919, 0.843145, 0.893642, 0.934797, 0.952593
0.952593, 0.967615, 0.988334, 0.99872, 0.999994
0.999994, 0.998358, 0.987291, 0.965902, 0.950533
0.950533, 0.932396, 0.890615, 0.839524, 0.808998
0.808998, 0.776118, 0.707671, 0.631826, 0.589101
0.589101, 0.544662, 0.456179, 0.362927, 0.312141
0.312141, 0.260448, 0.160499, 0.0588726, 0.00494628
0.00494609, -0.0489944, -0.150727, -0.250884, -0.302728
-0.302728, -0.353691, -0.447353, -0.536339, -0.581079
-0.581079, -0.624127, -0.700647, -0.769842, -0.803144
-0.803144, -0.834108, -0.886073, -0.928775, -0.947413
-0.947413, -0.963294, -0.98567, -0.997743, -0.999912
-0.999912, -0.999171, -0.989792, -0.970065, -0.955556
-0.955556, -0.938265, -0.898038, -0.848423, -0.81864
-0.81864, -0.786474, -0.719296, -0.6446, -0.602428
-0.602427, -0.558502, -0.470881, -0.378337, -0.327861
-0.327861, -0.276431, -0.176854, -0.0754276, -0.0215373

0.94042, 0.920714, 0.876053, 0.822235, 0.79034
0.790342, 0.756147, 0.685373, 0.607434, 0.563706
0.563706, 0.518337, 0.428305, 0.333795, 0.282468
0.282468, 0.230319, 0.129749, 0.0278226, -0.0261312
-0.0261314, -0.0800089, -0.181375, -0.280844, -0.332199
-0.332199, -0.382587, -0.47493, -0.562308, -0.606089
-0.606089, -0.648106, -0.722481, -0.789304, -0.82127
-0.821271, -0.850847, -0.90005, -0.939844, -0.9569
-0.9569, -0.971171, -0.990436, -0.999348, -0.999841
-0.999841, -0.997424, -0.984885, -0.96205, -0.945933
-0.945933, -0.927062, -0.883934, -0.831565, -0.800398
-0.800398, -0.766901, -0.697361, -0.62053, -0.577333
-0.577333, -0.532455, -0.443239, -0.349389, -0.298345
-0.298345, -0.246433, -0.146183, -0.0444042, 0.00954142
0.00954162, 0.0634592, 0.165033, 0.264882, 0.316504
0.316504, 0.367205, 0.460263, 0.54851, 0.592808
0.592809, 0.635381, 0.71091, 0.779007, 0.811691
0.811691, 0.842012, 0.892696, 0.934047, 0.95195
0.95195, 0.967082, 0.988011, 0.998611, 0.999999
0.999999, 0.998477, 0.987623, 0.966445, 0.951184
0.951184, 0.933155, 0.89157, 0.840666, 0.810234
0.810234, 0.777443, 0.709156, 0.633456, 0.590801
0.590801, 0.546426, 0.458051, 0.364887, 0.31414
0.31414, 0.262479, 0.162576, 0.0609736, 0.00705102
0.00705083, -0.046892, -0.148646, -0.248846, -0.300721
-0.300722, -0.351721, -0.44547, -0.534561, -0.579365
-0.579365, -0.622481, -0.699144, -0.768497, -0.801888
-0.801888, -0.832945, -0.885095, -0.927993, -0.946738
-0.946738, -0.962727, -0.985313, -0.997599, -0.999882
-0.999882, -0.999255, -0.99009, -0.970574, -0.956174
-0.956174, -0.938991, -0.898962, -0.849535, -0.819847
-0.819847, -0.787772, -0.720757, -0.646207, -0.604106

0.961006, 0.974523, 0.992331, 0.999766, 0.999477
0.999478, 0.99628, 0.982272, 0.957996, 0.941134
0.941134, 0.921533, 0.877066, 0.823431, 0.791629
0.791629, 0.757523, 0.686904, 0.609104, 0.565443
0.565443, 0.520136, 0.430206, 0.335778, 0.284486
0.284486, 0.232367, 0.131836, 0.0299265, -0.0240271
-0.0240273, -0.0779107, -0.179305, -0.278824, -0.330213
-0.330213, -0.380641, -0.473076, -0.560566, -0.604413
-0.604414, -0.646501, -0.721024, -0.788009, -0.820068
-0.820068, -0.849739, -0.899131, -0.939123, -0.956287
-0.956287, -0.970667, -0.990144, -0.999269, -0.999876
-0.999876, -0.997572, -0.985247, -0.962622, -0.946613
-0.946613, -0.927849, -0.884916, -0.832732, -0.801658
-0.801658, -0.76825, -0.698868, -0.622179, -0.57905
-0.57905, -0.534235, -0.445124, -0.35136, -0.300353
-0.300353, -0.248472, -0.148265, -0.0465068, 0.00743672
0.00743692, 0.0613585, 0.162957, 0.262851, 0.314507
0.314507, 0.365246, 0.458394, 0.546749, 0.591112
0.591112, 0.633754, 0.709428, 0.777686, 0.81046
0.81046, 0.840875, 0.891745, 0.933293, 0.951303
0.951303, 0.966544, 0.987684, 0.998498, 1
1, 0.99859, 0.987951, 0.966984, 0.951832
0.951832, 0.933909, 0.892522, 0.841804, 0.811466
0.811466, 0.778766, 0.710639, 0.635083, 0.592498
0.592498, 0.548188, 0.459921, 0.366846, 0.316138
0.316138, 0.26451, 0.164653, 0.0630743, 0.00915573
0.00915554, -0.0447894, -0.146564, -0.246807, -0.298713
-0.298714, -0.34975, -0.443584, -0.532781, -0.577648
-0.577648, -0.620833, -0.697637, -0.767148, -0.800629
-0.800629, -0.831779, -0.884114, -0.927206, -0.946058
-0.946058, -0.962155, -0.984952, -0.997451, -0.999848
-0.999848, -0.999334, -0.990383, -0.971079, -0.956788

0.615891, 0.657486, 0.730987, 0.796846, 0.828272
0.828273, 0.857287, 0.905377, 0.944002, 0.960423
0.960423, 0.974048, 0.992069, 0.999718, 0.999543
0.999543, 0.996459, 0.982665, 0.958598, 0.941844
0.941844, 0.922348, 0.878075, 0.824623, 0.792913
0.792913, 0.758895, 0.688432, 0.610772, 0.567178
0.567178, 0.521933, 0.432105, 0.33776, 0.286503
0.286503, 0.234413, 0.133922, 0.0320302, -0.0219229
-0.0219231, -0.0758121, -0.177233, -0.276802, -0.328226
-0.328226, -0.378694, -0.471221, -0.558822, -0.602735
-0.602735, -0.644894, -0.719564, -0.786712, -0.818861
-0.818862, -0.848627, -0.898208, -0.938398, -0.955669
-0.955669, -0.970159, -0.989847, -0.999187, -0.999907
-0.999907, -0.997717, -0.985605, -0.96319, -0.94729
-0.94729, -0.928632, -0.885894, -0.833895, -0.802914
-0.802914, -0.769596, -0.700372, -0.623826, -0.580765
-0.580765, -0.536013, -0.447008, -0.35333, -0.30236
-0.30236, -0.250511, -0.150346, -0.0486092, 0.00533199
0.00533218, 0.0592576, 0.16088, 0.26082, 0.312508
0.312508, 0.363286, 0.456522, 0.544985, 0.589413
0.589413, 0.632125, 0.707943, 0.776361, 0.809225
0.809225, 0.839734, 0.890791, 0.932535, 0.950652
0.950652, 0.966002, 0.987352, 0.99838, 0.999996
0.999996, 0.9987, 0.988275, 0.967518, 0.952475
0.952475, 0.93466, 0.893469, 0.842938, 0.812694
0.812694, 0.780084, 0.712118, 0.636708, 0.594192
0.594192, 0.549947, 0.461789, 0.368803, 0.318134
0.318134, 0.266539, 0.166728, 0.0651748, 0.0112604
0.0112602, -0.0426867, -0.144482, -0.244767, -0.296704
-0.296704, -0.347778, -0.441697, -0.530999, -0.575928
-0.575929, -0.619181, -0.696128, -0.765796, -0.799366
-0.799366, -0.830609, -0.883128, -0.926416, -0.945374

0.0364046, 0.0902499, 0.191473, 0.290694, 0.341876
0.341876, 0.392063, 0.48395, 0.570777, 0.614232
0.614232, 0.655899, 0.729549, 0.795573, 0.827091
0.827091, 0.856202, 0.904482, 0.943306, 0.959835
0.959835, 0.97357, 0.991802, 0.999666, 0.999605
0.999605, 0.996634, 0.983053, 0.959195, 0.942549
0.942549, 0.923159, 0.879081, 0.825812, 0.794194
0.794194, 0.760264, 0.689957, 0.612438, 0.56891
0.56891, 0.523727, 0.434002, 0.33974, 0.288519
0.288519, 0.236459, 0.136007, 0.0341339, -0.0198186
-0.0198188, -0.0737133, -0.175162, -0.274779, -0.326237
-0.326237, -0.376745, -0.469364, -0.557075, -0.601054
-0.601055, -0.643284, -0.718101, -0.785411, -0.817652
-0.817652, -0.847512, -0.89728, -0.937668, -0.955047
-0.955048, -0.969646, -0.989545, -0.9991, -0.999934
-0.999934, -0.997857, -0.985959, -0.963754, -0.947962
-0.947962, -0.929411, -0.886869, -0.835055, -0.804167
-0.804167, -0.770938, -0.701872, -0.62547, -0.582477
-0.582477, -0.537789, -0.44889, -0.355298, -0.304366
-0.304366, -0.252548, -0.152426, -0.0507114, 0.00322723
0.00322742, 0.0571564, 0.158802, 0.258788, 0.310508
0.310508, 0.361324, 0.454648, 0.543219, 0.587711
0.587712, 0.630492, 0.706455, 0.775033, 0.807987
0.807987, 0.838589, 0.889832, 0.931773, 0.949997
0.949997, 0.965456, 0.987016, 0.998258, 0.999987
0.999987, 0.998805, 0.988594, 0.968048, 0.953114
0.953114, 0.935406, 0.894412, 0.844069, 0.813919
0.813918, 0.781399, 0.713594, 0.638329, 0.595884
0.595883, 0.551703, 0.463654, 0.370759, 0.320129
0.320129, 0.268567, 0.168803, 0.0672749, 0.013365
0.0133648, -0.0405837, -0.142399, -0.242725, -0.294693
-0.294694, -0.345803, -0.439808, -0.529214, -0.574206

-0.556935, -0.51133, -0.420904, -0.326079, -0.274617
-0.274618, -0.222358, -0.12164, -0.0196513, 0.034301
0.0343012, 0.0881535, 0.189407, 0.28868, 0.339897
0.339898, 0.390126, 0.482107, 0.569048, 0.61257
0.61257, 0.654309, 0.728108, 0.794296, 0.825906
0.825906, 0.855113, 0.903582, 0.942605, 0.959242
0.959242, 0.973087, 0.991531, 0.999609, 0.999662
0.999662, 0.996804, 0.983436, 0.959788, 0.94325
0.94325, 0.923967, 0.880082, 0.826997, 0.795471
0.795471, 0.76163, 0.691479, 0.6141, 0.57064
0.57064, 0.525519, 0.435897, 0.341719, 0.290534
0.290534, 0.238504, 0.138092, 0.0362373, -0.0177142
-0.0177144, -0.071614, -0.173089, -0.272754, -0.324247
-0.324247, -0.374795, -0.467504, -0.555326, -0.599371
-0.599371, -0.641671, -0.716635, -0.784106, -0.816438
-0.816438, -0.846393, -0.896349, -0.936935, -0.954421
-0.954421, -0.96913, -0.98924, -0.999008, -0.999956
-0.999956, -0.997992, -0.986308, -0.964313, -0.94863
-0.94863, -0.930185, -0.887839, -0.836211, -0.805416
-0.805416, -0.772277, -0.70337, -0.62711, -0.584187
-0.584186, -0.539562, -0.45077, -0.357265, -0.30637
-0.30637, -0.254584, -0.154506, -0.0528133, 0.00112245
0.00112265, 0.0550549, 0.156724, 0.256754, 0.308506
0.308507, 0.359361, 0.452773, 0.541451, 0.586007
0.586007, 0.628857, 0.704964, 0.773701, 0.806745
0.806745, 0.83744, 0.88887, 0.931007, 0.949338
0.949338, 0.964905, 0.986676, 0.998132, 0.999974
0.999974, 0.998906, 0.988909, 0.968574, 0.953749
0.953749, 0.936148, 0.895352, 0.845195, 0.81514
0.815139, 0.782711, 0.715067, 0.639948, 0.597573
0.597572, 0.553458, 0.465518, 0.372713, 0.322122
0.322122, 0.270594, 0.170877, 0.0693748, 0.0154696

-0.938339, -0.918329, -0.873111, -0.818766, -0.786608
-0.786609, -0.752162, -0.680941, -0.602602, -0.558683
-0.558683, -0.513138, -0.422813, -0.328068, -0.276641
-0.276641, -0.224409, -0.123729, -0.0217557, 0.0321974
0.0321976, 0.0860567, 0.18734, 0.286664, 0.337917
0.337917, 0.388187, 0.480262, 0.567316, 0.610905
0.610905, 0.652716, 0.726664, 0.793015, 0.824718
0.824718, 0.85402, 0.902678, 0.9419, 0.958645
0.958645, 0.9726, 0.991255, 0.999548, 0.999714
0.999714, 0.99697, 0.983816, 0.960377, 0.943947
0.943947, 0.924769, 0.881079, 0.828179, 0.796745
0.796745, 0.762992, 0.692998, 0.61576, 0.572367
0.572367, 0.527308, 0.43779, 0.343696, 0.292547
0.292547, 0.240547, 0.140176, 0.0383407, -0.0156097
-0.0156099, -0.0695145, -0.171016, -0.270729, -0.322255
-0.322255, -0.372843, -0.465642, -0.553574, -0.597685
-0.597685, -0.640056, -0.715165, -0.782798, -0.815221
-0.815221, -0.84527, -0.895414, -0.936197, -0.953791
-0.953791, -0.968608, -0.98893, -0.998912, -0.999973
-0.999973, -0.998123, -0.986653, -0.964869, -0.949294
-0.949294, -0.930956, -0.888806, -0.837364, -0.806662
-0.806662, -0.773612, -0.704865, -0.628748, -0.585894
-0.585893, -0.541333, -0.452648, -0.35923, -0.308373
-0.308373, -0.256619, -0.156585, -0.0549151, -0.000982326
-0.000982132, 0.0529532, 0.154645, 0.254719, 0.306504
0.306504, 0.357396, 0.450895, 0.53968, 0.5843
0.5843, 0.627219, 0.70347, 0.772366, 0.805499
0.805499, 0.836288, 0.887904, 0.930237, 0.948674
0.948674, 0.964351, 0.986331, 0.998001, 0.999957
0.999957, 0.999002, 0.989219, 0.969095, 0.95438
0.954379, 0.936886, 0.896287, 0.846318, 0.816357
0.816357, 0.784019, 0.716537, 0.641564, 0.599259

-0.962667, -0.975866, -0.993063, -0.999879, -0.999262
-0.999264, -0.995738, -0.981117, -0.956238, -0.939066
-0.939066, -0.91916, -0.874135, -0.819972, -0.787906
-0.787906, -0.753547, -0.682481, -0.60428, -0.560427
-0.560427, -0.514943, -0.424719, -0.330055, -0.278663
-0.278663, -0.22646, -0.125817, -0.0238599, 0.0300937
0.0300938, 0.0839595, 0.185272, 0.284647, 0.335935
0.335936, 0.386246, 0.478414, 0.565581, 0.609237
0.609237, 0.651119, 0.725216, 0.791731, 0.823526
0.823526, 0.852923, 0.90177, 0.941191, 0.958044
0.958044, 0.972108, 0.990975, 0.999483, 0.999762
0.999762, 0.997131, 0.984191, 0.960961, 0.94464
0.94464, 0.925568, 0.882073, 0.829356, 0.798015
0.798015, 0.764351, 0.694514, 0.617417, 0.574092
0.574092, 0.529095, 0.439682, 0.345672, 0.294559
0.294559, 0.242589, 0.14226, 0.0404438, -0.0135051
-0.0135053, -0.0674147, -0.168941, -0.268702, -0.320262
-0.320262, -0.370889, -0.463779, -0.55182, -0.595996
-0.595996, -0.638437, -0.713692, -0.781487, -0.814
-0.814, -0.844144, -0.894475, -0.935455, -0.953157
-0.953157, -0.968083, -0.988615, -0.998812, -0.999986
-0.999986, -0.99825, -0.986994, -0.965419, -0.949954
-0.949953, -0.931722, -0.889768, -0.838512, -0.807904
-0.807904, -0.774944, -0.706356, -0.630384, -0.587598
-0.587598, -0.543102, -0.454523, -0.361194, -0.310375
-0.310374, -0.258652, -0.158664, -0.0570165, -0.0030871
-0.00308691, 0.0508512, 0.152565, 0.252683, 0.304499
0.3045, 0.355429, 0.449015, 0.537907, 0.582591
0.582591, 0.625579, 0.701972, 0.771027, 0.80425
0.80425, 0.835132, 0.886933, 0.929462, 0.948007
0.948007, 0.963791, 0.985982, 0.997866, 0.999935
0.999935, 0.999094, 0.989525, 0.969612, 0.955006

-0.620661, -0.662047, -0.735115, -0.800498, -0.831657
-0.831658, -0.860396, -0.907937, -0.945987, -0.962096
-0.962096, -0.975404, -0.992813, -0.999844, -0.999342
-0.999342, -0.99593, -0.981521, -0.956852, -0.939787
-0.939787, -0.919987, -0.875155, -0.821175, -0.789201
-0.789201, -0.754929, -0.684018, -0.605956, -0.562169
-0.562169, -0.516746, -0.426624, -0.332041, -0.280684
-0.280684, -0.228509, -0.127905, -0.025964, 0.0279898
0.02799, 0.081862, 0.183203, 0.282628, 0.333952
0.333952, 0.384304, 0.476565, 0.563844, 0.607567
0.607567, 0.649521, 0.723765, 0.790444, 0.82233
0.82233, 0.851822, 0.900859, 0.940478, 0.957439
0.957439, 0.971612, 0.990691, 0.999413, 0.999806
0.999806, 0.997289, 0.984561, 0.961541, 0.945328
0.945328, 0.926363, 0.883063, 0.830531, 0.799282
0.799282, 0.765706, 0.696027, 0.619071, 0.575814
0.575814, 0.53088, 0.441571, 0.347646, 0.29657
0.29657, 0.244631, 0.144343, 0.0425468, -0.0114005
-0.0114007, -0.0653145, -0.166867, -0.266674, -0.318267
-0.318267, -0.368933, -0.461913, -0.550064, -0.594305
-0.594305, -0.636816, -0.712217, -0.780172, -0.812776
-0.812776, -0.843013, -0.893532, -0.934709, -0.952518
-0.952518, -0.967553, -0.988296, -0.998707, -0.999995
-0.999995, -0.998372, -0.98733, -0.965966, -0.950609
-0.950609, -0.932485, -0.890727, -0.839657, -0.809143
-0.809143, -0.776273, -0.707844, -0.632016, -0.5893
-0.5893, -0.544868, -0.456397, -0.363155, -0.312375
-0.312375, -0.260685, -0.160741, -0.0591178, -0.00519186
-0.00519167, 0.0487491, 0.150484, 0.250646, 0.302494
0.302494, 0.353461, 0.447134, 0.536132, 0.580879
0.580879, 0.623935, 0.700472, 0.769685, 0.802998
0.802998, 0.833973, 0.885959, 0.928684, 0.947335

-0.0424686, -0.0962922, -0.197426, -0.296495, -0.347573
-0.347573, -0.397638, -0.489252, -0.57575, -0.61901
-0.61901, -0.660468, -0.733686, -0.799235, -0.830487
-0.830487, -0.859322, -0.907053, -0.945303, -0.96152
-0.96152, -0.974938, -0.992559, -0.999804, -0.999416
-0.999416, -0.996118, -0.981922, -0.957461, -0.940504
-0.940504, -0.92081, -0.876172, -0.822374, -0.790492
-0.790492, -0.756308, -0.685552, -0.607629, -0.563909
-0.563909, -0.518547, -0.428527, -0.334026, -0.282703
-0.282703, -0.230558, -0.129992, -0.0280681, 0.0258857
0.0258859, 0.0797641, 0.181133, 0.280609, 0.331968
0.331968, 0.38236, 0.474714, 0.562105, 0.605894
0.605894, 0.647919, 0.722311, 0.789153, 0.82113
0.82113, 0.850718, 0.899943, 0.93976, 0.956829
0.956829, 0.971112, 0.990402, 0.999339, 0.999845
0.999845, 0.997441, 0.984927, 0.962117, 0.946012
0.946012, 0.927154, 0.884048, 0.831701, 0.800545
0.800545, 0.767059, 0.697537, 0.620723, 0.577533
0.577533, 0.532663, 0.443459, 0.349619, 0.29858
0.298579, 0.246671, 0.146426, 0.0446495, -0.00929585
-0.00929605, -0.0632141, -0.164791, -0.264645, -0.316271
-0.316271, -0.366976, -0.460045, -0.548305, -0.592611
-0.592611, -0.635191, -0.710737, -0.778853, -0.811548
-0.811548, -0.841879, -0.892585, -0.933959, -0.951875
-0.951875, -0.967019, -0.987973, -0.998598, -1
-0.999999, -0.99849, -0.987662, -0.966508, -0.95126
-0.95126, -0.933243, -0.891682, -0.840799, -0.810378
-0.810378, -0.777598, -0.70933, -0.633646, -0.590999
-0.590999, -0.546632, -0.458269, -0.365116, -0.314374
-0.314373, -0.262716, -0.162819, -0.0612187, -0.0072966
-0.00729641, 0.0466467, 0.148403, 0.248608, 0.300487
0.300487, 0.351491, 0.44525, 0.534354, 0.579164

0.551885, 0.506106, 0.415392, 0.320336, 0.268777
0.268778, 0.216437, 0.115614, 0.0135834, -0.0403655
-0.0403657, -0.0941969, -0.195362, -0.294485, -0.345598
-0.345599, -0.395706, -0.487415, -0.574028, -0.617355
-0.617356, -0.658886, -0.732255, -0.797968, -0.829313
-0.829313, -0.858243, -0.906165, -0.944614, -0.960939
-0.960939, -0.974467, -0.992301, -0.999761, -0.999485
-0.999485, -0.996301, -0.982318, -0.958066, -0.941217
-0.941217, -0.921628, -0.877184, -0.82357, -0.791779
-0.791779, -0.757683, -0.687083, -0.609299, -0.565646
-0.565646, -0.520346, -0.430427, -0.336009, -0.284722
-0.284722, -0.232606, -0.132079, -0.0301719, 0.0237816
0.0237818, 0.0776659, 0.179063, 0.278588, 0.329981
0.329982, 0.380414, 0.47286, 0.560363, 0.604218
0.604218, 0.646314, 0.720854, 0.787858, 0.819927
0.819927, 0.849609, 0.899023, 0.939039, 0.956215
0.956215, 0.970608, 0.990109, 0.99926, 0.99988
0.99988, 0.997589, 0.985289, 0.962689, 0.946693
0.946692, 0.92794, 0.88503, 0.832868, 0.801805
0.801804, 0.768407, 0.699043, 0.622372, 0.57925
0.57925, 0.534443, 0.445344, 0.35159, 0.300588
0.300588, 0.24871, 0.148507, 0.0467521, -0.00719115
-0.00719134, -0.0611134, -0.162715, -0.262615, -0.314273
-0.314274, -0.365017, -0.458175, -0.546543, -0.590914
-0.590914, -0.633564, -0.709255, -0.777532, -0.810316
-0.810316, -0.840742, -0.891634, -0.933205, -0.951228
-0.951228, -0.966481, -0.987645, -0.998484, -0.999999
-0.999999, -0.998604, -0.987989, -0.967046, -0.951907
-0.951907, -0.933997, -0.892632, -0.841936, -0.811609
-0.811609, -0.77892, -0.710812, -0.635273, -0.592696
-0.592695, -0.548393, -0.460139, -0.367074, -0.316371
-0.316371, -0.264747, -0.164895, -0.0633194, -0.0094013

0.936224, 0.91591, 0.870136, 0.815266, 0.782846
0.782847, 0.748149, 0.676484, 0.597748, 0.55364
0.553639, 0.50792, 0.417305, 0.322329, 0.270804
0.270804, 0.218491, 0.117705, 0.015688, -0.0382624
-0.0382626, -0.0921013, -0.193297, -0.292472, -0.343623
-0.343623, -0.393772, -0.485576, -0.572303, -0.615698
-0.615698, -0.657301, -0.730819, -0.796698, -0.828135
-0.828135, -0.857161, -0.905273, -0.943921, -0.960355
-0.960355, -0.973993, -0.992038, -0.999712, -0.999551
-0.999551, -0.996479, -0.98271, -0.958667, -0.941926
-0.941926, -0.922443, -0.878193, -0.824762, -0.793063
-0.793063, -0.759055, -0.68861, -0.610967, -0.56738
-0.56738, -0.522142, -0.432326, -0.337991, -0.286739
-0.286739, -0.234652, -0.134165, -0.0322757, 0.0216774
0.0216776, 0.0755673, 0.176992, 0.276566, 0.327994
0.327994, 0.378467, 0.471004, 0.558618, 0.602539
0.602539, 0.644707, 0.719394, 0.78656, 0.81872
0.818721, 0.848497, 0.8981, 0.938313, 0.955597
0.955597, 0.970099, 0.989812, 0.999177, 0.99991
0.99991, 0.997733, 0.985647, 0.963256, 0.947368
0.947368, 0.928723, 0.886008, 0.834031, 0.803061
0.80306, 0.769752, 0.700547, 0.624018, 0.580965
0.580965, 0.536221, 0.447228, 0.35356, 0.302594
0.302594, 0.250748, 0.150588, 0.0488545, -0.00508641
-0.0050866, -0.0590124, -0.160637, -0.260583, -0.312275
-0.312275, -0.363057, -0.456303, -0.544779, -0.589215
-0.589215, -0.631934, -0.70777, -0.776206, -0.809081
-0.809081, -0.8396, -0.890679, -0.932447, -0.950576
-0.950576, -0.965939, -0.987313, -0.998366, -0.999995
-0.999995, -0.998712, -0.988312, -0.96758, -0.95255
-0.95255, -0.934747, -0.893579, -0.84307, -0.812837
-0.812837, -0.780238, -0.712291, -0.636897, -0.594389

0.964292, 0.977173, 0.993758, 0.999955, 0.999011
0.999012, 0.99516, 0.979925, 0.954445, 0.936962
0.936962, 0.916752, 0.871171, 0.816483, 0.784155
0.784155, 0.749544, 0.678033, 0.599434, 0.555391
0.555391, 0.509732, 0.419217, 0.324321, 0.27283
0.272829, 0.220545, 0.119795, 0.0177925, -0.0361591
-0.0361593, -0.0900053, -0.191232, -0.290459, -0.341645
-0.341645, -0.391837, -0.483735, -0.570576, -0.614038
-0.614038, -0.655714, -0.729381, -0.795424, -0.826953
-0.826953, -0.856075, -0.904377, -0.943224, -0.959766
-0.959766, -0.973514, -0.991771, -0.99966, -0.999612
-0.999612, -0.996654, -0.983098, -0.959264, -0.942631
-0.942631, -0.923254, -0.879198, -0.82595, -0.794343
-0.794343, -0.760424, -0.690135, -0.612632, -0.569112
-0.569112, -0.523936, -0.434223, -0.339971, -0.288755
-0.288754, -0.236698, -0.136251, -0.0343793, 0.0195731
0.0195732, 0.0734683, 0.17492, 0.274543, 0.326005
0.326005, 0.376518, 0.469147, 0.556871, 0.600858
0.600858, 0.643096, 0.71793, 0.785259, 0.81751
0.81751, 0.847382, 0.897172, 0.937583, 0.954975
0.954975, 0.969586, 0.98951, 0.999089, 0.999936
0.999936, 0.997873, 0.986, 0.96382, 0.94804
0.94804, 0.929501, 0.886982, 0.83519, 0.804313
0.804313, 0.771094, 0.702047, 0.625661, 0.582677
0.582676, 0.537996, 0.449109, 0.355528, 0.3046
0.3046, 0.252785, 0.152669, 0.0509567, -0.00298165
-0.00298184, -0.0569112, -0.15856, -0.25855, -0.310274
-0.310275, -0.361095, -0.45443, -0.543013, -0.587513
-0.587513, -0.630302, -0.706281, -0.774877, -0.807842
-0.807842, -0.838455, -0.88972, -0.931684, -0.949921
-0.949921, -0.965392, -0.986977, -0.998244, -0.999986
-0.999986, -0.998817, -0.988631, -0.96811, -0.953188

0.625408, 0.666583, 0.739215, 0.804121, 0.835011
0.835013, 0.863473, 0.910464, 0.947937, 0.963733
0.963733, 0.976724, 0.993521, 0.999933, 0.999103
0.999103, 0.995365, 0.980342, 0.955071, 0.937696
0.937696, 0.917591, 0.872203, 0.817697, 0.785459
0.785459, 0.750935, 0.679578, 0.601117, 0.55714
0.55714, 0.511541, 0.421127, 0.326311, 0.274854
0.274854, 0.222597, 0.121884, 0.0198969, -0.0340556
-0.0340558, -0.0879088, -0.189165, -0.288444, -0.339666
-0.339667, -0.3899, -0.481892, -0.568846, -0.612376
-0.612376, -0.654123, -0.72794, -0.794146, -0.825768
-0.825768, -0.854985, -0.903477, -0.942523, -0.959173
-0.959173, -0.97303, -0.991499, -0.999603, -0.999668
-0.999668, -0.996824, -0.983481, -0.959857, -0.943332
-0.943331, -0.92406, -0.880199, -0.827135, -0.79562
-0.79562, -0.761789, -0.691657, -0.614294, -0.570842
-0.570841, -0.525728, -0.436118, -0.34195, -0.290769
-0.290769, -0.238742, -0.138335, -0.0364828, 0.0174686
0.0174688, 0.0713691, 0.172847, 0.272518, 0.324014
0.324014, 0.374567, 0.467287, 0.555122, 0.599174
0.599175, 0.641483, 0.716463, 0.783954, 0.816296
0.816296, 0.846262, 0.89624, 0.936849, 0.954348
0.954348, 0.969069, 0.989204, 0.998997, 0.999958
0.999958, 0.998008, 0.986349, 0.964378, 0.948708
0.948708, 0.930275, 0.887952, 0.836346, 0.805562
0.805562, 0.772433, 0.703545, 0.627302, 0.584386
0.584386, 0.539769, 0.450989, 0.357494, 0.306604
0.306604, 0.254821, 0.154749, 0.0530586, -0.000876871
-0.000877065, -0.0548097, -0.156481, -0.256517, -0.308273
-0.308273, -0.359132, -0.452554, -0.541245, -0.585808
-0.585808, -0.628666, -0.70479, -0.773545, -0.8066
-0.8066, -0.837306, -0.888757, -0.930917, -0.949261

0.048531, 0.102331, 0.203371, 0.302286, 0.353257
0.353257, 0.403199, 0.494535, 0.580701, 0.623765
0.623765, 0.665012, 0.737796, 0.802867, 0.833852
0.833852, 0.862409, 0.909592, 0.947265, 0.963169
0.963169, 0.97627, 0.99328, 0.999906, 0.99919
0.99919, 0.995565, 0.980755, 0.955692, 0.938425
0.938425, 0.918426, 0.87323, 0.818906, 0.78676
0.78676, 0.752324, 0.681121, 0.602798, 0.558887
0.558886, 0.513349, 0.423035, 0.3283, 0.276877
0.276877, 0.224649, 0.123973, 0.0220012, -0.031952
-0.0319521, -0.085812, -0.187098, -0.286428, -0.337686
-0.337686, -0.38796, -0.480046, -0.567113, -0.61071
-0.610711, -0.652529, -0.726495, -0.792866, -0.824579
-0.824579, -0.853892, -0.902572, -0.941817, -0.958575
-0.958575, -0.972543, -0.991223, -0.999541, -0.99972
-0.99972, -0.996989, -0.98386, -0.960445, -0.944028
-0.944028, -0.924863, -0.881196, -0.828316, -0.796893
-0.796893, -0.763151, -0.693175, -0.615953, -0.572568
-0.572568, -0.527517, -0.438011, -0.343927, -0.292782
-0.292782, -0.240785, -0.14042, -0.0385861, 0.0153641
0.0153643, 0.0692695, 0.170774, 0.270492, 0.322022
0.322022, 0.372615, 0.465425, 0.55337, 0.597488
0.597488, 0.639867, 0.714993, 0.782645, 0.815079
0.815079, 0.845139, 0.895305, 0.936111, 0.953717
0.953717, 0.968547, 0.988893, 0.998901, 0.999975
0.999975, 0.998138, 0.986693, 0.964933, 0.949371
0.949371, 0.931046, 0.888918, 0.837498, 0.806807
0.806807, 0.773768, 0.705039, 0.628939, 0.586093
0.586092, 0.54154, 0.452867, 0.359459, 0.308607
0.308607, 0.256856, 0.156828, 0.0551603, 0.00122791
0.00122771, -0.052708, -0.154402, -0.254482, -0.30627
-0.30627, -0.357166, -0.450676, -0.539474, -0.584101

-0.546814, -0.500862, -0.409864, -0.314581, -0.262927
-0.262927, -0.210508, -0.109584, -0.00751501, 0.0464285
0.0464288, 0.100237, 0.20131, 0.300279, 0.351287
0.351287, 0.401272, 0.492705, 0.578986, 0.622118
0.622118, 0.663439, 0.736374, 0.801611, 0.832689
0.832689, 0.861342, 0.908715, 0.946588, 0.962601
0.962601, 0.975812, 0.993034, 0.999875, 0.999272
0.999272, 0.995761, 0.981164, 0.95631, 0.93915
0.93915, 0.919256, 0.874254, 0.820113, 0.788058
0.788058, 0.753709, 0.682661, 0.604476, 0.560631
0.560631, 0.515154, 0.424942, 0.330287, 0.278899
0.278899, 0.226699, 0.126061, 0.0241054, -0.0298482
-0.0298484, -0.0837148, -0.18503, -0.284411, -0.335704
-0.335704, -0.38602, -0.478199, -0.565379, -0.609042
-0.609042, -0.650933, -0.725047, -0.791581, -0.823386
-0.823386, -0.852794, -0.901664, -0.941108, -0.957974
-0.957974, -0.972051, -0.990943, -0.999475, -0.999768
-0.999768, -0.99715, -0.984234, -0.961029, -0.94472
-0.94472, -0.925661, -0.882189, -0.829494, -0.798163
-0.798163, -0.764509, -0.694691, -0.61761, -0.574293
-0.574293, -0.529304, -0.439902, -0.345902, -0.294794
-0.294794, -0.242828, -0.142503, -0.0406892, 0.0132596
0.0132598, 0.0671696, 0.168699, 0.268465, 0.320029
0.320029, 0.370661, 0.463561, 0.551615, 0.595799
0.595799, 0.638248, 0.71352, 0.781333, 0.813857
0.813857, 0.844012, 0.894365, 0.935369, 0.953082
0.953082, 0.968022, 0.988578, 0.9988, 0.999988
0.999988, 0.998264, 0.987033, 0.965483, 0.95003
0.95003, 0.931811, 0.88988, 0.838646, 0.808049
0.808049, 0.775099, 0.70653, 0.630574, 0.587797
0.587797, 0.543308, 0.454742, 0.361422, 0.310608
0.310608, 0.25889, 0.158906, 0.0572617, 0.00333268

-0.934074, -0.913457, -0.867129, -0.811737, -0.779056
-0.779057, -0.744108, -0.672002, -0.592871, -0.548576
-0.548575, -0.502683, -0.411783, -0.316578, -0.264957
-0.264957, -0.212565, -0.111676, -0.00961974, 0.044326
0.0443262, 0.0981425, 0.199248, 0.29827, 0.349316
0.349316, 0.399344, 0.490872, 0.577269, 0.620469
0.620469, 0.661863, 0.734948, 0.800351, 0.831521
0.831521, 0.860271, 0.907834, 0.945907, 0.962029
0.962029, 0.97535, 0.992784, 0.99984, 0.99935
0.99935, 0.995952, 0.981568, 0.956923, 0.939871
0.939871, 0.920083, 0.875274, 0.821315, 0.789352
0.789351, 0.75509, 0.684197, 0.606151, 0.562372
0.562372, 0.516957, 0.426846, 0.332273, 0.28092
0.280919, 0.228748, 0.128149, 0.0262095, -0.0277443
-0.0277445, -0.0816172, -0.182961, -0.282393, -0.333721
-0.333721, -0.384077, -0.476349, -0.563641, -0.607372
-0.607372, -0.649334, -0.723596, -0.790293, -0.82219
-0.82219, -0.851693, -0.900752, -0.940394, -0.957368
-0.957368, -0.971554, -0.990658, -0.999405, -0.999811
-0.999811, -0.997307, -0.984604, -0.961609, -0.945408
-0.945408, -0.926456, -0.883178, -0.830667, -0.799429
-0.799429, -0.765864, -0.696203, -0.619264, -0.576015
-0.576014, -0.531088, -0.441792, -0.347877, -0.296805
-0.296804, -0.244869, -0.144586, -0.0427921, 0.011155
0.0111551, 0.0650695, 0.166624, 0.266437, 0.318034
0.318034, 0.368705, 0.461695, 0.549858, 0.594107
0.594107, 0.636626, 0.712044, 0.780018, 0.812633
0.812633, 0.842881, 0.893422, 0.934622, 0.952443
0.952443, 0.967491, 0.988259, 0.998695, 0.999996
0.999996, 0.998386, 0.987369, 0.96603, 0.950685
0.950685, 0.932573, 0.890838, 0.839791, 0.809287
0.809287, 0.776428, 0.708018, 0.632207, 0.589498

-0.965881, -0.978445, -0.994417, -0.999994, -0.998723
-0.998724, -0.994546, -0.978697, -0.952616, -0.934825
-0.934824, -0.914311, -0.868176, -0.812964, -0.780374
-0.780374, -0.745513, -0.67356, -0.594565, -0.550334
-0.550334, -0.504501, -0.4137, -0.318574, -0.266986
-0.266986, -0.214621, -0.113767, -0.0117244, 0.0422232
0.0422233, 0.0960477, 0.197185, 0.296261, 0.347343
0.347343, 0.397413, 0.489037, 0.575549, 0.618817
0.618817, 0.660283, 0.733519, 0.799087, 0.83035
0.83035, 0.859196, 0.90695, 0.945222, 0.961452
0.961452, 0.974883, 0.992529, 0.9998, 0.999424
0.999424, 0.996139, 0.981968, 0.957532, 0.940588
0.940588, 0.920905, 0.87629, 0.822514, 0.790642
0.790642, 0.756469, 0.685731, 0.607824, 0.564112
0.564111, 0.518757, 0.428748, 0.334258, 0.282939
0.282939, 0.230797, 0.130236, 0.0283135, -0.0256402
-0.0256404, -0.0795193, -0.180892, -0.280373, -0.331736
-0.331736, -0.382133, -0.474498, -0.561901, -0.605698
-0.605698, -0.647732, -0.722141, -0.789002, -0.82099
-0.82099, -0.850588, -0.899836, -0.939676, -0.956758
-0.956758, -0.971054, -0.990368, -0.99933, -0.99985
-0.99985, -0.997459, -0.98497, -0.962184, -0.946092
-0.946092, -0.927246, -0.884163, -0.831837, -0.800692
-0.800692, -0.767216, -0.697713, -0.620915, -0.577734
-0.577734, -0.532871, -0.443679, -0.349849, -0.298814
-0.298814, -0.246909, -0.146669, -0.0448949, 0.00905028
0.00905048, 0.062969, 0.164549, 0.264408, 0.316038
0.316038, 0.366748, 0.459827, 0.548099, 0.592413
0.592413, 0.635002, 0.710565, 0.778699, 0.811404
0.811404, 0.841747, 0.892474, 0.933871, 0.9518
0.9518, 0.966957, 0.987935, 0.998585, 1
1, 0.998504, 0.9877, 0.966571, 0.951336

-0.630132, -0.671095, -0.743289, -0.807713, -0.838335
-0.838336, -0.866518, -0.912957, -0.949852, -0.965335
-0.965335, -0.978007, -0.994193, -0.999985, -0.998828
-0.998828, -0.994763, -0.979127, -0.953254, -0.93557
-0.93557, -0.915162, -0.869218, -0.814188, -0.781689
-0.781689, -0.746914, -0.675114, -0.596256, -0.55209
-0.55209, -0.506317, -0.415615, -0.320568, -0.269014
-0.269014, -0.216676, -0.115858, -0.013829, 0.0401202
0.0401204, 0.0939525, 0.195121, 0.29425, 0.345368
0.345368, 0.395481, 0.4872, 0.573827, 0.617162
0.617162, 0.658701, 0.732087, 0.79782, 0.829175
0.829175, 0.858117, 0.906061, 0.944533, 0.960871
0.960871, 0.974412, 0.99227, 0.999755, 0.999493
0.999493, 0.996322, 0.982364, 0.958137, 0.9413
0.9413, 0.921724, 0.877302, 0.823709, 0.791929
0.791929, 0.757844, 0.687261, 0.609494, 0.565848
0.565848, 0.520556, 0.430649, 0.33624, 0.284957
0.284957, 0.232844, 0.132322, 0.0304174, -0.0235361
-0.0235363, -0.077421, -0.178821, -0.278352, -0.32975
-0.32975, -0.380187, -0.472644, -0.560159, -0.604022
-0.604022, -0.646127, -0.720684, -0.787707, -0.819787
-0.819787, -0.84948, -0.898916, -0.938954, -0.956143
-0.956143, -0.970549, -0.990075, -0.999251, -0.999884
-0.999884, -0.997606, -0.985331, -0.962755, -0.946772
-0.946772, -0.928032, -0.885144, -0.833004, -0.801951
-0.801951, -0.768564, -0.699219, -0.622564, -0.579451
-0.57945, -0.53465, -0.445564, -0.35182, -0.300822
-0.300822, -0.248948, -0.14875, -0.0469974, 0.00694557
0.00694576, 0.0608683, 0.162472, 0.262378, 0.31404
0.31404, 0.364789, 0.457957, 0.546338, 0.590716
0.590716, 0.633374, 0.709082, 0.777377, 0.810172
0.810172, 0.840609, 0.891523, 0.933117, 0.951152

-0.0545917, -0.108366, -0.20931, -0.308065, -0.358928
-0.358928, -0.408746, -0.499801, -0.585631, -0.628497
-0.628497, -0.669532, -0.741879, -0.806471, -0.837187
-0.837187, -0.865466, -0.912096, -0.949192, -0.964783
-0.964783, -0.977566, -0.993964, -0.999971, -0.998927
-0.998927, -0.994976, -0.979552, -0.953888, -0.936311
-0.936311, -0.916008, -0.870257, -0.815408, -0.783
-0.783, -0.748312, -0.676665, -0.597945, -0.553844
-0.553844, -0.508131, -0.417529, -0.322561, -0.271041
-0.27104, -0.218731, -0.117949, -0.0159336, 0.038017
0.0380172, 0.0918568, 0.193056, 0.292238, 0.343392
0.343392, 0.393547, 0.485361, 0.572101, 0.615505
0.615505, 0.657116, 0.730652, 0.796549, 0.827997
0.827997, 0.857034, 0.905169, 0.94384, 0.960286
0.960286, 0.973937, 0.992007, 0.999706, 0.999558
0.999558, 0.9965, 0.982756, 0.958737, 0.942009
0.942009, 0.922538, 0.87831, 0.824901, 0.793212
0.793212, 0.759215, 0.688788, 0.611161, 0.567582
0.567582, 0.522351, 0.432548, 0.338222, 0.286974
0.286974, 0.234891, 0.134408, 0.0325211, -0.0214319
-0.0214321, -0.0753224, -0.17675, -0.27633, -0.327762
-0.327762, -0.37824, -0.470788, -0.558414, -0.602343
-0.602343, -0.644519, -0.719223, -0.786409, -0.818579
-0.81858, -0.848367, -0.897992, -0.938228, -0.955525
-0.955525, -0.97004, -0.989777, -0.999167, -0.999914
-0.999914, -0.99775, -0.985688, -0.963322, -0.947447
-0.947447, -0.928814, -0.886122, -0.834166, -0.803207
-0.803207, -0.769909, -0.700722, -0.62421, -0.581165
-0.581165, -0.536428, -0.447447, -0.353789, -0.302829
-0.302828, -0.250986, -0.150831, -0.0490998, 0.00484083
0.00484102, 0.0587673, 0.160395, 0.260346, 0.312041
0.312041, 0.362828, 0.456085, 0.544573, 0.589016

0.541723, 0.4956, 0.404321, 0.308815, 0.257066
0.257067, 0.204571, 0.10355, 0.00144632, -0.0524898
-0.0524901, -0.106273, -0.207251, -0.306062, -0.356962
-0.356963, -0.406824, -0.497977, -0.583924, -0.626858
-0.626858, -0.667968, -0.740466, -0.805224, -0.836034
-0.836034, -0.864409, -0.911231, -0.948528, -0.964228
-0.964228, -0.977121, -0.993731, -0.999953, -0.999023
-0.999023, -0.995184, -0.979974, -0.954518, -0.937048
-0.937048, -0.91685, -0.871292, -0.816625, -0.784307
-0.784307, -0.749706, -0.678213, -0.59963, -0.555595
-0.555595, -0.509943, -0.41944, -0.324553, -0.273066
-0.273066, -0.220784, -0.120038, -0.018038, 0.0359136
0.0359138, 0.0897607, 0.190991, 0.290224, 0.341414
0.341415, 0.391611, 0.48352, 0.570374, 0.613844
0.613845, 0.655528, 0.729213, 0.795275, 0.826815
0.826815, 0.855948, 0.904272, 0.943142, 0.959697
0.959697, 0.973457, 0.991739, 0.999653, 0.999618
0.999618, 0.996674, 0.983143, 0.959334, 0.942713
0.942713, 0.923348, 0.879315, 0.826089, 0.794492
0.794492, 0.760583, 0.690313, 0.612826, 0.569314
0.569314, 0.524145, 0.434444, 0.340202, 0.28899
0.288989, 0.236936, 0.136494, 0.0346247, -0.0193275
-0.0193277, -0.0732234, -0.174678, -0.274306, -0.325773
-0.325773, -0.37629, -0.46893, -0.556667, -0.600662
-0.600662, -0.642908, -0.717759, -0.785107, -0.817369
-0.817369, -0.847251, -0.897063, -0.937498, -0.954902
-0.954902, -0.969526, -0.989474, -0.999079, -0.999939
-0.999939, -0.997889, -0.986041, -0.963885, -0.948118
-0.948118, -0.929592, -0.887095, -0.835325, -0.804459
-0.804459, -0.771251, -0.702222, -0.625853, -0.582876
-0.582876, -0.538203, -0.449329, -0.355757, -0.304834
-0.304834, -0.253023, -0.152912, -0.0512019, 0.00273607

0.93189, 0.910971, 0.86409, 0.808178, 0.775236
0.775238, 0.74004, 0.667496, 0.587973, 0.543491
0.543491, 0.497427, 0.406245, 0.310816, 0.2591
0.2591, 0.206631, 0.105643, 0.00355113, -0.0503879
-0.0503881, -0.10418, -0.205191, -0.304057, -0.354995
-0.354996, -0.4049, -0.49615, -0.582214, -0.625217
-0.625217, -0.6664, -0.73905, -0.803974, -0.834877
-0.834877, -0.863349, -0.910363, -0.947859, -0.963668
-0.963668, -0.976671, -0.993493, -0.99993, -0.999113
-0.999113, -0.995389, -0.98039, -0.955143, -0.937781
-0.937781, -0.917689, -0.872323, -0.817838, -0.785611
-0.785611, -0.751098, -0.679759, -0.601313, -0.557344
-0.557344, -0.511752, -0.42135, -0.326543, -0.27509
-0.27509, -0.222836, -0.122128, -0.0201424, 0.0338101
0.0338103, 0.0876642, 0.188924, 0.288209, 0.339435
0.339436, 0.389673, 0.481676, 0.568644, 0.612182
0.612182, 0.653937, 0.727771, 0.793997, 0.825629
0.825629, 0.854858, 0.903371, 0.942441, 0.959103
0.959103, 0.972974, 0.991467, 0.999596, 0.999674
0.999674, 0.996843, 0.983525, 0.959926, 0.943413
0.943413, 0.924154, 0.880315, 0.827273, 0.795769
0.795769, 0.761948, 0.691834, 0.614488, 0.571043
0.571043, 0.525936, 0.436339, 0.34218, 0.291004
0.291004, 0.23898, 0.138579, 0.0367282, -0.0172231
-0.0172233, -0.0711241, -0.172605, -0.272282, -0.323782
-0.323782, -0.374339, -0.46707, -0.554917, -0.598978
-0.598978, -0.641295, -0.716292, -0.783801, -0.816154
-0.816154, -0.846131, -0.896131, -0.936763, -0.954275
-0.954275, -0.969008, -0.989168, -0.998986, -0.99996
-0.99996, -0.998023, -0.986389, -0.964443, -0.948785
-0.948785, -0.930365, -0.888065, -0.836481, -0.805707
-0.805707, -0.772589, -0.703719, -0.627493, -0.584585

0.967435, 0.97968, 0.995039, 0.999997, 0.998398
0.998399, 0.993894, 0.977433, 0.950753, 0.932652
0.932652, 0.911836, 0.865148, 0.809415, 0.776565
0.776565, 0.741454, 0.669062, 0.589675, 0.545257
0.545257, 0.499252, 0.408167, 0.312816, 0.261133
0.261133, 0.20869, 0.107736, 0.00565588, -0.0482857
-0.0482859, -0.102087, -0.203131, -0.302052, -0.353027
-0.353027, -0.402975, -0.494322, -0.580501, -0.623573
-0.623573, -0.664829, -0.737631, -0.802721, -0.833717
-0.833717, -0.862285, -0.90949, -0.947186, -0.963103
-0.963103, -0.976217, -0.993252, -0.999903, -0.9992
-0.9992, -0.995588, -0.980803, -0.955765, -0.93851
-0.93851, -0.918523, -0.87335, -0.819047, -0.786912
-0.786912, -0.752486, -0.681301, -0.602994, -0.55909
-0.55909, -0.513559, -0.423258, -0.328532, -0.277113
-0.277113, -0.224888, -0.124216, -0.0222467, 0.0317065
0.0317067, 0.0855673, 0.186857, 0.286193, 0.337455
0.337455, 0.387734, 0.479831, 0.566911, 0.610516
0.610516, 0.652343, 0.726326, 0.792716, 0.82444
0.82444, 0.853764, 0.902467, 0.941735, 0.958505
0.958505, 0.972485, 0.99119, 0.999534, 0.999726
0.999726, 0.997008, 0.983904, 0.960513, 0.944109
0.944109, 0.924956, 0.881312, 0.828454, 0.797042
0.797042, 0.76331, 0.693352, 0.616147, 0.57277
0.57277, 0.527725, 0.438232, 0.344157, 0.293017
0.293017, 0.241024, 0.140663, 0.0388315, -0.0151186
-0.0151188, -0.0690245, -0.170532, -0.270256, -0.32179
-0.32179, -0.372387, -0.465208, -0.553165, -0.597291
-0.597291, -0.639678, -0.714822, -0.782492, -0.814936
-0.814936, -0.845008, -0.895195, -0.936024, -0.953643
-0.953643, -0.968486, -0.988857, -0.998889, -0.999977
-0.999977, -0.998153, -0.986733, -0.964998, -0.949448

0.634832, 0.675581, 0.747335, 0.811277, 0.841628
0.841629, 0.869531, 0.915417, 0.951732, 0.966901
0.966901, 0.979255, 0.994828, 1, 0.998515
0.998515, 0.994124, 0.977875, 0.951403, 0.933409
0.933409, 0.912699, 0.866202, 0.81065, 0.77789
0.777889, 0.742865, 0.670624, 0.591373, 0.54702
0.54702, 0.501075, 0.410088, 0.314814, 0.263164
0.263164, 0.210748, 0.109828, 0.00776061, -0.0461833
-0.0461834, -0.0999926, -0.20107, -0.300045, -0.351057
-0.351057, -0.401047, -0.492491, -0.578786, -0.621926
-0.621926, -0.663255, -0.736208, -0.801464, -0.832552
-0.832553, -0.861217, -0.908612, -0.946509, -0.962535
-0.962535, -0.975758, -0.993005, -0.999871, -0.999282
-0.999282, -0.995784, -0.981211, -0.956382, -0.939234
-0.939234, -0.919353, -0.874373, -0.820253, -0.788209
-0.788209, -0.75387, -0.68284, -0.604671, -0.560834
-0.560834, -0.515364, -0.425164, -0.330519, -0.279135
-0.279135, -0.226938, -0.126305, -0.0243509, 0.0296027
0.0296029, 0.0834701, 0.184789, 0.284176, 0.335473
0.335473, 0.385793, 0.477983, 0.565176, 0.608848
0.608848, 0.650747, 0.724878, 0.791431, 0.823247
0.823247, 0.852666, 0.901558, 0.941025, 0.957903
0.957903, 0.971993, 0.99091, 0.999467, 0.999773
0.999773, 0.997168, 0.984277, 0.961097, 0.944801
0.944801, 0.925754, 0.882304, 0.829631, 0.798311
0.798311, 0.764668, 0.694867, 0.617803, 0.574494
0.574494, 0.529512, 0.440123, 0.346133, 0.295029
0.295029, 0.243066, 0.142746, 0.0409346, -0.013014
-0.0130142, -0.0669246, -0.168457, -0.268229, -0.319796
-0.319796, -0.370433, -0.463343, -0.55141, -0.595602
-0.595602, -0.638059, -0.713348, -0.78118, -0.813715
-0.813715, -0.84388, -0.894255, -0.935282, -0.953008

0.0606504, 0.114397, 0.21524, 0.313833, 0.364585
0.364586, 0.414277, 0.505048, 0.590539, 0.633205
0.633205, 0.674028, 0.745935, 0.810044, 0.84049
0.84049, 0.86849, 0.914568, 0.951084, 0.966362
0.966362, 0.978827, 0.994612, 0.999999, 0.998628
0.998628, 0.99435, 0.978313, 0.952049, 0.934163
0.934162, 0.913557, 0.867252, 0.81188, 0.77921
0.77921, 0.744272, 0.672184, 0.593069, 0.548781
0.548781, 0.502895, 0.412006, 0.316811, 0.265194
0.265194, 0.212805, 0.11192, 0.00986531, -0.0440806
-0.0440808, -0.0978981, -0.199007, -0.298036, -0.349085
-0.349086, -0.399118, -0.490658, -0.577068, -0.620276
-0.620276, -0.661679, -0.734782, -0.800204, -0.831385
-0.831385, -0.860146, -0.907731, -0.945828, -0.961962
-0.961962, -0.975296, -0.992754, -0.999835, -0.999359
-0.999359, -0.995974, -0.981615, -0.956994, -0.939955
-0.939955, -0.920179, -0.875393, -0.821455, -0.789502
-0.789502, -0.755251, -0.684376, -0.606347, -0.562576
-0.562575, -0.517167, -0.427068, -0.332505, -0.281155
-0.281155, -0.228988, -0.128392, -0.026455, 0.0274988
0.027499, 0.0813725, 0.18272, 0.282157, 0.333489
0.333489, 0.38385, 0.476133, 0.563438, 0.607177
0.607177, 0.649147, 0.723426, 0.790143, 0.82205
0.82205, 0.851565, 0.900645, 0.940311, 0.957297
0.957297, 0.971496, 0.990624, 0.999396, 0.999816
0.999816, 0.997325, 0.984647, 0.961676, 0.945488
0.945488, 0.926548, 0.883293, 0.830804, 0.799577
0.799577, 0.766022, 0.69638, 0.619457, 0.576215
0.576215, 0.531296, 0.442012, 0.348107, 0.297039
0.297039, 0.245107, 0.144829, 0.0430375, -0.0109094
-0.0109096, -0.0648244, -0.166382, -0.266201, -0.317801
-0.317801, -0.368477, -0.461477, -0.549653, -0.59391

-0.536612, -0.49032, -0.398763, -0.303037, -0.251197
-0.251198, -0.198627, -0.097512, 0.00462242, 0.0585492
0.0585495, 0.112306, 0.213184, 0.311834, 0.362625
0.362625, 0.41236, 0.50323, 0.58884, 0.631575
0.631575, 0.672472, 0.744532, 0.808808, 0.839348
0.839348, 0.867445, 0.913714, 0.950432, 0.965819
0.965819, 0.978394, 0.994391, 0.999993, 0.998736
0.998736, 0.994571, 0.978747, 0.952691, 0.934912
0.934911, 0.914411, 0.868298, 0.813107, 0.780528
0.780528, 0.745677, 0.673741, 0.594763, 0.550539
0.550539, 0.504713, 0.413923, 0.318807, 0.267223
0.267223, 0.214861, 0.114011, 0.01197, -0.0419778
-0.041978, -0.0958033, -0.196944, -0.296026, -0.347112
-0.347112, -0.397188, -0.488823, -0.575348, -0.618624
-0.618624, -0.660099, -0.733352, -0.798939, -0.830213
-0.830213, -0.85907, -0.906846, -0.945142, -0.961385
-0.961385, -0.974828, -0.992499, -0.999795, -0.999432
-0.999432, -0.996161, -0.982015, -0.957603, -0.940671
-0.940671, -0.921001, -0.876408, -0.822654, -0.790792
-0.790792, -0.756629, -0.685909, -0.608019, -0.564314
-0.564314, -0.518967, -0.42897, -0.334489, -0.283175
-0.283174, -0.231036, -0.130479, -0.028559, 0.0253947
0.0253949, 0.0792745, 0.18065, 0.280137, 0.331504
0.331504, 0.381906, 0.474281, 0.561698, 0.605503
0.605503, 0.647545, 0.721972, 0.788851, 0.82085
0.82085, 0.850459, 0.899729, 0.939592, 0.956686
0.956686, 0.970995, 0.990334, 0.999321, 0.999854
0.999854, 0.997476, 0.985012, 0.962251, 0.946172
0.946171, 0.927338, 0.884278, 0.831974, 0.800839
0.800839, 0.767374, 0.697889, 0.621108, 0.577934
0.577934, 0.533078, 0.443899, 0.350079, 0.299048
0.299048, 0.247147, 0.146911, 0.0451402, -0.00880471

-0.929671, -0.908451, -0.86102, -0.804589, -0.771389
-0.77139, -0.735945, -0.662965, -0.583054, -0.538387
-0.538387, -0.492153, -0.400692, -0.305042, -0.253234
-0.253234, -0.20069, -0.0996065, 0.00251762, 0.056448
0.0564482, 0.110214, 0.211127, 0.309833, 0.360662
0.360663, 0.410442, 0.50141, 0.587137, 0.629942
0.629942, 0.670912, 0.743125, 0.807568, 0.838202
0.838202, 0.866396, 0.912857, 0.949775, 0.965271
0.965271, 0.977956, 0.994166, 0.999983, 0.998839
0.998839, 0.994788, 0.979177, 0.953329, 0.935656
0.935656, 0.915261, 0.86934, 0.814331, 0.781842
0.781842, 0.747077, 0.675295, 0.596453, 0.552295
0.552295, 0.506529, 0.415839, 0.320801, 0.26925
0.26925, 0.216916, 0.116102, 0.0140746, -0.0398748
-0.039875, -0.093708, -0.19488, -0.294015, -0.345138
-0.345138, -0.395255, -0.486986, -0.573625, -0.616969
-0.616969, -0.658516, -0.73192, -0.797672, -0.829038
-0.829038, -0.857991, -0.905957, -0.944453, -0.960803
-0.960803, -0.974357, -0.99224, -0.99975, -0.999501
-0.999501, -0.996343, -0.98241, -0.958207, -0.941383
-0.941383, -0.921819, -0.87742, -0.823849, -0.792079
-0.792079, -0.758004, -0.687439, -0.609689, -0.566051
-0.566051, -0.520765, -0.430871, -0.336472, -0.285193
-0.285192, -0.233083, -0.132566, -0.0306629, 0.0232906
0.0232908, 0.0771762, 0.17858, 0.278116, 0.329518
0.329518, 0.37996, 0.472427, 0.559956, 0.603826
0.603827, 0.645939, 0.720514, 0.787556, 0.819646
0.819646, 0.84935, 0.898808, 0.93887, 0.956071
0.956071, 0.97049, 0.99004, 0.999241, 0.999888
0.999888, 0.997623, 0.985373, 0.962822, 0.946851
0.946851, 0.928123, 0.885259, 0.83314, 0.802098
0.802098, 0.768721, 0.699394, 0.622756, 0.579651

-0.968953, -0.980879, -0.995624, -0.999962, -0.998036
-0.998037, -0.993206, -0.976133, -0.948854, -0.930446
-0.930445, -0.909328, -0.862089, -0.805837, -0.772727
-0.772727, -0.737369, -0.664539, -0.584762, -0.54016
-0.540159, -0.493984, -0.402619, -0.307046, -0.25527
-0.25527, -0.202751, -0.101701, 0.000412843, 0.0543464
0.0543466, 0.108122, 0.209069, 0.307831, 0.358698
0.358699, 0.408521, 0.499588, 0.585432, 0.628306
0.628306, 0.66935, 0.741715, 0.806325, 0.837052
0.837052, 0.865343, 0.911996, 0.949115, 0.964719
0.964719, 0.977515, 0.993937, 0.999969, 0.998939
0.998939, 0.995, 0.979602, 0.953962, 0.936397
0.936397, 0.916107, 0.870378, 0.81555, 0.783152
0.783152, 0.748475, 0.676846, 0.598141, 0.554048
0.554048, 0.508343, 0.417752, 0.322794, 0.271277
0.271277, 0.21897, 0.118192, 0.0161791, -0.0377716
-0.0377718, -0.0916122, -0.192815, -0.292003, -0.343161
-0.343162, -0.393321, -0.485146, -0.5719, -0.615311
-0.615311, -0.656931, -0.730484, -0.796401, -0.827859
-0.827859, -0.856908, -0.905064, -0.943759, -0.960218
-0.960218, -0.973881, -0.991976, -0.9997, -0.999565
-0.999565, -0.996521, -0.982801, -0.958807, -0.942091
-0.942091, -0.922633, -0.878428, -0.82504, -0.793362
-0.793362, -0.759375, -0.688966, -0.611356, -0.567785
-0.567784, -0.522561, -0.432769, -0.338453, -0.287209
-0.287209, -0.235129, -0.134652, -0.0327666, 0.0211863
0.0211865, 0.0750775, 0.176508, 0.276094, 0.32753
0.32753, 0.378012, 0.470571, 0.558211, 0.602147
0.602147, 0.644331, 0.719052, 0.786257, 0.818438
0.818438, 0.848237, 0.897883, 0.938143, 0.955452
0.955452, 0.96998, 0.989742, 0.999157, 0.999917
0.999917, 0.997766, 0.98573, 0.963388, 0.947526

-0.63951, -0.680043, -0.751354, -0.81481, -0.84489
-0.844891, -0.872513, -0.917843, -0.953578, -0.968432
-0.968432, -0.980467, -0.995426, -0.999978, -0.998167
-0.998166, -0.993449, -0.976588, -0.949517, -0.931215
-0.931215, -0.910202, -0.863153, -0.807081, -0.774062
-0.774061, -0.738789, -0.66611, -0.586469, -0.54193
-0.54193, -0.495813, -0.404545, -0.309048, -0.257304
-0.257304, -0.204812, -0.103794, -0.00169194, 0.0522446
0.0522448, 0.106029, 0.207011, 0.305828, 0.356733
0.356733, 0.406599, 0.497764, 0.583724, 0.626667
0.626667, 0.667785, 0.740301, 0.805079, 0.835899
0.835899, 0.864286, 0.91113, 0.94845, 0.964163
0.964163, 0.977069, 0.993703, 0.99995, 0.999033
0.999033, 0.995208, 0.980022, 0.954591, 0.937134
0.937134, 0.916948, 0.871412, 0.816767, 0.78446
0.784459, 0.749869, 0.678394, 0.599827, 0.555799
0.555799, 0.510154, 0.419663, 0.324785, 0.273302
0.273302, 0.221024, 0.120282, 0.0182836, -0.0356682
-0.0356684, -0.0895161, -0.19075, -0.289989, -0.341184
-0.341184, -0.391385, -0.483305, -0.570172, -0.613651
-0.613651, -0.655343, -0.729045, -0.795126, -0.826677
-0.826677, -0.855821, -0.904167, -0.943061, -0.959628
-0.959628, -0.973401, -0.991708, -0.999647, -0.999625
-0.999625, -0.996694, -0.983187, -0.959403, -0.942795
-0.942795, -0.923442, -0.879432, -0.826227, -0.794642
-0.794641, -0.760743, -0.69049, -0.61302, -0.569516
-0.569516, -0.524354, -0.434666, -0.340433, -0.289225
-0.289225, -0.237175, -0.136737, -0.0348702, 0.019082
0.0190822, 0.0729785, 0.174436, 0.27407, 0.32554
0.325541, 0.376063, 0.468713, 0.556463, 0.600466
0.600466, 0.64272, 0.717588, 0.784955, 0.817227
0.817227, 0.847121, 0.896955, 0.937412, 0.954829

-0.0667068, -0.120424, -0.221163, -0.319589, -0.37023
-0.37023, -0.419792, -0.510277, -0.595426, -0.637891
-0.637891, -0.678498, -0.749963, -0.813588, -0.843763
-0.843763, -0.871482, -0.917005, -0.952942, -0.967905
-0.967905, -0.980051, -0.995222, -0.99999, -0.998292
-0.998292, -0.993688, -0.977038, -0.950175, -0.93198
-0.93198, -0.911072, -0.864214, -0.808322, -0.775392
-0.775392, -0.740206, -0.667679, -0.588172, -0.543697
-0.543697, -0.49764, -0.406469, -0.311049, -0.259338
-0.259337, -0.206871, -0.105887, -0.00379671, 0.0501426
0.0501428, 0.103936, 0.204951, 0.303823, 0.354766
0.354766, 0.404676, 0.495937, 0.582014, 0.625025
0.625025, 0.666217, 0.738885, 0.803828, 0.834742
0.834742, 0.863225, 0.910261, 0.947781, 0.963602
0.963602, 0.976618, 0.993465, 0.999927, 0.999124
0.999124, 0.995412, 0.980439, 0.955216, 0.937866
0.937866, 0.917786, 0.872443, 0.817979, 0.785763
0.785763, 0.75126, 0.679939, 0.60151, 0.557548
0.557548, 0.511963, 0.421573, 0.326775, 0.275326
0.275326, 0.223076, 0.122371, 0.020388, -0.0335647
-0.0335649, -0.0874196, -0.188683, -0.287974, -0.339204
-0.339205, -0.389447, -0.481461, -0.568442, -0.611987
-0.611987, -0.653751, -0.727603, -0.793848, -0.825491
-0.825491, -0.85473, -0.903266, -0.942359, -0.959034
-0.959034, -0.972917, -0.991435, -0.999589, -0.999681
-0.999681, -0.996863, -0.98357, -0.959994, -0.943494
-0.943494, -0.924248, -0.880432, -0.827411, -0.795918
-0.795917, -0.762107, -0.692011, -0.614681, -0.571245
-0.571245, -0.526145, -0.43656, -0.342411, -0.291239
-0.291239, -0.239219, -0.138822, -0.0369736, 0.0169775
0.0169777, 0.0708792, 0.172363, 0.272045, 0.323549
0.32355, 0.374112, 0.466853, 0.554713, 0.598781

0.531481, 0.485022, 0.39319, 0.297248, 0.245318
0.245319, 0.192676, 0.0914704, -0.010691, -0.0646064
-0.0646067, -0.118334, -0.219109, -0.317594, -0.368274
-0.368274, -0.417881, -0.508465, -0.593734, -0.636268
-0.636269, -0.676951, -0.748569, -0.812362, -0.842632
-0.842632, -0.870448, -0.916164, -0.952301, -0.967374
-0.967374, -0.97963, -0.995015, -0.999997, -0.998412
-0.998412, -0.993921, -0.977485, -0.950829, -0.932741
-0.932741, -0.911937, -0.865271, -0.80956, -0.77672
-0.77672, -0.741619, -0.669244, -0.589873, -0.545463
-0.545463, -0.499465, -0.408391, -0.313049, -0.26137
-0.26137, -0.20893, -0.10798, -0.00590146, 0.0480404
0.0480406, 0.101842, 0.202891, 0.301818, 0.352797
0.352797, 0.40275, 0.494108, 0.580301, 0.623381
0.623381, 0.664645, 0.737465, 0.802575, 0.833581
0.833581, 0.862161, 0.909387, 0.947107, 0.963037
0.963037, 0.976164, 0.993223, 0.999899, 0.99921
0.99921, 0.995611, 0.980851, 0.955837, 0.938594
0.938594, 0.91862, 0.87347, 0.819188, 0.787063
0.787063, 0.752647, 0.681481, 0.60319, 0.559294
0.559294, 0.51377, 0.42348, 0.328764, 0.277349
0.277349, 0.225127, 0.12446, 0.0224922, -0.031461
-0.0314612, -0.0853227, -0.186616, -0.285958, -0.337224
-0.337224, -0.387508, -0.479615, -0.566709, -0.610321
-0.610322, -0.652157, -0.726157, -0.792566, -0.824301
-0.824301, -0.853636, -0.902361, -0.941652, -0.958435
-0.958435, -0.972428, -0.991158, -0.999526, -0.999732
-0.999732, -0.997027, -0.983947, -0.960582, -0.94419
-0.94419, -0.92505, -0.881428, -0.828591, -0.79719
-0.79719, -0.763468, -0.693529, -0.61634, -0.572971
-0.572971, -0.527934, -0.438453, -0.344388, -0.293252
-0.293252, -0.241262, -0.140906, -0.0390768, 0.014873

0.927418, 0.905897, 0.857918, 0.80097, 0.767513
0.767514, 0.731823, 0.658409, 0.578113, 0.533263
0.533263, 0.486861, 0.395124, 0.299257, 0.247359
0.247358, 0.194741, 0.0935661, -0.00858627, -0.062506
-0.0625062, -0.116244, -0.217055, -0.315598, -0.366316
-0.366316, -0.415968, -0.506652, -0.592039, -0.634643
-0.634643, -0.6754, -0.747172, -0.811133, -0.841496
-0.841496, -0.86941, -0.915318, -0.951657, -0.966839
-0.966839, -0.979205, -0.994803, -1, -0.998529
-0.998529, -0.994151, -0.977926, -0.951479, -0.933498
-0.933497, -0.912799, -0.866324, -0.810793, -0.778044
-0.778044, -0.743029, -0.670807, -0.591571, -0.547226
-0.547225, -0.501287, -0.410312, -0.315047, -0.263401
-0.263401, -0.210988, -0.110072, -0.00800619, 0.0459379
0.0459381, 0.0997482, 0.200829, 0.29981, 0.350827
0.350827, 0.400822, 0.492277, 0.578586, 0.621734
0.621734, 0.663071, 0.736042, 0.801317, 0.832416
0.832417, 0.861092, 0.90851, 0.94643, 0.962468
0.962468, 0.975705, 0.992976, 0.999867, 0.999291
0.999291, 0.995806, 0.981259, 0.956453, 0.939319
0.939319, 0.91945, 0.874492, 0.820394, 0.78836
0.78836, 0.754031, 0.683019, 0.604867, 0.561037
0.561037, 0.515575, 0.425386, 0.330751, 0.279371
0.27937, 0.227177, 0.126548, 0.0245964, -0.0293572
-0.0293574, -0.0832254, -0.184548, -0.28394, -0.335241
-0.335242, -0.385567, -0.477767, -0.564973, -0.608653
-0.608653, -0.65056, -0.724709, -0.791281, -0.823107
-0.823108, -0.852538, -0.901452, -0.940942, -0.957833
-0.957833, -0.971935, -0.990876, -0.999459, -0.999778
-0.999778, -0.997187, -0.984321, -0.961165, -0.944881
-0.944881, -0.925847, -0.88242, -0.829768, -0.798459
-0.798459, -0.764826, -0.695044, -0.617996, -0.574695

0.970436, 0.982042, 0.996173, 0.999891, 0.997637
0.997639, 0.992482, 0.974797, 0.946921, 0.928205
0.928205, 0.906786, 0.858997, 0.802228, 0.768861
0.768861, 0.733256, 0.659992, 0.579829, 0.535042
0.535042, 0.488699, 0.397057, 0.301264, 0.249397
0.249397, 0.196805, 0.0956615, -0.00648155, -0.0604052
-0.0604054, -0.114153, -0.215, -0.3136, -0.364357
-0.364357, -0.414053, -0.504836, -0.590341, -0.633015
-0.633015, -0.673846, -0.745771, -0.8099, -0.840357
-0.840357, -0.868368, -0.914468, -0.951008, -0.966299
-0.966299, -0.978776, -0.994586, -0.999998, -0.998641
-0.998641, -0.994376, -0.978364, -0.952124, -0.93425
-0.93425, -0.913657, -0.867374, -0.812024, -0.779364
-0.779364, -0.744436, -0.672366, -0.593267, -0.548986
-0.548986, -0.503107, -0.41223, -0.317044, -0.265431
-0.265431, -0.213045, -0.112164, -0.0101109, 0.0438353
0.0438355, 0.0976537, 0.198767, 0.297802, 0.348855
0.348855, 0.398893, 0.490444, 0.576868, 0.620084
0.620084, 0.661494, 0.734615, 0.800056, 0.831248
0.831248, 0.86002, 0.907628, 0.945748, 0.961895
0.961895, 0.975241, 0.992725, 0.999831, 0.999368
0.999368, 0.995996, 0.981662, 0.957066, 0.940039
0.940038, 0.920275, 0.875511, 0.821595, 0.789653
0.789653, 0.755412, 0.684555, 0.606542, 0.562779
0.562778, 0.517377, 0.42729, 0.332736, 0.281391
0.281391, 0.229227, 0.128636, 0.0267005, -0.0272533
-0.0272535, -0.0811277, -0.182479, -0.281922, -0.333258
-0.333258, -0.383624, -0.475917, -0.563236, -0.606981
-0.606981, -0.64896, -0.723257, -0.789992, -0.82191
-0.82191, -0.851436, -0.900539, -0.940227, -0.957226
-0.957226, -0.971438, -0.990591, -0.999388, -0.99982
-0.99982, -0.997342, -0.98469, -0.961743, -0.945568

0.644163, 0.68448, 0.755345, 0.818313, 0.848121
0.848122, 0.875462, 0.920235, 0.955388, 0.969927
0.969927, 0.981642, 0.995987, 0.99992, 0.997781
0.997781, 0.992737, 0.975264, 0.947595, 0.928986
0.928986, 0.907672, 0.860073, 0.803483, 0.770205
0.770205, 0.734685, 0.661572, 0.581542, 0.536819
0.536819, 0.490534, 0.398988, 0.303271, 0.251435
0.251435, 0.198868, 0.0977564, -0.00437681, -0.0583041
-0.0583043, -0.112062, -0.212944, -0.3116, -0.362396
-0.362396, -0.412136, -0.503018, -0.588641, -0.631384
-0.631385, -0.67229, -0.744368, -0.808664, -0.839215
-0.839215, -0.867322, -0.913615, -0.950356, -0.965755
-0.965755, -0.978343, -0.994365, -0.999992, -0.998748
-0.998748, -0.994597, -0.978797, -0.952766, -0.934999
-0.934999, -0.91451, -0.868419, -0.81325, -0.780681
-0.780681, -0.74584, -0.673923, -0.59496, -0.550744
-0.550744, -0.504925, -0.414147, -0.319039, -0.267459
-0.267459, -0.215101, -0.114255, -0.0122155, 0.0417324
0.0417326, 0.0955588, 0.196703, 0.295792, 0.346882
0.346882, 0.396962, 0.488609, 0.575147, 0.618431
0.618431, 0.659914, 0.733186, 0.798792, 0.830076
0.830076, 0.858945, 0.906743, 0.945062, 0.961317
0.961317, 0.974774, 0.992469, 0.99979, 0.999441
0.999441, 0.996182, 0.982061, 0.957674, 0.940754
0.940754, 0.921097, 0.876527, 0.822793, 0.790943
0.790943, 0.75679, 0.686088, 0.608214, 0.564517
0.564517, 0.519177, 0.429192, 0.33472, 0.28341
0.28341, 0.231275, 0.130723, 0.0288045, -0.0251492
-0.0251494, -0.0790297, -0.180409, -0.279902, -0.331272
-0.331273, -0.381679, -0.474065, -0.561495, -0.605307
-0.605307, -0.647357, -0.721802, -0.7887, -0.82071
-0.82071, -0.85033, -0.899621, -0.939508, -0.956615

0.0727608, 0.126446, 0.227077, 0.325334, 0.37586
0.375861, 0.425293, 0.515486, 0.600291, 0.642553
0.642553, 0.682944, 0.753964, 0.817101, 0.847005
0.847005, 0.874442, 0.919409, 0.954764, 0.969412
0.969412, 0.981239, 0.995797, 0.999944, 0.997919
0.997919, 0.992988, 0.975727, 0.948266, 0.929763
0.929763, 0.908553, 0.861145, 0.804734, 0.771546
0.771546, 0.736111, 0.663149, 0.583253, 0.538594
0.538594, 0.492367, 0.400917, 0.305276, 0.253472
0.253472, 0.20093, 0.0998509, -0.00227204, -0.0562028
-0.056203, -0.10997, -0.210887, -0.3096, -0.360433
-0.360434, -0.410218, -0.501198, -0.586938, -0.629751
-0.629751, -0.67073, -0.74296, -0.807424, -0.838068
-0.838068, -0.866273, -0.912757, -0.949699, -0.965207
-0.965207, -0.977905, -0.99414, -0.999982, -0.998851
-0.998851, -0.994813, -0.979226, -0.953403, -0.935743
-0.935743, -0.91536, -0.869461, -0.814473, -0.781995
-0.781995, -0.747241, -0.675476, -0.59665, -0.5525
-0.552499, -0.506741, -0.416062, -0.321034, -0.269487
-0.269487, -0.217156, -0.116346, -0.0143201, 0.0396294
0.0396296, 0.0934635, 0.194639, 0.29378, 0.344907
0.344907, 0.39503, 0.486771, 0.573424, 0.616776
0.616776, 0.658332, 0.731753, 0.797524, 0.828901
0.828901, 0.857865, 0.905853, 0.944372, 0.960735
0.960735, 0.974302, 0.992209, 0.999744, 0.999509
0.999509, 0.996364, 0.982456, 0.958277, 0.941466
0.941466, 0.921914, 0.877538, 0.823988, 0.792229
0.792229, 0.758164, 0.687618, 0.609883, 0.566253
0.566253, 0.520975, 0.431092, 0.336703, 0.285428
0.285428, 0.233322, 0.132809, 0.0309083, -0.0230451
-0.0230453, -0.0769313, -0.178338, -0.27788, -0.329286
-0.329286, -0.379733, -0.472211, -0.559752, -0.603631

-0.52633, -0.479706, -0.387603, -0.291448, -0.23943
-0.239431, -0.186717, -0.0854255, 0.0167592, 0.0706613
0.0706615, 0.124358, 0.225027, 0.323343, 0.373909
0.373909, 0.423387, 0.513682, 0.598606, 0.640938
0.640939, 0.681405, 0.752579, 0.815886, 0.845884
0.845884, 0.873419, 0.918579, 0.954136, 0.968894
0.968894, 0.980831, 0.995602, 0.999964, 0.998052
0.998052, 0.993235, 0.976186, 0.948932, 0.930535
0.930535, 0.90943, 0.862213, 0.805982, 0.772883
0.772883, 0.737534, 0.664723, 0.584962, 0.540366
0.540366, 0.494198, 0.402844, 0.307279, 0.255507
0.255507, 0.202992, 0.101945, -0.000167262, -0.0541012
-0.0541014, -0.107878, -0.208829, -0.307598, -0.358469
-0.358469, -0.408297, -0.499375, -0.585233, -0.628114
-0.628115, -0.669168, -0.74155, -0.80618, -0.836918
-0.836918, -0.865219, -0.911895, -0.949037, -0.964654
-0.964654, -0.977463, -0.99391, -0.999967, -0.99895
-0.99895, -0.995025, -0.979651, -0.954036, -0.936483
-0.936483, -0.916205, -0.870499, -0.815693, -0.783305
-0.783305, -0.748638, -0.677027, -0.598338, -0.554253
-0.554253, -0.508554, -0.417975, -0.323026, -0.271513
-0.271513, -0.21921, -0.118436, -0.0164247, 0.0375262
0.0375264, 0.0913677, 0.192574, 0.291768, 0.342931
0.342931, 0.393095, 0.484932, 0.571699, 0.615118
0.615118, 0.656746, 0.730316, 0.796252, 0.827722
0.827722, 0.856781, 0.90496, 0.943678, 0.960149
0.960149, 0.973826, 0.991945, 0.999694, 0.999573
0.999573, 0.996541, 0.982846, 0.958877, 0.942173
0.942173, 0.922727, 0.878545, 0.825178, 0.793511
0.793511, 0.759535, 0.689144, 0.61155, 0.567987
0.567987, 0.52277, 0.43299, 0.338684, 0.287444
0.287444, 0.235368, 0.134895, 0.033012, -0.0209408

-0.925131, -0.903311, -0.854784, -0.797322, -0.763608
-0.76361, -0.727674, -0.653829, -0.57315, -0.52812
-0.528119, -0.481552, -0.389542, -0.293461, -0.241474
-0.241474, -0.188784, -0.0875223, 0.0146546, 0.0685617
0.0685619, 0.122269, 0.222975, 0.32135, 0.371956
0.371956, 0.421479, 0.511875, 0.596919, 0.639321
0.639322, 0.679863, 0.751192, 0.814667, 0.844759
0.84476, 0.872393, 0.917745, 0.953504, 0.968371
0.968371, 0.980419, 0.995402, 0.99998, 0.998181
0.998181, 0.993477, 0.97664, 0.949594, 0.931304
0.931304, 0.910304, 0.863277, 0.807226, 0.774217
0.774217, 0.738954, 0.666293, 0.586667, 0.542136
0.542136, 0.496027, 0.40477, 0.309282, 0.257542
0.257541, 0.205052, 0.104038, 0.00193752, -0.0519994
-0.0519996, -0.105785, -0.20677, -0.305594, -0.356504
-0.356504, -0.406375, -0.497551, -0.583525, -0.626475
-0.626475, -0.667602, -0.740136, -0.804933, -0.835764
-0.835764, -0.864162, -0.911029, -0.948372, -0.964097
-0.964097, -0.977016, -0.993676, -0.999948, -0.999044
-0.999044, -0.995232, -0.980071, -0.954664, -0.937219
-0.937219, -0.917046, -0.871533, -0.816908, -0.784612
-0.784612, -0.750031, -0.678574, -0.600023, -0.556003
-0.556003, -0.510365, -0.419886, -0.325017, -0.273538
-0.273538, -0.221263, -0.120526, -0.0185291, 0.0354228
0.035423, 0.0892715, 0.190509, 0.289754, 0.340953
0.340953, 0.391159, 0.48309, 0.56997, 0.613457
0.613457, 0.655157, 0.728877, 0.794977, 0.826539
0.826539, 0.855694, 0.904062, 0.942979, 0.959559
0.959559, 0.973345, 0.991676, 0.99964, 0.999632
0.999632, 0.996714, 0.983232, 0.959472, 0.942877
0.942877, 0.923537, 0.879548, 0.826366, 0.794791
0.79479, 0.760902, 0.690668, 0.613214, 0.569718

-0.971883, -0.983169, -0.996685, -0.999783, -0.997202
-0.997204, -0.991721, -0.973425, -0.944953, -0.92593
-0.925929, -0.904211, -0.855874, -0.79859, -0.764966
-0.764966, -0.729116, -0.65542, -0.574874, -0.529906
-0.529905, -0.483395, -0.39148, -0.295472, -0.243516
-0.243516, -0.190851, -0.0896188, 0.01255, 0.0664617
0.0664619, 0.12018, 0.220923, 0.319357, 0.370002
0.370002, 0.41957, 0.510065, 0.595229, 0.637702
0.637702, 0.678318, 0.749801, 0.813445, 0.843631
0.843631, 0.871362, 0.916907, 0.952867, 0.967843
0.967843, 0.980002, 0.995198, 0.999991, 0.998306
0.998306, 0.993715, 0.977091, 0.950251, 0.932069
0.932069, 0.911173, 0.864338, 0.808467, 0.775548
0.775547, 0.740371, 0.667862, 0.588371, 0.543904
0.543903, 0.497853, 0.406694, 0.311283, 0.259575
0.259575, 0.207112, 0.106132, 0.00404229, -0.0498974
-0.0498975, -0.103692, -0.204711, -0.303589, -0.354536
-0.354536, -0.404451, -0.495724, -0.581814, -0.624833
-0.624833, -0.666033, -0.738719, -0.803682, -0.834607
-0.834607, -0.863101, -0.910159, -0.947702, -0.963536
-0.963536, -0.976565, -0.993437, -0.999924, -0.999134
-0.999134, -0.995436, -0.980487, -0.955289, -0.937951
-0.937951, -0.917884, -0.872563, -0.818121, -0.785915
-0.785915, -0.751422, -0.680119, -0.601706, -0.557752
-0.557752, -0.512174, -0.421795, -0.327007, -0.275562
-0.275562, -0.223315, -0.122615, -0.0206335, 0.0333193
0.0333195, 0.0871749, 0.188442, 0.287739, 0.338973
0.338974, 0.389221, 0.481246, 0.56824, 0.611793
0.611793, 0.653565, 0.727434, 0.793698, 0.825352
0.825352, 0.854603, 0.903161, 0.942276, 0.958964
0.958964, 0.97286, 0.991403, 0.999582, 0.999687
0.999687, 0.996882, 0.983614, 0.960063, 0.943576

-0.648793, -0.688892, -0.759308, -0.821786, -0.851321
-0.851322, -0.878378, -0.922593, -0.957162, -0.971386
-0.971386, -0.982782, -0.996512, -0.999824, -0.997358
-0.997358, -0.991989, -0.973905, -0.945639, -0.926722
-0.926722, -0.905108, -0.856961, -0.799856, -0.76632
-0.76632, -0.730555, -0.657009, -0.576595, -0.531689
-0.531689, -0.485237, -0.393416, -0.297482, -0.245557
-0.245557, -0.192917, -0.0917149, 0.0104454, 0.0643614
0.0643616, 0.11809, 0.21887, 0.317361, 0.368045
0.368046, 0.417658, 0.508254, 0.593536, 0.636079
0.636079, 0.67677, 0.748406, 0.812219, 0.842499
0.842499, 0.870327, 0.916065, 0.952227, 0.967312
0.967312, 0.979581, 0.99499, 0.999998, 0.998426
0.998426, 0.993948, 0.977536, 0.950905, 0.932829
0.932829, 0.912038, 0.865394, 0.809704, 0.776875
0.776874, 0.741784, 0.669427, 0.590071, 0.545669
0.545668, 0.499677, 0.408616, 0.313282, 0.261607
0.261607, 0.20917, 0.108224, 0.00614704, -0.0477951
-0.0477953, -0.101598, -0.20265, -0.301583, -0.352567
-0.352568, -0.402525, -0.493895, -0.580101, -0.623189
-0.623189, -0.664462, -0.737299, -0.802428, -0.833445
-0.833445, -0.862036, -0.909285, -0.947028, -0.962971
-0.962971, -0.97611, -0.993194, -0.999896, -0.999219
-0.999219, -0.995634, -0.980899, -0.955909, -0.938679
-0.938679, -0.918717, -0.873589, -0.819329, -0.787215
-0.787215, -0.752809, -0.68166, -0.603385, -0.559497
-0.559497, -0.513981, -0.423703, -0.328996, -0.277585
-0.277585, -0.225366, -0.124704, -0.0227378, 0.0312156
0.0312158, 0.085078, 0.186374, 0.285722, 0.336992
0.336993, 0.387281, 0.4794, 0.566507, 0.610127
0.610127, 0.651971, 0.725988, 0.792416, 0.824162
0.824162, 0.853508, 0.902255, 0.94157, 0.958365

-0.078812, -0.132464, -0.232983, -0.331066, -0.381477
-0.381477, -0.430777, -0.520677, -0.605133, -0.647191
-0.647191, -0.687364, -0.757936, -0.820585, -0.850215
-0.850215, -0.87737, -0.921779, -0.956551, -0.970884
-0.970884, -0.982391, -0.996334, -0.999862, -0.997509
-0.997509, -0.992253, -0.97438, -0.946322, -0.927511
-0.927511, -0.906001, -0.858044, -0.801117, -0.767671
-0.767671, -0.73199, -0.658594, -0.578313, -0.533471
-0.533471, -0.487076, -0.39535, -0.299491, -0.247597
-0.247596, -0.194981, -0.0938106, 0.0083407, 0.0622609
0.0622611, 0.116, 0.216816, 0.315365, 0.366088
0.366088, 0.415745, 0.50644, 0.591841, 0.634453
0.634454, 0.675219, 0.747009, 0.810989, 0.841364
0.841364, 0.869289, 0.915219, 0.951582, 0.966776
0.966776, 0.979156, 0.994778, 1, 0.998542
0.998542, 0.994177, 0.977978, 0.951554, 0.933586
0.933585, 0.912899, 0.866447, 0.810937, 0.778198
0.778198, 0.743194, 0.670989, 0.591769, 0.547431
0.547431, 0.5015, 0.410536, 0.31528, 0.263638
0.263638, 0.211228, 0.110316, 0.00825176, -0.0456926
-0.0456928, -0.0995039, -0.200588, -0.299576, -0.350597
-0.350597, -0.400597, -0.492064, -0.578385, -0.621541
-0.621541, -0.662888, -0.735875, -0.80117, -0.83228
-0.83228, -0.860968, -0.908407, -0.94635, -0.962401
-0.962401, -0.975651, -0.992947, -0.999863, -0.9993
-0.9993, -0.995828, -0.981306, -0.956525, -0.939403
-0.939403, -0.919546, -0.874612, -0.820534, -0.788511
-0.788511, -0.754193, -0.683199, -0.605063, -0.561241
-0.561241, -0.515785, -0.425608, -0.330982, -0.279606
-0.279606, -0.227416, -0.126792, -0.024842, 0.0291118
0.029112, 0.0829806, 0.184306, 0.283705, 0.33501
0.33501, 0.38534, 0.477552, 0.564771, 0.608458

0.52116, 0.474372, 0.382001, 0.285637, 0.233534
0.233534, 0.180752, 0.0793773, -0.0228267, -0.0767135
-0.0767138, -0.130377, -0.230936, -0.32908, -0.379531
-0.379531, -0.428877, -0.518879, -0.603456, -0.645585
-0.645585, -0.685834, -0.756562, -0.81938, -0.849105
-0.849105, -0.876359, -0.920961, -0.955935, -0.970378
-0.970378, -0.981995, -0.996152, -0.999894, -0.997655
-0.997655, -0.992512, -0.974851, -0.947, -0.928296
-0.928296, -0.90689, -0.859123, -0.802375, -0.769018
-0.769018, -0.733423, -0.660176, -0.580029, -0.53525
-0.53525, -0.488913, -0.397282, -0.301499, -0.249635
-0.249635, -0.197045, -0.0959059, 0.00623598, 0.06016
0.0601602, 0.113909, 0.21476, 0.313366, 0.364128
0.364128, 0.41383, 0.504624, 0.590143, 0.632825
0.632825, 0.673665, 0.745608, 0.809756, 0.840224
0.840224, 0.868246, 0.914369, 0.950933, 0.966236
0.966236, 0.978726, 0.99456, 0.999998, 0.998653
0.998653, 0.994402, 0.978415, 0.952199, 0.934338
0.934338, 0.913756, 0.867496, 0.812167, 0.779518
0.779518, 0.7446, 0.672548, 0.593465, 0.549191
0.549191, 0.503319, 0.412454, 0.317277, 0.265668
0.265667, 0.213285, 0.112408, 0.0103564, -0.0435899
-0.0435901, -0.0974093, -0.198526, -0.297567, -0.348625
-0.348625, -0.398668, -0.49023, -0.576667, -0.619891
-0.619891, -0.66131, -0.734449, -0.799909, -0.831112
-0.831112, -0.859895, -0.907525, -0.945668, -0.961827
-0.961828, -0.975187, -0.992695, -0.999826, -0.999377
-0.999377, -0.996018, -0.981709, -0.957137, -0.940122
-0.940122, -0.920371, -0.87563, -0.821735, -0.789804
-0.789804, -0.755573, -0.684734, -0.606737, -0.562982
-0.562981, -0.517587, -0.427512, -0.332968, -0.281627
-0.281626, -0.229466, -0.128879, -0.026946, 0.0270078

0.92281, 0.90069, 0.851618, 0.793645, 0.759676
0.759677, 0.723497, 0.649226, 0.568166, 0.522956
0.522956, 0.476224, 0.383946, 0.287654, 0.23558
0.23558, 0.182821, 0.0814753, -0.0207224, -0.0746149
-0.074615, -0.12829, -0.228887, -0.327091, -0.377583
-0.377583, -0.426975, -0.517079, -0.601777, -0.643976
-0.643976, -0.684301, -0.755184, -0.818172, -0.847992
-0.847992, -0.875343, -0.920139, -0.955315, -0.969867
-0.969867, -0.981596, -0.995965, -0.999923, -0.997797
-0.997797, -0.992767, -0.975318, -0.947674, -0.929077
-0.929076, -0.907775, -0.860198, -0.803629, -0.770362
-0.770362, -0.734852, -0.661756, -0.581742, -0.537027
-0.537026, -0.490748, -0.399213, -0.303505, -0.251673
-0.251673, -0.199108, -0.0980008, 0.00413123, 0.0580589
0.0580591, 0.111818, 0.212704, 0.311367, 0.362167
0.362167, 0.411913, 0.502806, 0.588443, 0.631194
0.631194, 0.672108, 0.744204, 0.808519, 0.839081
0.839081, 0.8672, 0.913515, 0.950279, 0.965691
0.965691, 0.978292, 0.994339, 0.999991, 0.99876
0.99876, 0.994622, 0.978848, 0.95284, 0.935086
0.935086, 0.914609, 0.868541, 0.813393, 0.780835
0.780835, 0.746004, 0.674104, 0.595157, 0.550949
0.550949, 0.505137, 0.41437, 0.319272, 0.267696
0.267696, 0.215341, 0.114499, 0.0124611, -0.0414871
-0.0414872, -0.0953143, -0.196463, -0.295557, -0.346652
-0.346652, -0.396737, -0.488395, -0.574946, -0.618238
-0.618238, -0.65973, -0.733018, -0.798644, -0.829939
-0.829939, -0.858819, -0.906639, -0.944982, -0.961249
-0.961249, -0.974719, -0.992439, -0.999785, -0.999449
-0.999449, -0.996204, -0.982107, -0.957744, -0.940838
-0.940837, -0.921192, -0.876645, -0.822933, -0.791093
-0.791093, -0.75695, -0.686267, -0.608409, -0.56472

0.973294, 0.98426, 0.99716, 0.999638, 0.99673
0.996732, 0.990923, 0.972017, 0.942949, 0.92362
0.92362, 0.901603, 0.85272, 0.794923, 0.761044
0.761044, 0.724949, 0.650825, 0.569897, 0.524749
0.524749, 0.478074, 0.385888, 0.289669, 0.237625
0.237625, 0.18489, 0.0835729, -0.018618, -0.0725158
-0.072516, -0.126202, -0.226838, -0.325102, -0.375633
-0.375633, -0.425071, -0.515276, -0.600094, -0.642364
-0.642365, -0.682765, -0.753802, -0.81696, -0.846874
-0.846874, -0.874323, -0.919312, -0.954691, -0.969352
-0.969352, -0.981191, -0.995774, -0.999947, -0.997935
-0.997935, -0.993017, -0.975781, -0.948344, -0.929853
-0.929853, -0.908656, -0.86127, -0.80488, -0.771702
-0.771702, -0.736278, -0.663332, -0.583453, -0.538801
-0.538801, -0.492581, -0.401142, -0.30551, -0.253709
-0.253709, -0.201171, -0.100095, 0.00202646, 0.0559576
0.0559578, 0.109726, 0.210647, 0.309366, 0.360204
0.360204, 0.409994, 0.500985, 0.586739, 0.62956
0.62956, 0.670548, 0.742796, 0.807279, 0.837934
0.837934, 0.86615, 0.912656, 0.949622, 0.965142
0.965142, 0.977854, 0.994113, 0.99998, 0.998863
0.998863, 0.994838, 0.979276, 0.953477, 0.93583
0.93583, 0.915458, 0.869582, 0.814616, 0.782148
0.782148, 0.747404, 0.675657, 0.596847, 0.552704
0.552704, 0.506952, 0.416285, 0.321266, 0.269723
0.269723, 0.217396, 0.11659, 0.0145657, -0.039384
-0.0393842, -0.0932189, -0.194399, -0.293546, -0.344677
-0.344677, -0.394804, -0.486557, -0.573223, -0.616582
-0.616582, -0.658147, -0.731585, -0.797376, -0.828763
-0.828763, -0.857739, -0.905749, -0.944291, -0.960667
-0.960667, -0.974246, -0.992179, -0.999739, -0.999517
-0.999516, -0.996385, -0.982502, -0.958347, -0.941549

0.6534, 0.693278, 0.763243, 0.825229, 0.854489
0.85449, 0.881263, 0.924917, 0.958902, 0.97281
0.97281, 0.983885, 0.997, 0.999692, 0.996899
0.996899, 0.991204, 0.972509, 0.943648, 0.924425
0.924425, 0.902511, 0.853818, 0.796198, 0.762407
0.762407, 0.726397, 0.652421, 0.571626, 0.52654
0.52654, 0.479921, 0.387829, 0.291683, 0.239669
0.239669, 0.186958, 0.0856701, -0.0165136, -0.0704164
-0.0704166, -0.124114, -0.224787, -0.32311, -0.373681
-0.373682, -0.423164, -0.513471, -0.598409, -0.64075
-0.64075, -0.681225, -0.752418, -0.815744, -0.845753
-0.845753, -0.8733, -0.918482, -0.954062, -0.968833
-0.968833, -0.980783, -0.995579, -0.999966, -0.998068
-0.998068, -0.993263, -0.976239, -0.949009, -0.930625
-0.930625, -0.909532, -0.862337, -0.806127, -0.773039
-0.773039, -0.7377, -0.664906, -0.585161, -0.540573
-0.540573, -0.494411, -0.403069, -0.307513, -0.255745
-0.255745, -0.203232, -0.102189, -7.832e-05, 0.053856
0.0538562, 0.107633, 0.208589, 0.307364, 0.35824
0.35824, 0.408073, 0.499163, 0.585034, 0.627923
0.627923, 0.668985, 0.741385, 0.806035, 0.836784
0.836784, 0.865096, 0.911794, 0.94896, 0.964589
0.964589, 0.977411, 0.993883, 0.999965, 0.998961
0.998961, 0.995049, 0.9797, 0.954109, 0.936569
0.936569, 0.916303, 0.87062, 0.815835, 0.783458
0.783458, 0.7488, 0.677207, 0.598535, 0.554457
0.554457, 0.508766, 0.418198, 0.323259, 0.27175
0.271749, 0.21945, 0.11868, 0.0166702, -0.0372808
-0.037281, -0.0911231, -0.192333, -0.291533, -0.3427
-0.3427, -0.392869, -0.484717, -0.571497, -0.614924
-0.614924, -0.656561, -0.730149, -0.796104, -0.827584
-0.827584, -0.856655, -0.904855, -0.943596, -0.96008

0.0848604, 0.138476, 0.23888, 0.336787, 0.38708
0.38708, 0.436246, 0.525849, 0.609954, 0.651805
0.651806, 0.69176, 0.761881, 0.824038, 0.853394
0.853394, 0.880266, 0.924115, 0.958303, 0.97232
0.97232, 0.983507, 0.996835, 0.999742, 0.997063
0.997063, 0.99148, 0.972997, 0.944343, 0.925226
0.925226, 0.903416, 0.854911, 0.79747, 0.763768
0.763768, 0.727842, 0.654015, 0.573351, 0.528328
0.528328, 0.481767, 0.389768, 0.293695, 0.241712
0.241712, 0.189026, 0.087767, -0.0144091, -0.0683167
-0.0683169, -0.122025, -0.222736, -0.321118, -0.371728
-0.371728, -0.421256, -0.511664, -0.596722, -0.639133
-0.639133, -0.679683, -0.75103, -0.814525, -0.844628
-0.844628, -0.872272, -0.917648, -0.95343, -0.968309
-0.968309, -0.98037, -0.995379, -0.999981, -0.998196
-0.998196, -0.993505, -0.976693, -0.949671, -0.931394
-0.931394, -0.910405, -0.863401, -0.807371, -0.774372
-0.774372, -0.73912, -0.666477, -0.586866, -0.542342
-0.542342, -0.49624, -0.404994, -0.309515, -0.257779
-0.257779, -0.205292, -0.104283, -0.0021831, 0.0517541
0.0517543, 0.105541, 0.20653, 0.30536, 0.356274
0.356274, 0.406151, 0.497338, 0.583325, 0.626284
0.626284, 0.667419, 0.739971, 0.804787, 0.835629
0.835629, 0.864039, 0.910928, 0.948294, 0.964032
0.964032, 0.976964, 0.993648, 0.999945, 0.999055
0.999055, 0.995256, 0.98012, 0.954737, 0.937305
0.937305, 0.917144, 0.871653, 0.81705, 0.784764
0.784764, 0.750194, 0.678755, 0.60022, 0.556208
0.556207, 0.510576, 0.420109, 0.32525, 0.273775
0.273774, 0.221503, 0.12077, 0.0187746, -0.0351774
-0.0351776, -0.0890269, -0.190268, -0.289519, -0.340722
-0.340722, -0.390933, -0.482875, -0.569769, -0.613263

-0.515971, -0.469021, -0.376386, -0.279816, -0.227629
-0.227629, -0.17478, -0.0733263, 0.0288934, 0.082763
0.0827632, 0.136392, 0.236836, 0.334804, 0.385138
0.385139, 0.434351, 0.524057, 0.608284, 0.650208
0.650208, 0.690238, 0.760516, 0.822844, 0.852295
0.852295, 0.879266, 0.923309, 0.957699, 0.971826
0.971826, 0.983124, 0.996665, 0.999788, 0.997222
0.997222, 0.991752, 0.973481, 0.945033, 0.926022
0.926022, 0.904316, 0.856001, 0.798738, 0.765125
0.765124, 0.729284, 0.655606, 0.575075, 0.530114
0.530114, 0.48361, 0.391706, 0.295707, 0.243754
0.243754, 0.191092, 0.0898634, -0.0123045, -0.0662167
-0.0662169, -0.119936, -0.220683, -0.319124, -0.369773
-0.369774, -0.419347, -0.509854, -0.595031, -0.637512
-0.637513, -0.678138, -0.749638, -0.813302, -0.843499
-0.843499, -0.871241, -0.916809, -0.952793, -0.967781
-0.967781, -0.979953, -0.995174, -0.999992, -0.99832
-0.99832, -0.993742, -0.977143, -0.950328, -0.932158
-0.932158, -0.911274, -0.864461, -0.808611, -0.775703
-0.775702, -0.740536, -0.668044, -0.588569, -0.54411
-0.544109, -0.498066, -0.406918, -0.311516, -0.259812
-0.259812, -0.207352, -0.106376, -0.00428787, 0.0496521
0.0496523, 0.103447, 0.20447, 0.303355, 0.354307
0.354307, 0.404226, 0.495511, 0.581615, 0.624642
0.624642, 0.66585, 0.738554, 0.803536, 0.834471
0.834471, 0.862977, 0.910057, 0.947624, 0.963471
0.963471, 0.976513, 0.993409, 0.999921, 0.999144
0.999144, 0.995459, 0.980535, 0.955361, 0.938037
0.938036, 0.917981, 0.872683, 0.818262, 0.786067
0.786067, 0.751584, 0.680299, 0.601902, 0.557956
0.557955, 0.512385, 0.422018, 0.327239, 0.275798
0.275798, 0.223555, 0.122859, 0.020879, -0.0330738

-0.920455, -0.898037, -0.848422, -0.789938, -0.755715
-0.755717, -0.719295, -0.644598, -0.563162, -0.517774
-0.517774, -0.470879, -0.378335, -0.281836, -0.229678
-0.229678, -0.176852, -0.0754252, 0.0267894, 0.0806653
0.0806655, 0.134306, 0.234791, 0.33282, 0.383195
0.383195, 0.432455, 0.522264, 0.606613, 0.648607
0.648607, 0.688714, 0.759148, 0.821646, 0.851192
0.851192, 0.878261, 0.922498, 0.957091, 0.971328
0.971328, 0.982736, 0.996491, 0.999829, 0.997376
0.997376, 0.99202, 0.97396, 0.945719, 0.926815
0.926815, 0.905212, 0.857088, 0.800003, 0.766478
0.766478, 0.730722, 0.657194, 0.576795, 0.531897
0.531897, 0.485451, 0.393642, 0.297717, 0.245795
0.245795, 0.193158, 0.0919595, -0.0101998, -0.0641164
-0.0641166, -0.117846, -0.21863, -0.317128, -0.367817
-0.367817, -0.417435, -0.508042, -0.593339, -0.635889
-0.63589, -0.676589, -0.748243, -0.812075, -0.842367
-0.842367, -0.870206, -0.915967, -0.952151, -0.967249
-0.967249, -0.979532, -0.994966, -0.999998, -0.99844
-0.99844, -0.993975, -0.977588, -0.950981, -0.932918
-0.932918, -0.912139, -0.865517, -0.809848, -0.777029
-0.777029, -0.741949, -0.669609, -0.590269, -0.545874
-0.545874, -0.49989, -0.40884, -0.313515, -0.261844
-0.261844, -0.20941, -0.108468, -0.00639261, 0.0475498
0.04755, 0.101354, 0.20241, 0.301349, 0.352338
0.352338, 0.4023, 0.493681, 0.579901, 0.622997
0.622997, 0.664278, 0.737133, 0.802281, 0.83331
0.83331, 0.861912, 0.909183, 0.946949, 0.962905
0.962905, 0.976057, 0.993166, 0.999892, 0.999229
0.999229, 0.995657, 0.980946, 0.955981, 0.938764
0.938764, 0.918814, 0.873709, 0.81947, 0.787366
0.787366, 0.752971, 0.68184, 0.603581, 0.559701

-0.974669, -0.985314, -0.997599, -0.999456, -0.996222
-0.996223, -0.990089, -0.970574, -0.940912, -0.921277
-0.921277, -0.898961, -0.849534, -0.791227, -0.757093
-0.757093, -0.720755, -0.646205, -0.5649, -0.519574
-0.519573, -0.472735, -0.380282, -0.283855, -0.231726
-0.231726, -0.178923, -0.0775239, 0.0246854, 0.0785672
0.0785674, 0.13222, 0.232744, 0.330835, 0.38125
0.38125, 0.430556, 0.520467, 0.604938, 0.647004
0.647004, 0.687186, 0.757776, 0.820444, 0.850086
0.850086, 0.877253, 0.921684, 0.956479, 0.970825
0.970825, 0.982345, 0.996313, 0.999866, 0.997526
0.997526, 0.992283, 0.974435, 0.946401, 0.927603
0.927603, 0.906105, 0.85817, 0.801264, 0.767828
0.767828, 0.732158, 0.658779, 0.578513, 0.533679
0.533678, 0.48729, 0.395575, 0.299725, 0.247835
0.247834, 0.195222, 0.0940551, -0.00809513, -0.0620158
-0.062016, -0.115756, -0.216576, -0.315132, -0.365859
-0.365859, -0.415521, -0.506228, -0.591643, -0.634264
-0.634264, -0.675038, -0.746845, -0.810845, -0.841231
-0.841231, -0.869167, -0.91512, -0.951506, -0.966713
-0.966713, -0.979106, -0.994752, -1, -0.998555
-0.998555, -0.994204, -0.978029, -0.95163, -0.933674
-0.933673, -0.912999, -0.86657, -0.811081, -0.778352
-0.778352, -0.743358, -0.671171, -0.591967, -0.547637
-0.547636, -0.501712, -0.41076, -0.315513, -0.263875
-0.263874, -0.211468, -0.110561, -0.00849733, 0.0454473
0.0454475, 0.0992595, 0.200348, 0.299342, 0.350367
0.350367, 0.400372, 0.49185, 0.578185, 0.621349
0.621349, 0.662704, 0.735709, 0.801023, 0.832144
0.832144, 0.860843, 0.908305, 0.946271, 0.962335
0.962335, 0.975597, 0.992918, 0.999859, 0.999309
0.999309, 0.995851, 0.981353, 0.956597, 0.939487

-0.657982, -0.697639, -0.76715, -0.828641, -0.857626
-0.857627, -0.884115, -0.927207, -0.960606, -0.974197
-0.974197, -0.984952, -0.997451, -0.999523, -0.996403
-0.996403, -0.990383, -0.971078, -0.941622, -0.922094
-0.922094, -0.899881, -0.850643, -0.792512, -0.758466
-0.758466, -0.722213, -0.64781, -0.566636, -0.521371
-0.521371, -0.474588, -0.382228, -0.285873, -0.233773
-0.233773, -0.180993, -0.0796221, 0.0225812, 0.0764687
0.0764689, 0.130134, 0.230697, 0.328848, 0.379304
0.379304, 0.428655, 0.518669, 0.603261, 0.645397
0.645398, 0.685655, 0.756401, 0.819239, 0.848975
0.848976, 0.87624, 0.920865, 0.955863, 0.970318
0.970318, 0.981949, 0.99613, 0.999898, 0.997672
0.997672, 0.992542, 0.974906, 0.947079, 0.928387
0.928387, 0.906993, 0.859249, 0.802521, 0.769175
0.769175, 0.73359, 0.660361, 0.580229, 0.535457
0.535457, 0.489127, 0.397508, 0.301733, 0.249873
0.249873, 0.197286, 0.0961504, -0.0059904, -0.0599149
-0.0599151, -0.113665, -0.21452, -0.313133, -0.363899
-0.363899, -0.413606, -0.504412, -0.589945, -0.632635
-0.632635, -0.673483, -0.745444, -0.809612, -0.840091
-0.840091, -0.868124, -0.914269, -0.950856, -0.966172
-0.966172, -0.978675, -0.994535, -0.999997, -0.998666
-0.998666, -0.994428, -0.978466, -0.952274, -0.934425
-0.934425, -0.913856, -0.867618, -0.81231, -0.779672
-0.779672, -0.744764, -0.67273, -0.593662, -0.549397
-0.549396, -0.503532, -0.412678, -0.31751, -0.265904
-0.265904, -0.213525, -0.112652, -0.010602, 0.0433446
0.0433448, 0.0971649, 0.198285, 0.297333, 0.348395
0.348395, 0.398443, 0.490016, 0.576467, 0.619698
0.619698, 0.661126, 0.734282, 0.799761, 0.830975
0.830975, 0.85977, 0.907422, 0.945588, 0.96176

-0.0909057, -0.144484, -0.244769, -0.342495, -0.392668
-0.392669, -0.441699, -0.531001, -0.614752, -0.656396
-0.656396, -0.696129, -0.765798, -0.827461, -0.856542
-0.856542, -0.883129, -0.926417, -0.960019, -0.97372
-0.97372, -0.984586, -0.997299, -0.999586, -0.996579
-0.996579, -0.990672, -0.971579, -0.942329, -0.922906
-0.922906, -0.900797, -0.851747, -0.793794, -0.759836
-0.759836, -0.723667, -0.649412, -0.568369, -0.523166
-0.523165, -0.47644, -0.384172, -0.287889, -0.235819
-0.235819, -0.183063, -0.08172, 0.0204769, 0.07437
0.0743702, 0.128046, 0.228648, 0.326859, 0.377355
0.377355, 0.426753, 0.516868, 0.601581, 0.643788
0.643788, 0.684122, 0.755023, 0.81803, 0.847861
0.847861, 0.875224, 0.920042, 0.955242, 0.969807
0.969807, 0.981549, 0.995943, 0.999926, 0.997813
0.997813, 0.992796, 0.975373, 0.947752, 0.929167
0.929167, 0.907878, 0.860323, 0.803775, 0.770518
0.770518, 0.735018, 0.66194, 0.581942, 0.537234
0.537234, 0.490962, 0.399438, 0.303739, 0.251911
0.25191, 0.199349, 0.0982452, -0.00388565, -0.0578138
-0.057814, -0.111574, -0.212464, -0.311134, -0.361938
-0.361938, -0.411689, -0.502593, -0.588244, -0.631003
-0.631004, -0.671926, -0.744039, -0.808375, -0.838947
-0.838947, -0.867078, -0.913415, -0.950203, -0.965627
-0.965627, -0.978241, -0.994313, -0.99999, -0.998773
-0.998773, -0.994648, -0.978898, -0.952915, -0.935173
-0.935173, -0.914709, -0.868663, -0.813536, -0.780988
-0.780988, -0.746167, -0.674285, -0.595355, -0.551154
-0.551154, -0.505349, -0.414594, -0.319505, -0.267933
-0.267932, -0.215581, -0.114743, -0.0127067, 0.0412417
0.0412419, 0.0950699, 0.196222, 0.295322, 0.346421
0.346421, 0.396511, 0.48818, 0.574745, 0.618045

0.510764, 0.463653, 0.370756, 0.273985, 0.221715
0.221716, 0.168801, 0.0672726, -0.0349591, -0.0888093
-0.0888096, -0.142401, -0.242728, -0.340517, -0.390732
-0.390732, -0.43981, -0.529216, -0.61309, -0.654806
-0.654807, -0.694617, -0.764443, -0.826277, -0.855454
-0.855454, -0.88214, -0.925622, -0.959428, -0.973238
-0.973238, -0.984216, -0.997142, -0.999644, -0.996751
-0.996751, -0.990956, -0.972075, -0.943031, -0.923714
-0.923714, -0.901709, -0.852848, -0.795072, -0.761203
-0.761203, -0.725118, -0.651011, -0.570099, -0.524958
-0.524958, -0.478289, -0.386115, -0.289904, -0.237864
-0.237864, -0.185132, -0.0838176, 0.0183725, 0.0722708
0.072271, 0.125959, 0.226599, 0.324869, 0.375405
0.375405, 0.424848, 0.515065, 0.599898, 0.642176
0.642176, 0.682585, 0.753641, 0.816818, 0.846743
0.846744, 0.874204, 0.919216, 0.954618, 0.969292
0.969292, 0.981144, 0.995751, 0.999949, 0.99795
0.99795, 0.993046, 0.975835, 0.948422, 0.929943
0.929943, 0.908758, 0.861394, 0.805026, 0.771858
0.771858, 0.736444, 0.663516, 0.583652, 0.539008
0.539008, 0.492795, 0.401367, 0.305743, 0.253947
0.253947, 0.201411, 0.10034, -0.00178088, -0.0557124
-0.0557126, -0.109482, -0.210407, -0.309133, -0.359975
-0.359975, -0.40977, -0.500773, -0.586541, -0.629369
-0.629369, -0.670366, -0.742632, -0.807134, -0.8378
-0.8378, -0.866027, -0.912556, -0.949545, -0.965078
-0.965078, -0.977802, -0.994087, -0.999979, -0.998875
-0.998875, -0.994863, -0.979326, -0.953551, -0.935916
-0.935916, -0.915557, -0.869704, -0.814758, -0.782301
-0.782301, -0.747567, -0.675838, -0.597044, -0.552909
-0.552909, -0.507164, -0.416508, -0.321499, -0.26996
-0.26996, -0.217635, -0.116834, -0.0148112, 0.0391386

0.918067, 0.895351, 0.845194, 0.786202, 0.751727
0.751728, 0.715066, 0.639946, 0.558137, 0.512573
0.512572, 0.465516, 0.37271, 0.276008, 0.223767
0.223767, 0.170875, 0.0693724, -0.0328555, -0.0867127
-0.0867129, -0.140317, -0.240685, -0.338537, -0.388794
-0.388794, -0.437919, -0.527429, -0.611426, -0.653214
-0.653214, -0.693101, -0.763084, -0.82509, -0.854362
-0.854362, -0.881147, -0.924824, -0.958832, -0.972753
-0.972753, -0.983841, -0.996981, -0.999698, -0.996918
-0.996918, -0.991237, -0.972567, -0.943729, -0.924519
-0.924519, -0.902617, -0.853945, -0.796347, -0.762566
-0.762566, -0.726566, -0.652608, -0.571827, -0.526749
-0.526748, -0.480137, -0.388056, -0.291918, -0.239908
-0.239908, -0.1872, -0.0859148, 0.016268, 0.0701714
0.0701716, 0.12387, 0.224548, 0.322878, 0.373454
0.373454, 0.422942, 0.51326, 0.598213, 0.640561
0.640562, 0.681045, 0.752256, 0.815602, 0.845622
0.845622, 0.87318, 0.918385, 0.953989, 0.968772
0.968772, 0.980735, 0.995555, 0.999968, 0.998083
0.998083, 0.993292, 0.976292, 0.949087, 0.930715
0.930715, 0.909634, 0.862462, 0.806273, 0.773195
0.773195, 0.737866, 0.665089, 0.58536, 0.540779
0.540779, 0.494625, 0.403294, 0.307747, 0.255982
0.255982, 0.203472, 0.102434, 0.000323902, -0.0536108
-0.053611, -0.107389, -0.208349, -0.30713, -0.358011
-0.358011, -0.407849, -0.49895, -0.584835, -0.627732
-0.627732, -0.668802, -0.74122, -0.805889, -0.836649
-0.836649, -0.864973, -0.911693, -0.948882, -0.964525
-0.964525, -0.977359, -0.993856, -0.999963, -0.998972
-0.998972, -0.995074, -0.979749, -0.954183, -0.936656
-0.936655, -0.916402, -0.87074, -0.815977, -0.78361
-0.78361, -0.748963, -0.677388, -0.598732, -0.554662

0.976008, 0.986332, 0.998001, 0.999238, 0.995676
0.995678, 0.989219, 0.969094, 0.938839, 0.9189
0.9189, 0.896286, 0.846317, 0.787501, 0.753114
0.753114, 0.716535, 0.641562, 0.559882, 0.514379
0.514379, 0.467378, 0.374663, 0.278031, 0.225818
0.225818, 0.172949, 0.071472, -0.0307518, -0.0846157
-0.0846159, -0.138233, -0.238642, -0.336556, -0.386854
-0.386854, -0.436025, -0.52564, -0.609759, -0.651619
-0.651619, -0.691582, -0.761722, -0.823899, -0.853266
-0.853266, -0.88015, -0.924021, -0.958233, -0.972262
-0.972262, -0.983462, -0.996815, -0.999748, -0.997081
-0.997081, -0.991512, -0.973054, -0.944423, -0.925319
-0.925319, -0.903521, -0.855039, -0.797618, -0.763926
-0.763926, -0.72801, -0.654201, -0.573553, -0.528536
-0.528536, -0.481982, -0.389994, -0.29393, -0.241951
-0.24195, -0.189267, -0.0880116, 0.0141635, 0.0680717
0.0680719, 0.121782, 0.222496, 0.320885, 0.3715
0.3715, 0.421034, 0.511453, 0.596525, 0.638944
0.638944, 0.679503, 0.750867, 0.814382, 0.844497
0.844497, 0.872152, 0.91755, 0.953355, 0.968248
0.968248, 0.980322, 0.995355, 0.999983, 0.998211
0.998211, 0.993533, 0.976746, 0.949748, 0.931483
0.931483, 0.910507, 0.863525, 0.807516, 0.774528
0.774528, 0.739285, 0.66666, 0.587065, 0.542549
0.542549, 0.496453, 0.405219, 0.309749, 0.258016
0.258016, 0.205533, 0.104527, 0.00242868, -0.0515089
-0.0515091, -0.105296, -0.20629, -0.305127, -0.356045
-0.356045, -0.405926, -0.497125, -0.583126, -0.626092
-0.626093, -0.667236, -0.739806, -0.804641, -0.835494
-0.835494, -0.863915, -0.910826, -0.948216, -0.963967
-0.963967, -0.976911, -0.993621, -0.999942, -0.999065
-0.999065, -0.99528, -0.980169, -0.95481, -0.937391

0.662539, 0.701974, 0.771028, 0.832023, 0.860731
0.860732, 0.886934, 0.929463, 0.962275, 0.975549
0.975549, 0.985983, 0.997866, 0.999317, 0.995871
0.995871, 0.989525, 0.969611, 0.939562, 0.919728
0.919728, 0.897218, 0.847436, 0.788796, 0.754497
0.754497, 0.718002, 0.643175, 0.561625, 0.516183
0.516182, 0.469238, 0.376613, 0.280052, 0.227868
0.227868, 0.175021, 0.0735712, -0.0286479, -0.0825183
-0.0825185, -0.136148, -0.236597, -0.334573, -0.384912
-0.384912, -0.43413, -0.523848, -0.60809, -0.650021
-0.650021, -0.69006, -0.760357, -0.822704, -0.852167
-0.852167, -0.879149, -0.923214, -0.957628, -0.971768
-0.971768, -0.983079, -0.996645, -0.999793, -0.99724
-0.99724, -0.991784, -0.973537, -0.945113, -0.926115
-0.926115, -0.904421, -0.856128, -0.798886, -0.765283
-0.765283, -0.729452, -0.655791, -0.575275, -0.530322
-0.530322, -0.483825, -0.391932, -0.295941, -0.243992
-0.243992, -0.191333, -0.090108, 0.0120589, 0.0659716
0.0659718, 0.119692, 0.220444, 0.318891, 0.369545
0.369545, 0.419124, 0.509643, 0.594834, 0.637323
0.637323, 0.677957, 0.749476, 0.813159, 0.843367
0.843367, 0.871121, 0.916711, 0.952718, 0.96772
0.96772, 0.979904, 0.99515, 0.999993, 0.998334
0.998334, 0.99377, 0.977195, 0.950404, 0.932247
0.932246, 0.911375, 0.864585, 0.808756, 0.775857
0.775857, 0.740701, 0.668227, 0.588768, 0.544316
0.544315, 0.498279, 0.407142, 0.311749, 0.260049
0.260049, 0.207592, 0.10662, 0.00453344, -0.0494068
-0.049407, -0.103203, -0.20423, -0.303121, -0.354077
-0.354077, -0.404002, -0.495297, -0.581415, -0.62445
-0.62445, -0.665667, -0.738388, -0.80339, -0.834336
-0.834336, -0.862853, -0.909956, -0.947545, -0.963405

0.0969476, 0.150487, 0.250649, 0.34819, 0.398242
0.398243, 0.447136, 0.536134, 0.619527, 0.660962
0.660962, 0.700473, 0.769687, 0.830854, 0.859658
0.859658, 0.88596, 0.928685, 0.9617, 0.975084
0.975084, 0.985629, 0.997726, 0.999393, 0.99606
0.996059, 0.989827, 0.970124, 0.94028, 0.920553
0.920552, 0.898145, 0.848552, 0.790088, 0.755877
0.755877, 0.719465, 0.644785, 0.563365, 0.517984
0.517984, 0.471095, 0.378562, 0.282072, 0.229917
0.229917, 0.177093, 0.0756701, -0.0265439, -0.0804205
-0.0804207, -0.134063, -0.234552, -0.332589, -0.382968
-0.382968, -0.432233, -0.522054, -0.606417, -0.64842
-0.64842, -0.688536, -0.758988, -0.821506, -0.851063
-0.851064, -0.878144, -0.922403, -0.95702, -0.971269
-0.971269, -0.982691, -0.996471, -0.999833, -0.997394
-0.997394, -0.992051, -0.974016, -0.945799, -0.926907
-0.926907, -0.905317, -0.857214, -0.80015, -0.766636
-0.766636, -0.73089, -0.657379, -0.576996, -0.532105
-0.532105, -0.485666, -0.393867, -0.297951, -0.246033
-0.246033, -0.193399, -0.092204, 0.00995425, 0.0638713
0.0638715, 0.117602, 0.21839, 0.316895, 0.367589
0.367589, 0.417212, 0.507831, 0.593141, 0.6357
0.6357, 0.676408, 0.748081, 0.811932, 0.842235
0.842235, 0.870085, 0.915868, 0.952076, 0.967187
0.967187, 0.979482, 0.994941, 0.999999, 0.998454
0.998454, 0.994002, 0.97764, 0.951057, 0.933006
0.933006, 0.912239, 0.86564, 0.809992, 0.777184
0.777184, 0.742113, 0.669791, 0.590468, 0.54608
0.54608, 0.500103, 0.409064, 0.313748, 0.262081
0.262081, 0.209651, 0.108713, 0.00663819, -0.0473045
-0.0473047, -0.101109, -0.202169, -0.301115, -0.352108
-0.352108, -0.402075, -0.493468, -0.579701, -0.622804

-0.505537, -0.458267, -0.365113, -0.268143, -0.215793
-0.215794, -0.162816, -0.0612164, 0.0410235, 0.0948524
0.0948527, 0.148405, 0.24861, 0.346216, 0.396311
0.396311, 0.445252, 0.534356, 0.617873, 0.659381
0.659381, 0.69897, 0.768341, 0.82968, 0.858581
0.858581, 0.884982, 0.927902, 0.961121, 0.974615
0.974615, 0.985272, 0.997582, 0.999464, 0.996244
0.996244, 0.990124, 0.970633, 0.940995, 0.921373
0.921373, 0.899068, 0.849664, 0.791377, 0.757253
0.757253, 0.720926, 0.646393, 0.565103, 0.519783
0.519783, 0.472951, 0.38051, 0.284091, 0.231965
0.231965, 0.179164, 0.0777687, -0.0244399, -0.0783224
-0.0783226, -0.131977, -0.232505, -0.330603, -0.381023
-0.381023, -0.430334, -0.520258, -0.604742, -0.646816
-0.646817, -0.687008, -0.757616, -0.820304, -0.849956
-0.849957, -0.877135, -0.921588, -0.956408, -0.970766
-0.970766, -0.982299, -0.996292, -0.99987, -0.997544
-0.997544, -0.992314, -0.974491, -0.94648, -0.927695
-0.927695, -0.906209, -0.858296, -0.801411, -0.767986
-0.767985, -0.732325, -0.658964, -0.578714, -0.533886
-0.533886, -0.487505, -0.395801, -0.29996, -0.248072
-0.248072, -0.195463, -0.0942996, 0.00784955, 0.0617707
0.0617709, 0.115512, 0.216336, 0.314898, 0.36563
0.365631, 0.415298, 0.506016, 0.591445, 0.634074
0.634074, 0.674857, 0.746682, 0.810702, 0.841098
0.841098, 0.869046, 0.915021, 0.951431, 0.96665
0.96665, 0.979056, 0.994727, 1, 0.998568
0.998568, 0.99423, 0.97808, 0.951705, 0.933761
0.933761, 0.9131, 0.866692, 0.811224, 0.778506
0.778506, 0.743522, 0.671353, 0.592165, 0.547842
0.547842, 0.501924, 0.410983, 0.315746, 0.264112
0.264111, 0.211708, 0.110805, 0.00874291, -0.045202

-0.915644, -0.892632, -0.841935, -0.782437, -0.747711
-0.747712, -0.71081, -0.635271, -0.553091, -0.507352
-0.507352, -0.460137, -0.367072, -0.27017, -0.217848
-0.217848, -0.164893, -0.063317, 0.0389203, 0.092757
0.0927572, 0.146324, 0.246571, 0.344241, 0.394378
0.394378, 0.443366, 0.532575, 0.616217, 0.657797
0.657797, 0.697463, 0.766992, 0.828504, 0.8575
0.8575, 0.884, 0.927115, 0.960538, 0.974142
0.974142, 0.98491, 0.997434, 0.999531, 0.996424
0.996424, 0.990417, 0.971137, 0.941705, 0.922189
0.922189, 0.899988, 0.850772, 0.792662, 0.758626
0.758626, 0.722383, 0.647997, 0.566838, 0.52158
0.52158, 0.474804, 0.382455, 0.286108, 0.234012
0.234012, 0.181235, 0.0798669, -0.0223356, -0.0762239
-0.0762241, -0.12989, -0.230458, -0.328616, -0.379076
-0.379076, -0.428433, -0.518459, -0.603065, -0.64521
-0.64521, -0.685477, -0.75624, -0.819098, -0.848846
-0.848846, -0.876122, -0.920769, -0.955791, -0.970259
-0.970259, -0.981902, -0.996109, -0.999901, -0.997689
-0.997689, -0.992572, -0.974961, -0.947157, -0.928478
-0.928478, -0.907097, -0.859374, -0.802668, -0.769332
-0.769332, -0.733756, -0.660545, -0.580429, -0.535665
-0.535665, -0.489341, -0.397733, -0.301967, -0.250111
-0.250111, -0.197527, -0.0963948, 0.00574482, 0.0596698
0.05967, 0.113421, 0.214281, 0.3129, 0.363671
0.363671, 0.413382, 0.5042, 0.589746, 0.632445
0.632445, 0.673302, 0.74528, 0.809468, 0.839958
0.839958, 0.868003, 0.91417, 0.95078, 0.966109
0.966109, 0.978625, 0.994509, 0.999997, 0.998679
0.998679, 0.994454, 0.978516, 0.952349, 0.934513
0.934513, 0.913956, 0.86774, 0.812453, 0.779826
0.779826, 0.744928, 0.672911, 0.59386, 0.549602

-0.977312, -0.987314, -0.998366, -0.998982, -0.995094
-0.995096, -0.988312, -0.96758, -0.936732, -0.916489
-0.916489, -0.893578, -0.843069, -0.783746, -0.749108
-0.749108, -0.712289, -0.636895, -0.554843, -0.509165
-0.509165, -0.462004, -0.369029, -0.272196, -0.219902
-0.219902, -0.166968, -0.0654175, 0.0368171, 0.0906611
0.0906613, 0.144241, 0.244531, 0.342264, 0.392443
0.392443, 0.441479, 0.530793, 0.614558, 0.656211
0.656211, 0.695953, 0.76564, 0.827323, 0.856415
0.856415, 0.883014, 0.926324, 0.95995, 0.973664
0.973664, 0.984543, 0.997281, 0.999593, 0.9966
0.9966, 0.990705, 0.971637, 0.942411, 0.923001
0.923001, 0.900903, 0.851876, 0.793943, 0.759996
0.759996, 0.723837, 0.649599, 0.568571, 0.523375
0.523375, 0.476656, 0.384399, 0.288124, 0.236058
0.236058, 0.183304, 0.0819648, -0.0202313, -0.0741251
-0.0741252, -0.127803, -0.228409, -0.326627, -0.377128
-0.377128, -0.426531, -0.516658, -0.601384, -0.6436
-0.6436, -0.683943, -0.754862, -0.817889, -0.847731
-0.847731, -0.875105, -0.919946, -0.95517, -0.969747
-0.969747, -0.981502, -0.995921, -0.999929, -0.99783
-0.99783, -0.992826, -0.975427, -0.947831, -0.929258
-0.929258, -0.907981, -0.860449, -0.803922, -0.770675
-0.770675, -0.735185, -0.662124, -0.582141, -0.537441
-0.537441, -0.491176, -0.399663, -0.303973, -0.252148
-0.252148, -0.19959, -0.0984896, 0.00364007, 0.0575686
0.0575688, 0.111329, 0.212224, 0.3109, 0.361709
0.361709, 0.411465, 0.502381, 0.588045, 0.630813
0.630813, 0.671744, 0.743875, 0.80823, 0.838814
0.838814, 0.866956, 0.913315, 0.950126, 0.965563
0.965563, 0.97819, 0.994287, 0.999989, 0.998785
0.998785, 0.994673, 0.978948, 0.952989, 0.93526

-0.667073, -0.706283, -0.774879, -0.835374, -0.863804
-0.863805, -0.889721, -0.931685, -0.963909, -0.976865
-0.976865, -0.986977, -0.998244, -0.999075, -0.995301
-0.995301, -0.988631, -0.968109, -0.937467, -0.917329
-0.917329, -0.894521, -0.844199, -0.785052, -0.7505
-0.7505, -0.713765, -0.638516, -0.556593, -0.510975
-0.510975, -0.46387, -0.370985, -0.274221, -0.221955
-0.221955, -0.169043, -0.0675176, 0.0347136, 0.0885648
0.088565, 0.142158, 0.242489, 0.340286, 0.390506
0.390506, 0.439589, 0.529008, 0.612896, 0.654621
0.654621, 0.69444, 0.764284, 0.826139, 0.855327
0.855327, 0.882024, 0.925529, 0.959359, 0.973182
0.973182, 0.984172, 0.997124, 0.999651, 0.996771
0.996771, 0.990989, 0.972132, 0.943113, 0.923809
0.923808, 0.901815, 0.852976, 0.795221, 0.761362
0.761362, 0.725287, 0.651198, 0.570301, 0.525167
0.525167, 0.478505, 0.386341, 0.290139, 0.238102
0.238102, 0.185373, 0.0840623, -0.018127, -0.0720259
-0.0720261, -0.125715, -0.226359, -0.324637, -0.375178
-0.375178, -0.424626, -0.514855, -0.599701, -0.641988
-0.641988, -0.682406, -0.753479, -0.816676, -0.846613
-0.846613, -0.874085, -0.919119, -0.954545, -0.969231
-0.969231, -0.981097, -0.995729, -0.999952, -0.997966
-0.997966, -0.993075, -0.975888, -0.948499, -0.930034
-0.930034, -0.908861, -0.861519, -0.805172, -0.772014
-0.772014, -0.73661, -0.6637, -0.583852, -0.539215
-0.539214, -0.493008, -0.401592, -0.305977, -0.254184
-0.254184, -0.201652, -0.100584, 0.0015353, 0.0554672
0.0554674, 0.109238, 0.210167, 0.308899, 0.359746
0.359746, 0.409546, 0.50056, 0.586342, 0.629178
0.629178, 0.670183, 0.742467, 0.806989, 0.837666
0.837666, 0.865905, 0.912456, 0.949468, 0.965014

-0.102986, -0.156483, -0.256519, -0.353873, -0.403802
-0.403802, -0.452556, -0.541247, -0.624279, -0.665504
-0.665504, -0.704791, -0.773547, -0.834215, -0.862743
-0.862743, -0.888758, -0.930918, -0.963346, -0.976412
-0.976412, -0.986636, -0.998117, -0.999163, -0.995503
-0.995503, -0.988945, -0.968634, -0.938197, -0.918165
-0.918165, -0.89546, -0.845325, -0.786354, -0.75189
-0.75189, -0.715237, -0.640135, -0.558341, -0.512783
-0.512783, -0.465734, -0.372938, -0.276244, -0.224007
-0.224007, -0.171117, -0.0696174, 0.03261, 0.0864681
0.0864683, 0.140074, 0.240447, 0.338306, 0.388567
0.388567, 0.437698, 0.527221, 0.611232, 0.653028
0.653028, 0.692924, 0.762925, 0.824951, 0.854234
0.854234, 0.881031, 0.92473, 0.958763, 0.972696
0.972696, 0.983797, 0.996962, 0.999704, 0.996938
0.996938, 0.991269, 0.972624, 0.943811, 0.924612
0.924612, 0.902722, 0.854073, 0.796495, 0.762725
0.762725, 0.726735, 0.652794, 0.572029, 0.526957
0.526957, 0.480352, 0.388282, 0.292153, 0.240146
0.240146, 0.187441, 0.0861595, -0.0160225, -0.0699264
-0.0699266, -0.123627, -0.224309, -0.322646, -0.373226
-0.373226, -0.422719, -0.513049, -0.598016, -0.640373
-0.640373, -0.680866, -0.752094, -0.81546, -0.845491
-0.845491, -0.87306, -0.918288, -0.953915, -0.968711
-0.968711, -0.980687, -0.995532, -0.99997, -0.998098
-0.998098, -0.99332, -0.976346, -0.949164, -0.930805
-0.930805, -0.909736, -0.862586, -0.806418, -0.77335
-0.77335, -0.738032, -0.665273, -0.585559, -0.540986
-0.540986, -0.494838, -0.403518, -0.30798, -0.256219
-0.256219, -0.203713, -0.102678, -0.000569483, 0.0533655
0.0533657, 0.107145, 0.208109, 0.306897, 0.357781
0.357782, 0.407625, 0.498737, 0.584635, 0.627541

0.500291, 0.452865, 0.359457, 0.262292, 0.209864
0.209864, 0.156826, 0.0551579, -0.0470863, -0.100892
-0.100892, -0.154404, -0.254484, -0.351903, -0.401875
-0.401876, -0.450678, -0.539476, -0.622634, -0.663932
-0.663932, -0.703297, -0.772211, -0.833053, -0.861676
-0.861677, -0.887792, -0.930147, -0.962779, -0.975956
-0.975956, -0.986291, -0.997986, -0.999247, -0.9957
-0.9957, -0.989255, -0.969155, -0.938924, -0.918997
-0.918997, -0.896395, -0.846448, -0.787652, -0.753276
-0.753276, -0.716707, -0.64175, -0.560085, -0.514589
-0.514589, -0.467595, -0.37489, -0.278267, -0.226058
-0.226057, -0.173191, -0.0717169, 0.0305063, 0.084371
0.0843712, 0.13799, 0.238403, 0.336324, 0.386627
0.386627, 0.435804, 0.525431, 0.609564, 0.651433
0.651433, 0.691405, 0.761563, 0.82376, 0.853138
0.853138, 0.880033, 0.923927, 0.958162, 0.972205
0.972205, 0.983418, 0.996796, 0.999753, 0.9971
0.9971, 0.991544, 0.973111, 0.944504, 0.925412
0.925412, 0.903626, 0.855166, 0.797766, 0.764085
0.764084, 0.728179, 0.654387, 0.573754, 0.528745
0.528745, 0.482197, 0.390221, 0.294165, 0.242189
0.242189, 0.189508, 0.0882562, -0.0139179, -0.0678267
-0.0678268, -0.121538, -0.222257, -0.320653, -0.371272
-0.371272, -0.420811, -0.511242, -0.596328, -0.638755
-0.638755, -0.679323, -0.750705, -0.81424, -0.844365
-0.844365, -0.872032, -0.917452, -0.953281, -0.968186
-0.968187, -0.980273, -0.995331, -0.999984, -0.998225
-0.998225, -0.993561, -0.976798, -0.949824, -0.931572
-0.931572, -0.910608, -0.863649, -0.807661, -0.774683
-0.774683, -0.73945, -0.666843, -0.587264, -0.542755
-0.542755, -0.496666, -0.405443, -0.309982, -0.258253
-0.258253, -0.205773, -0.104771, -0.00267426, 0.0512636

0.913187, 0.88988, 0.838645, 0.778644, 0.743667
0.743669, 0.706528, 0.630573, 0.548025, 0.502113
0.502113, 0.45474, 0.36142, 0.264322, 0.211922
0.211921, 0.158904, 0.0572593, -0.0449837, -0.0987979
-0.098798, -0.152324, -0.252448, -0.349932, -0.399947
-0.399947, -0.448798, -0.537702, -0.620985, -0.662356
-0.662356, -0.701799, -0.770872, -0.831887, -0.860606
-0.860607, -0.886821, -0.929373, -0.962208, -0.975495
-0.975495, -0.985942, -0.99785, -0.999327, -0.995893
-0.995893, -0.98956, -0.969672, -0.939646, -0.919825
-0.919825, -0.897326, -0.847567, -0.788947, -0.754658
-0.754658, -0.718173, -0.643363, -0.561828, -0.516393
-0.516393, -0.469455, -0.376841, -0.280288, -0.228107
-0.228107, -0.175263, -0.0738161, 0.0284024, 0.0822735
0.0822737, 0.135905, 0.236359, 0.334341, 0.384685
0.384685, 0.433909, 0.523639, 0.607895, 0.649834
0.649835, 0.689883, 0.760197, 0.822565, 0.852038
0.852038, 0.879031, 0.92312, 0.957558, 0.97171
0.97171, 0.983034, 0.996625, 0.999798, 0.997258
0.997258, 0.991815, 0.973593, 0.945193, 0.926208
0.926207, 0.904526, 0.856255, 0.799034, 0.765441
0.765441, 0.72962, 0.655977, 0.575476, 0.53053
0.53053, 0.48404, 0.392158, 0.296176, 0.24423
0.24423, 0.191574, 0.0903526, -0.0118133, -0.0657266
-0.0657268, -0.119448, -0.220204, -0.318658, -0.369317
-0.369317, -0.418901, -0.509432, -0.594637, -0.637134
-0.637134, -0.677776, -0.749313, -0.813016, -0.843235
-0.843235, -0.871, -0.916613, -0.952643, -0.967658
-0.967658, -0.979855, -0.995126, -0.999994, -0.998349
-0.998349, -0.993797, -0.977247, -0.950481, -0.932335
-0.932335, -0.911476, -0.864708, -0.8089, -0.776012
-0.776012, -0.740866, -0.66841, -0.588966, -0.544522

0.978579, 0.988259, 0.998695, 0.99869, 0.994476
0.994477, 0.987368, 0.966029, 0.93459, 0.914044
0.914044, 0.890837, 0.83979, 0.779962, 0.745074
0.745074, 0.708016, 0.632205, 0.549784, 0.503932
0.503932, 0.456614, 0.363382, 0.266352, 0.213978
0.213978, 0.160982, 0.0593605, -0.042881, -0.0967032
-0.0967033, -0.150244, -0.250411, -0.34796, -0.398017
-0.398017, -0.446916, -0.535926, -0.619334, -0.660778
-0.660778, -0.700298, -0.76953, -0.830717, -0.859533
-0.859533, -0.885846, -0.928593, -0.961633, -0.97503
-0.97503, -0.985588, -0.99771, -0.999402, -0.996081
-0.996081, -0.989861, -0.970184, -0.940364, -0.920648
-0.920648, -0.898253, -0.848682, -0.790239, -0.756038
-0.756038, -0.719636, -0.644973, -0.563568, -0.518194
-0.518194, -0.471312, -0.37879, -0.282307, -0.230156
-0.230156, -0.177335, -0.075915, 0.0262985, 0.0801757
0.0801759, 0.13382, 0.234313, 0.332357, 0.382741
0.382742, 0.432012, 0.521845, 0.606222, 0.648233
0.648233, 0.688357, 0.758828, 0.821366, 0.850935
0.850935, 0.878026, 0.922308, 0.956949, 0.971211
0.971211, 0.982645, 0.99645, 0.999838, 0.997412
0.997412, 0.992082, 0.974072, 0.945879, 0.926999
0.926999, 0.905421, 0.857341, 0.800297, 0.766794
0.766793, 0.731057, 0.657564, 0.577196, 0.532313
0.532313, 0.485881, 0.394093, 0.298186, 0.246271
0.246271, 0.193639, 0.0924486, -0.00970868, -0.0636262
-0.0636264, -0.117358, -0.218151, -0.316662, -0.36736
-0.36736, -0.416989, -0.507619, -0.592943, -0.63551
-0.63551, -0.676227, -0.747918, -0.811789, -0.842102
-0.842102, -0.869964, -0.915769, -0.952001, -0.967125
-0.967125, -0.979433, -0.994916, -0.999999, -0.998467
-0.998467, -0.994029, -0.977691, -0.951133, -0.933094

0.671582, 0.710567, 0.778701, 0.838695, 0.866846
0.866847, 0.892475, 0.933872, 0.965507, 0.978145
0.978145, 0.987935, 0.998585, 0.998796, 0.994695
0.994695, 0.9877, 0.966571, 0.935337, 0.914896
0.914896, 0.891792, 0.84093, 0.781278, 0.746476
0.746476, 0.709501, 0.633834, 0.551541, 0.505749
0.505749, 0.458485, 0.365342, 0.26838, 0.216034
0.216033, 0.163059, 0.0614615, -0.040778, -0.094608
-0.0946082, -0.148163, -0.248373, -0.345986, -0.396085
-0.396086, -0.445032, -0.534148, -0.61768, -0.659197
-0.659197, -0.698794, -0.768184, -0.829543, -0.858455
-0.858455, -0.884868, -0.92781, -0.961054, -0.97456
-0.97456, -0.98523, -0.997565, -0.999472, -0.996265
-0.996265, -0.990158, -0.970692, -0.941078, -0.921468
-0.921468, -0.899176, -0.849793, -0.791527, -0.757414
-0.757414, -0.721096, -0.64658, -0.565305, -0.519993
-0.519993, -0.473167, -0.380737, -0.284326, -0.232204
-0.232204, -0.179406, -0.0780135, 0.0241943, 0.0780775
0.0780777, 0.131733, 0.232266, 0.330371, 0.380796
0.380796, 0.430112, 0.520048, 0.604547, 0.646629
0.646629, 0.686829, 0.757456, 0.820163, 0.849827
0.849827, 0.877017, 0.921493, 0.956336, 0.970707
0.970707, 0.982253, 0.996271, 0.999874, 0.997561
0.997561, 0.992344, 0.974546, 0.946559, 0.927786
0.927786, 0.906313, 0.858422, 0.801558, 0.768143
0.768143, 0.732492, 0.659148, 0.578914, 0.534094
0.534094, 0.487719, 0.396027, 0.300194, 0.24831
0.24831, 0.195704, 0.0945441, -0.00760398, -0.0615255
-0.0615257, -0.115268, -0.216096, -0.314665, -0.365402
-0.365402, -0.415075, -0.505805, -0.591247, -0.633884
-0.633884, -0.674675, -0.746519, -0.810558, -0.840965
-0.840965, -0.868924, -0.914922, -0.951355, -0.966587

0.10902, 0.162474, 0.26238, 0.359542, 0.409346
0.409347, 0.457959, 0.54634, 0.629009, 0.670021
0.670022, 0.709084, 0.777379, 0.837547, 0.865795
0.865795, 0.891524, 0.933118, 0.964956, 0.977705
0.977705, 0.987607, 0.998471, 0.998897, 0.99491
0.99491, 0.988027, 0.967108, 0.93608, 0.915744
0.915744, 0.892742, 0.842068, 0.78259, 0.747875
0.747875, 0.710983, 0.635461, 0.553296, 0.507564
0.507564, 0.460355, 0.367301, 0.270407, 0.218088
0.218088, 0.165135, 0.0635621, -0.0386749, -0.0925125
-0.0925127, -0.146081, -0.246333, -0.34401, -0.394152
-0.394152, -0.443146, -0.532368, -0.616023, -0.657612
-0.657612, -0.697287, -0.766835, -0.828366, -0.857374
-0.857374, -0.883885, -0.927023, -0.96047, -0.974086
-0.974086, -0.984867, -0.997416, -0.999538, -0.996445
-0.996445, -0.990451, -0.971195, -0.941788, -0.922284
-0.922284, -0.900095, -0.850901, -0.792811, -0.758786
-0.758786, -0.722552, -0.648184, -0.56704, -0.52179
-0.52179, -0.475021, -0.382682, -0.286343, -0.234251
-0.23425, -0.181476, -0.0801117, 0.0220901, 0.075979
0.0759792, 0.129647, 0.230219, 0.328384, 0.378849
0.378849, 0.428211, 0.518249, 0.602869, 0.645022
0.645022, 0.685298, 0.75608, 0.818957, 0.848716
0.848716, 0.876004, 0.920673, 0.955719, 0.970199
0.970199, 0.981856, 0.996087, 0.999905, 0.997705
0.997705, 0.992602, 0.975015, 0.947236, 0.92857
0.92857, 0.9072, 0.8595, 0.802814, 0.769489
0.769489, 0.733923, 0.66073, 0.580629, 0.535872
0.535872, 0.489556, 0.397958, 0.302201, 0.250349
0.250348, 0.197768, 0.0966393, -0.00549924, -0.0594246
-0.0594248, -0.113177, -0.214041, -0.312667, -0.363442
-0.363442, -0.413159, -0.503988, -0.589548, -0.632254

-0.495027, -0.447446, -0.353787, -0.256431, -0.203926
-0.203927, -0.150829, -0.0490974, 0.0531474, 0.106928
0.106928, 0.160397, 0.260348, 0.357577, 0.407425
0.407425, 0.456087, 0.544575, 0.627371, 0.668457
0.668458, 0.707598, 0.776053, 0.836395, 0.86474
0.86474, 0.890568, 0.932359, 0.964402, 0.977261
0.977261, 0.987275, 0.998352, 0.998993, 0.99512
0.99512, 0.988349, 0.967641, 0.936818, 0.916587
0.916587, 0.893688, 0.843201, 0.783899, 0.74927
0.74927, 0.712461, 0.637084, 0.555048, 0.509376
0.509376, 0.462222, 0.369257, 0.272432, 0.220142
0.220142, 0.16721, 0.0656625, -0.0365716, -0.0904165
-0.0904167, -0.143998, -0.244293, -0.342033, -0.392217
-0.392217, -0.441258, -0.530585, -0.614364, -0.656025
-0.656025, -0.695777, -0.765482, -0.827185, -0.856288
-0.856288, -0.882899, -0.926232, -0.959882, -0.973608
-0.973608, -0.9845, -0.997263, -0.9996, -0.99662
-0.99662, -0.990739, -0.971695, -0.942493, -0.923095
-0.923095, -0.90101, -0.852005, -0.794092, -0.760156
-0.760155, -0.724006, -0.649786, -0.568773, -0.523584
-0.523584, -0.476872, -0.384626, -0.288359, -0.236296
-0.236296, -0.183546, -0.0822096, 0.0199858, 0.0738801
0.0738803, 0.127559, 0.22817, 0.326395, 0.3769
0.3769, 0.426308, 0.516448, 0.601188, 0.643412
0.643412, 0.683764, 0.754701, 0.817748, 0.847601
0.847601, 0.874986, 0.91985, 0.955097, 0.969687
0.969687, 0.981455, 0.995899, 0.999932, 0.997846
0.997846, 0.992855, 0.975481, 0.947909, 0.929349
0.929349, 0.908084, 0.860574, 0.804068, 0.770831
0.770831, 0.735351, 0.662308, 0.582341, 0.537648
0.537648, 0.49139, 0.399888, 0.304207, 0.252386
0.252386, 0.19983, 0.098734, -0.00339449, -0.0573234

-0.910697, -0.887095, -0.835324, -0.774821, -0.739596
-0.739598, -0.702221, -0.625851, -0.542938, -0.496856
-0.496856, -0.449327, -0.355755, -0.258464, -0.205987
-0.205987, -0.152909, -0.0511995, 0.0510455, 0.104835
0.104835, 0.158319, 0.258315, 0.355611, 0.405502
0.405502, 0.454213, 0.542809, 0.62573, 0.666891
0.666891, 0.706109, 0.774724, 0.835239, 0.863681
0.863681, 0.889609, 0.931596, 0.963843, 0.976812
0.976812, 0.986938, 0.998229, 0.999085, 0.995325
0.995325, 0.988667, 0.96817, 0.937552, 0.917427
0.917427, 0.894631, 0.844331, 0.785204, 0.750663
0.750663, 0.713937, 0.638705, 0.556797, 0.511186
0.511186, 0.464088, 0.371213, 0.274457, 0.222194
0.222194, 0.169285, 0.0677626, -0.0344682, -0.0883202
-0.0883204, -0.141915, -0.242251, -0.340055, -0.39028
-0.39028, -0.439369, -0.528799, -0.612702, -0.654435
-0.654435, -0.694263, -0.764126, -0.826001, -0.855199
-0.855199, -0.881909, -0.925436, -0.959289, -0.973125
-0.973125, -0.984129, -0.997105, -0.999657, -0.996791
-0.996791, -0.991022, -0.97219, -0.943194, -0.923902
-0.923902, -0.901921, -0.853105, -0.79537, -0.761521
-0.761521, -0.725456, -0.651384, -0.570503, -0.525376
-0.525376, -0.478721, -0.386568, -0.290374, -0.238341
-0.238341, -0.185614, -0.084307, 0.0178814, 0.071781
0.0717812, 0.125471, 0.22612, 0.324405, 0.37495
0.37495, 0.424404, 0.514644, 0.599505, 0.6418
0.6418, 0.682226, 0.753318, 0.816535, 0.846482
0.846482, 0.873965, 0.919022, 0.954471, 0.969171
0.969171, 0.981049, 0.995706, 0.999954, 0.997982
0.997982, 0.993104, 0.975942, 0.948577, 0.930124
0.930124, 0.908963, 0.861644, 0.805317, 0.77217
0.77217, 0.736776, 0.663884, 0.584051, 0.539421

-0.97981, -0.989168, -0.998986, -0.998361, -0.99382
-0.993822, -0.986389, -0.964443, -0.932414, -0.911566
-0.911566, -0.888064, -0.836479, -0.77615, -0.741012
-0.741012, -0.703718, -0.627491, -0.544705, -0.498681
-0.498681, -0.451206, -0.357721, -0.260497, -0.208046
-0.208046, -0.154989, -0.0533014, 0.0489433, 0.102742
0.102742, 0.156241, 0.256282, 0.353643, 0.403577
0.403577, 0.452337, 0.54104, 0.624087, 0.665321
0.665321, 0.704617, 0.773391, 0.83408, 0.862618
0.862618, 0.888646, 0.930828, 0.96328, 0.976359
0.976359, 0.986596, 0.998102, 0.999173, 0.995526
0.995526, 0.988981, 0.968695, 0.938282, 0.918262
0.918262, 0.895569, 0.845456, 0.786505, 0.752052
0.752052, 0.715409, 0.640323, 0.558544, 0.512994
0.512994, 0.465951, 0.373166, 0.27648, 0.224246
0.224246, 0.171359, 0.0698624, -0.0323646, -0.0862234
-0.0862236, -0.139831, -0.240209, -0.338075, -0.388341
-0.388341, -0.437477, -0.527012, -0.611037, -0.652842
-0.652842, -0.692747, -0.762767, -0.824812, -0.854107
-0.854107, -0.880914, -0.924637, -0.958693, -0.972639
-0.972639, -0.983753, -0.996943, -0.99971, -0.996957
-0.996957, -0.991301, -0.972681, -0.943892, -0.924706
-0.924706, -0.902828, -0.854201, -0.796644, -0.762884
-0.762884, -0.726903, -0.65298, -0.57223, -0.527166
-0.527166, -0.480568, -0.388508, -0.292387, -0.240385
-0.240384, -0.187682, -0.0864041, 0.0157769, 0.0696815
0.0696816, 0.123383, 0.224069, 0.322413, 0.372998
0.372998, 0.422497, 0.512839, 0.597819, 0.640184
0.640184, 0.680686, 0.751932, 0.815318, 0.84536
0.84536, 0.872941, 0.91819, 0.953841, 0.96865
0.96865, 0.980639, 0.995509, 0.999972, 0.998113
0.998113, 0.993349, 0.976399, 0.949241, 0.930895

-0.676066, -0.714824, -0.782494, -0.841984, -0.869856
-0.869857, -0.895196, -0.936025, -0.967069, -0.979389
-0.979388, -0.988857, -0.998889, -0.998479, -0.994053
-0.994053, -0.986733, -0.964997, -0.933173, -0.912429
-0.912429, -0.88903, -0.837631, -0.777476, -0.742424
-0.742424, -0.705211, -0.629128, -0.546469, -0.500505
-0.500504, -0.453084, -0.359686, -0.262529, -0.210104
-0.210104, -0.157068, -0.0554031, 0.046841, 0.100648
0.100648, 0.154162, 0.254247, 0.351673, 0.401651
0.401651, 0.450458, 0.539269, 0.622441, 0.663748
0.663748, 0.703122, 0.772055, 0.832917, 0.861552
0.861552, 0.887679, 0.930057, 0.962713, 0.975902
0.975902, 0.986251, 0.99797, 0.999257, 0.995723
0.995723, 0.989291, 0.969215, 0.939008, 0.919094
0.919094, 0.896504, 0.846579, 0.787803, 0.753437
0.753437, 0.716878, 0.641939, 0.560289, 0.5148
0.5148, 0.467812, 0.375118, 0.278502, 0.226297
0.226297, 0.173432, 0.0719619, -0.0302608, -0.0841263
-0.0841265, -0.137747, -0.238165, -0.336093, -0.386401
-0.386401, -0.435583, -0.525222, -0.60937, -0.651246
-0.651247, -0.691227, -0.761404, -0.82362, -0.85301
-0.85301, -0.879916, -0.923833, -0.958092, -0.972147
-0.972147, -0.983373, -0.996776, -0.999759, -0.997119
-0.997119, -0.991576, -0.973167, -0.944585, -0.925505
-0.925505, -0.903731, -0.855293, -0.797914, -0.764243
-0.764243, -0.728347, -0.654572, -0.573955, -0.528953
-0.528953, -0.482412, -0.390447, -0.2944, -0.242427
-0.242427, -0.189749, -0.0885008, 0.0136724, 0.0675816
0.0675818, 0.121294, 0.222018, 0.32042, 0.371044
0.371044, 0.420588, 0.51103, 0.59613, 0.638566
0.638566, 0.679142, 0.750543, 0.814097, 0.844233
0.844233, 0.871912, 0.917355, 0.953207, 0.968125

-0.115051, -0.16846, -0.268231, -0.365198, -0.414876
-0.414876, -0.463345, -0.551412, -0.633715, -0.674514
-0.674514, -0.71335, -0.781182, -0.840847, -0.868816
-0.868816, -0.894256, -0.935282, -0.966531, -0.978961
-0.978961, -0.988541, -0.998788, -0.998593, -0.99428
-0.99428, -0.987072, -0.965547, -0.933927, -0.913289
-0.913289, -0.889991, -0.838779, -0.778798, -0.743832
-0.743832, -0.706702, -0.630763, -0.54823, -0.502326
-0.502325, -0.454959, -0.361649, -0.264559, -0.212162
-0.212161, -0.159146, -0.0575045, 0.0447384, 0.0985535
0.0985537, 0.152082, 0.25221, 0.349702, 0.399722
0.399722, 0.448578, 0.537495, 0.620793, 0.662172
0.662172, 0.701624, 0.770716, 0.83175, 0.860481
0.860481, 0.886707, 0.929282, 0.962141, 0.975441
0.975441, 0.985901, 0.997834, 0.999336, 0.995915
0.995915, 0.989596, 0.969732, 0.93973, 0.919921
0.919921, 0.897434, 0.847697, 0.789098, 0.75482
0.754819, 0.718344, 0.643551, 0.562031, 0.516603
0.516603, 0.469672, 0.377068, 0.280523, 0.228346
0.228346, 0.175505, 0.074061, -0.028157, -0.0820288
-0.082029, -0.135662, -0.23612, -0.33411, -0.384458
-0.384459, -0.433688, -0.52343, -0.6077, -0.649648
-0.649648, -0.689705, -0.760038, -0.822425, -0.85191
-0.85191, -0.878914, -0.923025, -0.957487, -0.971652
-0.971652, -0.982989, -0.996605, -0.999803, -0.997276
-0.997276, -0.991847, -0.973649, -0.945274, -0.9263
-0.9263, -0.90463, -0.856382, -0.799181, -0.765599
-0.765599, -0.729788, -0.656162, -0.575677, -0.530738
-0.530738, -0.484255, -0.392384, -0.29641, -0.244469
-0.244468, -0.191815, -0.0905972, 0.0115678, 0.0654815
0.0654817, 0.119205, 0.219965, 0.318425, 0.369089
0.369089, 0.418678, 0.50922, 0.594439, 0.636945

0.489745, 0.44201, 0.348104, 0.25056, 0.197981
0.197982, 0.144827, 0.0430351, -0.0592066, -0.11296
-0.11296, -0.166384, -0.266203, -0.363238, -0.41296
-0.41296, -0.461479, -0.549655, -0.632085, -0.672959
-0.672959, -0.711873, -0.779866, -0.839706, -0.867772
-0.867772, -0.893312, -0.934536, -0.965989, -0.978529
-0.978529, -0.988221, -0.998682, -0.998703, -0.994502
-0.994502, -0.987407, -0.966092, -0.934678, -0.914144
-0.914144, -0.890949, -0.839923, -0.780116, -0.745238
-0.745237, -0.70819, -0.632395, -0.549989, -0.504144
-0.504144, -0.456832, -0.363611, -0.266588, -0.214218
-0.214218, -0.161224, -0.0596057, 0.0426356, 0.0964587
0.0964589, 0.150001, 0.250173, 0.34773, 0.397792
0.397792, 0.446696, 0.535719, 0.619141, 0.660593
0.660594, 0.700123, 0.769373, 0.83058, 0.859407
0.859407, 0.885732, 0.928502, 0.961566, 0.974975
0.974975, 0.985546, 0.997693, 0.99941, 0.996103
0.996103, 0.989896, 0.970243, 0.940447, 0.920744
0.920744, 0.898361, 0.848812, 0.790389, 0.756198
0.756198, 0.719806, 0.645161, 0.563771, 0.518404
0.518404, 0.471529, 0.379017, 0.282543, 0.230395
0.230395, 0.177577, 0.0761599, -0.026053, -0.0799309
-0.0799311, -0.133576, -0.234074, -0.332125, -0.382515
-0.382515, -0.43179, -0.521635, -0.606027, -0.648046
-0.648046, -0.688179, -0.758668, -0.821226, -0.850806
-0.850806, -0.877908, -0.922213, -0.956878, -0.971152
-0.971152, -0.9826, -0.996429, -0.999842, -0.997429
-0.997429, -0.992113, -0.974127, -0.945958, -0.927091
-0.927091, -0.905525, -0.857467, -0.800445, -0.766951
-0.766951, -0.731225, -0.657749, -0.577397, -0.532521
-0.532521, -0.486095, -0.394319, -0.29842, -0.246509
-0.246509, -0.19388, -0.0926931, 0.00946311, 0.0633811

0.908174, 0.884277, 0.831972, 0.770971, 0.735498
0.7355, 0.697887, 0.621106, 0.537832, 0.49158
0.49158, 0.443897, 0.350077, 0.252597, 0.200044
0.200044, 0.146909, 0.0451378, -0.0571053, -0.110868
-0.110869, -0.164309, -0.264173, -0.361276, -0.411042
-0.411042, -0.459611, -0.547896, -0.630453, -0.6714
-0.671401, -0.710393, -0.778547, -0.838561, -0.866724
-0.866724, -0.892364, -0.933784, -0.965443, -0.978094
-0.978094, -0.987897, -0.998572, -0.998808, -0.994721
-0.994721, -0.987738, -0.966634, -0.935424, -0.914995
-0.914995, -0.891903, -0.841063, -0.781431, -0.746639
-0.746639, -0.709674, -0.634024, -0.551746, -0.505961
-0.505961, -0.458703, -0.365571, -0.268616, -0.216273
-0.216273, -0.163301, -0.0617066, 0.0405327, 0.0943635
0.0943637, 0.14792, 0.248135, 0.345755, 0.39586
0.39586, 0.444812, 0.533941, 0.617487, 0.659012
0.659012, 0.698618, 0.768027, 0.829406, 0.858329
0.858329, 0.884753, 0.927719, 0.960986, 0.974505
0.974505, 0.985188, 0.997548, 0.99948, 0.996286
0.996286, 0.990193, 0.970751, 0.941161, 0.921563
0.921563, 0.899283, 0.849923, 0.791677, 0.757574
0.757574, 0.721266, 0.646767, 0.565508, 0.520203
0.520203, 0.473384, 0.380964, 0.284561, 0.232443
0.232443, 0.179648, 0.0782584, -0.0239488, -0.0778327
-0.0778329, -0.13149, -0.232027, -0.330139, -0.380569
-0.380569, -0.429891, -0.519838, -0.604351, -0.646442
-0.646442, -0.686651, -0.757295, -0.820023, -0.849698
-0.849698, -0.876899, -0.921398, -0.956264, -0.970648
-0.970648, -0.982207, -0.99625, -0.999877, -0.997578
-0.997578, -0.992374, -0.974601, -0.946639, -0.927878
-0.927878, -0.906416, -0.858548, -0.801705, -0.7683
-0.7683, -0.732659, -0.659333, -0.579114, -0.534301

0.981006, 0.990041, 0.999241, 0.997996, 0.993129
0.99313, 0.985373, 0.962821, 0.930204, 0.909054
0.909054, 0.885258, 0.833138, 0.772309, 0.736924
0.736923, 0.699393, 0.622754, 0.539605, 0.493412
0.493412, 0.445782, 0.352048, 0.254633, 0.202106
0.202106, 0.148991, 0.0472403, -0.0550039, -0.108776
-0.108777, -0.162232, -0.262143, -0.359313, -0.409122
-0.409123, -0.457741, -0.546134, -0.628818, -0.669839
-0.669839, -0.708911, -0.777224, -0.837412, -0.865672
-0.865672, -0.891412, -0.933029, -0.964892, -0.977653
-0.977653, -0.987568, -0.998457, -0.998908, -0.994934
-0.994934, -0.988065, -0.967171, -0.936166, -0.915842
-0.915842, -0.892853, -0.8422, -0.782743, -0.748038
-0.748038, -0.711155, -0.63565, -0.5535, -0.507775
-0.507775, -0.460573, -0.367529, -0.270643, -0.218328
-0.218328, -0.165377, -0.0638072, 0.0384295, 0.092268
0.0922681, 0.145838, 0.246095, 0.34378, 0.393926
0.393926, 0.442926, 0.53216, 0.61583, 0.657427
0.657427, 0.697111, 0.766677, 0.828228, 0.857247
0.857247, 0.88377, 0.926931, 0.960401, 0.974031
0.974031, 0.984824, 0.997399, 0.999546, 0.996465
0.996465, 0.990484, 0.971254, 0.94187, 0.922379
0.922378, 0.900202, 0.85103, 0.792961, 0.758946
0.758946, 0.722722, 0.648371, 0.567242, 0.521999
0.521999, 0.475237, 0.382909, 0.286579, 0.234489
0.234489, 0.181718, 0.0803565, -0.0218446, -0.0757341
-0.0757343, -0.129403, -0.22998, -0.328152, -0.378622
-0.378622, -0.427989, -0.518039, -0.602673, -0.644834
-0.644835, -0.685119, -0.755919, -0.818817, -0.848586
-0.848586, -0.875885, -0.920578, -0.955646, -0.97014
-0.97014, -0.981809, -0.996065, -0.999908, -0.997722
-0.997722, -0.992632, -0.97507, -0.947315, -0.928661

0.680525, 0.719054, 0.786258, 0.845243, 0.872833
0.872835, 0.897884, 0.938144, 0.968596, 0.980596
0.980596, 0.989742, 0.999157, 0.998126, 0.993374
0.993374, 0.985729, 0.963388, 0.930975, 0.909929
0.909929, 0.886235, 0.8343, 0.773645, 0.738345
0.738345, 0.700896, 0.6244, 0.541376, 0.495241
0.495241, 0.447665, 0.354017, 0.256668, 0.204167
0.204167, 0.151072, 0.0493427, -0.0529022, -0.106684
-0.106684, -0.160155, -0.260111, -0.357348, -0.407201
-0.407201, -0.455868, -0.544369, -0.62718, -0.668275
-0.668275, -0.707424, -0.775898, -0.83626, -0.864617
-0.864617, -0.890457, -0.93227, -0.964337, -0.977209
-0.977209, -0.987235, -0.998338, -0.999004, -0.995144
-0.995144, -0.988387, -0.967703, -0.936904, -0.916685
-0.916685, -0.893799, -0.843333, -0.784051, -0.749433
-0.749433, -0.712634, -0.637274, -0.555252, -0.509588
-0.509587, -0.46244, -0.369486, -0.272669, -0.220381
-0.220381, -0.167452, -0.0659076, 0.0363262, 0.0901719
0.0901721, 0.143755, 0.244055, 0.341802, 0.391991
0.391991, 0.441038, 0.530377, 0.61417, 0.65584
0.65584, 0.6956, 0.765324, 0.827047, 0.856162
0.856162, 0.882784, 0.926139, 0.959813, 0.973552
0.973552, 0.984457, 0.997245, 0.999607, 0.99664
0.99664, 0.990772, 0.971753, 0.942575, 0.92319
0.923189, 0.901117, 0.852133, 0.794242, 0.760315
0.760315, 0.724175, 0.649972, 0.568975, 0.523793
0.523793, 0.477088, 0.384853, 0.288594, 0.236535
0.236535, 0.183787, 0.0824543, -0.0197403, -0.0736352
-0.0736354, -0.127316, -0.227931, -0.326163, -0.376673
-0.376673, -0.426086, -0.516238, -0.600992, -0.643224
-0.643224, -0.683584, -0.754539, -0.817606, -0.84747
-0.847471, -0.874868, -0.919753, -0.955024, -0.969627

0.121077, 0.174438, 0.274072, 0.370841, 0.42039
0.42039, 0.468715, 0.556465, 0.638398, 0.678982
0.678982, 0.71759, 0.784956, 0.844116, 0.871805
0.871805, 0.896956, 0.937413, 0.96807, 0.980181
0.980181, 0.989439, 0.999068, 0.998253, 0.993613
0.993613, 0.986081, 0.96395, 0.931741, 0.9108
0.9108, 0.887208, 0.835459, 0.774977, 0.739763
0.739762, 0.702395, 0.626042, 0.543145, 0.497069
0.497069, 0.449546, 0.355985, 0.258702, 0.206227
0.206227, 0.153152, 0.0514448, -0.0508002, -0.104591
-0.104591, -0.158077, -0.258078, -0.355381, -0.405278
-0.405278, -0.453994, -0.542603, -0.625539, -0.666708
-0.666708, -0.705935, -0.774568, -0.835104, -0.863557
-0.863557, -0.889497, -0.931506, -0.963778, -0.97676
-0.97676, -0.986898, -0.998215, -0.999096, -0.995349
-0.995349, -0.988704, -0.968232, -0.937638, -0.917524
-0.917524, -0.894741, -0.844462, -0.785356, -0.750825
-0.750825, -0.714109, -0.638894, -0.557001, -0.511397
-0.511397, -0.464305, -0.371441, -0.274693, -0.222434
-0.222434, -0.169527, -0.0680076, 0.0342228, 0.0880755
0.0880757, 0.141672, 0.242013, 0.339824, 0.390054
0.390054, 0.439148, 0.528591, 0.612508, 0.654249
0.65425, 0.694086, 0.763968, 0.825862, 0.855072
0.855072, 0.881793, 0.925343, 0.95922, 0.973069
0.973069, 0.984085, 0.997086, 0.999664, 0.99681
0.99681, 0.991055, 0.972247, 0.943276, 0.923996
0.923996, 0.902027, 0.853233, 0.795519, 0.761681
0.76168, 0.725625, 0.65157, 0.570704, 0.525585
0.525585, 0.478936, 0.386794, 0.290609, 0.238579
0.238579, 0.185856, 0.0845517, -0.0176359, -0.071536
-0.0715362, -0.125228, -0.225881, -0.324172, -0.374722
-0.374722, -0.424181, -0.514434, -0.599308, -0.641611

1.25605e-07, 0.0539341, 0.155615, 0.255669, 0.307438
0.307439, 0.358313, 0.451772, 0.540507, 0.585097
0.585097, 0.627984, 0.704168, 0.772989, 0.806081
0.806081, 0.836826, 0.888355, 0.930597, 0.948985
0.948985, 0.96461, 0.986493, 0.998063, 0.999966
0.999966, 0.998958, 0.989075, 0.968852, 0.954086
0.954086, 0.936542, 0.895851, 0.845795, 0.815789
0.815789, 0.783409, 0.715851, 0.64081, 0.598472
0.598472, 0.554392, 0.466511, 0.373754, 0.323185
0.323184, 0.271674, 0.171983, 0.0704945, 0.0165919
0.0165917, -0.0373589, -0.139204, -0.239593, -0.291608
-0.291608, -0.342773, -0.436907, -0.526473, -0.571561
-0.571561, -0.614986, -0.69229, -0.762357, -0.796151
-0.796151, -0.827628, -0.880614, -0.924395, -0.943622
-0.943622, -0.960102, -0.983639, -0.996893, -0.99969
-0.99969, -0.999577, -0.991385, -0.972828, -0.958924
-0.958924, -0.942229, -0.9031, -0.85453, -0.825273
-0.825273, -0.793613, -0.727338, -0.653459, -0.611682
-0.611682, -0.568124, -0.481123, -0.389092, -0.338842
-0.338841, -0.287605, -0.188304, -0.0870354, -0.0331792
-0.033179, 0.0207735, 0.122754, 0.223452, 0.275697
0.275697, 0.32714, 0.421922, 0.512294, 0.557868
0.557868, 0.601818, 0.680221, 0.751514, 0.786002
0.786002, 0.818201, 0.872631, 0.917939, 0.938
0.938, 0.95533, 0.980515, 0.995449, 0.99914
0.99914, 0.999922, 0.993421, 0.976535, 0.963499
0.963499, 0.947658, 0.910101, 0.86303, 0.834529
0.834529, 0.803599, 0.738625, 0.665929, 0.624724
0.624724, 0.5817, 0.495602, 0.404323, 0.354405
0.354405, 0.303456, 0.204573, 0.103552, 0.0497574
0.0497572, -0.00418233, -0.106271, -0.207249, -0.25971
-0.25971, -0.311416, -0.406822, -0.497975, -0.544021

0.00321958
1146
101
