4
64

0, 0.0269769, 0.0780456, 0.12891, 0.155615
0.155615, 0.182207, 0.232235, 0.281656, 0.307439
0.307439, 0.332997, 0.380766, 0.42754, 0.451771
0.451771, 0.475674, 0.520021, 0.563007, 0.585097
0.585097, 0.606762, 0.646605, 0.684757, 0.704168
0.704168, 0.723066, 0.757435, 0.789823, 0.806081
0.806081, 0.821753, 0.84981, 0.875645, 0.888355
0.888355, 0.900418, 0.921481, 0.940133, 0.948985
0.948985, 0.957146, 0.9707, 0.981715, 0.986493
0.986493, 0.990553, 0.996268, 0.999378, 0.999966
0.999966, 0.999825, 0.997563, 0.992692, 0.989075
0.989075, 0.984738, 0.974553, 0.961819, 0.954086
0.954086, 0.945658, 0.927798, 0.907512, 0.895851
0.895851, 0.883538, 0.858439, 0.831094, 0.815789
0.815789, 0.79989, 0.768163, 0.734428, 0.715851
0.715851, 0.696754, 0.659172, 0.619867, 0.598472
0.598472, 0.576642, 0.534121, 0.490203, 0.466511
0.466511, 0.44248, 0.396056, 0.348596, 0.323185
0.323185, 0.297538, 0.248341, 0.198496, 0.171983
0.171983, 0.145346, 0.0945761, 0.043559, 0.0165919
0.0165919, -0.0103873, -0.0614935, -0.112439, -0.139204
-0.139204, -0.165867, -0.216065, -0.265697, -0.291608
-0.291608, -0.317306, -0.365372, -0.412482, -0.436907
-0.436907, -0.461014, -0.505777, -0.549217, -0.571561
-0.571561, -0.593489, -0.633859, -0.672571, -0.69229
-0.69229, -0.711505, -0.746497, -0.779538, -0.796151
-0.796151, -0.812185, -0.840948, -0.867511, -0.880614
-0.880614, -0.893076, -0.914909, -0.934349, -0.943622
-0.943622, -0.952209, -0.966579, -0.978421, -0.983639
-0.983639, -0.988141, -0.994699, -0.998655, -0.99969
-0.99969, -0.999998, -0.998583, -0.994557, -0.991385
-0.991385, -0.98749, -0.978138, -0.966228, -0.958924
-0.958924, -0.950923, -0.933861, -0.914356, -0.9031
-0.9031, -0.891187, -0.866831, -0.840207, -0.825273
-0.825273, -0.809738, -0.778681, -0.745587, -0.727338
-0.727338, -0.70856, -0.671559, -0.632801, -0.611682
-0.611682, -0.590118, -0.548074, -0.504597, -0.481123
-0.481123, -0.457299, -0.411237, -0.364099, -0.338842
-0.338842, -0.313337, -0.264379, -0.21473, -0.188304
-0.188304, -0.161741, -0.111081, -0.0601292, -0.0331792
-0.0331792, -0.00620509, 0.0449246, 0.0959367, 0.122754
0.122754, 0.149483, 0.199835, 0.249665, 0.275697
0.275697, 0.301528, 0.349877, 0.397311, 0.421922
0.421922, 0.446227, 0.491394, 0.535276, 0.557868
0.557868, 0.580054, 0.620939, 0.6602, 0.680221
0.680221, 0.699748, 0.735355, 0.769038, 0.786002
0.786002, 0.802393, 0.831854, 0.859139, 0.872631
0.872631, 0.885489, 0.908086, 0.928307, 0.938
0.938, 0.94701, 0.962192, 0.974858, 0.980515
0.980515, 0.985457, 0.992856, 0.997657, 0.99914
0.99914, 0.999895, 0.999329, 0.996149, 0.993421
0.993421, 0.98997, 0.981454, 0.97037, 0.963499
0.963499, 0.955926, 0.939666, 0.920949, 0.910101
0.910101, 0.898591, 0.874984, 0.849089, 0.834529
0.834529, 0.819362, 0.788984, 0.756541, 0.738625
0.738625, 0.72017, 0.68376, 0.645561, 0.624724
0.624724, 0.603432, 0.561877, 0.518853, 0.495602
0.495602, 0.471991, 0.426304, 0.379502, 0.354405
0.354405, 0.32905, 0.280344, 0.230905, 0.204573
0.204573, 0.178093, 0.127555, 0.0766828, 0.0497574
0.0497574, 0.0227958, -0.0283432, -0.0794082, -0.106271
-0.106271, -0.133056, -0.18355, -0.233564, -0.25971
-0.25971, -0.285667, -0.334286, -0.38203, -0.406822
-0.406822, -0.431317, -0.476876, -0.521188, -0.544021

-0.586884, -0.564829, -0.521903, -0.477613, -0.453738
-0.453738, -0.429533, -0.382805, -0.335076, -0.309537
-0.309537, -0.283772, -0.23438, -0.184375, -0.157793
-0.157793, -0.131097, -0.0802444, -0.0291818, -0.00220574
-0.00220574, 0.0247719, 0.0758463, 0.126722, 0.153436
0.153436, 0.180037, 0.230089, 0.279539, 0.305339
0.305339, 0.330916, 0.378726, 0.425545, 0.449803
0.449803, 0.473733, 0.518135, 0.561183, 0.583307
0.583307, 0.605007, 0.64492, 0.683148, 0.7026
0.7026, 0.72154, 0.755993, 0.788468, 0.804774
0.804774, 0.820494, 0.848645, 0.874578, 0.88734
0.88734, 0.899457, 0.920622, 0.939379, 0.948287
0.948287, 0.956505, 0.970167, 0.981293, 0.986129
0.986129, 0.990248, 0.996075, 0.999298, 0.999945
0.999945, 0.999864, 0.997714, 0.992955, 0.989398
0.989398, 0.98512, 0.975045, 0.96242, 0.954744
0.954744, 0.946373, 0.928619, 0.908437, 0.896829
0.896829, 0.884569, 0.859568, 0.832319, 0.817063
0.817063, 0.801212, 0.769574, 0.735923, 0.71739
0.71739, 0.698335, 0.660829, 0.621596, 0.600238
0.600238, 0.578443, 0.535984, 0.492125, 0.468461
0.468461, 0.444457, 0.39808, 0.350663, 0.325271
0.325271, 0.299643, 0.250477, 0.200657, 0.174156
0.174156, 0.147528, 0.0967717, 0.0457626, 0.0187973
0.0187973, -0.00818169, -0.0592918, -0.110247, -0.137019
-0.137019, -0.163692, -0.213911, -0.26357, -0.289497
-0.289497, -0.315214, -0.363318, -0.410472, -0.434922
-0.434922, -0.459056, -0.503873, -0.547373, -0.56975
-0.56975, -0.591713, -0.632151, -0.670937, -0.690696
-0.690696, -0.709953, -0.745028, -0.778154, -0.794814
-0.794814, -0.810896, -0.839752, -0.866412, -0.879567
-0.879567, -0.892082, -0.914016, -0.93356, -0.94289
-0.94289, -0.951533, -0.966011, -0.977963, -0.983239
-0.983239, -0.9878, -0.99447, -0.998538, -0.999633
-0.999633, -1, -0.998698, -0.994785, -0.991671
-0.991671, -0.987836, -0.978594, -0.966794, -0.959548
-0.959548, -0.951603, -0.934647, -0.915247, -0.904045
-0.904045, -0.892185, -0.867928, -0.841401, -0.826517
-0.826517, -0.81103, -0.780063, -0.747055, -0.72885
-0.72885, -0.710115, -0.673191, -0.634508, -0.613426
-0.613426, -0.591897, -0.549918, -0.5065, -0.483056
-0.483056, -0.459259, -0.413246, -0.366153, -0.340916
-0.340916, -0.315431, -0.266506, -0.216884, -0.19047
-0.19047, -0.163918, -0.113272, -0.0623308, -0.0353837
-0.0353837, -0.00841077, 0.0427209, 0.0937409, 0.120565
0.120565, 0.147301, 0.197673, 0.247529, 0.273576
0.273576, 0.299424, 0.34781, 0.395286, 0.419922
0.419922, 0.444252, 0.489472, 0.533412, 0.556036
0.556036, 0.578256, 0.619208, 0.658541, 0.678603
0.678603, 0.698171, 0.733858, 0.767626, 0.784636
0.784636, 0.801075, 0.830628, 0.858008, 0.871552
0.871552, 0.884462, 0.90716, 0.927485, 0.937233
0.937233, 0.946299, 0.961589, 0.974364, 0.980079
0.980079, 0.98508, 0.99259, 0.997504, 0.999046
0.999046, 0.99986, 0.999407, 0.99634, 0.993672
0.993672, 0.99028, 0.981874, 0.970901, 0.964087
0.964087, 0.956571, 0.940418, 0.921806, 0.911013
0.911013, 0.899557, 0.87605, 0.850252, 0.835743
0.835743, 0.820625, 0.790337, 0.757982, 0.74011
0.74011, 0.721699, 0.685368, 0.647244, 0.626445
0.626445, 0.605189, 0.5637, 0.520737, 0.497517
0.497517, 0.473934, 0.428298, 0.381542, 0.356467
0.356467, 0.331132, 0.282461, 0.233051, 0.206732
0.206732, 0.180263, 0.129742, 0.0788819, 0.0519603

-0.950366, -0.941627, -0.923185, -0.902329, -0.890372
-0.890372, -0.877767, -0.852127, -0.824259, -0.808684
-0.808684, -0.792521, -0.760308, -0.726106, -0.707293
-0.707293, -0.687965, -0.649964, -0.610262, -0.588669
-0.588669, -0.566647, -0.523784, -0.47955, -0.455703
-0.455703, -0.431524, -0.384842, -0.337153, -0.311633
-0.311633, -0.285886, -0.236524, -0.186542, -0.159971
-0.159971, -0.133284, -0.0824428, -0.0313865, -0.00441148
-0.00441147, 0.0225668, 0.0736468, 0.124534, 0.151256
0.151256, 0.177867, 0.227942, 0.277421, 0.303238
0.303238, 0.328834, 0.376684, 0.423548, 0.447831
0.447831, 0.471789, 0.516247, 0.559356, 0.581514
0.581514, 0.603249, 0.643233, 0.681535, 0.701028
0.701028, 0.720011, 0.754547, 0.787109, 0.803463
0.803463, 0.819231, 0.847477, 0.873506, 0.886321
0.886321, 0.89849, 0.919758, 0.93862, 0.947584
0.947584, 0.955859, 0.96963, 0.980865, 0.985761
0.985761, 0.989938, 0.995878, 0.999213, 0.999919
0.999919, 0.999898, 0.997861, 0.993214, 0.989715
0.989715, 0.985496, 0.975532, 0.963017, 0.955398
0.955398, 0.947083, 0.929435, 0.909356, 0.897803
0.897803, 0.885595, 0.860693, 0.83354, 0.818333
0.818333, 0.80253, 0.77098, 0.737414, 0.718925
0.718925, 0.699912, 0.662483, 0.623322, 0.602001
0.602001, 0.580241, 0.537845, 0.494043, 0.470409
0.470409, 0.446432, 0.400103, 0.352727, 0.327356
0.327356, 0.301746, 0.252612, 0.202817, 0.176327
0.176327, 0.149709, 0.0989669, 0.0479659, 0.0210026
0.0210026, -0.005976, -0.0570898, -0.108054, -0.134834
-0.134834, -0.161515, -0.211756, -0.261442, -0.287385
-0.287385, -0.31312, -0.361262, -0.408459, -0.432935
-0.432935, -0.457095, -0.501966, -0.545525, -0.567936
-0.567936, -0.589933, -0.630441, -0.6693, -0.6891
-0.6891, -0.708398, -0.743555, -0.776767, -0.793474
-0.793474, -0.809603, -0.838552, -0.865309, -0.878516
-0.878516, -0.891083, -0.913119, -0.932768, -0.942153
-0.942153, -0.950852, -0.965439, -0.9775, -0.982835
-0.982835, -0.987454, -0.994235, -0.998417, -0.999571
-0.999571, -0.999997, -0.998808, -0.995007, -0.991953
-0.991953, -0.988176, -0.979046, -0.967355, -0.960166
-0.960166, -0.952279, -0.935429, -0.916134, -0.904986
-0.904986, -0.89318, -0.869022, -0.842591, -0.827756
-0.827756, -0.812319, -0.781441, -0.74852, -0.730359
-0.730359, -0.711666, -0.674821, -0.636211, -0.615166
-0.615166, -0.593674, -0.551759, -0.508401, -0.484986
-0.484986, -0.461217, -0.415254, -0.368204, -0.342989
-0.342989, -0.317523, -0.268631, -0.219037, -0.192635
-0.192635, -0.166093, -0.115464, -0.0645321, -0.0375879
-0.0375879, -0.0106164, 0.0405171, 0.0915447, 0.118375
0.118375, 0.145119, 0.195511, 0.245391, 0.271454
0.271454, 0.297319, 0.345741, 0.393259, 0.417919
0.417919, 0.442275, 0.487547, 0.531545, 0.554201
0.554201, 0.576455, 0.617475, 0.65688, 0.676981
0.676981, 0.69659, 0.732358, 0.766211, 0.783267
0.783267, 0.799753, 0.829397, 0.856873, 0.870468
0.870468, 0.88343, 0.906229, 0.926658, 0.936462
0.936462, 0.945584, 0.960981, 0.973866, 0.979639
0.979639, 0.984698, 0.99232, 0.997346, 0.998947
0.998947, 0.999821, 0.999481, 0.996526, 0.993917
0.993917, 0.990584, 0.98229, 0.971427, 0.96467
0.96467, 0.957212, 0.941166, 0.922659, 0.91192
0.91192, 0.900518, 0.877111, 0.851411, 0.836952
0.836952, 0.821883, 0.791686, 0.759419, 0.741591
0.741591, 0.723224, 0.686972, 0.648924, 0.628163

-0.952083, -0.959987, -0.973048, -0.983565, -0.988077
-0.988078, -0.991871, -0.997079, -0.99968, -0.999999
-0.999999, -0.999589, -0.996817, -0.991438, -0.987555
-0.987555, -0.982953, -0.972268, -0.959041, -0.95105
-0.95105, -0.942367, -0.924031, -0.903277, -0.891374
-0.891374, -0.878822, -0.853279, -0.825506, -0.80998
-0.80998, -0.793864, -0.761738, -0.727621, -0.708851
-0.708851, -0.689564, -0.651638, -0.612008, -0.590451
-0.590451, -0.568464, -0.525661, -0.481484, -0.457665
-0.457665, -0.433513, -0.386877, -0.339229, -0.313728
-0.313728, -0.287999, -0.238666, -0.188709, -0.162148
-0.162148, -0.135469, -0.0846408, -0.0335911, -0.00661719
-0.00661718, 0.0203615, 0.0714468, 0.122345, 0.149075
0.149075, 0.175696, 0.225794, 0.275301, 0.301135
0.301135, 0.32675, 0.374639, 0.421549, 0.445858
0.445858, 0.469843, 0.514357, 0.557526, 0.579718
0.579718, 0.601488, 0.641543, 0.679919, 0.699454
0.699454, 0.718479, 0.753098, 0.785747, 0.802147
0.802147, 0.817964, 0.846304, 0.87243, 0.885297
0.885297, 0.89752, 0.91889, 0.937857, 0.946877
0.946877, 0.955208, 0.969088, 0.980434, 0.985387
0.985387, 0.989624, 0.995675, 0.999123, 0.999889
0.999889, 0.999927, 0.998003, 0.993468, 0.990029
0.990029, 0.985868, 0.976015, 0.963609, 0.956047
0.956047, 0.947789, 0.930247, 0.910272, 0.898772
0.898772, 0.886618, 0.861814, 0.834756, 0.819598
0.819598, 0.803844, 0.772383, 0.738902, 0.720456
0.720456, 0.701485, 0.664134, 0.625046, 0.60376
0.60376, 0.582036, 0.539704, 0.49596, 0.472354
0.472354, 0.448405, 0.402123, 0.354791, 0.32944
0.32944, 0.303849, 0.254746, 0.204977, 0.178498
0.178498, 0.15189, 0.101162, 0.050169, 0.0232078
0.0232078, -0.00377028, -0.0548875, -0.105861, -0.132648
-0.132648, -0.159338, -0.209599, -0.259312, -0.285272
-0.285272, -0.311024, -0.359204, -0.406445, -0.430945
-0.430945, -0.455132, -0.500057, -0.543675, -0.566119
-0.566119, -0.588151, -0.628727, -0.667659, -0.6875
-0.6875, -0.70684, -0.742078, -0.775376, -0.79213
-0.79213, -0.808307, -0.837349, -0.864201, -0.87746
-0.87746, -0.89008, -0.912218, -0.93197, -0.941411
-0.941411, -0.950167, -0.964861, -0.977033, -0.982426
-0.982426, -0.987103, -0.993997, -0.99829, -0.999504
-0.999504, -0.99999, -0.998914, -0.995225, -0.99223
-0.99223, -0.988512, -0.979493, -0.967912, -0.96078
-0.96078, -0.95295, -0.936207, -0.917016, -0.905922
-0.905922, -0.894169, -0.870111, -0.843777, -0.828992
-0.828992, -0.813603, -0.782815, -0.749981, -0.731863
-0.731863, -0.713214, -0.676447, -0.637911, -0.616904
-0.616904, -0.595447, -0.553597, -0.510299, -0.486913
-0.486913, -0.463173, -0.417259, -0.370254, -0.34506
-0.34506, -0.319614, -0.270755, -0.221188, -0.194799
-0.194799, -0.168268, -0.117654, -0.0667331, -0.039792
-0.039792, -0.012822, 0.0383131, 0.089348, 0.116184
0.116184, 0.142936, 0.193347, 0.243252, 0.26933
0.26933, 0.295212, 0.34367, 0.39123, 0.415914
0.415914, 0.440295, 0.48562, 0.529675, 0.552364
0.552364, 0.574651, 0.615738, 0.655215, 0.675356
0.675356, 0.695006, 0.730854, 0.764791, 0.781894
0.781894, 0.798427, 0.828163, 0.855734, 0.869381
0.869381, 0.882395, 0.905294, 0.925827, 0.935686
0.935686, 0.944864, 0.960369, 0.973363, 0.979193
0.979193, 0.984311, 0.992044, 0.997183, 0.998843
0.998843, 0.999777, 0.999549, 0.996707, 0.994157
0.994157, 0.990884, 0.982701, 0.971948, 0.965249

-0.59138, -0.612919, -0.652512, -0.690398, -0.709663
-0.709663, -0.728411, -0.762485, -0.794564, -0.810655
-0.810655, -0.826155, -0.85388, -0.879371, -0.891896
-0.891896, -0.903771, -0.924471, -0.942752, -0.951406
-0.951406, -0.959367, -0.972537, -0.983164, -0.987736
-0.987736, -0.991588, -0.996909, -0.999622, -1
-1, -0.99965, -0.996991, -0.991724, -0.9879
-0.9879, -0.983356, -0.972782, -0.959664, -0.95173
-0.95173, -0.943103, -0.924872, -0.904221, -0.892372
-0.892372, -0.879872, -0.854428, -0.826748, -0.811271
-0.811271, -0.795203, -0.763166, -0.729132, -0.710405
-0.710405, -0.69116, -0.65331, -0.613751, -0.59223
-0.59223, -0.570277, -0.527536, -0.483416, -0.459625
-0.459625, -0.435499, -0.38891, -0.341303, -0.315822
-0.315822, -0.290111, -0.240808, -0.190875, -0.164324
-0.164324, -0.137654, -0.0868385, -0.0357955, -0.00882287
-0.00882286, 0.0181562, 0.0692466, 0.120156, 0.146894
0.146894, 0.173524, 0.223644, 0.27318, 0.299031
0.299031, 0.324665, 0.372593, 0.419548, 0.443883
0.443883, 0.467895, 0.512464, 0.555693, 0.577919
0.577919, 0.599725, 0.639849, 0.6783, 0.697876
0.697876, 0.716943, 0.751645, 0.784381, 0.800828
0.800828, 0.816693, 0.845127, 0.87135, 0.884269
0.884269, 0.896545, 0.918018, 0.937089, 0.946166
0.946166, 0.954553, 0.968542, 0.979997, 0.985009
0.985009, 0.989304, 0.995468, 0.999028, 0.999853
0.999853, 0.999951, 0.99814, 0.993718, 0.990337
0.990337, 0.986235, 0.976493, 0.964196, 0.956691
0.956691, 0.94849, 0.931054, 0.911183, 0.899737
0.899737, 0.887636, 0.862931, 0.835969, 0.82086
0.82086, 0.805154, 0.773782, 0.740387, 0.721984
0.721984, 0.703056, 0.665781, 0.626766, 0.605517
0.605517, 0.583828, 0.541559, 0.497874, 0.474297
0.474297, 0.450375, 0.404142, 0.356852, 0.331521
0.331521, 0.305949, 0.256878, 0.207135, 0.180668
0.180668, 0.154069, 0.103356, 0.0523719, 0.0254129
0.0254129, -0.00156454, -0.052685, -0.103668, -0.130461
-0.130461, -0.15716, -0.207442, -0.257181, -0.283157
-0.283157, -0.308927, -0.357145, -0.404429, -0.428954
-0.428954, -0.453167, -0.498146, -0.541823, -0.564299
-0.564299, -0.586365, -0.62701, -0.666015, -0.685896
-0.685896, -0.705278, -0.740598, -0.773981, -0.790781
-0.790781, -0.807006, -0.836141, -0.863089, -0.8764
-0.8764, -0.889072, -0.911312, -0.931168, -0.940665
-0.940665, -0.949477, -0.964279, -0.97656, -0.982011
-0.982011, -0.986748, -0.993753, -0.998159, -0.999432
-0.999432, -0.999977, -0.999014, -0.995438, -0.992502
-0.992502, -0.988843, -0.979935, -0.968464, -0.96139
-0.96139, -0.953616, -0.93698, -0.917893, -0.906854
-0.906854, -0.895155, -0.871196, -0.844959, -0.830223
-0.830223, -0.814883, -0.784186, -0.751438, -0.733365
-0.733365, -0.714758, -0.67807, -0.639608, -0.618638
-0.618638, -0.597218, -0.555433, -0.512195, -0.488839
-0.488839, -0.465127, -0.419263, -0.372302, -0.347129
-0.347129, -0.321704, -0.272878, -0.223339, -0.196962
-0.196962, -0.170442, -0.119845, -0.0689338, -0.0419959
-0.0419959, -0.0150275, 0.0361089, 0.0871508, 0.113993
0.113993, 0.140753, 0.191182, 0.241112, 0.267205
0.267205, 0.293104, 0.341598, 0.389199, 0.413907
0.413907, 0.438314, 0.483691, 0.527803, 0.550524
0.550524, 0.572844, 0.613999, 0.653547, 0.673728
0.673728, 0.693418, 0.729347, 0.763368, 0.780517
0.780517, 0.797097, 0.826925, 0.85459, 0.868289
0.868289, 0.881355, 0.904355, 0.924991, 0.934905

-0.00556389, -0.0325384, -0.0835913, -0.134426, -0.161109
-0.161109, -0.187675, -0.237643, -0.286991, -0.312728
-0.312728, -0.338238, -0.385905, -0.432563, -0.456728
-0.456728, -0.480561, -0.524765, -0.567597, -0.5896
-0.5896, -0.611175, -0.650839, -0.688801, -0.708107
-0.708107, -0.726898, -0.761056, -0.793223, -0.809361
-0.809361, -0.824911, -0.85273, -0.878319, -0.890896
-0.890896, -0.902825, -0.923627, -0.942014, -0.950724
-0.950724, -0.958742, -0.972021, -0.982759, -0.987389
-0.987389, -0.9913, -0.996733, -0.999559, -0.999996
-0.999996, -0.999706, -0.997159, -0.992005, -0.988239
-0.988239, -0.983754, -0.973291, -0.960281, -0.952404
-0.952404, -0.943834, -0.925708, -0.905161, -0.893365
-0.893365, -0.880918, -0.855571, -0.827987, -0.812559
-0.812559, -0.796539, -0.764589, -0.73064, -0.711955
-0.711955, -0.692752, -0.654978, -0.615491, -0.594005
-0.594005, -0.572087, -0.529409, -0.485346, -0.461583
-0.461583, -0.437484, -0.390941, -0.343376, -0.317914
-0.317914, -0.292221, -0.242948, -0.193039, -0.1665
-0.1665, -0.139839, -0.0890357, -0.0379998, -0.0110285
-0.0110285, 0.0159508, 0.0670459, 0.117966, 0.144711
0.144711, 0.171352, 0.221494, 0.271057, 0.296925
0.296925, 0.322578, 0.370546, 0.417544, 0.441905
0.441905, 0.465944, 0.510569, 0.553858, 0.576118
0.576118, 0.597958, 0.638153, 0.676678, 0.696294
0.696294, 0.715404, 0.750188, 0.78301, 0.799505
0.799505, 0.815418, 0.843945, 0.870266, 0.883237
0.883237, 0.895566, 0.917141, 0.936317, 0.945449
0.945449, 0.953894, 0.96799, 0.979556, 0.984626
0.984626, 0.98898, 0.995255, 0.998928, 0.999813
0.999813, 0.999971, 0.998272, 0.993962, 0.99064
0.99064, 0.986598, 0.976966, 0.964779, 0.957331
0.957331, 0.949187, 0.931856, 0.912089, 0.900697
0.900697, 0.888649, 0.864043, 0.837177, 0.822118
0.822118, 0.80646, 0.775178, 0.741868, 0.723509
0.723509, 0.704623, 0.667426, 0.628483, 0.607271
0.607271, 0.585617, 0.543412, 0.499786, 0.476238
0.476238, 0.452343, 0.406159, 0.358912, 0.333602
0.333602, 0.308049, 0.259009, 0.209293, 0.182837
0.182837, 0.156248, 0.105549, 0.0545744, 0.0276179
0.0276179, 0.000641205, -0.0504821, -0.101473, -0.128274
-0.128274, -0.154982, -0.205284, -0.255049, -0.281041
-0.281041, -0.306828, -0.355084, -0.402411, -0.42696
-0.42696, -0.451199, -0.496232, -0.539967, -0.562477
-0.562477, -0.584577, -0.62529, -0.664368, -0.684289
-0.684289, -0.703712, -0.739114, -0.772582, -0.789429
-0.789429, -0.805701, -0.834929, -0.861973, -0.875335
-0.875335, -0.88806, -0.910402, -0.930362, -0.939914
-0.939914, -0.948782, -0.963693, -0.976083, -0.981593
-0.981593, -0.986388, -0.993504, -0.998023, -0.999355
-0.999355, -0.99996, -0.999109, -0.995646, -0.992769
-0.992769, -0.989169, -0.980372, -0.969011, -0.961994
-0.961994, -0.954278, -0.937748, -0.918766, -0.907781
-0.907781, -0.896136, -0.872277, -0.846137, -0.831451
-0.831451, -0.81616, -0.785553, -0.752891, -0.734863
-0.734863, -0.716299, -0.679689, -0.641302, -0.62037
-0.62037, -0.598986, -0.557266, -0.514088, -0.490762
-0.490762, -0.467079, -0.421264, -0.374349, -0.349197
-0.349197, -0.323791, -0.274999, -0.225488, -0.199124
-0.199124, -0.172615, -0.122034, -0.0711341, -0.0441996
-0.0441996, -0.017233, 0.0339045, 0.0849533, 0.111802
0.111802, 0.138569, 0.189017, 0.238971, 0.265079
0.265079, 0.290994, 0.339524, 0.387166, 0.411898
0.411898, 0.43633, 0.481759, 0.525928, 0.548681

0.58237, 0.560229, 0.517149, 0.472717, 0.448773
0.448773, 0.424502, 0.377659, 0.329829, 0.304241
0.304241, 0.278432, 0.228967, 0.178904, 0.152297
0.152297, 0.125579, 0.0746972, 0.0236198, -0.00335817
-0.00335818, -0.0303337, -0.081393, -0.13224, -0.158931
-0.158931, -0.185508, -0.2355, -0.284877, -0.310632
-0.310632, -0.336162, -0.383869, -0.430573, -0.454765
-0.454765, -0.478625, -0.522886, -0.565779, -0.587817
-0.587817, -0.609428, -0.649163, -0.6872, -0.706548
-0.706548, -0.725381, -0.759623, -0.791878, -0.808064
-0.808064, -0.823662, -0.851575, -0.877262, -0.889892
-0.889892, -0.901874, -0.92278, -0.941272, -0.950038
-0.950038, -0.958113, -0.971501, -0.982349, -0.987037
-0.987037, -0.991008, -0.996552, -0.999491, -0.999988
-0.999988, -0.999757, -0.997323, -0.992281, -0.988574
-0.988574, -0.984148, -0.973795, -0.960895, -0.953075
-0.953075, -0.944561, -0.92654, -0.906097, -0.894354
-0.894354, -0.88196, -0.856711, -0.829222, -0.813843
-0.813843, -0.79787, -0.766009, -0.732144, -0.713502
-0.713502, -0.694341, -0.656643, -0.617228, -0.595778
-0.595778, -0.573895, -0.531279, -0.487273, -0.463538
-0.463538, -0.439466, -0.39297, -0.345447, -0.320005
-0.320005, -0.29433, -0.245087, -0.195203, -0.168674
-0.168674, -0.142022, -0.0912324, -0.0402038, -0.0132341
-0.0132341, 0.0137453, 0.064845, 0.115775, 0.142528
0.142528, 0.169178, 0.219343, 0.268933, 0.294818
0.294818, 0.320489, 0.368496, 0.415539, 0.439925
0.439925, 0.463991, 0.508671, 0.55202, 0.574314
0.574314, 0.596189, 0.636453, 0.675052, 0.694709
0.694709, 0.713861, 0.748728, 0.781637, 0.798179
0.798179, 0.814139, 0.84276, 0.869177, 0.882201
0.882201, 0.894582, 0.916259, 0.93554, 0.944729
0.944729, 0.953229, 0.967434, 0.97911, 0.984239
0.984239, 0.988651, 0.995038, 0.998824, 0.999768
0.999768, 0.999985, 0.998399, 0.994202, 0.990939
0.990939, 0.986955, 0.977434, 0.965357, 0.957966
0.957966, 0.949878, 0.932655, 0.912991, 0.901653
0.901653, 0.889659, 0.865151, 0.838382, 0.823372
0.823372, 0.807763, 0.776569, 0.743345, 0.725029
0.725029, 0.706186, 0.669067, 0.630197, 0.609022
0.609022, 0.587404, 0.545262, 0.501695, 0.478176
0.478176, 0.454309, 0.408173, 0.36097, 0.33568
0.33568, 0.310146, 0.261139, 0.211449, 0.185005
0.185005, 0.158427, 0.107743, 0.0567768, 0.0298227
0.0298227, 0.00284695, -0.0482791, -0.0992789, -0.126086
-0.126086, -0.152802, -0.203124, -0.252916, -0.278923
-0.278923, -0.304728, -0.353021, -0.40039, -0.424965
-0.424965, -0.44923, -0.494316, -0.53811, -0.560652
-0.560652, -0.582786, -0.623568, -0.662718, -0.682679
-0.682679, -0.702143, -0.737626, -0.77118, -0.788073
-0.788073, -0.804393, -0.833713, -0.860853, -0.874267
-0.874267, -0.887044, -0.909487, -0.929551, -0.939159
-0.939159, -0.948083, -0.963101, -0.975601, -0.981169
-0.981169, -0.986022, -0.993251, -0.997882, -0.999273
-0.999273, -0.999938, -0.9992, -0.995849, -0.993031
-0.993031, -0.98949, -0.980804, -0.969553, -0.962594
-0.962594, -0.954935, -0.938512, -0.919635, -0.908704
-0.908704, -0.897112, -0.873353, -0.84731, -0.832674
-0.832674, -0.817433, -0.786916, -0.754341, -0.736357
-0.736357, -0.717836, -0.681306, -0.642993, -0.622098
-0.622098, -0.600751, -0.559096, -0.515979, -0.492683
-0.492683, -0.469028, -0.423264, -0.376393, -0.351263
-0.351263, -0.325877, -0.277119, -0.227637, -0.201285
-0.201285, -0.174787, -0.124223, -0.0733341, -0.0464031

0.94862, 0.93974, 0.921032, 0.899916, 0.887825
0.887825, 0.875088, 0.849202, 0.821096, 0.805399
0.805399, 0.789115, 0.756682, 0.722269, 0.703349
0.703349, 0.683916, 0.645725, 0.605845, 0.584162
0.584162, 0.562054, 0.519036, 0.47466, 0.450743
0.450743, 0.426498, 0.379701, 0.33191, 0.306342
0.306342, 0.28055, 0.231114, 0.181073, 0.154476
0.154476, 0.127767, 0.0768966, 0.0258249, -0.00115243
-0.00115244, -0.0281289, -0.0791944, -0.130053, -0.156753
-0.156753, -0.18334, -0.233356, -0.282762, -0.308535
-0.308535, -0.334083, -0.381832, -0.428582, -0.452799
-0.452799, -0.476687, -0.521005, -0.563959, -0.586031
-0.586031, -0.607677, -0.647483, -0.685596, -0.704985
-0.704985, -0.723861, -0.758187, -0.790529, -0.806763
-0.806763, -0.822409, -0.850417, -0.876201, -0.888884
-0.888884, -0.900919, -0.921928, -0.940525, -0.949347
-0.949347, -0.957479, -0.970976, -0.981934, -0.986681
-0.986681, -0.99071, -0.996367, -0.999418, -0.999974
-0.999974, -0.999803, -0.997482, -0.992552, -0.988904
-0.988904, -0.984537, -0.974294, -0.961503, -0.95374
-0.95374, -0.945283, -0.927368, -0.907028, -0.895338
-0.895338, -0.882997, -0.857847, -0.830453, -0.815122
-0.815122, -0.799198, -0.767425, -0.733645, -0.715046
-0.715046, -0.695927, -0.658305, -0.618962, -0.597548
-0.597548, -0.5757, -0.533146, -0.489198, -0.465492
-0.465492, -0.441446, -0.394998, -0.347516, -0.322094
-0.322094, -0.296437, -0.247225, -0.197366, -0.170848
-0.170848, -0.144206, -0.0934288, -0.0424077, -0.0154396
-0.0154396, 0.0115397, 0.0626437, 0.113584, 0.140345
0.140345, 0.167004, 0.21719, 0.266808, 0.29271
0.29271, 0.318399, 0.366444, 0.413532, 0.437943
0.437943, 0.462036, 0.506771, 0.55018, 0.572507
0.572507, 0.594417, 0.63475, 0.673423, 0.693121
0.693121, 0.712314, 0.747264, 0.780259, 0.796848
0.796848, 0.812857, 0.841571, 0.868084, 0.88116
0.88116, 0.893594, 0.915374, 0.934759, 0.944003
0.944003, 0.95256, 0.966874, 0.978659, 0.983846
0.983846, 0.988317, 0.994817, 0.998714, 0.999718
0.999718, 0.999995, 0.998521, 0.994437, 0.991233
0.991233, 0.987308, 0.977898, 0.96593, 0.958597
0.958597, 0.950566, 0.933448, 0.913889, 0.902605
0.902605, 0.890664, 0.866255, 0.839582, 0.824622
0.824622, 0.809061, 0.777957, 0.744819, 0.726547
0.726547, 0.707746, 0.670704, 0.631908, 0.61077
0.61077, 0.589187, 0.54711, 0.503602, 0.480112
0.480112, 0.456273, 0.410186, 0.363026, 0.337757
0.337757, 0.312243, 0.263268, 0.213604, 0.187172
0.187172, 0.160604, 0.109935, 0.0589788, 0.0320274
0.0320274, 0.00505268, -0.0460758, -0.0970838, -0.123898
-0.123898, -0.150622, -0.200964, -0.250781, -0.276805
-0.276805, -0.302627, -0.350956, -0.398368, -0.422967
-0.422967, -0.447258, -0.492397, -0.536249, -0.558824
-0.558824, -0.580992, -0.621842, -0.661065, -0.681066
-0.681066, -0.700571, -0.736135, -0.769774, -0.786714
-0.786714, -0.803081, -0.832493, -0.859728, -0.873194
-0.873194, -0.886024, -0.908568, -0.928735, -0.938399
-0.938399, -0.947379, -0.962505, -0.975115, -0.98074
-0.98074, -0.985653, -0.992993, -0.997736, -0.999187
-0.999187, -0.999911, -0.999286, -0.996047, -0.993289
-0.993289, -0.989807, -0.981232, -0.970091, -0.96319
-0.96319, -0.955587, -0.939271, -0.920499, -0.909623
-0.909623, -0.898085, -0.874426, -0.84848, -0.833894
-0.833894, -0.818701, -0.788275, -0.755787, -0.737847
-0.737847, -0.71937, -0.682919, -0.644681, -0.623824

0.953769, 0.96153, 0.974316, 0.984554, 0.988919
0.988919, 0.992564, 0.997489, 0.999805, 0.999974
0.999974, 0.999414, 0.996358, 0.990697, 0.986665
0.986665, 0.981915, 0.970952, 0.95745, 0.949316
0.949316, 0.940491, 0.921889, 0.900876, 0.888838
0.888838, 0.876153, 0.850365, 0.822353, 0.806704
0.806704, 0.790468, 0.758122, 0.723793, 0.704915
0.704915, 0.685524, 0.647408, 0.607599, 0.585951
0.585951, 0.563877, 0.52092, 0.4766, 0.452711
0.452711, 0.428492, 0.38174, 0.33399, 0.308441
0.308441, 0.282667, 0.23326, 0.183242, 0.156655
0.156655, 0.129955, 0.0790956, 0.0280298, 0.00105332
0.00105331, -0.025924, -0.0769954, -0.127865, -0.154574
-0.154574, -0.181171, -0.23121, -0.280645, -0.306436
-0.306436, -0.332004, -0.379792, -0.426588, -0.450832
-0.450832, -0.474747, -0.519121, -0.562136, -0.584243
-0.584243, -0.605924, -0.645801, -0.683989, -0.703419
-0.703419, -0.722338, -0.756747, -0.789176, -0.805457
-0.805457, -0.821152, -0.849254, -0.875136, -0.887871
-0.887871, -0.89996, -0.921071, -0.939773, -0.948652
-0.948652, -0.95684, -0.970446, -0.981514, -0.98632
-0.98632, -0.990408, -0.996177, -0.99934, -0.999956
-0.999956, -0.999845, -0.997636, -0.992818, -0.98923
-0.98923, -0.984921, -0.974788, -0.962107, -0.954401
-0.954401, -0.946, -0.928191, -0.907954, -0.896319
-0.896319, -0.88403, -0.858978, -0.83168, -0.816398
-0.816398, -0.800522, -0.768837, -0.735142, -0.716586
-0.716586, -0.697509, -0.659964, -0.620693, -0.599316
-0.599316, -0.577502, -0.535011, -0.491121, -0.467443
-0.467443, -0.443425, -0.397023, -0.349583, -0.324181
-0.324181, -0.298543, -0.249362, -0.199528, -0.173021
-0.173021, -0.146388, -0.0956246, -0.0446113, -0.0176451
-0.017645, 0.00933407, 0.0604422, 0.111392, 0.138161
0.138161, 0.164829, 0.215036, 0.264682, 0.2906
0.2906, 0.316307, 0.364391, 0.411522, 0.435959
0.435959, 0.460079, 0.504868, 0.548337, 0.570697
0.570697, 0.592641, 0.633044, 0.671791, 0.691529
0.691529, 0.710764, 0.745796, 0.778877, 0.795513
0.795513, 0.81157, 0.840377, 0.866987, 0.880115
0.880115, 0.892602, 0.914483, 0.933973, 0.943273
0.943273, 0.951887, 0.966308, 0.978203, 0.983449
0.983449, 0.987979, 0.99459, 0.9986, 0.999664
0.999664, 0.999999, 0.998639, 0.994666, 0.991522
0.991522, 0.987656, 0.978356, 0.966499, 0.959223
0.959223, 0.951248, 0.934237, 0.914782, 0.903552
0.903552, 0.891664, 0.867355, 0.840778, 0.825867
0.825867, 0.810355, 0.779341, 0.746289, 0.728061
0.728061, 0.709303, 0.672339, 0.633616, 0.612515
0.612515, 0.590968, 0.548955, 0.505506, 0.482046
0.482046, 0.458235, 0.412197, 0.36508, 0.339832
0.339832, 0.314337, 0.265395, 0.215759, 0.189339
0.189339, 0.162781, 0.112127, 0.0611806, 0.0342319
0.0342319, 0.00725838, -0.0438723, -0.0948882, -0.121709
-0.121709, -0.148441, -0.198803, -0.248645, -0.274684
-0.274684, -0.300524, -0.34889, -0.396344, -0.420967
-0.420967, -0.445284, -0.490476, -0.534386, -0.556994
-0.556994, -0.579196, -0.620113, -0.659408, -0.679449
-0.679449, -0.698995, -0.73464, -0.768364, -0.78535
-0.78535, -0.801764, -0.831269, -0.858599, -0.872117
-0.872117, -0.884999, -0.907644, -0.927915, -0.937634
-0.937634, -0.946671, -0.961905, -0.974623, -0.980307
-0.980307, -0.985278, -0.992729, -0.997585, -0.999096
-0.999096, -0.999879, -0.999367, -0.996241, -0.993541
-0.993541, -0.990119, -0.981655, -0.970624, -0.96378

0.595858, 0.617306, 0.656718, 0.694413, 0.713572
0.713572, 0.732212, 0.766073, 0.79793, 0.8139
0.8139, 0.829278, 0.856762, 0.882007, 0.894398
0.894398, 0.906139, 0.926578, 0.944593, 0.953105
0.953105, 0.960922, 0.973817, 0.984166, 0.988589
0.988589, 0.992293, 0.99733, 0.999759, 0.999987
0.999987, 0.999487, 0.996544, 0.990994, 0.987021
0.987021, 0.98233, 0.971478, 0.958084, 0.950007
0.950007, 0.941239, 0.922742, 0.901831, 0.889847
0.889847, 0.877214, 0.851523, 0.823606, 0.808006
0.808006, 0.791817, 0.759558, 0.725313, 0.706478
0.706478, 0.687128, 0.649087, 0.609349, 0.587737
0.587737, 0.565698, 0.522802, 0.478538, 0.454677
0.454677, 0.430484, 0.383778, 0.336068, 0.310538
0.310538, 0.284782, 0.235404, 0.18541, 0.158834
0.158834, 0.132141, 0.0812943, 0.0302346, 0.00325906
0.00325905, -0.0237189, -0.074796, -0.125678, -0.152395
-0.152395, -0.179001, -0.229064, -0.278528, -0.304336
-0.304336, -0.329922, -0.377751, -0.424592, -0.448862
-0.448862, -0.472805, -0.517234, -0.560311, -0.582451
-0.582451, -0.604168, -0.644115, -0.682378, -0.70185
-0.70185, -0.720811, -0.755303, -0.78782, -0.804148
-0.804148, -0.819891, -0.848088, -0.874066, -0.886854
-0.886854, -0.898996, -0.92021, -0.939017, -0.947952
-0.947952, -0.956197, -0.969911, -0.981089, -0.985954
-0.985954, -0.990101, -0.995981, -0.999258, -0.999933
-0.999933, -0.999881, -0.997785, -0.99308, -0.98955
-0.98955, -0.9853, -0.975278, -0.962706, -0.955057
-0.955057, -0.946713, -0.929009, -0.908876, -0.897294
-0.897294, -0.885059, -0.860106, -0.832903, -0.81767
-0.81767, -0.801842, -0.770246, -0.736636, -0.718123
-0.718123, -0.699088, -0.66162, -0.622421, -0.60108
-0.60108, -0.579302, -0.536873, -0.493041, -0.469392
-0.469392, -0.445401, -0.399046, -0.351649, -0.326267
-0.326267, -0.300648, -0.251497, -0.201689, -0.175193
-0.175193, -0.148569, -0.09782, -0.0468148, -0.0198504
-0.0198504, 0.0071284, 0.0582403, 0.1092, 0.135976
0.135976, 0.162653, 0.212882, 0.262554, 0.288489
0.288489, 0.314214, 0.362336, 0.409511, 0.433973
0.433973, 0.458119, 0.502963, 0.546491, 0.568884
0.568884, 0.590863, 0.631335, 0.670155, 0.689934
0.689934, 0.709211, 0.744325, 0.777492, 0.794175
0.794175, 0.810279, 0.83918, 0.865886, 0.879065
0.879065, 0.891605, 0.913589, 0.933182, 0.942538
0.942538, 0.951208, 0.965738, 0.977743, 0.983047
0.983047, 0.987635, 0.994358, 0.998481, 0.999604
0.999604, 0.999999, 0.998751, 0.994892, 0.991806
0.991806, 0.987999, 0.97881, 0.967062, 0.959844
0.959844, 0.951926, 0.935021, 0.915671, 0.904495
0.904495, 0.892661, 0.868451, 0.84197, 0.827109
0.827109, 0.811646, 0.780721, 0.747755, 0.729571
0.729571, 0.710856, 0.67397, 0.635321, 0.614257
0.614257, 0.592746, 0.550797, 0.507408, 0.483978
0.483978, 0.460194, 0.414205, 0.367133, 0.341906
0.341906, 0.31643, 0.267521, 0.217912, 0.191504
0.191504, 0.164957, 0.114319, 0.063382, 0.0364363
0.0364363, 0.00946405, -0.0416686, -0.0926922, -0.119519
-0.119519, -0.146259, -0.196641, -0.246508, -0.272563
-0.272563, -0.298419, -0.346822, -0.394318, -0.418965
-0.418965, -0.443308, -0.488553, -0.53252, -0.55516
-0.55516, -0.577396, -0.618381, -0.657748, -0.677829
-0.677829, -0.697416, -0.733142, -0.766951, -0.783983
-0.783983, -0.800444, -0.830041, -0.857466, -0.871035
-0.871035, -0.88397, -0.906716, -0.927091, -0.936865

0.0111276, 0.0380988, 0.0891344, 0.139937, 0.166597
0.166597, 0.193137, 0.243044, 0.292316, 0.318008
0.318008, 0.343469, 0.391032, 0.437573, 0.461671
0.461671, 0.485433, 0.529493, 0.572169, 0.594085
0.594085, 0.615569, 0.655053, 0.692824, 0.712025
0.712025, 0.730708, 0.764653, 0.796599, 0.812617
0.812617, 0.828043, 0.855623, 0.880965, 0.893409
0.893409, 0.905203, 0.925746, 0.943867, 0.952435
0.952435, 0.960309, 0.973313, 0.983772, 0.988254
0.988254, 0.992017, 0.997167, 0.999708, 0.999996
0.999996, 0.999556, 0.996725, 0.991287, 0.987373
0.987373, 0.98274, 0.971998, 0.958714, 0.950694
0.950694, 0.941981, 0.923589, 0.902782, 0.890851
0.890851, 0.878271, 0.852678, 0.824855, 0.809303
0.809303, 0.793163, 0.760991, 0.72683, 0.708037
0.708037, 0.688729, 0.650764, 0.611096, 0.58952
0.58952, 0.567515, 0.524681, 0.480474, 0.45664
0.45664, 0.432474, 0.385814, 0.338145, 0.312634
0.312634, 0.286896, 0.237547, 0.187577, 0.161011
0.161011, 0.134327, 0.0834925, 0.0324393, 0.00546478
0.00546478, -0.0215137, -0.0725963, -0.123489, -0.150214
-0.150214, -0.176831, -0.226916, -0.276409, -0.302234
-0.302234, -0.327839, -0.375708, -0.422594, -0.446889
-0.446889, -0.47086, -0.515345, -0.558482, -0.580657
-0.580657, -0.602409, -0.642426, -0.680764, -0.700277
-0.700277, -0.71928, -0.753855, -0.786459, -0.802835
-0.802835, -0.818626, -0.846917, -0.872993, -0.885833
-0.885833, -0.898028, -0.919344, -0.938256, -0.947247
-0.947247, -0.955549, -0.969372, -0.98066, -0.985583
-0.985583, -0.989788, -0.995781, -0.99917, -0.999905
-0.999905, -0.999913, -0.997929, -0.993336, -0.989866
-0.989866, -0.985674, -0.975763, -0.9633, -0.955708
-0.955708, -0.947421, -0.929823, -0.909794, -0.898266
-0.898266, -0.886084, -0.861229, -0.834121, -0.818938
-0.818938, -0.803158, -0.771651, -0.738125, -0.719656
-0.719656, -0.700664, -0.663272, -0.624146, -0.602841
-0.602841, -0.581098, -0.538733, -0.494959, -0.471338
-0.471338, -0.447374, -0.401068, -0.353713, -0.328351
-0.328351, -0.302751, -0.253631, -0.203849, -0.177364
-0.177364, -0.15075, -0.100015, -0.049018, -0.0220557
-0.0220557, 0.0049227, 0.0560382, 0.107007, 0.13379
0.13379, 0.160476, 0.210726, 0.260425, 0.286376
0.286376, 0.312119, 0.36028, 0.407498, 0.431985
0.431985, 0.456158, 0.501055, 0.544642, 0.567069
0.567069, 0.589082, 0.629623, 0.668517, 0.688336
0.688336, 0.707654, 0.74285, 0.776103, 0.792832
0.792832, 0.808985, 0.837978, 0.86478, 0.878012
0.878012, 0.890605, 0.912689, 0.932387, 0.941799
0.941799, 0.950525, 0.965163, 0.977278, 0.98264
0.98264, 0.987287, 0.994122, 0.998357, 0.999539
0.999539, 0.999994, 0.998859, 0.995112, 0.992086
0.992086, 0.988337, 0.97926, 0.967621, 0.96046
0.96046, 0.9526, 0.935801, 0.916555, 0.905434
0.905434, 0.893653, 0.869542, 0.843158, 0.828347
0.828347, 0.812932, 0.782098, 0.749218, 0.731078
0.731078, 0.712405, 0.675598, 0.637023, 0.615996
0.615996, 0.594521, 0.552637, 0.509308, 0.485907
0.485907, 0.462152, 0.416212, 0.369183, 0.343978
0.343978, 0.318522, 0.269646, 0.220064, 0.193669
0.193669, 0.167132, 0.11651, 0.0655832, 0.0386405
0.0386405, 0.0116697, -0.0394646, -0.0904957, -0.117329
-0.117329, -0.144077, -0.194478, -0.24437, -0.27044
-0.27044, -0.296313, -0.344752, -0.39229, -0.416962
-0.416962, -0.44133, -0.486627, -0.530652, -0.553324

-0.577838, -0.555611, -0.512379, -0.467807, -0.443794
-0.443794, -0.419458, -0.372501, -0.324571, -0.298936
-0.298936, -0.273084, -0.223548, -0.173427, -0.146796
-0.146796, -0.120057, -0.0691477, -0.0180571, 0.00892198
0.00892199, 0.0358946, 0.0869372, 0.137752, 0.164422
0.164422, 0.190972, 0.240904, 0.290206, 0.315916
0.315916, 0.341397, 0.389001, 0.435588, 0.459713
0.459713, 0.483503, 0.527621, 0.570358, 0.592309
0.592309, 0.613829, 0.653385, 0.691232, 0.710474
0.710474, 0.7292, 0.76323, 0.795263, 0.811329
0.811329, 0.826804, 0.854479, 0.879919, 0.892416
0.892416, 0.904264, 0.924909, 0.943136, 0.95176
0.95176, 0.959691, 0.972805, 0.983374, 0.987915
0.987915, 0.991737, 0.996998, 0.999653, 1
1, 0.999619, 0.996901, 0.991575, 0.98772
0.98772, 0.983146, 0.972514, 0.959339, 0.951375
0.951375, 0.942719, 0.924433, 0.903729, 0.891851
0.891851, 0.879324, 0.853828, 0.8261, 0.810597
0.810597, 0.794504, 0.76242, 0.728343, 0.709593
0.709593, 0.690327, 0.652437, 0.612841, 0.591301
0.591301, 0.56933, 0.526557, 0.482407, 0.458601
0.458601, 0.434462, 0.387848, 0.34022, 0.314728
0.314728, 0.289008, 0.239689, 0.189743, 0.163187
0.163187, 0.136513, 0.0856903, 0.0346438, 0.00767048
0.00767047, -0.0193084, -0.0703962, -0.1213, -0.148033
-0.148033, -0.174659, -0.224768, -0.274288, -0.30013
-0.30013, -0.325754, -0.373663, -0.420593, -0.444915
-0.444915, -0.468913, -0.513453, -0.556651, -0.57886
-0.57886, -0.600647, -0.640734, -0.679147, -0.6987
-0.6987, -0.717746, -0.752404, -0.785095, -0.801518
-0.801518, -0.817358, -0.845742, -0.871915, -0.884807
-0.884807, -0.897055, -0.918474, -0.937491, -0.946538
-0.946538, -0.954896, -0.968828, -0.980226, -0.985207
-0.985207, -0.989472, -0.995577, -0.999078, -0.999873
-0.999873, -0.999939, -0.998069, -0.993588, -0.990176
-0.990176, -0.986044, -0.976244, -0.96389, -0.956355
-0.956355, -0.948124, -0.930633, -0.910707, -0.899233
-0.899233, -0.887104, -0.862348, -0.835336, -0.820202
-0.820202, -0.80447, -0.773052, -0.739612, -0.721186
-0.721186, -0.702236, -0.664921, -0.625868, -0.6046
-0.6046, -0.582892, -0.54059, -0.496874, -0.473282
-0.473282, -0.449346, -0.403088, -0.355775, -0.330434
-0.330434, -0.304852, -0.255764, -0.206008, -0.179534
-0.179534, -0.152931, -0.102209, -0.051221, -0.0242608
-0.0242608, 0.00271697, 0.0538358, 0.104814, 0.131604
0.131604, 0.158298, 0.208569, 0.258295, 0.284262
0.284262, 0.310023, 0.358221, 0.405482, 0.429995
0.429995, 0.454194, 0.499145, 0.542791, 0.56525
0.56525, 0.587298, 0.627908, 0.666875, 0.686734
0.686734, 0.706094, 0.741372, 0.77471, 0.791486
0.791486, 0.807686, 0.836772, 0.86367, 0.876954
0.876954, 0.889599, 0.911786, 0.931588, 0.941055
0.941055, 0.949838, 0.964584, 0.976808, 0.982228
0.982228, 0.986934, 0.993881, 0.998228, 0.99947
0.99947, 0.999984, 0.998962, 0.995327, 0.99236
0.99236, 0.988671, 0.979704, 0.968176, 0.961072
0.961072, 0.953268, 0.936577, 0.917435, 0.906368
0.906368, 0.89464, 0.87063, 0.844342, 0.82958
0.82958, 0.814215, 0.78347, 0.750677, 0.732581
0.732581, 0.713952, 0.677222, 0.638722, 0.617732
0.617732, 0.596293, 0.554474, 0.511205, 0.487833
0.487833, 0.464107, 0.418216, 0.371233, 0.346048
0.346048, 0.320612, 0.271769, 0.222215, 0.195832
0.195832, 0.169306, 0.1187, 0.067784, 0.0408445

-0.946845, -0.937823, -0.918851, -0.897476, -0.885251
-0.885251, -0.872382, -0.846251, -0.817907, -0.802088
-0.802088, -0.785686, -0.753032, -0.71841, -0.699383
-0.699383, -0.679847, -0.641467, -0.601409, -0.579637
-0.579637, -0.557444, -0.514272, -0.469756, -0.445769
-0.445769, -0.421459, -0.374547, -0.326656, -0.301041
-0.301041, -0.275206, -0.225697, -0.175599, -0.148977
-0.148977, -0.122247, -0.071348, -0.0202624, 0.0067163
0.00671631, 0.0336902, 0.0847396, 0.135567, 0.162246
0.162246, 0.188806, 0.238763, 0.288094, 0.313823
0.313823, 0.339322, 0.386968, 0.433602, 0.457753
0.457753, 0.481571, 0.525746, 0.568545, 0.590531
0.590531, 0.612087, 0.651713, 0.689636, 0.70892
0.70892, 0.727689, 0.761803, 0.793924, 0.810038
0.810038, 0.825562, 0.853331, 0.878869, 0.891419
0.891419, 0.90332, 0.924069, 0.942401, 0.951081
0.951081, 0.959069, 0.972292, 0.982971, 0.987571
0.987571, 0.991451, 0.996825, 0.999592, 0.999999
0.999999, 0.999677, 0.997072, 0.991859, 0.988062
0.988062, 0.983547, 0.973025, 0.959959, 0.952053
0.952053, 0.943453, 0.925272, 0.904671, 0.892846
0.892846, 0.880372, 0.854974, 0.827341, 0.811887
0.811887, 0.795842, 0.763846, 0.729853, 0.711146
0.711146, 0.691921, 0.654107, 0.614582, 0.593078
0.593078, 0.571142, 0.528431, 0.484338, 0.46056
0.46056, 0.436447, 0.38988, 0.342293, 0.316821
0.316821, 0.291119, 0.24183, 0.191909, 0.165363
0.165363, 0.138698, 0.0878878, 0.0368481, 0.00987614
0.00987614, -0.017103, -0.0681957, -0.11911, -0.145852
-0.145852, -0.172487, -0.222618, -0.272166, -0.298026
-0.298026, -0.323668, -0.371616, -0.418591, -0.442939
-0.442939, -0.466964, -0.511559, -0.554817, -0.57706
-0.57706, -0.598882, -0.639039, -0.677526, -0.697121
-0.697121, -0.716208, -0.750949, -0.783727, -0.800197
-0.800197, -0.816085, -0.844563, -0.870833, -0.883777
-0.883777, -0.896078, -0.917599, -0.936721, -0.945824
-0.945824, -0.954239, -0.968279, -0.979787, -0.984827
-0.984827, -0.98915, -0.995367, -0.998981, -0.999835
-0.999835, -0.999961, -0.998203, -0.993835, -0.990482
-0.990482, -0.986409, -0.976719, -0.964475, -0.956997
-0.956997, -0.948823, -0.931438, -0.911616, -0.900196
-0.900196, -0.88812, -0.863462, -0.836546, -0.821461
-0.821461, -0.805778, -0.774449, -0.741095, -0.722713
-0.722713, -0.703804, -0.666567, -0.627586, -0.606355
-0.606355, -0.584683, -0.542444, -0.498787, -0.475224
-0.475224, -0.451315, -0.405105, -0.357836, -0.332515
-0.332515, -0.306952, -0.257896, -0.208166, -0.181704
-0.181704, -0.15511, -0.104403, -0.0534237, -0.0264659
-0.0264659, 0.000511225, 0.0516331, 0.10262, 0.129417
0.129417, 0.15612, 0.206411, 0.256163, 0.282147
0.282147, 0.307925, 0.356161, 0.403465, 0.428002
0.428002, 0.452227, 0.497232, 0.540937, 0.563429
0.563429, 0.585512, 0.626189, 0.665229, 0.685129
0.685129, 0.70453, 0.739889, 0.773314, 0.790136
0.790136, 0.806384, 0.835563, 0.862556, 0.875892
0.875892, 0.88859, 0.910878, 0.930784, 0.940307
0.940307, 0.949146, 0.964, 0.976333, 0.981812
0.981812, 0.986576, 0.993635, 0.998094, 0.999396
0.999396, 0.99997, 0.99906, 0.995538, 0.99263
0.99263, 0.988999, 0.980144, 0.968725, 0.961679
0.961679, 0.953933, 0.937347, 0.918311, 0.907297
0.907297, 0.895624, 0.871713, 0.845522, 0.83081
0.83081, 0.815494, 0.784839, 0.752132, 0.73408
0.73408, 0.715494, 0.678844, 0.640418, 0.619465

-0.955427, -0.963044, -0.975554, -0.985513, -0.989729
-0.98973, -0.993226, -0.997868, -0.9999, -0.999918
-0.999918, -0.999209, -0.995869, -0.989924, -0.985744
-0.985744, -0.980846, -0.969606, -0.95583, -0.947553
-0.947553, -0.938586, -0.919719, -0.898447, -0.886275
-0.886275, -0.873458, -0.847424, -0.819174, -0.803404
-0.803404, -0.787048, -0.754482, -0.719943, -0.700958
-0.700958, -0.681463, -0.643157, -0.60317, -0.581433
-0.581433, -0.559274, -0.516163, -0.471702, -0.447743
-0.447743, -0.423458, -0.376592, -0.32874, -0.303143
-0.303143, -0.277325, -0.227845, -0.17777, -0.151158
-0.151158, -0.124436, -0.0735479, -0.0224677, 0.00451059
0.0045106, 0.0314856, 0.0825416, 0.133382, 0.160069
0.160069, 0.18664, 0.23662, 0.285981, 0.311728
0.311728, 0.337247, 0.384933, 0.431613, 0.455791
0.455791, 0.479637, 0.523868, 0.566729, 0.588749
0.588749, 0.610341, 0.650039, 0.688037, 0.707363
0.707363, 0.726174, 0.760372, 0.792581, 0.808742
0.808742, 0.824315, 0.852179, 0.877815, 0.890417
0.890417, 0.902371, 0.923223, 0.941661, 0.950397
0.950397, 0.958442, 0.971774, 0.982563, 0.987222
0.987222, 0.991161, 0.996647, 0.999527, 0.999993
0.999993, 0.999731, 0.997238, 0.992137, 0.9884
0.9884, 0.983943, 0.973532, 0.960575, 0.952725
0.952725, 0.944182, 0.926106, 0.905608, 0.893838
0.893838, 0.881416, 0.856116, 0.828578, 0.813172
0.813172, 0.797175, 0.765268, 0.731359, 0.712695
0.712695, 0.693512, 0.655774, 0.616321, 0.594852
0.594852, 0.572951, 0.530302, 0.486267, 0.462517
0.462517, 0.438431, 0.39191, 0.344365, 0.318913
0.318913, 0.293228, 0.24397, 0.194073, 0.167538
0.167538, 0.140882, 0.0900848, 0.0390523, 0.0120818
0.0120817, -0.0148976, -0.065995, -0.11692, -0.143669
-0.143669, -0.170314, -0.220467, -0.270043, -0.295919
-0.295919, -0.32158, -0.369567, -0.416587, -0.44096
-0.44096, -0.465012, -0.509663, -0.552981, -0.575257
-0.575257, -0.597114, -0.637341, -0.675902, -0.695538
-0.695538, -0.714667, -0.749491, -0.782355, -0.798872
-0.798872, -0.814808, -0.84338, -0.869746, -0.882743
-0.882743, -0.895097, -0.91672, -0.935947, -0.945106
-0.945106, -0.953577, -0.967725, -0.979343, -0.984442
-0.984442, -0.988824, -0.995152, -0.998879, -0.999792
-0.999792, -0.999978, -0.998333, -0.994077, -0.990784
-0.990784, -0.986769, -0.97719, -0.965055, -0.957635
-0.957635, -0.949518, -0.932238, -0.912521, -0.901154
-0.901154, -0.889132, -0.864573, -0.837753, -0.822717
-0.822717, -0.807083, -0.775843, -0.742574, -0.724235
-0.724235, -0.70537, -0.66821, -0.629302, -0.608108
-0.608108, -0.586471, -0.544296, -0.500698, -0.477164
-0.477164, -0.453283, -0.407121, -0.359895, -0.334594
-0.334594, -0.309051, -0.260027, -0.210323, -0.183873
-0.183873, -0.157289, -0.106597, -0.0556262, -0.0286708
-0.0286708, -0.00169452, 0.0494301, 0.100426, 0.12723
0.12723, 0.153941, 0.204253, 0.25403, 0.28003
0.28003, 0.305826, 0.354099, 0.401446, 0.426008
0.426008, 0.450259, 0.495318, 0.539081, 0.561606
0.561606, 0.583722, 0.624468, 0.663581, 0.683521
0.683521, 0.702963, 0.738404, 0.771913, 0.788782
0.788782, 0.805077, 0.834349, 0.861438, 0.874825
0.874825, 0.887576, 0.909965, 0.929975, 0.939554
0.939554, 0.948449, 0.963411, 0.975854, 0.981391
0.981391, 0.986214, 0.993384, 0.997956, 0.999317
0.999317, 0.99995, 0.999153, 0.995743, 0.992895
0.992895, 0.989323, 0.980579, 0.96927, 0.962281

-0.600317, -0.621674, -0.660904, -0.698406, -0.717459
-0.717459, -0.73599, -0.769637, -0.801271, -0.81712
-0.81712, -0.832374, -0.859618, -0.884615, -0.896873
-0.896873, -0.908478, -0.928656, -0.946405, -0.954774
-0.954774, -0.962447, -0.975067, -0.985137, -0.989412
-0.989412, -0.992967, -0.997721, -0.999866, -0.999944
-0.999944, -0.999294, -0.996066, -0.990234, -0.986113
-0.986113, -0.981273, -0.970143, -0.956476, -0.948255
-0.948255, -0.939345, -0.920583, -0.899413, -0.887294
-0.887294, -0.87453, -0.848593, -0.820437, -0.804715
-0.804715, -0.788407, -0.755928, -0.721472, -0.702529
-0.702529, -0.683075, -0.644845, -0.604928, -0.583227
-0.583227, -0.561101, -0.51805, -0.473645, -0.449714
-0.449714, -0.425455, -0.378634, -0.330823, -0.305244
-0.305244, -0.279444, -0.229993, -0.17994, -0.153338
-0.153338, -0.126624, -0.0757475, -0.0246728, 0.00230486
0.00230486, 0.0292809, 0.0803432, 0.131195, 0.157891
0.157891, 0.184472, 0.234476, 0.283867, 0.309631
0.309631, 0.335169, 0.382897, 0.429622, 0.453827
0.453827, 0.4777, 0.521988, 0.56491, 0.586965
0.586965, 0.608592, 0.648361, 0.686435, 0.705802
0.705802, 0.724656, 0.758937, 0.791234, 0.807443
0.807443, 0.823064, 0.851023, 0.876756, 0.889411
0.889411, 0.901419, 0.922373, 0.940916, 0.949709
0.949709, 0.957811, 0.971251, 0.982151, 0.986868
0.986868, 0.990866, 0.996464, 0.999456, 0.999982
0.999982, 0.99978, 0.9974, 0.992411, 0.988732
0.988732, 0.984334, 0.974034, 0.961186, 0.953393
0.953393, 0.944906, 0.926936, 0.906542, 0.894824
0.894824, 0.882456, 0.857254, 0.82981, 0.814454
0.814454, 0.798505, 0.766686, 0.732861, 0.71424
0.71424, 0.695099, 0.657437, 0.618056, 0.596624
0.596624, 0.574757, 0.532171, 0.488193, 0.464472
0.464472, 0.440412, 0.393939, 0.346435, 0.321002
0.321002, 0.295336, 0.246108, 0.196236, 0.169712
0.169712, 0.143065, 0.0922813, 0.0412563, 0.0142873
0.0142873, -0.012692, -0.0637939, -0.114729, -0.141486
-0.141486, -0.16814, -0.218315, -0.267919, -0.293812
-0.293812, -0.319491, -0.367516, -0.414581, -0.438979
-0.438979, -0.463058, -0.507764, -0.551142, -0.573451
-0.573451, -0.595343, -0.63564, -0.674275, -0.693951
-0.693951, -0.713123, -0.748029, -0.780979, -0.797544
-0.797544, -0.813527, -0.842193, -0.868656, -0.881704
-0.881704, -0.894111, -0.915837, -0.935168, -0.944383
-0.944383, -0.95291, -0.967167, -0.978895, -0.984052
-0.984052, -0.988492, -0.994933, -0.998772, -0.999745
-0.999745, -0.99999, -0.998458, -0.994314, -0.99108
-0.99108, -0.987124, -0.977656, -0.965631, -0.958268
-0.958268, -0.950207, -0.933034, -0.913421, -0.902108
-0.902108, -0.890139, -0.865679, -0.838955, -0.823969
-0.823969, -0.808383, -0.777233, -0.744049, -0.725754
-0.725754, -0.706931, -0.669849, -0.631015, -0.609857
-0.609857, -0.588256, -0.546145, -0.502606, -0.479101
-0.479101, -0.455248, -0.409135, -0.361952, -0.336672
-0.336672, -0.311148, -0.262156, -0.212478, -0.18604
-0.18604, -0.159467, -0.10879, -0.0578284, -0.0308755
-0.0308755, -0.00390026, 0.047227, 0.0982307, 0.125041
0.125041, 0.151761, 0.202093, 0.251896, 0.277912
0.277912, 0.303725, 0.352035, 0.399425, 0.424011
0.424011, 0.448288, 0.4934, 0.537221, 0.559779
0.559779, 0.58193, 0.622744, 0.661929, 0.681909
0.681909, 0.701393, 0.736915, 0.770509, 0.787424
0.787425, 0.803767, 0.833131, 0.860316, 0.873755
0.873755, 0.886557, 0.909048, 0.929162, 0.938796

-0.016691, -0.0436581, -0.0946748, -0.145444, -0.172081
-0.172081, -0.198593, -0.248437, -0.297632, -0.323278
-0.323278, -0.348689, -0.396147, -0.442569, -0.466599
-0.466599, -0.49029, -0.534205, -0.576723, -0.598552
-0.598552, -0.619944, -0.659247, -0.696825, -0.715921
-0.715921, -0.734495, -0.768227, -0.79995, -0.815847
-0.815847, -0.83115, -0.858489, -0.883584, -0.895895
-0.895895, -0.907554, -0.927835, -0.94569, -0.954115
-0.954115, -0.961846, -0.974575, -0.984755, -0.989089
-0.989089, -0.992704, -0.99757, -0.999827, -0.999965
-0.999965, -0.999374, -0.996259, -0.990539, -0.986477
-0.986477, -0.981696, -0.970676, -0.957117, -0.948953
-0.948953, -0.940099, -0.921442, -0.900375, -0.888309
-0.888309, -0.875597, -0.849758, -0.821696, -0.806022
-0.806022, -0.789762, -0.75737, -0.722997, -0.704097
-0.704097, -0.684684, -0.646529, -0.606683, -0.585017
-0.585017, -0.562925, -0.519936, -0.475587, -0.451683
-0.451683, -0.42745, -0.380675, -0.332904, -0.307344
-0.307344, -0.281561, -0.232139, -0.182109, -0.155517
-0.155517, -0.128812, -0.0779467, -0.0268778, 9.91123e-05
9.91185e-05, 0.027076, 0.0781444, 0.129008, 0.155713
0.155713, 0.182304, 0.232332, 0.281751, 0.307533
0.307533, 0.33309, 0.380858, 0.42763, 0.45186
0.45186, 0.475761, 0.520105, 0.563089, 0.585178
0.585178, 0.60684, 0.64668, 0.684829, 0.704238
0.704238, 0.723134, 0.757499, 0.789883, 0.80614
0.80614, 0.821809, 0.849862, 0.875693, 0.888401
0.888401, 0.900461, 0.921519, 0.940167, 0.949016
0.949016, 0.957174, 0.970723, 0.981734, 0.986509
0.986509, 0.990566, 0.996277, 0.999381, 0.999966
0.999966, 0.999824, 0.997556, 0.99268, 0.98906
0.98906, 0.984721, 0.974531, 0.961792, 0.954056
0.954056, 0.945626, 0.927761, 0.907471, 0.895807
0.895807, 0.883491, 0.858388, 0.831039, 0.815732
0.815732, 0.799831, 0.7681, 0.73436, 0.715782
0.715782, 0.696683, 0.659098, 0.619789, 0.598393
0.598393, 0.576561, 0.534037, 0.490117, 0.466424
0.466424, 0.442391, 0.395965, 0.348503, 0.323091
0.323091, 0.297443, 0.248245, 0.198399, 0.171886
0.171886, 0.145248, 0.0944774, 0.04346, 0.0164928
0.0164928, -0.0104864, -0.0615925, -0.112537, -0.139302
-0.139302, -0.165965, -0.216162, -0.265793, -0.291703
-0.291703, -0.3174, -0.365464, -0.412572, -0.436996
-0.436996, -0.461102, -0.505862, -0.5493, -0.571643
-0.571643, -0.593569, -0.633936, -0.672644, -0.692361
-0.692361, -0.711575, -0.746563, -0.7796, -0.796211
-0.796211, -0.812243, -0.841001, -0.867561, -0.880661
-0.880661, -0.893121, -0.914949, -0.934384, -0.943655
-0.943655, -0.952239, -0.966604, -0.978442, -0.983657
-0.983657, -0.988156, -0.994709, -0.99866, -0.999693
-0.999693, -0.999998, -0.998578, -0.994547, -0.991372
-0.991372, -0.987475, -0.978117, -0.966202, -0.958896
-0.958896, -0.950892, -0.933825, -0.914316, -0.903058
-0.903058, -0.891142, -0.866781, -0.840154, -0.825217
-0.825217, -0.80968, -0.778618, -0.745521, -0.72727
-0.72727, -0.70849, -0.671485, -0.632724, -0.611604
-0.611604, -0.590038, -0.547991, -0.504512, -0.481036
-0.481036, -0.45721, -0.411146, -0.364007, -0.338748
-0.338748, -0.313243, -0.264284, -0.214633, -0.188207
-0.188207, -0.161644, -0.110982, -0.0600303, -0.0330802
-0.0330802, -0.00610598, 0.0450236, 0.0960354, 0.122853
0.122853, 0.14958, 0.199932, 0.249761, 0.275792
0.275792, 0.301623, 0.34997, 0.397402, 0.422012
0.422012, 0.446316, 0.49148, 0.53536, 0.55795

0.573289, 0.550976, 0.507593, 0.462882, 0.438801
0.438801, 0.4144, 0.367332, 0.319303, 0.293622
0.293622, 0.267728, 0.218121, 0.167944, 0.14129
0.14129, 0.114532, 0.063596, 0.0124938, -0.0144855
-0.0144855, -0.0414543, -0.0924787, -0.143261, -0.169908
-0.169908, -0.196431, -0.2463, -0.295526, -0.32119
-0.32119, -0.346621, -0.394121, -0.44059, -0.464647
-0.464647, -0.488366, -0.532339, -0.57492, -0.596783
-0.596783, -0.618212, -0.657587, -0.695242, -0.714379
-0.714379, -0.732996, -0.766813, -0.798624, -0.814569
-0.814569, -0.829921, -0.857356, -0.882549, -0.894913
-0.894913, -0.906625, -0.92701, -0.944971, -0.953453
-0.953453, -0.96124, -0.974079, -0.984369, -0.988762
-0.988762, -0.992435, -0.997414, -0.999784, -0.999981
-0.999981, -0.99945, -0.996448, -0.990839, -0.986836
-0.986836, -0.982114, -0.971204, -0.957754, -0.949647
-0.949647, -0.940849, -0.922297, -0.901333, -0.88932
-0.88932, -0.876661, -0.850919, -0.822951, -0.807326
-0.807326, -0.791113, -0.758808, -0.724519, -0.705662
-0.705662, -0.68629, -0.64821, -0.608435, -0.586804
-0.586804, -0.564747, -0.521819, -0.477526, -0.45365
-0.45365, -0.429443, -0.382714, -0.334983, -0.309442
-0.309442, -0.283677, -0.234284, -0.184278, -0.157696
-0.157696, -0.130999, -0.0801456, -0.0290827, -0.00210663
-0.00210663, 0.024871, 0.0759452, 0.126821, 0.153534
0.153534, 0.180135, 0.230186, 0.279634, 0.305433
0.305433, 0.33101, 0.378818, 0.425635, 0.449891
0.449891, 0.47382, 0.51822, 0.561265, 0.583388
0.583388, 0.605086, 0.644996, 0.68322, 0.70267
0.70267, 0.721609, 0.756058, 0.788529, 0.804833
0.804833, 0.820551, 0.848698, 0.874626, 0.887386
0.887386, 0.8995, 0.92066, 0.939413, 0.948318
0.948318, 0.956533, 0.970191, 0.981312, 0.986146
0.986146, 0.990262, 0.996084, 0.999301, 0.999946
0.999946, 0.999863, 0.997708, 0.992944, 0.989383
0.989383, 0.985103, 0.975023, 0.962393, 0.954715
0.954715, 0.946341, 0.928582, 0.908395, 0.896785
0.896785, 0.884522, 0.859517, 0.832264, 0.817006
0.817006, 0.801153, 0.76951, 0.735856, 0.717321
0.717321, 0.698264, 0.660755, 0.621518, 0.600159
0.600159, 0.578362, 0.535901, 0.492038, 0.468374
0.468374, 0.444368, 0.39799, 0.35057, 0.325177
0.325177, 0.299548, 0.250381, 0.20056, 0.174058
0.174058, 0.14743, 0.0966731, 0.0456636, 0.0186982
0.0186982, -0.0082808, -0.0593907, -0.110345, -0.137117
-0.137117, -0.16379, -0.214008, -0.263666, -0.289592
-0.289592, -0.315308, -0.36341, -0.410562, -0.435011
-0.435011, -0.459144, -0.503958, -0.547455, -0.569831
-0.569831, -0.591793, -0.632228, -0.67101, -0.690768
-0.690768, -0.710023, -0.745094, -0.778216, -0.794874
-0.794874, -0.810954, -0.839806, -0.866462, -0.879614
-0.879614, -0.892127, -0.914057, -0.933596, -0.942923
-0.942923, -0.951563, -0.966037, -0.977984, -0.983257
-0.983257, -0.987815, -0.99448, -0.998544, -0.999636
-0.999636, -1, -0.998693, -0.994775, -0.991658
-0.991658, -0.98782, -0.978574, -0.966768, -0.95952
-0.95952, -0.951573, -0.934612, -0.915207, -0.904003
-0.904003, -0.892141, -0.867879, -0.841348, -0.826461
-0.826461, -0.810972, -0.780001, -0.746989, -0.728782
-0.728782, -0.710045, -0.673118, -0.634431, -0.613347
-0.613347, -0.591818, -0.549835, -0.506415, -0.482969
-0.482969, -0.459171, -0.413156, -0.36606, -0.340823
-0.340823, -0.315337, -0.26641, -0.216787, -0.190373
-0.190373, -0.16382, -0.113174, -0.0622319, -0.0352846

0.945041, 0.935877, 0.916641, 0.895008, 0.882649
0.88265, 0.869648, 0.843273, 0.814693, 0.798753
0.798753, 0.782231, 0.74936, 0.714528, 0.695395
0.695395, 0.675756, 0.637188, 0.596955, 0.575095
0.575095, 0.552816, 0.509492, 0.464836, 0.440782
0.440782, 0.416407, 0.369383, 0.321393, 0.29573
0.29573, 0.269852, 0.220273, 0.170118, 0.143473
0.143473, 0.116723, 0.0657972, 0.0146994, -0.01228
-0.01228, -0.0392504, -0.0902822, -0.141078, -0.167734
-0.167734, -0.194267, -0.244162, -0.293418, -0.319101
-0.319101, -0.344551, -0.392093, -0.438609, -0.462693
-0.462693, -0.48644, -0.53047, -0.573113, -0.595012
-0.595012, -0.616477, -0.655923, -0.693654, -0.712834
-0.712834, -0.731494, -0.765395, -0.797295, -0.813288
-0.813288, -0.828689, -0.856219, -0.88151, -0.893926
-0.893926, -0.905693, -0.926181, -0.944247, -0.952785
-0.952785, -0.96063, -0.973577, -0.983978, -0.98843
-0.98843, -0.992162, -0.997253, -0.999736, -0.999992
-0.999992, -0.999521, -0.996631, -0.991135, -0.98719
-0.98719, -0.982527, -0.971727, -0.958386, -0.950336
-0.950336, -0.941594, -0.923147, -0.902286, -0.890327
-0.890327, -0.87772, -0.852075, -0.824203, -0.808626
-0.808626, -0.79246, -0.760243, -0.726038, -0.707223
-0.707223, -0.687893, -0.649888, -0.610184, -0.588589
-0.588589, -0.566566, -0.523699, -0.479463, -0.455614
-0.455614, -0.431434, -0.38475, -0.33706, -0.311539
-0.311539, -0.285791, -0.236427, -0.186445, -0.159873
-0.159873, -0.133185, -0.082344, -0.0312875, -0.00431237
-0.00431236, 0.0226659, 0.0737456, 0.124633, 0.151354
0.151354, 0.177965, 0.228038, 0.277516, 0.303332
0.303332, 0.328928, 0.376775, 0.423638, 0.44792
0.44792, 0.471876, 0.516332, 0.559438, 0.581595
0.581595, 0.603328, 0.643309, 0.681608, 0.701099
0.701099, 0.72008, 0.754612, 0.78717, 0.803522
0.803522, 0.819288, 0.847529, 0.873554, 0.886367
0.886367, 0.898534, 0.919797, 0.938654, 0.947616
0.947616, 0.955888, 0.969654, 0.980885, 0.985777
0.985777, 0.989952, 0.995887, 0.999216, 0.999921
0.999921, 0.999897, 0.997855, 0.993203, 0.989701
0.989701, 0.985479, 0.97551, 0.96299, 0.955369
0.955369, 0.947051, 0.929399, 0.909315, 0.897759
0.897759, 0.885549, 0.860642, 0.833485, 0.818276
0.818276, 0.802471, 0.770917, 0.737347, 0.718856
0.718856, 0.699841, 0.662409, 0.623245, 0.601921
0.601921, 0.58016, 0.537762, 0.493957, 0.470321
0.470321, 0.446343, 0.400012, 0.352635, 0.327262
0.327262, 0.301652, 0.252516, 0.20272, 0.17623
0.17623, 0.149611, 0.0988682, 0.0478669, 0.0209035
0.0209035, -0.00607511, -0.0571887, -0.108153, -0.134932
-0.134932, -0.161613, -0.211852, -0.261537, -0.28748
-0.28748, -0.313214, -0.361354, -0.40855, -0.433024
-0.433024, -0.457183, -0.502052, -0.545608, -0.568017
-0.568017, -0.590013, -0.630518, -0.669373, -0.689171
-0.689171, -0.708468, -0.743621, -0.776829, -0.793534
-0.793534, -0.809662, -0.838606, -0.865358, -0.878563
-0.878563, -0.891128, -0.91316, -0.932803, -0.942186
-0.942186, -0.950883, -0.965464, -0.977521, -0.982853
-0.982853, -0.98747, -0.994246, -0.998422, -0.999574
-0.999574, -0.999998, -0.998803, -0.994997, -0.99194
-0.99194, -0.988161, -0.979026, -0.96733, -0.960139
-0.960139, -0.952248, -0.935394, -0.916094, -0.904944
-0.904944, -0.893135, -0.868973, -0.842538, -0.827701
-0.827701, -0.812261, -0.781379, -0.748454, -0.730291
-0.730291, -0.711596, -0.674748, -0.636134, -0.615088

0.957055, 0.964528, 0.976762, 0.986442, 0.990509
0.99051, 0.993857, 0.998215, 0.999963, 0.999831
0.999831, 0.998972, 0.995348, 0.989121, 0.984792
0.984792, 0.979747, 0.968229, 0.954179, 0.94576
0.94576, 0.936652, 0.917521, 0.89599, 0.883684
0.883684, 0.870735, 0.844457, 0.81597, 0.800078
0.800078, 0.783604, 0.750819, 0.71607, 0.696979
0.696979, 0.67738, 0.638887, 0.598723, 0.576898
0.576898, 0.554653, 0.511389, 0.466788, 0.442761
0.442761, 0.418411, 0.371432, 0.323481, 0.297836
0.297836, 0.271975, 0.222424, 0.172292, 0.145655
0.145655, 0.118913, 0.067998, 0.0169049, -0.0100744
-0.0100744, -0.0370462, -0.0880852, -0.138894, -0.165559
-0.165559, -0.192103, -0.242022, -0.291308, -0.317009
-0.317009, -0.342479, -0.390063, -0.436626, -0.460736
-0.460736, -0.484512, -0.528599, -0.571304, -0.593238
-0.593238, -0.614739, -0.654257, -0.692064, -0.711285
-0.711285, -0.729988, -0.763974, -0.795962, -0.812002
-0.812002, -0.827452, -0.855077, -0.880466, -0.892936
-0.892936, -0.904755, -0.925347, -0.943519, -0.952113
-0.952113, -0.960015, -0.973071, -0.983583, -0.988093
-0.988093, -0.991884, -0.997087, -0.999682, -0.999998
-0.999998, -0.999587, -0.996809, -0.991425, -0.98754
-0.98754, -0.982935, -0.972245, -0.959013, -0.95102
-0.95102, -0.942334, -0.923993, -0.903235, -0.891329
-0.891329, -0.878774, -0.853228, -0.82545, -0.809921
-0.809921, -0.793804, -0.761674, -0.727553, -0.708781
-0.708781, -0.689492, -0.651563, -0.61193, -0.590371
-0.590371, -0.568382, -0.525577, -0.481397, -0.457577
-0.457577, -0.433423, -0.386785, -0.339136, -0.313634
-0.313634, -0.287904, -0.23857, -0.188612, -0.16205
-0.16205, -0.135371, -0.0845421, -0.033492, -0.00651808
-0.00651807, 0.0204606, 0.0715457, 0.122444, 0.149173
0.149173, 0.175794, 0.22589, 0.275396, 0.30123
0.30123, 0.326844, 0.374731, 0.421639, 0.445947
0.445947, 0.469931, 0.514442, 0.557608, 0.579799
0.579799, 0.601568, 0.641619, 0.679992, 0.699524
0.699524, 0.718548, 0.753163, 0.785808, 0.802207
0.802207, 0.818021, 0.846356, 0.872478, 0.885343
0.885343, 0.897564, 0.918929, 0.937891, 0.946909
0.946909, 0.955238, 0.969113, 0.980453, 0.985404
0.985404, 0.989638, 0.995684, 0.999127, 0.99989
0.99989, 0.999926, 0.997997, 0.993457, 0.990015
0.990015, 0.985852, 0.975993, 0.963583, 0.956018
0.956018, 0.947757, 0.93021, 0.910231, 0.898728
0.898728, 0.886572, 0.861764, 0.834702, 0.819542
0.819542, 0.803785, 0.77232, 0.738836, 0.720387
0.720387, 0.701415, 0.66406, 0.624968, 0.603681
0.603681, 0.581955, 0.53962, 0.495874, 0.472267
0.472267, 0.448316, 0.402033, 0.354698, 0.329346
0.329346, 0.303754, 0.25465, 0.20488, 0.178401
0.178401, 0.151792, 0.101063, 0.05007, 0.0231087
0.0231087, -0.00386939, -0.0549865, -0.10596, -0.132746
-0.132746, -0.159436, -0.209696, -0.259408, -0.285367
-0.285367, -0.311118, -0.359297, -0.406536, -0.431035
-0.431035, -0.45522, -0.500143, -0.543758, -0.566201
-0.566201, -0.588231, -0.628804, -0.667733, -0.687571
-0.687571, -0.70691, -0.742144, -0.775438, -0.79219
-0.79219, -0.808365, -0.837403, -0.864251, -0.877507
-0.877507, -0.890125, -0.912258, -0.932006, -0.941445
-0.941445, -0.950198, -0.964887, -0.977054, -0.982444
-0.982444, -0.987119, -0.994007, -0.998296, -0.999507
-0.999507, -0.99999, -0.998909, -0.995215, -0.992217
-0.992217, -0.988497, -0.979473, -0.967887, -0.960753

0.604757, 0.626022, 0.665069, 0.702377, 0.721323
0.721324, 0.739745, 0.773178, 0.804588, 0.820315
0.820315, 0.835445, 0.862448, 0.887196, 0.89932
0.89932, 0.910789, 0.930705, 0.948187, 0.956413
0.956413, 0.963943, 0.976287, 0.986077, 0.990204
0.990204, 0.99361, 0.998081, 0.999942, 0.999869
0.999869, 0.999069, 0.995558, 0.989443, 0.985173
0.985173, 0.980187, 0.968779, 0.954837, 0.946474
0.946474, 0.937422, 0.918396, 0.896967, 0.884715
0.884715, 0.871818, 0.845636, 0.817243, 0.801399
0.801399, 0.784972, 0.752274, 0.717608, 0.698559
0.698559, 0.679001, 0.640582, 0.600488, 0.578698
0.578698, 0.556487, 0.513283, 0.468738, 0.444738
0.444738, 0.420414, 0.373479, 0.325567, 0.299941
0.299941, 0.274097, 0.224574, 0.174464, 0.147837
0.147837, 0.121103, 0.0701984, 0.0191102, -0.0078687
-0.00786871, -0.0348419, -0.0858878, -0.136709, -0.163383
-0.163383, -0.189938, -0.239881, -0.289198, -0.314917
-0.314917, -0.340406, -0.388031, -0.43464, -0.458777
-0.458777, -0.482581, -0.526726, -0.569493, -0.59146
-0.59146, -0.612998, -0.652587, -0.69047, -0.709733
-0.709733, -0.728479, -0.762549, -0.794624, -0.810713
-0.810713, -0.826211, -0.853931, -0.879418, -0.89194
-0.89194, -0.903814, -0.924508, -0.942785, -0.951436
-0.951436, -0.959395, -0.97256, -0.983182, -0.987751
-0.987751, -0.991601, -0.996916, -0.999624, -1
-1, -0.999647, -0.996983, -0.991711, -0.987884
-0.987884, -0.983338, -0.972759, -0.959636, -0.951699
-0.951699, -0.94307, -0.924834, -0.904179, -0.892327
-0.892327, -0.879825, -0.854376, -0.826693, -0.811213
-0.811213, -0.795143, -0.763102, -0.729064, -0.710335
-0.710335, -0.691088, -0.653235, -0.613673, -0.59215
-0.59215, -0.570195, -0.527452, -0.48333, -0.459537
-0.459537, -0.43541, -0.388819, -0.34121, -0.315728
-0.315728, -0.290016, -0.240712, -0.190777, -0.164227
-0.164227, -0.137556, -0.0867397, -0.0356965, -0.00872376
-0.00872376, 0.0182553, 0.0693454, 0.120254, 0.146992
0.146992, 0.173622, 0.223741, 0.273275, 0.299126
0.299126, 0.324758, 0.372685, 0.419638, 0.443972
0.443972, 0.467982, 0.512549, 0.555776, 0.578
0.578, 0.599804, 0.639925, 0.678373, 0.697947
0.697947, 0.717012, 0.75171, 0.784442, 0.800888
0.800888, 0.81675, 0.84518, 0.871399, 0.884316
0.884316, 0.896589, 0.918057, 0.937124, 0.946198
0.946198, 0.954583, 0.968566, 0.980017, 0.985026
0.985026, 0.989319, 0.995477, 0.999032, 0.999855
0.999855, 0.99995, 0.998134, 0.993707, 0.990323
0.990323, 0.986219, 0.976471, 0.96417, 0.956663
0.956663, 0.948459, 0.931018, 0.911142, 0.899693
0.899693, 0.88759, 0.86288, 0.835914, 0.820804
0.820804, 0.805095, 0.77372, 0.74032, 0.721916
0.721916, 0.702985, 0.665707, 0.626689, 0.605438
0.605438, 0.583747, 0.541476, 0.497788, 0.47421
0.47421, 0.450287, 0.404051, 0.356759, 0.331428
0.331428, 0.305855, 0.256782, 0.207038, 0.180571
0.180571, 0.153971, 0.103257, 0.0522729, 0.0253138
0.0253138, -0.00166365, -0.0527839, -0.103766, -0.13056
-0.13056, -0.157258, -0.207539, -0.257277, -0.283252
-0.283252, -0.309021, -0.357237, -0.404519, -0.429043
-0.429043, -0.453255, -0.498232, -0.541906, -0.564381
-0.564381, -0.586446, -0.627087, -0.666089, -0.685968
-0.685968, -0.705348, -0.740664, -0.774044, -0.790842
-0.790842, -0.807065, -0.836195, -0.863139, -0.876447
-0.876447, -0.889118, -0.911353, -0.931204, -0.940699

0.0222538, 0.049216, 0.100212, 0.150946, 0.177559
0.177559, 0.204043, 0.253823, 0.302939, 0.328538
0.328538, 0.353898, 0.40125, 0.447552, 0.471513
0.471513, 0.495131, 0.5389, 0.581259, 0.602999
0.602999, 0.624301, 0.66342, 0.700805, 0.719794
0.719794, 0.738259, 0.771777, 0.803276, 0.819051
0.819051, 0.834231, 0.861329, 0.886176, 0.898353
0.898353, 0.909876, 0.929896, 0.947484, 0.955767
0.955767, 0.963353, 0.975807, 0.985708, 0.989894
0.989894, 0.993359, 0.997942, 0.999915, 0.999903
0.999903, 0.999162, 0.995763, 0.98976, 0.985549
0.985549, 0.980621, 0.969323, 0.95549, 0.947184
0.947184, 0.938188, 0.919266, 0.89794, 0.885741
0.885741, 0.872896, 0.846812, 0.818513, 0.802717
0.802717, 0.786337, 0.753725, 0.719142, 0.700135
0.700135, 0.680619, 0.642274, 0.60225, 0.580495
0.580495, 0.558318, 0.515175, 0.470685, 0.446712
0.446712, 0.422414, 0.375524, 0.327652, 0.302045
0.302045, 0.276218, 0.226723, 0.176636, 0.150018
0.150018, 0.123292, 0.0723986, 0.0213155, -0.005663
-0.00566301, -0.0326374, -0.08369, -0.134524, -0.161207
-0.161207, -0.187772, -0.23774, -0.287085, -0.312822
-0.312822, -0.338331, -0.385997, -0.432653, -0.456816
-0.456816, -0.480648, -0.524849, -0.567678, -0.58968
-0.58968, -0.611253, -0.650914, -0.688873, -0.708177
-0.708177, -0.726966, -0.76112, -0.793283, -0.80942
-0.80942, -0.824967, -0.852781, -0.878366, -0.890941
-0.890941, -0.902867, -0.923665, -0.942048, -0.950755
-0.950755, -0.95877, -0.972045, -0.982777, -0.987405
-0.987405, -0.991313, -0.996741, -0.999562, -0.999997
-0.999997, -0.999704, -0.997152, -0.991992, -0.988224
-0.988224, -0.983737, -0.973268, -0.960254, -0.952374
-0.952374, -0.943801, -0.925671, -0.905119, -0.89332
-0.89332, -0.880871, -0.85552, -0.827932, -0.812501
-0.812501, -0.796479, -0.764525, -0.730572, -0.711886
-0.711886, -0.692681, -0.654903, -0.615413, -0.593926
-0.593926, -0.572006, -0.529325, -0.485259, -0.461495
-0.461495, -0.437395, -0.39085, -0.343283, -0.31782
-0.31782, -0.292126, -0.242852, -0.192942, -0.166402
-0.166402, -0.139741, -0.088937, -0.0379007, -0.0109294
-0.0109294, 0.0160499, 0.0671448, 0.118064, 0.144809
0.144809, 0.171449, 0.221591, 0.271153, 0.29702
0.29702, 0.322671, 0.370638, 0.417634, 0.441994
0.441994, 0.466032, 0.510654, 0.553941, 0.576199
0.576199, 0.598038, 0.638229, 0.676751, 0.696365
0.696365, 0.715473, 0.750253, 0.783072, 0.799565
0.799565, 0.815476, 0.843999, 0.870314, 0.883284
0.883284, 0.89561, 0.91718, 0.936352, 0.945482
0.945482, 0.953923, 0.968015, 0.979576, 0.984644
0.984644, 0.988995, 0.995265, 0.998933, 0.999815
0.999815, 0.99997, 0.998266, 0.993951, 0.990627
0.990627, 0.986581, 0.976945, 0.964753, 0.957303
0.957303, 0.949155, 0.931821, 0.912049, 0.900654
0.900654, 0.888604, 0.863993, 0.837123, 0.822062
0.822062, 0.806402, 0.775115, 0.741801, 0.72344
0.72344, 0.704552, 0.667352, 0.628406, 0.607192
0.607192, 0.585537, 0.543329, 0.4997, 0.476151
0.476151, 0.452255, 0.406068, 0.358819, 0.333508
0.333508, 0.307954, 0.258914, 0.209196, 0.18274
0.18274, 0.15615, 0.105451, 0.0544755, 0.0275188
0.0275188, 0.000542093, -0.0505811, -0.101572, -0.128373
-0.128373, -0.155079, -0.205381, -0.255145, -0.281136
-0.281136, -0.306923, -0.355176, -0.402501, -0.42705
-0.42705, -0.451288, -0.496318, -0.540051, -0.562559

-0.568721, -0.546325, -0.502791, -0.457943, -0.433794
-0.433795, -0.40933, -0.362152, -0.314026, -0.288299
-0.288299, -0.262363, -0.212688, -0.162457, -0.135779
-0.135779, -0.109003, -0.0580424, -0.00693019, 0.0200486
0.0200486, 0.0470128, 0.0980173, 0.148765, 0.175388
0.175388, 0.201883, 0.251689, 0.300837, 0.326454
0.326454, 0.351834, 0.399228, 0.445578, 0.469567
0.469567, 0.493214, 0.537041, 0.579463, 0.601238
0.601238, 0.622576, 0.661768, 0.69923, 0.718261
0.718261, 0.73677, 0.770372, 0.80196, 0.817784
0.817784, 0.833012, 0.860207, 0.885152, 0.897382
0.897382, 0.908959, 0.929083, 0.946777, 0.955116
0.955116, 0.962759, 0.975322, 0.985334, 0.989579
0.989579, 0.993103, 0.997798, 0.999884, 0.999931
0.999931, 0.99925, 0.995964, 0.990073, 0.985921
0.985921, 0.981051, 0.969863, 0.956139, 0.947889
0.947889, 0.938949, 0.920132, 0.898909, 0.886762
0.886762, 0.87397, 0.847983, 0.819778, 0.80403
0.80403, 0.787697, 0.755173, 0.720673, 0.701709
0.701709, 0.682233, 0.643964, 0.60401, 0.58229
0.58229, 0.560146, 0.517064, 0.47263, 0.448684
0.448684, 0.424412, 0.377567, 0.329735, 0.304147
0.304147, 0.278337, 0.228871, 0.178806, 0.152199
0.152199, 0.125481, 0.0745983, 0.0235207, -0.00345728
-0.00345729, -0.0304328, -0.0814918, -0.132338, -0.159029
-0.159029, -0.185605, -0.235596, -0.284972, -0.310727
-0.310727, -0.336255, -0.383961, -0.430663, -0.454853
-0.454853, -0.478712, -0.52297, -0.565861, -0.587898
-0.587898, -0.609506, -0.649238, -0.687272, -0.706618
-0.706618, -0.72545, -0.759687, -0.791938, -0.808122
-0.808122, -0.823718, -0.851627, -0.87731, -0.889937
-0.889937, -0.901917, -0.922818, -0.941305, -0.950069
-0.950069, -0.958141, -0.971525, -0.982367, -0.987053
-0.987053, -0.991021, -0.99656, -0.999494, -0.999988
-0.999988, -0.999755, -0.997316, -0.992268, -0.988559
-0.988559, -0.98413, -0.973772, -0.960867, -0.953045
-0.953045, -0.944528, -0.926503, -0.906055, -0.894309
-0.894309, -0.881913, -0.85666, -0.829167, -0.813785
-0.813785, -0.797811, -0.765945, -0.732077, -0.713433
-0.713433, -0.69427, -0.656569, -0.61715, -0.595699
-0.595699, -0.573814, -0.531195, -0.487187, -0.463451
-0.463451, -0.439377, -0.392879, -0.345354, -0.319911
-0.319911, -0.294235, -0.244991, -0.195106, -0.168577
-0.168577, -0.141924, -0.0911337, -0.0401048, -0.013135
-0.013135, 0.0138444, 0.0649439, 0.115874, 0.142627
0.142627, 0.169276, 0.219439, 0.269029, 0.294913
0.294913, 0.320583, 0.368588, 0.415629, 0.440014
0.440014, 0.464079, 0.508756, 0.552103, 0.574395
0.574395, 0.596268, 0.636529, 0.675125, 0.69478
0.69478, 0.71393, 0.748793, 0.781698, 0.798238
0.798238, 0.814197, 0.842814, 0.869226, 0.882247
0.882247, 0.894627, 0.916299, 0.935575, 0.944761
0.944761, 0.953259, 0.967459, 0.97913, 0.984256
0.984256, 0.988666, 0.995048, 0.998828, 0.99977
0.99977, 0.999985, 0.998393, 0.994191, 0.990926
0.990926, 0.986939, 0.977413, 0.965331, 0.957938
0.957938, 0.949847, 0.932619, 0.912951, 0.90161
0.90161, 0.889613, 0.865102, 0.838328, 0.823316
0.823316, 0.807704, 0.776507, 0.743279, 0.724961
0.724961, 0.706116, 0.668993, 0.63012, 0.608944
0.608944, 0.587323, 0.545179, 0.501609, 0.478089
0.478089, 0.454221, 0.408083, 0.360877, 0.335587
0.335587, 0.310052, 0.261043, 0.211352, 0.184908
0.184908, 0.158329, 0.107644, 0.0566778, 0.0297236

-0.943207, -0.933902, -0.914403, -0.892513, -0.88002
-0.880021, -0.866888, -0.84027, -0.811454, -0.795393
-0.795393, -0.778753, -0.745664, -0.710625, -0.691386
-0.691386, -0.671644, -0.63289, -0.592482, -0.570534
-0.570534, -0.548171, -0.504697, -0.459903, -0.435781
-0.435781, -0.411342, -0.364207, -0.316119, -0.290411
-0.290411, -0.264491, -0.214843, -0.164633, -0.137964
-0.137964, -0.111195, -0.0602443, -0.00913586, 0.0178432
0.0178433, 0.0448094, 0.095822, 0.146584, 0.173216
0.173216, 0.199722, 0.249554, 0.298732, 0.324369
0.324369, 0.349769, 0.397205, 0.443602, 0.467618
0.467618, 0.491294, 0.535179, 0.577664, 0.599474
0.599474, 0.620848, 0.660113, 0.697651, 0.716725
0.716725, 0.735276, 0.768964, 0.800641, 0.816513
0.816513, 0.83179, 0.85908, 0.884123, 0.896406
0.896406, 0.908037, 0.928265, 0.946064, 0.95446
0.95446, 0.962161, 0.974833, 0.984955, 0.989259
0.989259, 0.992842, 0.99765, 0.999848, 0.999954
0.999954, 0.999333, 0.996159, 0.99038, 0.986287
0.986287, 0.981476, 0.970398, 0.956782, 0.948589
0.948589, 0.939706, 0.920994, 0.899873, 0.88778
0.88778, 0.87504, 0.84915, 0.821039, 0.80534
0.80534, 0.789054, 0.756617, 0.722201, 0.703278
0.703278, 0.683844, 0.645649, 0.605766, 0.584082
0.584082, 0.561972, 0.518951, 0.474573, 0.450655
0.450655, 0.426408, 0.379609, 0.331817, 0.306247
0.306247, 0.280455, 0.231018, 0.180976, 0.154379
0.154379, 0.127669, 0.0767978, 0.0257258, -0.00125154
-0.00125155, -0.028228, -0.0792932, -0.130151, -0.156851
-0.156851, -0.183437, -0.233452, -0.282857, -0.308629
-0.308629, -0.334177, -0.381923, -0.428671, -0.452888
-0.452888, -0.476775, -0.521089, -0.564041, -0.586112
-0.586112, -0.607756, -0.647559, -0.685668, -0.705056
-0.705056, -0.72393, -0.758251, -0.79059, -0.806821
-0.806821, -0.822465, -0.850469, -0.876249, -0.888929
-0.888929, -0.900962, -0.921966, -0.940559, -0.949379
-0.949379, -0.957507, -0.971, -0.981952, -0.986697
-0.986697, -0.990724, -0.996375, -0.999421, -0.999975
-0.999975, -0.999801, -0.997475, -0.99254, -0.98889
-0.98889, -0.984519, -0.974272, -0.961476, -0.95371
-0.95371, -0.94525, -0.927331, -0.906986, -0.895294
-0.895294, -0.882951, -0.857796, -0.830398, -0.815065
-0.815065, -0.799139, -0.767361, -0.733578, -0.714977
-0.714977, -0.695856, -0.658231, -0.618884, -0.597469
-0.597469, -0.575619, -0.533063, -0.489112, -0.465404
-0.465404, -0.441358, -0.394907, -0.347423, -0.322
-0.322, -0.296343, -0.247129, -0.197269, -0.17075
-0.17075, -0.144107, -0.0933301, -0.0423087, -0.0153405
-0.0153405, 0.0116388, 0.0627427, 0.113682, 0.140443
0.140443, 0.167101, 0.217287, 0.266904, 0.292805
0.292805, 0.318493, 0.366537, 0.413622, 0.438033
0.438033, 0.462124, 0.506856, 0.550263, 0.572588
0.572588, 0.594496, 0.634826, 0.673496, 0.693192
0.693192, 0.712384, 0.74733, 0.780321, 0.796908
0.796908, 0.812914, 0.841624, 0.868133, 0.881207
0.881207, 0.893639, 0.915413, 0.934794, 0.944036
0.944036, 0.95259, 0.966899, 0.978679, 0.983864
0.983864, 0.988332, 0.994827, 0.998719, 0.999721
0.999721, 0.999994, 0.998516, 0.994426, 0.99122
0.99122, 0.987292, 0.977877, 0.965904, 0.958569
0.958569, 0.950535, 0.933412, 0.913849, 0.902562
0.902562, 0.890619, 0.866206, 0.839528, 0.824565
0.824565, 0.809003, 0.777895, 0.744753, 0.726479
0.726479, 0.707676, 0.670631, 0.631832, 0.610692

-0.958653, -0.965981, -0.977939, -0.987339, -0.991259
-0.991259, -0.994457, -0.998532, -0.999995, -0.999714
-0.999714, -0.998704, -0.994796, -0.988287, -0.983811
-0.983811, -0.978618, -0.966823, -0.9525, -0.943938
-0.943938, -0.934688, -0.915294, -0.893505, -0.881066
-0.881066, -0.867986, -0.841464, -0.812741, -0.796728
-0.796728, -0.780135, -0.747132, -0.712175, -0.692978
-0.692978, -0.673277, -0.634597, -0.594257, -0.572344
-0.572344, -0.550014, -0.5066, -0.461861, -0.437765
-0.437765, -0.413351, -0.36626, -0.318211, -0.29252
-0.29252, -0.266617, -0.216996, -0.166808, -0.140149
-0.140149, -0.113387, -0.0624459, -0.0113415, 0.0156378
0.0156378, 0.0426057, 0.0936261, 0.144402, 0.171043
0.171043, 0.19756, 0.247417, 0.296627, 0.322281
0.322281, 0.347702, 0.39518, 0.441624, 0.465667
0.465667, 0.489371, 0.533314, 0.575862, 0.597707
0.597707, 0.619118, 0.658455, 0.696069, 0.715185
0.715185, 0.73378, 0.767552, 0.799317, 0.815237
0.815237, 0.830563, 0.857949, 0.88309, 0.895427
0.895427, 0.907111, 0.927442, 0.945347, 0.9538
0.9538, 0.961557, 0.974339, 0.984572, 0.988934
0.988934, 0.992576, 0.997496, 0.999807, 0.999973
0.999973, 0.999411, 0.99635, 0.990683, 0.986649
0.986649, 0.981896, 0.970928, 0.957422, 0.949285
0.949285, 0.940458, 0.921851, 0.900833, 0.888793
0.888793, 0.876105, 0.850313, 0.822296, 0.806645
0.806645, 0.790408, 0.758057, 0.723725, 0.704845
0.704845, 0.685452, 0.647332, 0.60752, 0.585871
0.585871, 0.563795, 0.520835, 0.476513, 0.452623
0.452623, 0.428402, 0.381649, 0.333897, 0.308346
0.308346, 0.282572, 0.233163, 0.183145, 0.156558
0.156557, 0.129856, 0.0789968, 0.0279308, 0.000954204
0.000954198, -0.026023, -0.0770942, -0.127964, -0.154672
-0.154672, -0.181268, -0.231307, -0.280741, -0.30653
-0.30653, -0.332097, -0.379884, -0.426677, -0.45092
-0.45092, -0.474835, -0.519205, -0.562218, -0.584323
-0.584323, -0.606003, -0.645876, -0.684061, -0.70349
-0.70349, -0.722406, -0.756811, -0.789237, -0.805516
-0.805516, -0.821209, -0.849307, -0.875184, -0.887916
-0.887916, -0.900003, -0.921109, -0.939807, -0.948683
-0.948683, -0.956869, -0.97047, -0.981533, -0.986336
-0.986336, -0.990421, -0.996185, -0.999344, -0.999957
-0.999957, -0.999843, -0.997629, -0.992806, -0.989215
-0.989215, -0.984904, -0.974766, -0.96208, -0.954371
-0.954371, -0.945968, -0.928154, -0.907913, -0.896275
-0.896275, -0.883984, -0.858928, -0.831625, -0.816341
-0.816341, -0.800463, -0.768774, -0.735075, -0.716517
-0.716517, -0.697438, -0.65989, -0.620615, -0.599236
-0.599236, -0.577421, -0.534927, -0.491035, -0.467355
-0.467355, -0.443336, -0.396932, -0.34949, -0.324087
-0.324087, -0.298449, -0.249266, -0.199431, -0.172923
-0.172923, -0.14629, -0.095526, -0.0445123, -0.017546
-0.017546, 0.00943318, 0.0605411, 0.111491, 0.138259
0.138259, 0.164926, 0.215133, 0.264777, 0.290695
0.290695, 0.316401, 0.364484, 0.411613, 0.436049
0.436049, 0.460167, 0.504954, 0.548419, 0.570778
0.570778, 0.592721, 0.633121, 0.671864, 0.691601
0.691601, 0.710834, 0.745862, 0.77894, 0.795573
0.795573, 0.811628, 0.840431, 0.867036, 0.880162
0.880162, 0.892647, 0.914523, 0.934008, 0.943306
0.943306, 0.951917, 0.966334, 0.978224, 0.983467
0.983467, 0.987994, 0.9946, 0.998605, 0.999666
0.999666, 0.999999, 0.998634, 0.994656, 0.991509
0.991509, 0.98764, 0.978336, 0.966473, 0.959195

-0.609179, -0.630351, -0.669214, -0.706326, -0.725166
-0.725166, -0.743478, -0.776694, -0.80788, -0.823484
-0.823484, -0.83849, -0.865251, -0.889749, -0.901739
-0.901739, -0.913072, -0.932726, -0.94994, -0.958023
-0.958023, -0.965408, -0.977476, -0.986987, -0.990966
-0.990966, -0.994223, -0.99841, -0.999986, -0.999764
-0.999764, -0.998814, -0.995019, -0.988621, -0.984203
-0.984203, -0.979069, -0.967384, -0.953169, -0.944664
-0.944663, -0.93547, -0.91618, -0.894494, -0.882107
-0.882107, -0.869079, -0.842653, -0.814024, -0.798059
-0.798059, -0.781513, -0.748596, -0.713722, -0.694567
-0.694567, -0.674906, -0.6363, -0.59603, -0.574151
-0.574151, -0.551855, -0.5085, -0.463816, -0.439747
-0.439747, -0.415359, -0.368312, -0.320301, -0.294629
-0.294629, -0.268742, -0.219149, -0.168983, -0.142332
-0.142332, -0.115578, -0.0646472, -0.0135471, 0.0134323
0.0134323, 0.0404019, 0.0914298, 0.142219, 0.16887
0.16887, 0.195398, 0.245279, 0.294519, 0.320193
0.320193, 0.345633, 0.393153, 0.439644, 0.463714
0.463714, 0.487446, 0.531447, 0.574057, 0.595938
0.595938, 0.617384, 0.656793, 0.694484, 0.713641
0.713641, 0.732279, 0.766136, 0.79799, 0.813958
0.813958, 0.829333, 0.856813, 0.882053, 0.894442
0.894442, 0.90618, 0.926615, 0.944626, 0.953135
0.953135, 0.960949, 0.97384, 0.984183, 0.988604
0.988604, 0.992305, 0.997338, 0.999761, 0.999987
0.999987, 0.999484, 0.996536, 0.990981, 0.987005
0.987005, 0.982311, 0.971454, 0.958056, 0.949976
0.949976, 0.941205, 0.922703, 0.901788, 0.889801
0.889801, 0.877167, 0.851471, 0.823549, 0.807947
0.807947, 0.791757, 0.759494, 0.725245, 0.706408
0.706408, 0.687056, 0.649012, 0.60927, 0.587657
0.587657, 0.565616, 0.522717, 0.478451, 0.454588
0.454588, 0.430394, 0.383686, 0.335975, 0.310444
0.310444, 0.284687, 0.235308, 0.185313, 0.158736
0.158736, 0.132043, 0.0811955, 0.0301356, 0.00315995
0.00315994, -0.023818, -0.0748949, -0.125776, -0.152493
-0.152493, -0.179099, -0.22916, -0.278623, -0.30443
-0.30443, -0.330016, -0.377843, -0.424681, -0.44895
-0.44895, -0.472892, -0.517319, -0.560393, -0.582532
-0.582532, -0.604247, -0.644191, -0.68245, -0.70192
-0.70192, -0.720879, -0.755368, -0.787881, -0.804207
-0.804207, -0.819948, -0.84814, -0.874115, -0.8869
-0.8869, -0.899039, -0.920249, -0.939051, -0.947983
-0.947983, -0.956226, -0.969935, -0.981108, -0.98597
-0.98597, -0.990114, -0.99599, -0.999261, -0.999934
-0.999934, -0.99988, -0.997778, -0.993068, -0.989536
-0.989536, -0.985283, -0.975256, -0.962679, -0.955028
-0.955028, -0.946681, -0.928973, -0.908835, -0.897251
-0.897251, -0.885013, -0.860055, -0.832848, -0.817613
-0.817613, -0.801783, -0.770183, -0.736569, -0.718054
-0.718054, -0.699017, -0.661545, -0.622343, -0.601001
-0.601001, -0.579221, -0.53679, -0.492955, -0.469304
-0.469304, -0.445312, -0.398956, -0.351556, -0.326173
-0.326173, -0.300553, -0.251401, -0.201592, -0.175095
-0.175095, -0.148471, -0.0977214, -0.0467158, -0.0197513
-0.0197513, 0.00722751, 0.0583393, 0.109298, 0.136074
0.136074, 0.16275, 0.212979, 0.26265, 0.288584
0.288584, 0.314308, 0.362429, 0.409602, 0.434063
0.434063, 0.458208, 0.503048, 0.546574, 0.568966
0.568966, 0.590943, 0.631412, 0.670229, 0.690006
0.690006, 0.709281, 0.744391, 0.777554, 0.794235
0.794235, 0.810337, 0.839234, 0.865935, 0.879113
0.879113, 0.89165, 0.913629, 0.933218, 0.942571

-0.027816, -0.0547724, -0.105747, -0.156444, -0.183032
-0.183032, -0.209487, -0.259201, -0.308237, -0.333788
-0.333788, -0.359097, -0.40634, -0.45252, -0.476412
-0.476412, -0.499958, -0.543578, -0.585778, -0.607429
-0.607429, -0.628637, -0.667573, -0.704763, -0.723645
-0.723645, -0.742001, -0.775303, -0.806578, -0.822231
-0.822231, -0.837286, -0.864143, -0.88874, -0.900783
-0.900783, -0.912171, -0.931928, -0.949249, -0.957388
-0.957388, -0.964831, -0.977008, -0.98663, -0.990667
-0.990667, -0.993984, -0.998283, -0.999972, -0.999809
-0.999809, -0.998919, -0.995236, -0.988951, -0.984592
-0.984592, -0.979516, -0.967941, -0.953834, -0.945385
-0.945385, -0.936247, -0.917062, -0.895478, -0.883144
-0.883144, -0.870168, -0.843839, -0.815304, -0.799386
-0.799386, -0.782887, -0.750057, -0.715265, -0.696152
-0.696152, -0.676532, -0.638, -0.597799, -0.575956
-0.575956, -0.553693, -0.510398, -0.465769, -0.441727
-0.441727, -0.417364, -0.370361, -0.32239, -0.296736
-0.296736, -0.270866, -0.221301, -0.171156, -0.144515
-0.144515, -0.117769, -0.0668482, -0.0157526, 0.0112267
0.0112267, 0.0381978, 0.0892331, 0.140035, 0.166695
0.166695, 0.193234, 0.24314, 0.292411, 0.318102
0.318102, 0.343562, 0.391123, 0.437662, 0.461759
0.461759, 0.485519, 0.529577, 0.57225, 0.594165
0.594165, 0.615647, 0.655128, 0.692895, 0.712094
0.712094, 0.730775, 0.764717, 0.796659, 0.812674
0.812674, 0.828099, 0.855674, 0.881012, 0.893454
0.893454, 0.905245, 0.925783, 0.9439, 0.952465
0.952465, 0.960337, 0.973336, 0.98379, 0.98827
0.98827, 0.99203, 0.997174, 0.999711, 0.999996
0.999996, 0.999553, 0.996717, 0.991274, 0.987357
0.987357, 0.982722, 0.971975, 0.958686, 0.950663
0.950663, 0.941948, 0.923551, 0.90274, 0.890806
0.890806, 0.878224, 0.852626, 0.824799, 0.809245
0.809245, 0.793102, 0.760927, 0.726762, 0.707967
0.707967, 0.688657, 0.650688, 0.611018, 0.58944
0.58944, 0.567433, 0.524596, 0.480387, 0.456552
0.456552, 0.432384, 0.385722, 0.338052, 0.31254
0.31254, 0.286801, 0.237451, 0.18748, 0.160913
0.160913, 0.134229, 0.0833937, 0.0323402, 0.00536567
0.00536567, -0.0216128, -0.0726951, -0.123587, -0.150312
-0.150312, -0.176928, -0.227013, -0.276504, -0.302328
-0.302328, -0.327933, -0.375799, -0.422683, -0.446978
-0.446978, -0.470947, -0.51543, -0.558564, -0.580737
-0.580737, -0.602488, -0.642502, -0.680837, -0.700348
-0.700348, -0.719349, -0.75392, -0.78652, -0.802894
-0.802894, -0.818683, -0.84697, -0.873041, -0.885879
-0.885879, -0.898071, -0.919383, -0.938291, -0.947279
-0.947279, -0.955578, -0.969396, -0.980679, -0.9856
-0.9856, -0.989803, -0.995791, -0.999174, -0.999907
-0.999907, -0.999911, -0.997923, -0.993325, -0.989852
-0.989852, -0.985658, -0.975742, -0.963274, -0.955679
-0.955679, -0.947389, -0.929787, -0.909753, -0.898222
-0.898222, -0.886038, -0.861178, -0.834067, -0.818881
-0.818881, -0.803099, -0.771588, -0.738059, -0.719588
-0.719588, -0.700593, -0.663198, -0.624068, -0.602762
-0.602762, -0.581017, -0.538649, -0.494873, -0.471251
-0.471251, -0.447286, -0.400977, -0.35362, -0.328258
-0.328258, -0.302656, -0.253535, -0.203752, -0.177267
-0.177267, -0.150652, -0.0999163, -0.048919, -0.0219566
-0.0219566, 0.00502181, 0.0561371, 0.107106, 0.133888
0.133888, 0.160574, 0.210823, 0.260521, 0.286471
0.286471, 0.312213, 0.360372, 0.407588, 0.432074
0.432074, 0.456246, 0.501141, 0.544725, 0.56715

0.564136, 0.541656, 0.497974, 0.45299, 0.428775
0.428775, 0.404247, 0.35696, 0.308738, 0.282967
0.282967, 0.25699, 0.207248, 0.156965, 0.130265
0.130265, 0.10347, 0.052487, 0.00136632, -0.0256111
-0.0256111, -0.0525698, -0.103553, -0.154265, -0.180863
-0.180863, -0.207329, -0.25707, -0.306138, -0.331708
-0.331708, -0.357037, -0.404323, -0.450552, -0.474472
-0.474472, -0.498046, -0.541726, -0.583989, -0.605675
-0.605675, -0.62692, -0.665929, -0.703197, -0.722121
-0.722121, -0.74052, -0.773908, -0.805272, -0.820973
-0.820973, -0.836078, -0.863031, -0.887727, -0.899823
-0.899823, -0.911264, -0.931126, -0.948553, -0.956749
-0.956749, -0.964249, -0.976535, -0.986268, -0.990364
-0.990364, -0.99374, -0.998152, -0.999953, -0.99985
-0.99985, -0.999019, -0.995449, -0.989275, -0.984975
-0.984975, -0.979958, -0.968492, -0.954494, -0.946101
-0.946101, -0.93702, -0.917939, -0.896457, -0.884177
-0.884177, -0.871253, -0.845021, -0.816579, -0.80071
-0.80071, -0.784258, -0.751514, -0.716805, -0.697734
-0.697734, -0.678155, -0.639697, -0.599566, -0.577758
-0.577758, -0.555529, -0.512294, -0.46772, -0.443705
-0.443705, -0.419368, -0.372409, -0.324477, -0.298842
-0.298842, -0.272989, -0.223451, -0.173329, -0.146697
-0.146697, -0.119959, -0.0690488, -0.017958, 0.00902109
0.00902109, 0.0359936, 0.0870359, 0.137851, 0.16452
0.16452, 0.191069, 0.241, 0.290301, 0.31601
0.31601, 0.34149, 0.389092, 0.435678, 0.459801
0.459801, 0.48359, 0.527705, 0.57044, 0.592389
0.592389, 0.613908, 0.65346, 0.691303, 0.710544
0.710544, 0.729268, 0.763294, 0.795323, 0.811387
0.811387, 0.82686, 0.85453, 0.879966, 0.892461
0.892461, 0.904306, 0.924947, 0.943169, 0.951791
0.951791, 0.959719, 0.972828, 0.983392, 0.98793
0.98793, 0.991749, 0.997006, 0.999655, 1
1, 0.999616, 0.996893, 0.991563, 0.987705
0.987705, 0.983128, 0.972491, 0.959311, 0.951345
0.951345, 0.942686, 0.924395, 0.903686, 0.891806
0.891806, 0.879277, 0.853777, 0.826044, 0.810539
0.810539, 0.794444, 0.762356, 0.728275, 0.709523
0.709523, 0.690255, 0.652362, 0.612763, 0.591221
0.591221, 0.569248, 0.526473, 0.48232, 0.458513
0.458513, 0.434372, 0.387757, 0.340127, 0.314634
0.314634, 0.288913, 0.239593, 0.189646, 0.16309
0.16309, 0.136415, 0.0855916, 0.0345448, 0.00757137
0.00757137, -0.0194075, -0.070495, -0.121398, -0.148131
-0.148131, -0.174757, -0.224864, -0.274383, -0.300225
-0.300225, -0.325848, -0.373754, -0.420683, -0.445004
-0.445004, -0.469, -0.513539, -0.556734, -0.57894
-0.57894, -0.600726, -0.640811, -0.679219, -0.698771
-0.698771, -0.717815, -0.75247, -0.785156, -0.801577
-0.801577, -0.817415, -0.845795, -0.871963, -0.884853
-0.884853, -0.897099, -0.918513, -0.937525, -0.94657
-0.94657, -0.954926, -0.968852, -0.980245, -0.985224
-0.985224, -0.989486, -0.995586, -0.999082, -0.999874
-0.999874, -0.999938, -0.998063, -0.993577, -0.990163
-0.990163, -0.986028, -0.976222, -0.963864, -0.956326
-0.956326, -0.948093, -0.930597, -0.910666, -0.89919
-0.89919, -0.887058, -0.862297, -0.835281, -0.820145
-0.820145, -0.804411, -0.772989, -0.739545, -0.721118
-0.721118, -0.702165, -0.664847, -0.62579, -0.604521
-0.604521, -0.582811, -0.540507, -0.496788, -0.473195
-0.473195, -0.449257, -0.402997, -0.355683, -0.33034
-0.33034, -0.304758, -0.255668, -0.205911, -0.179437
-0.179437, -0.152833, -0.102111, -0.051122, -0.0241617

0.941344, 0.931898, 0.912137, 0.88999, 0.877364
0.877365, 0.864101, 0.83724, 0.80819, 0.792009
0.792008, 0.775251, 0.741945, 0.706699, 0.687356
0.687356, 0.667512, 0.628573, 0.58799, 0.565956
0.565956, 0.543509, 0.499886, 0.454955, 0.430766
0.430766, 0.406264, 0.359019, 0.310836, 0.285082
0.285082, 0.259121, 0.209405, 0.159143, 0.132452
0.132452, 0.105664, 0.0546896, 0.00357206, -0.023406
-0.023406, -0.050367, -0.101359, -0.152085, -0.178693
-0.178693, -0.205171, -0.254938, -0.304037, -0.329627
-0.329627, -0.354976, -0.402305, -0.448582, -0.472529
-0.472529, -0.496132, -0.53987, -0.582197, -0.603918
-0.603918, -0.6252, -0.664282, -0.701627, -0.720594
-0.720594, -0.739036, -0.772509, -0.803962, -0.819712
-0.819712, -0.834865, -0.861914, -0.886709, -0.898859
-0.898859, -0.910354, -0.93032, -0.947852, -0.956105
-0.956105, -0.963662, -0.976058, -0.985901, -0.990057
-0.990057, -0.993491, -0.998015, -0.99993, -0.999886
-0.999886, -0.999114, -0.995657, -0.989595, -0.985353
-0.985353, -0.980395, -0.969039, -0.95515, -0.946814
-0.946814, -0.937788, -0.918812, -0.897433, -0.885205
-0.885205, -0.872333, -0.846198, -0.81785, -0.802029
-0.802029, -0.785624, -0.752967, -0.718341, -0.699312
-0.699312, -0.679774, -0.641391, -0.60133, -0.579557
-0.579557, -0.557361, -0.514187, -0.469668, -0.445681
-0.445681, -0.421369, -0.374456, -0.326563, -0.300946
-0.300946, -0.27511, -0.225601, -0.175501, -0.148879
-0.148879, -0.122149, -0.0712491, -0.0201634, 0.00681541
0.00681542, 0.0337892, 0.0848384, 0.135666, 0.162344
0.162344, 0.188904, 0.238859, 0.288189, 0.313917
0.313917, 0.339416, 0.38706, 0.433691, 0.457841
0.457841, 0.481658, 0.52583, 0.568627, 0.590611
0.590611, 0.612165, 0.651789, 0.689708, 0.70899
0.70899, 0.727757, 0.761867, 0.793984, 0.810096
0.810096, 0.825617, 0.853383, 0.878916, 0.891464
0.891464, 0.903362, 0.924106, 0.942434, 0.951112
0.951112, 0.959097, 0.972315, 0.982989, 0.987586
0.987586, 0.991464, 0.996833, 0.999595, 0.999999
0.999999, 0.999675, 0.997064, 0.991846, 0.988047
0.988047, 0.983529, 0.973003, 0.959931, 0.952022
0.952022, 0.94342, 0.925234, 0.904629, 0.892802
0.892802, 0.880325, 0.854923, 0.827285, 0.811829
0.811829, 0.795782, 0.763782, 0.729785, 0.711076
0.711076, 0.691849, 0.654032, 0.614504, 0.592998
0.592998, 0.57106, 0.528347, 0.484251, 0.460472
0.460472, 0.436358, 0.389789, 0.3422, 0.316727
0.316727, 0.291024, 0.241734, 0.191811, 0.165265
0.165265, 0.138599, 0.087789, 0.0367491, 0.00977703
0.00977703, -0.0172021, -0.0682946, -0.119208, -0.14595
-0.14595, -0.172585, -0.222714, -0.272262, -0.29812
-0.29812, -0.323762, -0.371708, -0.418681, -0.443027
-0.443027, -0.467051, -0.511645, -0.5549, -0.57714
-0.57714, -0.598961, -0.639116, -0.677599, -0.697192
-0.697192, -0.716277, -0.751015, -0.783788, -0.800256
-0.800256, -0.816142, -0.844616, -0.870881, -0.883823
-0.883823, -0.896122, -0.917639, -0.936756, -0.945856
-0.945856, -0.954268, -0.968304, -0.979807, -0.984844
-0.984844, -0.989165, -0.995376, -0.998985, -0.999837
-0.999837, -0.99996, -0.998197, -0.993824, -0.990469
-0.990469, -0.986393, -0.976698, -0.964449, -0.956969
-0.956969, -0.948792, -0.931402, -0.911576, -0.900153
-0.900153, -0.888075, -0.863412, -0.836492, -0.821405
-0.821405, -0.80572, -0.774386, -0.741028, -0.722644
-0.722644, -0.703734, -0.666493, -0.627509, -0.606276

0.960221, 0.967405, 0.979086, 0.988207, 0.991978
0.991978, 0.995027, 0.998818, 0.999997, 0.999565
0.999565, 0.998405, 0.994214, 0.987423, 0.982798
0.982798, 0.977458, 0.965387, 0.950791, 0.942086
0.942086, 0.932696, 0.913038, 0.890993, 0.878421
0.878421, 0.865209, 0.838444, 0.809487, 0.793353
0.793353, 0.776642, 0.743422, 0.708258, 0.688956
0.688956, 0.669152, 0.630287, 0.589773, 0.567773
0.567773, 0.545359, 0.501795, 0.456918, 0.432756
0.432756, 0.408279, 0.361077, 0.312931, 0.287195
0.287195, 0.26125, 0.211562, 0.16132, 0.134638
0.134638, 0.107857, 0.0568919, 0.00577778, -0.0212008
-0.0212008, -0.0481639, -0.0991641, -0.149905, -0.176523
-0.176523, -0.203012, -0.252804, -0.301935, -0.327543
-0.327543, -0.352913, -0.400285, -0.446609, -0.470584
-0.470584, -0.494216, -0.538012, -0.580402, -0.602159
-0.602159, -0.623477, -0.662632, -0.700053, -0.719063
-0.719063, -0.737548, -0.771107, -0.802648, -0.818447
-0.818447, -0.833649, -0.860794, -0.885687, -0.89789
-0.89789, -0.909439, -0.929508, -0.947147, -0.955456
-0.955456, -0.96307, -0.975576, -0.98553, -0.989744
-0.989744, -0.993237, -0.997874, -0.999901, -0.999917
-0.999917, -0.999205, -0.99586, -0.98991, -0.985727
-0.985727, -0.980827, -0.969582, -0.9558, -0.947521
-0.947521, -0.938552, -0.91968, -0.898403, -0.886229
-0.886229, -0.873409, -0.847371, -0.819117, -0.803344
-0.803344, -0.786987, -0.754417, -0.719874, -0.700887
-0.700887, -0.68139, -0.643081, -0.603091, -0.581353
-0.581353, -0.559191, -0.516078, -0.471614, -0.447654
-0.447654, -0.423368, -0.3765, -0.328647, -0.303049
-0.303049, -0.27723, -0.227749, -0.177672, -0.15106
-0.15106, -0.124337, -0.0734491, -0.0223686, 0.0046097
0.00460971, 0.0315846, 0.0826404, 0.13348, 0.160167
0.160167, 0.186737, 0.236716, 0.286076, 0.311822
0.311822, 0.33734, 0.385025, 0.431703, 0.455879
0.455879, 0.479724, 0.523952, 0.566811, 0.588829
0.588829, 0.610419, 0.650114, 0.688109, 0.707433
0.707433, 0.726242, 0.760436, 0.792642, 0.808801
0.808801, 0.824371, 0.852231, 0.877862, 0.890462
0.890462, 0.902414, 0.923261, 0.941694, 0.950428
0.950428, 0.95847, 0.971797, 0.982582, 0.987237
0.987237, 0.991174, 0.996655, 0.99953, 0.999993
0.999993, 0.999729, 0.997231, 0.992125, 0.988385
0.988385, 0.983925, 0.973509, 0.960547, 0.952695
0.952695, 0.944149, 0.926069, 0.905566, 0.893793
0.893793, 0.881369, 0.856065, 0.828522, 0.813115
0.813115, 0.797115, 0.765204, 0.731291, 0.712625
0.712625, 0.69344, 0.655699, 0.616243, 0.594773
0.594773, 0.57287, 0.530218, 0.48618, 0.462429
0.462429, 0.438342, 0.391819, 0.344272, 0.318819
0.318819, 0.293134, 0.243873, 0.193976, 0.16744
0.16744, 0.140784, 0.089986, 0.0389533, 0.0119826
0.0119826, -0.0149967, -0.0660938, -0.117018, -0.143767
-0.143767, -0.170411, -0.220563, -0.270139, -0.296014
-0.296014, -0.321674, -0.369659, -0.416677, -0.441049
-0.441049, -0.4651, -0.509748, -0.553064, -0.575338
-0.575338, -0.597193, -0.637418, -0.675975, -0.695609
-0.695609, -0.714736, -0.749557, -0.782417, -0.798932
-0.798932, -0.814866, -0.843433, -0.869795, -0.882789
-0.882789, -0.895141, -0.91676, -0.935982, -0.945138
-0.945138, -0.953607, -0.96775, -0.979363, -0.984459
-0.984459, -0.988838, -0.995162, -0.998883, -0.999794
-0.999794, -0.999978, -0.998327, -0.994066, -0.99077
-0.99077, -0.986753, -0.977169, -0.965029, -0.957606

0.613582, 0.634661, 0.673338, 0.710254, 0.728986
0.728986, 0.747187, 0.780187, 0.811146, 0.826628
0.826628, 0.841509, 0.868027, 0.892275, 0.90413
0.90413, 0.915327, 0.934718, 0.951664, 0.959603
0.959603, 0.966844, 0.978635, 0.987866, 0.991697
0.991697, 0.994805, 0.998708, 1, 0.999628
0.999628, 0.998528, 0.994449, 0.987769, 0.983203
0.983203, 0.977922, 0.96596, 0.951472, 0.942824
0.942824, 0.933489, 0.913936, 0.891992, 0.879473
0.879473, 0.866313, 0.839645, 0.81078, 0.794694
0.794694, 0.77803, 0.744896, 0.709814, 0.690553
0.690553, 0.67079, 0.631998, 0.591553, 0.569587
0.569587, 0.547207, 0.503702, 0.458879, 0.434743
0.434743, 0.410291, 0.363133, 0.315026, 0.289308
0.289308, 0.263379, 0.213717, 0.163496, 0.136823
0.136823, 0.11005, 0.0590939, 0.00798347, -0.0189955
-0.0189955, -0.0459606, -0.096969, -0.147724, -0.174351
-0.174351, -0.200851, -0.250669, -0.299832, -0.325459
-0.325459, -0.350848, -0.398262, -0.444635, -0.468636
-0.468636, -0.492297, -0.536152, -0.578604, -0.600396
-0.600396, -0.621751, -0.660978, -0.698477, -0.717528
-0.717528, -0.736057, -0.7697, -0.801331, -0.817177
-0.817177, -0.832429, -0.859669, -0.884661, -0.896917
-0.896917, -0.908519, -0.928693, -0.946437, -0.954803
-0.954803, -0.962474, -0.975089, -0.985154, -0.989426
-0.989426, -0.992979, -0.997728, -0.999867, -0.999943
-0.999943, -0.99929, -0.996058, -0.99022, -0.986096
-0.986096, -0.981254, -0.970119, -0.956447, -0.948224
-0.948224, -0.939311, -0.920544, -0.89937, -0.887249
-0.887249, -0.874482, -0.848541, -0.820381, -0.804656
-0.804656, -0.788346, -0.755863, -0.721403, -0.702459
-0.702459, -0.683003, -0.644769, -0.604849, -0.583146
-0.583146, -0.561019, -0.517966, -0.473558, -0.449626
-0.449625, -0.425366, -0.378542, -0.330729, -0.30515
-0.30515, -0.279349, -0.229896, -0.179842, -0.15324
-0.15324, -0.126526, -0.0756487, -0.0245737, 0.00240397
0.00240397, 0.0293799, 0.080442, 0.131294, 0.157989
0.157989, 0.18457, 0.234573, 0.283962, 0.309725
0.309725, 0.335263, 0.382988, 0.429712, 0.453915
0.453915, 0.477787, 0.522072, 0.564992, 0.587045
0.587045, 0.608671, 0.648437, 0.686507, 0.705872
0.705872, 0.724724, 0.759002, 0.791295, 0.807501
0.807501, 0.82312, 0.851075, 0.876804, 0.889456
0.889456, 0.901462, 0.922412, 0.940949, 0.94974
0.94974, 0.957839, 0.971274, 0.98217, 0.986884
0.986884, 0.990879, 0.996473, 0.99946, 0.999983
0.999983, 0.999778, 0.997392, 0.992399, 0.988718
0.988718, 0.984317, 0.974011, 0.961158, 0.953363
0.953363, 0.944874, 0.926899, 0.9065, 0.89478
0.89478, 0.882409, 0.857203, 0.829755, 0.814397
0.814397, 0.798445, 0.766622, 0.732794, 0.714171
0.714171, 0.695028, 0.657363, 0.617979, 0.596544
0.596544, 0.574676, 0.532087, 0.488106, 0.464384
0.464384, 0.440323, 0.393848, 0.346342, 0.320909
0.320909, 0.295242, 0.246012, 0.196139, 0.169615
0.169615, 0.142967, 0.0921826, 0.0411572, 0.0141882
0.0141882, -0.0127911, -0.0638928, -0.114827, -0.141584
-0.141584, -0.168238, -0.218411, -0.268014, -0.293907
-0.293907, -0.319585, -0.367609, -0.414671, -0.439068
-0.439068, -0.463146, -0.507849, -0.551225, -0.573532
-0.573532, -0.595423, -0.635716, -0.674348, -0.694023
-0.694023, -0.713192, -0.748095, -0.781041, -0.797603
-0.797603, -0.813585, -0.842246, -0.868705, -0.881751
-0.881751, -0.894155, -0.915877, -0.935203, -0.944415

0.0333773, 0.0603271, 0.111278, 0.161937, 0.188499
0.188499, 0.214924, 0.264571, 0.313525, 0.339028
0.339028, 0.364284, 0.411417, 0.457475, 0.481297
0.481297, 0.504768, 0.54824, 0.590278, 0.611839
0.611839, 0.632955, 0.671705, 0.7087, 0.727474
0.727474, 0.745719, 0.778805, 0.809854, 0.825385
0.825385, 0.840315, 0.866929, 0.891277, 0.903185
0.903185, 0.914437, 0.933932, 0.950984, 0.95898
0.95898, 0.966279, 0.978179, 0.987521, 0.99141
0.99141, 0.994578, 0.998594, 0.999998, 0.999685
0.999685, 0.998645, 0.994678, 0.988111, 0.983603
0.983603, 0.97838, 0.966528, 0.952148, 0.943557
0.943557, 0.934278, 0.914829, 0.892987, 0.88052
0.88052, 0.867413, 0.84084, 0.812069, 0.796031
0.796031, 0.779413, 0.746365, 0.711366, 0.692147
0.692147, 0.672424, 0.633706, 0.59333, 0.571399
0.571399, 0.549051, 0.505606, 0.460838, 0.436729
0.436729, 0.412302, 0.365187, 0.317118, 0.291418
0.291418, 0.265506, 0.215871, 0.165672, 0.139008
0.139008, 0.112242, 0.0612957, 0.0101891, -0.0167901
-0.0167901, -0.0437571, -0.0947734, -0.145542, -0.172179
-0.172179, -0.19869, -0.248533, -0.297727, -0.323372
-0.323372, -0.348782, -0.396238, -0.442658, -0.466687
-0.466687, -0.490376, -0.534289, -0.576804, -0.598631
-0.598631, -0.620022, -0.659321, -0.696896, -0.71599
-0.71599, -0.734562, -0.76829, -0.800009, -0.815904
-0.815904, -0.831205, -0.85854, -0.88363, -0.895939
-0.895939, -0.907596, -0.927872, -0.945722, -0.954145
-0.954145, -0.961873, -0.974597, -0.984773, -0.989104
-0.989104, -0.992716, -0.997577, -0.999829, -0.999964
-0.999964, -0.999371, -0.996251, -0.990525, -0.98646
-0.98646, -0.981677, -0.970652, -0.957088, -0.948922
-0.948922, -0.940065, -0.921403, -0.900332, -0.888264
-0.888264, -0.875549, -0.849706, -0.82164, -0.805964
-0.805964, -0.789701, -0.757305, -0.722929, -0.704027
-0.704027, -0.684612, -0.646453, -0.606604, -0.584937
-0.584937, -0.562843, -0.519851, -0.4755, -0.451595
-0.451595, -0.427361, -0.380583, -0.33281, -0.30725
-0.30725, -0.281466, -0.232042, -0.182012, -0.155419
-0.155419, -0.128714, -0.0778479, -0.0267788, 0.000198225
0.000198231, 0.0271751, 0.0782432, 0.129107, 0.155811
0.155811, 0.182402, 0.232428, 0.281846, 0.307627
0.307627, 0.333184, 0.38095, 0.427719, 0.451948
0.451948, 0.475848, 0.52019, 0.563171, 0.585258
0.585258, 0.606919, 0.646756, 0.684901, 0.704308
0.704308, 0.723203, 0.757564, 0.789944, 0.806198
0.806198, 0.821866, 0.849915, 0.875741, 0.888446
0.888446, 0.900505, 0.921557, 0.9402, 0.949047
0.949047, 0.957203, 0.970747, 0.981753, 0.986525
0.986525, 0.99058, 0.996285, 0.999385, 0.999967
0.999967, 0.999822, 0.997549, 0.992668, 0.989046
0.989046, 0.984704, 0.974508, 0.961765, 0.954026
0.954026, 0.945594, 0.927724, 0.907429, 0.895763
0.895763, 0.883445, 0.858337, 0.830984, 0.815675
0.815675, 0.799771, 0.768036, 0.734293, 0.715713
0.715713, 0.696612, 0.659023, 0.619711, 0.598313
0.598313, 0.57648, 0.533953, 0.49003, 0.466336
0.466336, 0.442302, 0.395874, 0.34841, 0.322997
0.322997, 0.297348, 0.248149, 0.198301, 0.171788
0.171788, 0.14515, 0.0943788, 0.043361, 0.0163937
0.0163937, -0.0105856, -0.0616914, -0.112636, -0.1394
-0.1394, -0.166063, -0.216258, -0.265888, -0.291797
-0.291797, -0.317494, -0.365556, -0.412663, -0.437085
-0.437085, -0.46119, -0.505948, -0.549383, -0.571724

-0.559533, -0.536971, -0.493141, -0.448023, -0.423742
-0.423742, -0.399152, -0.351757, -0.303442, -0.277626
-0.277626, -0.251609, -0.201802, -0.151467, -0.124746
-0.124746, -0.0979348, -0.04693, 0.00419759, 0.0311727
0.0311727, 0.0581252, 0.109085, 0.15976, 0.186332
0.186332, 0.212769, 0.262443, 0.31143, 0.336952
0.336952, 0.362229, 0.409406, 0.455512, 0.479362
0.479362, 0.502863, 0.546394, 0.588496, 0.610093
0.610093, 0.631245, 0.67007, 0.707142, 0.725959
0.725959, 0.744248, 0.77742, 0.808558, 0.824138
0.824138, 0.839117, 0.865828, 0.890275, 0.902236
0.902236, 0.913542, 0.933141, 0.9503, 0.958353
0.958353, 0.965708, 0.977718, 0.987172, 0.99112
0.99112, 0.994346, 0.998474, 0.999992, 0.999738
0.999738, 0.998757, 0.994903, 0.988447, 0.983999
0.983999, 0.978834, 0.967092, 0.95282, 0.944285
0.944285, 0.935062, 0.915717, 0.893978, 0.881564
0.881564, 0.868508, 0.842032, 0.813354, 0.797364
0.797364, 0.780793, 0.747832, 0.712914, 0.693737
0.693737, 0.674055, 0.63541, 0.595104, 0.573207
0.573207, 0.550894, 0.507508, 0.462795, 0.438712
0.438712, 0.41431, 0.36724, 0.319209, 0.293528
0.293528, 0.267632, 0.218025, 0.167847, 0.141191
0.141191, 0.114433, 0.0634971, 0.0123947, -0.0145846
-0.0145846, -0.0415533, -0.0925774, -0.143359, -0.170005
-0.170005, -0.196528, -0.246396, -0.29562, -0.321284
-0.321284, -0.346714, -0.394212, -0.440679, -0.464735
-0.464735, -0.488452, -0.532423, -0.575001, -0.596863
-0.596863, -0.61829, -0.657661, -0.695313, -0.714448
-0.714448, -0.733064, -0.766877, -0.798684, -0.814627
-0.814627, -0.829976, -0.857407, -0.882596, -0.894957
-0.894957, -0.906667, -0.927048, -0.945003, -0.953483
-0.953483, -0.961268, -0.974101, -0.984387, -0.988777
-0.988777, -0.992447, -0.997421, -0.999786, -0.99998
-0.99998, -0.999447, -0.996439, -0.990826, -0.98682
-0.98682, -0.982095, -0.97118, -0.957725, -0.949616
-0.949616, -0.940815, -0.922258, -0.90129, -0.889275
-0.889275, -0.876613, -0.850867, -0.822895, -0.807268
-0.807268, -0.791052, -0.758744, -0.724451, -0.705591
-0.705591, -0.686218, -0.648135, -0.608356, -0.586724
-0.586724, -0.564665, -0.521734, -0.477439, -0.453562
-0.453562, -0.429354, -0.382622, -0.334889, -0.309348
-0.309348, -0.283582, -0.234187, -0.18418, -0.157598
-0.157598, -0.130901, -0.0800468, -0.0289836, -0.00200752
-0.00200751, 0.0249701, 0.076044, 0.126919, 0.153632
0.153632, 0.180232, 0.230282, 0.279729, 0.305528
0.305528, 0.331103, 0.378909, 0.425724, 0.44998
0.44998, 0.473907, 0.518305, 0.561347, 0.583468
0.583468, 0.605165, 0.645072, 0.683292, 0.702741
0.702741, 0.721678, 0.756122, 0.78859, 0.804891
0.804891, 0.820607, 0.84875, 0.874674, 0.887431
0.887431, 0.899543, 0.920699, 0.939447, 0.94835
0.94835, 0.956562, 0.970215, 0.981331, 0.986162
0.986162, 0.990275, 0.996093, 0.999305, 0.999947
0.999947, 0.999861, 0.997701, 0.992932, 0.989369
0.989369, 0.985085, 0.975001, 0.962367, 0.954685
0.954685, 0.946309, 0.928545, 0.908354, 0.896741
0.896741, 0.884476, 0.859467, 0.832209, 0.816949
0.816949, 0.801094, 0.769447, 0.735789, 0.717252
0.717252, 0.698193, 0.660681, 0.621441, 0.600079
0.600079, 0.578281, 0.535817, 0.491952, 0.468286
0.468286, 0.44428, 0.397899, 0.350477, 0.325084
0.325084, 0.299454, 0.250286, 0.200463, 0.173961
0.173961, 0.147332, 0.0965744, 0.0455646, 0.0185991

-0.939452, -0.929866, -0.909842, -0.887439, -0.874681
-0.874681, -0.861287, -0.834185, -0.804901, -0.788599
-0.788599, -0.771724, -0.738203, -0.702752, -0.683304
-0.683304, -0.663358, -0.624236, -0.583481, -0.56136
-0.56136, -0.53883, -0.495059, -0.449994, -0.425739
-0.425739, -0.401174, -0.353821, -0.305543, -0.279744
-0.279744, -0.253743, -0.203962, -0.153647, -0.126935
-0.126935, -0.10013, -0.0491332, 0.00199186, 0.028968
0.028968, 0.055923, 0.106892, 0.157582, 0.184165
0.184165, 0.210613, 0.260314, 0.309333, 0.334875
0.334875, 0.360172, 0.407392, 0.453548, 0.477425
0.477425, 0.500955, 0.544545, 0.586711, 0.608344
0.608344, 0.629533, 0.668431, 0.70558, 0.72444
0.72444, 0.742773, 0.77603, 0.807258, 0.822886
0.822886, 0.837915, 0.864722, 0.889268, 0.901283
0.901283, 0.912642, 0.932346, 0.949611, 0.957721
0.957721, 0.965133, 0.977253, 0.986817, 0.990824
0.990824, 0.994109, 0.99835, 0.99998, 0.999786
0.999786, 0.998865, 0.995123, 0.988779, 0.984389
0.984389, 0.979283, 0.967651, 0.953487, 0.945009
0.945009, 0.935842, 0.916602, 0.894964, 0.882603
0.882603, 0.869599, 0.84322, 0.814636, 0.798693
0.798693, 0.78217, 0.749294, 0.714459, 0.695324
0.695324, 0.675683, 0.637112, 0.596875, 0.575013
0.575013, 0.552733, 0.509407, 0.464749, 0.440693
0.440693, 0.416317, 0.369291, 0.321299, 0.295635
0.295635, 0.269757, 0.220177, 0.170021, 0.143375
0.143375, 0.116624, 0.0656983, 0.0146003, -0.0123791
-0.0123791, -0.0393494, -0.0903809, -0.141176, -0.167831
-0.167831, -0.194365, -0.244258, -0.293513, -0.319194
-0.319194, -0.344644, -0.392184, -0.438698, -0.462781
-0.462781, -0.486527, -0.530554, -0.573195, -0.595091
-0.595091, -0.616555, -0.655998, -0.693726, -0.712903
-0.712903, -0.731562, -0.765459, -0.797355, -0.813345
-0.813345, -0.828744, -0.85627, -0.881556, -0.893971
-0.893971, -0.905735, -0.926218, -0.94428, -0.952815
-0.952815, -0.960657, -0.9736, -0.983996, -0.988445
-0.988445, -0.992174, -0.99726, -0.999738, -0.999992
-0.999992, -0.999518, -0.996623, -0.991122, -0.987174
-0.987174, -0.982508, -0.971703, -0.958357, -0.950305
-0.950305, -0.94156, -0.923109, -0.902243, -0.890282
-0.890282, -0.877672, -0.852023, -0.824146, -0.808567
-0.808567, -0.7924, -0.760179, -0.72597, -0.707153
-0.707153, -0.687821, -0.649813, -0.610105, -0.588509
-0.588509, -0.566484, -0.523615, -0.479376, -0.455526
-0.455526, -0.431345, -0.384659, -0.336967, -0.311445
-0.311445, -0.285696, -0.236331, -0.186348, -0.159776
-0.159776, -0.133087, -0.0822453, -0.0311884, -0.00421326
-0.00421325, 0.0227649, 0.0738445, 0.124731, 0.151452
0.151452, 0.178062, 0.228135, 0.277611, 0.303427
0.303427, 0.329021, 0.376867, 0.423727, 0.448009
0.448009, 0.471964, 0.516417, 0.55952, 0.581675
0.581675, 0.603407, 0.643385, 0.68168, 0.70117
0.70117, 0.720149, 0.754677, 0.787232, 0.803581
0.803581, 0.819345, 0.847582, 0.873602, 0.886413
0.886413, 0.898577, 0.919836, 0.938689, 0.947648
0.947648, 0.955917, 0.969678, 0.980904, 0.985794
0.985794, 0.989966, 0.995895, 0.99922, 0.999922
0.999922, 0.999895, 0.997848, 0.993191, 0.989687
0.989687, 0.985463, 0.975489, 0.962964, 0.955339
0.955339, 0.94702, 0.929362, 0.909274, 0.897715
0.897715, 0.885503, 0.860592, 0.83343, 0.818219
0.818219, 0.802412, 0.770854, 0.737281, 0.718787
0.718787, 0.69977, 0.662335, 0.623167, 0.601842

-0.96176, -0.968799, -0.980203, -0.989043, -0.992666
-0.992666, -0.995566, -0.999073, -0.999967, -0.999385
-0.999385, -0.998076, -0.993601, -0.986528, -0.981755
-0.981755, -0.976269, -0.963921, -0.949052, -0.940206
-0.940206, -0.930675, -0.910755, -0.888453, -0.875748
-0.875748, -0.862406, -0.835399, -0.806208, -0.789954
-0.789954, -0.773125, -0.739689, -0.704319, -0.684913
-0.684913, -0.665007, -0.625957, -0.585271, -0.563184
-0.563184, -0.540687, -0.496974, -0.451962, -0.427733
-0.427733, -0.403193, -0.355883, -0.307642, -0.281861
-0.281861, -0.255876, -0.206121, -0.155826, -0.129122
-0.129122, -0.102324, -0.0513361, -0.00021389, 0.0267631
0.0267631, 0.0537206, 0.104699, 0.155404, 0.181996
0.181996, 0.208456, 0.258183, 0.307235, 0.332795
0.332795, 0.358113, 0.405377, 0.451581, 0.475486
0.475486, 0.499045, 0.542694, 0.584924, 0.606592
0.606592, 0.627818, 0.666789, 0.704016, 0.722918
0.722918, 0.741294, 0.774637, 0.805955, 0.821631
0.821631, 0.836709, 0.863612, 0.888257, 0.900325
0.900325, 0.911738, 0.931546, 0.948917, 0.957084
0.957084, 0.964554, 0.976783, 0.986458, 0.990523
0.990523, 0.993868, 0.998221, 0.999964, 0.999829
0.999829, 0.998967, 0.995338, 0.989106, 0.984775
0.984775, 0.979727, 0.968205, 0.95415, 0.945728
0.945728, 0.936617, 0.917481, 0.895946, 0.883638
0.883638, 0.870686, 0.844404, 0.815913, 0.800019
0.800019, 0.783542, 0.750753, 0.716001, 0.696908
0.696908, 0.677307, 0.638811, 0.598643, 0.576817
0.576817, 0.55457, 0.511304, 0.466701, 0.442672
0.442672, 0.418321, 0.37134, 0.323387, 0.297742
0.297742, 0.27188, 0.222328, 0.172194, 0.145557
0.145557, 0.118815, 0.0678991, 0.0168058, -0.0101735
-0.0101735, -0.0371453, -0.0881839, -0.138992, -0.165656
-0.165656, -0.1922, -0.242118, -0.291403, -0.317103
-0.317103, -0.342573, -0.390154, -0.436715, -0.460824
-0.460824, -0.484598, -0.528683, -0.571386, -0.593317
-0.593317, -0.614817, -0.654332, -0.692135, -0.711355
-0.711355, -0.730056, -0.764038, -0.796022, -0.81206
-0.81206, -0.827508, -0.855128, -0.880513, -0.89298
-0.89298, -0.904797, -0.925384, -0.943551, -0.952143
-0.952143, -0.960042, -0.973094, -0.983601, -0.988108
-0.988108, -0.991897, -0.997095, -0.999685, -0.999998
-0.999998, -0.999584, -0.996802, -0.991413, -0.987524
-0.987524, -0.982916, -0.972222, -0.958985, -0.950989
-0.950989, -0.942301, -0.923955, -0.903192, -0.891284
-0.891284, -0.878727, -0.853176, -0.825394, -0.809863
-0.809863, -0.793743, -0.76161, -0.727485, -0.708711
-0.708711, -0.689421, -0.651488, -0.611851, -0.590291
-0.590291, -0.5683, -0.525493, -0.481311, -0.457489
-0.457489, -0.433334, -0.386694, -0.339043, -0.31354
-0.31354, -0.28781, -0.238474, -0.188514, -0.161953
-0.161953, -0.135273, -0.0844433, -0.033393, -0.00641897
-0.00641896, 0.0205597, 0.0716446, 0.122542, 0.149271
0.149271, 0.175891, 0.225987, 0.275491, 0.301324
0.301324, 0.326937, 0.374823, 0.421729, 0.446036
0.446036, 0.470018, 0.514527, 0.55769, 0.57988
0.57988, 0.601647, 0.641695, 0.680065, 0.699595
0.699595, 0.718617, 0.753228, 0.785869, 0.802266
0.802266, 0.818078, 0.846409, 0.872527, 0.885389
0.885389, 0.897607, 0.918968, 0.937926, 0.946941
0.946941, 0.955267, 0.969137, 0.980473, 0.985421
0.985421, 0.989652, 0.995693, 0.999131, 0.999892
0.999892, 0.999925, 0.99799, 0.993446, 0.990001
0.990001, 0.985835, 0.975972, 0.963556, 0.955989

-0.617966, -0.638951, -0.677441, -0.71416, -0.732783
-0.732783, -0.750873, -0.783655, -0.814388, -0.829746
-0.829746, -0.844501, -0.870776, -0.894773, -0.906493
-0.906493, -0.917554, -0.936681, -0.953358, -0.961154
-0.961154, -0.96825, -0.979764, -0.988715, -0.992397
-0.992397, -0.995356, -0.998976, -0.999983, -0.99946
-0.99946, -0.99821, -0.993848, -0.986886, -0.982173
-0.982173, -0.976744, -0.964506, -0.949745, -0.940955
-0.940955, -0.93148, -0.911664, -0.889463, -0.876811
-0.876811, -0.863521, -0.83661, -0.807511, -0.791304
-0.791304, -0.774522, -0.741172, -0.705883, -0.686518
-0.686518, -0.666653, -0.627676, -0.587058, -0.565005
-0.565005, -0.542541, -0.498887, -0.453929, -0.429726
-0.429726, -0.405211, -0.357943, -0.30974, -0.283977
-0.283977, -0.258007, -0.208278, -0.158005, -0.131309
-0.131309, -0.104518, -0.0535388, -0.00241963, 0.0245581
0.0245581, 0.0515179, 0.102505, 0.153224, 0.179827
0.179827, 0.206299, 0.256052, 0.305135, 0.330714
0.330714, 0.356053, 0.40336, 0.449612, 0.473544
0.473544, 0.497132, 0.54084, 0.583133, 0.604837
0.604837, 0.626099, 0.665143, 0.702447, 0.721392
0.721392, 0.739812, 0.77324, 0.804647, 0.820372
0.820372, 0.835499, 0.862498, 0.887241, 0.899363
0.899363, 0.91083, 0.930742, 0.948219, 0.956442
0.956442, 0.963969, 0.976308, 0.986094, 0.990218
0.990218, 0.993622, 0.998087, 0.999943, 0.999868
0.999868, 0.999065, 0.995549, 0.989429, 0.985156
0.985156, 0.980167, 0.968754, 0.954808, 0.946442
0.946442, 0.937387, 0.918356, 0.896924, 0.884668
0.884668, 0.871769, 0.845583, 0.817186, 0.80134
0.80134, 0.784911, 0.752208, 0.717539, 0.698488
0.698488, 0.678928, 0.640506, 0.600409, 0.578617
0.578617, 0.556404, 0.513198, 0.46865, 0.444649
0.444649, 0.420324, 0.373387, 0.325473, 0.299847
0.299847, 0.274002, 0.224478, 0.174366, 0.147739
0.147739, 0.121005, 0.0700996, 0.0190111, -0.00796781
-0.00796781, -0.034941, -0.0859866, -0.136807, -0.163481
-0.163481, -0.190035, -0.239978, -0.289293, -0.315011
-0.315011, -0.340499, -0.388122, -0.434729, -0.458865
-0.458865, -0.482668, -0.52681, -0.569574, -0.59154
-0.59154, -0.613076, -0.652662, -0.690542, -0.709803
-0.709803, -0.728547, -0.762613, -0.794685, -0.810771
-0.810771, -0.826267, -0.853983, -0.879465, -0.891985
-0.891985, -0.903856, -0.924546, -0.942818, -0.951467
-0.951467, -0.959423, -0.972583, -0.9832, -0.987767
-0.987767, -0.991614, -0.996924, -0.999627, -1
-1, -0.999645, -0.996975, -0.991699, -0.987869
-0.987869, -0.98332, -0.972736, -0.959608, -0.951669
-0.951669, -0.943037, -0.924796, -0.904137, -0.892282
-0.892282, -0.879778, -0.854324, -0.826637, -0.811155
-0.811155, -0.795083, -0.763038, -0.728997, -0.710265
-0.710265, -0.691017, -0.65316, -0.613595, -0.59207
-0.59207, -0.570114, -0.527368, -0.483243, -0.459449
-0.459449, -0.435321, -0.388727, -0.341117, -0.315634
-0.315634, -0.289921, -0.240615, -0.19068, -0.164129
-0.164129, -0.137458, -0.086641, -0.0355974, -0.00862465
-0.00862465, 0.0183544, 0.0694443, 0.120353, 0.14709
0.14709, 0.17372, 0.223838, 0.27337, 0.29922
0.29922, 0.324852, 0.372777, 0.419727, 0.44406
0.44406, 0.46807, 0.512634, 0.555858, 0.578081
0.578081, 0.599883, 0.640002, 0.678446, 0.698018
0.698018, 0.717081, 0.751775, 0.784503, 0.800947
0.800947, 0.816808, 0.845233, 0.871447, 0.884362
0.884362, 0.896633, 0.918096, 0.937159, 0.94623

-0.0389376, -0.0658799, -0.116805, -0.167425, -0.19396
-0.19396, -0.220354, -0.269932, -0.318804, -0.344257
-0.344257, -0.36946, -0.416482, -0.462415, -0.486166
-0.486166, -0.509564, -0.552885, -0.59476, -0.616231
-0.616231, -0.637252, -0.675817, -0.712614, -0.731281
-0.731281, -0.749415, -0.782283, -0.813106, -0.828513
-0.828513, -0.843318, -0.869689, -0.893786, -0.90556
-0.90556, -0.916674, -0.935906, -0.95269, -0.960543
-0.960543, -0.967696, -0.97932, -0.988382, -0.992123
-0.992123, -0.995141, -0.998873, -0.999993, -0.99953
-0.99953, -0.99834, -0.99409, -0.98724, -0.982585
-0.982585, -0.977214, -0.965086, -0.950433, -0.941699
-0.941699, -0.93228, -0.912568, -0.890469, -0.87787
-0.87787, -0.864631, -0.837816, -0.80881, -0.792651
-0.792651, -0.775915, -0.742651, -0.707444, -0.68812
-0.68812, -0.668295, -0.629392, -0.588842, -0.566824
-0.566824, -0.544393, -0.500798, -0.455893, -0.431717
-0.431717, -0.407226, -0.360002, -0.311837, -0.286091
-0.286091, -0.260138, -0.210435, -0.160182, -0.133495
-0.133495, -0.106711, -0.0557413, -0.00462537, 0.0223529
0.0223529, 0.049315, 0.100311, 0.151044, 0.177657
0.177657, 0.20414, 0.253919, 0.303034, 0.328632
0.328632, 0.353991, 0.40134, 0.44764, 0.4716
0.4716, 0.495217, 0.538983, 0.58134, 0.603078
0.603078, 0.624378, 0.663494, 0.700876, 0.719863
0.719863, 0.738326, 0.77184, 0.803335, 0.819108
0.819108, 0.834285, 0.86138, 0.886222, 0.898397
0.898397, 0.909917, 0.929933, 0.947516, 0.955796
0.955796, 0.96338, 0.975828, 0.985725, 0.989908
0.989908, 0.993371, 0.997948, 0.999917, 0.999901
0.999901, 0.999158, 0.995754, 0.989746, 0.985533
0.985533, 0.980602, 0.969299, 0.955461, 0.947152
0.947152, 0.938153, 0.919227, 0.897897, 0.885695
0.885695, 0.872848, 0.846759, 0.818456, 0.802658
0.802658, 0.786275, 0.75366, 0.719073, 0.700065
0.700065, 0.680546, 0.642198, 0.602171, 0.580415
0.580415, 0.558236, 0.51509, 0.470598, 0.446623
0.446623, 0.422324, 0.375432, 0.327558, 0.30195
0.30195, 0.276123, 0.226627, 0.176538, 0.14992
0.14992, 0.123194, 0.0722997, 0.0212164, -0.00576211
-0.00576212, -0.0327365, -0.0837888, -0.134622, -0.161304
-0.161304, -0.187869, -0.237836, -0.28718, -0.312916
-0.312916, -0.338425, -0.386088, -0.432742, -0.456905
-0.456905, -0.480735, -0.524934, -0.56776, -0.58976
-0.58976, -0.611332, -0.650989, -0.688945, -0.708247
-0.708247, -0.727034, -0.761184, -0.793344, -0.809478
-0.809478, -0.825023, -0.852833, -0.878413, -0.890986
-0.890986, -0.90291, -0.923703, -0.942081, -0.950786
-0.950786, -0.958799, -0.972068, -0.982795, -0.98742
-0.98742, -0.991326, -0.996749, -0.999564, -0.999997
-0.999997, -0.999701, -0.997144, -0.99198, -0.988209
-0.988209, -0.983719, -0.973245, -0.960226, -0.952344
-0.952344, -0.943769, -0.925633, -0.905077, -0.893276
-0.893276, -0.880824, -0.855469, -0.827876, -0.812443
-0.812443, -0.796419, -0.764461, -0.730505, -0.711816
-0.711816, -0.692609, -0.654828, -0.615335, -0.593846
-0.593846, -0.571925, -0.529241, -0.485173, -0.461407
-0.461407, -0.437306, -0.390759, -0.34319, -0.317726
-0.317726, -0.292032, -0.242756, -0.192845, -0.166304
-0.166304, -0.139642, -0.0888382, -0.0378017, -0.0108303
-0.0108303, 0.016149, 0.0672437, 0.118163, 0.144908
0.144908, 0.171547, 0.221687, 0.271248, 0.297115
0.297115, 0.322765, 0.37073, 0.417724, 0.442083
0.442083, 0.46612, 0.510739, 0.554023, 0.57628

0.554913, 0.532269, 0.488294, 0.443042, 0.418695
0.418696, 0.394045, 0.346543, 0.298135, 0.272277
0.272277, 0.24622, 0.196349, 0.145965, 0.119224
0.119224, 0.0923961, 0.0413715, -0.00976137, -0.0367334
-0.0367334, -0.0636788, -0.114614, -0.16525, -0.191796
-0.191796, -0.218202, -0.267808, -0.316712, -0.342185
-0.342185, -0.367409, -0.414476, -0.460458, -0.484238
-0.484238, -0.507665, -0.551046, -0.592986, -0.614492
-0.614492, -0.635551, -0.674189, -0.711065, -0.729774
-0.729774, -0.747952, -0.780907, -0.81182, -0.827276
-0.827276, -0.842131, -0.868598, -0.892795, -0.904622
-0.904622, -0.915791, -0.935127, -0.952017, -0.959927
-0.959927, -0.967138, -0.978871, -0.988045, -0.991844
-0.991844, -0.994922, -0.998766, -0.999999, -0.999595
-0.999595, -0.998464, -0.994327, -0.987589, -0.982992
-0.982992, -0.97768, -0.965661, -0.951116, -0.942439
-0.942439, -0.933075, -0.913468, -0.891471, -0.878924
-0.878924, -0.865737, -0.839018, -0.810105, -0.793994
-0.793994, -0.777305, -0.744126, -0.709001, -0.689719
-0.689719, -0.669935, -0.631104, -0.590623, -0.568639
-0.568639, -0.546242, -0.502706, -0.457855, -0.433705
-0.433705, -0.40924, -0.362059, -0.313932, -0.288204
-0.288204, -0.262267, -0.212591, -0.162359, -0.135681
-0.135681, -0.108904, -0.0579435, -0.00683108, 0.0201477
0.0201477, 0.0471118, 0.0981159, 0.148864, 0.175486
0.175486, 0.20198, 0.251785, 0.300931, 0.326548
0.326548, 0.351927, 0.399319, 0.445667, 0.469654
0.469654, 0.4933, 0.537124, 0.579544, 0.601318
0.601318, 0.622654, 0.661843, 0.699301, 0.71833
0.71833, 0.736837, 0.770436, 0.80202, 0.817841
0.817841, 0.833067, 0.860257, 0.885198, 0.897426
0.897426, 0.909, 0.929119, 0.946808, 0.955145
0.955145, 0.962786, 0.975344, 0.985351, 0.989593
0.989593, 0.993115, 0.997805, 0.999886, 0.99993
0.99993, 0.999246, 0.995955, 0.990059, 0.985904
0.985904, 0.981032, 0.969839, 0.95611, 0.947857
0.947857, 0.938915, 0.920093, 0.898866, 0.886716
0.886716, 0.873922, 0.84793, 0.819721, 0.803971
0.803971, 0.787636, 0.755108, 0.720604, 0.701638
0.701638, 0.682161, 0.643888, 0.603931, 0.582209
0.582209, 0.560064, 0.51698, 0.472543, 0.448596
0.448596, 0.424322, 0.377476, 0.329641, 0.304052
0.304052, 0.278242, 0.228774, 0.178709, 0.152101
0.152101, 0.125383, 0.0744995, 0.0234216, -0.00355639
-0.0035564, -0.0305318, -0.0815906, -0.132436, -0.159127
-0.159127, -0.185702, -0.235693, -0.285067, -0.310821
-0.310821, -0.336348, -0.384052, -0.430752, -0.454941
-0.454941, -0.478799, -0.523055, -0.565943, -0.587978
-0.587978, -0.609585, -0.649313, -0.687344, -0.706688
-0.706688, -0.725518, -0.759752, -0.791999, -0.808181
-0.808181, -0.823774, -0.851679, -0.877357, -0.889982
-0.889982, -0.90196, -0.922856, -0.941339, -0.9501
-0.9501, -0.95817, -0.971548, -0.982386, -0.987069
-0.987069, -0.991034, -0.996569, -0.999497, -0.999989
-0.999989, -0.999753, -0.997309, -0.992256, -0.988544
-0.988544, -0.984113, -0.97375, -0.96084, -0.953014
-0.953014, -0.944496, -0.926466, -0.906013, -0.894265
-0.894265, -0.881866, -0.856609, -0.829111, -0.813727
-0.813727, -0.797751, -0.765882, -0.732009, -0.713364
-0.713364, -0.694199, -0.656494, -0.617072, -0.595619
-0.595619, -0.573733, -0.531111, -0.4871, -0.463363
-0.463363, -0.439288, -0.392788, -0.345261, -0.319817
-0.319817, -0.29414, -0.244895, -0.195009, -0.168479
-0.168479, -0.141826, -0.091035, -0.0400058, -0.0130359

0.937531, 0.927804, 0.907519, 0.88486, 0.871971
0.871971, 0.858447, 0.831104, 0.801587, 0.785166
0.785166, 0.768174, 0.734439, 0.698783, 0.679231
0.679231, 0.659185, 0.619879, 0.578953, 0.556747
0.556747, 0.534135, 0.490217, 0.445018, 0.420698
0.420698, 0.396071, 0.348611, 0.30024, 0.274398
0.274398, 0.248357, 0.198512, 0.148147, 0.121414
0.121414, 0.0945922, 0.0435752, -0.00755571, -0.0345291
-0.0345291, -0.0614773, -0.112423, -0.163074, -0.189631
-0.189631, -0.216049, -0.265682, -0.31462, -0.340112
-0.340112, -0.365357, -0.412467, -0.458499, -0.482307
-0.482307, -0.505763, -0.549204, -0.591208, -0.61275
-0.61275, -0.633846, -0.672559, -0.709512, -0.728264
-0.728264, -0.746487, -0.779527, -0.81053, -0.826035
-0.826035, -0.840939, -0.867503, -0.891799, -0.90368
-0.90368, -0.914902, -0.934343, -0.95134, -0.959307
-0.959307, -0.966575, -0.978418, -0.987702, -0.991561
-0.991561, -0.994697, -0.998654, -1, -0.999656
-0.999656, -0.998584, -0.994559, -0.987933, -0.983395
-0.983395, -0.978141, -0.966232, -0.951795, -0.943174
-0.943174, -0.933867, -0.914363, -0.892468, -0.879974
-0.879974, -0.866839, -0.840216, -0.811396, -0.795333
-0.795333, -0.778691, -0.745598, -0.710555, -0.691314
-0.691314, -0.671571, -0.632814, -0.592402, -0.570453
-0.570453, -0.548088, -0.504611, -0.459815, -0.435692
-0.435692, -0.411251, -0.364114, -0.316025, -0.290316
-0.290316, -0.264395, -0.214746, -0.164535, -0.137866
-0.137866, -0.111097, -0.0601454, -0.00903675, 0.0179423
0.0179424, 0.0449084, 0.0959206, 0.146682, 0.173314
0.173314, 0.199819, 0.24965, 0.298827, 0.324462
0.324462, 0.349862, 0.397296, 0.443691, 0.467706
0.467706, 0.49138, 0.535262, 0.577745, 0.599554
0.599554, 0.620926, 0.660187, 0.697722, 0.716794
0.716794, 0.735344, 0.769027, 0.8007, 0.81657
0.81657, 0.831845, 0.859131, 0.884169, 0.89645
0.89645, 0.908079, 0.928301, 0.946096, 0.954489
0.954489, 0.962188, 0.974855, 0.984972, 0.989273
0.989273, 0.992854, 0.997656, 0.99985, 0.999953
0.999953, 0.999329, 0.996151, 0.990367, 0.986271
0.986271, 0.981457, 0.970374, 0.956754, 0.948558
0.948558, 0.939672, 0.920955, 0.89983, 0.887734
0.887734, 0.874992, 0.849097, 0.820982, 0.805281
0.805281, 0.788994, 0.756552, 0.722132, 0.703208
0.703208, 0.683772, 0.645574, 0.605687, 0.584001
0.584001, 0.56189, 0.518866, 0.474486, 0.450566
0.450566, 0.426319, 0.379517, 0.331723, 0.306153
0.306153, 0.28036, 0.230921, 0.180878, 0.154281
0.154281, 0.127571, 0.0766989, 0.0256267, -0.00135065
-0.00135066, -0.028327, -0.079392, -0.130249, -0.156949
-0.156949, -0.183535, -0.233549, -0.282952, -0.308723
-0.308723, -0.33427, -0.382015, -0.428761, -0.452976
-0.452976, -0.476862, -0.521174, -0.564123, -0.586192
-0.586192, -0.607835, -0.647634, -0.68574, -0.705126
-0.705126, -0.723998, -0.758316, -0.79065, -0.80688
-0.80688, -0.822522, -0.850521, -0.876297, -0.888974
-0.888974, -0.901005, -0.922004, -0.940592, -0.94941
-0.94941, -0.957536, -0.971023, -0.981971, -0.986713
-0.986713, -0.990737, -0.996384, -0.999425, -0.999976
-0.999976, -0.999799, -0.997468, -0.992528, -0.988875
-0.988875, -0.984502, -0.974249, -0.961449, -0.95368
-0.95368, -0.945218, -0.927294, -0.906944, -0.89525
-0.89525, -0.882904, -0.857745, -0.830343, -0.815007
-0.815007, -0.799079, -0.767298, -0.73351, -0.714908
-0.714908, -0.695785, -0.658156, -0.618806, -0.59739

0.963269, 0.970163, 0.981289, 0.989849, 0.993323
0.993323, 0.996074, 0.999297, 0.999907, 0.999175
0.999175, 0.997716, 0.992957, 0.985602, 0.980682
0.980682, 0.975049, 0.962425, 0.947284, 0.938296
0.938296, 0.928625, 0.908443, 0.885886, 0.873049
0.873049, 0.859576, 0.832328, 0.802903, 0.78653
0.78653, 0.769584, 0.735934, 0.700359, 0.680848
0.680848, 0.660842, 0.621609, 0.58075, 0.558577
0.558577, 0.535998, 0.492139, 0.446992, 0.422698
0.422698, 0.398095, 0.350678, 0.302343, 0.276519
0.276519, 0.250493, 0.200673, 0.150328, 0.123603
0.123603, 0.0967878, 0.0457788, -0.00535001, -0.0323246
-0.0323246, -0.0592756, -0.110231, -0.160898, -0.187464
-0.187464, -0.213895, -0.263555, -0.312525, -0.338037
-0.338037, -0.363303, -0.410457, -0.456538, -0.480373
-0.480373, -0.503859, -0.547359, -0.589428, -0.611006
-0.611006, -0.632139, -0.670925, -0.707956, -0.726751
-0.726751, -0.745017, -0.778144, -0.809236, -0.82479
-0.82479, -0.839743, -0.866404, -0.890799, -0.902733
-0.902733, -0.91401, -0.933555, -0.950658, -0.958681
-0.958681, -0.966007, -0.97796, -0.987355, -0.991272
-0.991272, -0.994468, -0.998537, -0.999996, -0.999711
-0.999711, -0.998699, -0.994786, -0.988272, -0.983793
-0.983793, -0.978598, -0.966798, -0.95247, -0.943905
-0.943905, -0.934653, -0.915254, -0.893461, -0.881019
-0.881019, -0.867936, -0.84141, -0.812683, -0.796668
-0.796668, -0.780073, -0.747066, -0.712105, -0.692907
-0.692907, -0.673203, -0.63452, -0.594177, -0.572263
-0.572263, -0.549932, -0.506514, -0.461773, -0.437676
-0.437676, -0.413261, -0.366168, -0.318117, -0.292426
-0.292426, -0.266522, -0.2169, -0.166711, -0.140051
-0.140051, -0.113289, -0.062347, -0.0112424, 0.0157369
0.0157369, 0.0427048, 0.0937248, 0.1445, 0.171141
0.171141, 0.197658, 0.247513, 0.296721, 0.322375
0.322375, 0.347795, 0.395271, 0.441713, 0.465755
0.465755, 0.489458, 0.533398, 0.575943, 0.597787
0.597787, 0.619195, 0.658529, 0.696141, 0.715254
0.715254, 0.733847, 0.767616, 0.799377, 0.815294
0.815294, 0.830619, 0.858, 0.883137, 0.895471
0.895471, 0.907153, 0.927479, 0.94538, 0.953829
0.953829, 0.961585, 0.974361, 0.984589, 0.988948
0.988948, 0.992588, 0.997503, 0.999809, 0.999972
0.999972, 0.999408, 0.996341, 0.99067, 0.986632
0.986632, 0.981877, 0.970905, 0.957393, 0.949254
0.949254, 0.940424, 0.921812, 0.90079, 0.888747
0.888747, 0.876058, 0.850261, 0.82224, 0.806587
0.806587, 0.790347, 0.757993, 0.723656, 0.704774
0.704774, 0.68538, 0.647257, 0.607441, 0.585791
0.585791, 0.563714, 0.520751, 0.476426, 0.452534
0.452534, 0.428313, 0.381557, 0.333803, 0.308252
0.308252, 0.282477, 0.233067, 0.183047, 0.15646
0.15646, 0.129758, 0.078898, 0.0278317, 0.000855092
0.000855086, -0.0261221, -0.077193, -0.128062, -0.15477
-0.15477, -0.181366, -0.231403, -0.280836, -0.306625
-0.306625, -0.332191, -0.379976, -0.426767, -0.451008
-0.451008, -0.474922, -0.51929, -0.5623, -0.584404
-0.584404, -0.606082, -0.645952, -0.684133, -0.70356
-0.70356, -0.722475, -0.756876, -0.789298, -0.805575
-0.805575, -0.821265, -0.849359, -0.875232, -0.887962
-0.887962, -0.900046, -0.921148, -0.939841, -0.948715
-0.948715, -0.956898, -0.970494, -0.981552, -0.986352
-0.986352, -0.990435, -0.996194, -0.999347, -0.999958
-0.999958, -0.999841, -0.997622, -0.992794, -0.9892
-0.9892, -0.984887, -0.974744, -0.962053, -0.954342

0.622331, 0.643221, 0.681523, 0.718043, 0.736558
0.736558, 0.754536, 0.787099, 0.817604, 0.832839
0.832839, 0.847468, 0.873498, 0.897244, 0.908828
0.908828, 0.919752, 0.938615, 0.955023, 0.962675
0.962675, 0.969626, 0.980862, 0.989533, 0.993066
0.993066, 0.995876, 0.999212, 0.999935, 0.999262
0.999262, 0.997862, 0.993216, 0.985973, 0.981111
0.981111, 0.975536, 0.963021, 0.947988, 0.939057
0.939057, 0.929441, 0.909363, 0.886907, 0.874122
0.874122, 0.860701, 0.833549, 0.804216, 0.78789
0.78789, 0.770991, 0.737425, 0.701931, 0.682462
0.682462, 0.662495, 0.623335, 0.582544, 0.560406
0.560406, 0.537859, 0.494058, 0.448964, 0.424696
0.424696, 0.400118, 0.352743, 0.304445, 0.278638
0.278638, 0.252628, 0.202833, 0.152508, 0.125791
0.125791, 0.098983, 0.0479821, -0.00314428, -0.0301199
-0.0301199, -0.0570736, -0.108038, -0.15872, -0.185297
-0.185297, -0.21174, -0.261426, -0.310429, -0.33596
-0.33596, -0.361247, -0.408445, -0.454574, -0.478437
-0.478437, -0.501952, -0.545512, -0.587644, -0.609258
-0.609258, -0.630428, -0.669288, -0.706397, -0.725234
-0.725234, -0.743544, -0.776757, -0.807938, -0.823541
-0.823541, -0.838544, -0.8653, -0.889794, -0.901782
-0.901782, -0.913113, -0.932762, -0.949971, -0.958052
-0.958052, -0.965434, -0.977497, -0.987003, -0.990979
-0.990979, -0.994234, -0.998416, -0.999987, -0.999762
-0.999762, -0.998809, -0.995009, -0.988606, -0.984186
-0.984186, -0.979049, -0.967359, -0.953139, -0.944631
-0.944631, -0.935435, -0.91614, -0.894449, -0.882061
-0.882061, -0.86903, -0.8426, -0.813967, -0.797999
-0.797999, -0.781451, -0.74853, -0.713652, -0.694495
-0.694495, -0.674833, -0.636223, -0.59595, -0.57407
-0.57407, -0.551772, -0.508415, -0.463728, -0.439658
-0.439658, -0.415269, -0.368219, -0.320207, -0.294534
-0.294534, -0.268647, -0.219052, -0.168885, -0.142234
-0.142234, -0.11548, -0.0645483, -0.013448, 0.0135314
0.0135314, 0.0405009, 0.0915285, 0.142317, 0.168967
0.168967, 0.195495, 0.245375, 0.294614, 0.320286
0.320286, 0.345726, 0.393244, 0.439733, 0.463802
0.463802, 0.487533, 0.531531, 0.574139, 0.596017
0.596017, 0.617462, 0.656868, 0.694555, 0.713711
0.713711, 0.732347, 0.7662, 0.79805, 0.814015
0.814015, 0.829388, 0.856865, 0.8821, 0.894487
0.894487, 0.906222, 0.926652, 0.944658, 0.953164
0.953164, 0.960977, 0.973862, 0.984201, 0.988619
0.988619, 0.992318, 0.997345, 0.999764, 0.999986
0.999986, 0.999481, 0.996528, 0.990968, 0.98699
0.98699, 0.982293, 0.97143, 0.958028, 0.949945
0.949945, 0.941172, 0.922665, 0.901746, 0.889756
0.889756, 0.877119, 0.851419, 0.823493, 0.807889
0.807889, 0.791696, 0.75943, 0.725177, 0.706338
0.706338, 0.686984, 0.648937, 0.609192, 0.587577
0.587577, 0.565534, 0.522633, 0.478364, 0.4545
0.4545, 0.430305, 0.383595, 0.335882, 0.31035
0.31035, 0.284592, 0.235211, 0.185215, 0.158638
0.158638, 0.131945, 0.0810967, 0.0300365, 0.00306083
0.00306083, -0.0239171, -0.0749937, -0.125874, -0.152591
-0.152591, -0.179196, -0.229257, -0.278718, -0.304524
-0.304524, -0.330109, -0.377934, -0.424771, -0.449039
-0.449039, -0.472979, -0.517404, -0.560475, -0.582612
-0.582612, -0.604326, -0.644267, -0.682523, -0.701991
-0.701991, -0.720948, -0.755433, -0.787942, -0.804266
-0.804266, -0.820005, -0.848193, -0.874163, -0.886945
-0.886945, -0.899083, -0.920287, -0.939085, -0.948015

0.0444967, 0.0714307, 0.122329, 0.172908, 0.199415
0.199415, 0.225778, 0.275285, 0.324073, 0.349476
0.349476, 0.374624, 0.421534, 0.467341, 0.491021
0.491021, 0.514343, 0.557512, 0.599224, 0.620603
0.620603, 0.64153, 0.679907, 0.716506, 0.735064
0.735064, 0.753087, 0.785737, 0.816332, 0.831616
0.831616, 0.846295, 0.872422, 0.896268, 0.907906
0.907906, 0.918884, 0.937851, 0.954366, 0.962075
0.962075, 0.969084, 0.98043, 0.989213, 0.992804
0.992804, 0.995674, 0.999122, 0.999957, 0.999344
0.999344, 0.998004, 0.99347, 0.986339, 0.981536
0.981536, 0.976018, 0.963613, 0.948688, 0.939813
0.939813, 0.930253, 0.910279, 0.887924, 0.875191
0.875191, 0.861822, 0.834765, 0.805525, 0.789247
0.789247, 0.772394, 0.738913, 0.703501, 0.684072
0.684072, 0.664146, 0.625058, 0.584336, 0.562231
0.562231, 0.539717, 0.495974, 0.450934, 0.426691
0.426691, 0.402138, 0.354806, 0.306545, 0.280756
0.280756, 0.254762, 0.204993, 0.154688, 0.127979
0.127979, 0.101178, 0.0501852, -0.000938539, -0.0279151
-0.0279151, -0.0548713, -0.105845, -0.156542, -0.183129
-0.183129, -0.209583, -0.259297, -0.308331, -0.333882
-0.333882, -0.359189, -0.40643, -0.452609, -0.476499
-0.476499, -0.500043, -0.543662, -0.585858, -0.607507
-0.607507, -0.628714, -0.667647, -0.704834, -0.723714
-0.723714, -0.742067, -0.775366, -0.806636, -0.822287
-0.822287, -0.83734, -0.864193, -0.888786, -0.900826
-0.900826, -0.912211, -0.931964, -0.94928, -0.957417
-0.957417, -0.964857, -0.977029, -0.986646, -0.990681
-0.990681, -0.993995, -0.998289, -0.999973, -0.999807
-0.999807, -0.998914, -0.995227, -0.988936, -0.984574
-0.984574, -0.979496, -0.967916, -0.953804, -0.945352
-0.945352, -0.936213, -0.917022, -0.895434, -0.883098
-0.883098, -0.870119, -0.843786, -0.815246, -0.799327
-0.799327, -0.782825, -0.749991, -0.715196, -0.696081
-0.696081, -0.676459, -0.637924, -0.59772, -0.575875
-0.575875, -0.553611, -0.510313, -0.465681, -0.441638
-0.441638, -0.417274, -0.370269, -0.322296, -0.296642
-0.296641, -0.270771, -0.221204, -0.171059, -0.144417
-0.144417, -0.11767, -0.0667493, -0.0156535, 0.0113258
0.0113258, 0.0382969, 0.0893318, 0.140133, 0.166793
0.166793, 0.193331, 0.243236, 0.292506, 0.318196
0.318196, 0.343655, 0.391215, 0.437751, 0.461847
0.461847, 0.485606, 0.529661, 0.572331, 0.594245
0.594245, 0.615725, 0.655203, 0.692967, 0.712164
0.712164, 0.730843, 0.764781, 0.796719, 0.812732
0.812732, 0.828154, 0.855725, 0.881059, 0.893498
0.893498, 0.905288, 0.925821, 0.943932, 0.952495
0.952495, 0.960364, 0.973359, 0.983808, 0.988285
0.988285, 0.992042, 0.997182, 0.999713, 0.999995
0.999995, 0.99955, 0.996709, 0.991261, 0.987342
0.987342, 0.982704, 0.971952, 0.958658, 0.950632
0.950632, 0.941915, 0.923513, 0.902697, 0.890761
0.890761, 0.878176, 0.852574, 0.824743, 0.809187
0.809187, 0.793042, 0.760863, 0.726694, 0.707897
0.707897, 0.688585, 0.650613, 0.610939, 0.58936
0.58936, 0.567352, 0.524512, 0.4803, 0.456464
0.456464, 0.432295, 0.385631, 0.337958, 0.312446
0.312446, 0.286706, 0.237354, 0.187383, 0.160815
0.160815, 0.134131, 0.083295, 0.0322412, 0.00526656
0.00526655, -0.0217119, -0.072794, -0.123686, -0.15041
-0.15041, -0.177026, -0.227109, -0.276599, -0.302423
-0.302423, -0.328026, -0.375891, -0.422773, -0.447067
-0.447067, -0.471035, -0.515515, -0.558647, -0.580818

-0.550276, -0.52755, -0.48343, -0.438047, -0.413636
-0.413636, -0.388925, -0.341319, -0.29282, -0.266919
-0.266919, -0.240823, -0.190891, -0.140459, -0.113698
-0.113698, -0.0868546, -0.0358117, 0.0153248, 0.042293
0.042293, 0.0692304, 0.12014, 0.170735, 0.197254
0.197254, 0.223629, 0.273164, 0.321985, 0.347408
0.347408, 0.372578, 0.419533, 0.46539, 0.489098
0.489098, 0.51245, 0.55568, 0.597456, 0.618872
0.618872, 0.639837, 0.678288, 0.714966, 0.733567
0.733567, 0.751634, 0.78437, 0.815056, 0.830389
0.830389, 0.845118, 0.871342, 0.895287, 0.906979
0.906979, 0.918011, 0.937084, 0.953705, 0.961471
0.961471, 0.968538, 0.979994, 0.988887, 0.992538
0.992538, 0.995466, 0.999027, 0.999975, 0.999422
0.999422, 0.998141, 0.99372, 0.9867, 0.981955
0.981955, 0.976496, 0.964201, 0.949383, 0.940564
0.940564, 0.93106, 0.911189, 0.888936, 0.876256
0.876256, 0.862939, 0.835978, 0.80683, 0.790599
0.790599, 0.773793, 0.740398, 0.705067, 0.68568
0.68568, 0.665794, 0.626779, 0.586124, 0.564054
0.564054, 0.541573, 0.497888, 0.452902, 0.428685
0.428685, 0.404157, 0.356867, 0.308644, 0.282872
0.282872, 0.256894, 0.207151, 0.156867, 0.130167
0.130167, 0.103372, 0.052388, 0.00126721, -0.0257101
-0.0257101, -0.0526688, -0.103651, -0.154363, -0.18096
-0.18096, -0.207426, -0.257166, -0.306232, -0.331802
-0.331802, -0.35713, -0.404414, -0.450641, -0.474559
-0.474559, -0.498132, -0.541809, -0.584069, -0.605754
-0.605754, -0.626998, -0.666003, -0.703267, -0.72219
-0.72219, -0.740587, -0.773971, -0.805331, -0.82103
-0.82103, -0.836132, -0.863081, -0.887772, -0.899866
-0.899866, -0.911305, -0.931162, -0.948584, -0.956778
-0.956778, -0.964275, -0.976557, -0.986284, -0.990378
-0.990378, -0.993751, -0.998158, -0.999954, -0.999848
-0.999848, -0.999015, -0.995439, -0.989261, -0.984958
-0.984958, -0.979938, -0.968468, -0.954465, -0.946069
-0.946069, -0.936985, -0.9179, -0.896413, -0.88413
-0.88413, -0.871204, -0.844968, -0.816522, -0.80065
-0.80065, -0.784196, -0.751448, -0.716736, -0.697663
-0.697663, -0.678082, -0.639621, -0.599487, -0.577677
-0.577677, -0.555446, -0.512209, -0.467632, -0.443616
-0.443616, -0.419278, -0.372317, -0.324383, -0.298747
-0.298747, -0.272894, -0.223355, -0.173232, -0.146599
-0.146599, -0.119861, -0.0689499, -0.0178589, 0.0091202
0.0091202, 0.0360927, 0.0871347, 0.137949, 0.164618
0.164618, 0.191167, 0.241096, 0.290396, 0.316104
0.316104, 0.341583, 0.389184, 0.435767, 0.459889
0.459889, 0.483677, 0.527789, 0.570521, 0.592469
0.592469, 0.613986, 0.653535, 0.691375, 0.710614
0.710614, 0.729336, 0.763358, 0.795384, 0.811445
0.811445, 0.826916, 0.854582, 0.880013, 0.892506
0.892506, 0.904348, 0.924985, 0.943202, 0.951821
0.951821, 0.959747, 0.972851, 0.98341, 0.987946
0.987946, 0.991762, 0.997014, 0.999658, 1
1, 0.999613, 0.996885, 0.99155, 0.987689
0.987689, 0.98311, 0.972468, 0.959283, 0.951314
0.951314, 0.942653, 0.924357, 0.903644, 0.891761
0.891761, 0.879229, 0.853725, 0.825988, 0.810481
0.810481, 0.794384, 0.762292, 0.728207, 0.709453
0.709453, 0.690183, 0.652287, 0.612684, 0.591141
0.591141, 0.569167, 0.526388, 0.482234, 0.458425
0.458425, 0.434283, 0.387665, 0.340033, 0.31454
0.31454, 0.288818, 0.239497, 0.189549, 0.162992
0.162992, 0.136316, 0.0854928, 0.0344457, 0.00747226

-0.93558, -0.925714, -0.905168, -0.882255, -0.869233
-0.869234, -0.85558, -0.827996, -0.798248, -0.781708
-0.781708, -0.7646, -0.730651, -0.694792, -0.675137
-0.675137, -0.65499, -0.615504, -0.574408, -0.552116
-0.552116, -0.529423, -0.48536, -0.440028, -0.415643
-0.415643, -0.390956, -0.343391, -0.294928, -0.269044
-0.269044, -0.242964, -0.193055, -0.142642, -0.115889
-0.115889, -0.0890518, -0.038016, 0.0131193, 0.0400891
0.0400891, 0.0670298, 0.11795, 0.168561, 0.195091
0.195091, 0.221478, 0.271042, 0.319896, 0.345339
0.345339, 0.37053, 0.41753, 0.463437, 0.487173
0.487173, 0.510555, 0.553845, 0.595686, 0.617138
0.617138, 0.63814, 0.676666, 0.713422, 0.732066
0.732066, 0.750177, 0.783, 0.813776, 0.829158
0.829158, 0.843937, 0.870258, 0.894302, 0.906048
0.906048, 0.917134, 0.936311, 0.95304, 0.960863
0.960863, 0.967986, 0.979552, 0.988557, 0.992267
0.992267, 0.995254, 0.998927, 0.999988, 0.999494
0.999494, 0.998273, 0.993964, 0.987056, 0.98237
0.98237, 0.976969, 0.964783, 0.950074, 0.941311
0.941311, 0.931862, 0.912096, 0.889944, 0.877317
0.877317, 0.864051, 0.837186, 0.808132, 0.791948
0.791948, 0.775188, 0.741879, 0.706629, 0.687284
0.687284, 0.667438, 0.628496, 0.58791, 0.565874
0.565874, 0.543426, 0.4998, 0.454867, 0.430677
0.430677, 0.406173, 0.358927, 0.310741, 0.284987
0.284987, 0.259025, 0.209309, 0.159045, 0.132353
0.132353, 0.105566, 0.0545906, 0.00347295, -0.0235051
-0.0235051, -0.050466, -0.101457, -0.152183, -0.178791
-0.178791, -0.205268, -0.255033, -0.304132, -0.32972
-0.32972, -0.355069, -0.402396, -0.44867, -0.472616
-0.472616, -0.496218, -0.539954, -0.582277, -0.603997
-0.603997, -0.625278, -0.664356, -0.701697, -0.720662
-0.720662, -0.739103, -0.772572, -0.804021, -0.819769
-0.819769, -0.83492, -0.861965, -0.886755, -0.898902
-0.898902, -0.910395, -0.930356, -0.947884, -0.956134
-0.956134, -0.963688, -0.97608, -0.985918, -0.99007
-0.99007, -0.993502, -0.998022, -0.999931, -0.999884
-0.999884, -0.99911, -0.995647, -0.989581, -0.985337
-0.985337, -0.980375, -0.969015, -0.95512, -0.946782
-0.946782, -0.937754, -0.918773, -0.897389, -0.885159
-0.885159, -0.872285, -0.846145, -0.817793, -0.80197
-0.80197, -0.785563, -0.752902, -0.718272, -0.699241
-0.699241, -0.679701, -0.641315, -0.601251, -0.579476
-0.579476, -0.557279, -0.514102, -0.469581, -0.445592
-0.445592, -0.421279, -0.374364, -0.326469, -0.300852
-0.300852, -0.275015, -0.225504, -0.175403, -0.148781
-0.148781, -0.12205, -0.0711503, -0.0200643, 0.00691452
0.00691453, 0.0338883, 0.0849371, 0.135764, 0.162442
0.162442, 0.189001, 0.238955, 0.288284, 0.314011
0.314011, 0.339509, 0.387151, 0.433781, 0.457929
0.457929, 0.481745, 0.525914, 0.568708, 0.590691
0.590691, 0.612243, 0.651864, 0.689779, 0.70906
0.70906, 0.727825, 0.761931, 0.794045, 0.810154
0.810154, 0.825673, 0.853434, 0.878964, 0.891509
0.891509, 0.903405, 0.924144, 0.942467, 0.951142
0.951142, 0.959125, 0.972338, 0.983008, 0.987602
0.987602, 0.991477, 0.996841, 0.999598, 0.999999
0.999999, 0.999672, 0.997057, 0.991833, 0.988032
0.988032, 0.983511, 0.97298, 0.959904, 0.951992
0.951992, 0.943387, 0.925197, 0.904586, 0.892757
0.892757, 0.880278, 0.854871, 0.827229, 0.811771
0.811771, 0.795721, 0.763718, 0.729717, 0.711006
0.711006, 0.691778, 0.653957, 0.614426, 0.592918

-0.964748, -0.971497, -0.982345, -0.990625, -0.993949
-0.99395, -0.996551, -0.99949, -0.999815, -0.998933
-0.998933, -0.997324, -0.992283, -0.984646, -0.979579
-0.979579, -0.973798, -0.960899, -0.945487, -0.936357
-0.936357, -0.926546, -0.906103, -0.883291, -0.870322
-0.870322, -0.85672, -0.829231, -0.799574, -0.783082
-0.783082, -0.766019, -0.732155, -0.696376, -0.676762
-0.676762, -0.656656, -0.617241, -0.576212, -0.553954
-0.553954, -0.531293, -0.487288, -0.442008, -0.417649
-0.417649, -0.392985, -0.345462, -0.297035, -0.271168
-0.271168, -0.245103, -0.195219, -0.144825, -0.11808
-0.11808, -0.0912486, -0.04022, 0.0109137, 0.0378851
0.0378851, 0.0648288, 0.115759, 0.166387, 0.192927
0.192927, 0.219327, 0.268918, 0.317805, 0.343268
0.343268, 0.368481, 0.415524, 0.461481, 0.485246
0.485246, 0.508657, 0.552007, 0.593913, 0.615401
0.615401, 0.63644, 0.67504, 0.711875, 0.730562
0.730562, 0.748717, 0.781626, 0.812492, 0.827923
0.827923, 0.842751, 0.869169, 0.893313, 0.905112
0.905112, 0.916253, 0.935534, 0.952369, 0.960249
0.960249, 0.96743, 0.979106, 0.988222, 0.99199
0.99199, 0.995037, 0.998823, 0.999997, 0.999562
0.999562, 0.9984, 0.994204, 0.987407, 0.98278
0.98278, 0.977437, 0.965361, 0.95076, 0.942053
0.942053, 0.93266, 0.912998, 0.890948, 0.878373
0.878373, 0.86516, 0.83839, 0.809429, 0.793293
0.793293, 0.77658, 0.743356, 0.708188, 0.688884
0.688884, 0.669079, 0.63021, 0.589693, 0.567691
0.567691, 0.545276, 0.501709, 0.45683, 0.432667
0.432667, 0.408188, 0.360985, 0.312837, 0.2871
0.2871, 0.261155, 0.211465, 0.161222, 0.134539
0.134539, 0.107759, 0.0567929, 0.00567867, -0.0212999
-0.0212999, -0.0482629, -0.0992627, -0.150003, -0.17662
-0.17662, -0.203109, -0.2529, -0.30203, -0.327637
-0.327637, -0.353006, -0.400375, -0.446698, -0.470671
-0.470671, -0.494302, -0.538096, -0.580483, -0.602238
-0.602238, -0.623555, -0.662706, -0.700124, -0.719131
-0.719131, -0.737615, -0.77117, -0.802707, -0.818504
-0.818504, -0.833704, -0.860844, -0.885733, -0.897933
-0.897933, -0.90948, -0.929545, -0.947179, -0.955486
-0.955486, -0.963097, -0.975598, -0.985547, -0.989758
-0.989758, -0.993249, -0.99788, -0.999902, -0.999915
-0.999915, -0.999201, -0.995851, -0.989896, -0.985711
-0.985711, -0.980808, -0.969557, -0.955771, -0.947489
-0.947489, -0.938518, -0.919641, -0.89836, -0.886183
-0.886183, -0.873361, -0.847319, -0.81906, -0.803285
-0.803285, -0.786926, -0.754352, -0.719805, -0.700816
-0.700816, -0.681317, -0.643005, -0.603012, -0.581272
-0.581272, -0.559109, -0.515993, -0.471527, -0.447566
-0.447566, -0.423279, -0.376408, -0.328553, -0.302954
-0.302954, -0.277135, -0.227652, -0.177575, -0.150962
-0.150962, -0.124239, -0.0733502, -0.0222695, 0.00470881
0.00470882, 0.0316837, 0.0827391, 0.133578, 0.160265
0.160265, 0.186835, 0.236813, 0.286171, 0.311916
0.311916, 0.337433, 0.385116, 0.431792, 0.455967
0.455967, 0.479811, 0.524037, 0.566892, 0.588909
0.588909, 0.610498, 0.65019, 0.688181, 0.707503
0.707503, 0.72631, 0.760501, 0.792702, 0.808859
0.808859, 0.824427, 0.852283, 0.877909, 0.890507
0.890507, 0.902457, 0.923299, 0.941727, 0.950459
0.950459, 0.958499, 0.97182, 0.9826, 0.987253
0.987253, 0.991187, 0.996663, 0.999533, 0.999994
0.999994, 0.999726, 0.997223, 0.992112, 0.98837
0.98837, 0.983908, 0.973487, 0.96052, 0.952665

-0.626676, -0.647471, -0.685584, -0.721905, -0.74031
-0.74031, -0.758176, -0.790519, -0.820795, -0.835906
-0.835906, -0.850408, -0.876193, -0.899687, -0.911135
-0.911135, -0.921921, -0.940519, -0.956658, -0.964166
-0.964166, -0.970972, -0.98193, -0.990321, -0.993705
-0.993705, -0.996365, -0.999417, -0.999855, -0.999033
-0.999033, -0.997483, -0.992554, -0.985029, -0.98002
-0.98002, -0.974298, -0.961507, -0.946203, -0.937129
-0.937129, -0.927374, -0.907034, -0.884323, -0.871406
-0.871406, -0.857855, -0.830462, -0.800897, -0.784452
-0.784452, -0.767435, -0.733656, -0.697958, -0.678385
-0.678385, -0.658318, -0.618975, -0.578013, -0.555789
-0.555789, -0.53316, -0.489213, -0.443986, -0.419652
-0.419652, -0.395012, -0.347531, -0.299141, -0.27329
-0.27329, -0.247241, -0.197382, -0.147007, -0.12027
-0.12027, -0.0934449, -0.0424239, 0.0087081, 0.0356808
0.0356808, 0.0626276, 0.113568, 0.164211, 0.190762
0.190762, 0.217174, 0.266793, 0.315713, 0.341195
0.341195, 0.366429, 0.413517, 0.459523, 0.483316
0.483316, 0.506757, 0.550166, 0.592137, 0.613661
0.613661, 0.634737, 0.673411, 0.710324, 0.729054
0.729054, 0.747253, 0.780249, 0.811204, 0.826684
0.826684, 0.841562, 0.868076, 0.89232, 0.904172
0.904172, 0.915367, 0.934753, 0.951694, 0.959631
0.959631, 0.96687, 0.978655, 0.987882, 0.991709
0.991709, 0.994815, 0.998713, 1, 0.999625
0.999625, 0.998522, 0.994438, 0.987754, 0.983185
0.983185, 0.977901, 0.965934, 0.951441, 0.942791
0.942791, 0.933454, 0.913896, 0.891948, 0.879426
0.879426, 0.866264, 0.839591, 0.810722, 0.794634
0.794634, 0.777967, 0.744829, 0.709744, 0.690481
0.690481, 0.670716, 0.631921, 0.591473, 0.569506
0.569506, 0.547124, 0.503616, 0.458791, 0.434654
0.434654, 0.410201, 0.363041, 0.314931, 0.289213
0.289213, 0.263283, 0.21362, 0.163398, 0.136725
0.136725, 0.109951, 0.058995, 0.00788436, -0.0190946
-0.0190946, -0.0460596, -0.0970677, -0.147822, -0.174449
-0.174449, -0.200948, -0.250765, -0.299926, -0.325552
-0.325552, -0.350941, -0.398353, -0.444724, -0.468724
-0.468724, -0.492383, -0.536235, -0.578685, -0.600476
-0.600476, -0.621829, -0.661053, -0.698547, -0.717597
-0.717597, -0.736124, -0.769764, -0.80139, -0.817234
-0.817234, -0.832484, -0.85972, -0.884707, -0.89696
-0.89696, -0.908561, -0.928729, -0.946469, -0.954833
-0.954833, -0.962501, -0.975111, -0.985171, -0.989441
-0.989441, -0.992991, -0.997734, -0.999869, -0.999942
-0.999942, -0.999286, -0.996049, -0.990206, -0.98608
-0.98608, -0.981235, -0.970095, -0.956418, -0.948192
-0.948192, -0.939277, -0.920505, -0.899327, -0.887203
-0.887203, -0.874433, -0.848488, -0.820324, -0.804597
-0.804597, -0.788285, -0.755798, -0.721334, -0.702388
-0.702388, -0.68293, -0.644693, -0.60477, -0.583066
-0.583066, -0.560937, -0.517881, -0.473471, -0.449537
-0.449537, -0.425276, -0.378451, -0.330636, -0.305056
-0.305056, -0.279254, -0.2298, -0.179745, -0.153142
-0.153142, -0.126427, -0.0755499, -0.0244747, 0.00250308
0.00250309, 0.029479, 0.0805408, 0.131392, 0.158087
0.158087, 0.184667, 0.234669, 0.284057, 0.309819
0.309819, 0.335356, 0.38308, 0.429801, 0.454003
0.454003, 0.477874, 0.522157, 0.565074, 0.587125
0.587125, 0.608749, 0.648512, 0.686579, 0.705943
0.705943, 0.724793, 0.759067, 0.791355, 0.80756
0.80756, 0.823177, 0.851127, 0.876851, 0.889502
0.889502, 0.901504, 0.92245, 0.940983, 0.949771

-0.0500544, -0.0769793, -0.127849, -0.178385, -0.204865
-0.204865, -0.231195, -0.28063, -0.329331, -0.354683
-0.354683, -0.379777, -0.426573, -0.472253, -0.49586
-0.49586, -0.519107, -0.562123, -0.603669, -0.624956
-0.624956, -0.645788, -0.683977, -0.720377, -0.738825
-0.738825, -0.756736, -0.789166, -0.819533, -0.834693
-0.834693, -0.849246, -0.875128, -0.898721, -0.910224
-0.910224, -0.921065, -0.939768, -0.956013, -0.963578
-0.963578, -0.970442, -0.981511, -0.990012, -0.993455
-0.993455, -0.996175, -0.99934, -0.99989, -0.999127
-0.999127, -0.997637, -0.99282, -0.985407, -0.980456
-0.980456, -0.974792, -0.962111, -0.946914, -0.937897
-0.937897, -0.928197, -0.907961, -0.885351, -0.872486
-0.872486, -0.858987, -0.831689, -0.802216, -0.785818
-0.785818, -0.768848, -0.735153, -0.699536, -0.680003
-0.680003, -0.659976, -0.620706, -0.579812, -0.557621
-0.557621, -0.535025, -0.491135, -0.445961, -0.421653
-0.421653, -0.397038, -0.349598, -0.301245, -0.275411
-0.275411, -0.249377, -0.199544, -0.149189, -0.122459
-0.122459, -0.0956408, -0.0446275, 0.00650242, 0.0334764
0.0334764, 0.060426, 0.111376, 0.162035, 0.188596
0.188596, 0.215021, 0.264666, 0.31362, 0.339121
0.339121, 0.364376, 0.411508, 0.457563, 0.481384
0.481384, 0.504854, 0.548323, 0.590358, 0.611917
0.611917, 0.633031, 0.671779, 0.70877, 0.727542
0.727542, 0.745785, 0.778867, 0.809912, 0.825441
0.825441, 0.840369, 0.866979, 0.891322, 0.903228
0.903228, 0.914477, 0.933967, 0.951015, 0.959009
0.959009, 0.966304, 0.9782, 0.987537, 0.991423
0.991423, 0.994588, 0.998599, 0.999998, 0.999683
0.999683, 0.99864, 0.994668, 0.988095, 0.983586
0.983586, 0.97836, 0.966503, 0.952118, 0.943524
0.943524, 0.934243, 0.914789, 0.892943, 0.880473
0.880473, 0.867363, 0.840787, 0.812011, 0.795971
0.795971, 0.779351, 0.746299, 0.711296, 0.692075
0.692075, 0.672351, 0.633629, 0.59325, 0.571317
0.571317, 0.548969, 0.50552, 0.46075, 0.43664
0.43664, 0.412211, 0.365095, 0.317024, 0.291323
0.291323, 0.265411, 0.215775, 0.165574, 0.138909
0.138909, 0.112143, 0.0611967, 0.01009, -0.0168892
-0.0168892, -0.0438561, -0.0948721, -0.14564, -0.172276
-0.172276, -0.198787, -0.248629, -0.297822, -0.323466
-0.323466, -0.348875, -0.396329, -0.442747, -0.466774
-0.466774, -0.490462, -0.534372, -0.576885, -0.59871
-0.59871, -0.6201, -0.659396, -0.696967, -0.716059
-0.716059, -0.734629, -0.768354, -0.800069, -0.815961
-0.815961, -0.83126, -0.858591, -0.883677, -0.895983
-0.895983, -0.907637, -0.927909, -0.945755, -0.954175
-0.954175, -0.9619, -0.974619, -0.98479, -0.989119
-0.989119, -0.992727, -0.997584, -0.999831, -0.999963
-0.999963, -0.999367, -0.996242, -0.990512, -0.986444
-0.986444, -0.981658, -0.970628, -0.95706, -0.948891
-0.948891, -0.940031, -0.921365, -0.900289, -0.888218
-0.888218, -0.875501, -0.849653, -0.821583, -0.805905
-0.805905, -0.78964, -0.75724, -0.72286, -0.703956
-0.703956, -0.68454, -0.646378, -0.606525, -0.584856
-0.584856, -0.562761, -0.519767, -0.475412, -0.451506
-0.451506, -0.427271, -0.380491, -0.332717, -0.307156
-0.307156, -0.281371, -0.231946, -0.181914, -0.155321
-0.155321, -0.128615, -0.0777491, -0.0266797, 0.000297337
0.000297343, 0.0272741, 0.078342, 0.129205, 0.155909
0.155909, 0.182499, 0.232524, 0.281942, 0.307721
0.307721, 0.333277, 0.381041, 0.427809, 0.452037
0.452037, 0.475936, 0.520274, 0.563253, 0.585338

0.545621, 0.522815, 0.478552, 0.433038, 0.408564
0.408564, 0.383793, 0.336084, 0.287495, 0.261553
0.261553, 0.23542, 0.185426, 0.134948, 0.108168
0.108168, 0.0813104, 0.0302508, -0.0208878, -0.0478513
-0.0478513, -0.0747799, -0.125661, -0.176214, -0.202705
-0.202705, -0.229048, -0.278512, -0.327248, -0.35262
-0.35262, -0.377736, -0.424577, -0.470308, -0.493944
-0.493944, -0.51722, -0.560297, -0.601909, -0.623233
-0.623233, -0.644103, -0.682366, -0.718845, -0.737337
-0.737337, -0.755292, -0.78781, -0.818267, -0.833476
-0.833476, -0.848079, -0.874059, -0.897752, -0.909309
-0.909309, -0.920203, -0.939012, -0.955364, -0.962986
-0.962986, -0.969907, -0.981086, -0.989699, -0.993201
-0.993201, -0.99598, -0.999257, -0.999921, -0.999217
-0.999217, -0.997786, -0.993082, -0.98578, -0.980888
-0.980888, -0.975282, -0.96271, -0.947621, -0.93866
-0.93866, -0.929015, -0.908883, -0.886374, -0.873562
-0.873562, -0.860114, -0.832912, -0.803531, -0.78718
-0.78718, -0.770256, -0.736646, -0.70111, -0.681619
-0.681619, -0.661632, -0.622434, -0.581607, -0.559451
-0.559451, -0.536887, -0.493055, -0.447934, -0.423652
-0.423652, -0.399061, -0.351664, -0.303347, -0.277531
-0.277531, -0.251513, -0.201705, -0.151369, -0.124648
-0.124648, -0.0978362, -0.046831, 0.0042967, 0.0312718
0.0312718, 0.0582241, 0.109184, 0.159858, 0.18643
0.18643, 0.212866, 0.262538, 0.311524, 0.337045
0.337045, 0.362321, 0.409496, 0.455601, 0.479449
0.479449, 0.502949, 0.546477, 0.588576, 0.610171
0.610171, 0.631322, 0.670143, 0.707212, 0.726027
0.726027, 0.744314, 0.777482, 0.808616, 0.824194
0.824194, 0.839171, 0.865878, 0.89032, 0.902279
0.902279, 0.913582, 0.933177, 0.950331, 0.958381
0.958381, 0.965734, 0.977739, 0.987187, 0.991133
0.991133, 0.994357, 0.99848, 0.999992, 0.999736
0.999736, 0.998752, 0.994893, 0.988432, 0.983981
0.983981, 0.978814, 0.967066, 0.95279, 0.944252
0.944252, 0.935027, 0.915678, 0.893933, 0.881517
0.881517, 0.868459, 0.841979, 0.813297, 0.797304
0.797304, 0.780731, 0.747766, 0.712845, 0.693666
0.693666, 0.673982, 0.635334, 0.595024, 0.573126
0.573126, 0.550811, 0.507422, 0.462707, 0.438623
0.438623, 0.41422, 0.367148, 0.319115, 0.293433
0.293433, 0.267537, 0.217928, 0.167749, 0.141093
0.141093, 0.114335, 0.0633982, 0.0122956, -0.0146837
-0.0146837, -0.0416524, -0.0926761, -0.143457, -0.170103
-0.170103, -0.196625, -0.246492, -0.295715, -0.321378
-0.321378, -0.346807, -0.394303, -0.440768, -0.464823
-0.464823, -0.488539, -0.532507, -0.575082, -0.596942
-0.596942, -0.618368, -0.657736, -0.695384, -0.714518
-0.714518, -0.733131, -0.76694, -0.798744, -0.814684
-0.814684, -0.830032, -0.857458, -0.882642, -0.895001
-0.895001, -0.906709, -0.927085, -0.945036, -0.953512
-0.953512, -0.961295, -0.974123, -0.984404, -0.988792
-0.988792, -0.99246, -0.997428, -0.999788, -0.99998
-0.99998, -0.999443, -0.996431, -0.990813, -0.986804
-0.986804, -0.982076, -0.971156, -0.957697, -0.949585
-0.949585, -0.940782, -0.92222, -0.901247, -0.88923
-0.88923, -0.876565, -0.850815, -0.822839, -0.807209
-0.807209, -0.790992, -0.758679, -0.724383, -0.705521
-0.705521, -0.686146, -0.648059, -0.608277, -0.586644
-0.586644, -0.564583, -0.52165, -0.477352, -0.453473
-0.453473, -0.429264, -0.38253, -0.334796, -0.309254
-0.309254, -0.283487, -0.234091, -0.184083, -0.1575
-0.1575, -0.130802, -0.079948, -0.0288846, -0.00190841

0.933601, 0.923596, 0.902789, 0.879622, 0.866469
0.86647, 0.852686, 0.824864, 0.794884, 0.778226
0.778226, 0.761002, 0.726841, 0.690779, 0.671022
0.671022, 0.650776, 0.611109, 0.569844, 0.547469
0.547469, 0.524694, 0.480488, 0.435025, 0.410576
0.410576, 0.385829, 0.33816, 0.289607, 0.263681
0.263681, 0.237563, 0.187593, 0.137133, 0.110361
0.110361, 0.0835086, 0.0324555, -0.0186825, -0.0456479
-0.0456479, -0.0725801, -0.123473, -0.174043, -0.200545
-0.200545, -0.2269, -0.276393, -0.325163, -0.350555
-0.350555, -0.375693, -0.422579, -0.46836, -0.492025
-0.492025, -0.515331, -0.558469, -0.600146, -0.621506
-0.621506, -0.642414, -0.680752, -0.71731, -0.735845
-0.735845, -0.753845, -0.786449, -0.816997, -0.832256
-0.832256, -0.846908, -0.872985, -0.896778, -0.908389
-0.908389, -0.919338, -0.938251, -0.95471, -0.962389
-0.962389, -0.969368, -0.980657, -0.989381, -0.992942
-0.992942, -0.99578, -0.99917, -0.999946, -0.999302
-0.999302, -0.99793, -0.993338, -0.986148, -0.981315
-0.981315, -0.975767, -0.963305, -0.948323, -0.939418
-0.939418, -0.929829, -0.909801, -0.887393, -0.874633
-0.874633, -0.861237, -0.83413, -0.804842, -0.788538
-0.788538, -0.771661, -0.738136, -0.702681, -0.683231
-0.683231, -0.663284, -0.624158, -0.5834, -0.561278
-0.561278, -0.538747, -0.494973, -0.449905, -0.425649
-0.425649, -0.401083, -0.353728, -0.305448, -0.279649
-0.279649, -0.253647, -0.203865, -0.153549, -0.126836
-0.126836, -0.100031, -0.0490342, 0.00209097, 0.0290671
0.0290671, 0.056022, 0.106991, 0.15768, 0.184262
0.184262, 0.21071, 0.260409, 0.309428, 0.334968
0.334968, 0.360264, 0.407483, 0.453636, 0.477512
0.477512, 0.501041, 0.544629, 0.586792, 0.608422
0.608422, 0.62961, 0.668505, 0.705651, 0.724509
0.724509, 0.742839, 0.776093, 0.807317, 0.822943
0.822943, 0.837969, 0.864772, 0.889313, 0.901326
0.901326, 0.912683, 0.932382, 0.949642, 0.957749
0.957749, 0.965159, 0.977274, 0.986833, 0.990837
0.990837, 0.99412, 0.998356, 0.999981, 0.999784
0.999784, 0.99886, 0.995113, 0.988764, 0.984372
0.984372, 0.979263, 0.967625, 0.953457, 0.944976
0.944976, 0.935807, 0.916562, 0.89492, 0.882556
0.882556, 0.86955, 0.843167, 0.814578, 0.798634
0.798634, 0.782108, 0.749229, 0.71439, 0.695253
0.695253, 0.67561, 0.637036, 0.596796, 0.574932
0.574932, 0.552651, 0.509322, 0.464661, 0.440604
0.440604, 0.416227, 0.369199, 0.321205, 0.295541
0.295541, 0.269661, 0.22008, 0.169923, 0.143277
0.143277, 0.116526, 0.0655994, 0.0145012, -0.0124782
-0.0124782, -0.0394484, -0.0904796, -0.141274, -0.167929
-0.167929, -0.194462, -0.244354, -0.293607, -0.319288
-0.319288, -0.344737, -0.392275, -0.438787, -0.462868
-0.462869, -0.486613, -0.530638, -0.573276, -0.595171
-0.595171, -0.616633, -0.656073, -0.693797, -0.712973
-0.712973, -0.731629, -0.765523, -0.797414, -0.813403
-0.813403, -0.828799, -0.856321, -0.881603, -0.894015
-0.894015, -0.905777, -0.926256, -0.944312, -0.952845
-0.952845, -0.960685, -0.973622, -0.984014, -0.98846
-0.98846, -0.992187, -0.997267, -0.99974, -0.999991
-0.999991, -0.999514, -0.996615, -0.991108, -0.987158
-0.987158, -0.98249, -0.97168, -0.958329, -0.950274
-0.950274, -0.941527, -0.923071, -0.9022, -0.890237
-0.890237, -0.877625, -0.851971, -0.82409, -0.808509
-0.808509, -0.792339, -0.760114, -0.725902, -0.707083
-0.707083, -0.687749, -0.649738, -0.610027, -0.588429

0.966198, 0.972801, 0.983371, 0.99137, 0.994545
0.994545, 0.996997, 0.999652, 0.999693, 0.998661
0.998661, 0.996902, 0.991578, 0.98366, 0.978445
0.978445, 0.972518, 0.959344, 0.94366, 0.93439
0.93439, 0.924439, 0.903736, 0.880669, 0.867568
0.867568, 0.853837, 0.826109, 0.79622, 0.779609
0.779609, 0.762431, 0.728354, 0.692373, 0.672656
0.672656, 0.652449, 0.612854, 0.571655, 0.549313
0.549313, 0.526571, 0.482421, 0.43701, 0.412587
0.412587, 0.387863, 0.340235, 0.291718, 0.265808
0.265808, 0.239705, 0.189759, 0.139317, 0.112553
0.112553, 0.0857065, 0.03466, -0.0164771, -0.0434444
-0.0434444, -0.07038, -0.121284, -0.17187, -0.198383
-0.198383, -0.224752, -0.274272, -0.323076, -0.348489
-0.348489, -0.373648, -0.420579, -0.46641, -0.490103
-0.490103, -0.51344, -0.556638, -0.59838, -0.619777
-0.619777, -0.640722, -0.679135, -0.715771, -0.73435
-0.73435, -0.752394, -0.785085, -0.815723, -0.831031
-0.831031, -0.845733, -0.871907, -0.8958, -0.907464
-0.907464, -0.918468, -0.937485, -0.954051, -0.961788
-0.961788, -0.968824, -0.980223, -0.989058, -0.992678
-0.992678, -0.995575, -0.999077, -0.999967, -0.999382
-0.999382, -0.99807, -0.99359, -0.986512, -0.981737
-0.981737, -0.976247, -0.963894, -0.949021, -0.940172
-0.940172, -0.930639, -0.910714, -0.888408, -0.8757
-0.8757, -0.862356, -0.835345, -0.806149, -0.789893
-0.789893, -0.773062, -0.739623, -0.704249, -0.68484
-0.68484, -0.664933, -0.62588, -0.58519, -0.563102
-0.563102, -0.540604, -0.496888, -0.451874, -0.427644
-0.427644, -0.403102, -0.35579, -0.307548, -0.281766
-0.281766, -0.25578, -0.206024, -0.155728, -0.129024
-0.129024, -0.102226, -0.0512371, -0.000114777, 0.0268622
0.0268622, 0.0538196, 0.104798, 0.155502, 0.182094
0.182094, 0.208553, 0.258279, 0.307329, 0.332889
0.332889, 0.358206, 0.405468, 0.451669, 0.475573
0.475573, 0.499131, 0.542777, 0.585004, 0.60667
0.60667, 0.627895, 0.666862, 0.704086, 0.722986
0.722986, 0.741361, 0.7747, 0.806013, 0.821687
0.821687, 0.836764, 0.863662, 0.888302, 0.900368
0.900368, 0.911779, 0.931582, 0.948948, 0.957112
0.957112, 0.96458, 0.976804, 0.986474, 0.990537
0.990537, 0.993879, 0.998227, 0.999965, 0.999828
0.999828, 0.998963, 0.995329, 0.989092, 0.984758
0.984758, 0.979708, 0.96818, 0.95412, 0.945695
0.945695, 0.936582, 0.917442, 0.895902, 0.883591
0.883591, 0.870638, 0.844351, 0.815856, 0.799959
0.799959, 0.78348, 0.750688, 0.715932, 0.696836
0.696836, 0.677234, 0.638734, 0.598564, 0.576736
0.576736, 0.554488, 0.511219, 0.466613, 0.442583
0.442583, 0.418231, 0.371248, 0.323293, 0.297647
0.297647, 0.271785, 0.222231, 0.172096, 0.145459
0.145459, 0.118716, 0.0678002, 0.0167067, -0.0102726
-0.0102726, -0.0372443, -0.0882827, -0.13909, -0.165754
-0.165754, -0.192298, -0.242215, -0.291498, -0.317197
-0.317197, -0.342666, -0.390245, -0.436804, -0.460912
-0.460912, -0.484685, -0.528767, -0.571467, -0.593397
-0.593397, -0.614895, -0.654407, -0.692207, -0.711424
-0.711424, -0.730124, -0.764102, -0.796082, -0.812118
-0.812118, -0.827563, -0.85518, -0.88056, -0.893025
-0.893025, -0.90484, -0.925422, -0.943584, -0.952174
-0.952174, -0.96007, -0.973117, -0.983618, -0.988123
-0.988123, -0.991909, -0.997102, -0.999687, -0.999998
-0.999998, -0.999581, -0.996794, -0.9914, -0.987508
-0.987508, -0.982898, -0.972199, -0.958957, -0.950958

0.631002, 0.651701, 0.689624, 0.725744, 0.744039
0.744039, 0.761792, 0.793914, 0.82396, 0.838947
0.838947, 0.853323, 0.878861, 0.902101, 0.913414
0.913414, 0.924062, 0.942395, 0.958263, 0.965627
0.965627, 0.972288, 0.982968, 0.991078, 0.994313
0.994313, 0.996824, 0.999592, 0.999745, 0.998773
0.998773, 0.997073, 0.991861, 0.984055, 0.978898
0.978898, 0.973029, 0.959964, 0.944388, 0.935173
0.935173, 0.925278, 0.904678, 0.881712, 0.868663
0.868663, 0.854983, 0.82735, 0.797553, 0.780989
0.780989, 0.763856, 0.729864, 0.693962, 0.674286
0.674286, 0.654119, 0.614595, 0.573464, 0.551155
0.551155, 0.528445, 0.484352, 0.438993, 0.414595
0.414595, 0.389895, 0.342308, 0.293827, 0.267934
0.267934, 0.241846, 0.191924, 0.141501, 0.114744
0.114744, 0.0879039, 0.0368643, -0.0142716, -0.0412406
-0.0412406, -0.0681796, -0.119094, -0.169697, -0.196221
-0.196221, -0.222602, -0.272151, -0.320988, -0.34642
-0.34642, -0.371601, -0.418576, -0.464458, -0.488179
-0.488179, -0.511546, -0.554804, -0.596611, -0.618044
-0.618044, -0.639027, -0.677514, -0.714229, -0.732851
-0.732851, -0.750939, -0.783717, -0.814445, -0.829802
-0.829802, -0.844554, -0.870825, -0.894817, -0.906535
-0.906535, -0.917593, -0.936715, -0.953388, -0.961181
-0.961181, -0.968275, -0.979784, -0.98873, -0.992409
-0.992409, -0.995365, -0.99898, -0.999982, -0.999457
-0.999457, -0.998204, -0.993837, -0.98687, -0.982154
-0.982154, -0.976723, -0.964479, -0.949714, -0.940921
-0.940921, -0.931444, -0.911623, -0.889418, -0.876763
-0.876763, -0.863471, -0.836555, -0.807452, -0.791244
-0.791244, -0.774459, -0.741105, -0.705813, -0.686446
-0.686446, -0.666579, -0.627599, -0.586978, -0.564923
-0.564923, -0.542458, -0.498801, -0.45384, -0.429637
-0.429637, -0.40512, -0.357851, -0.309646, -0.283882
-0.283882, -0.257912, -0.208181, -0.157907, -0.131211
-0.131211, -0.104419, -0.0534399, -0.00232052, 0.0246572
0.0246572, 0.0516169, 0.102604, 0.153322, 0.179924
0.179924, 0.206396, 0.256148, 0.30523, 0.330808
0.330808, 0.356146, 0.40345, 0.4497, 0.473632
0.473632, 0.497218, 0.540923, 0.583214, 0.604915
0.604915, 0.626177, 0.665217, 0.702518, 0.721461
0.721461, 0.739879, 0.773303, 0.804706, 0.820428
0.820428, 0.835554, 0.862548, 0.887287, 0.899406
0.899406, 0.910871, 0.930778, 0.94825, 0.956471
0.956471, 0.963996, 0.976329, 0.98611, 0.990232
0.990232, 0.993633, 0.998093, 0.999944, 0.999866
0.999866, 0.999061, 0.995539, 0.989414, 0.985139
0.985139, 0.980147, 0.968729, 0.954778, 0.94641
0.94641, 0.937353, 0.918317, 0.89688, 0.884622
0.884622, 0.871721, 0.845531, 0.817129, 0.801281
0.801281, 0.784849, 0.752143, 0.71747, 0.698417
0.698417, 0.678855, 0.64043, 0.60033, 0.578536
0.578536, 0.556322, 0.513113, 0.468563, 0.44456
0.44456, 0.420234, 0.373295, 0.32538, 0.299752
0.299752, 0.273907, 0.224381, 0.174269, 0.147641
0.147641, 0.120906, 0.0700007, 0.018912, -0.00806692
-0.00806692, -0.03504, -0.0860853, -0.136906, -0.163579
-0.163579, -0.190133, -0.240074, -0.289387, -0.315105
-0.315105, -0.340593, -0.388213, -0.434819, -0.458954
-0.458954, -0.482754, -0.526894, -0.569656, -0.59162
-0.59162, -0.613154, -0.652737, -0.690613, -0.709872
-0.709872, -0.728615, -0.762677, -0.794745, -0.810829
-0.810829, -0.826323, -0.854034, -0.879513, -0.89203
-0.89203, -0.903898, -0.924584, -0.942852, -0.951497

0.0556105, 0.0825254, 0.133366, 0.183857, 0.210307
0.210307, 0.236604, 0.285966, 0.33458, 0.35988
0.35988, 0.384918, 0.431599, 0.47715, 0.500684
0.500684, 0.523854, 0.566716, 0.608095, 0.62929
0.62929, 0.650027, 0.688025, 0.724224, 0.742563
0.742563, 0.760361, 0.792571, 0.822708, 0.837744
0.837744, 0.852171, 0.877807, 0.901147, 0.912514
0.912514, 0.923217, 0.941655, 0.957631, 0.965051
0.965051, 0.97177, 0.98256, 0.990782, 0.994075
0.994075, 0.996646, 0.999526, 0.999793, 0.99888
0.99888, 0.997239, 0.992139, 0.984444, 0.979346
0.979346, 0.973536, 0.960579, 0.945111, 0.935952
0.935952, 0.926112, 0.905615, 0.88275, 0.869754
0.869754, 0.856125, 0.828587, 0.798882, 0.782365
0.782365, 0.765278, 0.73137, 0.695549, 0.675913
0.675913, 0.655786, 0.616334, 0.57527, 0.552994
0.552994, 0.530316, 0.486281, 0.440974, 0.416601
0.416601, 0.391925, 0.34438, 0.295934, 0.270058
0.270058, 0.243985, 0.194089, 0.143685, 0.116935
0.116935, 0.0901009, 0.0390685, -0.0120661, -0.0390366
-0.0390367, -0.0659788, -0.116904, -0.167523, -0.194057
-0.194057, -0.220451, -0.270027, -0.318898, -0.34435
-0.34435, -0.369552, -0.416572, -0.462503, -0.486253
-0.486253, -0.509649, -0.552967, -0.59484, -0.616309
-0.616309, -0.637329, -0.67589, -0.712684, -0.731348
-0.731348, -0.74948, -0.782345, -0.813163, -0.828569
-0.828569, -0.843371, -0.869738, -0.893831, -0.905602
-0.905602, -0.916714, -0.935941, -0.95272, -0.96057
-0.96057, -0.967721, -0.97934, -0.988397, -0.992135
-0.992135, -0.995151, -0.998878, -0.999993, -0.999527
-0.999527, -0.998334, -0.994079, -0.987224, -0.982566
-0.982566, -0.977193, -0.96506, -0.950402, -0.941666
-0.941666, -0.932244, -0.912527, -0.890424, -0.877822
-0.877822, -0.864581, -0.837762, -0.808752, -0.792591
-0.792591, -0.775853, -0.742585, -0.707374, -0.688048
-0.688048, -0.668222, -0.629315, -0.588762, -0.566742
-0.566742, -0.54431, -0.500712, -0.455805, -0.431627
-0.431627, -0.407136, -0.35991, -0.311742, -0.285996
-0.285996, -0.260042, -0.210338, -0.160085, -0.133397
-0.133397, -0.106613, -0.0556423, -0.00452625, 0.022452
0.022452, 0.049414, 0.100409, 0.151142, 0.177754
0.177754, 0.204237, 0.254015, 0.303128, 0.328726
0.328726, 0.354084, 0.401431, 0.447729, 0.471688
0.471688, 0.495303, 0.539067, 0.581421, 0.603158
0.603158, 0.624455, 0.663569, 0.700947, 0.719932
0.719932, 0.738393, 0.771903, 0.803394, 0.819165
0.819165, 0.83434, 0.86143, 0.886268, 0.89844
0.89844, 0.909959, 0.929969, 0.947548, 0.955825
0.955825, 0.963407, 0.97585, 0.985741, 0.989922
0.989922, 0.993382, 0.997955, 0.999918, 0.9999
0.9999, 0.999154, 0.995745, 0.989732, 0.985516
0.985516, 0.980582, 0.969274, 0.955432, 0.94712
0.94712, 0.938119, 0.919188, 0.897853, 0.885649
0.885649, 0.872799, 0.846706, 0.818399, 0.802599
0.802599, 0.786214, 0.753595, 0.719005, 0.699994
0.699994, 0.680473, 0.642122, 0.602092, 0.580334
0.580334, 0.558153, 0.515005, 0.47051, 0.446535
0.446535, 0.422234, 0.37534, 0.327465, 0.301856
0.301856, 0.276027, 0.22653, 0.17644, 0.149822
0.149822, 0.123096, 0.0722009, 0.0211174, -0.00586123
-0.00586123, -0.0328355, -0.0838876, -0.13472, -0.161402
-0.161402, -0.187967, -0.237932, -0.287275, -0.313011
-0.313011, -0.338518, -0.38618, -0.432831, -0.456993
-0.456993, -0.480822, -0.525018, -0.567841, -0.58984

-0.54095, -0.518064, -0.47366, -0.428016, -0.403479
-0.40348, -0.378649, -0.330838, -0.282162, -0.256178
-0.256178, -0.230008, -0.179956, -0.129433, -0.102635
-0.102635, -0.0757637, -0.024689, 0.0264502, 0.0534081
0.0534081, 0.080327, 0.131179, 0.181689, 0.20815
0.20815, 0.234461, 0.283852, 0.3325, 0.357821
0.357821, 0.382882, 0.429608, 0.475211, 0.498774
0.498774, 0.521974, 0.564897, 0.606343, 0.627574
0.627574, 0.648349, 0.686423, 0.722702, 0.741084
0.741084, 0.758927, 0.791224, 0.821452, 0.836538
0.836538, 0.851014, 0.876748, 0.900189, 0.91161
0.91161, 0.922367, 0.94091, 0.956993, 0.964471
0.964471, 0.971247, 0.982148, 0.99048, 0.993833
0.993833, 0.996463, 0.999456, 0.999835, 0.998981
0.998981, 0.997401, 0.992413, 0.98483, 0.97979
0.97979, 0.974037, 0.96119, 0.945829, 0.936727
0.936727, 0.926942, 0.906549, 0.883784, 0.87084
0.87084, 0.857262, 0.82982, 0.800206, 0.783736
0.783736, 0.766696, 0.732872, 0.697132, 0.677537
0.677537, 0.65745, 0.618069, 0.577072, 0.55483
0.55483, 0.532185, 0.488207, 0.442953, 0.418605
0.418605, 0.393954, 0.34645, 0.298041, 0.272181
0.272181, 0.246124, 0.196252, 0.145867, 0.119126
0.119126, 0.0922975, 0.0412725, -0.00986048, -0.0368325
-0.0368325, -0.0637777, -0.114713, -0.165348, -0.191893
-0.191893, -0.218299, -0.267903, -0.316806, -0.342279
-0.342279, -0.367501, -0.414566, -0.460546, -0.484324
-0.484324, -0.50775, -0.551128, -0.593065, -0.61457
-0.61457, -0.635627, -0.674263, -0.711135, -0.729842
-0.729842, -0.748018, -0.780969, -0.811877, -0.827332
-0.827332, -0.842184, -0.868648, -0.892839, -0.904664
-0.904664, -0.91583, -0.935162, -0.952048, -0.959955
-0.959955, -0.967163, -0.978892, -0.98806, -0.991857
-0.991857, -0.994931, -0.998771, -0.999999, -0.999593
-0.999593, -0.998459, -0.994316, -0.987573, -0.982974
-0.982974, -0.977659, -0.965635, -0.951086, -0.942406
-0.942406, -0.93304, -0.913427, -0.891426, -0.878876
-0.878876, -0.865687, -0.838964, -0.810047, -0.793934
-0.793934, -0.777243, -0.74406, -0.708931, -0.689647
-0.689647, -0.669861, -0.631027, -0.590543, -0.568558
-0.568558, -0.546159, -0.50262, -0.457767, -0.433616
-0.433616, -0.409149, -0.361967, -0.313837, -0.288109
-0.288109, -0.262171, -0.212494, -0.162261, -0.135583
-0.135583, -0.108806, -0.0578445, -0.00673197, 0.0202468
0.0202468, 0.0472108, 0.0982146, 0.148962, 0.175583
0.175583, 0.202077, 0.251881, 0.301026, 0.326642
0.326642, 0.35202, 0.39941, 0.445755, 0.469742
0.469742, 0.493386, 0.537208, 0.579625, 0.601397
0.601397, 0.622731, 0.661917, 0.699372, 0.718399
0.718399, 0.736904, 0.770499, 0.802079, 0.817898
0.817898, 0.833122, 0.860308, 0.885244, 0.897469
0.897469, 0.909042, 0.929156, 0.94684, 0.955174
0.955174, 0.962813, 0.975366, 0.985368, 0.989607
0.989607, 0.993126, 0.997811, 0.999887, 0.999929
0.999929, 0.999242, 0.995946, 0.990045, 0.985887
0.985887, 0.981012, 0.969815, 0.956081, 0.947826
0.947826, 0.938881, 0.920054, 0.898822, 0.886671
0.886671, 0.873874, 0.847878, 0.819664, 0.803912
0.803912, 0.787575, 0.755043, 0.720536, 0.701567
0.701567, 0.682088, 0.643812, 0.603852, 0.582129
0.582129, 0.559982, 0.516895, 0.472455, 0.448507
0.448507, 0.424233, 0.377384, 0.329548, 0.303958
0.303958, 0.278147, 0.228678, 0.178611, 0.152003
0.152003, 0.125284, 0.0744007, 0.0233226, -0.0036555

-0.931593, -0.921448, -0.900382, -0.876962, -0.863678
-0.863678, -0.849766, -0.821706, -0.791496, -0.77472
-0.77472, -0.757381, -0.723008, -0.686746, -0.666886
-0.666886, -0.646541, -0.606696, -0.565263, -0.542804
-0.542804, -0.51995, -0.475601, -0.430009, -0.405497
-0.405497, -0.38069, -0.332919, -0.284277, -0.25831
-0.25831, -0.232154, -0.182125, -0.131619, -0.104829
-0.104829, -0.0779629, -0.026894, 0.0242452, 0.0512053
0.0512053, 0.0781282, 0.128992, 0.179519, 0.205992
0.205992, 0.232316, 0.281736, 0.330419, 0.355761
0.355761, 0.380843, 0.427615, 0.473269, 0.496861
0.496861, 0.520091, 0.563076, 0.604587, 0.625855
0.625855, 0.646668, 0.684817, 0.721175, 0.739601
0.739601, 0.757489, 0.789874, 0.820193, 0.835327
0.835327, 0.849854, 0.875685, 0.899226, 0.910701
0.910701, 0.921513, 0.940161, 0.956351, 0.963886
0.963886, 0.970719, 0.981731, 0.990174, 0.993586
0.993586, 0.996275, 0.999381, 0.999873, 0.999079
0.999079, 0.997557, 0.992682, 0.98521, 0.980229
0.980229, 0.974534, 0.961796, 0.946543, 0.937496
0.937496, 0.927767, 0.907477, 0.884814, 0.871922
0.871922, 0.858396, 0.831048, 0.801527, 0.785105
0.785105, 0.76811, 0.734371, 0.698712, 0.679158
0.679158, 0.65911, 0.619802, 0.578872, 0.556664
0.556664, 0.534051, 0.490131, 0.444929, 0.420608
0.420608, 0.39598, 0.348518, 0.300145, 0.274303
0.274303, 0.248261, 0.198414, 0.148049, 0.121315
0.121315, 0.0944936, 0.0434762, -0.00765482, -0.0346281
-0.0346282, -0.0615763, -0.112521, -0.163172, -0.189728
-0.189728, -0.216146, -0.265777, -0.314714, -0.340205
-0.340205, -0.365449, -0.412558, -0.458587, -0.482393
-0.482393, -0.505848, -0.549286, -0.591288, -0.612829
-0.612829, -0.633923, -0.672632, -0.709582, -0.728332
-0.728332, -0.746553, -0.779589, -0.810588, -0.826091
-0.826091, -0.840993, -0.867553, -0.891844, -0.903722
-0.903722, -0.914942, -0.934378, -0.951371, -0.959335
-0.959335, -0.9666, -0.978438, -0.987718, -0.991573
-0.991573, -0.994707, -0.998659, -1, -0.999653
-0.999653, -0.998579, -0.994549, -0.987917, -0.983377
-0.983377, -0.978121, -0.966206, -0.951765, -0.943141
-0.943141, -0.933831, -0.914323, -0.892423, -0.879927
-0.879927, -0.866789, -0.840162, -0.811338, -0.795273
-0.795273, -0.778629, -0.745532, -0.710485, -0.691243
-0.691243, -0.671497, -0.632737, -0.592322, -0.570371
-0.570371, -0.548005, -0.504526, -0.459727, -0.435603
-0.435603, -0.411161, -0.364022, -0.315931, -0.290221
-0.290221, -0.264299, -0.214649, -0.164438, -0.137768
-0.137768, -0.110998, -0.0600464, -0.00893764, 0.0180414
0.0180414, 0.0450074, 0.0960193, 0.14678, 0.173411
0.173411, 0.199916, 0.249746, 0.298921, 0.324556
0.324556, 0.349955, 0.397387, 0.44378, 0.467793
0.467793, 0.491466, 0.535346, 0.577826, 0.599633
0.599633, 0.621004, 0.660262, 0.697793, 0.716863
0.716863, 0.735411, 0.769091, 0.80076, 0.816627
0.816627, 0.8319, 0.859181, 0.884216, 0.896494
0.896494, 0.90812, 0.928338, 0.946128, 0.954519
0.954519, 0.962215, 0.974877, 0.984989, 0.989287
0.989287, 0.992866, 0.997663, 0.999851, 0.999953
0.999953, 0.999326, 0.996142, 0.990353, 0.986254
0.986254, 0.981438, 0.97035, 0.956725, 0.948526
0.948526, 0.939638, 0.920916, 0.899787, 0.887688
0.887688, 0.874944, 0.849045, 0.820926, 0.805222
0.805222, 0.788933, 0.756487, 0.722064, 0.703137
0.703137, 0.683699, 0.645498, 0.605609, 0.583921

-0.967617, -0.974075, -0.984366, -0.992084, -0.99511
-0.99511, -0.997413, -0.999784, -0.99954, -0.998358
-0.998358, -0.996449, -0.990842, -0.982643, -0.977281
-0.977281, -0.971207, -0.957758, -0.941804, -0.932393
-0.932393, -0.922303, -0.90134, -0.878019, -0.864788
-0.864788, -0.850927, -0.822961, -0.792842, -0.776113
-0.776113, -0.758819, -0.724531, -0.688347, -0.668528
-0.668528, -0.648223, -0.608448, -0.567082, -0.544655
-0.544655, -0.521833, -0.47754, -0.431999, -0.407512
-0.407512, -0.382728, -0.334998, -0.286391, -0.26044
-0.26044, -0.234299, -0.184294, -0.133806, -0.107023
-0.107023, -0.0801617, -0.0290989, 0.02204, 0.0490023
0.0490024, 0.075929, 0.126805, 0.177349, 0.203833
0.203833, 0.23017, 0.279619, 0.328336, 0.353698
0.353698, 0.378803, 0.42562, 0.471324, 0.494945
0.494945, 0.518206, 0.561251, 0.602829, 0.624133
0.624133, 0.644984, 0.683208, 0.719646, 0.738115
0.738115, 0.756047, 0.788519, 0.818929, 0.834113
0.834113, 0.848689, 0.874618, 0.898259, 0.909788
0.909788, 0.920654, 0.939407, 0.955704, 0.963296
0.963296, 0.970187, 0.981308, 0.989863, 0.993334
0.993334, 0.996083, 0.999301, 0.999906, 0.999171
0.999171, 0.997709, 0.992946, 0.985586, 0.980663
0.980663, 0.975027, 0.962398, 0.947252, 0.938262
0.938262, 0.928588, 0.908402, 0.88584, 0.873
0.873, 0.859525, 0.832273, 0.802844, 0.786469
0.786469, 0.769521, 0.735867, 0.700288, 0.680775
0.680775, 0.660767, 0.621531, 0.58067, 0.558495
0.558495, 0.535914, 0.492052, 0.446903, 0.422608
0.422608, 0.398004, 0.350585, 0.302249, 0.276424
0.276424, 0.250397, 0.200576, 0.15023, 0.123505
0.123505, 0.0966892, 0.0456798, -0.00544912, -0.0324236
-0.0324236, -0.0593746, -0.110329, -0.160995, -0.187562
-0.187562, -0.213992, -0.26365, -0.312619, -0.33813
-0.33813, -0.363395, -0.410547, -0.456626, -0.48046
-0.48046, -0.503944, -0.547442, -0.589508, -0.611084
-0.611084, -0.632216, -0.670998, -0.708026, -0.726819
-0.726819, -0.745083, -0.778206, -0.809294, -0.824846
-0.824846, -0.839797, -0.866453, -0.890844, -0.902775
-0.902775, -0.91405, -0.93359, -0.950689, -0.95871
-0.95871, -0.966033, -0.97798, -0.987371, -0.991285
-0.991285, -0.994478, -0.998543, -0.999996, -0.999709
-0.999709, -0.998694, -0.994776, -0.988257, -0.983775
-0.983775, -0.978577, -0.966772, -0.952439, -0.943872
-0.943872, -0.934618, -0.915214, -0.893416, -0.880972
-0.880972, -0.867887, -0.841357, -0.812626, -0.796608
-0.796608, -0.780011, -0.747, -0.712036, -0.692835
-0.692835, -0.67313, -0.634443, -0.594098, -0.572181
-0.572181, -0.549849, -0.506429, -0.461685, -0.437587
-0.437587, -0.413171, -0.366076, -0.318023, -0.292331
-0.292331, -0.266426, -0.216803, -0.166613, -0.139952
-0.139952, -0.11319, -0.0622481, -0.0111433, 0.015836
0.015836, 0.0428038, 0.0938235, 0.144598, 0.171239
0.171239, 0.197755, 0.247609, 0.296816, 0.322469
0.322469, 0.347887, 0.395362, 0.441802, 0.465843
0.465843, 0.489544, 0.533482, 0.576024, 0.597866
0.597866, 0.619273, 0.658604, 0.696212, 0.715323
0.715323, 0.733914, 0.767679, 0.799436, 0.815352
0.815352, 0.830674, 0.858051, 0.883183, 0.895515
0.895515, 0.907194, 0.927516, 0.945412, 0.953859
0.953859, 0.961612, 0.974383, 0.984606, 0.988963
0.988963, 0.9926, 0.99751, 0.999811, 0.999972
0.999972, 0.999404, 0.996333, 0.990656, 0.986616
0.986616, 0.981858, 0.970881, 0.957364, 0.949223

-0.635309, -0.655911, -0.693643, -0.72956, -0.747745
-0.747745, -0.765385, -0.797285, -0.8271, -0.841962
-0.841962, -0.85621, -0.881502, -0.904488, -0.915665
-0.915665, -0.926175, -0.944242, -0.959839, -0.967058
-0.967058, -0.973573, -0.983975, -0.991804, -0.99489
-0.99489, -0.997252, -0.999735, -0.999604, -0.998482
-0.998482, -0.996632, -0.991137, -0.98305, -0.977746
-0.977746, -0.971731, -0.95839, -0.942544, -0.933188
-0.933188, -0.923153, -0.902293, -0.879073, -0.865893
-0.865893, -0.852084, -0.824212, -0.794184, -0.777502
-0.777502, -0.760254, -0.726049, -0.689946, -0.670167
-0.670167, -0.649901, -0.610197, -0.568897, -0.546504
-0.546504, -0.523713, -0.479477, -0.433987, -0.409525
-0.409525, -0.384765, -0.337075, -0.288504, -0.262569
-0.262569, -0.236443, -0.186461, -0.135991, -0.109215
-0.109215, -0.0823602, -0.0313036, 0.0198348, 0.0467991
0.0467991, 0.0737295, 0.124616, 0.175177, 0.201674
0.201674, 0.228023, 0.2775, 0.326252, 0.351634
0.351634, 0.37676, 0.423623, 0.469378, 0.493028
0.493028, 0.516318, 0.559424, 0.601067, 0.622409
0.622409, 0.643297, 0.681596, 0.718112, 0.736625
0.736625, 0.754601, 0.78716, 0.817661, 0.832894
0.832894, 0.847521, 0.873546, 0.897288, 0.90887
0.90887, 0.919791, 0.938649, 0.955052, 0.962702
0.962702, 0.96965, 0.980882, 0.989548, 0.993078
0.993078, 0.995885, 0.999216, 0.999933, 0.999258
0.999258, 0.997856, 0.993205, 0.985956, 0.981092
0.981092, 0.975514, 0.962995, 0.947957, 0.939023
0.939022, 0.929405, 0.909322, 0.886861, 0.874074
0.874074, 0.860651, 0.833494, 0.804157, 0.787829
0.787829, 0.770928, 0.737358, 0.701861, 0.682389
0.682389, 0.662421, 0.623258, 0.582464, 0.560324
0.560324, 0.537775, 0.493971, 0.448876, 0.424606
0.424606, 0.400027, 0.35265, 0.304351, 0.278543
0.278543, 0.252532, 0.202736, 0.15241, 0.125693
0.125693, 0.0988844, 0.0478831, -0.00324339, -0.030219
-0.030219, -0.0571726, -0.108137, -0.158818, -0.185395
-0.185395, -0.211837, -0.261522, -0.310523, -0.336054
-0.336054, -0.361339, -0.408535, -0.454663, -0.478525
-0.478525, -0.502038, -0.545595, -0.587724, -0.609337
-0.609337, -0.630505, -0.669361, -0.706467, -0.725302
-0.725302, -0.74361, -0.776819, -0.807996, -0.823597
-0.823597, -0.838598, -0.86535, -0.88984, -0.901825
-0.901825, -0.913153, -0.932797, -0.950002, -0.95808
-0.95808, -0.96546, -0.977518, -0.987019, -0.990992
-0.990992, -0.994244, -0.998421, -0.999987, -0.99976
-0.99976, -0.998804, -0.994999, -0.988591, -0.984168
-0.984168, -0.979029, -0.967334, -0.953109, -0.944598
-0.944598, -0.9354, -0.9161, -0.894405, -0.882014
-0.882014, -0.868981, -0.842547, -0.813909, -0.79794
-0.79794, -0.781389, -0.748465, -0.713583, -0.694424
-0.694424, -0.67476, -0.636147, -0.595871, -0.573989
-0.573989, -0.55169, -0.50833, -0.46364, -0.439569
-0.439569, -0.415178, -0.368127, -0.320113, -0.29444
-0.29444, -0.268551, -0.218956, -0.168787, -0.142136
-0.142136, -0.115381, -0.0644494, -0.0133489, 0.0136305
0.0136305, 0.0405999, 0.0916272, 0.142415, 0.169065
0.169065, 0.195592, 0.245471, 0.294709, 0.32038
0.32038, 0.345819, 0.393335, 0.439822, 0.46389
0.46389, 0.48762, 0.531615, 0.57422, 0.596097
0.596097, 0.61754, 0.656942, 0.694627, 0.71378
0.71378, 0.732414, 0.766264, 0.798109, 0.814073
0.814073, 0.829444, 0.856916, 0.882147, 0.894531
0.894531, 0.906264, 0.926689, 0.944691, 0.953194

-0.0611649, -0.0880691, -0.138878, -0.189323, -0.215743
-0.215743, -0.242007, -0.291293, -0.339818, -0.365065
-0.365065, -0.390048, -0.436611, -0.482032, -0.505493
-0.505493, -0.528585, -0.571291, -0.612503, -0.633604
-0.633604, -0.654245, -0.692052, -0.72805, -0.746278
-0.746278, -0.763963, -0.795952, -0.825858, -0.84077
-0.84077, -0.855069, -0.880458, -0.903545, -0.914776
-0.914776, -0.925341, -0.943513, -0.959218, -0.966494
-0.966494, -0.973067, -0.98358, -0.99152, -0.994665
-0.994665, -0.997086, -0.999682, -0.999664, -0.998601
-0.998601, -0.996811, -0.991428, -0.983452, -0.978206
-0.978206, -0.972249, -0.959018, -0.943278, -0.933978
-0.933978, -0.923999, -0.903242, -0.880122, -0.866995
-0.866995, -0.853236, -0.825459, -0.795523, -0.778887
-0.778887, -0.761685, -0.727564, -0.691541, -0.671802
-0.671802, -0.651575, -0.611943, -0.57071, -0.54835
-0.54835, -0.525591, -0.481412, -0.435973, -0.411537
-0.411537, -0.3868, -0.339151, -0.290615, -0.264697
-0.264697, -0.238586, -0.188628, -0.138176, -0.111408
-0.111408, -0.0845582, -0.0335082, 0.0176294, 0.0445957
0.0445957, 0.0715295, 0.122428, 0.173005, 0.199513
0.199513, 0.225875, 0.275381, 0.324166, 0.349568
0.349568, 0.374716, 0.421624, 0.467429, 0.491107
0.491107, 0.514428, 0.557595, 0.599303, 0.620681
0.620681, 0.641606, 0.67998, 0.716576, 0.735131
0.735131, 0.753152, 0.785798, 0.816389, 0.831671
0.831671, 0.846348, 0.872471, 0.896312, 0.907948
0.907948, 0.918923, 0.937886, 0.954396, 0.962103
0.962103, 0.969109, 0.98045, 0.989227, 0.992816
0.992816, 0.995683, 0.999126, 0.999956, 0.999341
0.999341, 0.997998, 0.993459, 0.986322, 0.981517
0.981517, 0.975997, 0.963587, 0.948657, 0.939779
0.939779, 0.930216, 0.910237, 0.887878, 0.875143
0.875143, 0.861772, 0.834711, 0.805467, 0.789186
0.789186, 0.772331, 0.738847, 0.70343, 0.684
0.684, 0.664072, 0.624981, 0.584255, 0.562149
0.562149, 0.539634, 0.495888, 0.450846, 0.426602
0.426602, 0.402048, 0.354713, 0.306451, 0.28066
0.28066, 0.254666, 0.204896, 0.15459, 0.127881
0.127881, 0.101079, 0.0500862, -0.00103765, -0.0280142
-0.0280142, -0.0549703, -0.105944, -0.15664, -0.183227
-0.183227, -0.20968, -0.259392, -0.308426, -0.333975
-0.333975, -0.359282, -0.406521, -0.452697, -0.476587
-0.476587, -0.500129, -0.543745, -0.585938, -0.607586
-0.607586, -0.628791, -0.667721, -0.704904, -0.723782
-0.723782, -0.742134, -0.775428, -0.806695, -0.822344
-0.822344, -0.837394, -0.864243, -0.888831, -0.900869
-0.900869, -0.912252, -0.932, -0.949311, -0.957446
-0.957446, -0.964883, -0.97705, -0.986662, -0.990694
-0.990694, -0.994006, -0.998295, -0.999974, -0.999806
-0.999806, -0.99891, -0.995217, -0.988921, -0.984557
-0.984557, -0.979476, -0.967891, -0.953774, -0.94532
-0.94532, -0.936178, -0.916983, -0.895389, -0.883051
-0.883051, -0.87007, -0.843733, -0.815189, -0.799267
-0.799267, -0.782764, -0.749926, -0.715126, -0.696009
-0.696009, -0.676386, -0.637847, -0.597641, -0.575794
-0.575794, -0.553528, -0.510228, -0.465593, -0.441549
-0.441549, -0.417184, -0.370177, -0.322202, -0.296547
-0.296547, -0.270675, -0.221107, -0.170961, -0.144319
-0.144319, -0.117572, -0.0666504, -0.0155544, 0.0114249
0.0114249, 0.0383959, 0.0894305, 0.140231, 0.166891
0.166891, 0.193428, 0.243333, 0.2926, 0.31829
0.31829, 0.343748, 0.391306, 0.43784, 0.461935
0.461935, 0.485693, 0.529745, 0.572412, 0.594324

0.536262, 0.513297, 0.468752, 0.422981, 0.398382
0.398383, 0.373494, 0.325582, 0.27682, 0.250796
0.250796, 0.22459, 0.17448, 0.123913, 0.0970994
0.0970994, 0.0702146, 0.0191264, -0.0320117, -0.0589632
-0.0589632, -0.0858717, -0.136693, -0.187157, -0.213589
-0.213589, -0.239866, -0.289182, -0.337742, -0.363011
-0.363011, -0.388016, -0.434625, -0.480099, -0.503588
-0.503589, -0.526712, -0.569479, -0.610758, -0.631896
-0.631896, -0.652575, -0.690458, -0.726536, -0.744808
-0.744808, -0.762538, -0.794615, -0.824613, -0.839573
-0.839573, -0.853923, -0.87941, -0.902598, -0.913883
-0.913883, -0.924502, -0.94278, -0.958592, -0.965926
-0.965926, -0.972557, -0.983179, -0.991231, -0.994435
-0.994435, -0.996915, -0.999624, -0.999719, -0.998715
-0.998715, -0.996984, -0.991713, -0.983849, -0.978662
-0.978662, -0.972763, -0.95964, -0.944008, -0.934764
-0.934764, -0.92484, -0.904186, -0.881167, -0.868092
-0.868092, -0.854384, -0.826702, -0.796857, -0.780269
-0.780269, -0.763112, -0.729076, -0.693132, -0.673435
-0.673435, -0.653247, -0.613686, -0.572519, -0.550193
-0.550193, -0.527466, -0.483344, -0.437958, -0.413546
-0.413546, -0.388833, -0.341225, -0.292725, -0.266823
-0.266823, -0.240727, -0.190793, -0.14036, -0.113599
-0.113599, -0.0867559, -0.0357127, 0.0154239, 0.042392
0.042392, 0.0693293, 0.120238, 0.170833, 0.197351
0.197351, 0.223725, 0.273259, 0.322079, 0.347501
0.347501, 0.37267, 0.419623, 0.465478, 0.489185
0.489185, 0.512535, 0.555762, 0.597536, 0.61895
0.61895, 0.639913, 0.678361, 0.715035, 0.733634
0.733634, 0.751699, 0.784432, 0.815113, 0.830444
0.830444, 0.845171, 0.871391, 0.895331, 0.907021
0.907021, 0.91805, 0.937118, 0.953735, 0.961499
0.961499, 0.968562, 0.980014, 0.988902, 0.99255
0.99255, 0.995476, 0.999031, 0.999975, 0.999418
0.999418, 0.998135, 0.993708, 0.986683, 0.981936
0.981936, 0.976475, 0.964174, 0.949352, 0.94053
0.94053, 0.931024, 0.911149, 0.888891, 0.876209
0.876209, 0.862889, 0.835923, 0.806772, 0.790539
0.790539, 0.77373, 0.740331, 0.704996, 0.685608
0.685608, 0.66572, 0.626701, 0.586044, 0.563972
0.563972, 0.541489, 0.497802, 0.452813, 0.428596
0.428596, 0.404066, 0.356775, 0.30855, 0.282777
0.282777, 0.256798, 0.207054, 0.156769, 0.130068
0.130068, 0.103273, 0.0522891, 0.00116809, -0.0258092
-0.0258092, -0.0527677, -0.10375, -0.154461, -0.181058
-0.181058, -0.207523, -0.257261, -0.306327, -0.331895
-0.331895, -0.357222, -0.404505, -0.450729, -0.474646
-0.474646, -0.498218, -0.541892, -0.58415, -0.605833
-0.605833, -0.627075, -0.666077, -0.703338, -0.722258
-0.722258, -0.740653, -0.774033, -0.805389, -0.821087
-0.821087, -0.836186, -0.863131, -0.887818, -0.89991
-0.89991, -0.911346, -0.931198, -0.948616, -0.956807
-0.956807, -0.964301, -0.976578, -0.986301, -0.990392
-0.990392, -0.993762, -0.998164, -0.999955, -0.999847
-0.999847, -0.99901, -0.99543, -0.989246, -0.984941
-0.984941, -0.979918, -0.968443, -0.954435, -0.946037
-0.946037, -0.936951, -0.91786, -0.896369, -0.884084
-0.884084, -0.871155, -0.844915, -0.816464, -0.800591
-0.800591, -0.784135, -0.751383, -0.716667, -0.697592
-0.697592, -0.678009, -0.639544, -0.599408, -0.577596
-0.577596, -0.555364, -0.512124, -0.467544, -0.443527
-0.443527, -0.419188, -0.372225, -0.32429, -0.298653
-0.298653, -0.272798, -0.223258, -0.173134, -0.146501
-0.146501, -0.119762, -0.0688511, -0.0177598, 0.0092193

0.929556, 0.919273, 0.897947, 0.874274, 0.86086
0.860861, 0.84682, 0.818522, 0.788083, 0.77119
0.77119, 0.753736, 0.719154, 0.682691, 0.66273
0.66273, 0.642287, 0.602263, 0.560665, 0.538123
0.538123, 0.515189, 0.470699, 0.424979, 0.400405
0.400405, 0.375539, 0.327667, 0.278938, 0.252931
0.252931, 0.226739, 0.176651, 0.126102, 0.0992945
0.0992945, 0.0724147, 0.0213317, -0.0298071, -0.0567611
-0.0567611, -0.0836739, -0.134508, -0.18499, -0.211434
-0.211434, -0.237724, -0.28707, -0.335665, -0.360955
-0.360955, -0.385982, -0.432638, -0.478163, -0.501682
-0.501682, -0.524835, -0.567665, -0.60901, -0.630185
-0.630185, -0.650902, -0.688861, -0.725019, -0.743335
-0.743335, -0.761109, -0.793273, -0.823363, -0.838373
-0.838373, -0.852773, -0.878358, -0.901646, -0.912985
-0.912985, -0.923659, -0.942042, -0.957962, -0.965353
-0.965353, -0.972041, -0.982774, -0.990937, -0.9942
-0.9942, -0.99674, -0.999561, -0.999769, -0.998824
-0.998824, -0.997153, -0.991994, -0.984241, -0.979113
-0.979113, -0.973272, -0.960258, -0.944734, -0.935546
-0.935546, -0.925677, -0.905126, -0.882208, -0.869185
-0.869185, -0.855529, -0.827941, -0.798188, -0.781646
-0.781646, -0.764536, -0.730583, -0.69472, -0.675064
-0.675064, -0.654916, -0.615426, -0.574326, -0.552033
-0.552033, -0.529339, -0.485274, -0.439939, -0.415553
-0.415553, -0.390865, -0.343298, -0.294833, -0.268948
-0.268948, -0.242868, -0.192958, -0.142544, -0.115791
-0.115791, -0.0889531, -0.0379169, 0.0132184, 0.0401882
0.0401882, 0.0671287, 0.118048, 0.168659, 0.195188
0.195188, 0.221575, 0.271137, 0.31999, 0.345432
0.345432, 0.370623, 0.41762, 0.463525, 0.48726
0.48726, 0.51064, 0.553927, 0.595766, 0.617216
0.617216, 0.638216, 0.676739, 0.713492, 0.732134
0.732134, 0.750243, 0.783062, 0.813833, 0.829213
0.829213, 0.84399, 0.870306, 0.894347, 0.90609
0.90609, 0.917174, 0.936346, 0.95307, 0.96089
0.96089, 0.968011, 0.979572, 0.988572, 0.992279
0.992279, 0.995264, 0.998932, 0.999988, 0.999491
0.999491, 0.998267, 0.993953, 0.98704, 0.982351
0.982351, 0.976948, 0.964757, 0.950043, 0.941277
0.941277, 0.931826, 0.912055, 0.889899, 0.877269
0.877269, 0.864001, 0.837132, 0.808073, 0.791887
0.791887, 0.775125, 0.741812, 0.706559, 0.687212
0.687212, 0.667364, 0.628419, 0.58783, 0.565792
0.565792, 0.543342, 0.499714, 0.454779, 0.430588
0.430588, 0.406083, 0.358834, 0.310647, 0.284892
0.284892, 0.258929, 0.209212, 0.158947, 0.132255
0.132255, 0.105467, 0.0544917, 0.00337383, -0.0236041
-0.0236042, -0.0505649, -0.101556, -0.152281, -0.178888
-0.178888, -0.205365, -0.255129, -0.304226, -0.329814
-0.329814, -0.355161, -0.402486, -0.448759, -0.472704
-0.472704, -0.496304, -0.540037, -0.582358, -0.604076
-0.604076, -0.625355, -0.66443, -0.701768, -0.720731
-0.720731, -0.73917, -0.772635, -0.80408, -0.819826
-0.819826, -0.834975, -0.862015, -0.886801, -0.898946
-0.898946, -0.910436, -0.930392, -0.947915, -0.956163
-0.956163, -0.963715, -0.976101, -0.985935, -0.990084
-0.990084, -0.993514, -0.998028, -0.999932, -0.999883
-0.999883, -0.999106, -0.995638, -0.989567, -0.98532
-0.98532, -0.980356, -0.96899, -0.955091, -0.94675
-0.94675, -0.937719, -0.918734, -0.897345, -0.885113
-0.885113, -0.872236, -0.846092, -0.817736, -0.801911
-0.801911, -0.785502, -0.752837, -0.718203, -0.69917
-0.69917, -0.679629, -0.641239, -0.601172, -0.579395

0.969007, 0.975319, 0.985331, 0.992767, 0.995644
0.995645, 0.997797, 0.999884, 0.999356, 0.998024
0.998024, 0.995965, 0.990075, 0.981596, 0.976086
0.976086, 0.969867, 0.956143, 0.939919, 0.930368
0.930368, 0.920138, 0.898916, 0.875343, 0.861981
0.861981, 0.847991, 0.819787, 0.789439, 0.772592
0.772592, 0.755183, 0.720684, 0.684301, 0.66438
0.66438, 0.643976, 0.604023, 0.56249, 0.539981
0.539981, 0.517078, 0.472644, 0.426974, 0.402425
0.402425, 0.377582, 0.32975, 0.281056, 0.255064
0.255064, 0.228887, 0.178822, 0.12829, 0.101489
0.101489, 0.0746145, 0.0235369, -0.0276022, -0.0545588
-0.0545588, -0.0814757, -0.132322, -0.182822, -0.209277
-0.209277, -0.235581, -0.284956, -0.333587, -0.358897
-0.358897, -0.383946, -0.430648, -0.476224, -0.499772
-0.499772, -0.522957, -0.565848, -0.607259, -0.628471
-0.628471, -0.649226, -0.68726, -0.723498, -0.741857
-0.741857, -0.759677, -0.791929, -0.822109, -0.837169
-0.837169, -0.851619, -0.877302, -0.90069, -0.912083
-0.912083, -0.922812, -0.9413, -0.957327, -0.964775
-0.964775, -0.971521, -0.982364, -0.990638, -0.99396
-0.99396, -0.996559, -0.999493, -0.999814, -0.998929
-0.998929, -0.997317, -0.99227, -0.984629, -0.979559
-0.979559, -0.973776, -0.960872, -0.945454, -0.936323
-0.936323, -0.926509, -0.906062, -0.883244, -0.870273
-0.870273, -0.856669, -0.829176, -0.799515, -0.78302
-0.78302, -0.765956, -0.732088, -0.696305, -0.676689
-0.676689, -0.656581, -0.617163, -0.576131, -0.553871
-0.553871, -0.531209, -0.487201, -0.441919, -0.417559
-0.417559, -0.392894, -0.345369, -0.29694, -0.271072
-0.271072, -0.245007, -0.195122, -0.144727, -0.117981
-0.117981, -0.0911499, -0.040121, 0.0110128, 0.0379841
0.0379841, 0.0649277, 0.115857, 0.166484, 0.193024
0.193024, 0.219423, 0.269013, 0.317899, 0.343361
0.343361, 0.368573, 0.415614, 0.461569, 0.485332
0.485332, 0.508742, 0.55209, 0.593993, 0.615479
0.615479, 0.636517, 0.675113, 0.711944, 0.730629
0.730629, 0.748783, 0.781688, 0.81255, 0.827979
0.827979, 0.842805, 0.869218, 0.893358, 0.905155
0.905155, 0.916293, 0.935569, 0.9524, 0.960277
0.960277, 0.967455, 0.979126, 0.988237, 0.992003
0.992003, 0.995047, 0.998828, 0.999996, 0.999559
0.999559, 0.998394, 0.994193, 0.987391, 0.982762
0.982762, 0.977417, 0.965335, 0.950729, 0.94202
0.94202, 0.932625, 0.912958, 0.890903, 0.878326
0.878326, 0.86511, 0.838336, 0.809371, 0.793233
0.793233, 0.776517, 0.74329, 0.708118, 0.688812
0.688812, 0.669005, 0.630133, 0.589613, 0.56761
0.56761, 0.545193, 0.501623, 0.456742, 0.432577
0.432577, 0.408098, 0.360892, 0.312743, 0.287006
0.287006, 0.261059, 0.211368, 0.161124, 0.134441
0.134441, 0.10766, 0.056694, 0.00557956, -0.021399
-0.021399, -0.0483619, -0.0993614, -0.150101, -0.176718
-0.176718, -0.203206, -0.252996, -0.302124, -0.327731
-0.327731, -0.353098, -0.400466, -0.446787, -0.470759
-0.470759, -0.494388, -0.538179, -0.580563, -0.602317
-0.602317, -0.623632, -0.66278, -0.700195, -0.7192
-0.7192, -0.737682, -0.771233, -0.802767, -0.818561
-0.818561, -0.833759, -0.860895, -0.885779, -0.897977
-0.897977, -0.909521, -0.929581, -0.94721, -0.955515
-0.955515, -0.963124, -0.975619, -0.985563, -0.989772
-0.989772, -0.99326, -0.997887, -0.999904, -0.999914
-0.999914, -0.999197, -0.995841, -0.989882, -0.985694
-0.985694, -0.980788, -0.969533, -0.955742, -0.947458

0.639596, 0.660101, 0.69764, 0.733354, 0.751427
0.751428, 0.768954, 0.800631, 0.830215, 0.844951
0.844951, 0.859072, 0.884116, 0.906847, 0.917887
0.917887, 0.928259, 0.946059, 0.961385, 0.96846
0.96846, 0.974829, 0.984952, 0.9925, 0.995436
0.995436, 0.997648, 0.999848, 0.999432, 0.99816
0.99816, 0.996161, 0.990383, 0.982014, 0.976564
0.976564, 0.970402, 0.956787, 0.94067, 0.931174
0.931174, 0.921, 0.89988, 0.876407, 0.863097
0.863097, 0.849158, 0.821048, 0.790791, 0.773991
0.773991, 0.756627, 0.722212, 0.685907, 0.666027
0.666027, 0.645662, 0.605779, 0.564312, 0.541836
0.541836, 0.518965, 0.474587, 0.428968, 0.404443
0.404443, 0.379624, 0.331832, 0.283172, 0.257196
0.257196, 0.231033, 0.180992, 0.130477, 0.103683
0.103683, 0.0768139, 0.025742, -0.0253972, -0.0523562
-0.0523562, -0.0792771, -0.130135, -0.180653, -0.20712
-0.20712, -0.233437, -0.282841, -0.331507, -0.356837
-0.356837, -0.381908, -0.428656, -0.474283, -0.497861
-0.497861, -0.521075, -0.564028, -0.605505, -0.626754
-0.626754, -0.647547, -0.685656, -0.721973, -0.740376
-0.740376, -0.758241, -0.79058, -0.820851, -0.83596
-0.83596, -0.850461, -0.876241, -0.89973, -0.911176
-0.911176, -0.92196, -0.940553, -0.956687, -0.964192
-0.964192, -0.970996, -0.981949, -0.990335, -0.993716
-0.993716, -0.996374, -0.999421, -0.999854, -0.999028
-0.999028, -0.997476, -0.992542, -0.985012, -0.98
-0.98, -0.974275, -0.96148, -0.946171, -0.937095
-0.937095, -0.927337, -0.906993, -0.884277, -0.871358
-0.871358, -0.857804, -0.830407, -0.800838, -0.78439
-0.78439, -0.767372, -0.733589, -0.697887, -0.678312
-0.678312, -0.658243, -0.618897, -0.577932, -0.555706
-0.555706, -0.533076, -0.489126, -0.443897, -0.419562
-0.419562, -0.394921, -0.347438, -0.299046, -0.273195
-0.273195, -0.247145, -0.197285, -0.146909, -0.120171
-0.120171, -0.0933462, -0.0423248, 0.00880721, 0.0357799
0.0357799, 0.0627265, 0.113666, 0.164309, 0.190859
0.190859, 0.217271, 0.266888, 0.315807, 0.341289
0.341289, 0.366522, 0.413607, 0.459611, 0.483403
0.483403, 0.506842, 0.550249, 0.592217, 0.613739
0.613739, 0.634814, 0.673484, 0.710394, 0.729122
0.729122, 0.747319, 0.780311, 0.811262, 0.82674
0.82674, 0.841616, 0.868125, 0.892364, 0.904215
0.904215, 0.915407, 0.934788, 0.951725, 0.959659
0.959659, 0.966895, 0.978676, 0.987897, 0.991722
0.991722, 0.994825, 0.998718, 1, 0.999622
0.999622, 0.998517, 0.994428, 0.987738, 0.983167
0.983167, 0.97788, 0.965909, 0.951411, 0.942758
0.942758, 0.933418, 0.913855, 0.891903, 0.879378
0.879378, 0.866214, 0.839537, 0.810664, 0.794574
0.794574, 0.777905, 0.744763, 0.709674, 0.69041
0.69041, 0.670643, 0.631844, 0.591393, 0.569424
0.569424, 0.547041, 0.50353, 0.458703, 0.434565
0.434565, 0.41011, 0.362948, 0.314837, 0.289118
0.289118, 0.263188, 0.213523, 0.163301, 0.136626
0.136626, 0.109853, 0.058896, 0.00778525, -0.0191937
-0.0191937, -0.0461586, -0.0971663, -0.14792, -0.174546
-0.174546, -0.201045, -0.250861, -0.300021, -0.325646
-0.325646, -0.351034, -0.398444, -0.444812, -0.468812
-0.468812, -0.49247, -0.536319, -0.578766, -0.600555
-0.600555, -0.621907, -0.661127, -0.698618, -0.717666
-0.717666, -0.736191, -0.769827, -0.801449, -0.817292
-0.817292, -0.832539, -0.85977, -0.884753, -0.897004
-0.897004, -0.908602, -0.928766, -0.946501, -0.954862

0.0667174, 0.09361, 0.144386, 0.194784, 0.221173
0.221173, 0.247401, 0.296611, 0.345045, 0.37024
0.37024, 0.395165, 0.44161, 0.4869, 0.510286
0.510286, 0.5333, 0.575849, 0.616891, 0.637899
0.637899, 0.658442, 0.696058, 0.731853, 0.74997
0.74997, 0.767542, 0.799308, 0.828983, 0.843769
0.843769, 0.85794, 0.883083, 0.905916, 0.917009
0.917009, 0.927436, 0.945342, 0.960776, 0.967908
0.967908, 0.974335, 0.984569, 0.992228, 0.995223
0.995223, 0.997495, 0.999807, 0.999504, 0.998291
0.998291, 0.996351, 0.990685, 0.982428, 0.977036
0.977036, 0.970932, 0.957426, 0.941416, 0.931976
0.931976, 0.921857, 0.90084, 0.877467, 0.864209
0.864209, 0.850321, 0.822305, 0.792139, 0.775386
0.775386, 0.758068, 0.723736, 0.687511, 0.667671
0.667671, 0.647345, 0.607533, 0.566132, 0.543688
0.543688, 0.520849, 0.476527, 0.430959, 0.406459
0.406459, 0.381664, 0.333912, 0.285287, 0.259327
0.259327, 0.233179, 0.183161, 0.132664, 0.105877
0.105877, 0.079013, 0.0279469, -0.0231921, -0.0501534
-0.0501534, -0.0770781, -0.127948, -0.178483, -0.204962
-0.204962, -0.231291, -0.280725, -0.329425, -0.354776
-0.354776, -0.379869, -0.426663, -0.47234, -0.495946
-0.495946, -0.519191, -0.562205, -0.603748, -0.625033
-0.625033, -0.645864, -0.684049, -0.720445, -0.738892
-0.738892, -0.756801, -0.789227, -0.81959, -0.834748
-0.834748, -0.849298, -0.875176, -0.898765, -0.910265
-0.910265, -0.921103, -0.939802, -0.956042, -0.963605
-0.963605, -0.970466, -0.98153, -0.990026, -0.993467
-0.993467, -0.996184, -0.999343, -0.999889, -0.999123
-0.999123, -0.99763, -0.992808, -0.98539, -0.980437
-0.980437, -0.97477, -0.962084, -0.946882, -0.937862
-0.937862, -0.92816, -0.907919, -0.885305, -0.872438
-0.872438, -0.858936, -0.831634, -0.802157, -0.785757
-0.785757, -0.768784, -0.735086, -0.699465, -0.679931
-0.679931, -0.659902, -0.620628, -0.579731, -0.557539
-0.557539, -0.534941, -0.491049, -0.445872, -0.421563
-0.421563, -0.396947, -0.349505, -0.30115, -0.275316
-0.275316, -0.249281, -0.199447, -0.14909, -0.122361
-0.122361, -0.0955421, -0.0445285, 0.00660153, 0.0335754
0.0335755, 0.0605249, 0.111475, 0.162133, 0.188694
0.188694, 0.215117, 0.264762, 0.313714, 0.339214
0.339214, 0.364468, 0.411598, 0.457651, 0.481471
0.481471, 0.50494, 0.548406, 0.590438, 0.611996
0.611996, 0.633108, 0.671852, 0.708839, 0.72761
0.72761, 0.745851, 0.778929, 0.80997, 0.825497
0.825497, 0.840422, 0.867028, 0.891367, 0.903271
0.903271, 0.914517, 0.934002, 0.951046, 0.959037
0.959037, 0.96633, 0.97822, 0.987553, 0.991436
0.991436, 0.994598, 0.998604, 0.999999, 0.99968
0.99968, 0.998634, 0.994658, 0.98808, 0.983568
0.983568, 0.978339, 0.966477, 0.952088, 0.943491
0.943491, 0.934207, 0.914749, 0.892898, 0.880427
0.880426, 0.867314, 0.840733, 0.811954, 0.795911
0.795911, 0.779289, 0.746233, 0.711226, 0.692004
0.692004, 0.672277, 0.633552, 0.59317, 0.571236
0.571236, 0.548886, 0.505435, 0.460662, 0.43655
0.43655, 0.412121, 0.365003, 0.31693, 0.291229
0.291229, 0.265315, 0.215678, 0.165476, 0.138811
0.138811, 0.112045, 0.0610978, 0.00999091, -0.0169883
-0.0169883, -0.0439551, -0.0949708, -0.145738, -0.172374
-0.172374, -0.198884, -0.248725, -0.297916, -0.32356
-0.32356, -0.348968, -0.39642, -0.442836, -0.466862
-0.466862, -0.490549, -0.534456, -0.576966, -0.59879

-0.531558, -0.508514, -0.46383, -0.417933, -0.393273
-0.393273, -0.368327, -0.320317, -0.271469, -0.245406
-0.245406, -0.219165, -0.168999, -0.118391, -0.0915603
-0.0915603, -0.0646634, -0.0135633, 0.0375723, 0.0645165
0.0645165, 0.0914137, 0.142203, 0.19262, 0.219021
0.219021, 0.245264, 0.294504, 0.342974, 0.36819
0.36819, 0.393138, 0.43963, 0.484972, 0.508388
0.508388, 0.531433, 0.574044, 0.615154, 0.636199
0.636199, 0.656781, 0.694472, 0.730348, 0.748509
0.748509, 0.766126, 0.79798, 0.827747, 0.842583
0.842583, 0.856805, 0.882046, 0.904979, 0.916127
0.916127, 0.926609, 0.944621, 0.960162, 0.967351
0.967351, 0.973836, 0.98418, 0.991951, 0.995006
0.995006, 0.997336, 0.999761, 0.999571, 0.998418
0.998418, 0.996537, 0.990983, 0.982838, 0.977504
0.977504, 0.971458, 0.958061, 0.942158, 0.932773
0.932773, 0.92271, 0.901795, 0.878523, 0.865316
0.865316, 0.85148, 0.823559, 0.793483, 0.776777
0.776777, 0.759505, 0.725256, 0.689111, 0.669311
0.669311, 0.649024, 0.609283, 0.567949, 0.545538
0.545538, 0.522731, 0.478465, 0.432949, 0.408474
0.408474, 0.383701, 0.33599, 0.2874, 0.261457
0.261457, 0.235323, 0.185329, 0.134849, 0.10807
0.10807, 0.0812116, 0.0301518, -0.0209869, -0.0479503
-0.0479503, -0.0748787, -0.12576, -0.176312, -0.202802
-0.202802, -0.229145, -0.278607, -0.327341, -0.352713
-0.352713, -0.377828, -0.424667, -0.470395, -0.49403
-0.49403, -0.517305, -0.560379, -0.601988, -0.62331
-0.62331, -0.644179, -0.682439, -0.718914, -0.737404
-0.737404, -0.755357, -0.787871, -0.818324, -0.833531
-0.833531, -0.848132, -0.874107, -0.897796, -0.90935
-0.90935, -0.920242, -0.939046, -0.955393, -0.963013
-0.963013, -0.969931, -0.981105, -0.989713, -0.993213
-0.993213, -0.995989, -0.999261, -0.999919, -0.999213
-0.999213, -0.99778, -0.99307, -0.985763, -0.980869
-0.980869, -0.97526, -0.962683, -0.947589, -0.938626
-0.938626, -0.928979, -0.908842, -0.886328, -0.873514
-0.873514, -0.860063, -0.832857, -0.803472, -0.787119
-0.787119, -0.770193, -0.736579, -0.70104, -0.681547
-0.681547, -0.661557, -0.622356, -0.581527, -0.559369
-0.559369, -0.536803, -0.492969, -0.447845, -0.423562
-0.423562, -0.39897, -0.351571, -0.303253, -0.277436
-0.277436, -0.251417, -0.201608, -0.151271, -0.12455
-0.12455, -0.0977375, -0.046732, 0.00439581, 0.0313709
0.0313709, 0.0583231, 0.109282, 0.159956, 0.186527
0.186527, 0.212963, 0.262634, 0.311618, 0.337139
0.337139, 0.362414, 0.409587, 0.455689, 0.479536
0.479536, 0.503034, 0.54656, 0.588656, 0.61025
0.61025, 0.631399, 0.670217, 0.707282, 0.726095
0.726095, 0.74438, 0.777544, 0.808675, 0.82425
0.82425, 0.839225, 0.865927, 0.890365, 0.902322
0.902322, 0.913622, 0.933212, 0.950362, 0.958409
0.958409, 0.96576, 0.97776, 0.987203, 0.991146
0.991146, 0.994367, 0.998485, 0.999992, 0.999734
0.999734, 0.998747, 0.994883, 0.988417, 0.983963
0.983963, 0.978793, 0.967041, 0.95276, 0.94422
0.94422, 0.934992, 0.915638, 0.893889, 0.88147
0.88147, 0.86841, 0.841925, 0.813239, 0.797244
0.797244, 0.78067, 0.7477, 0.712775, 0.693594
0.693594, 0.673909, 0.635257, 0.594945, 0.573045
0.573045, 0.550728, 0.507337, 0.462619, 0.438534
0.438534, 0.41413, 0.367056, 0.319021, 0.293338
0.293338, 0.267441, 0.217831, 0.167651, 0.140995
0.140995, 0.114237, 0.0632993, 0.0121965, -0.0147828

-0.927491, -0.917068, -0.895485, -0.87156, -0.858016
-0.858016, -0.843848, -0.815313, -0.784646, -0.767636
-0.767636, -0.750068, -0.715276, -0.678614, -0.658553
-0.658553, -0.638012, -0.597812, -0.556049, -0.533425
-0.533425, -0.510412, -0.465783, -0.419936, -0.3953
-0.3953, -0.370376, -0.322405, -0.273591, -0.247544
-0.247544, -0.221317, -0.171172, -0.12058, -0.0937565
-0.0937565, -0.0668643, -0.0157688, 0.035368, 0.0623152
0.0623152, 0.089217, 0.140019, 0.190455, 0.216869
0.216869, 0.243125, 0.292395, 0.340901, 0.366138
0.366138, 0.391109, 0.437647, 0.483042, 0.506487
0.506487, 0.529563, 0.572237, 0.613413, 0.634495
0.634495, 0.655116, 0.692884, 0.728839, 0.747045
0.747045, 0.764707, 0.796649, 0.826508, 0.841393
0.841393, 0.855666, 0.881004, 0.904039, 0.915241
0.915241, 0.925777, 0.943894, 0.959543, 0.96679
0.96679, 0.973332, 0.983787, 0.991669, 0.994783
0.994783, 0.997173, 0.99971, 0.999633, 0.998539
0.998539, 0.996718, 0.991276, 0.983242, 0.977966
0.977966, 0.971979, 0.95869, 0.942895, 0.933566
0.933566, 0.923558, 0.902747, 0.879575, 0.86642
0.86642, 0.852635, 0.824808, 0.794824, 0.778164
0.778164, 0.760938, 0.726773, 0.690708, 0.670948
0.670948, 0.650701, 0.611031, 0.569763, 0.547386
0.547386, 0.52461, 0.480401, 0.434936, 0.410486
0.410486, 0.385737, 0.338067, 0.289512, 0.263585
0.263585, 0.237466, 0.187496, 0.137035, 0.110262
0.110262, 0.0834099, 0.0323564, -0.0187816, -0.0457469
-0.045747, -0.072679, -0.123571, -0.17414, -0.200642
-0.200642, -0.226997, -0.276488, -0.325256, -0.350648
-0.350648, -0.375784, -0.422669, -0.468448, -0.492111
-0.492111, -0.515416, -0.558551, -0.600225, -0.621584
-0.621584, -0.64249, -0.680825, -0.717379, -0.735912
-0.735912, -0.75391, -0.78651, -0.817054, -0.83231
-0.83231, -0.846961, -0.873033, -0.896822, -0.90843
-0.90843, -0.919377, -0.938285, -0.954739, -0.962416
-0.962416, -0.969392, -0.980676, -0.989395, -0.992954
-0.992954, -0.995789, -0.999174, -0.999945, -0.999298
-0.999298, -0.997924, -0.993327, -0.986132, -0.981296
-0.981296, -0.975745, -0.963278, -0.948292, -0.939384
-0.939384, -0.929793, -0.90976, -0.887347, -0.874585
-0.874585, -0.861187, -0.834075, -0.804783, -0.788478
-0.788478, -0.771598, -0.73807, -0.702611, -0.683159
-0.683159, -0.66321, -0.624081, -0.58332, -0.561196
-0.561196, -0.538663, -0.494887, -0.449817, -0.425559
-0.425559, -0.400992, -0.353635, -0.305354, -0.279554
-0.279554, -0.253551, -0.203768, -0.153451, -0.126738
-0.126738, -0.0999325, -0.0489352, 0.00219008, 0.0291661
0.0291661, 0.0561209, 0.10709, 0.157778, 0.18436
0.18436, 0.210807, 0.260505, 0.309522, 0.335061
0.335061, 0.360357, 0.407574, 0.453724, 0.477599
0.477599, 0.501127, 0.544712, 0.586872, 0.608501
0.608501, 0.629687, 0.668578, 0.705721, 0.724577
0.724577, 0.742905, 0.776155, 0.807375, 0.822999
0.822999, 0.838023, 0.864822, 0.889358, 0.901369
0.901369, 0.912723, 0.932417, 0.949673, 0.957778
0.957778, 0.965185, 0.977295, 0.986849, 0.990851
0.990851, 0.994131, 0.998362, 0.999981, 0.999782
0.999782, 0.998855, 0.995104, 0.98875, 0.984355
0.984355, 0.979243, 0.9676, 0.953427, 0.944944
0.944944, 0.935772, 0.916522, 0.894876, 0.88251
0.88251, 0.869502, 0.843114, 0.814521, 0.798574
0.798574, 0.782046, 0.749163, 0.71432, 0.695182
0.695182, 0.675537, 0.636959, 0.596716, 0.574851

-0.970366, -0.976532, -0.986265, -0.99342, -0.996147
-0.996148, -0.998151, -0.999953, -0.99914, -0.997659
-0.997658, -0.99545, -0.989278, -0.980518, -0.974862
-0.974862, -0.968496, -0.954499, -0.938005, -0.928313
-0.928313, -0.917945, -0.896464, -0.872639, -0.859147
-0.859147, -0.845029, -0.816588, -0.786011, -0.769048
-0.769048, -0.751525, -0.716816, -0.680233, -0.660211
-0.660211, -0.639709, -0.599579, -0.557881, -0.535289
-0.535289, -0.512308, -0.467734, -0.421937, -0.397325
-0.397325, -0.372424, -0.324493, -0.275712, -0.24968
-0.24968, -0.223467, -0.173345, -0.12277, -0.0959523
-0.0959523, -0.069065, -0.0179742, 0.0331636, 0.0601136
0.0601136, 0.0870198, 0.137835, 0.188289, 0.214715
0.214715, 0.240984, 0.290285, 0.338827, 0.364085
0.364085, 0.389078, 0.435663, 0.481109, 0.504584
0.504584, 0.527691, 0.570426, 0.61167, 0.632789
0.632789, 0.653448, 0.691291, 0.727327, 0.745577
0.745577, 0.763283, 0.795314, 0.825264, 0.840199
0.840199, 0.854522, 0.879958, 0.903094, 0.91435
0.91435, 0.924941, 0.943164, 0.95892, 0.966224
0.966224, 0.972824, 0.983389, 0.991382, 0.994556
0.994556, 0.997005, 0.999655, 0.999691, 0.998656
0.998656, 0.996894, 0.991565, 0.983642, 0.978425
0.978424, 0.972495, 0.959316, 0.943627, 0.934354
0.934354, 0.924401, 0.903693, 0.880622, 0.867519
0.867519, 0.853785, 0.826053, 0.79616, 0.779547
0.779547, 0.762367, 0.728286, 0.692301, 0.672582
0.672582, 0.652374, 0.612775, 0.571574, 0.54923
0.54923, 0.526487, 0.482335, 0.436921, 0.412496
0.412496, 0.387771, 0.340142, 0.291623, 0.265712
0.265712, 0.239609, 0.189662, 0.139219, 0.112454
0.112454, 0.0856077, 0.0345609, -0.0165762, -0.0435434
-0.0435434, -0.0704789, -0.121382, -0.171968, -0.19848
-0.19848, -0.224848, -0.274368, -0.32317, -0.348581
-0.348581, -0.373739, -0.420669, -0.466498, -0.49019
-0.49019, -0.513525, -0.55672, -0.59846, -0.619854
-0.619854, -0.640798, -0.679207, -0.71584, -0.734417
-0.734417, -0.752459, -0.785146, -0.81578, -0.831086
-0.831086, -0.845786, -0.871955, -0.895844, -0.907506
-0.907506, -0.918507, -0.93752, -0.954081, -0.961815
-0.961815, -0.968848, -0.980242, -0.989072, -0.99269
-0.99269, -0.995584, -0.999081, -0.999966, -0.999378
-0.999378, -0.998064, -0.993579, -0.986495, -0.981718
-0.981718, -0.976226, -0.963868, -0.94899, -0.940138
-0.940138, -0.930602, -0.910673, -0.888362, -0.875653
-0.875653, -0.862306, -0.83529, -0.80609, -0.789832
-0.789832, -0.772999, -0.739556, -0.704179, -0.684768
-0.684768, -0.664859, -0.625803, -0.58511, -0.56302
-0.56302, -0.54052, -0.496802, -0.451785, -0.427554
-0.427554, -0.403012, -0.355698, -0.307453, -0.281671
-0.281671, -0.255684, -0.205927, -0.15563, -0.128926
-0.128926, -0.102127, -0.0511382, -1.5665e-05, 0.0269612
0.0269613, 0.0539185, 0.104896, 0.1556, 0.182191
0.182191, 0.20865, 0.258375, 0.307424, 0.332982
0.332982, 0.358298, 0.405558, 0.451757, 0.47566
0.47566, 0.499217, 0.542861, 0.585085, 0.606749
0.606749, 0.627972, 0.666936, 0.704156, 0.723055
0.723055, 0.741427, 0.774763, 0.806072, 0.821744
0.821744, 0.836818, 0.863712, 0.888348, 0.900412
0.900412, 0.91182, 0.931618, 0.94898, 0.957141
0.957141, 0.964606, 0.976825, 0.98649, 0.990551
0.990551, 0.99389, 0.998233, 0.999965, 0.999826
0.999826, 0.998958, 0.995319, 0.989077, 0.984741
0.984741, 0.979688, 0.968155, 0.95409, 0.945663

-0.643863, -0.66427, -0.701615, -0.737125, -0.755087
-0.755087, -0.772499, -0.803952, -0.833303, -0.847913
-0.847913, -0.861906, -0.886702, -0.909178, -0.920081
-0.920081, -0.930314, -0.947847, -0.962902, -0.969831
-0.969831, -0.976054, -0.985899, -0.993164, -0.995952
-0.995952, -0.998014, -0.999929, -0.999229, -0.997807
-0.997807, -0.995658, -0.989597, -0.980949, -0.975351
-0.975351, -0.969043, -0.955154, -0.938768, -0.929131
-0.929131, -0.918818, -0.89744, -0.873714, -0.860274
-0.860274, -0.846207, -0.817859, -0.787373, -0.770456
-0.770456, -0.752978, -0.718352, -0.681848, -0.661866
-0.661866, -0.641403, -0.601343, -0.55971, -0.537151
-0.537151, -0.514201, -0.469682, -0.423935, -0.399348
-0.399348, -0.374471, -0.326578, -0.277832, -0.251816
-0.251816, -0.225616, -0.175517, -0.124959, -0.0981477
-0.0981477, -0.0712653, -0.0201796, 0.0309589, 0.0579117
0.0579117, 0.0848222, 0.13565, 0.186122, 0.21256
0.21256, 0.238843, 0.288174, 0.336751, 0.362029
0.362029, 0.387045, 0.433677, 0.479174, 0.502678
0.502678, 0.525816, 0.568613, 0.609923, 0.63108
0.63108, 0.651776, 0.689696, 0.725812, 0.744105
0.744105, 0.761856, 0.793975, 0.824016, 0.839001
0.839001, 0.853374, 0.878909, 0.902144, 0.913455
0.913455, 0.9241, 0.942428, 0.958292, 0.965653
0.965653, 0.972311, 0.982986, 0.991091, 0.994323
0.994323, 0.996832, 0.999595, 0.999743, 0.998768
0.998768, 0.997066, 0.991848, 0.984037, 0.978878
0.978878, 0.973006, 0.959936, 0.944355, 0.935138
0.935138, 0.92524, 0.904635, 0.881665, 0.868614
0.868614, 0.854931, 0.827294, 0.797493, 0.780927
0.780927, 0.763792, 0.729796, 0.693891, 0.674213
0.674213, 0.654044, 0.614517, 0.573383, 0.551072
0.551072, 0.528361, 0.484266, 0.438904, 0.414505
0.414505, 0.389804, 0.342215, 0.293732, 0.267838
0.267838, 0.241749, 0.191827, 0.141403, 0.114646
0.114646, 0.0878052, 0.0367653, -0.0143707, -0.0413396
-0.0413396, -0.0682784, -0.119192, -0.169795, -0.196318
-0.196318, -0.222698, -0.272246, -0.321082, -0.346513
-0.346513, -0.371693, -0.418666, -0.464545, -0.488266
-0.488266, -0.511631, -0.554886, -0.596691, -0.618122
-0.618122, -0.639103, -0.677587, -0.714299, -0.732918
-0.732918, -0.751004, -0.783778, -0.814503, -0.829857
-0.829857, -0.844607, -0.870873, -0.894862, -0.906577
-0.906577, -0.917632, -0.93675, -0.953418, -0.961209
-0.961209, -0.9683, -0.979804, -0.988745, -0.992421
-0.992421, -0.995375, -0.998985, -0.999982, -0.999454
-0.999454, -0.998198, -0.993826, -0.986854, -0.982135
-0.982135, -0.976701, -0.964453, -0.949683, -0.940888
-0.940888, -0.931408, -0.911582, -0.889373, -0.876716
-0.876716, -0.863421, -0.836501, -0.807394, -0.791183
-0.791183, -0.774397, -0.741039, -0.705743, -0.686374
-0.686374, -0.666505, -0.627522, -0.586897, -0.564842
-0.564842, -0.542375, -0.498716, -0.453752, -0.429547
-0.429547, -0.405029, -0.357758, -0.309552, -0.283787
-0.283787, -0.257816, -0.208085, -0.157809, -0.131113
-0.131113, -0.104321, -0.0533409, -0.00222141, 0.0247562
0.0247562, 0.0517159, 0.102702, 0.15342, 0.180022
0.180022, 0.206493, 0.256243, 0.305324, 0.330902
0.330902, 0.356238, 0.403541, 0.449789, 0.473719
0.473719, 0.497304, 0.541007, 0.583294, 0.604994
0.604994, 0.626254, 0.665291, 0.702588, 0.721529
0.721529, 0.739945, 0.773366, 0.804764, 0.820485
0.820485, 0.835608, 0.862598, 0.887333, 0.89945
0.89945, 0.910912, 0.930814, 0.948282, 0.9565

-0.0722679, -0.099148, -0.149889, -0.200238, -0.226596
-0.226596, -0.252788, -0.30192, -0.350262, -0.375402
-0.375402, -0.40027, -0.446595, -0.491752, -0.515063
-0.515063, -0.537999, -0.580389, -0.621261, -0.642174
-0.642174, -0.66262, -0.700042, -0.735633, -0.753639
-0.753639, -0.771096, -0.802639, -0.832082, -0.846742
-0.846742, -0.860786, -0.88568, -0.908258, -0.919215
-0.919215, -0.929502, -0.947142, -0.962304, -0.969291
-0.969291, -0.975572, -0.985527, -0.992905, -0.995751
-0.995751, -0.997873, -0.999901, -0.999314, -0.99795
-0.99795, -0.995861, -0.989912, -0.981375, -0.975835
-0.975835, -0.969585, -0.955805, -0.939525, -0.929944
-0.929944, -0.919687, -0.898411, -0.874785, -0.861396
-0.861396, -0.84738, -0.819127, -0.788731, -0.77186
-0.77186, -0.754428, -0.719885, -0.68346, -0.663518
-0.663518, -0.643094, -0.603104, -0.561537, -0.53901
-0.53901, -0.516092, -0.471629, -0.425932, -0.40137
-0.40137, -0.376515, -0.328662, -0.27995, -0.25395
-0.25395, -0.227765, -0.177688, -0.127147, -0.100343
-0.100343, -0.0734652, -0.0223848, 0.0287542, 0.0557095
0.0557095, 0.0826242, 0.133464, 0.183955, 0.210404
0.210404, 0.236701, 0.286061, 0.334673, 0.359972
0.359972, 0.38501, 0.431688, 0.477237, 0.50077
0.50077, 0.523939, 0.566797, 0.608174, 0.629367
0.629367, 0.650102, 0.688097, 0.724293, 0.74263
0.74263, 0.760426, 0.792632, 0.822765, 0.837798
0.837798, 0.852222, 0.877854, 0.90119, 0.912555
0.912555, 0.923255, 0.941688, 0.957659, 0.965077
0.965077, 0.971793, 0.982579, 0.990795, 0.994086
0.994086, 0.996654, 0.999529, 0.999791, 0.998875
0.998875, 0.997232, 0.992127, 0.984427, 0.979326
0.979326, 0.973513, 0.960552, 0.945078, 0.935917
0.935917, 0.926075, 0.905573, 0.882704, 0.869705
0.869705, 0.856073, 0.828531, 0.798822, 0.782303
0.782303, 0.765214, 0.731302, 0.695478, 0.67584
0.67584, 0.655711, 0.616256, 0.575188, 0.552911
0.552911, 0.530232, 0.486194, 0.440885, 0.416511
0.416511, 0.391834, 0.344287, 0.29584, 0.269963
0.269963, 0.243889, 0.193992, 0.143586, 0.116837
0.116837, 0.0900022, 0.0389695, -0.0121652, -0.0391357
-0.0391357, -0.0660777, -0.117002, -0.16762, -0.194155
-0.194155, -0.220548, -0.270123, -0.318992, -0.344443
-0.344443, -0.369644, -0.416662, -0.462591, -0.48634
-0.48634, -0.509734, -0.55305, -0.59492, -0.616387
-0.616387, -0.637405, -0.675963, -0.712753, -0.731416
-0.731416, -0.749546, -0.782406, -0.813221, -0.828624
-0.828624, -0.843425, -0.869787, -0.893875, -0.905644
-0.905644, -0.916754, -0.935976, -0.95275, -0.960598
-0.960598, -0.967746, -0.97936, -0.988412, -0.992148
-0.992148, -0.995161, -0.998883, -0.999993, -0.999524
-0.999524, -0.998328, -0.994068, -0.987208, -0.982548
-0.982548, -0.977172, -0.965034, -0.950371, -0.941632
-0.941632, -0.932208, -0.912487, -0.890379, -0.877775
-0.877775, -0.864531, -0.837708, -0.808693, -0.79253
-0.79253, -0.77579, -0.742518, -0.707304, -0.687976
-0.687976, -0.668148, -0.629238, -0.588682, -0.56666
-0.56666, -0.544226, -0.500626, -0.455717, -0.431538
-0.431538, -0.407045, -0.359817, -0.311648, -0.285901
-0.285901, -0.259946, -0.210241, -0.159987, -0.133299
-0.133299, -0.106514, -0.0555434, -0.00442714, 0.0225511
0.0225511, 0.049513, 0.100508, 0.15124, 0.177852
0.177852, 0.204334, 0.254111, 0.303223, 0.328819
0.328819, 0.354176, 0.401522, 0.447817, 0.471775
0.471775, 0.49539, 0.53915, 0.581501, 0.603237

0.526837, 0.503716, 0.458894, 0.412872, 0.388151
0.388151, 0.363148, 0.315041, 0.26611, 0.240009
0.240009, 0.213733, 0.163512, 0.112864, 0.0860183
0.0860183, 0.0591101, 0.00799967, -0.0431317, -0.0700678
-0.0700678, -0.0969529, -0.147708, -0.198076, -0.224447
-0.224447, -0.250654, -0.299816, -0.348195, -0.373357
-0.373357, -0.398247, -0.44462, -0.48983, -0.513171
-0.513171, -0.536138, -0.578591, -0.619531, -0.640482
-0.640482, -0.660966, -0.698465, -0.734137, -0.752187
-0.752187, -0.76969, -0.801321, -0.830857, -0.845566
-0.845566, -0.859661, -0.884653, -0.907333, -0.918344
-0.918344, -0.928687, -0.946432, -0.961702, -0.968746
-0.968746, -0.975085, -0.985151, -0.99264, -0.995546
-0.995546, -0.997727, -0.999867, -0.999393, -0.998089
-0.998089, -0.996059, -0.990222, -0.981796, -0.976315
-0.976315, -0.970123, -0.956451, -0.940279, -0.930753
-0.930753, -0.92055, -0.899377, -0.875852, -0.862514
-0.862514, -0.848549, -0.82039, -0.790085, -0.773261
-0.773261, -0.755873, -0.721414, -0.685068, -0.665167
-0.665167, -0.644781, -0.604862, -0.563361, -0.540867
-0.540867, -0.51798, -0.473572, -0.427927, -0.403389
-0.403389, -0.378557, -0.330745, -0.282067, -0.256083
-0.256083, -0.229912, -0.179858, -0.129334, -0.102537
-0.102537, -0.0756648, -0.0245899, 0.0265493, 0.053507
0.053507, 0.0804258, 0.131278, 0.181786, 0.208247
0.208247, 0.234557, 0.283947, 0.332594, 0.357914
0.357914, 0.382973, 0.429697, 0.475298, 0.49886
0.49886, 0.522059, 0.564979, 0.606422, 0.627651
0.627651, 0.648424, 0.686495, 0.72277, 0.741151
0.741151, 0.758991, 0.791285, 0.821509, 0.836592
0.836592, 0.851066, 0.876796, 0.900232, 0.911651
0.911651, 0.922405, 0.940944, 0.957022, 0.964497
0.964497, 0.971271, 0.982167, 0.990494, 0.993844
0.993844, 0.996471, 0.999459, 0.999833, 0.998977
0.998977, 0.997394, 0.992401, 0.984812, 0.97977
0.97977, 0.974015, 0.961163, 0.945797, 0.936692
0.936692, 0.926905, 0.906507, 0.883738, 0.870792
0.870792, 0.857211, 0.829764, 0.800147, 0.783675
0.783675, 0.766632, 0.732805, 0.697061, 0.677464
0.677464, 0.657375, 0.617991, 0.576991, 0.554748
0.554748, 0.532101, 0.488121, 0.442864, 0.418515
0.418515, 0.393862, 0.346357, 0.297946, 0.272086
0.272086, 0.246028, 0.196155, 0.145769, 0.119027
0.119027, 0.0921988, 0.0411734, -0.00995958, -0.0369315
-0.0369315, -0.0638766, -0.114811, -0.165446, -0.19199
-0.19199, -0.218396, -0.267999, -0.3169, -0.342372
-0.342372, -0.367594, -0.414656, -0.460634, -0.484411
-0.484411, -0.507835, -0.551211, -0.593145, -0.614648
-0.614648, -0.635704, -0.674336, -0.711204, -0.72991
-0.72991, -0.748084, -0.781031, -0.811935, -0.827387
-0.827387, -0.842237, -0.868697, -0.892884, -0.904706
-0.904706, -0.91587, -0.935197, -0.952078, -0.959983
-0.959983, -0.967188, -0.978912, -0.988075, -0.991869
-0.991869, -0.994941, -0.998776, -0.999999, -0.99959
-0.99959, -0.998453, -0.994306, -0.987558, -0.982956
-0.982956, -0.977639, -0.96561, -0.951055, -0.942373
-0.942373, -0.933004, -0.913387, -0.891381, -0.878829
-0.878829, -0.865638, -0.83891, -0.809989, -0.793873
-0.793873, -0.77718, -0.743994, -0.708862, -0.689575
-0.689575, -0.669787, -0.63095, -0.590463, -0.568476
-0.568476, -0.546076, -0.502534, -0.457679, -0.433527
-0.433527, -0.409059, -0.361874, -0.313743, -0.288014
-0.288014, -0.262076, -0.212397, -0.162164, -0.135485
-0.135485, -0.108707, -0.0577456, -0.00663286, 0.0203459

0.925396, 0.914836, 0.892995, 0.868818, 0.855145
0.855145, 0.840849, 0.812079, 0.781184, 0.764058
0.764058, 0.746376, 0.711377, 0.674517, 0.654356
0.654356, 0.633718, 0.593343, 0.551416, 0.52871
0.52871, 0.50562, 0.460852, 0.41488, 0.390183
0.390183, 0.365203, 0.317134, 0.268235, 0.242149
0.242149, 0.215887, 0.165688, 0.115055, 0.0882157
0.0882157, 0.0613118, 0.0102053, -0.0409279, -0.0678673
-0.0678673, -0.0947573, -0.145526, -0.195914, -0.222297
-0.222297, -0.248518, -0.297711, -0.346127, -0.37131
-0.37131, -0.396223, -0.442643, -0.487906, -0.511277
-0.511277, -0.534275, -0.576791, -0.617798, -0.638786
-0.638786, -0.659309, -0.696885, -0.732638, -0.750732
-0.750732, -0.76828, -0.8, -0.829627, -0.844387
-0.844387, -0.858532, -0.883623, -0.906403, -0.917469
-0.917469, -0.927866, -0.945717, -0.961095, -0.968197
-0.968197, -0.974594, -0.98477, -0.99237, -0.995335
-0.995335, -0.997576, -0.999829, -0.999467, -0.998223
-0.998223, -0.996252, -0.990528, -0.982213, -0.97679
-0.97679, -0.970656, -0.957093, -0.941027, -0.931557
-0.931557, -0.92141, -0.900339, -0.876914, -0.863628
-0.863628, -0.849714, -0.821649, -0.791435, -0.774657
-0.774657, -0.757316, -0.72294, -0.686674, -0.666812
-0.666812, -0.646466, -0.606617, -0.565182, -0.542721
-0.542721, -0.519865, -0.475514, -0.429919, -0.405406
-0.405406, -0.380598, -0.332825, -0.284182, -0.258214
-0.258214, -0.232058, -0.182028, -0.131521, -0.104731
-0.104731, -0.0778641, -0.026795, 0.0243443, 0.0513043
0.0513043, 0.078227, 0.129091, 0.179617, 0.206089
0.206089, 0.232412, 0.281831, 0.330513, 0.355853
0.355853, 0.380935, 0.427705, 0.473356, 0.496947
0.496947, 0.520176, 0.563157, 0.604666, 0.625933
0.625933, 0.646744, 0.684889, 0.721244, 0.739668
0.739668, 0.757553, 0.789934, 0.820249, 0.835382
0.835382, 0.849906, 0.875733, 0.89927, 0.910742
0.910742, 0.921551, 0.940195, 0.95638, 0.963912
0.963912, 0.970743, 0.981749, 0.990188, 0.993598
0.993598, 0.996284, 0.999384, 0.999871, 0.999074
0.999074, 0.99755, 0.99267, 0.985193, 0.980209
0.980209, 0.974512, 0.961769, 0.946511, 0.937462
0.937462, 0.92773, 0.907436, 0.884768, 0.871874
0.871874, 0.858345, 0.830993, 0.801468, 0.785043
0.785043, 0.768047, 0.734304, 0.698641, 0.679085
0.679085, 0.659035, 0.619724, 0.578792, 0.556582
0.556582, 0.533967, 0.490045, 0.44484, 0.420518
0.420518, 0.395889, 0.348425, 0.300051, 0.274208
0.274208, 0.248165, 0.198317, 0.147951, 0.121217
0.121217, 0.0943949, 0.0433772, -0.00775393, -0.0347272
-0.0347272, -0.0616752, -0.11262, -0.16327, -0.189825
-0.189825, -0.216243, -0.265873, -0.314808, -0.340298
-0.340298, -0.365541, -0.412648, -0.458675, -0.48248
-0.48248, -0.505934, -0.549369, -0.591368, -0.612907
-0.612907, -0.634, -0.672705, -0.709652, -0.7284
-0.7284, -0.746618, -0.779652, -0.810646, -0.826147
-0.826147, -0.841046, -0.867602, -0.891889, -0.903764
-0.903764, -0.914982, -0.934414, -0.951401, -0.959362
-0.959362, -0.966626, -0.978459, -0.987733, -0.991586
-0.991586, -0.994717, -0.998665, -1, -0.999651
-0.999651, -0.998574, -0.994538, -0.987902, -0.983359
-0.983359, -0.9781, -0.966181, -0.951735, -0.943108
-0.943108, -0.933796, -0.914283, -0.892379, -0.879879
-0.879879, -0.86674, -0.840109, -0.81128, -0.795213
-0.795213, -0.778566, -0.745466, -0.710416, -0.691171
-0.691171, -0.671424, -0.63266, -0.592242, -0.57029

0.971696, 0.977715, 0.987169, 0.994041, 0.99662
0.99662, 0.998474, 0.999992, 0.998894, 0.997263
0.997263, 0.994905, 0.98845, 0.97941, 0.973607
0.973607, 0.967096, 0.952825, 0.936062, 0.92623
0.92623, 0.915724, 0.893985, 0.869908, 0.856286
0.856286, 0.842041, 0.813364, 0.78256, 0.76548
0.76548, 0.747842, 0.712925, 0.676144, 0.656022
0.656022, 0.635423, 0.595117, 0.553255, 0.530581
0.530581, 0.507522, 0.462809, 0.416886, 0.392213
0.392213, 0.367255, 0.319225, 0.27036, 0.244289
0.244289, 0.21804, 0.167863, 0.117246, 0.0904126
0.0904126, 0.0635133, 0.0124109, -0.0387239, -0.0656665
-0.0656665, -0.0925612, -0.143343, -0.19375, -0.220146
-0.220146, -0.246381, -0.295605, -0.344056, -0.369261
-0.369261, -0.394197, -0.440664, -0.485979, -0.50938
-0.50938, -0.532409, -0.574987, -0.616062, -0.637087
-0.637087, -0.657649, -0.695301, -0.731135, -0.749273
-0.749273, -0.766866, -0.798674, -0.828393, -0.843203
-0.843203, -0.857399, -0.882588, -0.905469, -0.916589
-0.916589, -0.927041, -0.944998, -0.960483, -0.967642
-0.967642, -0.974097, -0.984384, -0.992096, -0.99512
-0.99512, -0.99742, -0.999786, -0.999537, -0.998352
-0.998352, -0.996441, -0.990828, -0.982624, -0.97726
-0.97726, -0.971184, -0.95773, -0.941771, -0.932357
-0.932357, -0.922265, -0.901297, -0.877972, -0.864738
-0.864738, -0.850875, -0.822904, -0.792782, -0.77605
-0.77605, -0.758754, -0.724462, -0.688275, -0.668455
-0.668455, -0.648147, -0.608369, -0.567, -0.544572
-0.544572, -0.521748, -0.477453, -0.43191, -0.407422
-0.407422, -0.382637, -0.334905, -0.286296, -0.260344
-0.260344, -0.234203, -0.184196, -0.133707, -0.106924
-0.106924, -0.0800629, -0.0289998, 0.0221391, 0.0491013
0.0491013, 0.0760278, 0.126903, 0.177446, 0.20393
0.20393, 0.230266, 0.279714, 0.32843, 0.353791
0.353791, 0.378894, 0.42571, 0.471412, 0.495032
0.495032, 0.518291, 0.561333, 0.602908, 0.624211
0.624211, 0.64506, 0.68328, 0.719714, 0.738182
0.738182, 0.756112, 0.78858, 0.818986, 0.834167
0.834167, 0.848742, 0.874666, 0.898303, 0.909829
0.909829, 0.920693, 0.939441, 0.955733, 0.963323
0.963323, 0.970211, 0.981328, 0.989877, 0.993346
0.993346, 0.996091, 0.999304, 0.999904, 0.999167
0.999167, 0.997702, 0.992934, 0.985569, 0.980644
0.980644, 0.975005, 0.962371, 0.947221, 0.938227
0.938227, 0.928551, 0.90836, 0.885794, 0.872952
0.872952, 0.859475, 0.832218, 0.802785, 0.786408
0.786408, 0.769458, 0.7358, 0.700217, 0.680703
0.680703, 0.660693, 0.621453, 0.580589, 0.558413
0.558413, 0.535831, 0.491966, 0.446815, 0.422518
0.422518, 0.397913, 0.350492, 0.302154, 0.276328
0.276328, 0.250301, 0.200479, 0.150132, 0.123406
0.123406, 0.0965906, 0.0455808, -0.00554823, -0.0325227
-0.0325227, -0.0594735, -0.110428, -0.161093, -0.187659
-0.187659, -0.214089, -0.263746, -0.312713, -0.338223
-0.338223, -0.363487, -0.410638, -0.456714, -0.480547
-0.480547, -0.50403, -0.547525, -0.589588, -0.611162
-0.611162, -0.632292, -0.671072, -0.708096, -0.726887
-0.726887, -0.745149, -0.778268, -0.809352, -0.824902
-0.824902, -0.839851, -0.866503, -0.890889, -0.902818
-0.902818, -0.91409, -0.933626, -0.950719, -0.958738
-0.958738, -0.966058, -0.978001, -0.987386, -0.991298
-0.991298, -0.994489, -0.998548, -0.999996, -0.999706
-0.999706, -0.998689, -0.994766, -0.988242, -0.983757
-0.983757, -0.978557, -0.966747, -0.952409, -0.943839

0.64811, 0.668419, 0.705569, 0.740874, 0.758723
0.758723, 0.77602, 0.807249, 0.836366, 0.85085
0.85085, 0.864714, 0.88926, 0.911481, 0.922246
0.922246, 0.93234, 0.949606, 0.964388, 0.971172
0.971172, 0.97725, 0.986814, 0.993799, 0.996437
0.996437, 0.998349, 0.99998, 0.998996, 0.997423
0.997423, 0.995125, 0.988782, 0.979853, 0.974108
0.974108, 0.967655, 0.953492, 0.936836, 0.927059
0.927059, 0.916608, 0.894971, 0.870994, 0.857424
0.857424, 0.843229, 0.814645, 0.783931, 0.766897
0.766897, 0.749305, 0.71447, 0.677768, 0.657685
0.657685, 0.637125, 0.596888, 0.555091, 0.53245
0.53245, 0.509421, 0.464763, 0.41889, 0.394241
0.394241, 0.369306, 0.321314, 0.272482, 0.246427
0.246427, 0.220193, 0.170037, 0.119436, 0.0926091
0.0926091, 0.0657144, 0.0146165, -0.0365197, -0.0634653
-0.0634653, -0.0903647, -0.14116, -0.191586, -0.217993
-0.217993, -0.244242, -0.293497, -0.341984, -0.36721
-0.36721, -0.392169, -0.438683, -0.484051, -0.50748
-0.50748, -0.530541, -0.573181, -0.614323, -0.635386
-0.635386, -0.655986, -0.693714, -0.729628, -0.74781
-0.74781, -0.765449, -0.797345, -0.827156, -0.842015
-0.842015, -0.856262, -0.881549, -0.904531, -0.915705
-0.915705, -0.926212, -0.944274, -0.959867, -0.967084
-0.967084, -0.973596, -0.983993, -0.991817, -0.9949
-0.9949, -0.997259, -0.999738, -0.999602, -0.998476
-0.998476, -0.996624, -0.991124, -0.983031, -0.977725
-0.977725, -0.971707, -0.958362, -0.94251, -0.933152
-0.933152, -0.923115, -0.90225, -0.879026, -0.865844
-0.865844, -0.852032, -0.824156, -0.794124, -0.77744
-0.77744, -0.760189, -0.725981, -0.689874, -0.670093
-0.670093, -0.649825, -0.610118, -0.568815, -0.546421
-0.546421, -0.523629, -0.47939, -0.433898, -0.409435
-0.409435, -0.384674, -0.336982, -0.288409, -0.262473
-0.262473, -0.236347, -0.186364, -0.135893, -0.109117
-0.109117, -0.0822614, -0.0312046, 0.0199338, 0.0468981
0.0468981, 0.0738283, 0.124715, 0.175275, 0.201771
0.201771, 0.228119, 0.277596, 0.326346, 0.351727
0.351727, 0.376852, 0.423713, 0.469465, 0.493114
0.493114, 0.516403, 0.559507, 0.601147, 0.622486
0.622486, 0.643373, 0.681668, 0.718181, 0.736692
0.736692, 0.754666, 0.787222, 0.817718, 0.832949
0.832949, 0.847573, 0.873595, 0.897331, 0.908911
0.908911, 0.919829, 0.938683, 0.955082, 0.962728
0.962728, 0.969675, 0.980901, 0.989562, 0.993089
0.993089, 0.995894, 0.99922, 0.999932, 0.999254
0.999254, 0.997849, 0.993193, 0.98594, 0.981073
0.981073, 0.975492, 0.962968, 0.947925, 0.938988
0.938988, 0.929368, 0.909281, 0.886815, 0.874026
0.874026, 0.8606, 0.833439, 0.804098, 0.787768
0.787768, 0.770864, 0.737291, 0.70179, 0.682317
0.682317, 0.662347, 0.62318, 0.582383, 0.560241
0.560241, 0.537692, 0.493885, 0.448787, 0.424516
0.424516, 0.399936, 0.352557, 0.304256, 0.278448
0.278447, 0.252436, 0.202639, 0.152312, 0.125595
0.125595, 0.0987857, 0.0477841, -0.0033425, -0.030318
-0.0303181, -0.0572715, -0.108235, -0.158916, -0.185492
-0.185492, -0.211933, -0.261618, -0.310617, -0.336147
-0.336147, -0.361432, -0.408626, -0.454751, -0.478612
-0.478612, -0.502124, -0.545678, -0.587805, -0.609415
-0.609415, -0.630582, -0.669435, -0.706537, -0.725371
-0.725371, -0.743676, -0.776881, -0.808055, -0.823653
-0.823653, -0.838652, -0.8654, -0.889885, -0.901867
-0.901867, -0.913194, -0.932833, -0.950033, -0.958108

0.0778161, 0.104683, 0.155388, 0.205686, 0.232011
0.232011, 0.258168, 0.30722, 0.355468, 0.380554
0.380554, 0.405362, 0.451566, 0.496589, 0.519824
0.519824, 0.54268, 0.584911, 0.625611, 0.646429
0.646429, 0.666777, 0.704004, 0.739391, 0.757284
0.757284, 0.774627, 0.805945, 0.835155, 0.849689
0.849689, 0.863604, 0.888249, 0.910572, 0.921391
0.921391, 0.93154, 0.948912, 0.963802, 0.970644
0.970644, 0.976779, 0.986455, 0.993551, 0.996248
0.996248, 0.99822, 0.999964, 0.999092, 0.997579
0.997579, 0.99534, 0.989109, 0.980291, 0.974604
0.974604, 0.968209, 0.954155, 0.937605, 0.927884
0.927884, 0.917488, 0.895953, 0.872076, 0.858557
0.858557, 0.844413, 0.815922, 0.785298, 0.768311
0.768311, 0.750764, 0.716012, 0.679388, 0.659345
0.659345, 0.638823, 0.598656, 0.556924, 0.534315
0.534315, 0.511318, 0.466715, 0.420892, 0.396267
0.396267, 0.371355, 0.323402, 0.274604, 0.248564
0.248564, 0.222344, 0.17221, 0.121626, 0.0948052
0.0948051, 0.0679152, 0.016822, -0.0343153, -0.0612639
-0.0612639, -0.0881678, -0.138976, -0.189421, -0.21584
-0.21584, -0.242103, -0.291388, -0.339911, -0.365158
-0.365158, -0.390139, -0.4367, -0.482119, -0.505578
-0.505578, -0.52867, -0.571372, -0.612581, -0.633681
-0.633681, -0.65432, -0.692124, -0.728118, -0.746344
-0.746344, -0.764027, -0.796012, -0.825914, -0.840823
-0.840823, -0.85512, -0.880505, -0.903588, -0.914816
-0.914816, -0.925378, -0.943546, -0.959246, -0.96652
-0.96652, -0.97309, -0.983598, -0.991533, -0.994675
-0.994675, -0.997093, -0.999685, -0.999661, -0.998596
-0.998596, -0.996803, -0.991415, -0.983434, -0.978186
-0.978186, -0.972226, -0.95899, -0.943245, -0.933943
-0.933943, -0.923961, -0.903199, -0.880075, -0.866945
-0.866945, -0.853184, -0.825403, -0.795463, -0.778825
-0.778825, -0.761621, -0.727496, -0.691469, -0.671729
-0.671729, -0.6515, -0.611864, -0.570628, -0.548267
-0.548267, -0.525506, -0.481325, -0.435884, -0.411446
-0.411446, -0.386709, -0.339058, -0.29052, -0.264601
-0.264601, -0.23849, -0.18853, -0.138078, -0.111309
-0.111309, -0.0844595, -0.0334092, 0.0177285, 0.0446947
0.0446947, 0.0716284, 0.122526, 0.173103, 0.19961
0.19961, 0.225971, 0.275476, 0.32426, 0.349661
0.349661, 0.374808, 0.421714, 0.467517, 0.491194
0.491194, 0.514513, 0.557677, 0.599382, 0.620758
0.620758, 0.641682, 0.680053, 0.716645, 0.735199
0.735199, 0.753217, 0.785859, 0.816446, 0.831726
0.831726, 0.846401, 0.872519, 0.896356, 0.907989
0.907989, 0.918962, 0.93792, 0.954426, 0.96213
0.96213, 0.969133, 0.980469, 0.989242, 0.992828
0.992828, 0.995692, 0.99913, 0.999956, 0.999337
0.999337, 0.997991, 0.993448, 0.986306, 0.981498
0.981498, 0.975975, 0.96356, 0.948626, 0.939745
0.939745, 0.93018, 0.910196, 0.887832, 0.875095
0.875095, 0.861722, 0.834656, 0.805408, 0.789125
0.789125, 0.772268, 0.73878, 0.70336, 0.683928
0.683928, 0.663998, 0.624904, 0.584175, 0.562067
0.562067, 0.53955, 0.495802, 0.450757, 0.426512
0.426512, 0.401957, 0.35462, 0.306357, 0.280565
0.280565, 0.25457, 0.204799, 0.154492, 0.127783
0.127783, 0.10098, 0.0499872, -0.00113676, -0.0281132
-0.0281132, -0.0550693, -0.106042, -0.156738, -0.183324
-0.183324, -0.209777, -0.259488, -0.30852, -0.334069
-0.334069, -0.359374, -0.406611, -0.452785, -0.476674
-0.476674, -0.500215, -0.543828, -0.586019, -0.607665

-0.522099, -0.498901, -0.453943, -0.407798, -0.383017
-0.383018, -0.357959, -0.309755, -0.260742, -0.234604
-0.234604, -0.208294, -0.158021, -0.107334, -0.0804737
-0.0804737, -0.053555, -0.00243584, 0.0486897, 0.0756169
0.0756169, 0.102489, 0.153208, 0.203527, 0.229865
0.229865, 0.256036, 0.30512, 0.353405, 0.378513
0.378513, 0.403345, 0.449597, 0.494673, 0.517938
0.517938, 0.540826, 0.58312, 0.623889, 0.644745
0.644745, 0.665131, 0.702436, 0.737904, 0.755842
0.755842, 0.77323, 0.804637, 0.83394, 0.848524
0.848524, 0.86249, 0.887234, 0.909658, 0.920532
0.920532, 0.930736, 0.948214, 0.963212, 0.970111
0.970111, 0.976304, 0.986091, 0.993298, 0.996055
0.996055, 0.998086, 0.999942, 0.999184, 0.99773
0.99773, 0.99555, 0.989431, 0.980724, 0.975096
0.975096, 0.968758, 0.954813, 0.93837, 0.928704
0.928704, 0.918363, 0.896931, 0.873153, 0.859685
0.859685, 0.845592, 0.817196, 0.786662, 0.769721
0.769721, 0.752219, 0.71755, 0.681005, 0.661002
0.661002, 0.640519, 0.600422, 0.558755, 0.536179
0.536179, 0.513212, 0.468665, 0.422891, 0.398292
0.398292, 0.373402, 0.325489, 0.276724, 0.2507
0.2507, 0.224494, 0.174382, 0.123815, 0.0970007
0.0970007, 0.0701157, 0.0190273, -0.0321108, -0.0590621
-0.0590621, -0.0859704, -0.136791, -0.187254, -0.213686
-0.213686, -0.239962, -0.289277, -0.337836, -0.363103
-0.363103, -0.388107, -0.434715, -0.480186, -0.503674
-0.503674, -0.526796, -0.569561, -0.610836, -0.631973
-0.631973, -0.65265, -0.69053, -0.726604, -0.744874
-0.744874, -0.762602, -0.794675, -0.824669, -0.839627
-0.839627, -0.853974, -0.879458, -0.902641, -0.913923
-0.913923, -0.92454, -0.942813, -0.95862, -0.965952
-0.965952, -0.97258, -0.983197, -0.991244, -0.994445
-0.994445, -0.996923, -0.999627, -0.999716, -0.99871
-0.99871, -0.996977, -0.991701, -0.983831, -0.978642
-0.978642, -0.97274, -0.959612, -0.943976, -0.934729
-0.934729, -0.924802, -0.904144, -0.88112, -0.868043
-0.868043, -0.854333, -0.826646, -0.796797, -0.780207
-0.780207, -0.763048, -0.729008, -0.693061, -0.673361
-0.673361, -0.653172, -0.613607, -0.572438, -0.55011
-0.55011, -0.527382, -0.483257, -0.437868, -0.413456
-0.413456, -0.388742, -0.341132, -0.29263, -0.266728
-0.266728, -0.240631, -0.190696, -0.140262, -0.113501
-0.113501, -0.0866571, -0.0356136, 0.015523, 0.0424911
0.0424911, 0.0694281, 0.120337, 0.17093, 0.197448
0.197448, 0.223822, 0.273355, 0.322173, 0.347594
0.347594, 0.372762, 0.419713, 0.465566, 0.489271
0.489271, 0.512621, 0.555845, 0.597615, 0.619028
0.619028, 0.639989, 0.678434, 0.715105, 0.733702
0.733702, 0.751765, 0.784493, 0.815171, 0.8305
0.8305, 0.845224, 0.871439, 0.895375, 0.907063
0.907063, 0.91809, 0.937153, 0.953765, 0.961526
0.961526, 0.968587, 0.980033, 0.988917, 0.992562
0.992562, 0.995485, 0.999036, 0.999974, 0.999415
0.999415, 0.998129, 0.993697, 0.986667, 0.981918
0.981918, 0.976453, 0.964148, 0.949321, 0.940497
0.940497, 0.930987, 0.911108, 0.888845, 0.876161
0.876161, 0.862839, 0.835869, 0.806713, 0.790478
0.790478, 0.773667, 0.740265, 0.704926, 0.685535
0.685535, 0.665646, 0.626624, 0.585964, 0.56389
0.56389, 0.541406, 0.497716, 0.452725, 0.428506
0.428506, 0.403976, 0.356682, 0.308456, 0.282682
0.282682, 0.256702, 0.206957, 0.156671, 0.12997
0.12997, 0.103175, 0.0521901, 0.00106898, -0.0259083

-0.923273, -0.912575, -0.890477, -0.86605, -0.852247
-0.852248, -0.837825, -0.808819, -0.777699, -0.760457
-0.760457, -0.742662, -0.707456, -0.670399, -0.650138
-0.650138, -0.629404, -0.588855, -0.546766, -0.52398
-0.52398, -0.500812, -0.455908, -0.409811, -0.385054
-0.385054, -0.360017, -0.311852, -0.262871, -0.236747
-0.236747, -0.210451, -0.160198, -0.109527, -0.0826721
-0.0826721, -0.0557575, -0.00464157, 0.0464865, 0.0734173
0.0734173, 0.100295, 0.151028, 0.201367, 0.227718
0.227718, 0.253903, 0.303018, 0.351341, 0.37647
0.37647, 0.401326, 0.447626, 0.492755, 0.51605
0.51605, 0.53897, 0.581327, 0.622164, 0.643057
0.643057, 0.663482, 0.700864, 0.736413, 0.754396
0.754396, 0.77183, 0.803326, 0.832721, 0.847354
0.847354, 0.861372, 0.886214, 0.908739, 0.919668
0.919668, 0.929927, 0.947511, 0.962617, 0.969574
0.969574, 0.975825, 0.985722, 0.993041, 0.995857
0.995857, 0.997947, 0.999916, 0.99927, 0.997876
0.997876, 0.995756, 0.989748, 0.981153, 0.975583
0.975583, 0.969303, 0.955466, 0.93913, 0.92952
0.92952, 0.919233, 0.897904, 0.874226, 0.86081
0.86081, 0.846768, 0.818465, 0.788022, 0.771127
0.771127, 0.753671, 0.719085, 0.682618, 0.662656
0.662656, 0.642211, 0.602184, 0.560583, 0.538039
0.538039, 0.515104, 0.470612, 0.424889, 0.400314
0.400314, 0.375447, 0.327574, 0.278843, 0.252835
0.252835, 0.226642, 0.176554, 0.126004, 0.0991958
0.0991958, 0.0723159, 0.0212326, -0.0299061, -0.0568601
-0.0568601, -0.0837726, -0.134606, -0.185087, -0.211531
-0.211531, -0.23782, -0.287165, -0.335759, -0.361047
-0.361047, -0.386073, -0.432727, -0.47825, -0.501767
-0.501767, -0.52492, -0.567746, -0.609088, -0.630262
-0.630262, -0.650977, -0.688933, -0.725087, -0.743401
-0.743401, -0.761174, -0.793334, -0.823419, -0.838427
-0.838427, -0.852825, -0.878406, -0.901689, -0.913025
-0.913025, -0.923697, -0.942076, -0.95799, -0.965379
-0.965379, -0.972064, -0.982792, -0.99095, -0.994211
-0.994211, -0.996748, -0.999564, -0.999766, -0.99882
-0.99882, -0.997146, -0.991982, -0.984224, -0.979093
-0.979093, -0.973249, -0.960231, -0.944701, -0.935511
-0.935511, -0.925639, -0.905084, -0.882161, -0.869136
-0.869136, -0.855477, -0.827885, -0.798128, -0.781585
-0.781585, -0.764472, -0.730516, -0.694649, -0.674991
-0.674991, -0.654841, -0.615348, -0.574245, -0.551951
-0.551951, -0.529255, -0.485187, -0.43985, -0.415463
-0.415463, -0.390773, -0.343205, -0.294739, -0.268853
-0.268853, -0.242771, -0.192861, -0.142446, -0.115692
-0.115692, -0.0888544, -0.0378179, 0.0133175, 0.0402872
0.0402872, 0.0672275, 0.118147, 0.168756, 0.195285
0.195285, 0.221672, 0.271232, 0.320084, 0.345525
0.345525, 0.370715, 0.41771, 0.463612, 0.487346
0.487346, 0.510725, 0.55401, 0.595845, 0.617294
0.617294, 0.638293, 0.676812, 0.713561, 0.732201
0.732201, 0.750308, 0.783124, 0.813891, 0.829269
0.829269, 0.844043, 0.870355, 0.894391, 0.906132
0.906132, 0.917213, 0.936381, 0.9531, 0.960918
0.960918, 0.968036, 0.979592, 0.988587, 0.992291
0.992291, 0.995273, 0.998937, 0.999987, 0.999488
0.999488, 0.998261, 0.993942, 0.987024, 0.982333
0.982333, 0.976927, 0.964731, 0.950012, 0.941244
0.941244, 0.93179, 0.912015, 0.889854, 0.877222
0.877222, 0.863951, 0.837078, 0.808015, 0.791827
0.791827, 0.775063, 0.741746, 0.706489, 0.68714
0.68714, 0.66729, 0.628342, 0.58775, 0.56571

-0.972995, -0.978868, -0.988042, -0.994633, -0.997062
-0.997062, -0.998765, -0.999999, -0.998617, -0.996836
-0.996836, -0.994328, -0.987591, -0.978271, -0.972322
-0.972322, -0.965665, -0.951121, -0.93409, -0.924119
-0.924119, -0.913474, -0.891478, -0.867151, -0.853399
-0.853399, -0.839027, -0.810114, -0.779083, -0.761888
-0.761888, -0.744137, -0.709013, -0.672034, -0.651813
-0.651813, -0.631117, -0.590636, -0.548611, -0.525857
-0.525857, -0.50272, -0.45787, -0.411822, -0.387089
-0.387089, -0.362074, -0.313947, -0.264999, -0.23889
-0.23889, -0.212607, -0.162375, -0.111719, -0.0848701
-0.0848701, -0.0579597, -0.00684728, 0.044283, 0.0712173
0.0712173, 0.0980998, 0.148847, 0.199206, 0.22557
0.22557, 0.251769, 0.300916, 0.349275, 0.374426
0.374426, 0.399304, 0.445652, 0.490835, 0.51416
0.51416, 0.537111, 0.579531, 0.620435, 0.641366
0.641366, 0.66183, 0.699289, 0.734919, 0.752946
0.752946, 0.770425, 0.80201, 0.831497, 0.846181
0.846181, 0.860249, 0.88519, 0.907816, 0.918799
0.918799, 0.929113, 0.946803, 0.962017, 0.969031
0.969031, 0.97534, 0.985348, 0.992779, 0.995654
0.995654, 0.997804, 0.999885, 0.999352, 0.998017
0.998017, 0.995956, 0.990061, 0.981577, 0.976065
0.976065, 0.969843, 0.956114, 0.939886, 0.930331
0.930331, 0.9201, 0.898873, 0.875295, 0.861931
0.861931, 0.847939, 0.81973, 0.789378, 0.772529
0.772529, 0.755118, 0.720616, 0.684228, 0.664306
0.664306, 0.6439, 0.603944, 0.562408, 0.539897
0.539897, 0.516993, 0.472557, 0.426885, 0.402334
0.402334, 0.377491, 0.329657, 0.280961, 0.254968
0.254968, 0.22879, 0.178725, 0.128191, 0.10139
0.10139, 0.0745157, 0.0234378, -0.0277013, -0.0546578
-0.0546578, -0.0815745, -0.13242, -0.182919, -0.209374
-0.209374, -0.235677, -0.285051, -0.33368, -0.35899
-0.35899, -0.384038, -0.430738, -0.476311, -0.499858
-0.499858, -0.523041, -0.565929, -0.607337, -0.628548
-0.628548, -0.649301, -0.687332, -0.723566, -0.741924
-0.741924, -0.759741, -0.791989, -0.822166, -0.837223
-0.837223, -0.851671, -0.877349, -0.900733, -0.912124
-0.912124, -0.92285, -0.941333, -0.957355, -0.964801
-0.964801, -0.971544, -0.982383, -0.990652, -0.993971
-0.993971, -0.996567, -0.999496, -0.999812, -0.998924
-0.998924, -0.99731, -0.992258, -0.984612, -0.979539
-0.979539, -0.973753, -0.960844, -0.945422, -0.936288
-0.936288, -0.926472, -0.90602, -0.883198, -0.870224
-0.870224, -0.856617, -0.82912, -0.799455, -0.782959
-0.782959, -0.765892, -0.73202, -0.696234, -0.676616
-0.676616, -0.656506, -0.617085, -0.57605, -0.553789
-0.553789, -0.531125, -0.487114, -0.44183, -0.417468
-0.417468, -0.392803, -0.345276, -0.296846, -0.270977
-0.270977, -0.244911, -0.195025, -0.144629, -0.117883
-0.117883, -0.0910512, -0.0400219, 0.011112, 0.0380831
0.0380832, 0.0650266, 0.115956, 0.166582, 0.193121
0.193121, 0.21952, 0.269109, 0.317993, 0.343454
0.343454, 0.368665, 0.415705, 0.461657, 0.485419
0.485419, 0.508828, 0.552172, 0.594073, 0.615557
0.615557, 0.636593, 0.675186, 0.712014, 0.730697
0.730697, 0.748848, 0.78175, 0.812607, 0.828034
0.828034, 0.842858, 0.869267, 0.893402, 0.905197
0.905197, 0.916332, 0.935604, 0.95243, 0.960305
0.960305, 0.96748, 0.979147, 0.988252, 0.992015
0.992015, 0.995057, 0.998832, 0.999996, 0.999556
0.999556, 0.998389, 0.994182, 0.987376, 0.982743
0.982743, 0.977396, 0.965309, 0.950698, 0.941986

-0.652337, -0.672547, -0.709501, -0.744599, -0.762336
-0.762336, -0.779517, -0.81052, -0.839403, -0.85376
-0.85376, -0.867495, -0.891792, -0.913756, -0.924383
-0.924383, -0.934337, -0.951335, -0.965845, -0.972484
-0.972484, -0.978415, -0.9877, -0.994402, -0.99689
-0.99689, -0.998653, -1, -0.998731, -0.997009
-0.997009, -0.994561, -0.987935, -0.978726, -0.972835
-0.972835, -0.966236, -0.9518, -0.934876, -0.924959
-0.924959, -0.914369, -0.892475, -0.868247, -0.854547
-0.854547, -0.840225, -0.811406, -0.780464, -0.763314
-0.763314, -0.745609, -0.710567, -0.673666, -0.653484
-0.653484, -0.632826, -0.592415, -0.550454, -0.527732
-0.527732, -0.504625, -0.459829, -0.413831, -0.389122
-0.389122, -0.364129, -0.31604, -0.267125, -0.241031
-0.241031, -0.214762, -0.164551, -0.11391, -0.0870677
-0.0870677, -0.0601615, -0.00905295, 0.0420793, 0.069017
0.069017, 0.0959045, 0.146666, 0.197044, 0.22342
0.22342, 0.249634, 0.298811, 0.347208, 0.37238
0.37238, 0.397281, 0.443677, 0.488912, 0.512267
0.512267, 0.535249, 0.577732, 0.618704, 0.639672
0.639672, 0.660175, 0.697711, 0.733422, 0.751493
0.751493, 0.769017, 0.80069, 0.83027, 0.845004
0.845004, 0.859122, 0.884162, 0.906889, 0.917926
0.917926, 0.928295, 0.946091, 0.961413, 0.968484
0.968484, 0.974851, 0.984969, 0.992512, 0.995446
0.995446, 0.997655, 0.99985, 0.999429, 0.998154
0.998154, 0.996152, 0.990369, 0.981996, 0.976542
0.976542, 0.970378, 0.956758, 0.940637, 0.931138
0.931138, 0.920961, 0.899837, 0.876359, 0.863047
0.863047, 0.849106, 0.820992, 0.79073, 0.773928
0.773928, 0.756563, 0.722143, 0.685835, 0.665953
0.665953, 0.645586, 0.6057, 0.56423, 0.541753
0.541753, 0.51888, 0.4745, 0.428878, 0.404352
0.404352, 0.379532, 0.331738, 0.283077, 0.257101
0.257101, 0.230937, 0.180894, 0.130379, 0.103585
0.103585, 0.0767151, 0.0256429, -0.0254963, -0.0524552
-0.0524552, -0.0793759, -0.130233, -0.18075, -0.207217
-0.207217, -0.233533, -0.282936, -0.3316, -0.35693
-0.35693, -0.382, -0.428746, -0.474371, -0.497947
-0.497947, -0.52116, -0.564109, -0.605584, -0.626831
-0.626831, -0.647622, -0.685729, -0.722042, -0.740443
-0.740443, -0.758305, -0.79064, -0.820908, -0.836015
-0.836015, -0.850513, -0.876289, -0.899773, -0.911217
-0.911217, -0.921998, -0.940587, -0.956716, -0.964218
-0.964218, -0.971019, -0.981968, -0.990348, -0.993727
-0.993727, -0.996382, -0.999424, -0.999852, -0.999024
-0.999024, -0.997469, -0.99253, -0.984995, -0.97998
-0.97998, -0.974253, -0.961453, -0.946139, -0.93706
-0.93706, -0.9273, -0.906951, -0.88423, -0.871309
-0.871309, -0.857753, -0.830352, -0.800778, -0.784329
-0.784329, -0.767308, -0.733521, -0.697816, -0.678239
-0.678239, -0.658168, -0.618819, -0.577851, -0.555624
-0.555624, -0.532992, -0.48904, -0.443808, -0.419472
-0.419472, -0.39483, -0.347345, -0.298951, -0.273099
-0.273099, -0.247049, -0.197188, -0.146811, -0.120073
-0.120073, -0.0932475, -0.0422258, 0.00890631, 0.0358789
0.0358789, 0.0628254, 0.113765, 0.164407, 0.190957
0.190957, 0.217368, 0.266984, 0.315901, 0.341382
0.341382, 0.366614, 0.413697, 0.459699, 0.483489
0.483489, 0.506928, 0.550332, 0.592297, 0.613817
0.613817, 0.634891, 0.673558, 0.710463, 0.729189
0.729189, 0.747385, 0.780373, 0.81132, 0.826795
0.826795, 0.841669, 0.868174, 0.892409, 0.904257
0.904257, 0.915447, 0.934823, 0.951755, 0.959687

-0.083362, -0.110215, -0.160882, -0.211128, -0.23742
-0.23742, -0.263539, -0.31251, -0.360663, -0.385693
-0.385693, -0.410442, -0.456524, -0.501411, -0.524569
-0.524569, -0.547345, -0.589414, -0.629942, -0.650664
-0.650664, -0.670913, -0.707945, -0.743125, -0.760906
-0.760906, -0.778134, -0.809226, -0.838202, -0.852609
-0.852609, -0.866396, -0.890791, -0.912857, -0.923539
-0.923539, -0.933549, -0.950653, -0.965271, -0.971967
-0.971967, -0.977956, -0.987352, -0.994166, -0.996714
-0.996714, -0.998537, -0.999996, -0.998839, -0.997177
-0.997177, -0.994788, -0.988274, -0.979176, -0.973343
-0.973343, -0.966802, -0.952475, -0.935656, -0.925795
-0.925795, -0.91526, -0.893468, -0.869339, -0.855691
-0.855691, -0.841419, -0.812693, -0.781842, -0.764737
-0.764737, -0.747077, -0.712117, -0.675295, -0.655152
-0.655152, -0.634533, -0.59419, -0.552294, -0.529604
-0.529604, -0.506528, -0.461787, -0.415838, -0.391153
-0.391153, -0.366183, -0.318132, -0.26925, -0.243171
-0.243171, -0.216916, -0.166727, -0.116102, -0.0892649
-0.0892648, -0.0623632, -0.0112586, 0.0398754, 0.0668164
0.0668164, 0.0937087, 0.144484, 0.194881, 0.22127
0.22127, 0.247497, 0.296706, 0.345138, 0.370332
0.370332, 0.395256, 0.441699, 0.486986, 0.510371
0.510371, 0.533384, 0.57593, 0.616969, 0.637975
0.637975, 0.658517, 0.696129, 0.73192, 0.750036
0.750036, 0.767605, 0.799367, 0.829038, 0.843822
0.843822, 0.857991, 0.883129, 0.905958, 0.917049
0.917049, 0.927473, 0.945374, 0.960803, 0.967933
0.967933, 0.974357, 0.984586, 0.99224, 0.995233
0.995233, 0.997502, 0.999809, 0.999501, 0.998285
0.998285, 0.996343, 0.990672, 0.98241, 0.977015
0.977015, 0.970909, 0.957398, 0.941383, 0.93194
0.93194, 0.921819, 0.900797, 0.87742, 0.864159
0.864159, 0.850269, 0.822249, 0.792079, 0.775323
0.775323, 0.758003, 0.723667, 0.687439, 0.667597
0.667597, 0.647269, 0.607454, 0.56605, 0.543605
0.543605, 0.520765, 0.47644, 0.43087, 0.406369
0.406369, 0.381572, 0.333818, 0.285192, 0.259232
0.259232, 0.233083, 0.183063, 0.132565, 0.105778
0.105778, 0.0789142, 0.0278479, -0.0232912, -0.0502523
-0.0502524, -0.0771769, -0.128046, -0.17858, -0.205059
-0.205059, -0.231388, -0.28082, -0.329518, -0.354869
-0.354869, -0.379961, -0.426752, -0.472428, -0.496032
-0.496033, -0.519276, -0.562287, -0.603827, -0.625111
-0.625111, -0.64594, -0.684121, -0.720514, -0.738959
-0.738959, -0.756865, -0.789288, -0.819646, -0.834802
-0.834802, -0.849351, -0.875224, -0.898808, -0.910306
-0.910306, -0.921142, -0.939836, -0.956071, -0.963631
-0.963631, -0.97049, -0.981549, -0.99004, -0.993478
-0.993478, -0.996192, -0.999347, -0.999888, -0.999119
-0.999119, -0.997623, -0.992796, -0.985373, -0.980417
-0.980417, -0.974748, -0.962057, -0.94685, -0.937828
-0.937828, -0.928123, -0.907878, -0.885258, -0.872389
-0.872389, -0.858885, -0.831579, -0.802098, -0.785695
-0.785695, -0.768721, -0.735019, -0.699394, -0.679858
-0.679858, -0.659827, -0.62055, -0.57965, -0.557457
-0.557457, -0.534857, -0.490962, -0.445783, -0.421473
-0.421473, -0.396856, -0.349413, -0.301056, -0.275221
-0.275221, -0.249185, -0.19935, -0.148992, -0.122262
-0.122262, -0.0954434, -0.0444295, 0.00670064, 0.0336745
0.0336745, 0.0606239, 0.111573, 0.162231, 0.188791
0.188791, 0.215214, 0.264857, 0.313808, 0.339308
0.339308, 0.364561, 0.411688, 0.457739, 0.481557
0.481557, 0.505025, 0.548489, 0.590518, 0.612074

0.517346, 0.494072, 0.448979, 0.402711, 0.377872
0.377872, 0.352758, 0.30446, 0.255367, 0.229191
0.229191, 0.202849, 0.152524, 0.1018, 0.0749266
0.0749266, 0.0479983, -0.00312808, -0.0542463, -0.0811637
-0.0811637, -0.108022, -0.158704, -0.208971, -0.235277
-0.235277, -0.261411, -0.310414, -0.358605, -0.383657
-0.383657, -0.40843, -0.45456, -0.499501, -0.52269
-0.52269, -0.545498, -0.587631, -0.628227, -0.648988
-0.648988, -0.669275, -0.706385, -0.741647, -0.759473
-0.759473, -0.776746, -0.807928, -0.836997, -0.851455
-0.851455, -0.865292, -0.889787, -0.911955, -0.922691
-0.922691, -0.932756, -0.949966, -0.964692, -0.971446
-0.971446, -0.977493, -0.987, -0.993926, -0.996533
-0.996533, -0.998415, -0.999987, -0.998943, -0.99734
-0.99734, -0.99501, -0.988609, -0.979622, -0.973847
-0.973847, -0.967363, -0.953144, -0.936432, -0.926627
-0.926627, -0.916147, -0.894457, -0.870427, -0.85683
-0.85683, -0.842609, -0.813976, -0.783215, -0.766157
-0.766157, -0.748541, -0.713664, -0.67692, -0.656817
-0.656817, -0.636236, -0.595963, -0.554132, -0.531474
-0.531474, -0.508429, -0.463742, -0.417843, -0.393182
-0.393182, -0.368235, -0.320223, -0.271373, -0.24531
-0.24531, -0.219068, -0.168901, -0.118292, -0.0914616
-0.0914616, -0.0645644, -0.0134642, 0.0376713, 0.0646154
0.0646154, 0.0915124, 0.142301, 0.192717, 0.219118
0.219118, 0.24536, 0.294599, 0.343067, 0.368282
0.368282, 0.393229, 0.439719, 0.485059, 0.508473
0.508473, 0.531517, 0.574125, 0.615232, 0.636275
0.636275, 0.656855, 0.694544, 0.730416, 0.748575
0.748575, 0.76619, 0.79804, 0.827803, 0.842636
0.842636, 0.856856, 0.882092, 0.905021, 0.916167
0.916167, 0.926646, 0.944653, 0.96019, 0.967376
0.967376, 0.973859, 0.984198, 0.991963, 0.995016
0.995016, 0.997344, 0.999763, 0.999568, 0.998412
0.998412, 0.996529, 0.99097, 0.982819, 0.977483
0.977483, 0.971434, 0.958032, 0.942125, 0.932738
0.932737, 0.922671, 0.901753, 0.878476, 0.865267
0.865267, 0.851428, 0.823502, 0.793423, 0.776714
0.776714, 0.75944, 0.725188, 0.689039, 0.669238
0.669238, 0.648949, 0.609205, 0.567867, 0.545455
0.545455, 0.522646, 0.478378, 0.432859, 0.408383
0.408383, 0.38361, 0.335897, 0.287305, 0.261361
0.261361, 0.235227, 0.185231, 0.134751, 0.107971
0.107971, 0.0811128, 0.0300527, -0.021086, -0.0480493
-0.0480493, -0.0749775, -0.125858, -0.17641, -0.202899
-0.202899, -0.229241, -0.278702, -0.327435, -0.352806
-0.352806, -0.377919, -0.424756, -0.470483, -0.494116
-0.494116, -0.51739, -0.560461, -0.602067, -0.623388
-0.623388, -0.644254, -0.682511, -0.718983, -0.737471
-0.737471, -0.755422, -0.787932, -0.818381, -0.833586
-0.833586, -0.848184, -0.874155, -0.897839, -0.909391
-0.909391, -0.920281, -0.93908, -0.955423, -0.96304
-0.96304, -0.969956, -0.981124, -0.989727, -0.993224
-0.993224, -0.995998, -0.999265, -0.999918, -0.999209
-0.999209, -0.997773, -0.993058, -0.985747, -0.980849
-0.980849, -0.975238, -0.962657, -0.947558, -0.938591
-0.938591, -0.928942, -0.9088, -0.886282, -0.873465
-0.873465, -0.860013, -0.832802, -0.803413, -0.787058
-0.787058, -0.77013, -0.736512, -0.700969, -0.681474
-0.681474, -0.661483, -0.622278, -0.581446, -0.559287
-0.559287, -0.53672, -0.492883, -0.447757, -0.423472
-0.423472, -0.39888, -0.351478, -0.303158, -0.27734
-0.27734, -0.251321, -0.201511, -0.151173, -0.124451
-0.124451, -0.0976389, -0.046633, 0.00449492, 0.0314699

0.921122, 0.910285, 0.887931, 0.863255, 0.849323
0.849324, 0.834774, 0.805535, 0.774189, 0.756832
0.756832, 0.738924, 0.703512, 0.66626, 0.645901
0.645901, 0.625071, 0.584349, 0.542099, 0.519233
0.519232, 0.495988, 0.450948, 0.404729, 0.379913
0.379913, 0.354821, 0.306561, 0.257499, 0.231338
0.231338, 0.205009, 0.154704, 0.103994, 0.077126
0.077126, 0.0502014, -0.000922338, -0.0520436, -0.078965
-0.078965, -0.105829, -0.156526, -0.206814, -0.233132
-0.233132, -0.259281, -0.308316, -0.356545, -0.381619
-0.381619, -0.406416, -0.452594, -0.497589, -0.520808
-0.520808, -0.543648, -0.585845, -0.62651, -0.647308
-0.647308, -0.667635, -0.704822, -0.740166, -0.758037
-0.758037, -0.775355, -0.806627, -0.835788, -0.850296
-0.850296, -0.864185, -0.888778, -0.911047, -0.921838
-0.921838, -0.931958, -0.949275, -0.964109, -0.970921
-0.970921, -0.977026, -0.986643, -0.993681, -0.996347
-0.996347, -0.998288, -0.999973, -0.999042, -0.997498
-0.997498, -0.995228, -0.988938, -0.980062, -0.974346
-0.974346, -0.96792, -0.953809, -0.937204, -0.927454
-0.927454, -0.917029, -0.895441, -0.871511, -0.857965
-0.857965, -0.843795, -0.815256, -0.784584, -0.767573
-0.767573, -0.750002, -0.715207, -0.678542, -0.658479
-0.658479, -0.637936, -0.597733, -0.555967, -0.533341
-0.533341, -0.510327, -0.465695, -0.419846, -0.395209
-0.395209, -0.370284, -0.322312, -0.273496, -0.247448
-0.247448, -0.22122, -0.171075, -0.120482, -0.0936578
-0.0936578, -0.0667654, -0.0156697, 0.0354671, 0.0624141
0.0624141, 0.0893157, 0.140117, 0.190552, 0.216965
0.216965, 0.243221, 0.29249, 0.340994, 0.36623
0.36623, 0.3912, 0.437737, 0.483129, 0.506572
0.506572, 0.529647, 0.572318, 0.613492, 0.634572
0.634572, 0.655191, 0.692955, 0.728907, 0.747111
0.747111, 0.76477, 0.796709, 0.826564, 0.841446
0.841447, 0.855717, 0.881051, 0.904081, 0.915281
0.915281, 0.925815, 0.943927, 0.959571, 0.966815
0.966815, 0.973355, 0.983805, 0.991682, 0.994793
0.994793, 0.99718, 0.999713, 0.999631, 0.998534
0.998534, 0.99671, 0.991263, 0.983224, 0.977946
0.977946, 0.971955, 0.958662, 0.942862, 0.933531
0.933531, 0.92352, 0.902704, 0.879527, 0.86637
0.86637, 0.852583, 0.824752, 0.794764, 0.778102
0.778102, 0.760873, 0.726705, 0.690636, 0.670875
0.670875, 0.650625, 0.610952, 0.569681, 0.547303
0.547303, 0.524526, 0.480314, 0.434847, 0.410396
0.410396, 0.385646, 0.337974, 0.289417, 0.26349
0.26349, 0.23737, 0.187398, 0.136937, 0.110164
0.110164, 0.0833111, 0.0322574, -0.0188807, -0.045846
-0.045846, -0.0727778, -0.12367, -0.174238, -0.200739
-0.200739, -0.227094, -0.276583, -0.32535, -0.350741
-0.350741, -0.375876, -0.422758, -0.468535, -0.492197
-0.492197, -0.515501, -0.558633, -0.600305, -0.621661
-0.621661, -0.642566, -0.680897, -0.717448, -0.735979
-0.735979, -0.753975, -0.786572, -0.817111, -0.832365
-0.832365, -0.847014, -0.873081, -0.896866, -0.908471
-0.908471, -0.919416, -0.938319, -0.954769, -0.962443
-0.962443, -0.969417, -0.980695, -0.98941, -0.992965
-0.992965, -0.995798, -0.999178, -0.999944, -0.999294
-0.999294, -0.997918, -0.993315, -0.986115, -0.981276
-0.981276, -0.975723, -0.963251, -0.94826, -0.93935
-0.93935, -0.929756, -0.909719, -0.887302, -0.874537
-0.874537, -0.861136, -0.834021, -0.804724, -0.788417
-0.788417, -0.771535, -0.738003, -0.70254, -0.683087
-0.683087, -0.663136, -0.624003, -0.583239, -0.561114

0.974264, 0.979991, 0.988885, 0.995193, 0.997472
0.997473, 0.999026, 0.999975, 0.998309, 0.996378
0.996378, 0.993721, 0.986702, 0.977103, 0.971007
0.971007, 0.964205, 0.949389, 0.932089, 0.921978
0.921978, 0.911196, 0.888944, 0.864366, 0.850486
0.850486, 0.835987, 0.80684, 0.775583, 0.758272
0.758272, 0.740409, 0.705078, 0.667904, 0.647583
0.647583, 0.626791, 0.586138, 0.543951, 0.521116
0.521116, 0.497902, 0.452916, 0.406745, 0.381953
0.381953, 0.356882, 0.30866, 0.25963, 0.233483
0.233483, 0.207167, 0.156883, 0.106188, 0.079325
0.079325, 0.0524042, 0.00128341, -0.0498407, -0.076766
-0.076766, -0.103635, -0.154347, -0.204655, -0.230987
-0.230987, -0.25715, -0.306217, -0.354483, -0.379579
-0.379579, -0.404399, -0.450626, -0.495675, -0.518924
-0.518924, -0.541795, -0.584056, -0.624789, -0.645625
-0.645625, -0.665991, -0.703256, -0.738681, -0.756596
-0.756596, -0.77396, -0.805321, -0.834575, -0.849133
-0.849133, -0.863073, -0.887765, -0.910136, -0.920981
-0.920981, -0.931156, -0.948579, -0.963521, -0.97039
-0.97039, -0.976553, -0.986282, -0.993431, -0.996156
-0.996156, -0.998157, -0.999954, -0.999136, -0.997652
-0.997652, -0.995441, -0.989263, -0.980498, -0.97484
-0.97484, -0.968472, -0.954469, -0.937971, -0.928276
-0.928276, -0.917906, -0.896421, -0.872591, -0.859096
-0.859096, -0.844976, -0.816531, -0.78595, -0.768984
-0.768984, -0.751459, -0.716747, -0.68016, -0.660137
-0.660137, -0.639633, -0.5995, -0.557799, -0.535206
-0.535206, -0.512223, -0.467646, -0.421847, -0.397234
-0.397234, -0.372332, -0.324399, -0.275617, -0.249584
-0.249584, -0.22337, -0.173247, -0.122671, -0.0958537
-0.0958537, -0.0689661, -0.0178751, 0.0332626, 0.0602125
0.0602125, 0.0871185, 0.137933, 0.188386, 0.214812
0.214812, 0.241081, 0.29038, 0.33892, 0.364177
0.364177, 0.389169, 0.435752, 0.481196, 0.504669
0.504669, 0.527775, 0.570508, 0.611748, 0.632866
0.632866, 0.653523, 0.691363, 0.727395, 0.745643
0.745643, 0.763347, 0.795374, 0.82532, 0.840253
0.840253, 0.854574, 0.880006, 0.903136, 0.91439
0.91439, 0.924979, 0.943197, 0.958948, 0.966249
0.966249, 0.972847, 0.983407, 0.991395, 0.994566
0.994566, 0.997013, 0.999658, 0.999688, 0.998651
0.998651, 0.996886, 0.991552, 0.983624, 0.978404
0.978404, 0.972472, 0.959288, 0.943595, 0.934319
0.934319, 0.924363, 0.903651, 0.880575, 0.86747
0.86747, 0.853733, 0.825997, 0.7961, 0.779485
0.779485, 0.762303, 0.728218, 0.69223, 0.672509
0.672509, 0.652299, 0.612697, 0.571493, 0.549147
0.549147, 0.526402, 0.482248, 0.436832, 0.412406
0.412406, 0.38768, 0.340049, 0.291528, 0.265617
0.265617, 0.239512, 0.189565, 0.139121, 0.112356
0.112356, 0.085509, 0.0344619, -0.0166753, -0.0436424
-0.0436424, -0.0705777, -0.12148, -0.172066, -0.198577
-0.198577, -0.224945, -0.274463, -0.323263, -0.348674
-0.348674, -0.373831, -0.420759, -0.466585, -0.490276
-0.490276, -0.51361, -0.556802, -0.598539, -0.619932
-0.619932, -0.640874, -0.67928, -0.71591, -0.734484
-0.734484, -0.752524, -0.785208, -0.815838, -0.831141
-0.831141, -0.845839, -0.872004, -0.895888, -0.907547
-0.907547, -0.918546, -0.937554, -0.954111, -0.961842
-0.961842, -0.968873, -0.980262, -0.989087, -0.992702
-0.992702, -0.995594, -0.999086, -0.999965, -0.999375
-0.999375, -0.998057, -0.993567, -0.986479, -0.981699
-0.981699, -0.976204, -0.963842, -0.948958, -0.940104

0.656544, 0.676654, 0.713411, 0.748302, 0.765925
0.765925, 0.78299, 0.813766, 0.842414, 0.856644
0.856644, 0.87025, 0.894295, 0.916002, 0.926491
0.926491, 0.936306, 0.953035, 0.967272, 0.973765
0.973765, 0.979549, 0.988554, 0.994974, 0.997313
0.997313, 0.998927, 0.999988, 0.998435, 0.996563
0.996563, 0.993966, 0.987058, 0.97757, 0.971532
0.971532, 0.964787, 0.950079, 0.932886, 0.92283
0.92283, 0.912103, 0.889952, 0.865473, 0.851644
0.851644, 0.837195, 0.808141, 0.776974, 0.759708
0.759708, 0.74189, 0.706641, 0.669544, 0.649262
0.649262, 0.628508, 0.587923, 0.545801, 0.522998
0.522998, 0.499814, 0.454882, 0.408759, 0.38399
0.38399, 0.358942, 0.310757, 0.261759, 0.235627
0.235627, 0.209324, 0.159061, 0.108381, 0.0815236
0.0815236, 0.0546068, 0.00348915, -0.0476376, -0.0745666
-0.0745666, -0.101441, -0.152167, -0.202496, -0.22884
-0.22884, -0.255018, -0.304116, -0.35242, -0.377538
-0.377538, -0.402381, -0.448656, -0.493758, -0.517037
-0.517037, -0.53994, -0.582264, -0.623065, -0.643939
-0.643939, -0.664344, -0.701686, -0.737192, -0.755152
-0.755152, -0.772562, -0.804011, -0.833358, -0.847966
-0.847966, -0.861956, -0.886748, -0.90922, -0.92012
-0.92012, -0.93035, -0.947879, -0.962928, -0.969855
-0.969855, -0.976076, -0.985915, -0.993176, -0.995961
-0.995961, -0.998021, -0.999931, -0.999226, -0.9978
-0.9978, -0.995649, -0.989583, -0.980929, -0.975329
-0.975329, -0.969019, -0.955125, -0.938734, -0.929094
-0.929094, -0.918779, -0.897396, -0.873666, -0.860223
-0.860223, -0.846154, -0.817802, -0.787312, -0.770393
-0.770393, -0.752913, -0.718283, -0.681776, -0.661792
-0.661792, -0.641327, -0.601264, -0.559628, -0.537067
-0.537067, -0.514116, -0.469595, -0.423846, -0.399257
-0.399257, -0.374379, -0.326484, -0.277736, -0.25172
-0.25172, -0.22552, -0.175419, -0.12486, -0.098049
-0.098049, -0.0711664, -0.0200805, 0.031058, 0.0580106
0.0580106, 0.084921, 0.135748, 0.18622, 0.212657
0.212657, 0.238939, 0.288269, 0.336844, 0.362122
0.362122, 0.387136, 0.433766, 0.479261, 0.502764
0.502764, 0.5259, 0.568695, 0.610002, 0.631156
0.631156, 0.651851, 0.689768, 0.72588, 0.744171
0.744171, 0.761921, 0.794035, 0.824073, 0.839055
0.839055, 0.853426, 0.878956, 0.902187, 0.913495
0.913495, 0.924138, 0.942461, 0.95832, 0.965679
0.965679, 0.972334, 0.983005, 0.991104, 0.994334
0.994334, 0.99684, 0.999597, 0.999741, 0.998763
0.998763, 0.997058, 0.991836, 0.984019, 0.978858
0.978858, 0.972983, 0.959908, 0.944323, 0.935103
0.935103, 0.925203, 0.904593, 0.881618, 0.868565
0.868565, 0.85488, 0.827238, 0.797433, 0.780865
0.780865, 0.763728, 0.729728, 0.69382, 0.67414
0.67414, 0.653969, 0.614439, 0.573302, 0.550989
0.550989, 0.528276, 0.484179, 0.438815, 0.414415
0.414415, 0.389712, 0.342122, 0.293637, 0.267743
0.267743, 0.241653, 0.19173, 0.141305, 0.114547
0.114547, 0.0877064, 0.0366662, -0.0144698, -0.0414387
-0.0414387, -0.0683773, -0.119291, -0.169892, -0.196415
-0.196415, -0.222795, -0.272341, -0.321175, -0.346606
-0.346606, -0.371785, -0.418756, -0.464633, -0.488352
-0.488352, -0.511716, -0.554969, -0.596771, -0.6182
-0.6182, -0.639179, -0.67766, -0.714368, -0.732986
-0.732986, -0.75107, -0.78384, -0.81456, -0.829912
-0.829912, -0.844661, -0.870922, -0.894906, -0.906619
-0.906619, -0.917672, -0.936785, -0.953448, -0.961236

0.0889052, 0.115743, 0.166371, 0.216563, 0.242821
0.242821, 0.268902, 0.31779, 0.365847, 0.39082
0.39082, 0.41551, 0.461467, 0.506217, 0.529298
0.529298, 0.551993, 0.5939, 0.634253, 0.654879
0.654879, 0.675028, 0.711863, 0.746837, 0.764505
0.764505, 0.781616, 0.812482, 0.841224, 0.855504
0.855504, 0.869161, 0.893306, 0.915115, 0.925659
0.925659, 0.935529, 0.952365, 0.96671, 0.973261
0.973261, 0.979103, 0.988219, 0.994751, 0.997149
0.997149, 0.998822, 0.999997, 0.998556, 0.996743
0.996743, 0.994205, 0.98741, 0.978032, 0.972052
0.972052, 0.965365, 0.950765, 0.933678, 0.923678
0.923678, 0.913005, 0.890955, 0.866576, 0.852798
0.852798, 0.838399, 0.809438, 0.77836, 0.761141
0.761141, 0.743367, 0.7082, 0.67118, 0.650938
0.650938, 0.630222, 0.589706, 0.547648, 0.524876
0.524876, 0.501723, 0.456845, 0.410771, 0.386026
0.386026, 0.361, 0.312853, 0.263887, 0.237771
0.237771, 0.211481, 0.161238, 0.110574, 0.0837218
0.0837218, 0.0568091, 0.00569487, -0.0454343, -0.0723668
-0.0723668, -0.0992466, -0.149987, -0.200335, -0.226692
-0.226692, -0.252884, -0.302014, -0.350355, -0.375494
-0.375494, -0.400361, -0.446684, -0.491838, -0.515148
-0.515148, -0.538082, -0.580469, -0.621339, -0.64225
-0.64225, -0.662694, -0.700113, -0.7357, -0.753704
-0.753704, -0.771159, -0.802698, -0.832137, -0.846795
-0.846795, -0.860836, -0.885726, -0.908299, -0.919254
-0.919254, -0.929539, -0.947174, -0.962331, -0.969315
-0.969315, -0.975594, -0.985544, -0.992916, -0.99576
-0.99576, -0.997879, -0.999902, -0.99931, -0.997944
-0.997944, -0.995852, -0.989898, -0.981356, -0.975814
-0.975814, -0.969561, -0.955776, -0.939491, -0.929908
-0.929908, -0.919648, -0.898367, -0.874737, -0.861346
-0.861346, -0.847327, -0.81907, -0.78867, -0.771797
-0.771797, -0.754362, -0.719816, -0.683388, -0.663444
-0.663444, -0.643018, -0.603025, -0.561455, -0.538927
-0.538927, -0.516007, -0.471541, -0.425842, -0.401279
-0.401279, -0.376423, -0.328569, -0.279855, -0.253854
-0.253854, -0.227668, -0.177591, -0.127048, -0.100244
-0.100244, -0.0733664, -0.0222857, 0.0288533, 0.0558084
0.0558084, 0.082723, 0.133562, 0.184052, 0.210501
0.210501, 0.236797, 0.286156, 0.334766, 0.360065
0.360065, 0.385101, 0.431777, 0.477324, 0.500856
0.500856, 0.524023, 0.566879, 0.608253, 0.629444
0.629444, 0.650177, 0.688169, 0.724361, 0.742696
0.742696, 0.76049, 0.792692, 0.822821, 0.837853
0.837853, 0.852274, 0.877902, 0.901233, 0.912595
0.912595, 0.923293, 0.941722, 0.957688, 0.965103
0.965103, 0.971816, 0.982597, 0.990808, 0.994097
0.994097, 0.996662, 0.999532, 0.999789, 0.99887
0.99887, 0.997225, 0.992114, 0.98441, 0.979306
0.979306, 0.97349, 0.960524, 0.945046, 0.935882
0.935882, 0.926037, 0.905531, 0.882657, 0.869656
0.869656, 0.856022, 0.828476, 0.798762, 0.782241
0.782241, 0.76515, 0.731235, 0.695406, 0.675767
0.675767, 0.655636, 0.616178, 0.575107, 0.552829
0.552829, 0.530148, 0.486108, 0.440796, 0.416421
0.416421, 0.391743, 0.344194, 0.295745, 0.269867
0.269867, 0.243793, 0.193894, 0.143488, 0.116738
0.116738, 0.0899035, 0.0388704, -0.0122643, -0.0392347
-0.0392347, -0.0661766, -0.117101, -0.167718, -0.194252
-0.194252, -0.220644, -0.270218, -0.319086, -0.344536
-0.344536, -0.369736, -0.416752, -0.462679, -0.486426
-0.486426, -0.50982, -0.553133, -0.594999, -0.616465

-0.512577, -0.489227, -0.444, -0.397612, -0.372715
-0.372715, -0.347546, -0.299156, -0.249983, -0.223772
-0.223772, -0.197398, -0.147023, -0.0962639, -0.0693772
-0.0693772, -0.0424401, 0.0086919, 0.0598011, 0.086708
0.086708, 0.113552, 0.164195, 0.214409, 0.240681
0.240681, 0.266777, 0.315698, 0.363793, 0.388789
0.388789, 0.413502, 0.459509, 0.504314, 0.527425
0.527425, 0.550153, 0.592124, 0.632547, 0.653211
0.653211, 0.673399, 0.710312, 0.745368, 0.763081
0.763081, 0.780239, 0.811195, 0.840029, 0.854359
0.854359, 0.868068, 0.892312, 0.914223, 0.924822
0.924822, 0.934747, 0.95169, 0.966143, 0.972751
0.972751, 0.978652, 0.987879, 0.994523, 0.996981
0.996981, 0.998713, 1, 0.998672, 0.996919
0.996919, 0.99444, 0.987756, 0.978489, 0.972568
0.972568, 0.965938, 0.951446, 0.934466, 0.924521
0.924521, 0.913902, 0.891955, 0.867675, 0.853948
0.853948, 0.839599, 0.810732, 0.779743, 0.762569
0.762569, 0.74484, 0.709755, 0.672814, 0.652611
0.652611, 0.631934, 0.591486, 0.549492, 0.526753
0.526753, 0.50363, 0.458806, 0.412782, 0.38806
0.38806, 0.363056, 0.314947, 0.266014, 0.239912
0.239912, 0.213636, 0.163414, 0.112765, 0.0859196
0.0859196, 0.0590112, 0.00790057, -0.0432307, -0.0701666
-0.0701667, -0.0970515, -0.147806, -0.198174, -0.224543
-0.224543, -0.25075, -0.299911, -0.348288, -0.373449
-0.373449, -0.398338, -0.444709, -0.489917, -0.513256
-0.513256, -0.536222, -0.578672, -0.619609, -0.640558
-0.640558, -0.66104, -0.698536, -0.734204, -0.752253
-0.752253, -0.769753, -0.80138, -0.830912, -0.845619
-0.845619, -0.859711, -0.8847, -0.907374, -0.918383
-0.918383, -0.928723, -0.946464, -0.961729, -0.968771
-0.968771, -0.975107, -0.985168, -0.992652, -0.995555
-0.995555, -0.997733, -0.999869, -0.999389, -0.998083
-0.998083, -0.99605, -0.990209, -0.981777, -0.976293
-0.976293, -0.970099, -0.956422, -0.940245, -0.930717
-0.930717, -0.920512, -0.899334, -0.875804, -0.862464
-0.862464, -0.848497, -0.820333, -0.790024, -0.773198
-0.773198, -0.755809, -0.721346, -0.684996, -0.665093
-0.665093, -0.644706, -0.604783, -0.563279, -0.540784
-0.540784, -0.517895, -0.473485, -0.427837, -0.403298
-0.403298, -0.378466, -0.330651, -0.281972, -0.255987
-0.255987, -0.229816, -0.179761, -0.129236, -0.102438
-0.102438, -0.075566, -0.0244909, 0.0266484, 0.053606
0.053606, 0.0805246, 0.131376, 0.181883, 0.208344
0.208344, 0.234653, 0.284042, 0.332687, 0.358006
0.358006, 0.383065, 0.429787, 0.475385, 0.498946
0.498946, 0.522143, 0.565061, 0.6065, 0.627728
0.627728, 0.6485, 0.686567, 0.722839, 0.741217
0.741217, 0.759056, 0.791346, 0.821565, 0.836646
0.836646, 0.851118, 0.876843, 0.900275, 0.911691
0.911691, 0.922444, 0.940977, 0.95705, 0.964523
0.964523, 0.971294, 0.982185, 0.990508, 0.993855
0.993855, 0.99648, 0.999462, 0.999832, 0.998973
0.998973, 0.997386, 0.992388, 0.984795, 0.97975
0.97975, 0.973992, 0.961135, 0.945765, 0.936657
0.936657, 0.926868, 0.906465, 0.883692, 0.870743
0.870743, 0.85716, 0.829709, 0.800088, 0.783613
0.783613, 0.766569, 0.732737, 0.69699, 0.677392
0.677392, 0.6573, 0.617913, 0.57691, 0.554666
0.554666, 0.532017, 0.488034, 0.442775, 0.418425
0.418425, 0.393771, 0.346264, 0.297851, 0.271991
0.271991, 0.245932, 0.196058, 0.145671, 0.118929
0.118929, 0.0921001, 0.0410744, -0.0100587, -0.0370306

-0.918941, -0.907968, -0.885358, -0.860433, -0.846373
-0.846374, -0.831698, -0.802226, -0.770655, -0.753184
-0.753184, -0.735164, -0.699547, -0.662101, -0.641643
-0.641643, -0.620718, -0.579825, -0.537415, -0.514469
-0.514469, -0.491149, -0.445975, -0.399635, -0.374761
-0.374761, -0.349614, -0.30126, -0.252119, -0.225921
-0.225921, -0.19956, -0.149205, -0.0984591, -0.0715775
-0.0715775, -0.0446437, 0.00648621, 0.0575992, 0.0845103
0.0845103, 0.11136, 0.162019, 0.212254, 0.238539
0.238539, 0.26465, 0.313604, 0.361738, 0.386756
0.386756, 0.411493, 0.457549, 0.502408, 0.52555
0.52555, 0.54831, 0.590345, 0.630837, 0.651539
0.651539, 0.671767, 0.708758, 0.743896, 0.761654
0.761654, 0.778857, 0.809903, 0.83883, 0.853211
0.853211, 0.866971, 0.891315, 0.913327, 0.923981
0.923981, 0.933961, 0.95101, 0.965571, 0.972238
0.972238, 0.978196, 0.987534, 0.99429, 0.996807
0.996807, 0.998598, 0.999998, 0.998783, 0.997089
0.997089, 0.99467, 0.988098, 0.978942, 0.973078
0.973078, 0.966507, 0.952123, 0.935249, 0.925359
0.925359, 0.914795, 0.89295, 0.868769, 0.855094
0.855094, 0.840796, 0.812021, 0.781122, 0.763994
0.763994, 0.74631, 0.711307, 0.674444, 0.654281
0.654281, 0.633641, 0.593263, 0.551333, 0.528626
0.528626, 0.505534, 0.460765, 0.41479, 0.390092
0.390092, 0.36511, 0.31704, 0.26814, 0.242053
0.242053, 0.21579, 0.16559, 0.114957, 0.088117
0.088117, 0.0612129, 0.0101062, -0.0410269, -0.0679662
-0.0679662, -0.094856, -0.145624, -0.196011, -0.222393
-0.222393, -0.248614, -0.297806, -0.34622, -0.371402
-0.371402, -0.396314, -0.442732, -0.487993, -0.511362
-0.511362, -0.534359, -0.576872, -0.617876, -0.638862
-0.638862, -0.659384, -0.696956, -0.732705, -0.750797
-0.750797, -0.768343, -0.800059, -0.829682, -0.84444
-0.84444, -0.858583, -0.883669, -0.906445, -0.917508
-0.917508, -0.927903, -0.945749, -0.961122, -0.968221
-0.968221, -0.974616, -0.984787, -0.992383, -0.995345
-0.995345, -0.997583, -0.999831, -0.999464, -0.998217
-0.998217, -0.996244, -0.990514, -0.982194, -0.976768
-0.976768, -0.970632, -0.957064, -0.940994, -0.931521
-0.931521, -0.921371, -0.900296, -0.876866, -0.863578
-0.863578, -0.849662, -0.821593, -0.791375, -0.774595
-0.774595, -0.757251, -0.722872, -0.686602, -0.666739
-0.666739, -0.64639, -0.606538, -0.5651, -0.542638
-0.542638, -0.51978, -0.475427, -0.42983, -0.405316
-0.405316, -0.380506, -0.332732, -0.284087, -0.258118
-0.258118, -0.231962, -0.18193, -0.131423, -0.104632
-0.104632, -0.0777653, -0.0266959, 0.0244433, 0.0514033
0.0514033, 0.0783258, 0.129189, 0.179714, 0.206186
0.206186, 0.232509, 0.281926, 0.330606, 0.355946
0.355946, 0.381026, 0.427794, 0.473443, 0.497033
0.497033, 0.520261, 0.563239, 0.604745, 0.62601
0.62601, 0.646819, 0.684962, 0.721313, 0.739735
0.739735, 0.757618, 0.789995, 0.820306, 0.835436
0.835436, 0.849958, 0.875781, 0.899313, 0.910783
0.910783, 0.92159, 0.940229, 0.956409, 0.963939
0.963939, 0.970767, 0.981768, 0.990202, 0.993609
0.993609, 0.996292, 0.999388, 0.99987, 0.99907
0.99907, 0.997543, 0.992658, 0.985176, 0.98019
0.98019, 0.97449, 0.961742, 0.946479, 0.937427
0.937427, 0.927693, 0.907394, 0.884722, 0.871825
0.871825, 0.858294, 0.830938, 0.801409, 0.784982
0.784982, 0.767983, 0.734237, 0.69857, 0.679013
0.679013, 0.658961, 0.619646, 0.578711, 0.5565

-0.975503, -0.981083, -0.989697, -0.995722, -0.997852
-0.997853, -0.999256, -0.999921, -0.99797, -0.995889
-0.995889, -0.993083, -0.985783, -0.975904, -0.969662
-0.969662, -0.962715, -0.947626, -0.930059, -0.919809
-0.919809, -0.90889, -0.886381, -0.861555, -0.847546
-0.847546, -0.83292, -0.803541, -0.772059, -0.754633
-0.754633, -0.736657, -0.701122, -0.663752, -0.643333
-0.643333, -0.622446, -0.581621, -0.539274, -0.51636
-0.51636, -0.493069, -0.447949, -0.401656, -0.376805
-0.376805, -0.351679, -0.303363, -0.254252, -0.22807
-0.22807, -0.201721, -0.151385, -0.100654, -0.0737774
-0.0737774, -0.0468472, 0.0042805, 0.055397, 0.0823123
0.0823123, 0.109168, 0.159842, 0.210098, 0.236396
0.236396, 0.262523, 0.311509, 0.35968, 0.384721
0.384721, 0.409482, 0.455586, 0.500499, 0.523672
0.523672, 0.546464, 0.588563, 0.629124, 0.649864
0.649864, 0.670131, 0.7072, 0.74242, 0.760222
0.760222, 0.777472, 0.808607, 0.837627, 0.852059
0.852059, 0.865869, 0.890312, 0.912427, 0.923135
0.923135, 0.933171, 0.950326, 0.964995, 0.971719
0.971719, 0.977736, 0.987185, 0.994052, 0.996628
0.996628, 0.998479, 0.999992, 0.99889, 0.997255
0.997255, 0.994895, 0.988435, 0.97939, 0.973584
0.973584, 0.967071, 0.952795, 0.936027, 0.926193
0.926193, 0.915684, 0.893941, 0.869859, 0.856235
0.856235, 0.841988, 0.813306, 0.782498, 0.765416
0.765416, 0.747777, 0.712856, 0.676071, 0.655947
0.655947, 0.635346, 0.595037, 0.553172, 0.530497
0.530497, 0.507436, 0.462721, 0.416796, 0.392122
0.392122, 0.367163, 0.319131, 0.270264, 0.244193
0.244193, 0.217944, 0.167765, 0.117148, 0.0903139
0.0903139, 0.0634144, 0.0123118, -0.0388229, -0.0657654
-0.0657654, -0.0926599, -0.143441, -0.193848, -0.220242
-0.220242, -0.246477, -0.2957, -0.344149, -0.369353
-0.369353, -0.394288, -0.440753, -0.486066, -0.509465
-0.509465, -0.532493, -0.575068, -0.61614, -0.637164
-0.637164, -0.657724, -0.695372, -0.731202, -0.749339
-0.749339, -0.76693, -0.798734, -0.828449, -0.843256
-0.843256, -0.85745, -0.882635, -0.905511, -0.916628
-0.916628, -0.927079, -0.94503, -0.960511, -0.967667
-0.967667, -0.97412, -0.984401, -0.992108, -0.99513
-0.99513, -0.997427, -0.999788, -0.999534, -0.998346
-0.998346, -0.996432, -0.990815, -0.982606, -0.977239
-0.977239, -0.97116, -0.957701, -0.941738, -0.932321
-0.932321, -0.922226, -0.901254, -0.877924, -0.864688
-0.864688, -0.850823, -0.822848, -0.792721, -0.775988
-0.775988, -0.75869, -0.724394, -0.688204, -0.668381
-0.668381, -0.648072, -0.60829, -0.566918, -0.544489
-0.544489, -0.521663, -0.477366, -0.43182, -0.407331
-0.407331, -0.382545, -0.334811, -0.286201, -0.260249
-0.260249, -0.234107, -0.184099, -0.133609, -0.106826
-0.106826, -0.0799642, -0.0289008, 0.0222382, 0.0492003
0.0492003, 0.0761267, 0.127001, 0.177544, 0.204027
0.204028, 0.230363, 0.279809, 0.328524, 0.353884
0.353884, 0.378986, 0.425799, 0.471499, 0.495118
0.495118, 0.518376, 0.561415, 0.602987, 0.624288
0.624288, 0.645135, 0.683353, 0.719783, 0.738249
0.738249, 0.756177, 0.788641, 0.819042, 0.834222
0.834222, 0.848794, 0.874714, 0.898346, 0.90987
0.90987, 0.920731, 0.939475, 0.955762, 0.963349
0.963349, 0.970235, 0.981347, 0.989892, 0.993357
0.993357, 0.9961, 0.999308, 0.999903, 0.999163
0.999163, 0.997695, 0.992922, 0.985552, 0.980624
0.980624, 0.974982, 0.962344, 0.947189, 0.938193

-0.660731, -0.68074, -0.717299, -0.751981, -0.76949
-0.76949, -0.786439, -0.816988, -0.845399, -0.859501
-0.859501, -0.872977, -0.896771, -0.91822, -0.92857
-0.92857, -0.938245, -0.954705, -0.968668, -0.975016
-0.975016, -0.980654, -0.989379, -0.995516, -0.997706
-0.997706, -0.999169, -0.999946, -0.998108, -0.996087
-0.996087, -0.99334, -0.986151, -0.976383, -0.970199
-0.970199, -0.963309, -0.948328, -0.930868, -0.920673
-0.920673, -0.909808, -0.8874, -0.862673, -0.848715
-0.848715, -0.834139, -0.804852, -0.773459, -0.756078
-0.756078, -0.738147, -0.702693, -0.665401, -0.645021
-0.645021, -0.624171, -0.583413, -0.54113, -0.518247
-0.518247, -0.494987, -0.44992, -0.403675, -0.378847
-0.378847, -0.353743, -0.305464, -0.256385, -0.230217
-0.230217, -0.203881, -0.153565, -0.102848, -0.0759769
-0.0759769, -0.0490504, 0.00207477, 0.0531945, 0.0801138
0.0801138, 0.106975, 0.157664, 0.207941, 0.234253
0.234253, 0.260394, 0.309412, 0.357621, 0.382684
0.382684, 0.407468, 0.453621, 0.498588, 0.521792
0.521792, 0.544615, 0.586779, 0.627408, 0.648186
0.648186, 0.668492, 0.705639, 0.74094, 0.758788
0.758788, 0.776083, 0.807307, 0.836421, 0.850902
0.850902, 0.864764, 0.889306, 0.911522, 0.922284
0.922284, 0.932376, 0.949637, 0.964414, 0.971196
0.971196, 0.977271, 0.986831, 0.99381, 0.996445
0.996445, 0.998355, 0.999981, 0.998991, 0.997416
0.997416, 0.995115, 0.988767, 0.979833, 0.974086
0.974086, 0.96763, 0.953462, 0.936801, 0.927022
0.927022, 0.916568, 0.894927, 0.870945, 0.857373
0.857373, 0.843176, 0.814588, 0.783869, 0.766833
0.766833, 0.749239, 0.714401, 0.677695, 0.657611
0.657611, 0.637048, 0.596809, 0.555008, 0.532366
0.532366, 0.509336, 0.464675, 0.4188, 0.39415
0.39415, 0.369214, 0.32122, 0.272387, 0.246331
0.246331, 0.220096, 0.169939, 0.119338, 0.0925104
0.0925104, 0.0656155, 0.0145174, -0.0366187, -0.0635642
-0.0635642, -0.0904634, -0.141258, -0.191683, -0.21809
-0.21809, -0.244338, -0.293592, -0.342078, -0.367302
-0.367302, -0.39226, -0.438772, -0.484137, -0.507566
-0.507566, -0.530625, -0.573263, -0.614401, -0.635462
-0.635462, -0.656061, -0.693785, -0.729696, -0.747876
-0.747876, -0.765512, -0.797405, -0.827212, -0.842069
-0.842069, -0.856313, -0.881596, -0.904573, -0.915744
-0.915745, -0.926249, -0.944307, -0.959895, -0.967109
-0.967109, -0.973619, -0.984011, -0.991829, -0.99491
-0.99491, -0.997266, -0.99974, -0.999599, -0.998471
-0.998471, -0.996616, -0.991111, -0.983013, -0.977704
-0.977704, -0.971684, -0.958334, -0.942477, -0.933117
-0.933117, -0.923077, -0.902207, -0.878978, -0.865794
-0.865794, -0.85198, -0.824099, -0.794064, -0.777377
-0.777377, -0.760125, -0.725913, -0.689802, -0.67002
-0.67002, -0.64975, -0.61004, -0.568734, -0.546338
-0.546338, -0.523544, -0.479303, -0.433809, -0.409345
-0.409345, -0.384582, -0.336889, -0.288314, -0.262378
-0.262378, -0.236251, -0.186266, -0.135795, -0.109018
-0.109018, -0.0821626, -0.0311055, 0.0200329, 0.0469971
0.0469971, 0.0739271, 0.124813, 0.175373, 0.201868
0.201868, 0.228216, 0.277691, 0.32644, 0.35182
0.35182, 0.376944, 0.423803, 0.469553, 0.4932
0.4932, 0.516488, 0.559589, 0.601226, 0.622564
0.622564, 0.643448, 0.681741, 0.71825, 0.736759
0.736759, 0.754731, 0.787283, 0.817775, 0.833004
0.833004, 0.847626, 0.873643, 0.897375, 0.908952
0.908952, 0.919868, 0.938717, 0.955111, 0.962755

-0.0944457, -0.121268, -0.171854, -0.221992, -0.248215
-0.248215, -0.274257, -0.323061, -0.371019, -0.395936
-0.395936, -0.420564, -0.466396, -0.511008, -0.53401
-0.53401, -0.556624, -0.598367, -0.638545, -0.659074
-0.659074, -0.679123, -0.71576, -0.750525, -0.76808
-0.76808, -0.785075, -0.815714, -0.844219, -0.858371
-0.858371, -0.871899, -0.895793, -0.917344, -0.927749
-0.927749, -0.93748, -0.954047, -0.968118, -0.974524
-0.974524, -0.980219, -0.989055, -0.995305, -0.997554
-0.997554, -0.999077, -0.999967, -0.998242, -0.996279
-0.996279, -0.993592, -0.986514, -0.976857, -0.970731
-0.970731, -0.963899, -0.949026, -0.931671, -0.921531
-0.921531, -0.910721, -0.888415, -0.863786, -0.849879
-0.849879, -0.835354, -0.806159, -0.774855, -0.75752
-0.75752, -0.739634, -0.704261, -0.667046, -0.646705
-0.646705, -0.625893, -0.585203, -0.542984, -0.520132
-0.520132, -0.496903, -0.451888, -0.405692, -0.380888
-0.380888, -0.355805, -0.307563, -0.258516, -0.232363
-0.232363, -0.206039, -0.155744, -0.105042, -0.0781761
-0.0781761, -0.0512533, -0.000130979, 0.0509917, 0.077915
0.077915, 0.104782, 0.155486, 0.205783, 0.232108
0.232108, 0.258263, 0.307314, 0.355561, 0.380645
0.380645, 0.405453, 0.451655, 0.496675, 0.519909
0.519909, 0.542764, 0.584991, 0.625689, 0.646505
0.646505, 0.66685, 0.704075, 0.739457, 0.757349
0.757349, 0.77469, 0.806004, 0.83521, 0.849741
0.849741, 0.863654, 0.888295, 0.910613, 0.92143
0.92143, 0.931576, 0.948943, 0.963829, 0.970668
0.970668, 0.976801, 0.986471, 0.993562, 0.996257
0.996257, 0.998226, 0.999964, 0.999088, 0.997572
0.997572, 0.99533, 0.989094, 0.980271, 0.974582
0.974582, 0.968184, 0.954125, 0.937571, 0.927847
0.927847, 0.917448, 0.895909, 0.872027, 0.858506
0.858506, 0.844359, 0.815865, 0.785237, 0.768247
0.768247, 0.750698, 0.715943, 0.679315, 0.659271
0.659271, 0.638747, 0.598577, 0.556842, 0.534232
0.534232, 0.511233, 0.466627, 0.420802, 0.396176
0.396176, 0.371263, 0.323308, 0.274509, 0.248468
0.248468, 0.222247, 0.172112, 0.121528, 0.0947065
0.0947065, 0.0678164, 0.0167229, -0.0344144, -0.0613628
-0.0613628, -0.0882665, -0.139074, -0.189518, -0.215937
-0.215937, -0.242199, -0.291483, -0.340004, -0.36525
-0.36525, -0.39023, -0.436789, -0.482206, -0.505664
-0.505664, -0.528754, -0.571454, -0.612659, -0.633758
-0.633758, -0.654394, -0.692195, -0.728186, -0.74641
-0.74641, -0.764091, -0.796072, -0.82597, -0.840877
-0.840877, -0.855171, -0.880552, -0.90363, -0.914856
-0.914856, -0.925416, -0.943579, -0.959274, -0.966545
-0.966545, -0.973113, -0.983616, -0.991546, -0.994685
-0.994685, -0.997101, -0.999687, -0.999659, -0.99859
-0.99859, -0.996795, -0.991402, -0.983416, -0.978165
-0.978165, -0.972203, -0.958961, -0.943212, -0.933908
-0.933908, -0.923923, -0.903157, -0.880028, -0.866896
-0.866896, -0.853133, -0.825347, -0.795403, -0.778763
-0.778763, -0.761556, -0.727428, -0.691397, -0.671656
-0.671656, -0.651425, -0.611786, -0.570547, -0.548184
-0.548184, -0.525422, -0.481238, -0.435795, -0.411356
-0.411356, -0.386618, -0.338965, -0.290425, -0.264506
-0.264506, -0.238393, -0.188433, -0.13798, -0.111211
-0.111211, -0.0843607, -0.0333101, 0.0178276, 0.0447937
0.0447937, 0.0717272, 0.122624, 0.173201, 0.199707
0.199707, 0.226068, 0.275571, 0.324354, 0.349754
0.349754, 0.3749, 0.421804, 0.467604, 0.49128
0.49128, 0.514598, 0.557759, 0.599462, 0.620836

0.507791, 0.484367, 0.439008, 0.392501, 0.367546
0.367546, 0.342324, 0.293842, 0.244592, 0.218346
0.218346, 0.19194, 0.141517, 0.0907243, 0.0638257
0.0638257, 0.0368805, -0.0142554, -0.0653541, -0.0922496
-0.0922496, -0.119078, -0.169681, -0.21984, -0.246077
-0.246077, -0.272135, -0.320972, -0.36897, -0.393909
-0.393909, -0.418562, -0.464443, -0.50911, -0.532144
-0.532144, -0.55479, -0.596598, -0.636846, -0.657413
-0.657413, -0.677502, -0.714218, -0.749066, -0.766665
-0.766665, -0.783707, -0.814436, -0.843035, -0.857238
-0.857238, -0.870817, -0.89481, -0.916464, -0.926924
-0.926924, -0.93671, -0.953383, -0.967563, -0.974026
-0.974026, -0.97978, -0.988728, -0.995089, -0.997397
-0.997397, -0.998979, -0.999982, -0.99837, -0.996467
-0.996467, -0.993839, -0.986873, -0.977326, -0.971258
-0.971258, -0.964484, -0.949719, -0.93247, -0.922386
-0.922386, -0.91163, -0.889425, -0.864895, -0.851039
-0.851039, -0.836564, -0.807462, -0.776248, -0.758958
-0.758958, -0.741116, -0.705825, -0.668687, -0.648385
-0.648385, -0.627612, -0.586991, -0.544835, -0.522015
-0.522015, -0.498815, -0.453855, -0.407707, -0.382926
-0.382926, -0.357866, -0.309661, -0.260647, -0.234507
-0.234507, -0.208197, -0.157923, -0.107235, -0.0803749
-0.0803749, -0.0534561, -0.00233672, 0.0487887, 0.0757157
0.0757157, 0.102588, 0.153306, 0.203624, 0.229962
0.229962, 0.256132, 0.305214, 0.353498, 0.378605
0.378605, 0.403436, 0.449686, 0.49476, 0.518023
0.518023, 0.54091, 0.583201, 0.623966, 0.64482
0.64482, 0.665205, 0.702506, 0.737971, 0.755907
0.755907, 0.773293, 0.804696, 0.833995, 0.848576
0.848576, 0.86254, 0.88728, 0.909699, 0.92057
0.92057, 0.930772, 0.948245, 0.963239, 0.970135
0.970135, 0.976326, 0.986107, 0.99331, 0.996064
0.996064, 0.998092, 0.999943, 0.99918, 0.997723
0.997723, 0.995541, 0.989417, 0.980705, 0.975074
0.975074, 0.968734, 0.954783, 0.938336, 0.928668
0.928668, 0.918324, 0.896887, 0.873105, 0.859635
0.859635, 0.845539, 0.817139, 0.786601, 0.769657
0.769657, 0.752154, 0.717481, 0.680932, 0.660928
0.660928, 0.640442, 0.600343, 0.558673, 0.536095
0.536095, 0.513127, 0.468577, 0.422802, 0.398201
0.398201, 0.37331, 0.325395, 0.276629, 0.250604
0.250604, 0.224397, 0.174285, 0.123717, 0.0969021
0.0969021, 0.0700169, 0.0189282, -0.0322099, -0.0591611
-0.0591611, -0.0860692, -0.136889, -0.187352, -0.213783
-0.213783, -0.240058, -0.289372, -0.337929, -0.363196
-0.363196, -0.388198, -0.434804, -0.480273, -0.50376
-0.50376, -0.52688, -0.569642, -0.610915, -0.63205
-0.63205, -0.652725, -0.690602, -0.726672, -0.74494
-0.74494, -0.762666, -0.794735, -0.824725, -0.839681
-0.839681, -0.854026, -0.879505, -0.902683, -0.913963
-0.913963, -0.924578, -0.942846, -0.958649, -0.965977
-0.965977, -0.972603, -0.983215, -0.991257, -0.994456
-0.994456, -0.996931, -0.999629, -0.999714, -0.998705
-0.998705, -0.996969, -0.991688, -0.983813, -0.978621
-0.978621, -0.972717, -0.959584, -0.943943, -0.934694
-0.934694, -0.924765, -0.904101, -0.881074, -0.867993
-0.867993, -0.854281, -0.82659, -0.796737, -0.780145
-0.780145, -0.762984, -0.72894, -0.692989, -0.673288
-0.673288, -0.653097, -0.613529, -0.572357, -0.550027
-0.550027, -0.527298, -0.48317, -0.437779, -0.413366
-0.413365, -0.388651, -0.341039, -0.292535, -0.266632
-0.266632, -0.240535, -0.190599, -0.140164, -0.113403
-0.113403, -0.0865584, -0.0355146, 0.0156221, 0.0425901

0.916733, 0.905622, 0.882758, 0.857585, 0.843397
0.843397, 0.828596, 0.798891, 0.767098, 0.749512
0.749512, 0.731381, 0.695561, 0.657921, 0.637366
0.637366, 0.616346, 0.575283, 0.532715, 0.50969
0.50969, 0.486295, 0.440989, 0.394529, 0.369597
0.369597, 0.344395, 0.29595, 0.246731, 0.220498
0.220498, 0.194105, 0.143701, 0.0929208, 0.0660268
0.0660267, 0.0390847, -0.0120499, -0.0631529, -0.090053
-0.090053, -0.116888, -0.167507, -0.217688, -0.243939
-0.243939, -0.270012, -0.318882, -0.366919, -0.391881
-0.391881, -0.416558, -0.462489, -0.507211, -0.530275
-0.530275, -0.552954, -0.594827, -0.635144, -0.65575
-0.65575, -0.675878, -0.712672, -0.747603, -0.765247
-0.765247, -0.782335, -0.813154, -0.841846, -0.8561
-0.8561, -0.86973, -0.893823, -0.915579, -0.926094
-0.926094, -0.935935, -0.952715, -0.967004, -0.973525
-0.973525, -0.979337, -0.988395, -0.994868, -0.997236
-0.997236, -0.998877, -0.999993, -0.998493, -0.99665
-0.99665, -0.994081, -0.987227, -0.977791, -0.971781
-0.971781, -0.965064, -0.950407, -0.933265, -0.923235
-0.923235, -0.912534, -0.890432, -0.866, -0.852196
-0.852196, -0.837771, -0.808761, -0.777636, -0.760393
-0.760393, -0.742595, -0.707386, -0.670326, -0.650063
-0.650063, -0.629327, -0.588775, -0.546683, -0.523895
-0.523895, -0.500726, -0.455819, -0.409721, -0.384963
-0.384963, -0.359925, -0.311758, -0.262775, -0.236651
-0.236651, -0.210354, -0.160101, -0.109428, -0.0825733
-0.0825733, -0.0556585, -0.00454246, 0.0465855, 0.0735161
0.0735162, 0.100393, 0.151126, 0.201464, 0.227814
0.227814, 0.253999, 0.303113, 0.351434, 0.376562
0.376562, 0.401416, 0.447714, 0.492841, 0.516135
0.516135, 0.539053, 0.581407, 0.622241, 0.643133
0.643133, 0.663557, 0.700935, 0.73648, 0.754461
0.754461, 0.771893, 0.803385, 0.832775, 0.847407
0.847407, 0.861422, 0.88626, 0.908781, 0.919707
0.919707, 0.929963, 0.947542, 0.962644, 0.969598
0.969598, 0.975846, 0.985739, 0.993053, 0.995866
0.995866, 0.997954, 0.999918, 0.999266, 0.99787
0.99787, 0.995746, 0.989734, 0.981134, 0.975561
0.975561, 0.969278, 0.955437, 0.939096, 0.929484
0.929484, 0.919194, 0.89786, 0.874178, 0.86076
0.86076, 0.846715, 0.818408, 0.787961, 0.771064
0.771064, 0.753605, 0.719016, 0.682546, 0.662581
0.662581, 0.642135, 0.602105, 0.560501, 0.537956
0.537956, 0.515019, 0.470525, 0.424799, 0.400223
0.400223, 0.375355, 0.32748, 0.278748, 0.252739
0.252739, 0.226546, 0.176456, 0.125905, 0.0990972
0.0990972, 0.072217, 0.0211336, -0.0300052, -0.056959
-0.056959, -0.0838714, -0.134704, -0.185185, -0.211627
-0.211628, -0.237916, -0.28726, -0.335852, -0.36114
-0.36114, -0.386165, -0.432817, -0.478337, -0.501853
-0.501853, -0.525004, -0.567828, -0.609167, -0.630339
-0.630339, -0.651052, -0.689005, -0.725155, -0.743467
-0.743467, -0.761238, -0.793394, -0.823475, -0.838481
-0.838481, -0.852876, -0.878453, -0.901732, -0.913066
-0.913066, -0.923735, -0.942109, -0.958019, -0.965404
-0.965404, -0.972087, -0.982811, -0.990964, -0.994221
-0.994221, -0.996755, -0.999567, -0.999764, -0.998815
-0.998815, -0.997138, -0.991969, -0.984206, -0.979072
-0.979072, -0.973226, -0.960203, -0.944669, -0.935476
-0.935476, -0.925602, -0.905042, -0.882115, -0.869087
-0.869087, -0.855426, -0.82783, -0.798069, -0.781523
-0.781523, -0.764408, -0.730448, -0.694578, -0.674917
-0.674917, -0.654766, -0.615269, -0.574164, -0.551868

0.976712, 0.982145, 0.990478, 0.996221, 0.998201
0.998202, 0.999455, 0.999835, 0.997601, 0.99537
0.99537, 0.992415, 0.984832, 0.974674, 0.968287
0.968287, 0.961195, 0.945835, 0.928001, 0.917612
0.917612, 0.906555, 0.883792, 0.858717, 0.84458
0.84458, 0.829829, 0.800216, 0.768511, 0.750971
0.75097, 0.732883, 0.697144, 0.659581, 0.639064
0.639064, 0.618082, 0.577086, 0.53458, 0.511587
0.511587, 0.488221, 0.442967, 0.396555, 0.371645
0.371645, 0.346465, 0.298056, 0.248867, 0.222649
0.222649, 0.196268, 0.145883, 0.0951167, 0.0682275
0.0682275, 0.0412886, -0.00984428, -0.0609514, -0.087856
-0.087856, -0.114697, -0.165332, -0.215535, -0.241799
-0.241799, -0.267887, -0.316791, -0.364866, -0.389851
-0.389851, -0.414551, -0.460532, -0.505308, -0.528404
-0.528404, -0.551115, -0.593052, -0.633439, -0.654083
-0.654083, -0.674251, -0.711123, -0.746136, -0.763825
-0.763825, -0.780959, -0.811868, -0.840654, -0.854958
-0.854958, -0.868639, -0.892832, -0.91469, -0.92526
-0.92526, -0.935156, -0.952043, -0.96644, -0.973018
-0.973018, -0.978888, -0.988058, -0.994643, -0.997069
-0.997069, -0.99877, -0.999999, -0.998612, -0.996828
-0.996828, -0.994318, -0.987576, -0.978251, -0.972299
-0.972299, -0.96564, -0.951091, -0.934055, -0.924081
-0.924081, -0.913434, -0.891433, -0.867101, -0.853348
-0.853348, -0.838973, -0.810056, -0.779021, -0.761823
-0.761823, -0.744071, -0.708943, -0.671961, -0.651738
-0.651738, -0.63104, -0.590556, -0.548529, -0.525773
-0.525773, -0.502634, -0.457781, -0.411732, -0.386998
-0.386998, -0.361982, -0.313853, -0.264903, -0.238794
-0.238793, -0.21251, -0.162277, -0.11162, -0.0847714
-0.0847714, -0.0578607, -0.00674817, 0.044382, 0.0713162
0.0713162, 0.0981985, 0.148945, 0.199303, 0.225666
0.225666, 0.251865, 0.30101, 0.349368, 0.374518
0.374518, 0.399395, 0.445741, 0.490921, 0.514245
0.514245, 0.537194, 0.579611, 0.620513, 0.641442
0.641442, 0.661905, 0.69936, 0.734986, 0.753011
0.753011, 0.770488, 0.802069, 0.831552, 0.846234
0.846234, 0.8603, 0.885236, 0.907858, 0.918838
0.918838, 0.92915, 0.946835, 0.962044, 0.969056
0.969056, 0.975362, 0.985365, 0.992791, 0.995663
0.995663, 0.99781, 0.999887, 0.999348, 0.998011
0.998011, 0.995947, 0.990047, 0.981558, 0.976043
0.976043, 0.969819, 0.956085, 0.939852, 0.930295
0.930295, 0.920061, 0.898829, 0.875247, 0.86188
0.86188, 0.847886, 0.819674, 0.789317, 0.772466
0.772466, 0.755053, 0.720547, 0.684156, 0.664232
0.664232, 0.643824, 0.603865, 0.562326, 0.539814
0.539814, 0.516909, 0.47247, 0.426795, 0.402243
0.402243, 0.377399, 0.329563, 0.280866, 0.254873
0.254873, 0.228694, 0.178627, 0.128093, 0.101292
0.101292, 0.0744168, 0.0233388, -0.0278004, -0.0547567
-0.0547567, -0.0816732, -0.132518, -0.183017, -0.209471
-0.209471, -0.235773, -0.285146, -0.333774, -0.359082
-0.359082, -0.384129, -0.430827, -0.476398, -0.499944
-0.499944, -0.523126, -0.566011, -0.607416, -0.628625
-0.628625, -0.649377, -0.687404, -0.723635, -0.74199
-0.74199, -0.759806, -0.79205, -0.822222, -0.837277
-0.837277, -0.851723, -0.877397, -0.900776, -0.912164
-0.912164, -0.922888, -0.941367, -0.957384, -0.964827
-0.964827, -0.971568, -0.982401, -0.990665, -0.993982
-0.993982, -0.996576, -0.9995, -0.99981, -0.99892
-0.99892, -0.997302, -0.992246, -0.984594, -0.979519
-0.979519, -0.973731, -0.960817, -0.94539, -0.936253

0.664897, 0.684805, 0.721164, 0.755637, 0.773031
0.773032, 0.789864, 0.820183, 0.848358, 0.862332
0.862332, 0.875677, 0.899219, 0.920409, 0.930621
0.930621, 0.940156, 0.956346, 0.970035, 0.976237
0.976237, 0.981727, 0.990172, 0.996027, 0.998067
0.998067, 0.99938, 0.999873, 0.997751, 0.99558
0.99558, 0.992684, 0.985213, 0.975165, 0.968836
0.968836, 0.961801, 0.946548, 0.92882, 0.918487
0.918487, 0.907484, 0.884822, 0.859845, 0.845759
0.845759, 0.831057, 0.801537, 0.76992, 0.752425
0.752425, 0.734382, 0.698723, 0.661237, 0.640759
0.640759, 0.619814, 0.578886, 0.536443, 0.513481
0.513481, 0.490145, 0.444944, 0.398579, 0.373692
0.373692, 0.348534, 0.300161, 0.251003, 0.224799
0.224799, 0.19843, 0.148065, 0.0973123, 0.070428
0.070428, 0.0434924, -0.00763861, -0.0587497, -0.0856586
-0.0856586, -0.112505, -0.163156, -0.21338, -0.239658
-0.239658, -0.265762, -0.314698, -0.362812, -0.387819
-0.387819, -0.412543, -0.458573, -0.503404, -0.52653
-0.52653, -0.549273, -0.591275, -0.63173, -0.652413
-0.652413, -0.67262, -0.709571, -0.744665, -0.7624
-0.7624, -0.779579, -0.810578, -0.839457, -0.853812
-0.853812, -0.867545, -0.891836, -0.913796, -0.924421
-0.924421, -0.934373, -0.951366, -0.965871, -0.972507
-0.972507, -0.978435, -0.987715, -0.994412, -0.996898
-0.996898, -0.998659, -1, -0.998726, -0.997001
-0.997001, -0.99455, -0.98792, -0.978706, -0.972812
-0.972812, -0.96621, -0.95177, -0.93484, -0.924921
-0.924921, -0.914329, -0.892431, -0.868198, -0.854496
-0.854496, -0.840171, -0.811348, -0.780402, -0.76325
-0.76325, -0.745543, -0.710497, -0.673593, -0.653409
-0.653409, -0.63275, -0.592335, -0.550372, -0.527648
-0.527648, -0.50454, -0.459741, -0.413741, -0.389031
-0.389031, -0.364037, -0.315946, -0.267029, -0.240935
-0.240935, -0.214665, -0.164454, -0.113812, -0.086969
-0.086969, -0.0600626, -0.00895384, 0.0421783, 0.0691159
0.0691159, 0.0960031, 0.146764, 0.197141, 0.223517
0.223517, 0.24973, 0.298906, 0.3473, 0.372472
0.372472, 0.397372, 0.443765, 0.488998, 0.512352
0.512352, 0.535332, 0.577813, 0.618782, 0.639749
0.639749, 0.66025, 0.697782, 0.733489, 0.751558
0.751558, 0.76908, 0.80075, 0.830325, 0.845057
0.845057, 0.859173, 0.884208, 0.906931, 0.917966
0.917966, 0.928332, 0.946123, 0.96144, 0.968509
0.968509, 0.974873, 0.984987, 0.992524, 0.995455
0.995455, 0.997662, 0.999851, 0.999426, 0.998148
0.998148, 0.996143, 0.990355, 0.981977, 0.976521
0.976521, 0.970354, 0.95673, 0.940603, 0.931102
0.931102, 0.920923, 0.899794, 0.876312, 0.862997
0.862997, 0.849054, 0.820935, 0.79067, 0.773865
0.773865, 0.756498, 0.722075, 0.685763, 0.665879
0.665879, 0.64551, 0.605621, 0.564149, 0.541669
0.541669, 0.518796, 0.474413, 0.428789, 0.404262
0.404262, 0.37944, 0.331645, 0.282982, 0.257005
0.257005, 0.230841, 0.180797, 0.13028, 0.103486
0.103486, 0.0766163, 0.0255438, -0.0255954, -0.0525542
-0.0525542, -0.0794747, -0.130332, -0.180848, -0.207314
-0.207314, -0.233629, -0.283031, -0.331694, -0.357023
-0.357023, -0.382092, -0.428836, -0.474458, -0.498032
-0.498032, -0.521244, -0.564191, -0.605663, -0.626908
-0.626908, -0.647698, -0.685801, -0.72211, -0.74051
-0.74051, -0.75837, -0.790701, -0.820965, -0.836069
-0.836069, -0.850565, -0.876336, -0.899816, -0.911258
-0.911258, -0.922036, -0.94062, -0.956745, -0.964245

0.0999832, 0.126789, 0.177333, 0.227413, 0.2536
0.2536, 0.279603, 0.328321, 0.37618, 0.401039
0.401039, 0.425605, 0.47131, 0.515782, 0.538706
0.538706, 0.561238, 0.602816, 0.642817, 0.663248
0.663248, 0.683196, 0.719634, 0.75419, 0.771631
0.771631, 0.788509, 0.818919, 0.847188, 0.861213
0.861213, 0.87461, 0.898252, 0.919545, 0.929812
0.929812, 0.939402, 0.955699, 0.969497, 0.975756
0.975756, 0.981305, 0.989861, 0.995828, 0.997927
0.997927, 0.9993, 0.999906, 0.997896, 0.995784
0.995784, 0.992947, 0.985588, 0.975652, 0.96938
0.96938, 0.962402, 0.947257, 0.929635, 0.919357
0.919357, 0.908409, 0.885847, 0.860969, 0.846934
0.846934, 0.832282, 0.802854, 0.771326, 0.753876
0.753876, 0.735878, 0.7003, 0.66289, 0.642451
0.642451, 0.621544, 0.580683, 0.538303, 0.515372
0.515372, 0.492066, 0.446918, 0.400601, 0.375737
0.375737, 0.3506, 0.302264, 0.253138, 0.226947
0.226947, 0.200592, 0.150246, 0.0995073, 0.0726281
0.0726281, 0.045696, -0.00543292, -0.0565476, -0.0834607
-0.0834607, -0.110313, -0.160979, -0.211225, -0.237516
-0.237516, -0.263635, -0.312604, -0.360755, -0.385784
-0.385784, -0.410533, -0.456612, -0.501497, -0.524653
-0.524653, -0.547428, -0.589495, -0.630019, -0.650739
-0.650739, -0.670986, -0.708015, -0.743191, -0.760971
-0.760971, -0.778196, -0.809284, -0.838256, -0.852661
-0.852661, -0.866445, -0.890836, -0.912898, -0.923577
-0.923577, -0.933584, -0.950684, -0.965297, -0.971991
-0.971991, -0.977977, -0.987368, -0.994177, -0.996722
-0.996722, -0.998542, -0.999996, -0.998835, -0.997169
-0.997169, -0.994778, -0.988259, -0.979156, -0.973321
-0.973321, -0.966777, -0.952444, -0.935621, -0.925758
-0.925758, -0.91522, -0.893424, -0.86929, -0.855639
-0.855639, -0.841365, -0.812635, -0.78178, -0.764674
-0.764674, -0.747011, -0.712047, -0.675221, -0.655077
-0.655077, -0.634456, -0.594111, -0.552212, -0.52952
-0.52952, -0.506443, -0.461699, -0.415748, -0.391062
-0.391062, -0.366091, -0.318038, -0.269154, -0.243075
-0.243075, -0.216819, -0.166629, -0.116003, -0.0891661
-0.0891661, -0.0622642, -0.0111595, 0.0399745, 0.0669152
0.0669153, 0.0938073, 0.144582, 0.194978, 0.221366
0.221366, 0.247593, 0.2968, 0.345231, 0.370424
0.370424, 0.395347, 0.441788, 0.487073, 0.510456
0.510456, 0.533468, 0.576011, 0.617047, 0.638052
0.638052, 0.658592, 0.6962, 0.731988, 0.750101
0.750101, 0.767669, 0.799427, 0.829094, 0.843875
0.843875, 0.858042, 0.883176, 0.905999, 0.917089
0.917089, 0.92751, 0.945407, 0.960831, 0.967957
0.967958, 0.974379, 0.984603, 0.992252, 0.995243
0.995243, 0.997509, 0.999811, 0.999498, 0.998279
0.998279, 0.996334, 0.990658, 0.982391, 0.976994
0.976994, 0.970885, 0.957369, 0.941349, 0.931904
0.931904, 0.92178, 0.900754, 0.877372, 0.864109
0.864109, 0.850217, 0.822193, 0.792018, 0.77526
0.77526, 0.757939, 0.723599, 0.687367, 0.667523
0.667523, 0.647194, 0.607375, 0.565969, 0.543522
0.543522, 0.52068, 0.476353, 0.430781, 0.406278
0.406278, 0.38148, 0.333725, 0.285097, 0.259136
0.259136, 0.232986, 0.182966, 0.132467, 0.10568
0.10568, 0.0788154, 0.0277488, -0.0233903, -0.0503513
-0.0503513, -0.0772757, -0.128144, -0.178678, -0.205156
-0.205156, -0.231484, -0.280915, -0.329612, -0.354961
-0.354961, -0.380052, -0.426842, -0.472515, -0.496119
-0.496119, -0.519361, -0.562369, -0.603906, -0.625188

-0.50299, -0.479491, -0.434002, -0.387378, -0.362366
-0.362366, -0.337091, -0.288519, -0.239194, -0.212913
-0.212913, -0.186477, -0.136007, -0.085182, -0.0582721
-0.0582721, -0.0313198, 0.0198186, 0.0709051, 0.0977883
0.0977883, 0.1246, 0.175162, 0.225265, 0.251466
0.251466, 0.277485, 0.326237, 0.374136, 0.399017
0.399017, 0.423608, 0.469364, 0.513891, 0.536846
0.536847, 0.559411, 0.601054, 0.641126, 0.661596
0.661596, 0.681584, 0.718101, 0.75274, 0.770226
0.770226, 0.78715, 0.817652, 0.846014, 0.860089
0.860089, 0.873538, 0.89728, 0.918676, 0.928998
0.928998, 0.938643, 0.955047, 0.968954, 0.975271
0.975271, 0.980878, 0.989545, 0.995624, 0.997783
0.997783, 0.999215, 0.999934, 0.998037, 0.995984
0.995984, 0.993207, 0.985959, 0.976133, 0.969919
0.969919, 0.962999, 0.947962, 0.930446, 0.920222
0.920222, 0.909329, 0.886869, 0.862089, 0.848105
0.848105, 0.833503, 0.804167, 0.772728, 0.755324
0.755324, 0.737369, 0.701872, 0.66454, 0.64414
0.64414, 0.62327, 0.582477, 0.540161, 0.517261
0.517261, 0.493985, 0.44889, 0.402621, 0.37778
0.37778, 0.352665, 0.304366, 0.255271, 0.229095
0.229095, 0.202752, 0.152426, 0.101702, 0.0748278
0.0748278, 0.0478993, -0.00322719, -0.0543452, -0.0812625
-0.0812625, -0.108121, -0.158802, -0.209068, -0.235373
-0.235373, -0.261506, -0.310508, -0.358697, -0.383749
-0.383749, -0.40852, -0.454648, -0.499587, -0.522774
-0.522774, -0.545581, -0.587711, -0.628305, -0.649063
-0.649063, -0.669349, -0.706455, -0.741714, -0.759538
-0.759538, -0.776809, -0.807987, -0.837052, -0.851507
-0.851507, -0.865342, -0.889832, -0.911995, -0.922729
-0.922729, -0.932792, -0.949997, -0.964718, -0.97147
-0.97147, -0.977514, -0.987016, -0.993937, -0.996541
-0.996541, -0.99842, -0.999987, -0.998939, -0.997333
-0.997333, -0.995001, -0.988594, -0.979602, -0.973824
-0.973824, -0.967338, -0.953114, -0.936398, -0.92659
-0.92659, -0.916107, -0.894412, -0.870379, -0.856779
-0.856779, -0.842555, -0.813919, -0.783153, -0.766093
-0.766093, -0.748476, -0.713594, -0.676847, -0.656742
-0.656742, -0.636159, -0.595884, -0.554049, -0.53139
-0.53139, -0.508344, -0.463655, -0.417753, -0.393091
-0.393091, -0.368142, -0.320129, -0.271278, -0.245214
-0.245214, -0.218972, -0.168803, -0.118194, -0.0913629
-0.0913629, -0.0644655, -0.0133651, 0.0377704, 0.0647143
0.0647143, 0.0916111, 0.142399, 0.192814, 0.219215
0.219215, 0.245456, 0.294693, 0.34316, 0.368374
0.368374, 0.39332, 0.439808, 0.485145, 0.508558
0.508558, 0.531601, 0.574206, 0.61531, 0.636352
0.636352, 0.65693, 0.694615, 0.730483, 0.748641
0.748641, 0.766253, 0.7981, 0.827859, 0.84269
0.84269, 0.856907, 0.882139, 0.905064, 0.916207
0.916207, 0.926683, 0.944686, 0.960217, 0.967401
0.967401, 0.973881, 0.984215, 0.991976, 0.995025
0.995025, 0.997351, 0.999765, 0.999565, 0.998406
0.998406, 0.996521, 0.990957, 0.982801, 0.977462
0.977462, 0.971411, 0.958004, 0.942091, 0.932702
0.932702, 0.922633, 0.90171, 0.878428, 0.865217
0.865217, 0.851376, 0.823446, 0.793363, 0.776652
0.776652, 0.759376, 0.72512, 0.688967, 0.669164
0.669164, 0.648873, 0.609126, 0.567786, 0.545372
0.545372, 0.522562, 0.478291, 0.43277, 0.408293
0.408293, 0.383518, 0.335803, 0.28721, 0.261266
0.261266, 0.235131, 0.185134, 0.134653, 0.107873
0.107873, 0.081014, 0.0299536, -0.0211851, -0.0481483

-0.914496, -0.903249, -0.88013, -0.85471, -0.840394
-0.840395, -0.825468, -0.795533, -0.763517, -0.745817
-0.745817, -0.727575, -0.691552, -0.653721, -0.633069
-0.633069, -0.611955, -0.570723, -0.527998, -0.504896
-0.504895, -0.481426, -0.435988, -0.38941, -0.364421
-0.364421, -0.339166, -0.290631, -0.241335, -0.215067
-0.215067, -0.188644, -0.138192, -0.0873795, -0.060474
-0.060474, -0.0335244, 0.0176132, 0.0687048, 0.0955929
0.0955929, 0.122411, 0.172989, 0.223115, 0.249331
0.249331, 0.275365, 0.324151, 0.372089, 0.396994
0.396994, 0.421609, 0.467415, 0.511998, 0.534984
0.534984, 0.557581, 0.59929, 0.639432, 0.65994
0.65994, 0.679968, 0.716564, 0.751286, 0.768817
0.768817, 0.785788, 0.81638, 0.844836, 0.858962
0.858962, 0.872463, 0.896304, 0.917802, 0.928179
0.928179, 0.93788, 0.954391, 0.968406, 0.974781
0.974781, 0.980447, 0.989225, 0.995416, 0.997634
0.997634, 0.999125, 0.999957, 0.998173, 0.996179
0.996179, 0.993461, 0.986325, 0.97661, 0.970454
0.970454, 0.963591, 0.948662, 0.931252, 0.921083
0.921083, 0.910244, 0.887886, 0.863205, 0.849271
0.849271, 0.83472, 0.805476, 0.774126, 0.756767
0.756767, 0.738858, 0.703442, 0.666187, 0.645825
0.645825, 0.624994, 0.584269, 0.542016, 0.519148
0.519148, 0.495902, 0.45086, 0.404639, 0.379822
0.379822, 0.354728, 0.306466, 0.257403, 0.231241
0.231241, 0.204912, 0.154606, 0.103896, 0.0770272
0.0770272, 0.0501024, -0.00102145, -0.0521426, -0.0790638
-0.0790638, -0.105928, -0.156624, -0.206911, -0.233229
-0.233229, -0.259377, -0.30841, -0.356638, -0.381711
-0.381711, -0.406506, -0.452683, -0.497675, -0.520893
-0.520893, -0.543731, -0.585925, -0.626587, -0.647384
-0.647384, -0.667709, -0.704892, -0.740233, -0.758101
-0.758101, -0.775418, -0.806685, -0.835843, -0.850348
-0.850348, -0.864234, -0.888824, -0.911088, -0.921877
-0.921877, -0.931994, -0.949306, -0.964135, -0.970944
-0.970944, -0.977047, -0.98666, -0.993692, -0.996356
-0.996356, -0.998294, -0.999974, -0.999038, -0.997491
-0.997491, -0.995218, -0.988924, -0.980043, -0.974323
-0.974323, -0.967895, -0.953779, -0.937169, -0.927417
-0.927417, -0.916989, -0.895397, -0.871463, -0.857914
-0.857914, -0.843741, -0.815198, -0.784523, -0.767509
-0.767509, -0.749936, -0.715138, -0.678469, -0.658404
-0.658404, -0.63786, -0.597654, -0.555884, -0.533257
-0.533257, -0.510242, -0.465608, -0.419756, -0.395118
-0.395118, -0.370192, -0.322218, -0.2734, -0.247352
-0.247352, -0.221123, -0.170977, -0.120384, -0.0935592
-0.0935592, -0.0666665, -0.0155706, 0.0355661, 0.062513
0.062513, 0.0894144, 0.140215, 0.190649, 0.217062
0.217062, 0.243317, 0.292585, 0.341088, 0.366323
0.366323, 0.391291, 0.437826, 0.483215, 0.506658
0.506658, 0.529732, 0.572399, 0.61357, 0.634649
0.634649, 0.655265, 0.693027, 0.728975, 0.747177
0.747177, 0.764834, 0.796769, 0.826619, 0.8415
0.8415, 0.855768, 0.881098, 0.904123, 0.915321
0.915321, 0.925852, 0.94396, 0.959599, 0.96684
0.96684, 0.973378, 0.983823, 0.991695, 0.994803
0.994803, 0.997188, 0.999715, 0.999628, 0.998528
0.998528, 0.996702, 0.99125, 0.983206, 0.977925
0.977925, 0.971932, 0.958634, 0.942829, 0.933495
0.933495, 0.923482, 0.902661, 0.87948, 0.866321
0.866321, 0.852531, 0.824696, 0.794704, 0.778039
0.778039, 0.760809, 0.726637, 0.690564, 0.670801
0.670801, 0.65055, 0.610874, 0.5696, 0.54722

-0.977891, -0.983176, -0.991229, -0.996689, -0.998519
-0.99852, -0.999624, -0.999719, -0.9972, -0.99482
-0.99482, -0.991715, -0.983852, -0.973415, -0.966882
-0.966882, -0.959645, -0.944014, -0.925913, -0.915386
-0.915386, -0.904193, -0.881175, -0.855852, -0.841588
-0.841588, -0.826711, -0.796867, -0.764939, -0.747285
-0.747285, -0.729087, -0.693144, -0.655388, -0.634774
-0.634774, -0.613698, -0.572533, -0.52987, -0.506798
-0.506798, -0.483358, -0.437972, -0.391441, -0.366474
-0.366474, -0.341241, -0.292741, -0.243475, -0.217221
-0.217221, -0.190809, -0.140376, -0.0895766, -0.0626755
-0.0626755, -0.0357289, 0.0154077, 0.0665041, 0.093397
0.093397, 0.120222, 0.170817, 0.220964, 0.247194
0.247194, 0.273244, 0.322064, 0.370041, 0.394968
0.394968, 0.419608, 0.465464, 0.510102, 0.533119
0.533119, 0.555749, 0.597523, 0.637734, 0.658281
0.658281, 0.678349, 0.715024, 0.749829, 0.767405
0.767405, 0.784422, 0.815104, 0.843654, 0.857831
0.857831, 0.871383, 0.895324, 0.916924, 0.927356
0.927356, 0.937113, 0.95373, 0.967854, 0.974287
0.974287, 0.98001, 0.9889, 0.995203, 0.99748
0.99748, 0.999031, 0.999975, 0.998304, 0.99637
0.99637, 0.99371, 0.986686, 0.977081, 0.970983
0.970983, 0.964179, 0.949357, 0.932053, 0.92194
0.92194, 0.911155, 0.888898, 0.864316, 0.850434
0.850434, 0.835932, 0.806781, 0.775521, 0.758207
0.758207, 0.740342, 0.705008, 0.66783, 0.647508
0.647508, 0.626714, 0.586057, 0.543868, 0.521032
0.521032, 0.497816, 0.452828, 0.406655, 0.381861
0.381861, 0.35679, 0.308565, 0.259534, 0.233387
0.233387, 0.20707, 0.156785, 0.106089, 0.0792262
0.0792262, 0.0523052, 0.0011843, -0.0499397, -0.0768648
-0.0768648, -0.103734, -0.154445, -0.204752, -0.231083
-0.231083, -0.257246, -0.306311, -0.354576, -0.379671
-0.379671, -0.40449, -0.450715, -0.495761, -0.519009
-0.519009, -0.541879, -0.584136, -0.624866, -0.645701
-0.645701, -0.666065, -0.703326, -0.738748, -0.756661
-0.756661, -0.774023, -0.80538, -0.83463, -0.849185
-0.849185, -0.863123, -0.887811, -0.910177, -0.92102
-0.92102, -0.931193, -0.948611, -0.963548, -0.970414
-0.970414, -0.976575, -0.986298, -0.993442, -0.996165
-0.996165, -0.998163, -0.999955, -0.999132, -0.997645
-0.997645, -0.995431, -0.989249, -0.980479, -0.974818
-0.974818, -0.968447, -0.95444, -0.937937, -0.92824
-0.92824, -0.917867, -0.896377, -0.872542, -0.859045
-0.859045, -0.844923, -0.816474, -0.785889, -0.768921
-0.768921, -0.751394, -0.716678, -0.680088, -0.660062
-0.660062, -0.639557, -0.599421, -0.557716, -0.535122
-0.535122, -0.512138, -0.467559, -0.421757, -0.397143
-0.397143, -0.37224, -0.324305, -0.275521, -0.249488
-0.249488, -0.223274, -0.17315, -0.122573, -0.095755
-0.095755, -0.0688672, -0.017776, 0.0333617, 0.0603114
0.0603114, 0.0872173, 0.138031, 0.188484, 0.214908
0.214908, 0.241177, 0.290475, 0.339013, 0.364269
0.364269, 0.38926, 0.435842, 0.481283, 0.504755
0.504755, 0.527859, 0.570589, 0.611827, 0.632943
0.632943, 0.653598, 0.691435, 0.727463, 0.745709
0.745709, 0.763411, 0.795434, 0.825376, 0.840306
0.840306, 0.854625, 0.880053, 0.903179, 0.91443
0.91443, 0.925016, 0.943229, 0.958976, 0.966275
0.966275, 0.97287, 0.983425, 0.991408, 0.994576
0.994576, 0.99702, 0.99966, 0.999686, 0.998646
0.998646, 0.996879, 0.991539, 0.983606, 0.978384
0.978384, 0.972449, 0.95926, 0.943562, 0.934284

-0.669043, -0.688849, -0.725007, -0.75927, -0.776549
-0.776549, -0.793264, -0.823354, -0.851291, -0.865135
-0.865135, -0.87835, -0.901639, -0.92257, -0.932643
-0.932643, -0.942037, -0.957957, -0.971372, -0.977427
-0.977427, -0.982771, -0.990935, -0.996507, -0.998397
-0.998397, -0.999561, -0.999769, -0.997363, -0.995042
-0.995042, -0.991996, -0.984244, -0.973918, -0.967442
-0.967442, -0.960263, -0.944739, -0.926744, -0.916272
-0.916272, -0.905133, -0.882216, -0.856991, -0.842777
-0.842777, -0.82795, -0.798198, -0.766358, -0.748749
-0.748749, -0.730595, -0.694732, -0.657053, -0.636477
-0.636477, -0.615439, -0.57434, -0.531739, -0.508698
-0.508698, -0.485288, -0.439954, -0.39347, -0.368526
-0.368525, -0.343313, -0.294849, -0.245614, -0.219374
-0.219374, -0.192974, -0.14256, -0.0917733, -0.0648768
-0.0648768, -0.0379331, 0.0132022, 0.064303, 0.0912007
0.0912007, 0.118032, 0.168643, 0.218813, 0.245056
0.245056, 0.271121, 0.319975, 0.367991, 0.392941
0.392941, 0.417605, 0.46351, 0.508203, 0.531252
0.531252, 0.553914, 0.595753, 0.636034, 0.656619
0.656619, 0.676727, 0.71348, 0.748368, 0.765989
0.765989, 0.783052, 0.813824, 0.842468, 0.856695
0.856695, 0.870298, 0.894339, 0.916042, 0.926528
0.926528, 0.93634, 0.953065, 0.967297, 0.973787
0.973787, 0.979569, 0.988569, 0.994984, 0.997321
0.997321, 0.998931, 0.999988, 0.99843, 0.996555
0.996555, 0.993955, 0.987042, 0.977549, 0.971509
0.971509, 0.964761, 0.950048, 0.93285, 0.922792
0.922792, 0.912062, 0.889906, 0.865424, 0.851592
0.851592, 0.837141, 0.808083, 0.776911, 0.759644
0.759644, 0.741823, 0.706571, 0.66947, 0.649187
0.649187, 0.628431, 0.587843, 0.545718, 0.522913
0.522913, 0.499728, 0.454793, 0.408669, 0.383899
0.383899, 0.358849, 0.310663, 0.261663, 0.235531
0.235531, 0.209227, 0.158963, 0.108282, 0.0814248
0.0814248, 0.0545078, 0.00339004, -0.0477366, -0.0746654
-0.0746654, -0.10154, -0.152265, -0.202593, -0.228936
-0.228936, -0.255114, -0.304211, -0.352513, -0.37763
-0.37763, -0.402472, -0.448745, -0.493844, -0.517122
-0.517122, -0.540024, -0.582345, -0.623143, -0.644015
-0.644015, -0.664418, -0.701756, -0.737259, -0.755217
-0.755217, -0.772625, -0.80407, -0.833413, -0.848018
-0.848018, -0.862007, -0.886793, -0.909261, -0.920158
-0.920158, -0.930386, -0.94791, -0.962955, -0.969879
-0.969879, -0.976098, -0.985932, -0.993188, -0.99597
-0.99597, -0.998027, -0.999932, -0.999222, -0.997794
-0.997794, -0.99564, -0.989569, -0.98091, -0.975307
-0.975307, -0.968994, -0.955096, -0.938699, -0.929058
-0.929058, -0.91874, -0.897352, -0.873618, -0.860172
-0.860172, -0.846101, -0.817745, -0.787251, -0.770329
-0.770329, -0.752847, -0.718214, -0.681703, -0.661718
-0.661718, -0.641251, -0.601185, -0.559546, -0.536984
-0.536984, -0.514031, -0.469507, -0.423756, -0.399167
-0.399167, -0.374287, -0.326391, -0.277641, -0.251624
-0.251624, -0.225423, -0.175322, -0.124762, -0.0979504
-0.0979504, -0.0710676, -0.0199814, 0.0311571, 0.0581095
0.0581096, 0.0850197, 0.135846, 0.186317, 0.212754
0.212754, 0.239036, 0.288364, 0.336937, 0.362214
0.362214, 0.387227, 0.433855, 0.479348, 0.50285
0.50285, 0.525985, 0.568776, 0.61008, 0.631233
0.631233, 0.651927, 0.689839, 0.725948, 0.744237
0.744237, 0.761985, 0.794095, 0.824129, 0.839109
0.839109, 0.853478, 0.879003, 0.90223, 0.913535
0.913535, 0.924176, 0.942495, 0.958348, 0.965704

-0.105518, -0.132306, -0.182806, -0.232828, -0.258979
-0.258979, -0.284941, -0.333571, -0.38133, -0.40613
-0.40613, -0.430634, -0.47621, -0.520541, -0.543385
-0.543385, -0.565834, -0.607246, -0.647069, -0.667402
-0.667402, -0.687249, -0.723487, -0.757832, -0.775158
-0.775158, -0.791919, -0.8221, -0.850131, -0.864027
-0.864027, -0.877294, -0.900683, -0.921717, -0.931845
-0.931845, -0.941295, -0.957322, -0.970846, -0.976959
-0.976959, -0.982361, -0.990636, -0.99632, -0.99827
-0.99827, -0.999493, -0.999814, -0.99752, -0.995259
-0.995259, -0.992272, -0.984632, -0.974416, -0.967998
-0.967998, -0.960876, -0.94546, -0.927571, -0.917153
-0.917153, -0.906068, -0.883252, -0.858126, -0.843963
-0.843963, -0.829185, -0.799524, -0.767773, -0.750209
-0.750209, -0.732099, -0.696317, -0.658714, -0.638177
-0.638177, -0.617176, -0.576144, -0.533606, -0.510596
-0.510596, -0.487215, -0.441934, -0.395496, -0.370575
-0.370575, -0.345384, -0.296956, -0.247751, -0.221525
-0.221525, -0.195138, -0.144743, -0.0939695, -0.0670777
-0.0670777, -0.0401372, 0.0109966, 0.0621017, 0.0890039
0.0890039, 0.115841, 0.166468, 0.21666, 0.242917
0.242917, 0.268998, 0.317884, 0.365939, 0.390912
0.390912, 0.4156, 0.461555, 0.506302, 0.529382
0.529382, 0.552076, 0.59398, 0.63433, 0.654954
0.654954, 0.675101, 0.711933, 0.746903, 0.764569
0.764569, 0.781678, 0.81254, 0.841277, 0.855555
0.855555, 0.86921, 0.89335, 0.915155, 0.925696
0.925696, 0.935564, 0.952395, 0.966735, 0.973283
0.973283, 0.979123, 0.988234, 0.994761, 0.997157
0.997157, 0.998827, 0.999996, 0.998551, 0.996735
0.996735, 0.994195, 0.987394, 0.978011, 0.972029
0.972029, 0.965339, 0.950734, 0.933643, 0.92364
0.92364, 0.912964, 0.89091, 0.866527, 0.852746
0.852746, 0.838345, 0.80938, 0.778298, 0.761076
0.761076, 0.7433, 0.70813, 0.671107, 0.650863
0.650863, 0.630146, 0.589626, 0.547565, 0.524792
0.524792, 0.501637, 0.456757, 0.410681, 0.385935
0.385935, 0.360907, 0.312758, 0.263792, 0.237674
0.237674, 0.211384, 0.16114, 0.110475, 0.083623
0.083623, 0.0567102, 0.00559576, -0.0455333, -0.0724656
-0.0724656, -0.0993452, -0.150085, -0.200432, -0.226789
-0.226789, -0.25298, -0.302109, -0.350448, -0.375586
-0.375586, -0.400451, -0.446772, -0.491925, -0.515233
-0.515233, -0.538166, -0.58055, -0.621416, -0.642326
-0.642326, -0.662768, -0.700183, -0.735767, -0.753769
-0.753769, -0.771223, -0.802757, -0.832192, -0.846847
-0.846847, -0.860886, -0.885772, -0.908341, -0.919293
-0.919293, -0.929575, -0.947205, -0.962358, -0.96934
-0.96934, -0.975616, -0.985561, -0.992928, -0.995769
-0.995769, -0.997886, -0.999904, -0.999306, -0.997938
-0.997938, -0.995843, -0.989884, -0.981337, -0.975792
-0.975792, -0.969537, -0.955747, -0.939457, -0.929872
-0.929872, -0.919609, -0.898323, -0.874689, -0.861295
-0.861295, -0.847275, -0.819013, -0.788609, -0.771734
-0.771734, -0.754297, -0.719747, -0.683315, -0.66337
-0.66337, -0.642942, -0.602946, -0.561373, -0.538843
-0.538843, -0.515922, -0.471454, -0.425753, -0.401188
-0.401188, -0.376331, -0.328475, -0.27976, -0.253758
-0.253758, -0.227572, -0.177493, -0.12695, -0.100145
-0.100145, -0.0732676, -0.0221866, 0.0289523, 0.0559074
0.0559074, 0.0828218, 0.13366, 0.184149, 0.210598
0.210598, 0.236893, 0.286251, 0.33486, 0.360157
0.360157, 0.385193, 0.431867, 0.477411, 0.500942
0.500942, 0.524107, 0.566961, 0.608331, 0.629521

0.498174, 0.474601, 0.428983, 0.382242, 0.357175
0.357175, 0.331847, 0.283188, 0.233788, 0.207473
0.207473, 0.181008, 0.130493, 0.079637, 0.0527168
0.0527168, 0.0257582, -0.025381, -0.0764539, -0.103324
-0.103324, -0.130119, -0.180637, -0.230682, -0.256847
-0.256847, -0.282826, -0.331491, -0.37929, -0.404113
-0.404113, -0.428642, -0.474269, -0.518656, -0.541532
-0.541532, -0.564014, -0.605492, -0.645386, -0.665758
-0.665758, -0.685645, -0.721962, -0.756391, -0.773762
-0.773762, -0.79057, -0.820842, -0.848968, -0.862914
-0.862914, -0.876233, -0.899723, -0.920859, -0.931042
-0.931042, -0.940548, -0.956682, -0.970315, -0.976486
-0.976486, -0.981946, -0.990333, -0.996129, -0.998138
-0.998138, -0.99942, -0.999854, -0.997673, -0.995471
-0.995471, -0.992544, -0.985015, -0.974909, -0.96855
-0.96855, -0.961485, -0.946176, -0.928393, -0.91803
-0.91803, -0.907, -0.884284, -0.859256, -0.845144
-0.845144, -0.830416, -0.800847, -0.769185, -0.751666
-0.751666, -0.7336, -0.697898, -0.660372, -0.639874
-0.639874, -0.61891, -0.577945, -0.53547, -0.512492
-0.512492, -0.48914, -0.443911, -0.397521, -0.372623
-0.372623, -0.347453, -0.299061, -0.249887, -0.223675
-0.223675, -0.197301, -0.146925, -0.0961652, -0.0692783
-0.0692783, -0.042341, 0.00879101, 0.0599001, 0.0868067
0.0868067, 0.11365, 0.164293, 0.214506, 0.240777
0.240777, 0.266872, 0.315792, 0.363885, 0.38888
0.38888, 0.413592, 0.459597, 0.504399, 0.527509
0.527509, 0.550236, 0.592204, 0.632623, 0.653286
0.653286, 0.673472, 0.710382, 0.745434, 0.763145
0.763145, 0.780301, 0.811253, 0.840083, 0.854411
0.854411, 0.868117, 0.892357, 0.914263, 0.92486
0.92486, 0.934783, 0.95172, 0.966168, 0.972774
0.972774, 0.978672, 0.987895, 0.994533, 0.996988
0.996988, 0.998718, 1, 0.998667, 0.996911
0.996911, 0.99443, 0.987741, 0.978469, 0.972545
0.972545, 0.965913, 0.951416, 0.934431, 0.924483
0.924483, 0.913862, 0.89191, 0.867626, 0.853896
0.853896, 0.839546, 0.810674, 0.779681, 0.762505
0.762505, 0.744774, 0.709685, 0.672741, 0.652536
0.652536, 0.631857, 0.591406, 0.549409, 0.526668
0.526668, 0.503544, 0.458718, 0.412691, 0.387969
0.387969, 0.362964, 0.314853, 0.265919, 0.239816
0.239816, 0.213539, 0.163317, 0.112667, 0.0858208
0.0858208, 0.0589122, 0.00780146, -0.0433297, -0.0702655
-0.0702655, -0.0971502, -0.147904, -0.198271, -0.22464
-0.22464, -0.250846, -0.300006, -0.348381, -0.373541
-0.373541, -0.398429, -0.444798, -0.490003, -0.513341
-0.513341, -0.536305, -0.578753, -0.619687, -0.640634
-0.640634, -0.661115, -0.698607, -0.734272, -0.752318
-0.752318, -0.769817, -0.80144, -0.830967, -0.845672
-0.845672, -0.859762, -0.884746, -0.907416, -0.918422
-0.918422, -0.92876, -0.946496, -0.961756, -0.968795
-0.968795, -0.975129, -0.985185, -0.992664, -0.995564
-0.995564, -0.99774, -0.99987, -0.999386, -0.998077
-0.998077, -0.996041, -0.990195, -0.981758, -0.976272
-0.976272, -0.970075, -0.956394, -0.940211, -0.930681
-0.930681, -0.920473, -0.89929, -0.875756, -0.862414
-0.862414, -0.848444, -0.820276, -0.789963, -0.773135
-0.773135, -0.755744, -0.721277, -0.684924, -0.665019
-0.665019, -0.64463, -0.604704, -0.563197, -0.5407
-0.5407, -0.51781, -0.473398, -0.427748, -0.403207
-0.403207, -0.378374, -0.330557, -0.281877, -0.255891
-0.255891, -0.229719, -0.179663, -0.129138, -0.10234
-0.10234, -0.0754672, -0.0243918, 0.0267474, 0.053705

0.912231, 0.900847, 0.877475, 0.851808, 0.837366
0.837366, 0.822315, 0.792149, 0.759912, 0.742099
0.742099, 0.723747, 0.687523, 0.6495, 0.628752
0.628752, 0.607546, 0.566145, 0.523264, 0.500085
0.500085, 0.476542, 0.430974, 0.384279, 0.359234
0.359234, 0.333927, 0.285302, 0.235932, 0.20963
0.20963, 0.183177, 0.13268, 0.0818355, 0.0549193
0.0549193, 0.0279632, -0.023176, -0.0742544, -0.10113
-0.10113, -0.127932, -0.178467, -0.228535, -0.254715
-0.254715, -0.280709, -0.329409, -0.377248, -0.402094
-0.402094, -0.426648, -0.472326, -0.516769, -0.539677
-0.539677, -0.562191, -0.603735, -0.6437, -0.66411
-0.66411, -0.684037, -0.720434, -0.754947, -0.772363
-0.772363, -0.789217, -0.81958, -0.8478, -0.861798
-0.861798, -0.875168, -0.898758, -0.919997, -0.930235
-0.930235, -0.939796, -0.956038, -0.969779, -0.976008
-0.976008, -0.981527, -0.990024, -0.995933, -0.998001
-0.998001, -0.999343, -0.999889, -0.997821, -0.995678
-0.995678, -0.99281, -0.985393, -0.975398, -0.969096
-0.969096, -0.962089, -0.946888, -0.92921, -0.918903
-0.918903, -0.907926, -0.885312, -0.860383, -0.846321
-0.846321, -0.831643, -0.802166, -0.770592, -0.753119
-0.753119, -0.735097, -0.699476, -0.662027, -0.641567
-0.641567, -0.620641, -0.579744, -0.537331, -0.514384
-0.514384, -0.491063, -0.445887, -0.399544, -0.374669
-0.374669, -0.349521, -0.301165, -0.252023, -0.225825
-0.225825, -0.199463, -0.149107, -0.0983605, -0.0714786
-0.0714786, -0.0445447, 0.00658532, 0.0576981, 0.0846091
0.0846091, 0.111458, 0.162117, 0.212351, 0.238635
0.238635, 0.264746, 0.313698, 0.36183, 0.386847
0.386847, 0.411583, 0.457637, 0.502493, 0.525634
0.525634, 0.548392, 0.590425, 0.630914, 0.651614
0.651614, 0.67184, 0.708828, 0.743962, 0.761718
0.761718, 0.778919, 0.809961, 0.838884, 0.853263
0.853263, 0.86702, 0.891359, 0.913368, 0.924018
0.924018, 0.933997, 0.951041, 0.965597, 0.972261
0.972261, 0.978217, 0.98755, 0.994301, 0.996815
0.996815, 0.998603, 0.999999, 0.998778, 0.997082
0.997082, 0.99466, 0.988083, 0.978922, 0.973056
0.973056, 0.966481, 0.952093, 0.935214, 0.925321
0.925321, 0.914755, 0.892905, 0.86872, 0.855042
0.855042, 0.840742, 0.811963, 0.781061, 0.76393
0.76393, 0.746244, 0.711238, 0.674371, 0.654206
0.654206, 0.633565, 0.593183, 0.551251, 0.528542
0.528542, 0.505449, 0.460677, 0.414699, 0.390001
0.390001, 0.365018, 0.316946, 0.268044, 0.241957
0.241957, 0.215694, 0.165492, 0.114858, 0.0880182
0.0880182, 0.061114, 0.0100071, -0.0411259, -0.0680651
-0.0680651, -0.0949546, -0.145722, -0.196108, -0.22249
-0.22249, -0.24871, -0.297901, -0.346313, -0.371494
-0.371494, -0.396405, -0.442821, -0.488079, -0.511447
-0.511447, -0.534442, -0.576953, -0.617954, -0.638939
-0.638939, -0.659458, -0.697027, -0.732773, -0.750863
-0.750863, -0.768407, -0.800118, -0.829738, -0.844493
-0.844493, -0.858634, -0.883716, -0.906487, -0.917547
-0.917547, -0.92794, -0.945782, -0.96115, -0.968246
-0.968246, -0.974638, -0.984804, -0.992395, -0.995354
-0.995354, -0.997589, -0.999832, -0.999461, -0.998211
-0.998211, -0.996235, -0.9905, -0.982175, -0.976747
-0.976747, -0.970608, -0.957035, -0.94096, -0.931485
-0.931485, -0.921333, -0.900253, -0.876819, -0.863528
-0.863528, -0.84961, -0.821536, -0.791314, -0.774532
-0.774532, -0.757186, -0.722803, -0.686529, -0.666665
-0.666665, -0.646315, -0.606459, -0.565018, -0.542554

0.979039, 0.984178, 0.991949, 0.997126, 0.998807
0.998807, 0.999761, 0.999572, 0.996769, 0.994239
0.994239, 0.990985, 0.982841, 0.972126, 0.965447
0.965447, 0.958065, 0.942163, 0.923797, 0.913132
0.913132, 0.901802, 0.878531, 0.852961, 0.83857
0.83857, 0.823568, 0.793493, 0.761344, 0.743576
0.743576, 0.725267, 0.689123, 0.651176, 0.630465
0.630465, 0.609296, 0.567962, 0.525143, 0.501994
0.501994, 0.47848, 0.432963, 0.386315, 0.361292
0.361292, 0.336005, 0.287416, 0.238075, 0.211787
0.211787, 0.185345, 0.134865, 0.0840337, 0.0571216
0.0571216, 0.030168, -0.0209707, -0.0720546, -0.0989352
-0.0989352, -0.125744, -0.176296, -0.226387, -0.252581
-0.252581, -0.278592, -0.327326, -0.375204, -0.400074
-0.400074, -0.424652, -0.470381, -0.51488, -0.537818
-0.537818, -0.560366, -0.601975, -0.64201, -0.662459
-0.662459, -0.682427, -0.718903, -0.753498, -0.77096
-0.77096, -0.787861, -0.818314, -0.846628, -0.860677
-0.860677, -0.874099, -0.897789, -0.91913, -0.929423
-0.929423, -0.93904, -0.955388, -0.969238, -0.975525
-0.975525, -0.981102, -0.989711, -0.995731, -0.997859
-0.997859, -0.99926, -0.99992, -0.997964, -0.99588
-0.99588, -0.993072, -0.985766, -0.975882, -0.969638
-0.969638, -0.962688, -0.947595, -0.930023, -0.919771
-0.919771, -0.908849, -0.886336, -0.861505, -0.847494
-0.847494, -0.832866, -0.803482, -0.771996, -0.754568
-0.754568, -0.73659, -0.701051, -0.663678, -0.643258
-0.643258, -0.622369, -0.58154, -0.53919, -0.516275
-0.516275, -0.492983, -0.44786, -0.401565, -0.376713
-0.376713, -0.351586, -0.303268, -0.254157, -0.227973
-0.227973, -0.201624, -0.151287, -0.100555, -0.0736786
-0.0736785, -0.0467482, 0.00437961, 0.0554959, 0.0824111
0.0824111, 0.109266, 0.15994, 0.210195, 0.236493
0.236493, 0.262618, 0.311603, 0.359773, 0.384812
0.384812, 0.409572, 0.455674, 0.500585, 0.523756
0.523756, 0.546547, 0.588643, 0.629201, 0.649939
0.649939, 0.670205, 0.70727, 0.742486, 0.760287
0.760287, 0.777534, 0.808665, 0.837682, 0.85211
0.85211, 0.865919, 0.890357, 0.912467, 0.923173
0.923173, 0.933206, 0.950357, 0.965021, 0.971743
0.971743, 0.977757, 0.987201, 0.994063, 0.996636
0.996636, 0.998484, 0.999992, 0.998885, 0.997248
0.997248, 0.994885, 0.98842, 0.97937, 0.973562
0.973562, 0.967045, 0.952765, 0.935993, 0.926156
0.926156, 0.915644, 0.893896, 0.869811, 0.856184
0.856184, 0.841934, 0.813249, 0.782436, 0.765352
0.765352, 0.747711, 0.712786, 0.675998, 0.655873
0.655873, 0.63527, 0.594958, 0.55309, 0.530413
0.530413, 0.507351, 0.462633, 0.416706, 0.392031
0.392031, 0.367071, 0.319037, 0.270169, 0.244097
0.244097, 0.217847, 0.167667, 0.117049, 0.0902152
0.0902152, 0.0633155, 0.0122127, -0.038922, -0.0658643
-0.0658643, -0.0927586, -0.143539, -0.193945, -0.220339
-0.220339, -0.246573, -0.295794, -0.344242, -0.369445
-0.369445, -0.394379, -0.440842, -0.486153, -0.50955
-0.50955, -0.532577, -0.57515, -0.616218, -0.63724
-0.63724, -0.657799, -0.695444, -0.73127, -0.749404
-0.749404, -0.766993, -0.798793, -0.828505, -0.84331
-0.84331, -0.857501, -0.882681, -0.905553, -0.916668
-0.916668, -0.927116, -0.945063, -0.960538, -0.967692
-0.967692, -0.974142, -0.984419, -0.992121, -0.99514
-0.99514, -0.997434, -0.99979, -0.999531, -0.998341
-0.998341, -0.996424, -0.990801, -0.982588, -0.977218
-0.977218, -0.971137, -0.957673, -0.941704, -0.932286

0.673168, 0.692872, 0.728828, 0.762879, 0.780043
0.780043, 0.796639, 0.826499, 0.854197, 0.867913
0.867913, 0.880997, 0.904032, 0.924703, 0.934636
0.934636, 0.943889, 0.959539, 0.972679, 0.978588
0.978588, 0.983784, 0.991667, 0.996956, 0.998697
0.998697, 0.99971, 0.999634, 0.996943, 0.994473
0.994473, 0.991279, 0.983245, 0.97264, 0.966019
0.966019, 0.958695, 0.9429, 0.92464, 0.914029
0.914029, 0.902754, 0.879582, 0.854111, 0.839769
0.839769, 0.824817, 0.794834, 0.762772, 0.745049
0.745049, 0.726784, 0.690719, 0.652848, 0.632176
0.632176, 0.611044, 0.569776, 0.527019, 0.5039
0.5039, 0.480415, 0.434951, 0.388348, 0.363348
0.363348, 0.338082, 0.289528, 0.240216, 0.213942
0.213942, 0.187512, 0.137051, 0.0862314, 0.0593236
0.0593236, 0.0323726, -0.0187654, -0.0698544, -0.09674
-0.09674, -0.123555, -0.174124, -0.224238, -0.250447
-0.250447, -0.276473, -0.325241, -0.373159, -0.398051
-0.398051, -0.422654, -0.468433, -0.512987, -0.535958
-0.535958, -0.558538, -0.600212, -0.640317, -0.660806
-0.660806, -0.680813, -0.717368, -0.752046, -0.769553
-0.769553, -0.7865, -0.817045, -0.845452, -0.859552
-0.859552, -0.873025, -0.896815, -0.918259, -0.928607
-0.928607, -0.938279, -0.954735, -0.968693, -0.975038
-0.975038, -0.980673, -0.989393, -0.995525, -0.997712
-0.997712, -0.999173, -0.999945, -0.998102, -0.996078
-0.996078, -0.993329, -0.986134, -0.976361, -0.970175
-0.970175, -0.963282, -0.948297, -0.930831, -0.920634
-0.920634, -0.909766, -0.887355, -0.862622, -0.848662
-0.848662, -0.834084, -0.804793, -0.773396, -0.756014
-0.756013, -0.73808, -0.702622, -0.665327, -0.644945
-0.644945, -0.624094, -0.583333, -0.541047, -0.518162
-0.518162, -0.494901, -0.449831, -0.403585, -0.378755
-0.378755, -0.353651, -0.305369, -0.256289, -0.23012
-0.23012, -0.203783, -0.153467, -0.10275, -0.0758781
-0.0758781, -0.0489514, 0.00217388, 0.0532934, 0.0802126
0.0802126, 0.107073, 0.157762, 0.208038, 0.234349
0.234349, 0.260489, 0.309506, 0.357714, 0.382776
0.382776, 0.407559, 0.45371, 0.498674, 0.521876
0.521876, 0.544698, 0.586859, 0.627485, 0.648261
0.648261, 0.668566, 0.705709, 0.741007, 0.758852
0.758852, 0.776145, 0.807366, 0.836475, 0.850954
0.850954, 0.864814, 0.889351, 0.911563, 0.922323
0.922323, 0.932411, 0.949668, 0.964441, 0.97122
0.97122, 0.977292, 0.986847, 0.993821, 0.996453
0.996453, 0.998361, 0.999981, 0.998987, 0.997409
0.997409, 0.995105, 0.988752, 0.979813, 0.974063
0.974063, 0.967605, 0.953432, 0.936767, 0.926985
0.926985, 0.916529, 0.894883, 0.870897, 0.857322
0.857322, 0.843122, 0.81453, 0.783808, 0.76677
0.76677, 0.749174, 0.714332, 0.677622, 0.657536
0.657536, 0.636972, 0.596729, 0.554926, 0.532282
0.532282, 0.50925, 0.464588, 0.41871, 0.394059
0.394059, 0.369122, 0.321127, 0.272292, 0.246235
0.246235, 0.219999, 0.169841, 0.11924, 0.0924117
0.0924117, 0.0655166, 0.0144183, -0.0367178, -0.0636631
-0.0636631, -0.0905622, -0.141356, -0.191781, -0.218187
-0.218187, -0.244434, -0.293687, -0.342171, -0.367395
-0.367395, -0.392351, -0.438861, -0.484224, -0.507651
-0.507651, -0.530709, -0.573344, -0.614479, -0.635539
-0.635539, -0.656136, -0.693857, -0.729764, -0.747942
-0.747942, -0.765576, -0.797465, -0.827267, -0.842122
-0.842122, -0.856364, -0.881642, -0.904615, -0.915784
-0.915784, -0.926287, -0.94434, -0.959923, -0.967134

0.111049, 0.137819, 0.188273, 0.238235, 0.264349
0.264349, 0.29027, 0.338812, 0.386467, 0.411208
0.411208, 0.435649, 0.481095, 0.525284, 0.548048
0.548048, 0.570413, 0.611657, 0.651301, 0.671535
0.671535, 0.69128, 0.727316, 0.761451, 0.778661
0.778661, 0.795304, 0.825255, 0.853048, 0.866815
0.866815, 0.879951, 0.903087, 0.923861, 0.933849
0.933849, 0.943158, 0.958915, 0.972164, 0.978131
0.978131, 0.983386, 0.99138, 0.996782, 0.998582
0.998582, 0.999654, 0.999691, 0.997113, 0.994702
0.994702, 0.991567, 0.983645, 0.973151, 0.966587
0.966587, 0.95932, 0.943633, 0.925478, 0.914922
0.914922, 0.9037, 0.88063, 0.855256, 0.840965
0.840965, 0.826062, 0.79617, 0.764196, 0.746519
0.746519, 0.728297, 0.692313, 0.654518, 0.633884
0.633884, 0.612788, 0.571587, 0.528892, 0.505804
0.505804, 0.482349, 0.436936, 0.39038, 0.365402
0.365402, 0.340157, 0.291638, 0.242357, 0.216096
0.216096, 0.189678, 0.139235, 0.0884287, 0.0615253
0.0615253, 0.0345771, -0.01656, -0.0676539, -0.0945444
-0.0945444, -0.121366, -0.171952, -0.222088, -0.248311
-0.248311, -0.274352, -0.323154, -0.371111, -0.396027
-0.396027, -0.420654, -0.466483, -0.511093, -0.534094
-0.534094, -0.556707, -0.598447, -0.638622, -0.659148
-0.659148, -0.679196, -0.715829, -0.750591, -0.768143
-0.768143, -0.785136, -0.815771, -0.844272, -0.858422
-0.858422, -0.871947, -0.895837, -0.917383, -0.927786
-0.927786, -0.937514, -0.954076, -0.968143, -0.974546
-0.974546, -0.980239, -0.98907, -0.995315, -0.997561
-0.997561, -0.999081, -0.999966, -0.998236, -0.996271
-0.996271, -0.993581, -0.986498, -0.976836, -0.970707
-0.970707, -0.963872, -0.948995, -0.931635, -0.921493
-0.921493, -0.91068, -0.88837, -0.863736, -0.849827
-0.849827, -0.835299, -0.8061, -0.774793, -0.757455
-0.757455, -0.739567, -0.70419, -0.666972, -0.646629
-0.646629, -0.625816, -0.585123, -0.5429, -0.520048
-0.520048, -0.496817, -0.4518, -0.405602, -0.380796
-0.380796, -0.355713, -0.307469, -0.258421, -0.232266
-0.232266, -0.205942, -0.155646, -0.104943, -0.0780773
-0.0780773, -0.0511544, -3.18669e-05, 0.0510907, 0.0780138
0.0780138, 0.10488, 0.155584, 0.20588, 0.232204
0.232204, 0.258359, 0.307408, 0.355653, 0.380737
0.380737, 0.405543, 0.451743, 0.496761, 0.519993
0.519993, 0.542847, 0.585071, 0.625766, 0.64658
0.64658, 0.666924, 0.704145, 0.739524, 0.757414
0.757414, 0.774752, 0.806062, 0.835264, 0.849793
0.849793, 0.863704, 0.88834, 0.910653, 0.921468
0.921468, 0.931612, 0.948975, 0.963855, 0.970692
0.970692, 0.976822, 0.986488, 0.993573, 0.996265
0.996265, 0.998232, 0.999965, 0.999084, 0.997565
0.997565, 0.995321, 0.98908, 0.980252, 0.97456
0.97456, 0.968159, 0.954095, 0.937536, 0.92781
0.92781, 0.917409, 0.895865, 0.871979, 0.858455
0.858455, 0.844306, 0.815808, 0.785176, 0.768184
0.768184, 0.750633, 0.715874, 0.679242, 0.659196
0.659196, 0.638671, 0.598498, 0.55676, 0.534148
0.534148, 0.511147, 0.46654, 0.420712, 0.396085
0.396085, 0.371171, 0.323215, 0.274413, 0.248372
0.248372, 0.22215, 0.172015, 0.121429, 0.0946078
0.0946078, 0.0677175, 0.0166238, -0.0345134, -0.0614617
-0.0614617, -0.0883653, -0.139172, -0.189615, -0.216034
-0.216034, -0.242295, -0.291577, -0.340097, -0.365342
-0.365342, -0.390321, -0.436878, -0.482293, -0.505749
-0.505749, -0.528838, -0.571535, -0.612738, -0.633834

-2.40998e-09, 0.0269769, 0.0780456, 0.12891, 0.155615
0.155615, 0.182207, 0.232235, 0.281656, 0.307439
0.307439, 0.332997, 0.380766, 0.42754, 0.451771
0.451771, 0.475674, 0.520021, 0.563007, 0.585097
0.585097, 0.606762, 0.646605, 0.684757, 0.704168
0.704168, 0.723066, 0.757435, 0.789823, 0.806081
0.806081, 0.821753, 0.84981, 0.875645, 0.888355
0.888355, 0.900418, 0.921481, 0.940133, 0.948985
0.948985, 0.957146, 0.9707, 0.981715, 0.986493
0.986493, 0.990553, 0.996268, 0.999378, 0.999966
0.999966, 0.999825, 0.997563, 0.992692, 0.989075
0.989075, 0.984738, 0.974553, 0.961819, 0.954086
0.954086, 0.945658, 0.927798, 0.907512, 0.895851
0.895851, 0.883538, 0.858439, 0.831094, 0.815789
0.815789, 0.79989, 0.768163, 0.734428, 0.715851
0.715851, 0.696754, 0.659172, 0.619867, 0.598472
0.598472, 0.576642, 0.534121, 0.490203, 0.466511
0.466511, 0.44248, 0.396056, 0.348596, 0.323185
0.323185, 0.297538, 0.248341, 0.198496, 0.171983
0.171983, 0.145346, 0.0945761, 0.043559, 0.0165919
0.0165919, -0.0103873, -0.0614935, -0.112439, -0.139204
-0.139204, -0.165867, -0.216065, -0.265697, -0.291608
-0.291608, -0.317306, -0.365372, -0.412482, -0.436907
-0.436907, -0.461014, -0.505777, -0.549217, -0.571561
-0.571561, -0.593489, -0.633859, -0.672571, -0.69229
-0.69229, -0.711505, -0.746497, -0.779538, -0.796151
-0.796151, -0.812185, -0.840948, -0.867511, -0.880614
-0.880614, -0.893076, -0.914909, -0.934349, -0.943622
-0.943622, -0.952209, -0.966579, -0.978421, -0.983639
-0.983639, -0.988141, -0.994699, -0.998655, -0.99969
-0.99969, -0.999998, -0.998583, -0.994557, -0.991385
-0.991385, -0.98749, -0.978138, -0.966228, -0.958924
-0.958924, -0.950923, -0.933861, -0.914356, -0.9031
-0.9031, -0.891187, -0.866831, -0.840207, -0.825273
-0.825273, -0.809738, -0.778681, -0.745587, -0.727338
-0.727338, -0.70856, -0.671559, -0.632801, -0.611682
-0.611682, -0.590118, -0.548074, -0.504597, -0.481123
-0.481123, -0.457299, -0.411237, -0.364099, -0.338842
-0.338842, -0.313337, -0.264379, -0.21473, -0.188304
-0.188304, -0.161741, -0.111081, -0.0601292, -0.0331792
-0.0331792, -0.00620509, 0.0449246, 0.0959367, 0.122754
0.122754, 0.149483, 0.199835, 0.249665, 0.275697
0.275697, 0.301528, 0.349877, 0.397311, 0.421922
0.421922, 0.446227, 0.491394, 0.535276, 0.557868
0.557868, 0.580054, 0.620939, 0.6602, 0.680221
0.680221, 0.699748, 0.735355, 0.769038, 0.786002
0.786002, 0.802393, 0.831854, 0.859139, 0.872631
0.872631, 0.885489, 0.908086, 0.928307, 0.938
0.938, 0.94701, 0.962192, 0.974858, 0.980515
0.980515, 0.985457, 0.992856, 0.997657, 0.99914
0.99914, 0.999895, 0.999329, 0.996149, 0.993421
0.993421, 0.98997, 0.981454, 0.97037, 0.963499
0.963499, 0.955926, 0.939666, 0.920949, 0.910101
0.910101, 0.898591, 0.874984, 0.849089, 0.834529
0.834529, 0.819362, 0.788984, 0.756541, 0.738625
0.738625, 0.72017, 0.68376, 0.645561, 0.624724
0.624724, 0.603432, 0.561877, 0.518853, 0.495602
0.495602, 0.471991, 0.426304, 0.379502, 0.354405
0.354405, 0.32905, 0.280344, 0.230905, 0.204573
0.204573, 0.178093, 0.127555, 0.0766828, 0.0497574
0.0497574, 0.0227958, -0.0283432, -0.0794082, -0.106271
-0.106271, -0.133056, -0.18355, -0.233564, -0.25971
-0.25971, -0.285667, -0.334286, -0.38203, -0.406822
-0.406822, -0.431317, -0.476876, -0.521188, -0.544021

0.00161005
4081
101
