8
48

0, 0.0104417, 0.0336201, 0.0662933, 0.103978, 0.141515, 0.17382, 0.196602, 0.20683
0.20683, 0.217034, 0.239606, 0.271234, 0.307439, 0.343203, 0.373742, 0.395144, 0.404715
0.404715, 0.414241, 0.435229, 0.464446, 0.497603, 0.530049, 0.557502, 0.576598, 0.585097
0.585097, 0.593533, 0.612031, 0.637572, 0.666248, 0.693972, 0.717152, 0.733115, 0.740177
0.740177, 0.747158, 0.762365, 0.783125, 0.806081, 0.827884, 0.845788, 0.857929, 0.863247
0.863247, 0.86847, 0.87973, 0.894811, 0.911054, 0.925993, 0.937847, 0.94564, 0.948985
0.948985, 0.952225, 0.959049, 0.967801, 0.976627, 0.984057, 0.989348, 0.992457, 0.993683
0.993683, 0.9948, 0.996894, 0.998937, 0.999966, 0.999564, 0.998063, 0.996353, 0.995408
0.995408, 0.994354, 0.991627, 0.986872, 0.980059, 0.971844, 0.963617, 0.957161, 0.954086
0.954086, 0.950906, 0.943476, 0.93213, 0.917769, 0.902096, 0.887497, 0.876576, 0.871503
0.871503, 0.866335, 0.854524, 0.837076, 0.815789, 0.793335, 0.772997, 0.758083, 0.751232
0.751232, 0.744299, 0.728616, 0.705823, 0.67853, 0.650266, 0.625068, 0.606805, 0.598472
0.598472, 0.590074, 0.571199, 0.544045, 0.511927, 0.479076, 0.450108, 0.429285, 0.419831
0.419831, 0.410331, 0.38908, 0.35874, 0.323185, 0.287167, 0.255681, 0.233201, 0.223034
0.223034, 0.212843, 0.190135, 0.15792, 0.120466, 0.0828395, 0.050198, 0.0270312, 0.0165919
0.0165919, 0.00615074, -0.017033, -0.0497288, -0.0874621, -0.12507, -0.157456, -0.180307, -0.190568
-0.190568, -0.200808, -0.223464, -0.255227, -0.291608, -0.327571, -0.358301, -0.379848, -0.389487
-0.389487, -0.399082, -0.420232, -0.449688, -0.483143, -0.515906, -0.543651, -0.562962, -0.571561
-0.571561, -0.580098, -0.598825, -0.624702, -0.653784, -0.68193, -0.70549, -0.72173, -0.728918
-0.728918, -0.736027, -0.751523, -0.772699, -0.796151, -0.818464, -0.836819, -0.849286, -0.854753
-0.854753, -0.860126, -0.871719, -0.887281, -0.904088, -0.919602, -0.93196, -0.940114, -0.943622
-0.943622, -0.947027, -0.954218, -0.963491, -0.972927, -0.980971, -0.986796, -0.990286, -0.991684
-0.991684, -0.992974, -0.99545, -0.998034, -0.99969, -0.999916, -0.998958, -0.997632, -0.996859
-0.996859, -0.995978, -0.993633, -0.989416, -0.983221, -0.97562, -0.967919, -0.961834, -0.958924
-0.958924, -0.95591, -0.948845, -0.93801, -0.924232, -0.909131, -0.895021, -0.884441, -0.87952
-0.87952, -0.874503, -0.863024, -0.846038, -0.825273, -0.803327, -0.783417, -0.768799, -0.762079
-0.762079, -0.755277, -0.73988, -0.717479, -0.690624, -0.662782, -0.637933, -0.619909, -0.611682
-0.611682, -0.603388, -0.584739, -0.557892, -0.526109, -0.493574, -0.464862, -0.444211, -0.434832
-0.434832, -0.425406, -0.404311, -0.374178, -0.338842, -0.30302, -0.271687, -0.249303, -0.239177
-0.239177, -0.229026, -0.206398, -0.174282, -0.136921, -0.099363, -0.066762, -0.0436133, -0.0331792
-0.0331792, -0.0227415, 0.000441122, 0.0331505, 0.0709218, 0.108592, 0.14105, 0.163962, 0.174254
0.174254, 0.184526, 0.207261, 0.23915, 0.275697, 0.31185, 0.342762, 0.364448, 0.374151
0.374151, 0.383814, 0.405118, 0.434806, 0.468549, 0.501622, 0.52965, 0.549172, 0.557868
0.557868, 0.566503, 0.585455, 0.61166, 0.641139, 0.669701, 0.693634, 0.710146, 0.717459
0.717459, 0.724694, 0.740473, 0.762061, 0.786002, 0.808818, 0.82762, 0.84041, 0.846023
0.846023, 0.851544, 0.863469, 0.879506, 0.896873, 0.912957, 0.925816, 0.934329, 0.938
0.938, 0.941568, 0.949124, 0.958916, 0.968958, 0.977614, 0.983973, 0.987843, 0.989412
0.989412, 0.990874, 0.993732, 0.996857, 0.99914, 0.999993, 0.999578, 0.998636, 0.998036
0.998036, 0.997327, 0.995366, 0.991688, 0.986113, 0.979127, 0.971955, 0.966242, 0.963499
0.963499, 0.960651, 0.953954, 0.943632, 0.93044, 0.915917, 0.902298, 0.892061, 0.887294
0.887294, 0.88243, 0.871287, 0.854767, 0.834529, 0.813097, 0.793621, 0.779303, 0.772718
0.772718, 0.766048, 0.75094, 0.728938, 0.702529, 0.675114, 0.650623, 0.632843, 0.624724
0.624724, 0.616537, 0.598119, 0.571585, 0.540147, 0.507936, 0.479488, 0.459015, 0.449714
0.449714, 0.440363, 0.419431, 0.389513, 0.354405, 0.318791, 0.287617, 0.265337, 0.255255
0.255255, 0.245145, 0.222604, 0.190596, 0.153337, 0.115859, 0.0833077, 0.0601834, 0.0497574
0.0497574, 0.0393259, 0.0161508, -0.0165632, -0.0543619, -0.0920828, -0.124604, -0.147573, -0.157892
-0.157892, -0.168194, -0.191001, -0.223006, -0.25971, -0.296043, -0.327128, -0.348947, -0.358713
-0.358713, -0.36844, -0.389893, -0.419805, -0.453827, -0.4872, -0.515504, -0.53523, -0.544021

-0.586295, -0.577805, -0.558728, -0.531302, -0.498885, -0.465754, -0.43656, -0.415586, -0.406066
-0.406066, -0.396502, -0.375113, -0.344591, -0.308845, -0.272657, -0.241041, -0.218477, -0.208276
-0.208276, -0.198052, -0.175275, -0.142978, -0.105449, -0.0677682, -0.0350975, -0.0119198, -0.00147825
-0.00147825, 0.0089635, 0.0321426, 0.0648182, 0.102508, 0.140051, 0.172364, 0.195153, 0.205383
0.205383, 0.215591, 0.23817, 0.269811, 0.306032, 0.341814, 0.372371, 0.393786, 0.403362
0.403362, 0.412895, 0.433898, 0.463136, 0.49632, 0.528795, 0.556274, 0.575389, 0.583898
0.583898, 0.592343, 0.610861, 0.636432, 0.665145, 0.692907, 0.716121, 0.732109, 0.739182
0.739182, 0.746174, 0.761408, 0.782205, 0.805205, 0.827054, 0.844998, 0.857168, 0.8625
0.8625, 0.867737, 0.879026, 0.89415, 0.910444, 0.925434, 0.937333, 0.945159, 0.948517
0.948517, 0.951773, 0.95863, 0.967428, 0.976309, 0.983793, 0.989132, 0.992274, 0.993516
0.993516, 0.994649, 0.996776, 0.998867, 0.999952, 0.999607, 0.998154, 0.996478, 0.995548
0.995548, 0.99451, 0.991817, 0.98711, 0.980352, 0.972191, 0.964011, 0.957588, 0.954528
0.954528, 0.951363, 0.943965, 0.932664, 0.918355, 0.902733, 0.888178, 0.877287, 0.872227
0.872227, 0.867073, 0.85529, 0.837884, 0.816643, 0.794234, 0.773934, 0.759046, 0.752206
0.752206, 0.745285, 0.729628, 0.706869, 0.679615, 0.651388, 0.626222, 0.607979, 0.599656
0.599656, 0.591267, 0.572412, 0.545285, 0.513196, 0.480373, 0.451427, 0.43062, 0.421172
0.421172, 0.411679, 0.390442, 0.360119, 0.324583, 0.288583, 0.25711, 0.234638, 0.224475
0.224475, 0.214288, 0.191586, 0.15938, 0.121933, 0.0843126, 0.0516743, 0.0285089, 0.0180699
0.0180699, 0.00762895, -0.0155549, -0.0482523, -0.0859894, -0.123604, -0.155996, -0.178853, -0.189117
-0.189117, -0.19936, -0.222023, -0.253798, -0.290194, -0.326174, -0.356921, -0.37848, -0.388125
-0.388125, -0.397727, -0.41889, -0.448367, -0.481848, -0.51464, -0.54241, -0.56174, -0.570348
-0.570348, -0.578893, -0.597641, -0.623547, -0.652664, -0.680849, -0.704442, -0.720706, -0.727906
-0.727906, -0.735026, -0.750547, -0.77176, -0.795256, -0.817613, -0.836009, -0.848505, -0.853984
-0.853984, -0.859371, -0.870994, -0.886598, -0.903455, -0.91902, -0.931423, -0.939609, -0.943132
-0.943132, -0.946551, -0.953775, -0.963094, -0.972584, -0.980682, -0.986556, -0.990079, -0.991493
-0.991493, -0.992798, -0.995308, -0.99794, -0.999652, -0.999934, -0.999025, -0.997732, -0.996975
-0.996975, -0.996109, -0.993799, -0.98963, -0.98349, -0.975943, -0.968289, -0.962237, -0.959343
-0.959343, -0.956343, -0.949311, -0.938521, -0.924795, -0.909746, -0.895679, -0.885129, -0.880222
-0.880222, -0.875219, -0.86377, -0.846826, -0.826107, -0.804206, -0.784335, -0.769743, -0.763036
-0.763036, -0.756245, -0.740874, -0.718508, -0.691693, -0.663888, -0.639071, -0.621069, -0.612851
-0.612851, -0.604567, -0.585938, -0.559118, -0.527366, -0.494859, -0.46617, -0.445535, -0.436163
-0.436163, -0.426743, -0.405663, -0.375548, -0.340232, -0.304429, -0.273109, -0.250734, -0.240613
-0.240613, -0.230465, -0.207844, -0.175738, -0.138385, -0.100834, -0.0682369, -0.0450901, -0.0346566
-0.0346566, -0.0242193, -0.00103713, 0.0316731, 0.0694472, 0.107122, 0.139586, 0.162504, 0.172798
0.172798, 0.183073, 0.205815, 0.237714, 0.274276, 0.310445, 0.341372, 0.363071, 0.37278
0.37278, 0.382449, 0.403766, 0.433475, 0.467243, 0.500343, 0.528396, 0.547936, 0.556641
0.556641, 0.565285, 0.584256, 0.610489, 0.640004, 0.668602, 0.692568, 0.709105, 0.716429
0.716429, 0.723674, 0.739479, 0.761103, 0.785087, 0.807948, 0.82679, 0.839608, 0.845234
0.845234, 0.850768, 0.862723, 0.878802, 0.896218, 0.912353, 0.925256, 0.933801, 0.937487
0.937487, 0.941069, 0.948657, 0.958496, 0.968592, 0.977302, 0.983709, 0.987612, 0.989196
0.989196, 0.990673, 0.993566, 0.996739, 0.999077, 0.999987, 0.99962, 0.998712, 0.998127
0.998127, 0.997434, 0.995507, 0.991877, 0.986357, 0.979426, 0.972301, 0.966621, 0.963893
0.963893, 0.96106, 0.954396, 0.94412, 0.930981, 0.916509, 0.902935, 0.892729, 0.887975
0.887975, 0.883124, 0.872011, 0.855534, 0.835343, 0.813957, 0.79452, 0.780229, 0.773655
0.773655, 0.766997, 0.751916, 0.729949, 0.70358, 0.676204, 0.651745, 0.633987, 0.625878
0.625878, 0.6177, 0.599303, 0.572797, 0.54139, 0.509208, 0.480785, 0.460328, 0.451033
0.451033, 0.44169, 0.420772, 0.390874, 0.355787, 0.320191, 0.289032, 0.266762, 0.256684
0.256684, 0.246578, 0.224045, 0.192047, 0.154798, 0.117327, 0.0847807, 0.061659, 0.0512338

-0.949913, -0.946598, -0.938869, -0.927105, -0.912269, -0.896127, -0.881131, -0.869932, -0.864735
-0.864735, -0.859444, -0.847362, -0.829539, -0.807827, -0.78496, -0.764275, -0.749119, -0.742162
-0.742162, -0.735123, -0.719209, -0.696098, -0.66845, -0.639846, -0.614367, -0.59591, -0.587492
-0.587492, -0.579011, -0.559954, -0.532553, -0.500165, -0.467062, -0.437889, -0.41693, -0.407416
-0.407416, -0.397858, -0.376483, -0.345978, -0.31025, -0.274079, -0.242475, -0.219919, -0.209721
-0.209721, -0.1995, -0.17673, -0.144441, -0.106918, -0.069243, -0.0365748, -0.013398, -0.0029565
-0.0029565, 0.0074853, 0.0306651, 0.063343, 0.101037, 0.138587, 0.170907, 0.193703, 0.203936
0.203936, 0.214147, 0.236734, 0.268388, 0.304624, 0.340424, 0.370998, 0.392427, 0.402009
0.402009, 0.411548, 0.432566, 0.461825, 0.495036, 0.527539, 0.555045, 0.574179, 0.582697
0.582697, 0.591151, 0.60969, 0.635291, 0.664041, 0.69184, 0.715088, 0.731101, 0.738186
0.738186, 0.745189, 0.760448, 0.781283, 0.804328, 0.826222, 0.844207, 0.856406, 0.861751
0.861751, 0.867001, 0.87832, 0.893488, 0.909831, 0.924873, 0.936817, 0.944675, 0.948048
0.948048, 0.951318, 0.958208, 0.967052, 0.975988, 0.983527, 0.988913, 0.99209, 0.993347
0.993347, 0.994495, 0.996657, 0.998796, 0.999937, 0.999647, 0.998243, 0.996601, 0.995687
0.995687, 0.994664, 0.992004, 0.987346, 0.980642, 0.972536, 0.964403, 0.958013, 0.954967
0.954967, 0.951817, 0.944452, 0.933196, 0.918939, 0.903367, 0.888856, 0.877995, 0.872949
0.872949, 0.867808, 0.856055, 0.83869, 0.817496, 0.795132, 0.77487, 0.760007, 0.75318
0.75318, 0.74627, 0.730638, 0.707914, 0.680699, 0.652509, 0.627373, 0.609152, 0.600838
0.600838, 0.592459, 0.573624, 0.546523, 0.514464, 0.481669, 0.452746, 0.431954, 0.422513
0.422513, 0.413026, 0.391802, 0.361498, 0.325981, 0.289998, 0.258538, 0.236075, 0.225915
0.225915, 0.215731, 0.193037, 0.160839, 0.1234, 0.0857855, 0.0531505, 0.0299865, 0.0195479
0.0195479, 0.00910715, -0.0140768, -0.0467757, -0.0845166, -0.122137, -0.154536, -0.177398, -0.187665
-0.187665, -0.197911, -0.220581, -0.252367, -0.288779, -0.324777, -0.355539, -0.377112, -0.386762
-0.386762, -0.39637, -0.417547, -0.447045, -0.480552, -0.513371, -0.541167, -0.560516, -0.569133
-0.569133, -0.577687, -0.596455, -0.62239, -0.651544, -0.679765, -0.703392, -0.719681, -0.726891
-0.726891, -0.734022, -0.749569, -0.770819, -0.794359, -0.816761, -0.835197, -0.847722, -0.853214
-0.853214, -0.858614, -0.870267, -0.885913, -0.902821, -0.918436, -0.930884, -0.939102, -0.942639
-0.942639, -0.946074, -0.953329, -0.962695, -0.972239, -0.980392, -0.986313, -0.989871, -0.991299
-0.991299, -0.992619, -0.995164, -0.997844, -0.999612, -0.99995, -0.999089, -0.997831, -0.997089
-0.997089, -0.996238, -0.993962, -0.989841, -0.983756, -0.976264, -0.968658, -0.962639, -0.959759
-0.959759, -0.956774, -0.949775, -0.939031, -0.925357, -0.910359, -0.896336, -0.885816, -0.880923
-0.880923, -0.875933, -0.864514, -0.847611, -0.826939, -0.805084, -0.785251, -0.770686, -0.76399
-0.76399, -0.757211, -0.741866, -0.719535, -0.692759, -0.664992, -0.640207, -0.622227, -0.614018
-0.614018, -0.605743, -0.587135, -0.560343, -0.528621, -0.496143, -0.467477, -0.446858, -0.437493
-0.437493, -0.428079, -0.407013, -0.376918, -0.341622, -0.305837, -0.274531, -0.252165, -0.242047
-0.242047, -0.231903, -0.20929, -0.177193, -0.139849, -0.102304, -0.0697117, -0.0465668, -0.0361339
-0.0361339, -0.0256971, -0.00251538, 0.0301955, 0.0679724, 0.105652, 0.138122, 0.161045, 0.171342
0.171342, 0.18162, 0.204368, 0.236278, 0.272854, 0.309039, 0.339983, 0.361693, 0.371408
0.371408, 0.381082, 0.402413, 0.432142, 0.465935, 0.499062, 0.52714, 0.546699, 0.555412
0.555412, 0.564065, 0.583056, 0.609318, 0.638867, 0.667502, 0.691501, 0.708062, 0.715397
0.715397, 0.722653, 0.738483, 0.760143, 0.78417, 0.807076, 0.825957, 0.838804, 0.844443
0.844443, 0.84999, 0.861974, 0.878095, 0.895561, 0.911747, 0.924694, 0.933272, 0.936971
0.936971, 0.940568, 0.948188, 0.958073, 0.968223, 0.976988, 0.983442, 0.987379, 0.988979
0.988979, 0.990471, 0.993397, 0.996618, 0.999013, 0.999978, 0.999659, 0.998786, 0.998217
0.998217, 0.997539, 0.995646, 0.992064, 0.986599, 0.979723, 0.972646, 0.966999, 0.964286
0.964286, 0.961468, 0.954836, 0.944606, 0.931519, 0.9171, 0.903569, 0.893394, 0.888654
0.888654, 0.883817, 0.872734, 0.856298, 0.836155, 0.814815, 0.795416, 0.781153, 0.774591
0.774591, 0.767945, 0.752889, 0.730959, 0.70463, 0.677293, 0.652865, 0.63513, 0.62703

-0.952748, -0.955868, -0.962422, -0.97079, -0.979168, -0.986146, -0.991045, -0.993874, -0.994974
-0.994974, -0.995965, -0.997778, -0.999423, -0.999993, -0.999131, -0.997233, -0.995242, -0.994171
-0.994171, -0.992991, -0.989984, -0.984836, -0.977571, -0.968908, -0.960296, -0.95357, -0.950374
-0.950374, -0.947073, -0.939377, -0.927658, -0.912873, -0.896782, -0.88183, -0.87066, -0.865477
-0.865477, -0.860199, -0.848146, -0.830363, -0.808698, -0.785875, -0.765227, -0.750098, -0.743152
-0.743152, -0.736124, -0.720235, -0.697158, -0.669549, -0.640982, -0.615532, -0.597096, -0.588688
-0.588688, -0.580215, -0.561178, -0.533804, -0.501445, -0.468369, -0.439218, -0.418273, -0.408766
-0.408766, -0.399214, -0.377852, -0.347365, -0.311655, -0.2755, -0.243909, -0.221361, -0.211166
-0.211166, -0.200949, -0.178185, -0.145903, -0.108388, -0.0707176, -0.038052, -0.0148761, -0.00443474
-0.00443474, 0.00600709, 0.0291875, 0.0618676, 0.0995667, 0.137123, 0.169451, 0.192252, 0.202489
0.202489, 0.212703, 0.235298, 0.266963, 0.303216, 0.339034, 0.369625, 0.391066, 0.400655
0.400655, 0.4102, 0.431232, 0.460514, 0.493752, 0.526283, 0.553815, 0.572969, 0.581495
0.581495, 0.589958, 0.608518, 0.634149, 0.662935, 0.690772, 0.714054, 0.730092, 0.737188
0.737188, 0.744203, 0.759488, 0.78036, 0.803449, 0.825388, 0.843414, 0.855642, 0.861
0.861, 0.866263, 0.877612, 0.892823, 0.909217, 0.92431, 0.936299, 0.944189, 0.947577
0.947577, 0.950862, 0.957784, 0.966675, 0.975665, 0.983259, 0.988693, 0.991903, 0.993175
0.993175, 0.994339, 0.996535, 0.998722, 0.999919, 0.999685, 0.99833, 0.996722, 0.995823
0.995823, 0.994815, 0.99219, 0.987579, 0.980931, 0.972879, 0.964793, 0.958436, 0.955405
0.955405, 0.952269, 0.944937, 0.933727, 0.919521, 0.904, 0.889532, 0.878702, 0.873669
0.873669, 0.868542, 0.856819, 0.839494, 0.818346, 0.796027, 0.775803, 0.760967, 0.754151
0.754151, 0.747253, 0.731647, 0.708957, 0.681781, 0.653629, 0.628524, 0.610324, 0.602019
0.602019, 0.593649, 0.574834, 0.547761, 0.515731, 0.482964, 0.454063, 0.433286, 0.423852
0.423852, 0.414372, 0.393162, 0.362876, 0.327378, 0.291412, 0.259966, 0.237511, 0.227355
0.227355, 0.217174, 0.194487, 0.162298, 0.124867, 0.0872582, 0.0546266, 0.0314641, 0.0210259
0.0210259, 0.0105853, -0.0125987, -0.045299, -0.0830435, -0.120669, -0.153075, -0.175943, -0.186213
-0.186213, -0.196462, -0.219139, -0.250937, -0.287363, -0.323378, -0.354157, -0.375742, -0.385398
-0.385398, -0.395012, -0.416203, -0.445722, -0.479255, -0.512102, -0.539923, -0.559291, -0.567917
-0.567917, -0.57648, -0.595268, -0.621232, -0.650422, -0.67868, -0.70234, -0.718654, -0.725875
-0.725875, -0.733018, -0.74859, -0.769877, -0.79346, -0.815908, -0.834383, -0.846937, -0.852442
-0.852442, -0.857855, -0.869538, -0.885227, -0.902184, -0.91785, -0.930343, -0.938593, -0.942145
-0.942145, -0.945594, -0.952882, -0.962294, -0.971892, -0.9801, -0.986068, -0.98966, -0.991103
-0.991103, -0.992439, -0.995018, -0.997746, -0.99957, -0.999964, -0.999151, -0.997927, -0.997201
-0.997201, -0.996365, -0.994123, -0.99005, -0.984021, -0.976583, -0.969024, -0.963038, -0.960173
-0.960173, -0.957203, -0.950236, -0.939538, -0.925916, -0.91097, -0.89699, -0.886501, -0.881621
-0.881621, -0.876645, -0.865256, -0.848394, -0.827769, -0.80596, -0.786166, -0.771627, -0.764943
-0.764943, -0.758176, -0.742856, -0.720561, -0.693825, -0.666096, -0.641342, -0.623383, -0.615185
-0.615185, -0.606919, -0.588331, -0.561567, -0.529875, -0.497426, -0.468784, -0.44818, -0.438821
-0.438821, -0.429415, -0.408363, -0.378287, -0.343011, -0.307244, -0.275952, -0.253595, -0.243481
-0.243481, -0.23334, -0.210735, -0.178647, -0.141312, -0.103775, -0.0711862, -0.0480434, -0.0376112
-0.0376112, -0.0271748, -0.00399362, 0.0287179, 0.0664975, 0.104182, 0.136658, 0.159586, 0.169885
0.169885, 0.180166, 0.202921, 0.234841, 0.271431, 0.307633, 0.338592, 0.360314, 0.370035
0.370035, 0.379715, 0.401059, 0.430809, 0.464627, 0.497781, 0.525883, 0.54546, 0.554182
0.554182, 0.562843, 0.581854, 0.608145, 0.637729, 0.666401, 0.690433, 0.707017, 0.714363
0.714363, 0.721631, 0.737486, 0.759182, 0.783252, 0.806202, 0.825123, 0.837998, 0.84365
0.84365, 0.849211, 0.861224, 0.877387, 0.894903, 0.911138, 0.92413, 0.93274, 0.936454
0.936454, 0.940065, 0.947718, 0.957649, 0.967852, 0.976671, 0.983173, 0.987144, 0.988759
0.988759, 0.990266, 0.993227, 0.996496, 0.998946, 0.999967, 0.999697, 0.998857, 0.998304
0.998304, 0.997642, 0.995782, 0.992248, 0.986839, 0.980019, 0.972988, 0.967375, 0.964677

-0.593725, -0.602094, -0.620442, -0.645763, -0.674174, -0.701622, -0.724554, -0.740337, -0.747316
-0.747316, -0.754213, -0.769233, -0.789722, -0.812355, -0.833827, -0.851437, -0.863367, -0.868588
-0.868588, -0.873715, -0.884757, -0.899528, -0.915405, -0.929972, -0.9415, -0.94906, -0.952298
-0.952298, -0.955433, -0.962019, -0.970434, -0.978867, -0.9859, -0.990846, -0.993709, -0.994825
-0.994825, -0.995831, -0.997678, -0.999372, -0.999997, -0.999192, -0.997342, -0.995385, -0.994329
-0.994329, -0.993164, -0.990191, -0.985091, -0.977881, -0.969272, -0.960707, -0.954015, -0.950833
-0.950833, -0.947547, -0.939883, -0.928209, -0.913476, -0.897436, -0.882526, -0.871387, -0.866216
-0.866216, -0.860952, -0.848928, -0.831186, -0.809566, -0.786788, -0.766178, -0.751075, -0.74414
-0.74414, -0.737124, -0.72126, -0.698217, -0.670646, -0.642116, -0.616697, -0.598282, -0.589882
-0.589882, -0.581419, -0.562401, -0.535053, -0.502723, -0.469674, -0.440545, -0.419615, -0.410115
-0.410115, -0.400569, -0.37922, -0.348751, -0.31306, -0.276921, -0.245342, -0.222802, -0.212611
-0.212611, -0.202397, -0.179639, -0.147366, -0.109857, -0.0721921, -0.0395291, -0.0163541, -0.00591297
-0.00591297, 0.00452886, 0.0277099, 0.0603922, 0.0980957, 0.135659, 0.167994, 0.190801, 0.201041
0.201041, 0.211258, 0.233861, 0.265538, 0.301807, 0.337643, 0.368251, 0.389705, 0.3993
0.3993, 0.408852, 0.429898, 0.459201, 0.492466, 0.525025, 0.552583, 0.571756, 0.580292
0.580292, 0.588764, 0.607344, 0.633005, 0.661827, 0.689703, 0.713018, 0.729081, 0.736188
0.736188, 0.743215, 0.758525, 0.779434, 0.802568, 0.824553, 0.842618, 0.854876, 0.860247
0.860247, 0.865524, 0.876903, 0.892156, 0.9086, 0.923745, 0.935778, 0.943701, 0.947104
0.947104, 0.950403, 0.957358, 0.966295, 0.975339, 0.982988, 0.98847, 0.991714, 0.993002
0.993002, 0.994181, 0.996411, 0.998647, 0.999899, 0.999721, 0.998414, 0.99684, 0.995957
0.995957, 0.994964, 0.992373, 0.98781, 0.981217, 0.97322, 0.96518, 0.958857, 0.95584
0.95584, 0.952719, 0.945419, 0.934255, 0.920101, 0.904631, 0.890207, 0.879407, 0.874388
0.874388, 0.869273, 0.85758, 0.840297, 0.819195, 0.796921, 0.776735, 0.761925, 0.755121
0.755121, 0.748235, 0.732653, 0.709999, 0.682861, 0.654747, 0.629673, 0.611494, 0.603199
0.603199, 0.594838, 0.576043, 0.548997, 0.516997, 0.484257, 0.45538, 0.434618, 0.42519
0.42519, 0.415716, 0.39452, 0.364253, 0.328775, 0.292826, 0.261393, 0.238947, 0.228794
0.228794, 0.218617, 0.195937, 0.163756, 0.126334, 0.0887307, 0.0561026, 0.0329416, 0.0225038
0.0225038, 0.0120635, -0.0111205, -0.0438222, -0.0815703, -0.119202, -0.151614, -0.174488, -0.18476
-0.18476, -0.195012, -0.217697, -0.249506, -0.285947, -0.321979, -0.352774, -0.374372, -0.384034
-0.384034, -0.393654, -0.414859, -0.444399, -0.477957, -0.510832, -0.538679, -0.558065, -0.566699
-0.566699, -0.575272, -0.594079, -0.620073, -0.649298, -0.677594, -0.701287, -0.717625, -0.724858
-0.724858, -0.732011, -0.747609, -0.768932, -0.792559, -0.815052, -0.833568, -0.84615, -0.851669
-0.851669, -0.857094, -0.868807, -0.884538, -0.901545, -0.917263, -0.9298, -0.938082, -0.941648
-0.941648, -0.945112, -0.952432, -0.961891, -0.971543, -0.979805, -0.985821, -0.989447, -0.990906
-0.990906, -0.992257, -0.994869, -0.997646, -0.999526, -0.999975, -0.999211, -0.998021, -0.99731
-0.99731, -0.99649, -0.994282, -0.990257, -0.984283, -0.9769, -0.969388, -0.963435, -0.960585
-0.960585, -0.95763, -0.950696, -0.940043, -0.926473, -0.911578, -0.897643, -0.887184, -0.882318
-0.882318, -0.877356, -0.865996, -0.849176, -0.828598, -0.806834, -0.787078, -0.772567, -0.765895
-0.765895, -0.759139, -0.743845, -0.721586, -0.694889, -0.667198, -0.642476, -0.624538, -0.616349
-0.616349, -0.608093, -0.589526, -0.562789, -0.531128, -0.498707, -0.470089, -0.449501, -0.440149
-0.440149, -0.430749, -0.409712, -0.379655, -0.344399, -0.30865, -0.277372, -0.255025, -0.244915
-0.244915, -0.234778, -0.21218, -0.180102, -0.142775, -0.105245, -0.0726607, -0.0495199, -0.0390883
-0.0390883, -0.0286525, -0.00547185, 0.0272403, 0.0650225, 0.102712, 0.135193, 0.158127, 0.168428
0.168428, 0.178712, 0.201473, 0.233404, 0.270008, 0.306226, 0.337201, 0.358935, 0.368661
0.368661, 0.378347, 0.399705, 0.429474, 0.463317, 0.496498, 0.524626, 0.544221, 0.552951
0.552951, 0.561621, 0.580651, 0.606971, 0.63659, 0.665298, 0.689362, 0.705971, 0.713328
0.713328, 0.720607, 0.736486, 0.758219, 0.782332, 0.805327, 0.824287, 0.837191, 0.842856
0.842856, 0.848429, 0.860472, 0.876677, 0.894242, 0.910528, 0.923565, 0.932206, 0.935934

-0.00920127, -0.019642, -0.0428147, -0.0754715, -0.113125, -0.150617, -0.182873, -0.205616, -0.215823
-0.215823, -0.226007, -0.248529, -0.280079, -0.316181, -0.351831, -0.382261, -0.40358, -0.413111
-0.413111, -0.422598, -0.443495, -0.472575, -0.505563, -0.537829, -0.565117, -0.584091, -0.592534
-0.592534, -0.600913, -0.619282, -0.644633, -0.673082, -0.700568, -0.723534, -0.739342, -0.746333
-0.746333, -0.753242, -0.768287, -0.788814, -0.811492, -0.83301, -0.850661, -0.86262, -0.867855
-0.867855, -0.872995, -0.884067, -0.898881, -0.914809, -0.929428, -0.941001, -0.948593, -0.951846
-0.951846, -0.954995, -0.961615, -0.970076, -0.978564, -0.985652, -0.990645, -0.993543, -0.994673
-0.994673, -0.995695, -0.997576, -0.999319, -1, -0.99925, -0.997449, -0.995526, -0.994485
-0.994485, -0.993336, -0.990397, -0.985345, -0.978189, -0.969635, -0.961117, -0.954457, -0.951289
-0.951289, -0.948018, -0.940386, -0.928758, -0.914076, -0.898087, -0.88322, -0.872111, -0.866954
-0.866954, -0.861703, -0.849708, -0.832007, -0.810433, -0.7877, -0.767127, -0.75205, -0.745127
-0.745127, -0.738122, -0.722283, -0.699275, -0.671742, -0.643248, -0.61786, -0.599465, -0.591075
-0.591075, -0.582621, -0.563623, -0.536302, -0.504001, -0.470979, -0.441872, -0.420957, -0.411462
-0.411462, -0.401923, -0.380587, -0.350136, -0.314463, -0.278341, -0.246775, -0.224243, -0.214055
-0.214055, -0.203844, -0.181093, -0.148828, -0.111327, -0.0736664, -0.0410062, -0.0178322, -0.00739119
-0.00739119, 0.00305062, 0.0262322, 0.0589165, 0.0966244, 0.134194, 0.166536, 0.18935, 0.199593
0.199593, 0.209813, 0.232423, 0.264113, 0.300397, 0.336251, 0.366876, 0.388344, 0.397945
0.397945, 0.407502, 0.428563, 0.457887, 0.491178, 0.523767, 0.551351, 0.570543, 0.579087
0.579087, 0.587568, 0.606169, 0.63186, 0.660718, 0.688632, 0.711981, 0.728069, 0.735187
0.735187, 0.742225, 0.757561, 0.778507, 0.801685, 0.823716, 0.841821, 0.854108, 0.859492
0.859492, 0.864783, 0.876191, 0.891487, 0.907982, 0.923178, 0.935256, 0.943211, 0.946628
0.946628, 0.949942, 0.95693, 0.965914, 0.975012, 0.982716, 0.988245, 0.991523, 0.992826
0.992826, 0.99402, 0.996285, 0.998569, 0.999877, 0.999755, 0.998496, 0.996957, 0.996088
0.996088, 0.995111, 0.992554, 0.988039, 0.981501, 0.973559, 0.965566, 0.959275, 0.956274
0.956274, 0.953168, 0.9459, 0.934781, 0.920679, 0.905261, 0.890879, 0.880109, 0.875104
0.875104, 0.870003, 0.858339, 0.841097, 0.820042, 0.797813, 0.777665, 0.762882, 0.75609
0.75609, 0.749215, 0.733659, 0.711039, 0.683941, 0.655863, 0.630821, 0.612663, 0.604377
0.604377, 0.596025, 0.57725, 0.550232, 0.518262, 0.48555, 0.456695, 0.435949, 0.426528
0.426528, 0.41706, 0.395878, 0.365629, 0.33017, 0.294239, 0.26282, 0.240382, 0.230233
0.230233, 0.220059, 0.197386, 0.165214, 0.1278, 0.0902031, 0.0575785, 0.034419, 0.0239816
0.0239816, 0.0135416, -0.00964237, -0.0423454, -0.0800969, -0.117734, -0.150153, -0.173032, -0.183307
-0.183307, -0.193562, -0.216254, -0.248074, -0.28453, -0.320579, -0.351391, -0.373001, -0.382668
-0.382668, -0.392294, -0.413513, -0.443074, -0.476658, -0.509561, -0.537433, -0.556838, -0.565481
-0.565481, -0.574062, -0.59289, -0.618913, -0.648173, -0.676506, -0.700232, -0.716595, -0.723838
-0.723838, -0.731003, -0.746626, -0.767986, -0.791657, -0.814195, -0.83275, -0.845361, -0.850893
-0.850893, -0.856332, -0.868074, -0.883848, -0.900905, -0.916673, -0.929254, -0.937569, -0.94115
-0.94115, -0.944628, -0.951981, -0.961486, -0.971192, -0.979509, -0.985572, -0.989231, -0.990706
-0.990706, -0.992072, -0.994719, -0.997544, -0.999479, -0.999985, -0.999268, -0.998113, -0.997417
-0.997417, -0.996613, -0.994439, -0.990462, -0.984543, -0.977215, -0.96975, -0.96383, -0.960995
-0.960995, -0.958054, -0.951153, -0.940546, -0.927029, -0.912185, -0.898293, -0.887866, -0.883013
-0.883013, -0.878064, -0.866734, -0.849956, -0.829424, -0.807707, -0.787989, -0.773504, -0.766844
-0.766844, -0.760101, -0.744832, -0.722608, -0.695951, -0.668298, -0.643608, -0.625692, -0.617513
-0.617513, -0.609266, -0.590719, -0.564011, -0.53238, -0.499988, -0.471393, -0.450821, -0.441476
-0.441476, -0.432083, -0.41106, -0.381022, -0.345786, -0.310056, -0.278792, -0.256454, -0.246348
-0.246348, -0.236214, -0.213624, -0.181555, -0.144238, -0.106715, -0.0741349, -0.0509963, -0.0405654
-0.0405654, -0.0301301, -0.00695008, 0.0257625, 0.0635473, 0.101241, 0.133729, 0.156667, 0.166971
0.166971, 0.177257, 0.200025, 0.231966, 0.268585, 0.304819, 0.335809, 0.357555, 0.367287
0.367287, 0.376979, 0.398349, 0.428139, 0.462007, 0.495214, 0.523367, 0.54298, 0.551719

0.578817, 0.57027, 0.551074, 0.523484, 0.490889, 0.457592, 0.428263, 0.407199, 0.39764
0.39764, 0.388038, 0.366568, 0.335939, 0.30008, 0.263793, 0.232101, 0.209489, 0.199267
0.199267, 0.189024, 0.166209, 0.133865, 0.0962941, 0.0585852, 0.0259004, 0.00271872, -0.00772307
-0.00772307, -0.018164, -0.0413378, -0.0739974, -0.111656, -0.149156, -0.18142, -0.204169, -0.214379
-0.214379, -0.224567, -0.247097, -0.27866, -0.314778, -0.350447, -0.380894, -0.402227, -0.411765
-0.411765, -0.421258, -0.44217, -0.471271, -0.504287, -0.536582, -0.563897, -0.58289, -0.591343
-0.591343, -0.599731, -0.618121, -0.643502, -0.671988, -0.699512, -0.722513, -0.738346, -0.745348
-0.745348, -0.752268, -0.76734, -0.787904, -0.810628, -0.832191, -0.849883, -0.861871, -0.867119
-0.867119, -0.872273, -0.883375, -0.898233, -0.914211, -0.928881, -0.940499, -0.948124, -0.951392
-0.951392, -0.954556, -0.961208, -0.969716, -0.978258, -0.985401, -0.990443, -0.993374, -0.99452
-0.99452, -0.995557, -0.997473, -0.999263, -1, -0.999306, -0.997553, -0.995665, -0.994639
-0.994639, -0.993505, -0.9906, -0.985596, -0.978495, -0.969995, -0.961524, -0.954897, -0.951744
-0.951744, -0.948488, -0.940888, -0.929305, -0.914675, -0.898736, -0.883912, -0.872833, -0.86769
-0.86769, -0.862452, -0.850487, -0.832826, -0.811298, -0.78861, -0.768075, -0.753023, -0.746112
-0.746112, -0.739119, -0.723305, -0.700331, -0.672836, -0.644379, -0.619021, -0.600648, -0.592267
-0.592267, -0.583821, -0.564843, -0.537549, -0.505277, -0.472282, -0.443198, -0.422297, -0.412809
-0.412809, -0.403276, -0.381954, -0.35152, -0.315866, -0.279761, -0.248207, -0.225684, -0.215499
-0.215499, -0.205291, -0.182547, -0.150289, -0.112796, -0.0751405, -0.0424831, -0.0193102, -0.00886939
-0.00886939, 0.00157237, 0.0247544, 0.0574408, 0.095153, 0.132729, 0.165078, 0.187898, 0.198144
0.198144, 0.208368, 0.230985, 0.262687, 0.298987, 0.334859, 0.365501, 0.386981, 0.396588
0.396588, 0.406152, 0.427227, 0.456573, 0.48989, 0.522507, 0.550117, 0.569328, 0.577882
0.577882, 0.586372, 0.604993, 0.630714, 0.659608, 0.687559, 0.710942, 0.727054, 0.734184
0.734184, 0.741233, 0.756595, 0.777579, 0.8008, 0.822877, 0.841023, 0.853338, 0.858736
0.858736, 0.864039, 0.875478, 0.890817, 0.907361, 0.922608, 0.934732, 0.942719, 0.946151
0.946151, 0.949479, 0.956499, 0.96553, 0.974683, 0.982441, 0.988018, 0.99133, 0.992648
0.992648, 0.993858, 0.996156, 0.998488, 0.999853, 0.999787, 0.998576, 0.997071, 0.996218
0.996218, 0.995256, 0.992733, 0.988266, 0.981783, 0.973896, 0.96595, 0.959692, 0.956705
0.956705, 0.953614, 0.946379, 0.935305, 0.921255, 0.905888, 0.89155, 0.88081, 0.875818
0.875818, 0.870731, 0.859097, 0.841896, 0.820887, 0.798703, 0.778594, 0.763837, 0.757056
0.757056, 0.750193, 0.734662, 0.712078, 0.685018, 0.656979, 0.631967, 0.613831, 0.605554
0.605554, 0.597212, 0.578457, 0.551466, 0.519525, 0.486842, 0.45801, 0.437279, 0.427865
0.427865, 0.418404, 0.397235, 0.367005, 0.331565, 0.295651, 0.264246, 0.241816, 0.231671
0.231671, 0.221501, 0.198835, 0.166672, 0.129266, 0.0916752, 0.0590542, 0.0358963, 0.0254594
0.0254594, 0.0150197, -0.00816418, -0.0408684, -0.0786233, -0.116266, -0.148691, -0.171576, -0.181854
-0.181854, -0.192111, -0.21481, -0.246641, -0.283113, -0.319179, -0.350007, -0.371629, -0.381302
-0.381302, -0.390934, -0.412167, -0.441748, -0.475358, -0.508288, -0.536185, -0.55561, -0.564261
-0.564261, -0.572851, -0.591699, -0.617751, -0.647047, -0.675416, -0.699176, -0.715563, -0.722818
-0.722818, -0.729994, -0.745642, -0.767039, -0.790753, -0.813336, -0.831931, -0.844571, -0.850115
-0.850115, -0.855568, -0.867339, -0.883155, -0.900262, -0.916081, -0.928707, -0.937054, -0.940649
-0.940649, -0.944142, -0.951527, -0.961078, -0.970839, -0.97921, -0.985321, -0.989014, -0.990503
-0.990503, -0.991885, -0.994566, -0.997439, -0.99943, -0.999992, -0.999324, -0.998203, -0.997522
-0.997522, -0.996733, -0.994593, -0.990664, -0.9848, -0.977528, -0.970109, -0.964223, -0.961402
-0.961402, -0.958477, -0.951609, -0.941047, -0.927582, -0.91279, -0.898942, -0.888545, -0.883706
-0.883706, -0.87877, -0.867471, -0.850734, -0.830249, -0.808577, -0.788899, -0.77444, -0.767792
-0.767792, -0.76106, -0.745818, -0.723629, -0.697012, -0.669397, -0.644739, -0.626845, -0.618675
-0.618675, -0.610438, -0.591912, -0.565231, -0.533631, -0.501268, -0.472696, -0.45214, -0.442802
-0.442802, -0.433416, -0.412407, -0.382388, -0.347173, -0.311461, -0.280212, -0.257883, -0.24778
-0.24778, -0.23765, -0.215068, -0.183009, -0.145701, -0.108185, -0.075609, -0.0524726, -0.0420424

0.946997, 0.943591, 0.935661, 0.923618, 0.908462, 0.892006, 0.876743, 0.865358, 0.860078
0.860078, 0.854704, 0.84244, 0.824365, 0.80237, 0.779226, 0.758309, 0.742992, 0.735963
0.735963, 0.728854, 0.712786, 0.689462, 0.661578, 0.632748, 0.607081, 0.588496, 0.580022
0.580022, 0.571484, 0.552307, 0.524743, 0.492177, 0.458906, 0.429599, 0.408549, 0.398996
0.398996, 0.3894, 0.367943, 0.337331, 0.30149, 0.265218, 0.233538, 0.210934, 0.200716
0.200716, 0.190476, 0.167666, 0.13533, 0.0977654, 0.0600609, 0.0273781, 0.00419697, -0.00624486
-0.00624486, -0.016686, -0.0398608, -0.0725231, -0.110187, -0.147694, -0.179966, -0.202722, -0.212935
-0.212935, -0.223126, -0.245664, -0.27724, -0.313375, -0.349062, -0.379527, -0.400873, -0.410417
-0.410417, -0.419917, -0.440843, -0.469967, -0.50301, -0.535334, -0.562675, -0.581689, -0.59015
-0.59015, -0.598548, -0.616958, -0.64237, -0.670892, -0.698455, -0.72149, -0.737348, -0.744362
-0.744362, -0.751294, -0.766391, -0.786993, -0.809761, -0.831371, -0.849103, -0.861121, -0.866382
-0.866382, -0.871549, -0.882682, -0.897582, -0.913611, -0.928333, -0.939996, -0.947653, -0.950935
-0.950935, -0.954114, -0.960799, -0.969354, -0.977951, -0.985148, -0.990238, -0.993203, -0.994364
-0.994364, -0.995417, -0.997366, -0.999205, -0.999998, -0.99936, -0.997656, -0.995801, -0.994791
-0.994791, -0.993672, -0.990801, -0.985845, -0.978799, -0.970354, -0.961929, -0.955335, -0.952197
-0.952197, -0.948955, -0.941388, -0.92985, -0.915271, -0.899383, -0.884602, -0.873554, -0.868424
-0.868424, -0.863199, -0.851263, -0.833644, -0.812162, -0.789518, -0.769021, -0.753995, -0.747095
-0.747095, -0.740114, -0.724325, -0.701385, -0.673929, -0.645509, -0.620182, -0.601829, -0.593457
-0.593457, -0.585021, -0.566062, -0.538795, -0.506552, -0.473585, -0.444522, -0.423637, -0.414155
-0.414155, -0.404628, -0.38332, -0.352904, -0.317268, -0.28118, -0.249639, -0.227123, -0.216942
-0.216942, -0.206737, -0.184, -0.151751, -0.114264, -0.0766145, -0.04396, -0.0207881, -0.0103476
-0.0103476, 9.41195e-05, 0.0232766, 0.0559649, 0.0936813, 0.131264, 0.16362, 0.186446, 0.196695
0.196695, 0.206922, 0.229547, 0.26126, 0.297576, 0.333465, 0.364124, 0.385618, 0.395231
0.395231, 0.404801, 0.42589, 0.455257, 0.488601, 0.521246, 0.548882, 0.568112, 0.576674
0.576674, 0.585174, 0.603815, 0.629566, 0.658496, 0.686485, 0.709902, 0.726039, 0.733179
0.733179, 0.74024, 0.755628, 0.776648, 0.799914, 0.822036, 0.840222, 0.852567, 0.857977
0.857977, 0.863294, 0.874762, 0.890144, 0.906739, 0.922037, 0.934206, 0.942225, 0.945671
0.945671, 0.949014, 0.956067, 0.965144, 0.974351, 0.982164, 0.987789, 0.991135, 0.992468
0.992468, 0.993693, 0.996026, 0.998406, 0.999826, 0.999816, 0.998654, 0.997183, 0.996345
0.996345, 0.995399, 0.99291, 0.988491, 0.982063, 0.97423, 0.966331, 0.960106, 0.957134
0.957134, 0.954058, 0.946855, 0.935827, 0.921829, 0.906513, 0.892218, 0.881509, 0.876531
0.876531, 0.871457, 0.859852, 0.842693, 0.82173, 0.799592, 0.779521, 0.76479, 0.758021
0.758021, 0.751169, 0.735665, 0.713115, 0.686095, 0.658092, 0.633112, 0.614997, 0.60673
0.60673, 0.598397, 0.579662, 0.552698, 0.520788, 0.488133, 0.459324, 0.438608, 0.4292
0.4292, 0.419746, 0.398592, 0.368379, 0.332959, 0.297063, 0.265671, 0.243251, 0.233109
0.233109, 0.222942, 0.200284, 0.168129, 0.130732, 0.0931471, 0.0605298, 0.0373736, 0.0269372
0.0269372, 0.0164978, -0.00668597, -0.0393913, -0.0771495, -0.114797, -0.147229, -0.17012, -0.1804
-0.1804, -0.19066, -0.213366, -0.245209, -0.281694, -0.317777, -0.348621, -0.370256, -0.379935
-0.379935, -0.389573, -0.410819, -0.440422, -0.474057, -0.507015, -0.534937, -0.55438, -0.56304
-0.56304, -0.571639, -0.590506, -0.616588, -0.645919, -0.674326, -0.698119, -0.714529, -0.721795
-0.721795, -0.728983, -0.744656, -0.76609, -0.789847, -0.812475, -0.831109, -0.843778, -0.849336
-0.849336, -0.854801, -0.866602, -0.882461, -0.899618, -0.915487, -0.928158, -0.936537, -0.940146
-0.940146, -0.943653, -0.951072, -0.960669, -0.970483, -0.978909, -0.985068, -0.988794, -0.990299
-0.990299, -0.991696, -0.994411, -0.997332, -0.999379, -0.999997, -0.999377, -0.99829, -0.997625
-0.997625, -0.996852, -0.994746, -0.990865, -0.985056, -0.977838, -0.970467, -0.964614, -0.961808
-0.961808, -0.958898, -0.952062, -0.941546, -0.928133, -0.913393, -0.899588, -0.889222, -0.884397
-0.884397, -0.879475, -0.868205, -0.85151, -0.831072, -0.809446, -0.789806, -0.775375, -0.768739
-0.768739, -0.762018, -0.746802, -0.724649, -0.698071, -0.670494, -0.645868, -0.627996, -0.619836

0.955503, 0.958531, 0.96488, 0.972956, 0.980995, 0.987631, 0.992231, 0.994849, 0.995853
0.995853, 0.996749, 0.998349, 0.999693, 0.999915, 0.998705, 0.996507, 0.994304, 0.993136
0.993136, 0.991861, 0.988643, 0.983198, 0.975592, 0.96659, 0.957688, 0.950759, 0.947471
0.947471, 0.944079, 0.936182, 0.924183, 0.909078, 0.892673, 0.877453, 0.866098, 0.860831
0.860831, 0.85547, 0.843235, 0.825201, 0.803251, 0.780152, 0.759272, 0.743981, 0.736963
0.736963, 0.729865, 0.713822, 0.690532, 0.662686, 0.633892, 0.608255, 0.58969, 0.581225
0.581225, 0.572697, 0.553538, 0.526001, 0.493463, 0.460219, 0.430933, 0.409898, 0.400351
0.400351, 0.390761, 0.369317, 0.338722, 0.302899, 0.266643, 0.234975, 0.212379, 0.202164
0.202164, 0.191927, 0.169123, 0.136794, 0.0992364, 0.0615364, 0.0288558, 0.0056752, -0.00476663
-0.00476663, -0.0152079, -0.0383836, -0.0710487, -0.108718, -0.146232, -0.178512, -0.201274, -0.211491
-0.211491, -0.221685, -0.244231, -0.275819, -0.311971, -0.347676, -0.378159, -0.399518, -0.409069
-0.409069, -0.418575, -0.439516, -0.468662, -0.501732, -0.534085, -0.561453, -0.580485, -0.588956
-0.588956, -0.597363, -0.615794, -0.641236, -0.669795, -0.697396, -0.720466, -0.736349, -0.743374
-0.743374, -0.750317, -0.765441, -0.78608, -0.808893, -0.830548, -0.848321, -0.860368, -0.865643
-0.865643, -0.870824, -0.881986, -0.896929, -0.913009, -0.927782, -0.939491, -0.94718, -0.950477
-0.950477, -0.95367, -0.960389, -0.96899, -0.977641, -0.984894, -0.990031, -0.99303, -0.994206
-0.994206, -0.995275, -0.997258, -0.999145, -0.999994, -0.999412, -0.997756, -0.995935, -0.99494
-0.99494, -0.993837, -0.991, -0.986091, -0.979101, -0.97071, -0.962332, -0.95577, -0.952647
-0.952647, -0.94942, -0.941886, -0.930393, -0.915866, -0.900028, -0.885291, -0.874272, -0.869156
-0.869156, -0.863945, -0.852038, -0.834459, -0.813023, -0.790424, -0.769965, -0.754965, -0.748077
-0.748077, -0.741107, -0.725343, -0.702438, -0.675021, -0.646637, -0.621341, -0.603009, -0.594647
-0.594647, -0.586219, -0.56728, -0.54004, -0.507826, -0.474886, -0.445846, -0.424975, -0.4155
-0.4155, -0.40598, -0.384685, -0.354286, -0.31867, -0.282598, -0.25107, -0.228563, -0.218385
-0.218385, -0.208184, -0.185453, -0.153212, -0.115733, -0.0780884, -0.0454368, -0.022266, -0.0118257
-0.0118257, -0.00138413, 0.0217987, 0.0544889, 0.0922095, 0.129798, 0.162162, 0.184994, 0.195245
0.195245, 0.205475, 0.228108, 0.259833, 0.296164, 0.332071, 0.362747, 0.384253, 0.393872
0.393872, 0.403448, 0.424552, 0.45394, 0.487311, 0.519984, 0.547645, 0.566895, 0.575466
0.575466, 0.583974, 0.602636, 0.628417, 0.657383, 0.685409, 0.70886, 0.725021, 0.732173
0.732173, 0.739245, 0.754659, 0.775716, 0.799026, 0.821193, 0.839419, 0.851793, 0.857217
0.857217, 0.862547, 0.874045, 0.889469, 0.906115, 0.921464, 0.933677, 0.941728, 0.945189
0.945189, 0.948547, 0.955633, 0.964756, 0.974017, 0.981885, 0.987557, 0.990938, 0.992286
0.992286, 0.993526, 0.995893, 0.998322, 0.999798, 0.999843, 0.998729, 0.997293, 0.99647
0.99647, 0.995539, 0.993085, 0.988713, 0.982341, 0.974563, 0.96671, 0.960519, 0.957561
0.957561, 0.954499, 0.94733, 0.936347, 0.922401, 0.907136, 0.892885, 0.882206, 0.877241
0.877241, 0.872181, 0.860606, 0.843488, 0.822572, 0.800479, 0.780446, 0.765742, 0.758984
0.758984, 0.752144, 0.736665, 0.714151, 0.687169, 0.659205, 0.634255, 0.616162, 0.607904
0.607904, 0.59958, 0.580866, 0.55393, 0.522049, 0.489422, 0.460636, 0.439936, 0.430535
0.430535, 0.421087, 0.399947, 0.369753, 0.334353, 0.298475, 0.267096, 0.244684, 0.234546
0.234546, 0.224383, 0.201732, 0.169586, 0.132197, 0.0946188, 0.0620053, 0.0388508, 0.0284148
0.0284148, 0.0179758, -0.00520775, -0.0379142, -0.0756756, -0.113329, -0.145767, -0.168663, -0.178946
-0.178946, -0.189209, -0.211922, -0.243775, -0.280276, -0.316375, -0.347236, -0.368882, -0.378567
-0.378567, -0.388211, -0.409471, -0.439094, -0.472755, -0.50574, -0.533687, -0.553149, -0.561818
-0.561818, -0.570425, -0.589313, -0.615424, -0.64479, -0.673233, -0.69706, -0.713494, -0.720771
-0.720771, -0.72797, -0.743669, -0.765139, -0.78894, -0.811612, -0.830287, -0.842984, -0.848555
-0.848555, -0.854033, -0.865864, -0.881764, -0.898971, -0.914892, -0.927607, -0.936018, -0.939642
-0.939642, -0.943163, -0.950614, -0.960257, -0.970126, -0.978606, -0.984812, -0.988572, -0.990093
-0.990093, -0.991505, -0.994254, -0.997223, -0.999326, -0.999999, -0.999428, -0.998375, -0.997726
-0.997726, -0.996968, -0.994896, -0.991063, -0.98531, -0.978147, -0.970823, -0.965003, -0.962212

0.601103, 0.609415, 0.627632, 0.652761, 0.680942, 0.708148, 0.730865, 0.746491, 0.753398
0.753398, 0.760223, 0.775079, 0.795333, 0.817687, 0.838871, 0.856227, 0.867973, 0.873111
0.873111, 0.878154, 0.889008, 0.90351, 0.91907, 0.933316, 0.944561, 0.951919, 0.955066
0.955066, 0.958108, 0.964491, 0.972614, 0.980707, 0.987398, 0.992046, 0.994698, 0.995717
0.995717, 0.996628, 0.998263, 0.999656, 0.999933, 0.99878, 0.99663, 0.99446, 0.993308
0.993308, 0.992048, 0.988864, 0.983467, 0.975915, 0.966968, 0.958113, 0.951216, 0.947943
0.947943, 0.944566, 0.936701, 0.924747, 0.909693, 0.893338, 0.878161, 0.866836, 0.861582
0.861582, 0.856235, 0.844029, 0.826035, 0.804131, 0.781076, 0.760233, 0.744968, 0.737962
0.737962, 0.730875, 0.714856, 0.691601, 0.663793, 0.635035, 0.609427, 0.590883, 0.582427
0.582427, 0.573908, 0.554769, 0.527257, 0.494748, 0.461531, 0.432266, 0.411246, 0.401705
0.401705, 0.392121, 0.37069, 0.340112, 0.304308, 0.268068, 0.236412, 0.213823, 0.203611
0.203611, 0.193377, 0.17058, 0.138259, 0.100707, 0.0630118, 0.0303334, 0.00715342, -0.00328839
-0.00328839, -0.0137298, -0.0369064, -0.0695741, -0.107248, -0.144769, -0.177057, -0.199826, -0.210046
-0.210046, -0.220243, -0.242797, -0.274398, -0.310566, -0.34629, -0.37679, -0.398163, -0.407719
-0.407719, -0.417232, -0.438188, -0.467355, -0.500453, -0.532834, -0.560229, -0.579281, -0.587761
-0.587761, -0.596177, -0.614628, -0.640101, -0.668697, -0.696336, -0.71944, -0.735348, -0.742384
-0.742384, -0.749339, -0.764489, -0.785166, -0.808023, -0.829724, -0.847538, -0.859614, -0.864902
-0.864902, -0.870096, -0.881288, -0.896275, -0.912405, -0.92723, -0.938983, -0.946705, -0.950016
-0.950016, -0.953224, -0.959976, -0.968623, -0.977329, -0.984636, -0.989821, -0.992854, -0.994046
-0.994046, -0.99513, -0.997148, -0.999083, -0.999987, -0.999462, -0.997854, -0.996067, -0.995088
-0.995088, -0.994, -0.991197, -0.986336, -0.979401, -0.971064, -0.962733, -0.956204, -0.953096
-0.953096, -0.949883, -0.942381, -0.930934, -0.916458, -0.900672, -0.885977, -0.874989, -0.869886
-0.869886, -0.864688, -0.852811, -0.835273, -0.813883, -0.791329, -0.770907, -0.755934, -0.749057
-0.749057, -0.742099, -0.72636, -0.70349, -0.676111, -0.647764, -0.622498, -0.604188, -0.595834
-0.595834, -0.587416, -0.568497, -0.541283, -0.509099, -0.476187, -0.447169, -0.426313, -0.416844
-0.416844, -0.40733, -0.386049, -0.355668, -0.320071, -0.284016, -0.252501, -0.230002, -0.219827
-0.219827, -0.209629, -0.186905, -0.154672, -0.117201, -0.079562, -0.0469135, -0.0237439, -0.0133039
-0.0133039, -0.00286238, 0.0203208, 0.0530128, 0.0907374, 0.128332, 0.160703, 0.183541, 0.193795
0.193795, 0.204028, 0.226668, 0.258405, 0.294752, 0.330677, 0.361369, 0.382888, 0.392513
0.392513, 0.402095, 0.423213, 0.452623, 0.486019, 0.518721, 0.546408, 0.565677, 0.574257
0.574257, 0.582774, 0.601456, 0.627266, 0.656268, 0.684332, 0.707817, 0.724002, 0.731166
0.731166, 0.738249, 0.753688, 0.774783, 0.798136, 0.820349, 0.838615, 0.851018, 0.856455
0.856455, 0.861798, 0.873326, 0.888793, 0.905488, 0.920889, 0.933147, 0.94123, 0.944706
0.944706, 0.948078, 0.955196, 0.964366, 0.973681, 0.981604, 0.987324, 0.990738, 0.992102
0.992102, 0.993357, 0.995758, 0.998235, 0.999767, 0.999868, 0.998803, 0.9974, 0.996593
0.996593, 0.995678, 0.993257, 0.988934, 0.982616, 0.974893, 0.967087, 0.960929, 0.957986
0.957986, 0.954939, 0.947802, 0.936865, 0.922971, 0.907757, 0.89355, 0.882901, 0.87795
0.87795, 0.872903, 0.861358, 0.844281, 0.823411, 0.801364, 0.781369, 0.766692, 0.759946
0.759946, 0.753118, 0.737664, 0.715185, 0.688242, 0.660316, 0.635398, 0.617326, 0.609077
0.609077, 0.600763, 0.582069, 0.55516, 0.52331, 0.490711, 0.461948, 0.441263, 0.431869
0.431869, 0.422427, 0.401301, 0.371126, 0.335746, 0.299885, 0.26852, 0.246117, 0.235983
0.235983, 0.225824, 0.203179, 0.171043, 0.133662, 0.0960904, 0.0634806, 0.0403278, 0.0298925
0.0298925, 0.0194538, -0.00372951, -0.036437, -0.0742015, -0.11186, -0.144304, -0.167205, -0.177491
-0.177491, -0.187757, -0.210477, -0.242341, -0.278856, -0.314973, -0.345849, -0.367508, -0.377199
-0.377199, -0.386849, -0.408122, -0.437765, -0.471452, -0.504464, -0.532437, -0.551917, -0.560594
-0.560594, -0.56921, -0.588118, -0.614258, -0.643659, -0.672139, -0.695999, -0.712458, -0.719746
-0.719746, -0.726956, -0.742679, -0.764186, -0.78803, -0.810747, -0.829462, -0.842188, -0.847772
-0.847772, -0.853263, -0.865123, -0.881066, -0.898323, -0.914294, -0.927054, -0.935496, -0.939135

0.0184018, 0.0288407, 0.0520058, 0.0846433, 0.122263, 0.159707, 0.191912, 0.214612, 0.224798
0.224798, 0.234961, 0.257431, 0.2889, 0.324897, 0.360429, 0.390747, 0.411981, 0.421473
0.421473, 0.430919, 0.451723, 0.480664, 0.513481, 0.545563, 0.572684, 0.591535, 0.599921
0.599921, 0.608243, 0.62648, 0.65164, 0.679858, 0.707104, 0.729855, 0.745506, 0.752425
0.752425, 0.759262, 0.774145, 0.794436, 0.816835, 0.838065, 0.855462, 0.867238, 0.872389
0.872389, 0.877446, 0.88833, 0.902875, 0.918487, 0.932784, 0.944074, 0.951465, 0.954626
0.954626, 0.957684, 0.964099, 0.972269, 0.980417, 0.987163, 0.991859, 0.994545, 0.99558
0.99558, 0.996506, 0.998174, 0.999616, 0.999949, 0.998852, 0.99675, 0.994614, 0.993478
0.993478, 0.992233, 0.989083, 0.983733, 0.976237, 0.967344, 0.958535, 0.951671, 0.948412
0.948412, 0.94505, 0.937217, 0.925308, 0.910306, 0.894002, 0.878867, 0.867572, 0.862332
0.862332, 0.856997, 0.844821, 0.826867, 0.805009, 0.781998, 0.761192, 0.745953, 0.738958
0.738958, 0.731883, 0.715889, 0.692668, 0.664897, 0.636176, 0.610599, 0.592075, 0.583628
0.583628, 0.575118, 0.555998, 0.528513, 0.496032, 0.462842, 0.433599, 0.412593, 0.403059
0.403059, 0.393481, 0.372063, 0.341502, 0.305716, 0.269492, 0.237848, 0.215267, 0.205058
0.205058, 0.194827, 0.172037, 0.139723, 0.102178, 0.064487, 0.0318109, 0.00863162, -0.00181014
-0.00181014, -0.0122517, -0.0354292, -0.0680993, -0.105779, -0.143306, -0.175602, -0.198377, -0.2086
-0.2086, -0.218801, -0.241363, -0.272976, -0.30916, -0.344902, -0.37542, -0.396806, -0.406369
-0.406369, -0.415888, -0.436858, -0.466048, -0.499172, -0.531583, -0.559004, -0.578076, -0.586564
-0.586564, -0.594989, -0.613462, -0.638965, -0.667597, -0.695274, -0.718412, -0.734345, -0.741393
-0.741393, -0.74836, -0.763535, -0.784249, -0.807151, -0.828898, -0.846752, -0.858857, -0.864159
-0.864159, -0.869366, -0.880589, -0.895618, -0.911799, -0.926675, -0.938474, -0.946228, -0.949554
-0.949554, -0.952777, -0.95956, -0.968255, -0.977015, -0.984377, -0.98961, -0.992677, -0.993884
-0.993884, -0.994983, -0.997035, -0.999018, -0.999979, -0.999509, -0.997949, -0.996197, -0.995233
-0.995233, -0.99416, -0.991392, -0.986578, -0.979698, -0.971416, -0.963131, -0.956636, -0.953542
-0.953542, -0.950344, -0.942875, -0.931473, -0.917049, -0.901313, -0.886662, -0.875704, -0.870614
-0.870614, -0.86543, -0.853582, -0.836085, -0.814741, -0.792232, -0.771848, -0.756901, -0.750036
-0.750036, -0.743089, -0.727375, -0.704539, -0.677199, -0.64889, -0.623654, -0.605365, -0.597021
-0.597021, -0.588612, -0.569713, -0.542525, -0.510371, -0.477486, -0.44849, -0.42765, -0.418188
-0.418188, -0.40868, -0.387412, -0.357049, -0.321471, -0.285433, -0.253931, -0.23144, -0.221269
-0.221269, -0.211074, -0.188357, -0.156133, -0.118669, -0.0810355, -0.04839, -0.0252217, -0.014782
-0.014782, -0.00434062, 0.0188428, 0.0515366, 0.0892652, 0.126866, 0.159244, 0.182087, 0.192345
0.192345, 0.202581, 0.225228, 0.256977, 0.293339, 0.329281, 0.359991, 0.381522, 0.391153
0.391153, 0.400742, 0.421873, 0.451304, 0.484727, 0.517456, 0.545169, 0.564457, 0.573046
0.573046, 0.581572, 0.600274, 0.626114, 0.655152, 0.683253, 0.706772, 0.722982, 0.730156
0.730156, 0.737251, 0.752716, 0.773847, 0.797245, 0.819502, 0.837809, 0.850241, 0.855691
0.855691, 0.861048, 0.872605, 0.888114, 0.90486, 0.920311, 0.932614, 0.94073, 0.94422
0.94422, 0.947607, 0.954758, 0.963974, 0.973343, 0.98132, 0.987088, 0.990536, 0.991915
0.991915, 0.993186, 0.995621, 0.998146, 0.999734, 0.999891, 0.998874, 0.997506, 0.996714
0.996714, 0.995814, 0.993428, 0.989152, 0.982889, 0.975221, 0.967463, 0.961337, 0.958409
0.958409, 0.955377, 0.948272, 0.937381, 0.923539, 0.908376, 0.894212, 0.883594, 0.878657
0.878657, 0.873624, 0.862108, 0.845072, 0.824249, 0.802247, 0.782291, 0.76764, 0.760906
0.760906, 0.754089, 0.738661, 0.716217, 0.689314, 0.661425, 0.636538, 0.618488, 0.610249
0.610249, 0.601944, 0.58327, 0.556389, 0.524569, 0.491998, 0.463258, 0.442589, 0.433201
0.433201, 0.423767, 0.402655, 0.372499, 0.337138, 0.301295, 0.269944, 0.24755, 0.237419
0.237419, 0.227263, 0.204626, 0.172499, 0.135127, 0.0975617, 0.0649558, 0.0418049, 0.03137
0.03137, 0.0209318, -0.00225127, -0.0349596, -0.0727272, -0.110391, -0.142841, -0.165748, -0.176036
-0.176036, -0.186305, -0.209032, -0.240907, -0.277437, -0.313569, -0.344461, -0.366133, -0.375829
-0.375829, -0.385485, -0.406772, -0.436436, -0.470148, -0.503187, -0.531185, -0.550684, -0.559369

-0.571289, -0.562688, -0.543372, -0.515622, -0.482852, -0.449391, -0.41993, -0.398778, -0.389181
-0.389181, -0.379541, -0.357991, -0.327258, -0.29129, -0.254906, -0.223141, -0.200483, -0.190242
-0.190242, -0.179981, -0.157128, -0.124741, -0.0871315, -0.0493973, -0.0167011, 0.00648263, 0.0169237
0.0169237, 0.027363, 0.0505295, 0.0831703, 0.120796, 0.158248, 0.190461, 0.213168, 0.223358
0.223358, 0.233523, 0.256002, 0.287485, 0.323499, 0.359049, 0.389386, 0.410634, 0.420132
0.420132, 0.429585, 0.450404, 0.479367, 0.512212, 0.544324, 0.571472, 0.590342, 0.598738
0.598738, 0.607069, 0.625327, 0.650518, 0.678774, 0.706058, 0.728844, 0.74452, 0.751451
0.751451, 0.758299, 0.773208, 0.793537, 0.815981, 0.837258, 0.854696, 0.866501, 0.871666
0.871666, 0.876736, 0.88765, 0.902239, 0.917901, 0.93225, 0.943586, 0.951009, 0.954185
0.954185, 0.957257, 0.963705, 0.971922, 0.980125, 0.986926, 0.99167, 0.994389, 0.99544
0.99544, 0.996381, 0.998084, 0.999574, 0.999963, 0.998921, 0.996868, 0.994767, 0.993645
0.993645, 0.992416, 0.9893, 0.983998, 0.976556, 0.967717, 0.958955, 0.952124, 0.94888
0.94888, 0.945532, 0.937732, 0.925868, 0.910917, 0.894663, 0.879572, 0.868306, 0.863079
0.863079, 0.857758, 0.845611, 0.827698, 0.805885, 0.782919, 0.76215, 0.746937, 0.739954
0.739954, 0.73289, 0.716921, 0.693733, 0.666001, 0.637316, 0.611769, 0.593266, 0.584828
0.584828, 0.576326, 0.557226, 0.529767, 0.497315, 0.464152, 0.434931, 0.413939, 0.404411
0.404411, 0.394839, 0.373434, 0.342891, 0.307123, 0.270915, 0.239284, 0.21671, 0.206505
0.206505, 0.196277, 0.173493, 0.141186, 0.103648, 0.0659621, 0.0332884, 0.0101098, -0.000331894
-0.000331894, -0.0107736, -0.0339518, -0.0666244, -0.104308, -0.141843, -0.174146, -0.196928, -0.207154
-0.207154, -0.217358, -0.239928, -0.271554, -0.307754, -0.343515, -0.37405, -0.395449, -0.405018
-0.405018, -0.414543, -0.435528, -0.46474, -0.497891, -0.53033, -0.557777, -0.576869, -0.585366
-0.585366, -0.5938, -0.612294, -0.637827, -0.666496, -0.694211, -0.717383, -0.733341, -0.7404
-0.7404, -0.747378, -0.76258, -0.783331, -0.806277, -0.82807, -0.845965, -0.858099, -0.863414
-0.863414, -0.868635, -0.879887, -0.89496, -0.911191, -0.926119, -0.937962, -0.945748, -0.949089
-0.949089, -0.952327, -0.959143, -0.967884, -0.976699, -0.984116, -0.989396, -0.992497, -0.99372
-0.99372, -0.994834, -0.99692, -0.998952, -0.999968, -0.999554, -0.998043, -0.996325, -0.995376
-0.995376, -0.994319, -0.991584, -0.986819, -0.979993, -0.971766, -0.963528, -0.957065, -0.953986
-0.953986, -0.950803, -0.943366, -0.93201, -0.917637, -0.901952, -0.887344, -0.876416, -0.87134
-0.87134, -0.866169, -0.854351, -0.836895, -0.815597, -0.793133, -0.772787, -0.757866, -0.751012
-0.751012, -0.744077, -0.728389, -0.705588, -0.678286, -0.650014, -0.624809, -0.606541, -0.598206
-0.598206, -0.589806, -0.570927, -0.543767, -0.511641, -0.478784, -0.449811, -0.428985, -0.41953
-0.41953, -0.410029, -0.388774, -0.35843, -0.32287, -0.286849, -0.25536, -0.232878, -0.222711
-0.222711, -0.212519, -0.189809, -0.157592, -0.120137, -0.0825088, -0.0498665, -0.0266995, -0.01626
-0.01626, -0.00581885, 0.0173648, 0.0500602, 0.0877927, 0.1254, 0.157784, 0.180634, 0.190894
0.190894, 0.201133, 0.223788, 0.255548, 0.291925, 0.327885, 0.358611, 0.380155, 0.389792
0.389792, 0.399387, 0.420533, 0.449984, 0.483433, 0.516191, 0.543929, 0.563236, 0.571834
0.571834, 0.580368, 0.599091, 0.624961, 0.654035, 0.682173, 0.705725, 0.72196, 0.729146
0.729146, 0.736252, 0.751742, 0.77291, 0.796352, 0.818654, 0.837001, 0.849462, 0.854925
0.854925, 0.860295, 0.871882, 0.887434, 0.90423, 0.919732, 0.93208, 0.940227, 0.943732
0.943732, 0.947134, 0.954317, 0.96358, 0.973003, 0.981035, 0.98685, 0.990332, 0.991727
0.991727, 0.993013, 0.995482, 0.998055, 0.999698, 0.999912, 0.998943, 0.997609, 0.996833
0.996833, 0.995948, 0.993596, 0.989368, 0.983161, 0.975547, 0.967835, 0.961743, 0.95883
0.95883, 0.955813, 0.948741, 0.937895, 0.924105, 0.908993, 0.894873, 0.884286, 0.879362
0.879362, 0.874342, 0.862856, 0.845861, 0.825085, 0.803129, 0.783211, 0.768586, 0.761864
0.761864, 0.75506, 0.739657, 0.717248, 0.690384, 0.662533, 0.637678, 0.619649, 0.61142
0.61142, 0.603124, 0.58447, 0.557616, 0.525827, 0.493285, 0.464568, 0.443914, 0.434533
0.434533, 0.425105, 0.404008, 0.37387, 0.338529, 0.302704, 0.271367, 0.248982, 0.238855
0.238855, 0.228703, 0.206073, 0.173955, 0.136592, 0.0990327, 0.0664309, 0.0432818, 0.0328475

-0.944001, -0.940504, -0.932375, -0.920051, -0.904577, -0.887809, -0.872281, -0.86071, -0.855347
-0.855347, -0.849891, -0.837446, -0.819122, -0.796844, -0.773426, -0.752278, -0.736803, -0.729703
-0.729703, -0.722523, -0.706302, -0.682768, -0.654651, -0.625596, -0.599743, -0.581032, -0.572502
-0.572502, -0.563909, -0.544613, -0.516888, -0.484146, -0.450712, -0.421271, -0.400133, -0.390542
-0.390542, -0.380908, -0.359371, -0.328654, -0.292704, -0.256335, -0.224581, -0.201931, -0.191693
-0.191693, -0.181435, -0.158588, -0.126208, -0.088604, -0.0508737, -0.0181791, 0.0050044, 0.0154457
0.0154457, 0.0258853, 0.049053, 0.0816971, 0.119328, 0.156788, 0.189009, 0.211723, 0.221917
0.221917, 0.232086, 0.254573, 0.286069, 0.322099, 0.357669, 0.388024, 0.409286, 0.41879
0.41879, 0.42825, 0.449084, 0.478069, 0.510941, 0.543083, 0.570258, 0.589148, 0.597553
0.597553, 0.605893, 0.624173, 0.649395, 0.677687, 0.70501, 0.727831, 0.743533, 0.750474
0.750474, 0.757334, 0.77227, 0.792637, 0.815126, 0.836449, 0.853928, 0.865762, 0.87094
0.87094, 0.876024, 0.886969, 0.9016, 0.917313, 0.931714, 0.943096, 0.950551, 0.953742
0.953742, 0.956829, 0.96331, 0.971573, 0.979831, 0.986687, 0.991478, 0.994232, 0.995298
0.995298, 0.996255, 0.997992, 0.99953, 0.999974, 0.998989, 0.996984, 0.994916, 0.993811
0.993811, 0.992597, 0.989514, 0.98426, 0.976873, 0.968089, 0.959373, 0.952575, 0.949345
0.949345, 0.946013, 0.938244, 0.926425, 0.911526, 0.895323, 0.880274, 0.869038, 0.863825
0.863825, 0.858517, 0.846399, 0.828527, 0.806759, 0.783837, 0.763106, 0.747919, 0.740947
0.740947, 0.733895, 0.71795, 0.694797, 0.667103, 0.638454, 0.612937, 0.594455, 0.586027
0.586027, 0.577534, 0.558453, 0.53102, 0.498597, 0.465461, 0.436261, 0.415284, 0.405763
0.405763, 0.396197, 0.374805, 0.344279, 0.308529, 0.272338, 0.240719, 0.218153, 0.207951
0.207951, 0.197726, 0.174948, 0.142649, 0.105118, 0.0674371, 0.0347658, 0.011588, 0.00114636
0.00114636, -0.00929538, -0.0324744, -0.0651494, -0.102838, -0.14038, -0.17269, -0.195478, -0.205708
-0.205708, -0.215915, -0.238493, -0.270131, -0.306347, -0.342126, -0.372679, -0.394091, -0.403666
-0.403666, -0.413197, -0.434197, -0.46343, -0.496608, -0.529076, -0.55655, -0.575661, -0.584167
-0.584167, -0.59261, -0.611124, -0.636688, -0.665393, -0.693146, -0.716352, -0.732335, -0.739406
-0.739406, -0.746395, -0.761623, -0.782412, -0.805402, -0.827241, -0.845176, -0.857339, -0.862668
-0.862668, -0.867902, -0.879184, -0.894299, -0.910581, -0.92556, -0.937449, -0.945267, -0.948623
-0.948623, -0.951875, -0.958724, -0.967512, -0.97638, -0.983852, -0.98918, -0.992316, -0.993553
-0.993553, -0.994683, -0.996803, -0.998883, -0.999955, -0.999597, -0.998134, -0.99645, -0.995517
-0.995517, -0.994475, -0.991774, -0.987057, -0.980286, -0.972113, -0.963923, -0.957493, -0.954429
-0.954429, -0.95126, -0.943855, -0.932544, -0.918224, -0.90259, -0.888025, -0.877127, -0.872065
-0.872065, -0.866907, -0.855118, -0.837703, -0.816452, -0.794032, -0.773724, -0.75883, -0.751988
-0.751988, -0.745064, -0.729401, -0.706634, -0.679371, -0.651137, -0.625963, -0.607716, -0.59939
-0.59939, -0.590999, -0.57214, -0.545007, -0.512911, -0.480081, -0.451131, -0.43032, -0.420871
-0.420871, -0.411377, -0.390136, -0.35981, -0.324269, -0.288265, -0.256789, -0.234315, -0.224152
-0.224152, -0.213963, -0.19126, -0.159052, -0.121604, -0.0839819, -0.0513429, -0.0281772, -0.0177381
-0.0177381, -0.00729707, 0.0158868, 0.0485838, 0.0863201, 0.123933, 0.156324, 0.17918, 0.189442
0.189442, 0.199685, 0.222347, 0.254119, 0.290511, 0.326488, 0.357231, 0.378787, 0.38843
0.38843, 0.398031, 0.419191, 0.448664, 0.482139, 0.514924, 0.542688, 0.562014, 0.57062
0.57062, 0.579164, 0.597907, 0.623806, 0.652916, 0.681092, 0.704677, 0.720936, 0.728133
0.728133, 0.735251, 0.750766, 0.771971, 0.795457, 0.817805, 0.836191, 0.848681, 0.854157
0.854157, 0.85954, 0.871157, 0.886752, 0.903597, 0.919151, 0.931543, 0.939723, 0.943242
0.943242, 0.946658, 0.953874, 0.963184, 0.972661, 0.980747, 0.98661, 0.990126, 0.991536
0.991536, 0.992837, 0.99534, 0.997962, 0.999661, 0.999931, 0.99901, 0.99771, 0.996949
0.996949, 0.99608, 0.993762, 0.989582, 0.98343, 0.975871, 0.968206, 0.962147, 0.959249
0.959249, 0.956246, 0.949207, 0.938407, 0.924669, 0.909608, 0.895532, 0.884975, 0.880065
0.880065, 0.875058, 0.863603, 0.846649, 0.82592, 0.804009, 0.784129, 0.769531, 0.762821
0.762821, 0.756028, 0.740651, 0.718277, 0.691453, 0.663639, 0.638816, 0.620808, 0.612589

-0.958176, -0.961112, -0.967256, -0.97504, -0.982739, -0.989032, -0.993334, -0.995739, -0.996648
-0.996648, -0.997448, -0.998835, -0.999879, -0.999752, -0.998195, -0.995697, -0.993281, -0.992018
-0.992018, -0.990648, -0.987218, -0.981477, -0.97353, -0.96419, -0.955, -0.947867, -0.944488
-0.944488, -0.941006, -0.932908, -0.92063, -0.905206, -0.888488, -0.873002, -0.861461, -0.856112
-0.856112, -0.850669, -0.838253, -0.819969, -0.797736, -0.774363, -0.753252, -0.737801, -0.730713
-0.730713, -0.723544, -0.707348, -0.683848, -0.655767, -0.626749, -0.600925, -0.582234, -0.573713
-0.573713, -0.565129, -0.545852, -0.518153, -0.485439, -0.452031, -0.422612, -0.401488, -0.391903
-0.391903, -0.382275, -0.36075, -0.33005, -0.294117, -0.257764, -0.226022, -0.203378, -0.193144
-0.193144, -0.182888, -0.160048, -0.127674, -0.0900764, -0.0523499, -0.0196571, 0.00352616, 0.0139676
0.0139676, 0.0244075, 0.0475765, 0.0802237, 0.11786, 0.155328, 0.187558, 0.210278, 0.220475
0.220475, 0.230648, 0.253143, 0.284652, 0.3207, 0.356289, 0.386661, 0.407937, 0.417448
0.417448, 0.426913, 0.447762, 0.47677, 0.50967, 0.541841, 0.569043, 0.587953, 0.596367
0.596367, 0.604717, 0.623018, 0.64827, 0.676599, 0.703961, 0.726816, 0.742543, 0.749497
0.749497, 0.756368, 0.77133, 0.791735, 0.814269, 0.835638, 0.853157, 0.865021, 0.870213
0.870213, 0.87531, 0.886285, 0.90096, 0.916724, 0.931176, 0.942603, 0.950091, 0.953296
0.953296, 0.956398, 0.962912, 0.971222, 0.979534, 0.986445, 0.991285, 0.994072, 0.995153
0.995153, 0.996126, 0.997897, 0.999483, 0.999984, 0.999054, 0.997097, 0.995064, 0.993974
0.993974, 0.992775, 0.989727, 0.98452, 0.977188, 0.968458, 0.959789, 0.953024, 0.949809
0.949809, 0.946491, 0.938755, 0.926981, 0.912133, 0.89598, 0.880974, 0.869769, 0.864569
0.864569, 0.859274, 0.847185, 0.829353, 0.807632, 0.784754, 0.764061, 0.748899, 0.741939
0.741939, 0.734898, 0.718979, 0.69586, 0.668203, 0.639591, 0.614105, 0.595643, 0.587224
0.587224, 0.57874, 0.559679, 0.532273, 0.499878, 0.466768, 0.437591, 0.416628, 0.407113
0.407113, 0.397554, 0.376175, 0.345667, 0.309935, 0.27376, 0.242153, 0.219595, 0.209397
0.209397, 0.199175, 0.176404, 0.144112, 0.106588, 0.0689119, 0.0362431, 0.0130661, 0.0026246
0.0026246, -0.00781719, -0.0309969, -0.0636742, -0.101368, -0.138916, -0.171234, -0.194028, -0.204261
-0.204261, -0.214471, -0.237057, -0.268707, -0.30494, -0.340736, -0.371306, -0.392732, -0.402313
-0.402313, -0.411851, -0.432865, -0.46212, -0.495325, -0.527821, -0.555321, -0.574451, -0.582967
-0.582967, -0.591419, -0.609953, -0.635547, -0.664289, -0.69208, -0.71532, -0.731328, -0.738409
-0.738409, -0.745411, -0.760664, -0.78149, -0.804525, -0.826409, -0.844385, -0.856577, -0.861919
-0.861919, -0.867166, -0.878479, -0.893637, -0.909969, -0.924999, -0.936933, -0.944784, -0.948154
-0.948154, -0.951421, -0.958303, -0.967137, -0.97606, -0.983587, -0.988962, -0.992132, -0.993385
-0.993385, -0.99453, -0.996684, -0.998812, -0.99994, -0.999638, -0.998223, -0.996574, -0.995656
-0.995656, -0.994629, -0.991963, -0.987293, -0.980577, -0.972459, -0.964315, -0.957918, -0.954869
-0.954869, -0.951715, -0.944343, -0.933077, -0.918808, -0.903225, -0.888704, -0.877836, -0.872787
-0.872787, -0.867643, -0.855884, -0.838509, -0.817304, -0.79493, -0.77466, -0.759792, -0.752961
-0.752961, -0.746049, -0.730411, -0.70768, -0.680455, -0.652258, -0.627115, -0.608889, -0.600573
-0.600573, -0.592191, -0.573352, -0.546245, -0.514179, -0.481378, -0.45245, -0.431654, -0.422212
-0.422212, -0.412723, -0.391497, -0.361188, -0.325667, -0.28968, -0.258218, -0.235752, -0.225592
-0.225592, -0.215407, -0.192711, -0.160511, -0.123071, -0.0854548, -0.0528191, -0.0296548, -0.0192161
-0.0192161, -0.00877527, 0.0144087, 0.0471072, 0.0848473, 0.122466, 0.154864, 0.177725, 0.187991
0.187991, 0.198236, 0.220905, 0.252689, 0.289096, 0.325091, 0.35585, 0.377419, 0.387068
0.387068, 0.396674, 0.417848, 0.447342, 0.480843, 0.513656, 0.541446, 0.560791, 0.569406
0.569406, 0.577958, 0.596721, 0.62265, 0.651795, 0.680008, 0.703627, 0.719911, 0.727119
0.727119, 0.734248, 0.749789, 0.771031, 0.79456, 0.816953, 0.83538, 0.847898, 0.853387
0.853387, 0.858784, 0.87043, 0.886067, 0.902963, 0.918567, 0.931005, 0.939216, 0.94275
0.94275, 0.946181, 0.953429, 0.962785, 0.972317, 0.980458, 0.986368, 0.989918, 0.991343
0.991343, 0.99266, 0.995197, 0.997866, 0.999622, 0.999947, 0.999074, 0.997809, 0.997064
0.997064, 0.99621, 0.993925, 0.989794, 0.983697, 0.976192, 0.968575, 0.962549, 0.959665

-0.608431, -0.616685, -0.634768, -0.659704, -0.687651, -0.714615, -0.737114, -0.752582, -0.759416
-0.759417, -0.766169, -0.780861, -0.800877, -0.822949, -0.843844, -0.860944, -0.872506, -0.87756
-0.87756, -0.882519, -0.893184, -0.907415, -0.922657, -0.93658, -0.947542, -0.954697, -0.957752
-0.957752, -0.960703, -0.96688, -0.974711, -0.982465, -0.988813, -0.993162, -0.995602, -0.996526
-0.996526, -0.997341, -0.998763, -0.999855, -0.999784, -0.998283, -0.995833, -0.993451, -0.992204
-0.992204, -0.990848, -0.987453, -0.981759, -0.973867, -0.964581, -0.955437, -0.948337, -0.944972
-0.944972, -0.941505, -0.933439, -0.921206, -0.905834, -0.889166, -0.873723, -0.862211, -0.856875
-0.856875, -0.851445, -0.839059, -0.820814, -0.798627, -0.775297, -0.754223, -0.738798, -0.731721
-0.731721, -0.724564, -0.708392, -0.684926, -0.656883, -0.6279, -0.602106, -0.583435, -0.574923
-0.574923, -0.566348, -0.54709, -0.519417, -0.486731, -0.453349, -0.423951, -0.402841, -0.393262
-0.393262, -0.38364, -0.362129, -0.331445, -0.29553, -0.259192, -0.227461, -0.204825, -0.194594
-0.194594, -0.184341, -0.161507, -0.12914, -0.0915485, -0.0538261, -0.0211351, 0.00204792, 0.0124895
0.0124895, 0.0229297, 0.0460999, 0.0787501, 0.116392, 0.153867, 0.186105, 0.208833, 0.219033
0.219033, 0.229209, 0.251713, 0.283235, 0.319299, 0.354907, 0.385297, 0.406586, 0.416104
0.416104, 0.425576, 0.44644, 0.47547, 0.508398, 0.540598, 0.567827, 0.586757, 0.59518
0.59518, 0.603539, 0.621861, 0.647144, 0.67551, 0.702911, 0.7258, 0.741552, 0.748517
0.748517, 0.7554, 0.770388, 0.790831, 0.81341, 0.834825, 0.852385, 0.864279, 0.869484
0.869484, 0.874594, 0.885599, 0.900317, 0.916132, 0.930636, 0.942108, 0.949628, 0.952849
0.952849, 0.955965, 0.962512, 0.970869, 0.979236, 0.986201, 0.991089, 0.99391, 0.995007
0.995007, 0.995995, 0.9978, 0.999435, 0.999991, 0.999117, 0.997209, 0.99521, 0.994135
0.994135, 0.992951, 0.989937, 0.984778, 0.977501, 0.968825, 0.960203, 0.95347, 0.95027
0.95027, 0.946967, 0.939263, 0.927534, 0.912738, 0.896636, 0.881673, 0.870497, 0.865311
0.865311, 0.86003, 0.84797, 0.830178, 0.808502, 0.78567, 0.765014, 0.749878, 0.742929
0.742929, 0.7359, 0.720005, 0.69692, 0.669302, 0.640727, 0.615271, 0.59683, 0.58842
0.58842, 0.579945, 0.560903, 0.533523, 0.501158, 0.468075, 0.43892, 0.417972, 0.408463
0.408463, 0.39891, 0.377544, 0.347054, 0.31134, 0.275181, 0.243587, 0.221037, 0.210842
0.210842, 0.200623, 0.177858, 0.145575, 0.108058, 0.0703865, 0.0377203, 0.0145442, 0.00410285
0.00410285, -0.00633897, -0.0295193, -0.0621989, -0.0998969, -0.137452, -0.169778, -0.192578, -0.202814
-0.202814, -0.213027, -0.23562, -0.267283, -0.303532, -0.339346, -0.369933, -0.391372, -0.400959
-0.400959, -0.410503, -0.431532, -0.460808, -0.49404, -0.526565, -0.554091, -0.573241, -0.581765
-0.581765, -0.590226, -0.608781, -0.634405, -0.663183, -0.691012, -0.714286, -0.730319, -0.737412
-0.737412, -0.744424, -0.759703, -0.780567, -0.803646, -0.825576, -0.843592, -0.855814, -0.861168
-0.861168, -0.866429, -0.877771, -0.892972, -0.909355, -0.924436, -0.936415, -0.944298, -0.947683
-0.947683, -0.950964, -0.957879, -0.96676, -0.975737, -0.983319, -0.988742, -0.991945, -0.993214
-0.993214, -0.994374, -0.996562, -0.998739, -0.999923, -0.999677, -0.99831, -0.996695, -0.995792
-0.995792, -0.994781, -0.992148, -0.987527, -0.980866, -0.972803, -0.964705, -0.958341, -0.955307
-0.955307, -0.952168, -0.944828, -0.933608, -0.919391, -0.903859, -0.889381, -0.878543, -0.873508
-0.873508, -0.868377, -0.856647, -0.839314, -0.818155, -0.795826, -0.775594, -0.760752, -0.753933
-0.753933, -0.747032, -0.73142, -0.708723, -0.681538, -0.653378, -0.628266, -0.610061, -0.601754
-0.601754, -0.593382, -0.574562, -0.547483, -0.515447, -0.482673, -0.453767, -0.432987, -0.423551
-0.423551, -0.414069, -0.392856, -0.362566, -0.327064, -0.291095, -0.259646, -0.237188, -0.227032
-0.227032, -0.21685, -0.194161, -0.16197, -0.124538, -0.0869276, -0.0542952, -0.0311324, -0.020694
-0.020694, -0.0102535, 0.0129306, 0.0456306, 0.0833743, 0.120999, 0.153403, 0.17627, 0.186539
0.186539, 0.196787, 0.219463, 0.251258, 0.287681, 0.323692, 0.354468, 0.37605, 0.385704
0.385704, 0.395317, 0.416505, 0.44602, 0.479546, 0.512387, 0.540203, 0.559566, 0.56819
0.56819, 0.576751, 0.595535, 0.621493, 0.650674, 0.678924, 0.702576, 0.718884, 0.726103
0.726103, 0.733243, 0.74881, 0.770088, 0.793662, 0.8161, 0.834566, 0.847113, 0.852616
0.852616, 0.858026, 0.869702, 0.885381, 0.902327, 0.917982, 0.930464, 0.938708, 0.942256

-0.0276007, -0.0380369, -0.0611924, -0.093808, -0.13139, -0.168784, -0.200934, -0.223589, -0.233755
-0.233755, -0.243894, -0.266311, -0.297697, -0.333585, -0.368996, -0.3992, -0.420348, -0.4298
-0.4298, -0.439204, -0.459913, -0.488712, -0.521355, -0.553251, -0.580203, -0.598928, -0.607258
-0.607258, -0.61552, -0.633626, -0.658592, -0.686577, -0.71358, -0.736114, -0.751607, -0.758454
-0.758454, -0.765218, -0.779936, -0.799991, -0.822108, -0.84305, -0.860191, -0.871782, -0.87685
-0.87685, -0.881822, -0.892518, -0.906793, -0.922086, -0.936061, -0.947068, -0.954256, -0.957326
-0.957326, -0.960292, -0.966502, -0.97438, -0.982188, -0.988591, -0.992989, -0.995462, -0.996402
-0.996402, -0.997232, -0.998688, -0.999829, -0.999814, -0.998368, -0.995966, -0.993619, -0.992387
-0.992387, -0.991047, -0.987685, -0.982039, -0.974201, -0.96497, -0.955872, -0.948805, -0.945455
-0.945455, -0.942002, -0.933969, -0.92178, -0.906459, -0.889841, -0.874441, -0.862959, -0.857636
-0.857636, -0.85222, -0.839862, -0.821658, -0.799516, -0.77623, -0.755193, -0.739794, -0.732728
-0.732728, -0.725582, -0.709434, -0.686002, -0.657997, -0.62905, -0.603286, -0.584635, -0.576132
-0.576132, -0.567566, -0.548327, -0.520679, -0.488022, -0.454666, -0.425289, -0.404194, -0.394621
-0.394621, -0.385005, -0.363506, -0.33284, -0.296942, -0.260619, -0.228901, -0.206272, -0.196044
-0.196044, -0.185794, -0.162965, -0.130606, -0.0930204, -0.0553022, -0.022613, 0.000569669, 0.0110113
0.0110113, 0.0214518, 0.0446232, 0.0772764, 0.114924, 0.152407, 0.184653, 0.207387, 0.21759
0.21759, 0.22777, 0.250282, 0.281816, 0.317898, 0.353525, 0.383933, 0.405235, 0.414759
0.414759, 0.424238, 0.445117, 0.474169, 0.507124, 0.539354, 0.566609, 0.585559, 0.593992
0.593992, 0.602359, 0.620702, 0.646016, 0.67442, 0.701858, 0.724782, 0.74056, 0.747536
0.747536, 0.754431, 0.769445, 0.789925, 0.812549, 0.83401, 0.851611, 0.863534, 0.868753
0.868753, 0.873877, 0.884912, 0.899673, 0.915539, 0.930094, 0.941612, 0.949164, 0.952399
0.952399, 0.95553, 0.96211, 0.970514, 0.978935, 0.985956, 0.990891, 0.993746, 0.994858
0.994858, 0.995861, 0.997701, 0.999384, 0.999996, 0.999178, 0.997318, 0.995353, 0.994294
0.994294, 0.993125, 0.990145, 0.985034, 0.977812, 0.969191, 0.960615, 0.953915, 0.95073
0.95073, 0.947441, 0.939769, 0.928086, 0.913341, 0.897289, 0.88237, 0.871224, 0.866051
0.866051, 0.860783, 0.848752, 0.831002, 0.809371, 0.786583, 0.765965, 0.750855, 0.743918
0.743918, 0.7369, 0.72103, 0.69798, 0.6704, 0.641861, 0.616435, 0.598016, 0.589614
0.589614, 0.581148, 0.562126, 0.534773, 0.502436, 0.469381, 0.440247, 0.419314, 0.409812
0.409812, 0.400265, 0.378913, 0.34844, 0.312745, 0.276602, 0.245021, 0.222479, 0.212287
0.212287, 0.202071, 0.179313, 0.147037, 0.109528, 0.071861, 0.0391975, 0.0160223, 0.00558108
0.00558108, -0.00486075, -0.0280416, -0.0607234, -0.0984259, -0.135988, -0.168321, -0.191127, -0.201366
-0.201366, -0.211583, -0.234184, -0.265858, -0.302123, -0.337955, -0.36856, -0.390011, -0.399605
-0.399605, -0.409155, -0.430198, -0.459496, -0.492754, -0.525308, -0.55286, -0.572029, -0.580562
-0.580562, -0.589032, -0.607608, -0.633262, -0.662076, -0.689943, -0.713251, -0.729308, -0.736413
-0.736413, -0.743437, -0.758741, -0.779642, -0.802766, -0.824741, -0.842797, -0.855048, -0.860416
-0.860416, -0.86569, -0.877062, -0.892306, -0.908739, -0.923872, -0.935895, -0.943811, -0.94721
-0.94721, -0.950506, -0.957454, -0.966381, -0.975413, -0.983049, -0.98852, -0.991757, -0.993041
-0.993041, -0.994216, -0.996439, -0.998664, -0.999904, -0.999713, -0.998395, -0.996814, -0.995927
-0.995927, -0.994931, -0.992332, -0.987758, -0.981153, -0.973144, -0.965094, -0.958763, -0.955743
-0.955743, -0.952619, -0.945311, -0.934136, -0.919971, -0.90449, -0.890055, -0.879248, -0.874227
-0.874227, -0.869109, -0.857409, -0.840117, -0.819004, -0.79672, -0.776526, -0.76171, -0.754904
-0.754904, -0.748014, -0.732428, -0.709765, -0.682619, -0.654496, -0.629415, -0.611231, -0.602934
-0.602934, -0.594571, -0.575771, -0.54872, -0.516713, -0.483967, -0.455084, -0.434319, -0.42489
-0.42489, -0.415415, -0.394215, -0.363944, -0.328461, -0.292509, -0.261073, -0.238624, -0.228471
-0.228471, -0.218293, -0.195611, -0.163429, -0.126005, -0.0884002, -0.0557712, -0.0326099, -0.0221719
-0.0221719, -0.0117316, 0.0114524, 0.0441538, 0.0819011, 0.119531, 0.151942, 0.174815, 0.185086
0.185086, 0.195337, 0.218021, 0.249827, 0.286265, 0.322293, 0.353085, 0.374679, 0.38434
0.38434, 0.393959, 0.415161, 0.444696, 0.478249, 0.511117, 0.538958, 0.558341, 0.566973

0.563713, 0.555058, 0.535625, 0.507716, 0.474774, 0.441153, 0.411562, 0.390323, 0.380688
0.380688, 0.371012, 0.349385, 0.318549, 0.282476, 0.245998, 0.214162, 0.19146, 0.181201
0.181201, 0.170922, 0.148035, 0.115606, 0.0779615, 0.0402051, 0.00750041, -0.0156834, -0.026123
-0.026123, -0.0365597, -0.0597168, -0.0923362, -0.129924, -0.167327, -0.199486, -0.222148, -0.232317
-0.232317, -0.24246, -0.264886, -0.296286, -0.332191, -0.367622, -0.397844, -0.419006, -0.428464
-0.428464, -0.437876, -0.4586, -0.487422, -0.520093, -0.552019, -0.578998, -0.597744, -0.606082
-0.606082, -0.614355, -0.632481, -0.657479, -0.685502, -0.712544, -0.735113, -0.750632, -0.75749
-0.75749, -0.764265, -0.77901, -0.799103, -0.821266, -0.842254, -0.859436, -0.871057, -0.876139
-0.876139, -0.881124, -0.89185, -0.906168, -0.921513, -0.93554, -0.946593, -0.953813, -0.956898
-0.956898, -0.959878, -0.966121, -0.974046, -0.981909, -0.988367, -0.992813, -0.995321, -0.996275
-0.996275, -0.997121, -0.998611, -0.9998, -0.999841, -0.998452, -0.996098, -0.993784, -0.992568
-0.992568, -0.991243, -0.987915, -0.982317, -0.974534, -0.965357, -0.956306, -0.949271, -0.945935
-0.945935, -0.942497, -0.934496, -0.922352, -0.907082, -0.890515, -0.875157, -0.863705, -0.858395
-0.858395, -0.852992, -0.840663, -0.822499, -0.800403, -0.777161, -0.756161, -0.740787, -0.733733
-0.733733, -0.726599, -0.710475, -0.687077, -0.659109, -0.630198, -0.604464, -0.585834, -0.57734
-0.57734, -0.568782, -0.549562, -0.521941, -0.489311, -0.455982, -0.426627, -0.405545, -0.395979
-0.395979, -0.386369, -0.364883, -0.334233, -0.298353, -0.262046, -0.230339, -0.207718, -0.197493
-0.197493, -0.187246, -0.164424, -0.132071, -0.0944922, -0.0567781, -0.0240908, -0.000908582, 0.00953315
0.00953315, 0.0199738, 0.0431463, 0.0758024, 0.113455, 0.150946, 0.1832, 0.205941, 0.216147
0.216147, 0.22633, 0.24885, 0.280398, 0.316496, 0.352141, 0.382567, 0.403884, 0.413414
0.413414, 0.422899, 0.443793, 0.472867, 0.50585, 0.538108, 0.565391, 0.58436, 0.592802
0.592802, 0.601179, 0.619542, 0.644887, 0.673327, 0.700805, 0.723763, 0.739566, 0.746553
0.746553, 0.75346, 0.7685, 0.789018, 0.811686, 0.833194, 0.850836, 0.862788, 0.86802
0.86802, 0.873157, 0.884222, 0.899027, 0.914943, 0.92955, 0.941113, 0.948698, 0.951948
0.951948, 0.955093, 0.961706, 0.970156, 0.978632, 0.985708, 0.990691, 0.99358, 0.994707
0.994707, 0.995726, 0.997599, 0.999331, 0.999999, 0.999237, 0.997425, 0.995495, 0.99445
0.99445, 0.993297, 0.990351, 0.985288, 0.97812, 0.969554, 0.961025, 0.954358, 0.951187
0.951187, 0.947913, 0.940274, 0.928635, 0.913942, 0.897941, 0.883064, 0.871948, 0.866789
0.866789, 0.861534, 0.849533, 0.831823, 0.810239, 0.787495, 0.766914, 0.751831, 0.744905
0.744905, 0.737898, 0.722054, 0.699038, 0.671496, 0.642994, 0.617599, 0.5992, 0.590808
0.590808, 0.582351, 0.563348, 0.536022, 0.503714, 0.470686, 0.441574, 0.420656, 0.41116
0.41116, 0.401619, 0.380281, 0.349825, 0.314148, 0.278022, 0.246453, 0.22392, 0.213731
0.213731, 0.203519, 0.180767, 0.148499, 0.110997, 0.0733354, 0.0406746, 0.0175003, 0.0070593
0.0070593, -0.00338251, -0.0265639, -0.0592479, -0.0969548, -0.134523, -0.166863, -0.189676, -0.199918
-0.199918, -0.210138, -0.232746, -0.264433, -0.300713, -0.336564, -0.367185, -0.38865, -0.398249
-0.398249, -0.407805, -0.428863, -0.458182, -0.491467, -0.524049, -0.551628, -0.570816, -0.579358
-0.579358, -0.587837, -0.606433, -0.632117, -0.660967, -0.688872, -0.712214, -0.728296, -0.735412
-0.735412, -0.742447, -0.757778, -0.778716, -0.801883, -0.823904, -0.842001, -0.854281, -0.859662
-0.859662, -0.864949, -0.876351, -0.891638, -0.908121, -0.923305, -0.935374, -0.943321, -0.946735
-0.946735, -0.950046, -0.957026, -0.966, -0.975086, -0.982777, -0.988296, -0.991567, -0.992866
-0.992866, -0.994057, -0.996313, -0.998586, -0.999882, -0.999748, -0.998478, -0.996931, -0.996059
-0.996059, -0.995078, -0.992514, -0.987988, -0.981438, -0.973483, -0.96548, -0.959182, -0.956177
-0.956177, -0.953067, -0.945792, -0.934663, -0.92055, -0.905119, -0.890728, -0.879952, -0.874943
-0.874943, -0.869839, -0.858169, -0.840918, -0.819852, -0.797613, -0.777457, -0.762667, -0.755872
-0.755872, -0.748995, -0.733433, -0.710806, -0.683698, -0.655613, -0.630563, -0.612401, -0.604113
-0.604113, -0.595759, -0.576979, -0.549955, -0.517978, -0.48526, -0.4564, -0.43565, -0.426228
-0.426228, -0.416759, -0.395574, -0.36532, -0.329857, -0.293922, -0.2625, -0.24006, -0.22991
-0.22991, -0.219736, -0.197061, -0.164887, -0.127471, -0.0898725, -0.0572471, -0.0340873, -0.0236498

0.940925, 0.937338, 0.929009, 0.916407, 0.900616, 0.883537, 0.867744, 0.855989, 0.850544
0.850544, 0.845006, 0.832382, 0.813809, 0.791251, 0.767561, 0.746184, 0.73055, 0.72338
0.72338, 0.716131, 0.699758, 0.676017, 0.647667, 0.618391, 0.592355, 0.573518, 0.564933
0.564933, 0.556287, 0.536873, 0.508989, 0.476075, 0.442479, 0.412909, 0.391684, 0.382055
0.382055, 0.372385, 0.350769, 0.31995, 0.283894, 0.247431, 0.215606, 0.192911, 0.182654
0.182654, 0.172378, 0.149497, 0.117075, 0.0794352, 0.0416822, 0.00897861, -0.0142053, -0.0246452
-0.0246452, -0.0350824, -0.0582411, -0.0908641, -0.128458, -0.165869, -0.198037, -0.220707, -0.230879
-0.230879, -0.241026, -0.26346, -0.294873, -0.330797, -0.366247, -0.396488, -0.417664, -0.427128
-0.427128, -0.436546, -0.457286, -0.48613, -0.518829, -0.550786, -0.577792, -0.596558, -0.604906
-0.604906, -0.613188, -0.631336, -0.656364, -0.684425, -0.711506, -0.73411, -0.749654, -0.756524
-0.756524, -0.763311, -0.778082, -0.798213, -0.820421, -0.841456, -0.85868, -0.87033, -0.875425
-0.875425, -0.880424, -0.891181, -0.905542, -0.920938, -0.935017, -0.946115, -0.953368, -0.956468
-0.956468, -0.959463, -0.965738, -0.97371, -0.981628, -0.988141, -0.992635, -0.995177, -0.996147
-0.996147, -0.997008, -0.998532, -0.999769, -0.999866, -0.998533, -0.996227, -0.993948, -0.992746
-0.992746, -0.991437, -0.988143, -0.982592, -0.974864, -0.965742, -0.956737, -0.949735, -0.946414
-0.946414, -0.94299, -0.935021, -0.922922, -0.907703, -0.891186, -0.875871, -0.864449, -0.859153
-0.859153, -0.853763, -0.841463, -0.823339, -0.801288, -0.778091, -0.757128, -0.74178, -0.734737
-0.734737, -0.727613, -0.711515, -0.68815, -0.66022, -0.631345, -0.605641, -0.587031, -0.578546
-0.578546, -0.569998, -0.550797, -0.523201, -0.4906, -0.457297, -0.427963, -0.406896, -0.397336
-0.397336, -0.387732, -0.366259, -0.335626, -0.299764, -0.263473, -0.231778, -0.209164, -0.198942
-0.198942, -0.188698, -0.165882, -0.133536, -0.0959637, -0.0582539, -0.0255686, -0.00238683, 0.00805496
0.00805496, 0.0184959, 0.0416694, 0.0743284, 0.111986, 0.149484, 0.181746, 0.204494, 0.214704
0.214704, 0.22489, 0.247418, 0.278979, 0.315093, 0.350757, 0.381201, 0.402531, 0.412067
0.412067, 0.421559, 0.442467, 0.471564, 0.504574, 0.536862, 0.564171, 0.58316, 0.591611
0.591611, 0.599997, 0.618381, 0.643756, 0.672234, 0.699749, 0.722742, 0.73857, 0.745569
0.745569, 0.752487, 0.767553, 0.788109, 0.810822, 0.832375, 0.850058, 0.862039, 0.867285
0.867285, 0.872435, 0.883531, 0.898378, 0.914345, 0.929004, 0.940612, 0.948229, 0.951494
0.951494, 0.954654, 0.9613, 0.969797, 0.978327, 0.985458, 0.990488, 0.993412, 0.994554
0.994554, 0.995588, 0.997496, 0.999276, 1, 0.999294, 0.99753, 0.995634, 0.994605
0.994605, 0.993467, 0.990555, 0.98554, 0.978427, 0.969915, 0.961433, 0.954798, 0.951642
0.951642, 0.948382, 0.940776, 0.929183, 0.914541, 0.89859, 0.883757, 0.872671, 0.867525
0.867525, 0.862284, 0.850312, 0.832643, 0.811104, 0.788406, 0.767862, 0.752805, 0.745891
0.745891, 0.738895, 0.723076, 0.700094, 0.672591, 0.644126, 0.618761, 0.600383, 0.592
0.592, 0.583552, 0.564569, 0.537269, 0.50499, 0.47199, 0.4429, 0.421996, 0.412507
0.412507, 0.402972, 0.381647, 0.351209, 0.315551, 0.279442, 0.247886, 0.22536, 0.215175
0.215175, 0.204966, 0.182221, 0.149961, 0.112466, 0.0748096, 0.0421515, 0.0189783, 0.00853751
0.00853751, -0.00190426, -0.0250862, -0.0577721, -0.0954834, -0.133058, -0.165406, -0.188224, -0.198469
-0.198469, -0.208692, -0.231308, -0.263007, -0.299303, -0.335171, -0.36581, -0.387287, -0.396893
-0.396893, -0.406455, -0.427527, -0.456868, -0.49018, -0.52279, -0.550394, -0.569601, -0.578152
-0.578152, -0.58664, -0.605257, -0.630971, -0.659857, -0.6878, -0.711176, -0.727282, -0.734409
-0.734409, -0.741456, -0.756812, -0.777787, -0.800999, -0.823065, -0.841202, -0.853511, -0.858906
-0.858906, -0.864206, -0.875638, -0.890967, -0.907501, -0.922736, -0.93485, -0.942829, -0.946258
-0.946258, -0.949583, -0.956596, -0.965616, -0.974757, -0.982503, -0.988069, -0.991374, -0.992688
-0.992688, -0.993895, -0.996185, -0.998507, -0.999858, -0.99978, -0.998558, -0.997045, -0.996189
-0.996189, -0.995224, -0.992693, -0.988215, -0.98172, -0.97382, -0.965864, -0.959599, -0.956608
-0.956608, -0.953514, -0.946271, -0.935188, -0.921126, -0.905747, -0.891399, -0.880653, -0.875658
-0.875658, -0.870568, -0.858927, -0.841717, -0.820697, -0.798504, -0.778386, -0.763623, -0.756839
-0.756839, -0.749973, -0.734437, -0.711845, -0.684776, -0.656728, -0.63171, -0.613569, -0.60529

0.960769, 0.963613, 0.96955, 0.977042, 0.9844, 0.990349, 0.994353, 0.996546, 0.997358
0.997358, 0.998063, 0.999237, 0.99998, 0.999505, 0.9976, 0.994802, 0.992174, 0.990816
0.990816, 0.98935, 0.98571, 0.979672, 0.971386, 0.961709, 0.95223, 0.944895, 0.941425
0.941425, 0.937852, 0.929555, 0.916998, 0.901258, 0.884228, 0.868478, 0.856752, 0.851321
0.851321, 0.845796, 0.833201, 0.814667, 0.792154, 0.768508, 0.747168, 0.731559, 0.7244
0.7244, 0.717162, 0.700814, 0.677105, 0.648793, 0.619553, 0.593545, 0.574729, 0.566152
0.566152, 0.557514, 0.538119, 0.510261, 0.477374, 0.443804, 0.414255, 0.393043, 0.383421
0.383421, 0.373756, 0.352153, 0.321351, 0.285311, 0.248863, 0.217049, 0.194361, 0.184108
0.184108, 0.173834, 0.150958, 0.118543, 0.0809087, 0.0431591, 0.0104568, -0.0127272, -0.0231674
-0.0231674, -0.033605, -0.0567653, -0.0893919, -0.126992, -0.164411, -0.196588, -0.219265, -0.22944
-0.22944, -0.239591, -0.262034, -0.29346, -0.329401, -0.364871, -0.39513, -0.41632, -0.425791
-0.425791, -0.435216, -0.455971, -0.484838, -0.517565, -0.549552, -0.576585, -0.595371, -0.603728
-0.603728, -0.612019, -0.630188, -0.655248, -0.683346, -0.710466, -0.733105, -0.748675, -0.755556
-0.755556, -0.762355, -0.777153, -0.797322, -0.819575, -0.840656, -0.857921, -0.869601, -0.87471
-0.87471, -0.879722, -0.890509, -0.904914, -0.920361, -0.934491, -0.945635, -0.952921, -0.956035
-0.956035, -0.959045, -0.965354, -0.973373, -0.981345, -0.987913, -0.992455, -0.995031, -0.996016
-0.996016, -0.996893, -0.998451, -0.999737, -0.999889, -0.998612, -0.996354, -0.994109, -0.992923
-0.992923, -0.991629, -0.988369, -0.982866, -0.975193, -0.966124, -0.957166, -0.950196, -0.94689
-0.94689, -0.943481, -0.935544, -0.92349, -0.908323, -0.891856, -0.876583, -0.865191, -0.859908
-0.859908, -0.854531, -0.842261, -0.824177, -0.802172, -0.779018, -0.758092, -0.74277, -0.735739
-0.735739, -0.728627, -0.712553, -0.689222, -0.66133, -0.632491, -0.606817, -0.588227, -0.579751
-0.579751, -0.571212, -0.55203, -0.52446, -0.491888, -0.458611, -0.429299, -0.408246, -0.398692
-0.398692, -0.389094, -0.367634, -0.337018, -0.301174, -0.264898, -0.233215, -0.21061, -0.200391
-0.200391, -0.19015, -0.167339, -0.135001, -0.097435, -0.0597296, -0.0270463, -0.00386507, 0.00657674
0.00657674, 0.0170178, 0.0401924, 0.0728541, 0.110517, 0.148022, 0.180292, 0.203047, 0.21326
0.21326, 0.223449, 0.245986, 0.277559, 0.31369, 0.349373, 0.379834, 0.401177, 0.41072
0.41072, 0.420218, 0.441141, 0.47026, 0.503297, 0.535614, 0.56295, 0.581958, 0.590418
0.590418, 0.598813, 0.617219, 0.642624, 0.671138, 0.698692, 0.72172, 0.737572, 0.744583
0.744583, 0.751513, 0.766605, 0.787198, 0.809956, 0.831555, 0.849278, 0.861289, 0.866548
0.866548, 0.871712, 0.882838, 0.897728, 0.913746, 0.928456, 0.940109, 0.947759, 0.951038
0.951038, 0.954213, 0.960891, 0.969435, 0.97802, 0.985205, 0.990284, 0.993242, 0.994399
0.994399, 0.995449, 0.99739, 0.999218, 0.999999, 0.999348, 0.997633, 0.995771, 0.994757
0.994757, 0.993635, 0.990756, 0.985789, 0.978731, 0.970273, 0.961838, 0.955236, 0.952095
0.952095, 0.94885, 0.941276, 0.929728, 0.915138, 0.899238, 0.884448, 0.873392, 0.868259
0.868259, 0.863032, 0.851089, 0.83346, 0.811968, 0.789314, 0.768808, 0.753777, 0.746874
0.746874, 0.73989, 0.724096, 0.701149, 0.673684, 0.645256, 0.619921, 0.601564, 0.59319
0.59319, 0.584752, 0.565789, 0.538515, 0.506266, 0.473292, 0.444225, 0.423336, 0.413853
0.413853, 0.404325, 0.383013, 0.352593, 0.316954, 0.280861, 0.249318, 0.2268, 0.216618
0.216618, 0.206413, 0.183674, 0.151423, 0.113935, 0.0762836, 0.0436284, 0.0204563, 0.0100157
0.0100157, -0.000426014, -0.0236084, -0.0562963, -0.0940118, -0.131593, -0.163948, -0.186772, -0.19702
-0.19702, -0.207246, -0.22987, -0.261581, -0.297892, -0.333778, -0.364433, -0.385924, -0.395535
-0.395535, -0.405104, -0.42619, -0.455552, -0.488891, -0.521529, -0.549159, -0.568386, -0.576946
-0.576946, -0.585443, -0.60408, -0.629824, -0.658746, -0.686726, -0.710136, -0.726267, -0.733405
-0.733405, -0.740463, -0.755845, -0.776857, -0.800113, -0.822225, -0.840402, -0.85274, -0.858148
-0.858148, -0.863462, -0.874923, -0.890295, -0.906879, -0.922166, -0.934324, -0.942336, -0.945779
-0.945779, -0.949119, -0.956164, -0.965231, -0.974426, -0.982226, -0.98784, -0.991179, -0.992509
-0.992509, -0.99373, -0.996055, -0.998425, -0.999832, -0.99981, -0.998636, -0.997158, -0.996317
-0.996317, -0.995367, -0.992871, -0.98844, -0.982, -0.974155, -0.966246, -0.960013, -0.957038

0.615708, 0.623902, 0.641851, 0.666591, 0.694303, 0.721021, 0.743301, 0.758609, 0.765371
0.765371, 0.772049, 0.786576, 0.806353, 0.828142, 0.848746, 0.865588, 0.876964, 0.881934
0.881934, 0.886808, 0.897283, 0.911243, 0.926167, 0.939765, 0.950443, 0.957395, 0.960358
0.960358, 0.963217, 0.969187, 0.976726, 0.984138, 0.990143, 0.994195, 0.996422, 0.99725
0.99725, 0.997969, 0.999178, 0.999969, 0.99955, 0.997702, 0.994951, 0.992357, 0.991015
0.991015, 0.989564, 0.985958, 0.979968, 0.971736, 0.962113, 0.95268, 0.945377, 0.941922
0.941922, 0.938364, 0.930099, 0.917587, 0.901897, 0.884918, 0.86921, 0.857514, 0.852095
0.852095, 0.846584, 0.834017, 0.815524, 0.793056, 0.769453, 0.748149, 0.732566, 0.725418
0.725418, 0.718192, 0.701867, 0.678192, 0.649917, 0.620712, 0.594734, 0.575938, 0.56737
0.56737, 0.558741, 0.539365, 0.511532, 0.478673, 0.445128, 0.4156, 0.394402, 0.384786
0.384786, 0.375127, 0.353536, 0.32275, 0.286727, 0.250294, 0.218492, 0.195811, 0.18556
0.18556, 0.17529, 0.152419, 0.12001, 0.082382, 0.0446359, 0.011935, -0.0112491, -0.0216895
-0.0216895, -0.0321275, -0.0552894, -0.0879195, -0.125526, -0.162953, -0.195138, -0.217822, -0.228001
-0.228001, -0.238156, -0.260607, -0.292047, -0.328005, -0.363494, -0.393772, -0.414976, -0.424453
-0.424453, -0.433884, -0.454655, -0.483545, -0.5163, -0.548316, -0.575377, -0.594183, -0.602549
-0.602549, -0.610849, -0.62904, -0.654131, -0.682266, -0.709425, -0.732099, -0.747694, -0.754587
-0.754587, -0.761398, -0.776222, -0.796429, -0.818727, -0.839855, -0.857161, -0.86887, -0.873992
-0.873992, -0.879019, -0.889835, -0.904284, -0.919782, -0.933964, -0.945154, -0.952472, -0.955601
-0.955601, -0.958625, -0.964967, -0.973033, -0.98106, -0.987683, -0.992273, -0.994882, -0.995883
-0.995883, -0.996775, -0.998368, -0.999702, -0.99991, -0.998689, -0.99648, -0.994268, -0.993098
-0.993098, -0.991819, -0.988593, -0.983137, -0.975519, -0.966505, -0.957593, -0.950656, -0.947365
-0.947365, -0.94397, -0.936065, -0.924056, -0.90894, -0.892524, -0.877294, -0.865932, -0.860662
-0.860662, -0.855298, -0.843057, -0.825014, -0.803053, -0.779944, -0.759056, -0.743759, -0.736739
-0.736739, -0.729638, -0.713589, -0.690292, -0.662438, -0.633635, -0.607991, -0.589422, -0.580955
-0.580955, -0.572424, -0.553262, -0.525718, -0.493174, -0.459924, -0.430633, -0.409595, -0.400047
-0.400047, -0.390455, -0.369008, -0.33841, -0.302583, -0.266323, -0.234653, -0.212054, -0.201839
-0.201839, -0.191601, -0.168796, -0.136466, -0.0989062, -0.0612051, -0.028524, -0.00534331, 0.00509852
0.00509852, 0.0155398, 0.0387153, 0.0713797, 0.109048, 0.14656, 0.178838, 0.201599, 0.211815
0.211815, 0.222008, 0.244553, 0.276138, 0.312286, 0.347987, 0.378466, 0.399823, 0.409372
0.409372, 0.418876, 0.439814, 0.468955, 0.502019, 0.534365, 0.561727, 0.580756, 0.589224
0.589224, 0.597629, 0.616055, 0.641491, 0.670042, 0.697634, 0.720696, 0.736573, 0.743596
0.743596, 0.750537, 0.765655, 0.786285, 0.809088, 0.830733, 0.848497, 0.860537, 0.865809
0.865809, 0.870987, 0.882142, 0.897076, 0.913144, 0.927906, 0.939604, 0.947286, 0.95058
0.95058, 0.95377, 0.960481, 0.969072, 0.977711, 0.984951, 0.990077, 0.993069, 0.994242
0.994242, 0.995307, 0.997283, 0.999159, 0.999995, 0.999401, 0.997733, 0.995905, 0.994907
0.994907, 0.9938, 0.990956, 0.986036, 0.979033, 0.97063, 0.962241, 0.955673, 0.952546
0.952546, 0.949316, 0.941774, 0.930271, 0.915733, 0.899884, 0.885136, 0.874111, 0.868992
0.868992, 0.863777, 0.851864, 0.834276, 0.81283, 0.790221, 0.769753, 0.754748, 0.747857
0.747857, 0.740884, 0.725115, 0.702202, 0.674776, 0.646384, 0.62108, 0.602744, 0.59438
0.59438, 0.58595, 0.567007, 0.53976, 0.50754, 0.474594, 0.445549, 0.424675, 0.415198
0.415198, 0.405677, 0.384378, 0.353976, 0.318355, 0.282279, 0.250749, 0.22824, 0.218061
0.218061, 0.207859, 0.185127, 0.152884, 0.115403, 0.0777575, 0.0451052, 0.0219342, 0.0114939
0.0114939, 0.00105224, -0.0221305, -0.0548203, -0.09254, -0.130127, -0.162489, -0.18532, -0.195571
-0.195571, -0.2058, -0.228431, -0.260153, -0.296481, -0.332384, -0.363056, -0.38456, -0.394177
-0.394177, -0.403752, -0.424853, -0.454236, -0.4876, -0.520267, -0.547923, -0.567169, -0.575738
-0.575738, -0.584244, -0.602901, -0.628675, -0.657633, -0.685651, -0.709094, -0.72525, -0.732399
-0.732399, -0.739469, -0.754876, -0.775926, -0.799226, -0.821382, -0.8396, -0.851967, -0.857388
-0.857388, -0.862715, -0.874206, -0.889621, -0.906255, -0.921593, -0.933796, -0.94184, -0.945298

0.0367973, 0.0472299, 0.0703738, 0.102965, 0.140506, 0.177846, 0.209939, 0.232548, 0.242691
0.242691, 0.252807, 0.275169, 0.306469, 0.342245, 0.377533, 0.40762, 0.428679, 0.438089
0.438089, 0.447452, 0.468064, 0.496719, 0.529184, 0.560893, 0.587672, 0.606271, 0.614542
0.614542, 0.622746, 0.640717, 0.665488, 0.693238, 0.719996, 0.742311, 0.757645, 0.764419
0.764419, 0.771109, 0.785662, 0.805478, 0.827312, 0.847963, 0.864847, 0.876253, 0.881237
0.881237, 0.886124, 0.89663, 0.910633, 0.925608, 0.939259, 0.949982, 0.956967, 0.959945
0.959945, 0.962818, 0.968822, 0.976408, 0.983875, 0.989935, 0.994034, 0.996296, 0.997139
0.997139, 0.997874, 0.999117, 0.999957, 0.999594, 0.997801, 0.995099, 0.992539, 0.991211
0.991211, 0.989776, 0.986204, 0.980261, 0.972084, 0.962515, 0.953129, 0.945858, 0.942418
0.942418, 0.938874, 0.930641, 0.918173, 0.902535, 0.885605, 0.86994, 0.858273, 0.852868
0.852868, 0.84737, 0.834832, 0.816378, 0.793955, 0.770396, 0.749129, 0.733571, 0.726435
0.726435, 0.71922, 0.70292, 0.679278, 0.65104, 0.621871, 0.595922, 0.577145, 0.568587
0.568587, 0.559966, 0.540609, 0.512802, 0.47997, 0.446451, 0.416944, 0.39576, 0.38615
0.38615, 0.376497, 0.354919, 0.324149, 0.288143, 0.251725, 0.219934, 0.19726, 0.187013
0.187013, 0.176745, 0.15388, 0.121478, 0.0838551, 0.0461126, 0.0134131, -0.00977091, -0.0202116
-0.0202116, -0.03065, -0.0538134, -0.0864468, -0.124059, -0.161494, -0.193688, -0.216379, -0.226562
-0.226562, -0.23672, -0.25918, -0.290633, -0.326608, -0.362117, -0.392413, -0.41363, -0.423114
-0.423114, -0.432552, -0.453337, -0.48225, -0.515033, -0.547079, -0.574167, -0.592993, -0.601369
-0.601369, -0.609678, -0.62789, -0.653012, -0.681185, -0.708383, -0.731091, -0.746712, -0.753616
-0.753616, -0.760439, -0.775289, -0.795534, -0.817878, -0.839052, -0.856398, -0.868138, -0.873273
-0.873273, -0.878313, -0.88916, -0.903652, -0.919201, -0.933435, -0.94467, -0.95202, -0.955164
-0.955164, -0.958203, -0.964578, -0.972691, -0.980772, -0.987451, -0.992088, -0.994732, -0.995748
-0.995748, -0.996656, -0.998282, -0.999664, -0.999929, -0.998763, -0.996602, -0.994425, -0.99327
-0.99327, -0.992006, -0.988814, -0.983407, -0.975843, -0.966883, -0.958018, -0.951114, -0.947837
-0.947837, -0.944457, -0.936584, -0.92462, -0.909555, -0.893189, -0.878002, -0.86667, -0.861414
-0.861414, -0.856063, -0.843851, -0.825848, -0.803933, -0.780869, -0.760017, -0.744747, -0.737738
-0.737738, -0.730648, -0.714624, -0.691361, -0.663544, -0.634778, -0.609164, -0.590616, -0.582158
-0.582158, -0.573636, -0.554493, -0.526975, -0.49446, -0.461237, -0.431967, -0.410943, -0.401401
-0.401401, -0.391816, -0.370382, -0.3398, -0.303992, -0.267748, -0.236089, -0.213499, -0.203286
-0.203286, -0.193051, -0.170253, -0.13793, -0.100377, -0.0626805, -0.0300016, -0.00682153, 0.00362028
0.00362028, 0.0140617, 0.0372381, 0.0699052, 0.107578, 0.145098, 0.177384, 0.200151, 0.21037
0.21037, 0.220567, 0.243119, 0.274717, 0.310881, 0.346601, 0.377098, 0.398467, 0.408022
0.408022, 0.417533, 0.438486, 0.467649, 0.50074, 0.533115, 0.560504, 0.579552, 0.588029
0.588029, 0.596443, 0.61489, 0.640356, 0.668944, 0.696574, 0.71967, 0.735573, 0.742606
0.742606, 0.749559, 0.764703, 0.785371, 0.808218, 0.829909, 0.847714, 0.859783, 0.865069
0.865069, 0.870259, 0.881445, 0.896422, 0.912541, 0.927354, 0.939097, 0.946812, 0.95012
0.95012, 0.953325, 0.960068, 0.968706, 0.977399, 0.984694, 0.989868, 0.992894, 0.994082
0.994082, 0.995163, 0.997173, 0.999097, 0.999989, 0.999451, 0.997832, 0.996038, 0.995055
0.995055, 0.993964, 0.991153, 0.986281, 0.979333, 0.970985, 0.962643, 0.956107, 0.952995
0.952995, 0.949779, 0.94227, 0.930813, 0.916326, 0.900527, 0.885823, 0.874828, 0.869722
0.869722, 0.864521, 0.852638, 0.83509, 0.81369, 0.791126, 0.770696, 0.755717, 0.748837
0.748837, 0.741876, 0.726132, 0.703254, 0.675866, 0.647511, 0.622238, 0.603923, 0.595568
0.595568, 0.587148, 0.568224, 0.541004, 0.508813, 0.475895, 0.446872, 0.426013, 0.416543
0.416543, 0.407027, 0.385743, 0.355358, 0.319756, 0.283697, 0.25218, 0.229679, 0.219504
0.219504, 0.209305, 0.186579, 0.154344, 0.116871, 0.0792312, 0.0465819, 0.0234121, 0.012972
0.012972, 0.00253049, -0.0206526, -0.0533442, -0.091068, -0.128661, -0.16103, -0.183867, -0.194121
-0.194121, -0.204353, -0.226991, -0.258726, -0.295069, -0.33099, -0.361679, -0.383195, -0.392818
-0.392818, -0.402399, -0.423514, -0.452919, -0.486309, -0.519004, -0.546686, -0.565951, -0.574528

-0.556089, -0.54738, -0.527832, -0.499768, -0.466656, -0.432876, -0.403159, -0.381835, -0.372164
-0.372164, -0.362452, -0.340748, -0.309814, -0.273637, -0.237069, -0.205165, -0.182421, -0.172144
-0.172144, -0.161849, -0.138929, -0.106462, -0.068785, -0.0310096, 0.00170092, 0.0248829, 0.03532
0.03532, 0.0457532, 0.0688991, 0.101494, 0.139042, 0.176391, 0.208493, 0.23111, 0.241257
0.241257, 0.251377, 0.273747, 0.305061, 0.340856, 0.376163, 0.406269, 0.427343, 0.43676
0.43676, 0.446129, 0.466757, 0.495435, 0.527929, 0.559668, 0.586476, 0.605095, 0.613375
0.613375, 0.621589, 0.639582, 0.664384, 0.692172, 0.71897, 0.741319, 0.756679, 0.763465
0.763465, 0.770167, 0.784747, 0.804601, 0.826481, 0.847178, 0.864104, 0.87554, 0.880537
0.880537, 0.885438, 0.895974, 0.910022, 0.925048, 0.93875, 0.94952, 0.956537, 0.95953
0.95953, 0.962418, 0.968455, 0.976088, 0.98361, 0.989725, 0.993872, 0.996168, 0.997027
0.997027, 0.997777, 0.999054, 0.999942, 0.999635, 0.997898, 0.995244, 0.992718, 0.991406
0.991406, 0.989986, 0.986447, 0.980552, 0.972429, 0.962915, 0.953575, 0.946337, 0.942911
0.942911, 0.939382, 0.931181, 0.918758, 0.90317, 0.886291, 0.870668, 0.859031, 0.853639
0.853639, 0.848154, 0.835645, 0.817231, 0.794853, 0.771338, 0.750108, 0.734575, 0.72745
0.72745, 0.720246, 0.70397, 0.680362, 0.652161, 0.623027, 0.597109, 0.578352, 0.569802
0.569802, 0.56119, 0.541852, 0.51407, 0.481266, 0.447774, 0.418287, 0.397117, 0.387513
0.387513, 0.377866, 0.356301, 0.325547, 0.289558, 0.253155, 0.221376, 0.198709, 0.188465
0.188465, 0.1782, 0.155341, 0.122945, 0.0853281, 0.0475893, 0.0148912, -0.00829272, -0.0187336
-0.0187336, -0.0291724, -0.0523372, -0.084974, -0.122592, -0.160035, -0.192237, -0.214936, -0.225122
-0.225122, -0.235283, -0.257752, -0.289218, -0.325211, -0.360738, -0.391053, -0.412284, -0.421774
-0.421774, -0.431219, -0.452019, -0.480955, -0.513765, -0.545841, -0.572956, -0.591802, -0.600187
-0.600187, -0.608506, -0.626739, -0.651892, -0.680102, -0.707339, -0.730082, -0.745728, -0.752644
-0.752644, -0.759478, -0.774355, -0.794637, -0.817026, -0.838246, -0.855634, -0.867403, -0.872552
-0.872552, -0.877605, -0.888483, -0.903018, -0.918618, -0.932903, -0.944184, -0.951567, -0.954725
-0.954725, -0.957779, -0.964187, -0.972347, -0.980483, -0.987216, -0.991901, -0.994579, -0.995611
-0.995611, -0.996534, -0.998194, -0.999625, -0.999946, -0.998836, -0.996723, -0.99458, -0.99344
-0.99344, -0.992192, -0.989034, -0.983674, -0.976165, -0.967259, -0.95844, -0.951569, -0.948307
-0.948307, -0.944942, -0.937101, -0.925182, -0.910169, -0.893853, -0.878709, -0.867407, -0.862163
-0.862163, -0.856826, -0.844643, -0.826681, -0.804812, -0.781791, -0.760977, -0.745732, -0.738735
-0.738735, -0.731657, -0.715657, -0.692428, -0.66465, -0.63592, -0.610336, -0.591808, -0.583359
-0.583359, -0.574846, -0.555722, -0.528231, -0.495744, -0.462548, -0.4333, -0.41229, -0.402755
-0.402755, -0.393176, -0.371754, -0.34119, -0.3054, -0.269172, -0.237526, -0.214943, -0.204733
-0.204733, -0.194502, -0.17171, -0.139394, -0.101848, -0.0641558, -0.0314792, -0.00829974, 0.00214204
0.00214204, 0.0125836, 0.0357608, 0.0684305, 0.106109, 0.143635, 0.175929, 0.198702, 0.208925
0.208925, 0.219125, 0.241685, 0.273296, 0.309476, 0.345214, 0.375728, 0.397111, 0.406672
0.406672, 0.416189, 0.437157, 0.466342, 0.49946, 0.531864, 0.559279, 0.578346, 0.586833
0.586833, 0.595256, 0.613724, 0.63922, 0.667844, 0.695513, 0.718643, 0.734571, 0.741615
0.741615, 0.74858, 0.763749, 0.784455, 0.807347, 0.829084, 0.846929, 0.859027, 0.864326
0.864326, 0.86953, 0.880746, 0.895766, 0.911935, 0.9268, 0.938588, 0.946335, 0.949658
0.949658, 0.952877, 0.959654, 0.968338, 0.977086, 0.984436, 0.989657, 0.992717, 0.993921
0.993921, 0.995016, 0.99706, 0.999033, 0.999981, 0.999499, 0.997928, 0.996168, 0.995201
0.995201, 0.994125, 0.991348, 0.986524, 0.979631, 0.971337, 0.963042, 0.956539, 0.953442
0.953442, 0.950241, 0.942764, 0.931352, 0.916916, 0.901169, 0.886508, 0.875543, 0.870451
0.870451, 0.865263, 0.853409, 0.835903, 0.814549, 0.792029, 0.771637, 0.756684, 0.749816
0.749816, 0.742866, 0.727148, 0.704304, 0.676955, 0.648637, 0.623395, 0.605101, 0.596755
0.596755, 0.588344, 0.56944, 0.542247, 0.510085, 0.477194, 0.448194, 0.42735, 0.417886
0.417886, 0.408377, 0.387106, 0.356739, 0.321157, 0.285114, 0.25361, 0.231117, 0.220946
0.220946, 0.21075, 0.188032, 0.155805, 0.118339, 0.0807047, 0.0480585, 0.0248899, 0.0144501

-0.93777, -0.934093, -0.925565, -0.912686, -0.896579, -0.87919, -0.863134, -0.851196, -0.845669
-0.845669, -0.84005, -0.827248, -0.808428, -0.785591, -0.761631, -0.740027, -0.724236, -0.716997
-0.716997, -0.709679, -0.693156, -0.669208, -0.640629, -0.611134, -0.584917, -0.565956, -0.557317
-0.557317, -0.548617, -0.529087, -0.501048, -0.467963, -0.434209, -0.404511, -0.383201, -0.373536
-0.373536, -0.363829, -0.342138, -0.311219, -0.275059, -0.238505, -0.206612, -0.183874, -0.1736
-0.1736, -0.163308, -0.140392, -0.107932, -0.0702596, -0.0324871, 0.000222666, 0.0234051, 0.0338426
0.0338426, 0.0442765, 0.0674243, 0.100023, 0.137578, 0.174936, 0.207047, 0.229672, 0.239822
0.239822, 0.249946, 0.272325, 0.303653, 0.339466, 0.374793, 0.404918, 0.426006, 0.43543
0.43543, 0.444806, 0.465449, 0.494151, 0.526673, 0.558443, 0.585278, 0.603918, 0.612207
0.612207, 0.62043, 0.638444, 0.663278, 0.691104, 0.717941, 0.740327, 0.755712, 0.762509
0.762509, 0.769223, 0.783829, 0.803722, 0.825648, 0.846392, 0.863359, 0.874825, 0.879835
0.879835, 0.88475, 0.895317, 0.909408, 0.924485, 0.93824, 0.949055, 0.956105, 0.959112
0.959112, 0.962015, 0.968086, 0.975765, 0.983342, 0.989512, 0.993708, 0.996037, 0.996912
0.996912, 0.997677, 0.998988, 0.999925, 0.999674, 0.997992, 0.995387, 0.992895, 0.991598
0.991598, 0.990193, 0.986689, 0.980841, 0.972773, 0.963313, 0.954019, 0.946814, 0.943402
0.943402, 0.939888, 0.931719, 0.919341, 0.903804, 0.886975, 0.871394, 0.859787, 0.854408
0.854408, 0.848936, 0.836456, 0.818082, 0.795749, 0.772278, 0.751085, 0.735578, 0.728464
0.728464, 0.721271, 0.705019, 0.681445, 0.653281, 0.624183, 0.598294, 0.579557, 0.571017
0.571017, 0.562413, 0.543094, 0.515338, 0.482561, 0.449095, 0.419629, 0.398474, 0.388875
0.388875, 0.379234, 0.357681, 0.326944, 0.290973, 0.254585, 0.222817, 0.200158, 0.189916
0.189916, 0.179654, 0.156801, 0.124412, 0.0868009, 0.0490658, 0.0163693, -0.00681451, -0.0172556
-0.0172556, -0.0276948, -0.0508609, -0.083501, -0.121125, -0.158576, -0.190787, -0.213492, -0.223681
-0.223681, -0.233846, -0.256323, -0.287803, -0.323813, -0.359359, -0.389692, -0.410937, -0.420434
-0.420434, -0.429885, -0.4507, -0.479658, -0.512497, -0.544602, -0.571744, -0.59061, -0.599004
-0.599004, -0.607332, -0.625586, -0.65077, -0.679017, -0.706293, -0.729071, -0.744742, -0.75167
-0.75167, -0.758515, -0.773418, -0.793739, -0.816173, -0.837439, -0.854868, -0.866667, -0.871829
-0.871829, -0.876895, -0.887803, -0.902382, -0.918033, -0.93237, -0.943696, -0.951111, -0.954284
-0.954284, -0.957353, -0.963794, -0.972, -0.980191, -0.986979, -0.991713, -0.994424, -0.995471
-0.995471, -0.99641, -0.998105, -0.999583, -0.99996, -0.998906, -0.996842, -0.994733, -0.993608
-0.993608, -0.992375, -0.989251, -0.983939, -0.976485, -0.967633, -0.958861, -0.952022, -0.948775
-0.948775, -0.945424, -0.937616, -0.925742, -0.91078, -0.894515, -0.879414, -0.868141, -0.862911
-0.862911, -0.857588, -0.845434, -0.827512, -0.805688, -0.782712, -0.761935, -0.746716, -0.73973
-0.73973, -0.732664, -0.716689, -0.693494, -0.665753, -0.63706, -0.611506, -0.592999, -0.584559
-0.584559, -0.576055, -0.556951, -0.529486, -0.497027, -0.463858, -0.434632, -0.413637, -0.404107
-0.404107, -0.394534, -0.373126, -0.342579, -0.306807, -0.270595, -0.238961, -0.216386, -0.20618
-0.20618, -0.195952, -0.173166, -0.140858, -0.103318, -0.0656309, -0.0329567, -0.00977793, 0.000663788
0.000663788, 0.0111054, 0.0342835, 0.0669556, 0.104639, 0.142172, 0.174473, 0.197253, 0.207479
0.207479, 0.217682, 0.24025, 0.271873, 0.30807, 0.343826, 0.374358, 0.395754, 0.405321
0.405321, 0.414845, 0.435827, 0.465033, 0.498179, 0.530612, 0.558053, 0.57714, 0.585635
0.585635, 0.594067, 0.612556, 0.638083, 0.666743, 0.69445, 0.717614, 0.733567, 0.740623
0.740623, 0.747599, 0.762794, 0.783538, 0.806474, 0.828256, 0.846142, 0.85827, 0.863582
0.863582, 0.868799, 0.880045, 0.895108, 0.911327, 0.926244, 0.938077, 0.945856, 0.949194
0.949194, 0.952428, 0.959237, 0.967968, 0.97677, 0.984175, 0.989444, 0.992538, 0.993757
0.993757, 0.994868, 0.996946, 0.998967, 0.999971, 0.999544, 0.998022, 0.996296, 0.995344
0.995344, 0.994284, 0.991541, 0.986765, 0.979927, 0.971687, 0.963439, 0.956969, 0.953887
0.953887, 0.9507, 0.943256, 0.931889, 0.917505, 0.901809, 0.887191, 0.876257, 0.871177
0.871177, 0.866003, 0.854179, 0.836713, 0.815405, 0.792931, 0.772576, 0.757649, 0.750793
0.750793, 0.743855, 0.728162, 0.705352, 0.678042, 0.649762, 0.62455, 0.606277, 0.59794

-0.96328, -0.966031, -0.971763, -0.978961, -0.985977, -0.991582, -0.995287, -0.997268, -0.997985
-0.997985, -0.998593, -0.999554, -0.999996, -0.999173, -0.996921, -0.993823, -0.990983, -0.98953
-0.98953, -0.987969, -0.984118, -0.977785, -0.969159, -0.959147, -0.94938, -0.941842, -0.938282
-0.938282, -0.934619, -0.926123, -0.913289, -0.897233, -0.879893, -0.86388, -0.851971, -0.846457
-0.846457, -0.840851, -0.828077, -0.809297, -0.786505, -0.762588, -0.741021, -0.725255, -0.718026
-0.718026, -0.71072, -0.69422, -0.670306, -0.641764, -0.612304, -0.586115, -0.567174, -0.558544
-0.558544, -0.549852, -0.530341, -0.502326, -0.469269, -0.43554, -0.405862, -0.384566, -0.374906
-0.374906, -0.365206, -0.343527, -0.312624, -0.27648, -0.23994, -0.208058, -0.185327, -0.175056
-0.175056, -0.164766, -0.141856, -0.109401, -0.0717342, -0.0339646, -0.00125558, 0.0219272, 0.0323652
0.0323652, 0.0427996, 0.0659494, 0.0985525, 0.136114, 0.17348, 0.205601, 0.228233, 0.238387
0.238387, 0.248514, 0.270903, 0.302244, 0.338075, 0.373422, 0.403566, 0.424668, 0.434099
0.434099, 0.443482, 0.46414, 0.492865, 0.525416, 0.557216, 0.584079, 0.602739, 0.611038
0.611038, 0.61927, 0.637306, 0.662171, 0.690035, 0.716912, 0.739332, 0.754743, 0.761552
0.761552, 0.768278, 0.782911, 0.802841, 0.824813, 0.845604, 0.862612, 0.874108, 0.879132
0.879132, 0.88406, 0.894657, 0.908792, 0.92392, 0.937727, 0.948588, 0.955671, 0.958693
0.958693, 0.961611, 0.967714, 0.975441, 0.983072, 0.989298, 0.993541, 0.995905, 0.996794
0.996794, 0.997575, 0.998921, 0.999905, 0.99971, 0.998085, 0.995527, 0.99307, 0.991788
0.991788, 0.990399, 0.986928, 0.981128, 0.973115, 0.963709, 0.954461, 0.947288, 0.943891
0.943891, 0.940392, 0.932255, 0.919921, 0.904436, 0.887656, 0.872118, 0.860541, 0.855175
0.855175, 0.849716, 0.837265, 0.818931, 0.796644, 0.773216, 0.75206, 0.736578, 0.729476
0.729476, 0.722294, 0.706067, 0.682526, 0.6544, 0.625337, 0.599478, 0.580761, 0.572229
0.572229, 0.563635, 0.544334, 0.516604, 0.483856, 0.450415, 0.42097, 0.399829, 0.390237
0.390237, 0.380601, 0.359061, 0.328341, 0.292387, 0.256015, 0.224258, 0.201606, 0.191367
0.191367, 0.181108, 0.158261, 0.125878, 0.0882734, 0.0505422, 0.0178473, -0.00533629, -0.0157775
-0.0157775, -0.0262171, -0.0493845, -0.0820279, -0.119657, -0.157116, -0.189335, -0.212048, -0.22224
-0.22224, -0.232409, -0.254894, -0.286387, -0.322414, -0.357979, -0.38833, -0.409589, -0.419092
-0.419092, -0.428549, -0.44938, -0.47836, -0.511227, -0.543362, -0.570531, -0.589416, -0.597819
-0.597819, -0.606157, -0.624432, -0.649647, -0.677931, -0.705246, -0.728058, -0.743755, -0.750694
-0.750694, -0.757551, -0.77248, -0.792839, -0.815318, -0.836631, -0.8541, -0.865928, -0.871103
-0.871103, -0.876184, -0.887122, -0.901744, -0.917445, -0.931835, -0.943206, -0.950654, -0.953842
-0.953842, -0.956925, -0.963399, -0.971652, -0.979897, -0.986741, -0.991521, -0.994267, -0.99533
-0.99533, -0.996283, -0.998012, -0.99954, -0.999972, -0.998974, -0.996958, -0.994883, -0.993774
-0.993774, -0.992556, -0.989466, -0.984201, -0.976802, -0.968005, -0.95928, -0.952474, -0.949241
-0.949241, -0.945905, -0.938129, -0.9263, -0.911389, -0.895175, -0.880117, -0.868874, -0.863658
-0.863658, -0.858347, -0.846222, -0.828341, -0.806563, -0.783631, -0.762892, -0.747699, -0.740724
-0.740724, -0.733669, -0.717719, -0.694558, -0.666856, -0.638199, -0.612675, -0.594188, -0.585758
-0.585758, -0.577263, -0.558178, -0.530739, -0.498309, -0.465167, -0.435963, -0.414982, -0.405459
-0.405459, -0.395892, -0.374497, -0.343968, -0.308213, -0.272018, -0.240396, -0.217829, -0.207626
-0.207626, -0.197401, -0.174622, -0.142321, -0.104788, -0.0671059, -0.0344341, -0.0112561, -0.000814462
-0.000814462, 0.00962726, 0.0328061, 0.0654806, 0.103168, 0.140708, 0.173017, 0.195804, 0.206033
0.206033, 0.216239, 0.238815, 0.27045, 0.306663, 0.342438, 0.372987, 0.394396, 0.40397
0.40397, 0.413499, 0.434496, 0.463724, 0.496897, 0.529358, 0.556826, 0.575932, 0.584437
0.584437, 0.592878, 0.611387, 0.636944, 0.665641, 0.693386, 0.716584, 0.732561, 0.739629
0.739629, 0.746616, 0.761838, 0.782618, 0.805599, 0.827427, 0.845353, 0.85751, 0.862835
0.862835, 0.868066, 0.879342, 0.894448, 0.910718, 0.925685, 0.937564, 0.945375, 0.948727
0.948727, 0.951976, 0.958818, 0.967595, 0.976452, 0.983912, 0.989229, 0.992357, 0.993591
0.993591, 0.994717, 0.99683, 0.998899, 0.999958, 0.999588, 0.998114, 0.996422, 0.995486
0.995486, 0.99444, 0.991732, 0.987004, 0.980221, 0.972036, 0.963834, 0.957397, 0.954329

-0.622932, -0.631066, -0.64888, -0.673421, -0.700895, -0.727367, -0.749424, -0.764572, -0.77126
-0.77126, -0.777864, -0.792224, -0.811761, -0.833264, -0.853575, -0.870159, -0.881349, -0.886234
-0.886234, -0.891023, -0.901307, -0.914994, -0.929597, -0.94287, -0.953263, -0.960012, -0.962882
-0.962882, -0.965648, -0.971413, -0.978658, -0.985729, -0.99139, -0.995143, -0.997157, -0.99789
-0.99789, -0.998513, -0.999509, -0.999999, -0.999232, -0.997036, -0.993986, -0.99118, -0.989742
-0.989742, -0.988196, -0.98438, -0.978094, -0.969522, -0.959564, -0.949843, -0.942338, -0.938792
-0.938792, -0.935144, -0.92668, -0.91389, -0.897885, -0.880595, -0.864623, -0.852744, -0.847243
-0.847243, -0.84165, -0.828905, -0.810164, -0.787417, -0.763543, -0.742012, -0.726272, -0.719054
-0.719054, -0.711759, -0.695284, -0.671402, -0.642897, -0.613472, -0.587312, -0.568391, -0.559769
-0.559769, -0.551086, -0.531594, -0.503604, -0.470574, -0.43687, -0.407213, -0.38593, -0.376276
-0.376276, -0.366582, -0.344914, -0.314027, -0.2779, -0.241375, -0.209504, -0.186779, -0.176511
-0.176511, -0.166224, -0.143319, -0.11087, -0.0732085, -0.0354419, -0.00273383, 0.0204493, 0.0308877
0.0308877, 0.0413227, 0.0644743, 0.0970814, 0.134649, 0.172024, 0.204154, 0.226793, 0.236951
0.236951, 0.247082, 0.269479, 0.300835, 0.336684, 0.372051, 0.402213, 0.42333, 0.432766
0.432766, 0.442156, 0.462831, 0.491578, 0.524158, 0.555988, 0.582878, 0.601559, 0.609867
0.609867, 0.618109, 0.636166, 0.661063, 0.688964, 0.71588, 0.738336, 0.753772, 0.760593
0.760593, 0.767331, 0.78199, 0.801959, 0.823976, 0.844814, 0.861864, 0.873389, 0.878426
0.878426, 0.883368, 0.893996, 0.908174, 0.923354, 0.937213, 0.948119, 0.955234, 0.958271
0.958271, 0.961204, 0.96734, 0.975114, 0.9828, 0.989081, 0.993372, 0.99577, 0.996675
0.996675, 0.997471, 0.998851, 0.999884, 0.999745, 0.998175, 0.995666, 0.993242, 0.991976
0.991976, 0.990602, 0.987165, 0.981413, 0.973454, 0.964102, 0.954901, 0.947761, 0.944379
0.944379, 0.940893, 0.932788, 0.9205, 0.905065, 0.888336, 0.872841, 0.861293, 0.85594
0.85594, 0.850495, 0.838072, 0.819779, 0.797536, 0.774153, 0.753033, 0.737577, 0.730486
0.730486, 0.723315, 0.707113, 0.683606, 0.655517, 0.62649, 0.60066, 0.581964, 0.573441
0.573441, 0.564856, 0.545574, 0.517869, 0.485149, 0.451735, 0.422311, 0.401184, 0.391597
0.391597, 0.381968, 0.360441, 0.329737, 0.2938, 0.257443, 0.225698, 0.203053, 0.192818
0.192818, 0.182562, 0.15972, 0.127345, 0.0897458, 0.0520185, 0.0193253, -0.00385806, -0.0142995
-0.0142995, -0.0247393, -0.047908, -0.0805545, -0.11819, -0.155656, -0.187884, -0.210603, -0.220799
-0.220799, -0.230971, -0.253464, -0.28497, -0.321014, -0.356599, -0.386967, -0.40824, -0.417749
-0.417749, -0.427213, -0.448059, -0.477062, -0.509956, -0.54212, -0.569316, -0.588222, -0.596634
-0.596634, -0.604981, -0.623277, -0.648523, -0.676844, -0.704197, -0.727044, -0.742766, -0.749716
-0.749716, -0.756585, -0.771541, -0.791937, -0.814461, -0.83582, -0.85333, -0.865188, -0.870377
-0.870377, -0.87547, -0.886439, -0.901104, -0.916856, -0.931297, -0.942714, -0.950194, -0.953397
-0.953397, -0.956495, -0.963001, -0.971301, -0.979601, -0.9865, -0.991328, -0.994108, -0.995186
-0.995186, -0.996155, -0.997918, -0.999494, -0.999982, -0.99904, -0.997072, -0.995031, -0.993937
-0.993937, -0.992735, -0.989679, -0.984462, -0.977118, -0.968375, -0.959696, -0.952923, -0.949705
-0.949705, -0.946384, -0.93864, -0.926856, -0.911997, -0.895833, -0.880817, -0.869605, -0.864402
-0.864402, -0.859105, -0.847009, -0.829168, -0.807436, -0.784549, -0.763847, -0.748679, -0.741717
-0.741717, -0.734673, -0.718748, -0.695621, -0.667956, -0.639336, -0.613843, -0.595377, -0.586955
-0.586955, -0.578469, -0.559404, -0.531992, -0.499591, -0.466475, -0.437292, -0.416326, -0.40681
-0.40681, -0.397249, -0.375868, -0.345355, -0.309619, -0.27344, -0.241831, -0.219272, -0.209072
-0.209072, -0.19885, -0.176077, -0.143784, -0.106258, -0.0685808, -0.0359114, -0.0127342, -0.00229271
-0.00229271, 0.00814907, 0.0313286, 0.0640054, 0.101698, 0.139245, 0.171561, 0.194354, 0.204586
0.204586, 0.214796, 0.237379, 0.269027, 0.305256, 0.341048, 0.371615, 0.393037, 0.402617
0.402617, 0.412153, 0.433164, 0.462414, 0.495613, 0.528103, 0.555597, 0.574723, 0.583236
0.583236, 0.591686, 0.610216, 0.635804, 0.664537, 0.69232, 0.715552, 0.731554, 0.738633
0.738633, 0.745632, 0.760879, 0.781697, 0.804722, 0.826596, 0.844562, 0.856749, 0.862087
0.862087, 0.867332, 0.878637, 0.893785, 0.910106, 0.925125, 0.937049, 0.944892, 0.948259

-0.0459908, -0.0564189, -0.0795493, -0.112113, -0.14961, -0.186893, -0.218926, -0.241488, -0.251607
-0.251607, -0.261699, -0.284003, -0.315214, -0.350877, -0.386037, -0.416005, -0.436974, -0.446342
-0.446342, -0.455662, -0.476175, -0.504684, -0.536969, -0.568487, -0.595092, -0.613563, -0.621775
-0.621775, -0.629919, -0.647755, -0.672328, -0.69984, -0.726351, -0.748445, -0.763618, -0.770318
-0.770318, -0.776935, -0.791321, -0.810896, -0.832446, -0.852804, -0.86943, -0.88065, -0.885549
-0.885549, -0.890351, -0.900666, -0.914397, -0.929051, -0.942377, -0.952816, -0.959597, -0.962482
-0.962482, -0.965263, -0.971061, -0.978353, -0.985479, -0.991195, -0.994996, -0.997045, -0.997793
-0.997793, -0.998432, -0.999461, -1, -0.999289, -0.997149, -0.994147, -0.991375, -0.989952
-0.989952, -0.988422, -0.984639, -0.978401, -0.969884, -0.959979, -0.950304, -0.942832, -0.9393
-0.9393, -0.935667, -0.927235, -0.914489, -0.898534, -0.881294, -0.865365, -0.853515, -0.848028
-0.848028, -0.842448, -0.829731, -0.81103, -0.788327, -0.764497, -0.743003, -0.727287, -0.720081
-0.720081, -0.712796, -0.696345, -0.672497, -0.644028, -0.614638, -0.588508, -0.569607, -0.560994
-0.560994, -0.552319, -0.532845, -0.504881, -0.471877, -0.438199, -0.408563, -0.387294, -0.377646
-0.377646, -0.367957, -0.346302, -0.315431, -0.27932, -0.242809, -0.210949, -0.188231, -0.177966
-0.177966, -0.167681, -0.144782, -0.112339, -0.0746827, -0.0369192, -0.00421207, 0.0189713, 0.0294101
0.0294101, 0.0398457, 0.062999, 0.09561, 0.133184, 0.170568, 0.202707, 0.225353, 0.235514
0.235514, 0.245649, 0.268056, 0.299425, 0.335291, 0.370678, 0.400859, 0.42199, 0.431433
0.431433, 0.44083, 0.46152, 0.49029, 0.522898, 0.554758, 0.581676, 0.600377, 0.608695
0.608695, 0.616946, 0.635025, 0.659953, 0.687892, 0.714847, 0.737338, 0.7528, 0.759632
0.759632, 0.766382, 0.781068, 0.801075, 0.823137, 0.844022, 0.861113, 0.872668, 0.877719
0.877719, 0.882675, 0.893333, 0.907554, 0.922785, 0.936696, 0.947648, 0.954796, 0.957848
0.957848, 0.960795, 0.966965, 0.974785, 0.982526, 0.988862, 0.993201, 0.995633, 0.996553
0.996553, 0.997365, 0.998779, 0.99986, 0.999777, 0.998263, 0.995802, 0.993413, 0.992162
0.992162, 0.990803, 0.9874, 0.981696, 0.973791, 0.964494, 0.955339, 0.948232, 0.944864
0.944864, 0.941393, 0.93332, 0.921077, 0.905693, 0.889014, 0.873561, 0.862043, 0.856704
0.856704, 0.851271, 0.838878, 0.820625, 0.798427, 0.775088, 0.754005, 0.738575, 0.731495
0.731495, 0.724335, 0.708158, 0.684684, 0.656632, 0.627642, 0.601841, 0.583166, 0.574652
0.574652, 0.566075, 0.546812, 0.519133, 0.486441, 0.453053, 0.42365, 0.402537, 0.392957
0.392957, 0.383334, 0.361819, 0.331132, 0.295213, 0.258871, 0.227138, 0.204501, 0.194268
0.194268, 0.184015, 0.161179, 0.128811, 0.091218, 0.0534947, 0.0208032, -0.00237981, -0.0128213
-0.0128213, -0.0232615, -0.0464314, -0.079081, -0.116722, -0.154195, -0.186431, -0.209157, -0.219357
-0.219357, -0.229532, -0.252034, -0.283553, -0.319614, -0.355217, -0.385604, -0.40689, -0.416406
-0.416406, -0.425876, -0.446737, -0.475762, -0.508684, -0.540877, -0.5681, -0.587026, -0.595447
-0.595447, -0.603803, -0.62212, -0.647397, -0.675755, -0.703147, -0.726028, -0.741775, -0.748737
-0.748737, -0.755618, -0.7706, -0.791034, -0.813603, -0.835008, -0.852559, -0.864446, -0.869648
-0.869648, -0.874755, -0.885753, -0.900462, -0.916265, -0.930758, -0.94222, -0.949732, -0.952949
-0.952949, -0.956063, -0.962602, -0.970949, -0.979303, -0.986256, -0.991133, -0.993947, -0.99504
-0.99504, -0.996024, -0.997822, -0.999446, -0.99999, -0.999103, -0.997184, -0.995177, -0.994099
-0.994099, -0.992912, -0.98989, -0.984721, -0.977431, -0.968743, -0.960111, -0.95337, -0.950167
-0.950167, -0.94686, -0.939149, -0.92741, -0.912602, -0.896489, -0.881516, -0.870334, -0.865144
-0.865144, -0.85986, -0.847794, -0.829993, -0.808307, -0.785464, -0.7648, -0.749659, -0.742707
-0.742707, -0.735675, -0.719775, -0.696682, -0.669056, -0.640472, -0.615009, -0.596564, -0.588151
-0.588151, -0.579674, -0.560628, -0.533243, -0.500871, -0.467782, -0.438621, -0.41767, -0.40816
-0.40816, -0.398605, -0.377237, -0.346742, -0.311025, -0.274862, -0.243265, -0.220714, -0.210518
-0.210518, -0.200298, -0.177532, -0.145247, -0.107728, -0.0700555, -0.0373887, -0.0142124, -0.00377096
-0.00377096, 0.00667086, 0.029851, 0.0625301, 0.100227, 0.137781, 0.170105, 0.192904, 0.203139
0.203139, 0.213352, 0.235943, 0.267603, 0.303848, 0.339658, 0.370242, 0.391677, 0.401263
0.401263, 0.410806, 0.431831, 0.461103, 0.494329, 0.526847, 0.554367, 0.573512, 0.582035

0.548418, 0.539657, 0.519995, 0.491777, 0.458498, 0.424564, 0.394721, 0.373315, 0.363608
0.363608, 0.353861, 0.332083, 0.301052, 0.264776, 0.22812, 0.196151, 0.173366, 0.163073
0.163073, 0.152762, 0.129811, 0.0973084, 0.0596026, 0.0218115, -0.0109021, -0.0340803, -0.044514
-0.044514, -0.0549429, -0.0780756, -0.110644, -0.148148, -0.185441, -0.217484, -0.240053, -0.250176
-0.250176, -0.260272, -0.282586, -0.313811, -0.349492, -0.384673, -0.41466, -0.435644, -0.445019
-0.445019, -0.454345, -0.474875, -0.503407, -0.535722, -0.56727, -0.593904, -0.612395, -0.620617
-0.620617, -0.62877, -0.646628, -0.671233, -0.698783, -0.725334, -0.747464, -0.762663, -0.769375
-0.769375, -0.776003, -0.790416, -0.81003, -0.831626, -0.852031, -0.868699, -0.879948, -0.884861
-0.884861, -0.889677, -0.900023, -0.913797, -0.928503, -0.941881, -0.952366, -0.95918, -0.96208
-0.96208, -0.964876, -0.970707, -0.978046, -0.985227, -0.990998, -0.994847, -0.99693, -0.997693
-0.997693, -0.998348, -0.999412, -0.999999, -0.999344, -0.997259, -0.994305, -0.991567, -0.99016
-0.99016, -0.988645, -0.984896, -0.978705, -0.970243, -0.960392, -0.950764, -0.943323, -0.939807
-0.939807, -0.936187, -0.927787, -0.915086, -0.899182, -0.881992, -0.866105, -0.854284, -0.84881
-0.84881, -0.843243, -0.830555, -0.811894, -0.789236, -0.765449, -0.743991, -0.728301, -0.721106
-0.721106, -0.713832, -0.697405, -0.67359, -0.645158, -0.615804, -0.589702, -0.570821, -0.562217
-0.562217, -0.553551, -0.534095, -0.506156, -0.47318, -0.439527, -0.409911, -0.388656, -0.379014
-0.379014, -0.369331, -0.347688, -0.316833, -0.280739, -0.244243, -0.212393, -0.189683, -0.17942
-0.17942, -0.169138, -0.146244, -0.113808, -0.0761568, -0.0383964, -0.00569031, 0.0174933, 0.0279325
0.0279325, 0.0383685, 0.0615236, 0.0941384, 0.131719, 0.169111, 0.201259, 0.223913, 0.234077
0.234077, 0.244216, 0.266631, 0.298014, 0.333898, 0.369305, 0.399505, 0.420649, 0.430099
0.430099, 0.439502, 0.460208, 0.489002, 0.521638, 0.553528, 0.580473, 0.599194, 0.607521
0.607521, 0.615782, 0.633882, 0.658842, 0.686819, 0.713813, 0.736339, 0.751826, 0.75867
0.75867, 0.765431, 0.780144, 0.80019, 0.822297, 0.843228, 0.86036, 0.871945, 0.87701
0.87701, 0.881979, 0.892667, 0.906933, 0.922215, 0.936178, 0.947175, 0.954355, 0.957422
0.957422, 0.960384, 0.966587, 0.974454, 0.98225, 0.988641, 0.993028, 0.995494, 0.99643
0.99643, 0.997257, 0.998705, 0.999835, 0.999807, 0.998349, 0.995937, 0.993581, 0.992346
0.992346, 0.991002, 0.987633, 0.981976, 0.974126, 0.964883, 0.955775, 0.9487, 0.945347
0.945347, 0.941891, 0.93385, 0.921651, 0.906319, 0.88969, 0.87428, 0.862791, 0.857465
0.857465, 0.852046, 0.839682, 0.821468, 0.799316, 0.776021, 0.754975, 0.73957, 0.732502
0.732502, 0.725354, 0.7092, 0.68576, 0.657747, 0.628792, 0.603021, 0.584366, 0.575861
0.575861, 0.567293, 0.548049, 0.520396, 0.487732, 0.45437, 0.424989, 0.40389, 0.394316
0.394316, 0.384699, 0.363197, 0.332527, 0.296625, 0.260299, 0.228578, 0.205947, 0.195718
0.195718, 0.185468, 0.162638, 0.130277, 0.09269, 0.0549708, 0.0222811, -0.000901563, -0.0113432
-0.0113432, -0.0217836, -0.0449547, -0.0776073, -0.115253, -0.152735, -0.184979, -0.207712, -0.217914
-0.217914, -0.228093, -0.250603, -0.282135, -0.318213, -0.353835, -0.384239, -0.405539, -0.415061
-0.415061, -0.424538, -0.445414, -0.474461, -0.50741, -0.539633, -0.566883, -0.585828, -0.594259
-0.594259, -0.602624, -0.620962, -0.646269, -0.674665, -0.702095, -0.725011, -0.740783, -0.747757
-0.747757, -0.754649, -0.769657, -0.790129, -0.812742, -0.834193, -0.851785, -0.863701, -0.868917
-0.868917, -0.874038, -0.885066, -0.899818, -0.915672, -0.930216, -0.941723, -0.949269, -0.9525
-0.9525, -0.955628, -0.9622, -0.970594, -0.979003, -0.986011, -0.990935, -0.993783, -0.994892
-0.994892, -0.995892, -0.997723, -0.999395, -0.999995, -0.999165, -0.997294, -0.995321, -0.994258
-0.994258, -0.993087, -0.990098, -0.984977, -0.977742, -0.969109, -0.960523, -0.953815, -0.950627
-0.950627, -0.947334, -0.939656, -0.927962, -0.913206, -0.897143, -0.882213, -0.871061, -0.865885
-0.865885, -0.860614, -0.848577, -0.830817, -0.809177, -0.786379, -0.765751, -0.750636, -0.743696
-0.743696, -0.736675, -0.7208, -0.697742, -0.670154, -0.641607, -0.616174, -0.59775, -0.589346
-0.589346, -0.580878, -0.561852, -0.534493, -0.502149, -0.469088, -0.439949, -0.419013, -0.409509
-0.409509, -0.399961, -0.378606, -0.348128, -0.312429, -0.276283, -0.244699, -0.222155, -0.211962
-0.211962, -0.201746, -0.178986, -0.146709, -0.109198, -0.07153, -0.0388659, -0.0156904, -0.00524919

0.934535, 0.930768, 0.922042, 0.908887, 0.892466, 0.874769, 0.858451, 0.84633, 0.840722
0.840723, 0.835023, 0.822043, 0.802977, 0.779865, 0.755636, 0.733807, 0.717861, 0.710552
0.710552, 0.703166, 0.686494, 0.662342, 0.633537, 0.603825, 0.577429, 0.558347, 0.549654
0.549654, 0.540901, 0.521257, 0.493064, 0.459811, 0.425902, 0.396079, 0.374686, 0.364985
0.364985, 0.355243, 0.333477, 0.302462, 0.266201, 0.229559, 0.1976, 0.174822, 0.164531
0.164531, 0.154223, 0.131276, 0.0987796, 0.0610781, 0.0232893, -0.00942393, -0.0326028, -0.0430372
-0.0430372, -0.0534669, -0.0766018, -0.109174, -0.146686, -0.183988, -0.216041, -0.238617, -0.248745
-0.248745, -0.258844, -0.281167, -0.312407, -0.348106, -0.383308, -0.413314, -0.434313, -0.443695
-0.443695, -0.453028, -0.473573, -0.502129, -0.534473, -0.566052, -0.592714, -0.611226, -0.619457
-0.619457, -0.62762, -0.645499, -0.670136, -0.697725, -0.724316, -0.746481, -0.761706, -0.76843
-0.76843, -0.77507, -0.78951, -0.809163, -0.830804, -0.851257, -0.867965, -0.879245, -0.884171
-0.884171, -0.889001, -0.899378, -0.913196, -0.927954, -0.941384, -0.951914, -0.958761, -0.961676
-0.961676, -0.964487, -0.970351, -0.977737, -0.984973, -0.9908, -0.994696, -0.996813, -0.997592
-0.997592, -0.998262, -0.99936, -0.999995, -0.999396, -0.997367, -0.994462, -0.991758, -0.990366
-0.990366, -0.988866, -0.985151, -0.979007, -0.970599, -0.960803, -0.951221, -0.943813, -0.940311
-0.940311, -0.936706, -0.928338, -0.915681, -0.899828, -0.882688, -0.866843, -0.855052, -0.849591
-0.849591, -0.844037, -0.831378, -0.812756, -0.790143, -0.7664, -0.744978, -0.729313, -0.722129
-0.722129, -0.714867, -0.698464, -0.674682, -0.646287, -0.616968, -0.590896, -0.572034, -0.563439
-0.563439, -0.554781, -0.535345, -0.50743, -0.474482, -0.440855, -0.411259, -0.390018, -0.380382
-0.380382, -0.370704, -0.349074, -0.318235, -0.282157, -0.245676, -0.213838, -0.191134, -0.180874
-0.180874, -0.170595, -0.147707, -0.115277, -0.0776306, -0.0398735, -0.00716853, 0.0160153, 0.0264548
0.0264548, 0.0368913, 0.0600481, 0.0926666, 0.130253, 0.167654, 0.199811, 0.222472, 0.23264
0.23264, 0.242782, 0.265206, 0.296603, 0.332504, 0.367931, 0.398149, 0.419308, 0.428764
0.428764, 0.438174, 0.458895, 0.487712, 0.520376, 0.552296, 0.579269, 0.59801, 0.606346
0.606346, 0.614617, 0.632738, 0.657729, 0.685743, 0.712777, 0.735338, 0.750851, 0.757706
0.757706, 0.764479, 0.779218, 0.799302, 0.821455, 0.842433, 0.859606, 0.87122, 0.876298
0.876298, 0.881281, 0.892, 0.906309, 0.921642, 0.935657, 0.9467, 0.953913, 0.956994
0.956994, 0.959971, 0.966207, 0.974121, 0.981972, 0.988418, 0.992853, 0.995353, 0.996304
0.996304, 0.997146, 0.998629, 0.999807, 0.999835, 0.998433, 0.996069, 0.993747, 0.992527
0.992527, 0.991199, 0.987864, 0.982255, 0.97446, 0.96527, 0.956208, 0.949166, 0.945828
0.945828, 0.942386, 0.934378, 0.922224, 0.906942, 0.890364, 0.874996, 0.863538, 0.858225
0.858225, 0.852819, 0.840484, 0.822311, 0.800204, 0.776952, 0.755944, 0.740565, 0.733507
0.733507, 0.72637, 0.710242, 0.686836, 0.658859, 0.629941, 0.6042, 0.585565, 0.577069
0.577069, 0.568509, 0.549285, 0.521658, 0.489022, 0.455687, 0.426327, 0.405242, 0.395674
0.395674, 0.386063, 0.364574, 0.33392, 0.298036, 0.261726, 0.230016, 0.207394, 0.197168
0.197168, 0.18692, 0.164096, 0.131742, 0.0941618, 0.0564467, 0.023759, 0.000576688, -0.00986503
-0.00986503, -0.0203057, -0.0434779, -0.0761334, -0.113785, -0.151274, -0.183526, -0.206265, -0.216471
-0.216471, -0.226654, -0.249172, -0.280716, -0.316811, -0.352452, -0.382874, -0.404187, -0.413716
-0.413716, -0.423199, -0.44409, -0.47316, -0.506136, -0.538388, -0.565664, -0.58463, -0.593069
-0.593069, -0.601444, -0.619803, -0.64514, -0.673573, -0.701041, -0.723992, -0.739789, -0.746774
-0.746774, -0.753678, -0.768712, -0.789222, -0.81188, -0.833377, -0.85101, -0.862955, -0.868184
-0.868184, -0.873319, -0.884377, -0.899172, -0.915077, -0.929673, -0.941225, -0.948803, -0.952049
-0.952049, -0.955192, -0.961797, -0.970237, -0.9787, -0.985764, -0.990736, -0.993618, -0.994741
-0.994741, -0.995757, -0.997622, -0.999343, -0.999999, -0.999224, -0.997401, -0.995463, -0.994415
-0.994415, -0.993259, -0.990305, -0.985231, -0.978051, -0.969472, -0.960933, -0.954258, -0.951084
-0.951084, -0.947807, -0.94016, -0.928512, -0.913807, -0.897795, -0.882908, -0.871786, -0.866623
-0.866623, -0.861366, -0.849358, -0.831639, -0.810044, -0.787291, -0.766701, -0.751612, -0.744684
-0.744684, -0.737674, -0.721824, -0.6988, -0.67125, -0.64274, -0.617338, -0.598934, -0.59054

0.96571, 0.968368, 0.973893, 0.980797, 0.987471, 0.992732, 0.996137, 0.997905, 0.998526
0.998526, 0.999038, 0.999786, 0.999927, 0.998757, 0.996157, 0.99276, 0.989708, 0.98816
0.98816, 0.986504, 0.982443, 0.975815, 0.966851, 0.956503, 0.946449, 0.93871, 0.93506
0.93506, 0.931307, 0.922613, 0.909503, 0.893132, 0.875484, 0.859209, 0.847117, 0.841522
0.841522, 0.835835, 0.822884, 0.803858, 0.780789, 0.756604, 0.734811, 0.718889, 0.711592
0.711592, 0.704217, 0.687568, 0.663449, 0.63468, 0.605003, 0.578635, 0.559572, 0.550888
0.550888, 0.542143, 0.522518, 0.494349, 0.461124, 0.427239, 0.397436, 0.376056, 0.36636
0.36636, 0.356625, 0.334871, 0.30387, 0.267625, 0.230998, 0.199049, 0.176277, 0.165989
0.165989, 0.155683, 0.132742, 0.10025, 0.0625536, 0.0247672, -0.00794573, -0.0311253, -0.0415603
-0.0415603, -0.0519907, -0.0751278, -0.107705, -0.145224, -0.182535, -0.214597, -0.237182, -0.247312
-0.247312, -0.257416, -0.279748, -0.311002, -0.34672, -0.381942, -0.411968, -0.432981, -0.442369
-0.442369, -0.45171, -0.472271, -0.50085, -0.533223, -0.564833, -0.591522, -0.610055, -0.618296
-0.618296, -0.626468, -0.64437, -0.669038, -0.696666, -0.723296, -0.745496, -0.760747, -0.767483
-0.767483, -0.774135, -0.788602, -0.808293, -0.82998, -0.85048, -0.86723, -0.87854, -0.88348
-0.88348, -0.888323, -0.89873, -0.912593, -0.927402, -0.940884, -0.95146, -0.958339, -0.96127
-0.96127, -0.964095, -0.969992, -0.977426, -0.984717, -0.990598, -0.994543, -0.996694, -0.997488
-0.997488, -0.998174, -0.999306, -0.99999, -0.999446, -0.997473, -0.994616, -0.991946, -0.99057
-0.99057, -0.989085, -0.985403, -0.979308, -0.970954, -0.961212, -0.951676, -0.9443, -0.940813
-0.940813, -0.937223, -0.928886, -0.916275, -0.900472, -0.883381, -0.867579, -0.855817, -0.850369
-0.850369, -0.844829, -0.832198, -0.813616, -0.791048, -0.767348, -0.745963, -0.730324, -0.723151
-0.723151, -0.7159, -0.699521, -0.675772, -0.647414, -0.618131, -0.592088, -0.573246, -0.564659
-0.564659, -0.556011, -0.536593, -0.508704, -0.475783, -0.442181, -0.412606, -0.391378, -0.381748
-0.381748, -0.372077, -0.350459, -0.319636, -0.283575, -0.247109, -0.215282, -0.192585, -0.182328
-0.182328, -0.172052, -0.149169, -0.116745, -0.0791043, -0.0413505, -0.00864673, 0.0145372, 0.024977
0.024977, 0.0354141, 0.0585725, 0.0911946, 0.128788, 0.166196, 0.198362, 0.221031, 0.231202
0.231202, 0.241348, 0.26378, 0.29519, 0.33111, 0.366556, 0.396792, 0.417965, 0.427428
0.427428, 0.436845, 0.457581, 0.48642, 0.519113, 0.551063, 0.578063, 0.596825, 0.60517
0.60517, 0.61345, 0.631593, 0.656615, 0.684667, 0.711739, 0.734335, 0.749874, 0.756741
0.756741, 0.763525, 0.778291, 0.798413, 0.820611, 0.841635, 0.85885, 0.870494, 0.875585
0.875585, 0.880582, 0.891331, 0.905683, 0.921067, 0.935134, 0.946223, 0.953468, 0.956564
0.956564, 0.959556, 0.965825, 0.973786, 0.981691, 0.988192, 0.992675, 0.995209, 0.996176
0.996176, 0.997034, 0.99855, 0.999777, 0.999861, 0.998515, 0.996198, 0.993911, 0.992707
0.992707, 0.991394, 0.988092, 0.982531, 0.97479, 0.965656, 0.95664, 0.949631, 0.946307
0.946307, 0.94288, 0.934903, 0.922794, 0.907564, 0.891036, 0.875711, 0.864282, 0.858983
0.858983, 0.85359, 0.841284, 0.823151, 0.801089, 0.777882, 0.756911, 0.741557, 0.734511
0.734511, 0.727386, 0.711282, 0.687909, 0.659971, 0.631088, 0.605377, 0.586763, 0.578275
0.578275, 0.569725, 0.55052, 0.522918, 0.490311, 0.457002, 0.427663, 0.406593, 0.397031
0.397031, 0.387426, 0.36595, 0.335313, 0.299447, 0.263152, 0.231455, 0.20884, 0.198617
0.198617, 0.188372, 0.165554, 0.133207, 0.0956334, 0.0579226, 0.0252368, 0.00205494, -0.00838684
-0.00838684, -0.0188277, -0.042001, -0.0746593, -0.112316, -0.149812, -0.182073, -0.204819, -0.215028
-0.215028, -0.225213, -0.24774, -0.279297, -0.315408, -0.351068, -0.381508, -0.402835, -0.41237
-0.41237, -0.42186, -0.442765, -0.471857, -0.50486, -0.537142, -0.564445, -0.58343, -0.591878
-0.591878, -0.600262, -0.618642, -0.64401, -0.672479, -0.699986, -0.722972, -0.738794, -0.74579
-0.74579, -0.752706, -0.767766, -0.788313, -0.811016, -0.832559, -0.850233, -0.862208, -0.86745
-0.86745, -0.872598, -0.883686, -0.898524, -0.91448, -0.929127, -0.940725, -0.948335, -0.951596
-0.951596, -0.954753, -0.961391, -0.969878, -0.978396, -0.985514, -0.990534, -0.99345, -0.994589
-0.994589, -0.99562, -0.997519, -0.999288, -1, -0.999281, -0.997507, -0.995603, -0.99457
-0.99457, -0.993429, -0.990509, -0.985483, -0.978358, -0.969834, -0.961341, -0.954699, -0.95154

0.630104, 0.638177, 0.655854, 0.680195, 0.707429, 0.73365, 0.755485, 0.77047, 0.777084
0.777084, 0.783614, 0.797805, 0.8171, 0.838316, 0.858333, 0.874657, 0.885659, 0.890459
0.890459, 0.895162, 0.905255, 0.918668, 0.932949, 0.945896, 0.956003, 0.962547, 0.965325
0.965325, 0.967998, 0.973556, 0.980508, 0.987236, 0.992553, 0.996006, 0.997808, 0.998445
0.998445, 0.998973, 0.999755, 0.999944, 0.998829, 0.996286, 0.992936, 0.989919, 0.988386
0.988386, 0.986745, 0.982718, 0.976137, 0.967227, 0.956933, 0.946925, 0.939219, 0.935583
0.935583, 0.931845, 0.923182, 0.910116, 0.893796, 0.876197, 0.859964, 0.847902, 0.84232
0.84232, 0.836646, 0.823723, 0.804736, 0.781712, 0.757569, 0.735813, 0.719916, 0.71263
0.71263, 0.705265, 0.688641, 0.664554, 0.635822, 0.606179, 0.57984, 0.560797, 0.552121
0.552121, 0.543385, 0.523778, 0.495634, 0.462435, 0.428575, 0.398792, 0.377425, 0.367735
0.367735, 0.358005, 0.336263, 0.305278, 0.26905, 0.232436, 0.200498, 0.177732, 0.167447
0.167447, 0.157143, 0.134207, 0.101721, 0.0640288, 0.0262449, -0.00646752, -0.0296478, -0.0400833
-0.0400833, -0.0505144, -0.0736537, -0.106235, -0.143761, -0.181081, -0.213153, -0.235745, -0.24588
-0.24588, -0.255988, -0.278329, -0.309597, -0.345333, -0.380576, -0.41062, -0.431648, -0.441043
-0.441043, -0.45039, -0.470967, -0.49957, -0.531972, -0.563612, -0.59033, -0.608883, -0.617133
-0.617133, -0.625316, -0.643238, -0.667939, -0.695604, -0.722274, -0.74451, -0.759787, -0.766534
-0.766534, -0.773198, -0.787692, -0.807422, -0.829155, -0.849701, -0.866493, -0.877833, -0.882786
-0.882786, -0.887643, -0.898081, -0.911987, -0.926848, -0.940382, -0.951004, -0.957916, -0.960861
-0.960861, -0.963701, -0.969632, -0.977113, -0.984458, -0.990395, -0.994388, -0.996573, -0.997383
-0.997383, -0.998083, -0.99925, -0.999982, -0.999494, -0.997577, -0.994768, -0.992132, -0.990771
-0.990771, -0.989302, -0.985654, -0.979606, -0.971307, -0.961618, -0.952129, -0.944786, -0.941313
-0.941313, -0.937737, -0.929433, -0.916866, -0.901114, -0.884073, -0.868313, -0.856581, -0.851146
-0.851146, -0.845619, -0.833017, -0.814475, -0.791952, -0.768295, -0.746947, -0.731333, -0.724171
-0.724171, -0.716931, -0.700577, -0.676861, -0.64854, -0.619292, -0.593278, -0.574457, -0.565879
-0.565879, -0.557239, -0.537839, -0.509976, -0.477082, -0.443507, -0.413952, -0.392738, -0.383114
-0.383114, -0.373448, -0.351843, -0.321036, -0.284993, -0.248541, -0.216725, -0.194035, -0.183781
-0.183781, -0.173508, -0.15063, -0.118213, -0.0805779, -0.0428275, -0.0101249, 0.0130591, 0.0234992
0.0234992, 0.0339367, 0.0570967, 0.0897225, 0.127321, 0.164738, 0.196913, 0.219589, 0.229763
0.229763, 0.239913, 0.262354, 0.293778, 0.329715, 0.36518, 0.395435, 0.416622, 0.426091
0.426091, 0.435515, 0.456266, 0.485128, 0.517849, 0.549829, 0.576856, 0.595638, 0.603993
0.603993, 0.612282, 0.630446, 0.655499, 0.683588, 0.7107, 0.733331, 0.748895, 0.755774
0.755774, 0.76257, 0.777362, 0.797522, 0.819765, 0.840836, 0.858092, 0.869765, 0.87487
0.87487, 0.87988, 0.89066, 0.905055, 0.920491, 0.934609, 0.945743, 0.953022, 0.956132
0.956132, 0.959139, 0.96544, 0.973449, 0.981409, 0.987965, 0.992495, 0.995064, 0.996046
0.996046, 0.996919, 0.998469, 0.999744, 0.999884, 0.998594, 0.996326, 0.994073, 0.992884
0.992884, 0.991586, 0.988319, 0.982805, 0.975119, 0.966039, 0.95707, 0.950093, 0.946784
0.946784, 0.943371, 0.935427, 0.923363, 0.908184, 0.891706, 0.876424, 0.865025, 0.859739
0.859739, 0.854359, 0.842082, 0.823989, 0.801973, 0.77881, 0.757876, 0.742548, 0.735514
0.735514, 0.728399, 0.71232, 0.688981, 0.661081, 0.632234, 0.606553, 0.587959, 0.579481
0.579481, 0.570939, 0.551753, 0.524178, 0.491599, 0.458316, 0.428999, 0.407943, 0.398387
0.398387, 0.388788, 0.367325, 0.336706, 0.300857, 0.264578, 0.232893, 0.210285, 0.200065
0.200065, 0.189824, 0.167012, 0.134672, 0.0971047, 0.0593983, 0.0267146, 0.00353318, -0.00690863
-0.00690863, -0.0173497, -0.040524, -0.0731851, -0.110847, -0.14835, -0.180619, -0.203371, -0.213584
-0.213584, -0.223773, -0.246307, -0.277878, -0.314005, -0.349684, -0.380141, -0.401481, -0.411022
-0.411022, -0.420519, -0.441439, -0.470553, -0.503584, -0.535894, -0.563224, -0.582228, -0.590686
-0.590686, -0.599079, -0.61748, -0.642879, -0.671384, -0.69893, -0.721949, -0.737796, -0.744805
-0.744805, -0.751732, -0.766818, -0.787403, -0.81015, -0.831739, -0.849454, -0.861458, -0.866713
-0.866713, -0.871875, -0.882993, -0.897874, -0.913881, -0.928579, -0.940222, -0.947865, -0.95114

0.0551804, 0.0656031, 0.088718, 0.121251, 0.158701, 0.195924, 0.227895, 0.250406, 0.260502
0.260502, 0.270569, 0.292814, 0.323933, 0.359478, 0.394509, 0.424354, 0.445232, 0.454557
0.454557, 0.463833, 0.484246, 0.512606, 0.544709, 0.576032, 0.602462, 0.620803, 0.628955
0.628955, 0.637039, 0.654737, 0.679111, 0.706383, 0.732645, 0.754515, 0.769527, 0.776153
0.776153, 0.782695, 0.796913, 0.816247, 0.837509, 0.857573, 0.873939, 0.884972, 0.889786
0.889786, 0.894502, 0.904626, 0.918083, 0.932416, 0.945415, 0.955568, 0.962145, 0.964938
0.964938, 0.967626, 0.973217, 0.980216, 0.987, 0.992372, 0.995873, 0.997709, 0.998361
0.998361, 0.998904, 0.999721, 0.999959, 0.9989, 0.996412, 0.99311, 0.990127, 0.988609
0.988609, 0.986984, 0.98299, 0.976457, 0.967601, 0.957361, 0.9474, 0.939725, 0.936104
0.936104, 0.93238, 0.92375, 0.910728, 0.894458, 0.876909, 0.860717, 0.848684, 0.843115
0.843115, 0.837455, 0.82456, 0.805613, 0.782633, 0.758533, 0.736813, 0.720941, 0.713666
0.713666, 0.706313, 0.689712, 0.665658, 0.636962, 0.607354, 0.581044, 0.56202, 0.553353
0.553353, 0.544625, 0.525036, 0.496917, 0.463745, 0.42991, 0.400147, 0.378794, 0.36911
0.36911, 0.359385, 0.337655, 0.306686, 0.270473, 0.233873, 0.201946, 0.179186, 0.168904
0.168904, 0.158603, 0.135671, 0.103192, 0.065504, 0.0277226, -0.00498929, -0.0281701, -0.0386061
-0.0386061, -0.0490379, -0.0721794, -0.104765, -0.142298, -0.179627, -0.211708, -0.234308, -0.244447
-0.244447, -0.254558, -0.276909, -0.308191, -0.343946, -0.379208, -0.409272, -0.430314, -0.439716
-0.439716, -0.44907, -0.469663, -0.498289, -0.530719, -0.56239, -0.589136, -0.60771, -0.615969
-0.615969, -0.624161, -0.642106, -0.666838, -0.694541, -0.721251, -0.743523, -0.758825, -0.765584
-0.765584, -0.77226, -0.786781, -0.806549, -0.828327, -0.848921, -0.865754, -0.877124, -0.882091
-0.882091, -0.886962, -0.89743, -0.91138, -0.926292, -0.939878, -0.950546, -0.957491, -0.960451
-0.960451, -0.963306, -0.969269, -0.976797, -0.984197, -0.99019, -0.99423, -0.99645, -0.997275
-0.997275, -0.997991, -0.999191, -0.999972, -0.99954, -0.997679, -0.994918, -0.992316, -0.99097
-0.99097, -0.989516, -0.985902, -0.979902, -0.971657, -0.962023, -0.952579, -0.945269, -0.941811
-0.941811, -0.938249, -0.929977, -0.917455, -0.901754, -0.884763, -0.869046, -0.857343, -0.851921
-0.851921, -0.846407, -0.833834, -0.815332, -0.792853, -0.769241, -0.747929, -0.73234, -0.72519
-0.72519, -0.717961, -0.701631, -0.677949, -0.649665, -0.620452, -0.594468, -0.575666, -0.567097
-0.567097, -0.558466, -0.539085, -0.511247, -0.478381, -0.444831, -0.415298, -0.394097, -0.384479
-0.384479, -0.374819, -0.353226, -0.322436, -0.286409, -0.249973, -0.218168, -0.195485, -0.185234
-0.185234, -0.174963, -0.152091, -0.119681, -0.0820512, -0.0443043, -0.0116031, 0.011581, 0.0220213
0.0220213, 0.0324593, 0.0556208, 0.0882501, 0.125855, 0.16328, 0.195463, 0.218146, 0.228325
0.228325, 0.238478, 0.260927, 0.292364, 0.328319, 0.363803, 0.394077, 0.415278, 0.424754
0.424754, 0.434183, 0.45495, 0.483835, 0.516584, 0.548594, 0.575648, 0.59445, 0.602814
0.602814, 0.611112, 0.629298, 0.654382, 0.682509, 0.709659, 0.732325, 0.747914, 0.754805
0.754805, 0.761613, 0.776431, 0.796629, 0.818918, 0.840035, 0.857332, 0.869035, 0.874153
0.874153, 0.879177, 0.889987, 0.904426, 0.919912, 0.934083, 0.945262, 0.952573, 0.955698
0.955698, 0.95872, 0.965054, 0.973109, 0.981124, 0.987735, 0.992314, 0.994916, 0.995913
0.995913, 0.996802, 0.998387, 0.99971, 0.999906, 0.998672, 0.996452, 0.994233, 0.993059
0.993059, 0.991776, 0.988543, 0.983077, 0.975446, 0.96642, 0.957497, 0.950553, 0.947258
0.947258, 0.94386, 0.935949, 0.923929, 0.908802, 0.892374, 0.877135, 0.865766, 0.860493
0.860493, 0.855126, 0.842878, 0.824826, 0.802855, 0.779736, 0.758839, 0.743537, 0.736514
0.736514, 0.729411, 0.713357, 0.690052, 0.662189, 0.633379, 0.607728, 0.589154, 0.580685
0.580685, 0.572152, 0.552985, 0.525436, 0.492885, 0.45963, 0.430334, 0.409292, 0.399743
0.399743, 0.39015, 0.3687, 0.338097, 0.302267, 0.266004, 0.23433, 0.21173, 0.201514
0.201514, 0.191275, 0.168469, 0.136137, 0.0985759, 0.0608738, 0.0281923, 0.00501142, -0.00543041
-0.00543041, -0.0158716, -0.0390469, -0.0717108, -0.109378, -0.146888, -0.179165, -0.201924, -0.212139
-0.212139, -0.222332, -0.244874, -0.276457, -0.312601, -0.348298, -0.378773, -0.400127, -0.409674
-0.409674, -0.419177, -0.440112, -0.469248, -0.502306, -0.534646, -0.562002, -0.581026, -0.589493

-0.540701, -0.531888, -0.512113, -0.483744, -0.450302, -0.416215, -0.38625, -0.364763, -0.355021
-0.355021, -0.34524, -0.32339, -0.292265, -0.255892, -0.219152, -0.18712, -0.164297, -0.153988
-0.153988, -0.143662, -0.120682, -0.0881467, -0.0504151, -0.0126115, 0.0201024, 0.0432748, 0.0537043
0.0537043, 0.064128, 0.0872455, 0.119784, 0.157242, 0.194474, 0.226455, 0.248975, 0.259074
0.259074, 0.269145, 0.2914, 0.322534, 0.358098, 0.39315, 0.423015, 0.443908, 0.45324
0.45324, 0.462523, 0.482952, 0.511336, 0.543468, 0.574823, 0.601281, 0.619643, 0.627805
0.627805, 0.635898, 0.653619, 0.678025, 0.705336, 0.731638, 0.753544, 0.768582, 0.77522
0.77522, 0.781774, 0.796019, 0.815392, 0.8367, 0.856812, 0.87322, 0.884282, 0.88911
0.88911, 0.893841, 0.903995, 0.917496, 0.931881, 0.944932, 0.955132, 0.961741, 0.964549
0.964549, 0.967252, 0.972876, 0.979922, 0.986761, 0.992188, 0.995738, 0.997608, 0.998276
0.998276, 0.998834, 0.999685, 0.999971, 0.998968, 0.996536, 0.993283, 0.990333, 0.988831
0.988831, 0.987221, 0.983261, 0.976775, 0.967974, 0.957787, 0.947872, 0.94023, 0.936623
0.936623, 0.932913, 0.924315, 0.911337, 0.895118, 0.877618, 0.861469, 0.849465, 0.843909
0.843909, 0.838262, 0.825396, 0.806488, 0.783552, 0.759496, 0.737811, 0.721965, 0.714701
0.714701, 0.707358, 0.690782, 0.666761, 0.638101, 0.608528, 0.582246, 0.563242, 0.554584
0.554584, 0.545865, 0.526294, 0.498199, 0.465054, 0.431244, 0.401501, 0.380162, 0.370483
0.370483, 0.360764, 0.339046, 0.308092, 0.271896, 0.23531, 0.203393, 0.180641, 0.170361
0.170361, 0.160062, 0.137136, 0.104662, 0.066979, 0.0292003, -0.00351105, -0.0266924, -0.037129
-0.037129, -0.0475614, -0.0707049, -0.103295, -0.140834, -0.178172, -0.210263, -0.232871, -0.243013
-0.243013, -0.253128, -0.275488, -0.306784, -0.342557, -0.37784, -0.407923, -0.428979, -0.438388
-0.438388, -0.447749, -0.468357, -0.497007, -0.529466, -0.561167, -0.587941, -0.606535, -0.614804
-0.614804, -0.623006, -0.640972, -0.665736, -0.693477, -0.720227, -0.742533, -0.757861, -0.764632
-0.764632, -0.77132, -0.785867, -0.805674, -0.827498, -0.848139, -0.865014, -0.876413, -0.881394
-0.881394, -0.886278, -0.896777, -0.91077, -0.925734, -0.939372, -0.950086, -0.957063, -0.960038
-0.960038, -0.962908, -0.968904, -0.976479, -0.983934, -0.989982, -0.994071, -0.996324, -0.997164
-0.997164, -0.997896, -0.999131, -0.99996, -0.999584, -0.997779, -0.995066, -0.992498, -0.991167
-0.991167, -0.989729, -0.986149, -0.980196, -0.972006, -0.962425, -0.953028, -0.945751, -0.942307
-0.942307, -0.93876, -0.930519, -0.918042, -0.902392, -0.885451, -0.869776, -0.858103, -0.852695
-0.852695, -0.847193, -0.834649, -0.816187, -0.793753, -0.770185, -0.748909, -0.733346, -0.726207
-0.726207, -0.718989, -0.702683, -0.679034, -0.650788, -0.621611, -0.595656, -0.576874, -0.568314
-0.568314, -0.559691, -0.54033, -0.512517, -0.479679, -0.446154, -0.416642, -0.395455, -0.385843
-0.385843, -0.376189, -0.354609, -0.323835, -0.287825, -0.251404, -0.21961, -0.196935, -0.186687
-0.186687, -0.176418, -0.153552, -0.121148, -0.0835244, -0.0457811, -0.0130812, 0.0101028, 0.0205434
0.0205434, 0.0309818, 0.0541448, 0.0867775, 0.124388, 0.161822, 0.194013, 0.216703, 0.226885
0.226885, 0.237042, 0.2595, 0.29095, 0.326922, 0.362426, 0.392718, 0.413932, 0.423415
0.423415, 0.432851, 0.453633, 0.482541, 0.515318, 0.547357, 0.574439, 0.59326, 0.601634
0.601634, 0.609941, 0.628148, 0.653263, 0.681428, 0.708617, 0.731318, 0.746932, 0.753834
0.753834, 0.760654, 0.775499, 0.795735, 0.818069, 0.839232, 0.85657, 0.868302, 0.873434
0.873434, 0.878471, 0.889312, 0.903794, 0.919331, 0.933554, 0.944779, 0.952122, 0.955262
0.955262, 0.958298, 0.964666, 0.972768, 0.980837, 0.987503, 0.99213, 0.994766, 0.995778
0.995778, 0.996683, 0.998302, 0.999673, 0.999925, 0.998747, 0.996575, 0.99439, 0.993231
0.993231, 0.991964, 0.988765, 0.983346, 0.97577, 0.966798, 0.957922, 0.951011, 0.947731
0.947731, 0.944348, 0.936468, 0.924494, 0.909417, 0.89304, 0.877844, 0.866504, 0.861245
0.861245, 0.855892, 0.843673, 0.825661, 0.803736, 0.780661, 0.759801, 0.744525, 0.737514
0.737514, 0.730422, 0.714392, 0.691121, 0.663296, 0.634522, 0.608901, 0.590348, 0.581888
0.581888, 0.573364, 0.554217, 0.526693, 0.494171, 0.460942, 0.431668, 0.41064, 0.401097
0.401097, 0.391511, 0.370073, 0.339488, 0.303675, 0.267428, 0.235767, 0.213175, 0.202961
0.202961, 0.192726, 0.169926, 0.137601, 0.100047, 0.0623493, 0.0296699, 0.00648965, -0.00395217

-0.931221, -0.927364, -0.918441, -0.905011, -0.888278, -0.870273, -0.853696, -0.841394, -0.835705
-0.835705, -0.829925, -0.816769, -0.797459, -0.774072, -0.749577, -0.727525, -0.711425, -0.704048
-0.704048, -0.696594, -0.679774, -0.655421, -0.626391, -0.596465, -0.569892, -0.550689, -0.541944
-0.541944, -0.533139, -0.513382, -0.485038, -0.451621, -0.417559, -0.387613, -0.366139, -0.356403
-0.356403, -0.346627, -0.324789, -0.293679, -0.25732, -0.220594, -0.188572, -0.165755, -0.155448
-0.155448, -0.145125, -0.122149, -0.0896191, -0.0518915, -0.0140896, 0.0186244, 0.0417978, 0.0522281
0.0522281, 0.0626527, 0.0857728, 0.118316, 0.155781, 0.193024, 0.225015, 0.247543, 0.257646
0.257646, 0.267721, 0.289985, 0.321134, 0.356718, 0.39179, 0.421675, 0.442583, 0.451922
0.451922, 0.461212, 0.481657, 0.510065, 0.542227, 0.573613, 0.600099, 0.618482, 0.626654
0.626654, 0.634757, 0.6525, 0.676937, 0.704287, 0.730629, 0.752572, 0.767635, 0.774285
0.774285, 0.780851, 0.795124, 0.814535, 0.83589, 0.856049, 0.872498, 0.883591, 0.888432
0.888432, 0.893177, 0.903362, 0.916907, 0.931344, 0.944448, 0.954693, 0.961335, 0.964158
0.964158, 0.966876, 0.972533, 0.979627, 0.98652, 0.992003, 0.9956, 0.997505, 0.998188
0.998188, 0.998762, 0.999647, 0.999981, 0.999034, 0.996658, 0.993453, 0.990537, 0.98905
0.98905, 0.987455, 0.983529, 0.977091, 0.968344, 0.958211, 0.948342, 0.940732, 0.93714
0.93714, 0.933445, 0.924878, 0.911945, 0.895776, 0.878326, 0.862219, 0.850244, 0.844702
0.844702, 0.839067, 0.826229, 0.807361, 0.78447, 0.760457, 0.738808, 0.722987, 0.715734
0.715734, 0.708402, 0.69185, 0.667862, 0.639238, 0.609701, 0.583448, 0.564463, 0.555813
0.555813, 0.547103, 0.52755, 0.49948, 0.466362, 0.432577, 0.402855, 0.381528, 0.371856
0.371856, 0.362143, 0.340436, 0.309498, 0.273318, 0.236747, 0.20484, 0.182094, 0.171817
0.171817, 0.161522, 0.1386, 0.106132, 0.0684539, 0.0306779, -0.00203281, -0.0252147, -0.0356517
-0.0356517, -0.0460848, -0.0692302, -0.101824, -0.139371, -0.176718, -0.208818, -0.231433, -0.241579
-0.241579, -0.251698, -0.274067, -0.305377, -0.341168, -0.376471, -0.406573, -0.427643, -0.437059
-0.437059, -0.446426, -0.467051, -0.495724, -0.528211, -0.559943, -0.586745, -0.605359, -0.613638
-0.613638, -0.621849, -0.639837, -0.664632, -0.692411, -0.7192, -0.741542, -0.756896, -0.763679
-0.763679, -0.770378, -0.784952, -0.804798, -0.826668, -0.847355, -0.864271, -0.8757, -0.880694
-0.880694, -0.885592, -0.896122, -0.910159, -0.925174, -0.938865, -0.949624, -0.956634, -0.959623
-0.959623, -0.962508, -0.968538, -0.97616, -0.983669, -0.989772, -0.993909, -0.996197, -0.997052
-0.997052, -0.997799, -0.999068, -0.999945, -0.999626, -0.997876, -0.995211, -0.992678, -0.991362
-0.991362, -0.989939, -0.986393, -0.980487, -0.972352, -0.962826, -0.953475, -0.94623, -0.9428
-0.9428, -0.939268, -0.93106, -0.918627, -0.903028, -0.886137, -0.870505, -0.858861, -0.853466
-0.853466, -0.847978, -0.835462, -0.81704, -0.794652, -0.771127, -0.749888, -0.73435, -0.727222
-0.727222, -0.720016, -0.703734, -0.680119, -0.65191, -0.622768, -0.596842, -0.578081, -0.56953
-0.56953, -0.560916, -0.541573, -0.513786, -0.480975, -0.447477, -0.417985, -0.396813, -0.387207
-0.387207, -0.377558, -0.35599, -0.325233, -0.289241, -0.252834, -0.221052, -0.198384, -0.188139
-0.188139, -0.177873, -0.155013, -0.122615, -0.0849974, -0.0472577, -0.0145593, 0.0086246, 0.0190654
0.0190654, 0.0295042, 0.0526686, 0.0853047, 0.122922, 0.160363, 0.192563, 0.21526, 0.225445
0.225445, 0.235606, 0.258072, 0.289536, 0.325525, 0.361048, 0.391358, 0.412586, 0.422075
0.422075, 0.431518, 0.452315, 0.481246, 0.51405, 0.546119, 0.573228, 0.59207, 0.600452
0.600452, 0.608769, 0.626998, 0.652144, 0.680345, 0.707573, 0.730309, 0.745949, 0.752862
0.752862, 0.759694, 0.774565, 0.794839, 0.817218, 0.838427, 0.855806, 0.867568, 0.872714
0.872714, 0.877764, 0.888635, 0.90316, 0.918749, 0.933023, 0.944293, 0.951669, 0.954824
0.954824, 0.957875, 0.964275, 0.972424, 0.980548, 0.987269, 0.991943, 0.994614, 0.995642
0.995642, 0.996561, 0.998214, 0.999634, 0.999942, 0.998819, 0.996696, 0.994545, 0.993402
0.993402, 0.99215, 0.988985, 0.983614, 0.976093, 0.967175, 0.958346, 0.951467, 0.948202
0.948202, 0.944833, 0.936986, 0.925056, 0.910031, 0.893704, 0.878551, 0.867241, 0.861995
0.861995, 0.856655, 0.844465, 0.826494, 0.804615, 0.781584, 0.760762, 0.745511, 0.738511
0.738511, 0.731431, 0.715426, 0.692189, 0.664402, 0.635664, 0.610073, 0.59154, 0.583089

-0.968058, -0.970623, -0.97594, -0.98255, -0.988881, -0.993797, -0.996903, -0.998458, -0.998983
-0.998983, -0.9994, -0.999934, -0.999774, -0.998256, -0.995309, -0.991612, -0.98835, -0.986706
-0.986706, -0.984956, -0.980685, -0.973762, -0.96446, -0.953778, -0.943438, -0.935499, -0.931758
-0.931758, -0.927917, -0.919025, -0.905639, -0.888956, -0.871, -0.854465, -0.842191, -0.836516
-0.836516, -0.830749, -0.817621, -0.798351, -0.775007, -0.750555, -0.728539, -0.712463, -0.705097
-0.705097, -0.697654, -0.680858, -0.656536, -0.627543, -0.597651, -0.571106, -0.551923, -0.543185
-0.543185, -0.534389, -0.51465, -0.48633, -0.45294, -0.418901, -0.388976, -0.367514, -0.357783
-0.357783, -0.348013, -0.326186, -0.295091, -0.258749, -0.222036, -0.190024, -0.167212, -0.156909
-0.156909, -0.146588, -0.123616, -0.0910913, -0.0533677, -0.0155677, 0.0171464, 0.0403208, 0.0507518
0.0507518, 0.0611773, 0.0842999, 0.116848, 0.154321, 0.191573, 0.223575, 0.24611, 0.256217
0.256217, 0.266297, 0.28857, 0.319734, 0.355336, 0.39043, 0.420334, 0.441257, 0.450603
0.450603, 0.4599, 0.480361, 0.508793, 0.540984, 0.572402, 0.598916, 0.61732, 0.625501
0.625501, 0.633614, 0.651379, 0.675849, 0.703237, 0.729619, 0.751597, 0.766687, 0.773349
0.773349, 0.779927, 0.794226, 0.813677, 0.835077, 0.855284, 0.871775, 0.882898, 0.887753
0.887753, 0.892511, 0.902727, 0.916316, 0.930804, 0.943961, 0.954252, 0.960927, 0.963765
0.963765, 0.966498, 0.972188, 0.979329, 0.986277, 0.991815, 0.995461, 0.9974, 0.998098
0.998098, 0.998687, 0.999606, 0.999989, 0.999098, 0.996778, 0.99362, 0.990739, 0.989267
0.989267, 0.987687, 0.983795, 0.977404, 0.968712, 0.958633, 0.94881, 0.941232, 0.937654
0.937654, 0.933974, 0.925439, 0.91255, 0.896432, 0.879032, 0.862967, 0.851022, 0.845492
0.845492, 0.83987, 0.827061, 0.808232, 0.785386, 0.761416, 0.739804, 0.724007, 0.716765
0.716765, 0.709445, 0.692916, 0.668961, 0.640374, 0.610872, 0.584647, 0.565683, 0.557041
0.557041, 0.548339, 0.528806, 0.50076, 0.46767, 0.43391, 0.404207, 0.382895, 0.373228
0.373228, 0.36352, 0.341826, 0.310904, 0.27474, 0.238183, 0.206287, 0.183548, 0.173273
0.173273, 0.16298, 0.140064, 0.107602, 0.0699286, 0.0321554, -0.00055456, -0.0237369, -0.0341743
-0.0341743, -0.0446081, -0.0677555, -0.100354, -0.137907, -0.175263, -0.207372, -0.229995, -0.240144
-0.240144, -0.250267, -0.272645, -0.303969, -0.339778, -0.375101, -0.405222, -0.426307, -0.435729
-0.435729, -0.445103, -0.465743, -0.494439, -0.526955, -0.558718, -0.585547, -0.604182, -0.61247
-0.61247, -0.62069, -0.6387, -0.663527, -0.691344, -0.718172, -0.74055, -0.755929, -0.762724
-0.762724, -0.769435, -0.784036, -0.803919, -0.825835, -0.846569, -0.863527, -0.874985, -0.879993
-0.879993, -0.884905, -0.895465, -0.909546, -0.924611, -0.938355, -0.949159, -0.956202, -0.959206
-0.959206, -0.962106, -0.968169, -0.975838, -0.983402, -0.98956, -0.993745, -0.996067, -0.996938
-0.996938, -0.9977, -0.999003, -0.999929, -0.999665, -0.997971, -0.995355, -0.992855, -0.991555
-0.991555, -0.990147, -0.986635, -0.980777, -0.972696, -0.963224, -0.95392, -0.946707, -0.943292
-0.943292, -0.939774, -0.931598, -0.91921, -0.903662, -0.886821, -0.871231, -0.859617, -0.854235
-0.854235, -0.84876, -0.836274, -0.817891, -0.795548, -0.772067, -0.750865, -0.735353, -0.728236
-0.728236, -0.721041, -0.704784, -0.681202, -0.65303, -0.623924, -0.598028, -0.579287, -0.570744
-0.570744, -0.562139, -0.542815, -0.515053, -0.482271, -0.448798, -0.419328, -0.398169, -0.388569
-0.388569, -0.378927, -0.357371, -0.326631, -0.290655, -0.254264, -0.222494, -0.199832, -0.18959
-0.18959, -0.179328, -0.156473, -0.124082, -0.0864702, -0.0487343, -0.0160374, 0.0071464, 0.0175874
0.0175874, 0.0280265, 0.0511924, 0.0838318, 0.121454, 0.158903, 0.191112, 0.213816, 0.224005
0.224005, 0.234169, 0.256644, 0.288121, 0.324127, 0.359669, 0.389997, 0.411239, 0.420735
0.420735, 0.430184, 0.450996, 0.479949, 0.512782, 0.54488, 0.572016, 0.590878, 0.59927
0.59927, 0.607596, 0.625845, 0.651022, 0.679261, 0.706528, 0.729298, 0.744963, 0.751888
0.751888, 0.758731, 0.773629, 0.793941, 0.816365, 0.837621, 0.85504, 0.866832, 0.871991
0.871991, 0.877055, 0.887956, 0.902525, 0.918164, 0.93249, 0.943806, 0.951214, 0.954384
0.954384, 0.957449, 0.963882, 0.972078, 0.980257, 0.987033, 0.991755, 0.994459, 0.995503
0.995503, 0.996438, 0.998125, 0.999593, 0.999957, 0.99889, 0.996815, 0.994698, 0.99357
0.99357, 0.992334, 0.989202, 0.983879, 0.976413, 0.96755, 0.958767, 0.951921, 0.94867

-0.637222, -0.645234, -0.662772, -0.686911, -0.713902, -0.739872, -0.761481, -0.776303, -0.782843
-0.782843, -0.789297, -0.803319, -0.82237, -0.843297, -0.863018, -0.87908, -0.889894, -0.894609
-0.894609, -0.899226, -0.909126, -0.922264, -0.936222, -0.948841, -0.958662, -0.965001, -0.967686
-0.967686, -0.970267, -0.975617, -0.982274, -0.98866, -0.993632, -0.996786, -0.998375, -0.998916
-0.998916, -0.999347, -0.999916, -0.999805, -0.998342, -0.995451, -0.991802, -0.988573, -0.986946
-0.986946, -0.98521, -0.980973, -0.974098, -0.96485, -0.954222, -0.943928, -0.93602, -0.932294
-0.932294, -0.928467, -0.919607, -0.906265, -0.889632, -0.871726, -0.855232, -0.842988, -0.837325
-0.837325, -0.831571, -0.818471, -0.79924, -0.77594, -0.751531, -0.72955, -0.713499, -0.706144
-0.706144, -0.698712, -0.68194, -0.657651, -0.628693, -0.598836, -0.572319, -0.553155, -0.544426
-0.544426, -0.535638, -0.515917, -0.487621, -0.454257, -0.420243, -0.390337, -0.368889, -0.359163
-0.359163, -0.349399, -0.327584, -0.296503, -0.260176, -0.223477, -0.191475, -0.16867, -0.158368
-0.158368, -0.14805, -0.125083, -0.0925633, -0.0548437, -0.0170457, 0.0156683, 0.0388437, 0.0492754
0.0492754, 0.0597017, 0.0828268, 0.11538, 0.15286, 0.190122, 0.222134, 0.244677, 0.254788
0.254788, 0.264871, 0.287155, 0.318333, 0.353954, 0.389068, 0.418993, 0.43993, 0.449283
0.449283, 0.458587, 0.479064, 0.50752, 0.53974, 0.571189, 0.597732, 0.616157, 0.624347
0.624347, 0.63247, 0.650256, 0.674758, 0.702185, 0.728608, 0.750622, 0.765737, 0.772411
0.772411, 0.779001, 0.793327, 0.812816, 0.834263, 0.854517, 0.87105, 0.882203, 0.887071
0.887071, 0.891843, 0.90209, 0.915723, 0.930263, 0.943472, 0.953809, 0.960517, 0.963369
0.963369, 0.966117, 0.971841, 0.979029, 0.986032, 0.991625, 0.995319, 0.997292, 0.998006
0.998006, 0.99861, 0.999564, 0.999995, 0.99916, 0.996895, 0.993786, 0.990938, 0.989482
0.989482, 0.987918, 0.984059, 0.977716, 0.969077, 0.959053, 0.949275, 0.941731, 0.938167
0.938167, 0.934501, 0.925998, 0.913154, 0.897086, 0.879736, 0.863713, 0.851797, 0.84628
0.84628, 0.840672, 0.827891, 0.809102, 0.7863, 0.762373, 0.740798, 0.725026, 0.717795
0.717795, 0.710486, 0.693981, 0.670059, 0.641509, 0.612041, 0.585846, 0.566901, 0.558268
0.558268, 0.549575, 0.53006, 0.502039, 0.468976, 0.435241, 0.405559, 0.38426, 0.374599
0.374599, 0.364897, 0.343215, 0.312308, 0.276161, 0.239618, 0.207733, 0.185001, 0.174729
0.174729, 0.164438, 0.141527, 0.109071, 0.0714031, 0.0336328, 0.00092369, -0.022259, -0.0326969
-0.0326969, -0.0431312, -0.0662805, -0.0988828, -0.136442, -0.173807, -0.205926, -0.228556, -0.238709
-0.238709, -0.248836, -0.271222, -0.302561, -0.338387, -0.37373, -0.40387, -0.424969, -0.434398
-0.434398, -0.443779, -0.464434, -0.493154, -0.525699, -0.557491, -0.584348, -0.603004, -0.6113
-0.6113, -0.619531, -0.637562, -0.66242, -0.690275, -0.717143, -0.739555, -0.754961, -0.761767
-0.761767, -0.76849, -0.783117, -0.803039, -0.825, -0.845781, -0.86278, -0.874269, -0.87929
-0.87929, -0.884215, -0.894806, -0.90893, -0.924047, -0.937843, -0.948693, -0.955768, -0.958787
-0.958787, -0.961702, -0.967798, -0.975514, -0.983133, -0.989346, -0.993579, -0.995935, -0.996821
-0.996821, -0.997598, -0.998936, -0.99991, -0.999702, -0.998064, -0.995496, -0.993031, -0.991746
-0.991746, -0.990353, -0.986874, -0.981064, -0.973038, -0.96362, -0.954362, -0.947182, -0.943782
-0.943782, -0.940279, -0.932135, -0.919791, -0.904294, -0.887503, -0.871956, -0.860372, -0.855003
-0.855003, -0.849541, -0.837083, -0.818741, -0.796443, -0.773006, -0.751841, -0.736354, -0.729249
-0.729249, -0.722064, -0.705832, -0.682283, -0.654149, -0.625078, -0.599212, -0.580491, -0.571957
-0.571957, -0.563361, -0.544056, -0.51632, -0.483565, -0.450119, -0.420669, -0.399525, -0.389931
-0.389931, -0.380295, -0.358752, -0.328027, -0.292069, -0.255694, -0.223935, -0.201281, -0.191042
-0.191042, -0.180782, -0.157933, -0.125549, -0.0879428, -0.0502107, -0.0175154, 0.00566818, 0.0161094
0.0161094, 0.0265488, 0.049716, 0.0823586, 0.119987, 0.157444, 0.189661, 0.212372, 0.222564
0.222564, 0.232731, 0.255215, 0.286705, 0.322728, 0.358289, 0.388636, 0.409891, 0.419393
0.419393, 0.428849, 0.449677, 0.478652, 0.511512, 0.54364, 0.570803, 0.589685, 0.598085
0.598085, 0.606421, 0.624692, 0.649899, 0.678175, 0.705481, 0.728286, 0.743976, 0.750913
0.750913, 0.757768, 0.772691, 0.793041, 0.81551, 0.836812, 0.854273, 0.866094, 0.871266
0.871266, 0.876344, 0.887275, 0.901887, 0.917577, 0.931955, 0.943316, 0.950757, 0.953941

-0.0643653, -0.0747818, -0.0978793, -0.130379, -0.167779, -0.204939, -0.236845, -0.259304, -0.269374
-0.269374, -0.279415, -0.301599, -0.332624, -0.368049, -0.402947, -0.432668, -0.453452, -0.462734
-0.462734, -0.471965, -0.492276, -0.520485, -0.552402, -0.583529, -0.60978, -0.62799, -0.636082
-0.636082, -0.644104, -0.661664, -0.685836, -0.712866, -0.738876, -0.760522, -0.77537, -0.781922
-0.781922, -0.788388, -0.802438, -0.821528, -0.842501, -0.86227, -0.878374, -0.889219, -0.893947
-0.893947, -0.898578, -0.908509, -0.921691, -0.935702, -0.948374, -0.95824, -0.964612, -0.967313
-0.967313, -0.969908, -0.975291, -0.981996, -0.988437, -0.993464, -0.996666, -0.99829, -0.998846
-0.998846, -0.999293, -0.999896, -0.999833, -0.998426, -0.995591, -0.99199, -0.988795, -0.987183
-0.987183, -0.985462, -0.981259, -0.974431, -0.965237, -0.954663, -0.944415, -0.936539, -0.932828
-0.932828, -0.929015, -0.920186, -0.906889, -0.890306, -0.872449, -0.855997, -0.843782, -0.838132
-0.838132, -0.832391, -0.819319, -0.800127, -0.776872, -0.752505, -0.730561, -0.714534, -0.70719
-0.70719, -0.699769, -0.68302, -0.658764, -0.629842, -0.600019, -0.573531, -0.554386, -0.545665
-0.545665, -0.536885, -0.517183, -0.488911, -0.455573, -0.421584, -0.391698, -0.370262, -0.360543
-0.360543, -0.350784, -0.32898, -0.297915, -0.261603, -0.224917, -0.192925, -0.170127, -0.159828
-0.159828, -0.149512, -0.12655, -0.0940351, -0.0563197, -0.0185237, 0.0141902, 0.0373666, 0.0477989
0.0477989, 0.0582261, 0.0813536, 0.113911, 0.151399, 0.188671, 0.220692, 0.243244, 0.253359
0.253359, 0.263446, 0.285738, 0.316931, 0.352571, 0.387706, 0.41765, 0.438602, 0.447961
0.447961, 0.457272, 0.477766, 0.506246, 0.538495, 0.569975, 0.596546, 0.614992, 0.623192
0.623192, 0.631324, 0.649133, 0.673667, 0.701132, 0.727594, 0.749644, 0.764786, 0.771471
0.771471, 0.778073, 0.792427, 0.811954, 0.833447, 0.853748, 0.870323, 0.881506, 0.886388
0.886388, 0.891174, 0.901451, 0.915128, 0.92972, 0.942981, 0.953364, 0.960104, 0.962972
0.962972, 0.965735, 0.971492, 0.978726, 0.985785, 0.991433, 0.995175, 0.997182, 0.997911
0.997911, 0.998531, 0.999519, 0.999999, 0.999219, 0.99701, 0.993949, 0.991136, 0.989695
0.989695, 0.988146, 0.984321, 0.978025, 0.969441, 0.959471, 0.949739, 0.942227, 0.938678
0.938678, 0.935026, 0.926555, 0.913755, 0.897739, 0.880438, 0.864457, 0.85257, 0.847067
0.847067, 0.841471, 0.828719, 0.80997, 0.787212, 0.763329, 0.74179, 0.726044, 0.718824
0.718824, 0.711526, 0.695045, 0.671156, 0.642642, 0.61321, 0.587043, 0.568118, 0.559494
0.559494, 0.550809, 0.531313, 0.503317, 0.470281, 0.436571, 0.40691, 0.385624, 0.375969
0.375969, 0.366273, 0.344603, 0.313712, 0.277581, 0.241053, 0.209179, 0.186453, 0.176184
0.176184, 0.165896, 0.142991, 0.110541, 0.0728775, 0.0351102, 0.00240194, -0.0207811, -0.0312194
-0.0312194, -0.0416543, -0.0648055, -0.0974117, -0.134978, -0.172351, -0.204479, -0.227117, -0.237273
-0.237273, -0.247404, -0.269799, -0.301151, -0.336996, -0.372359, -0.402517, -0.42363, -0.433066
-0.433066, -0.442454, -0.463125, -0.491867, -0.52444, -0.556263, -0.583148, -0.601824, -0.61013
-0.61013, -0.61837, -0.636422, -0.661312, -0.689205, -0.716112, -0.73856, -0.75399, -0.760808
-0.760808, -0.767543, -0.782197, -0.802158, -0.824164, -0.844991, -0.862032, -0.87355, -0.878585
-0.878585, -0.883524, -0.894145, -0.908313, -0.923481, -0.937328, -0.948224, -0.955332, -0.958366
-0.958366, -0.961296, -0.967424, -0.975187, -0.982862, -0.98913, -0.99341, -0.9958, -0.996702
-0.996702, -0.997495, -0.998867, -0.999889, -0.999737, -0.998155, -0.995635, -0.993204, -0.991934
-0.991934, -0.990557, -0.987112, -0.981349, -0.973378, -0.964014, -0.954802, -0.947655, -0.944269
-0.944269, -0.940781, -0.932669, -0.92037, -0.904924, -0.888184, -0.872679, -0.861124, -0.855769
-0.855769, -0.85032, -0.837891, -0.819589, -0.797336, -0.773942, -0.752815, -0.737353, -0.730259
-0.730259, -0.723086, -0.706878, -0.683363, -0.655266, -0.626231, -0.600395, -0.581694, -0.573169
-0.573169, -0.564582, -0.545296, -0.517585, -0.484859, -0.451438, -0.42201, -0.40088, -0.391292
-0.391292, -0.381661, -0.360131, -0.329423, -0.293483, -0.257123, -0.225375, -0.202728, -0.192492
-0.192492, -0.182236, -0.159392, -0.127016, -0.0894153, -0.0516871, -0.0189935, 0.00418995, 0.0146313
0.0146313, 0.0250711, 0.0482395, 0.0808853, 0.118519, 0.155984, 0.188209, 0.210927, 0.221122
0.221122, 0.231294, 0.253785, 0.285288, 0.321328, 0.356909, 0.387273, 0.408542, 0.418051
0.418051, 0.427513, 0.448356, 0.477353, 0.510241, 0.542399, 0.569589, 0.58849, 0.5969

0.532938, 0.524073, 0.504188, 0.475671, 0.442067, 0.407831, 0.377747, 0.35618, 0.346404
0.346404, 0.33659, 0.31467, 0.283453, 0.246986, 0.210165, 0.178073, 0.155214, 0.14489
0.14489, 0.134551, 0.111543, 0.0789775, 0.0412234, 0.00341038, -0.0293009, -0.0524656, -0.06289
-0.06289, -0.0733076, -0.096408, -0.128914, -0.166322, -0.203492, -0.235408, -0.257876, -0.26795
-0.26795, -0.277996, -0.300189, -0.33123, -0.366674, -0.401594, -0.431335, -0.452134, -0.461423
-0.461423, -0.470661, -0.490989, -0.519222, -0.551169, -0.582328, -0.608608, -0.626839, -0.634941
-0.634941, -0.642973, -0.660555, -0.684759, -0.711829, -0.737879, -0.759561, -0.774436, -0.781
-0.781, -0.787478, -0.801555, -0.820684, -0.841704, -0.86152, -0.877667, -0.888541, -0.893284
-0.893284, -0.897928, -0.907891, -0.921117, -0.935179, -0.947904, -0.957816, -0.964221, -0.966937
-0.966937, -0.969547, -0.974964, -0.981715, -0.988212, -0.993294, -0.996544, -0.998202, -0.998774
-0.998774, -0.999236, -0.999874, -0.999859, -0.998508, -0.995729, -0.992176, -0.989015, -0.987417
-0.987417, -0.985712, -0.981543, -0.974762, -0.965623, -0.955102, -0.9449, -0.937057, -0.933359
-0.933359, -0.929561, -0.920764, -0.907511, -0.890978, -0.873171, -0.85676, -0.844574, -0.838937
-0.838937, -0.833209, -0.820166, -0.801013, -0.777802, -0.753478, -0.731569, -0.715568, -0.708235
-0.708235, -0.700824, -0.684099, -0.659875, -0.630989, -0.601201, -0.574741, -0.555615, -0.546904
-0.546904, -0.538132, -0.518448, -0.4902, -0.456889, -0.422924, -0.393057, -0.371635, -0.361921
-0.361921, -0.352167, -0.330375, -0.299326, -0.26303, -0.226357, -0.194376, -0.171583, -0.161287
-0.161287, -0.150973, -0.128016, -0.0955067, -0.0577956, -0.0200017, 0.0127121, 0.0358893, 0.0463223
0.0463223, 0.0567503, 0.0798801, 0.112443, 0.149938, 0.187219, 0.21925, 0.24181, 0.251928
0.251928, 0.262019, 0.284322, 0.315529, 0.351187, 0.386343, 0.416306, 0.437273, 0.446639
0.446639, 0.455957, 0.476467, 0.50497, 0.537249, 0.56876, 0.595359, 0.613825, 0.622035
0.622035, 0.630177, 0.648007, 0.672573, 0.700077, 0.726579, 0.748665, 0.763832, 0.77053
0.77053, 0.777144, 0.791524, 0.811091, 0.83263, 0.852978, 0.869594, 0.880807, 0.885703
0.885703, 0.890502, 0.90081, 0.914531, 0.929174, 0.942488, 0.952916, 0.95969, 0.962572
0.962572, 0.96535, 0.97114, 0.978422, 0.985536, 0.991239, 0.995029, 0.99707, 0.997815
0.997815, 0.99845, 0.999472, 1, 0.999276, 0.997123, 0.994111, 0.991331, 0.989905
0.989905, 0.988371, 0.984581, 0.978332, 0.969803, 0.959886, 0.950201, 0.942721, 0.939187
0.939187, 0.93555, 0.92711, 0.914355, 0.898389, 0.881137, 0.865199, 0.853342, 0.847852
0.847852, 0.842269, 0.829546, 0.810836, 0.788123, 0.764283, 0.74278, 0.727059, 0.719851
0.719851, 0.712564, 0.696107, 0.672251, 0.643774, 0.614377, 0.58824, 0.569334, 0.560719
0.560719, 0.552043, 0.532564, 0.504594, 0.471585, 0.437901, 0.40826, 0.386988, 0.377338
0.377338, 0.367648, 0.34599, 0.315116, 0.279001, 0.242487, 0.210624, 0.187905, 0.177639
0.177639, 0.167354, 0.144454, 0.11201, 0.0743518, 0.0365875, 0.00388018, -0.0193032, -0.0297419
-0.0297419, -0.0401773, -0.0633303, -0.0959404, -0.133513, -0.170895, -0.203032, -0.225677, -0.235837
-0.235837, -0.245971, -0.268375, -0.299741, -0.335604, -0.370986, -0.401163, -0.422291, -0.431733
-0.431733, -0.441128, -0.461814, -0.49058, -0.523181, -0.555034, -0.581946, -0.600642, -0.608958
-0.608958, -0.617207, -0.635281, -0.660202, -0.688133, -0.715079, -0.737562, -0.753019, -0.759848
-0.759848, -0.766595, -0.781275, -0.801274, -0.823326, -0.8442, -0.861282, -0.87283, -0.877878
-0.877878, -0.88283, -0.893482, -0.907694, -0.922913, -0.936812, -0.947754, -0.954895, -0.957943
-0.957943, -0.960887, -0.967049, -0.974859, -0.982588, -0.988911, -0.99324, -0.995664, -0.996581
-0.996581, -0.997389, -0.998795, -0.999866, -0.99977, -0.998244, -0.995772, -0.993375, -0.992121
-0.992121, -0.990758, -0.987348, -0.981632, -0.973716, -0.964406, -0.955241, -0.948126, -0.944755
-0.944755, -0.941281, -0.933201, -0.920947, -0.905552, -0.888862, -0.873399, -0.861875, -0.856533
-0.856533, -0.851097, -0.838697, -0.820435, -0.798227, -0.774878, -0.753787, -0.738351, -0.731268
-0.731268, -0.724106, -0.707923, -0.684442, -0.656382, -0.627383, -0.601576, -0.582896, -0.57438
-0.57438, -0.565801, -0.546534, -0.518849, -0.486151, -0.452757, -0.42335, -0.402233, -0.392652
-0.392652, -0.383027, -0.36151, -0.330819, -0.294896, -0.258551, -0.226815, -0.204176, -0.193943
-0.193943, -0.183689, -0.160851, -0.128482, -0.0908875, -0.0531633, -0.0204714, 0.0027117, 0.0131532

0.927828, 0.923882, 0.914763, 0.901059, 0.884014, 0.865704, 0.848868, 0.836385, 0.830616
0.830616, 0.824757, 0.811425, 0.791874, 0.768214, 0.743455, 0.721182, 0.704928, 0.697484
0.697484, 0.689963, 0.672997, 0.648444, 0.619192, 0.589055, 0.562307, 0.542986, 0.534188
0.534188, 0.525332, 0.505465, 0.476971, 0.443393, 0.40918, 0.379115, 0.357561, 0.34779
0.34779, 0.337982, 0.316073, 0.284871, 0.248418, 0.21161, 0.179528, 0.156674, 0.146352
0.146352, 0.136015, 0.113012, 0.0804511, 0.0427004, 0.00488862, -0.0278233, -0.0509893, -0.0614146
-0.0614146, -0.0718332, -0.0949365, -0.127448, -0.164864, -0.202044, -0.233971, -0.256447, -0.266526
-0.266526, -0.276575, -0.298779, -0.329835, -0.365298, -0.400239, -0.430001, -0.450815, -0.460111
-0.460111, -0.469356, -0.489701, -0.517958, -0.549935, -0.581126, -0.607434, -0.625687, -0.633798
-0.633798, -0.64184, -0.659445, -0.683681, -0.710789, -0.736881, -0.758599, -0.7735, -0.780076
-0.780076, -0.786566, -0.80067, -0.819838, -0.840905, -0.860769, -0.876957, -0.887862, -0.892618
-0.892618, -0.897277, -0.90727, -0.920541, -0.934655, -0.947432, -0.957391, -0.963828, -0.966559
-0.966559, -0.969184, -0.974634, -0.981433, -0.987984, -0.993122, -0.996421, -0.998112, -0.998699
-0.998699, -0.999177, -0.999849, -0.999882, -0.998588, -0.995864, -0.992359, -0.989232, -0.98765
-0.98765, -0.98596, -0.981824, -0.975091, -0.966006, -0.955539, -0.945382, -0.937572, -0.933889
-0.933889, -0.930105, -0.92134, -0.908131, -0.891648, -0.87389, -0.857522, -0.845365, -0.839741
-0.839741, -0.834026, -0.821011, -0.801897, -0.77873, -0.754449, -0.732576, -0.716599, -0.709277
-0.709277, -0.701878, -0.685177, -0.660985, -0.632135, -0.602381, -0.57595, -0.556844, -0.548141
-0.548141, -0.539377, -0.519711, -0.491488, -0.458203, -0.424263, -0.394416, -0.373007, -0.363299
-0.363299, -0.353551, -0.33177, -0.300736, -0.264456, -0.227797, -0.195825, -0.173039, -0.162746
-0.162746, -0.152434, -0.129482, -0.0969781, -0.0592713, -0.0214796, 0.011234, 0.034412, 0.0448456
0.0448456, 0.0552743, 0.0784065, 0.110974, 0.148476, 0.185767, 0.217808, 0.240375, 0.250497
0.250497, 0.260592, 0.282904, 0.314126, 0.349803, 0.384979, 0.414962, 0.435943, 0.445316
0.445316, 0.454641, 0.475167, 0.503694, 0.536002, 0.567543, 0.594171, 0.612658, 0.620877
0.620877, 0.629028, 0.646881, 0.671479, 0.699021, 0.725563, 0.747684, 0.762878, 0.769587
0.769587, 0.776212, 0.79062, 0.810225, 0.83181, 0.852205, 0.868863, 0.880106, 0.885016
0.885016, 0.889829, 0.900167, 0.913932, 0.928627, 0.941993, 0.952467, 0.959273, 0.962171
0.962171, 0.964963, 0.970786, 0.978116, 0.985284, 0.991043, 0.994881, 0.996956, 0.997716
0.997716, 0.998367, 0.999423, 0.999999, 0.999332, 0.997234, 0.99427, 0.991524, 0.990114
0.990114, 0.988595, 0.984838, 0.978637, 0.970162, 0.9603, 0.950661, 0.943213, 0.939693
0.939693, 0.936071, 0.927663, 0.914952, 0.899037, 0.881836, 0.865939, 0.854112, 0.848635
0.848635, 0.843065, 0.83037, 0.8117, 0.789032, 0.765236, 0.743769, 0.728073, 0.720876
0.720876, 0.7136, 0.697168, 0.673345, 0.644905, 0.615542, 0.589434, 0.570549, 0.561942
0.561942, 0.553275, 0.533815, 0.50587, 0.472888, 0.439229, 0.409609, 0.38835, 0.378707
0.378707, 0.369022, 0.347377, 0.316518, 0.28042, 0.243921, 0.212069, 0.189357, 0.179094
0.179094, 0.168811, 0.145916, 0.113478, 0.0758258, 0.0380647, 0.00535842, -0.0178252, -0.0282642
-0.0282642, -0.0387002, -0.0618549, -0.0944688, -0.132048, -0.169438, -0.201584, -0.224236, -0.2344
-0.2344, -0.244538, -0.266951, -0.298331, -0.334211, -0.369613, -0.399809, -0.42095, -0.430399
-0.430399, -0.439801, -0.460502, -0.489291, -0.521921, -0.553804, -0.580743, -0.59946, -0.607785
-0.607785, -0.616043, -0.634139, -0.659091, -0.68706, -0.714045, -0.736563, -0.752045, -0.758886
-0.758886, -0.765645, -0.780352, -0.800389, -0.822486, -0.843407, -0.86053, -0.872107, -0.877169
-0.877169, -0.882135, -0.892817, -0.907072, -0.922343, -0.936294, -0.947281, -0.954455, -0.957518
-0.957518, -0.960477, -0.966672, -0.974529, -0.982312, -0.988691, -0.993067, -0.995525, -0.996458
-0.996458, -0.997281, -0.998722, -0.999841, -0.999801, -0.99833, -0.995907, -0.993544, -0.992305
-0.992305, -0.990958, -0.987581, -0.981913, -0.974051, -0.964796, -0.955677, -0.948595, -0.945239
-0.945239, -0.941779, -0.933731, -0.921522, -0.906178, -0.889538, -0.874118, -0.862623, -0.857295
-0.857295, -0.851872, -0.839501, -0.821279, -0.799117, -0.775811, -0.754758, -0.739347, -0.732276
-0.732276, -0.725125, -0.708966, -0.685519, -0.657497, -0.628534, -0.602756, -0.584097, -0.575589

0.970324, 0.972796, 0.977905, 0.98422, 0.990207, 0.994778, 0.997584, 0.998927, 0.999356
0.999356, 0.999676, 0.999997, 0.999537, 0.99767, 0.994377, 0.990381, 0.986907, 0.985169
0.985169, 0.983324, 0.978844, 0.971627, 0.961988, 0.950973, 0.940348, 0.932208, 0.928378
0.928378, 0.924447, 0.915359, 0.901699, 0.884704, 0.866443, 0.849648, 0.837195, 0.831438
0.831438, 0.825592, 0.812289, 0.792776, 0.76916, 0.744443, 0.722205, 0.705976, 0.698542
0.698542, 0.691032, 0.67409, 0.649568, 0.620352, 0.590249, 0.563529, 0.544226, 0.535437
0.535437, 0.526589, 0.50674, 0.478269, 0.444717, 0.410528, 0.380483, 0.358941, 0.349176
0.349176, 0.339373, 0.317475, 0.286287, 0.24985, 0.213055, 0.180982, 0.158134, 0.147815
0.147815, 0.13748, 0.11448, 0.0819244, 0.0441772, 0.00636685, -0.0263456, -0.0495129, -0.0599391
-0.0599391, -0.0703587, -0.0934649, -0.125981, -0.163406, -0.200596, -0.232534, -0.255018, -0.265101
-0.265101, -0.275154, -0.297368, -0.328439, -0.363922, -0.398884, -0.428666, -0.449495, -0.458798
-0.458798, -0.468051, -0.488411, -0.516693, -0.5487, -0.579922, -0.606259, -0.624533, -0.632654
-0.632654, -0.640706, -0.658333, -0.682602, -0.709749, -0.735881, -0.757635, -0.772562, -0.77915
-0.77915, -0.785653, -0.799784, -0.818991, -0.840104, -0.860015, -0.876246, -0.887181, -0.891951
-0.891951, -0.896623, -0.906647, -0.919962, -0.934128, -0.946958, -0.956963, -0.963433, -0.966179
-0.966179, -0.968818, -0.974302, -0.981148, -0.987755, -0.992948, -0.996294, -0.998021, -0.998623
-0.998623, -0.999116, -0.999822, -0.999904, -0.998665, -0.995997, -0.992541, -0.989448, -0.987881
-0.987881, -0.986206, -0.982104, -0.975418, -0.966387, -0.955974, -0.945863, -0.938085, -0.934417
-0.934417, -0.930647, -0.921913, -0.908749, -0.892316, -0.874608, -0.858281, -0.846154, -0.840543
-0.840543, -0.83484, -0.821854, -0.80278, -0.779657, -0.755419, -0.733582, -0.71763, -0.710319
-0.710319, -0.70293, -0.686253, -0.662094, -0.63328, -0.603561, -0.577158, -0.558071, -0.549376
-0.549376, -0.540622, -0.520974, -0.492775, -0.459517, -0.425601, -0.395774, -0.374378, -0.364675
-0.364675, -0.354933, -0.333165, -0.302145, -0.265881, -0.229236, -0.197275, -0.174495, -0.164204
-0.164204, -0.153895, -0.130947, -0.0984493, -0.0607469, -0.0229575, 0.00975581, 0.0329346, 0.0433688
0.0433688, 0.0537983, 0.0769327, 0.109504, 0.147014, 0.184314, 0.216365, 0.23894, 0.249066
0.249066, 0.259165, 0.281486, 0.312722, 0.348418, 0.383615, 0.413616, 0.434612, 0.443992
0.443992, 0.453324, 0.473866, 0.502416, 0.534753, 0.566325, 0.592981, 0.611489, 0.619717
0.619717, 0.627878, 0.645753, 0.670383, 0.697963, 0.724545, 0.746702, 0.761921, 0.768642
0.768642, 0.77528, 0.789714, 0.809358, 0.830989, 0.851431, 0.86813, 0.879403, 0.884326
0.884326, 0.889153, 0.899523, 0.913331, 0.928077, 0.941495, 0.952016, 0.958855, 0.961767
0.961767, 0.964574, 0.970431, 0.977807, 0.98503, 0.990844, 0.99473, 0.99684, 0.997615
0.997615, 0.998281, 0.999372, 0.999996, 0.999385, 0.997343, 0.994427, 0.991715, 0.99032
0.99032, 0.988817, 0.985094, 0.97894, 0.970519, 0.960711, 0.951118, 0.943703, 0.940198
0.940198, 0.93659, 0.928214, 0.915548, 0.899683, 0.882532, 0.866678, 0.85488, 0.849416
0.849416, 0.843859, 0.831193, 0.812562, 0.789939, 0.766186, 0.744757, 0.729086, 0.7219
0.7219, 0.714635, 0.698227, 0.674437, 0.646034, 0.616707, 0.590628, 0.571762, 0.563164
0.563164, 0.554505, 0.535064, 0.507144, 0.47419, 0.440557, 0.410957, 0.389712, 0.380075
0.380075, 0.370396, 0.348763, 0.31792, 0.281839, 0.245355, 0.213514, 0.190808, 0.180548
0.180548, 0.170268, 0.147378, 0.114947, 0.0772997, 0.0395419, 0.00683664, -0.0163471, -0.0267865
-0.0267865, -0.037223, -0.0603794, -0.0929971, -0.130582, -0.167981, -0.200136, -0.222796, -0.232963
-0.232963, -0.243104, -0.265526, -0.296919, -0.332817, -0.368239, -0.398453, -0.419609, -0.429064
-0.429064, -0.438472, -0.45919, -0.488001, -0.520659, -0.552573, -0.579539, -0.598276, -0.60661
-0.60661, -0.614878, -0.632995, -0.657979, -0.685985, -0.71301, -0.735563, -0.75107, -0.757923
-0.757923, -0.764693, -0.779426, -0.799502, -0.821644, -0.842612, -0.859776, -0.871383, -0.876458
-0.876458, -0.881438, -0.89215, -0.906449, -0.921771, -0.935774, -0.946807, -0.954012, -0.95709
-0.95709, -0.960064, -0.966292, -0.974196, -0.982034, -0.988468, -0.992892, -0.995384, -0.996332
-0.996332, -0.997171, -0.998646, -0.999813, -0.999829, -0.998415, -0.996039, -0.99371, -0.992487
-0.992487, -0.991155, -0.987812, -0.982192, -0.974385, -0.965184, -0.956111, -0.949062, -0.94572

0.644286, 0.652237, 0.669634, 0.693569, 0.720315, 0.74603, 0.767413, 0.78207, 0.788535
0.788535, 0.794913, 0.808765, 0.82757, 0.848206, 0.867629, 0.883429, 0.894054, 0.898682
0.898682, 0.903213, 0.91292, 0.925782, 0.939416, 0.951707, 0.961239, 0.967373, 0.969966
0.969966, 0.972453, 0.977595, 0.983957, 0.99, 0.994626, 0.997481, 0.998857, 0.999302
0.999302, 0.999637, 0.999993, 0.99958, 0.99777, 0.994533, 0.990585, 0.987145, 0.985422
0.985422, 0.983592, 0.979145, 0.971976, 0.962391, 0.951429, 0.94085, 0.932742, 0.928927
0.928927, 0.92501, 0.915953, 0.902337, 0.885392, 0.86718, 0.850427, 0.838002, 0.832259
0.832259, 0.826425, 0.81315, 0.793676, 0.770103, 0.745429, 0.723227, 0.707022, 0.699599
0.699599, 0.6921, 0.675181, 0.650691, 0.621511, 0.591441, 0.564749, 0.545466, 0.536685
0.536685, 0.527845, 0.508013, 0.479567, 0.446041, 0.411876, 0.381849, 0.360321, 0.350561
0.350561, 0.340763, 0.318876, 0.287703, 0.251281, 0.214499, 0.182436, 0.159593, 0.149277
0.149277, 0.138944, 0.115949, 0.0833976, 0.045654, 0.00784506, -0.0248678, -0.0480364, -0.0584634
-0.0584634, -0.0688841, -0.091993, -0.124515, -0.161947, -0.199148, -0.231096, -0.253589, -0.263675
-0.263675, -0.273733, -0.295956, -0.327042, -0.362545, -0.397528, -0.42733, -0.448174, -0.457484
-0.457484, -0.466744, -0.487121, -0.515427, -0.547463, -0.578717, -0.605083, -0.623378, -0.631508
-0.631508, -0.63957, -0.657219, -0.681521, -0.708707, -0.734879, -0.756669, -0.771623, -0.778222
-0.778222, -0.784737, -0.798895, -0.818142, -0.839301, -0.85926, -0.875533, -0.886498, -0.891281
-0.891281, -0.895968, -0.906023, -0.919382, -0.933599, -0.946482, -0.956533, -0.963036, -0.965796
-0.965796, -0.968451, -0.973968, -0.980862, -0.987523, -0.992772, -0.996166, -0.997927, -0.998544
-0.998544, -0.999053, -0.999793, -0.999923, -0.99874, -0.996128, -0.99272, -0.989661, -0.988109
-0.988109, -0.98645, -0.982381, -0.975742, -0.966766, -0.956406, -0.946342, -0.938596, -0.934942
-0.934942, -0.931186, -0.922485, -0.909365, -0.892983, -0.875324, -0.859039, -0.846941, -0.841343
-0.841343, -0.835653, -0.822695, -0.80366, -0.780582, -0.756386, -0.734586, -0.718658, -0.711358
-0.711358, -0.703981, -0.687327, -0.663201, -0.634424, -0.604739, -0.578364, -0.559297, -0.550611
-0.550611, -0.541865, -0.522235, -0.494061, -0.460829, -0.426938, -0.397131, -0.375749, -0.366052
-0.366052, -0.356315, -0.334558, -0.303554, -0.267306, -0.230675, -0.198724, -0.17595, -0.165662
-0.165662, -0.155356, -0.132413, -0.0999202, -0.0622223, -0.0244354, 0.00827761, 0.0314571, 0.0418919
0.0418919, 0.0523221, 0.0754588, 0.108035, 0.145552, 0.182861, 0.214921, 0.237504, 0.247634
0.247634, 0.257737, 0.280067, 0.311318, 0.347032, 0.382249, 0.41227, 0.43328, 0.442667
0.442667, 0.452006, 0.472563, 0.501137, 0.533504, 0.565106, 0.59179, 0.610318, 0.618556
0.618556, 0.626727, 0.644623, 0.669285, 0.696904, 0.723525, 0.745717, 0.760963, 0.767696
0.767696, 0.774345, 0.788806, 0.808489, 0.830165, 0.850654, 0.867396, 0.878698, 0.883635
0.883635, 0.888476, 0.898876, 0.912728, 0.927526, 0.940996, 0.951562, 0.958434, 0.961361
0.961361, 0.964183, 0.970073, 0.977496, 0.984774, 0.990644, 0.994578, 0.996721, 0.997512
0.997512, 0.998194, 0.999318, 0.999991, 0.999435, 0.99745, 0.994581, 0.991904, 0.990524
0.990524, 0.989036, 0.985347, 0.97924, 0.970875, 0.96112, 0.951574, 0.944191, 0.9407
0.9407, 0.937107, 0.928763, 0.916142, 0.900328, 0.883226, 0.867414, 0.855646, 0.850195
0.850195, 0.844651, 0.832014, 0.813423, 0.790845, 0.767136, 0.745742, 0.730097, 0.722922
0.722922, 0.715668, 0.699284, 0.675528, 0.647161, 0.61787, 0.59182, 0.572974, 0.564385
0.564385, 0.555735, 0.536313, 0.508418, 0.475491, 0.441883, 0.412304, 0.391073, 0.381441
0.381441, 0.371768, 0.350148, 0.319321, 0.283257, 0.246787, 0.214957, 0.192259, 0.182002
0.182002, 0.171725, 0.14884, 0.116415, 0.0787735, 0.0410189, 0.00831485, -0.0148691, -0.0253088
-0.0253088, -0.0357457, -0.0589038, -0.0915251, -0.129117, -0.166524, -0.198687, -0.221354, -0.231525
-0.231525, -0.24167, -0.264101, -0.295508, -0.331423, -0.366864, -0.397097, -0.418267, -0.427728
-0.427728, -0.437143, -0.457876, -0.48671, -0.519397, -0.55134, -0.578334, -0.597091, -0.605434
-0.605434, -0.613712, -0.63185, -0.656865, -0.684909, -0.711972, -0.73456, -0.750093, -0.756958
-0.756958, -0.76374, -0.778499, -0.798613, -0.820801, -0.841815, -0.85902, -0.870657, -0.875746
-0.875746, -0.880739, -0.891481, -0.905824, -0.921197, -0.935252, -0.94633, -0.953568, -0.956661

0.0735447, 0.0839541, 0.107032, 0.139497, 0.176843, 0.213936, 0.245774, 0.268179, 0.278224
0.278224, 0.288238, 0.310359, 0.341288, 0.376589, 0.411351, 0.440945, 0.461634, 0.470871
0.470871, 0.480057, 0.500265, 0.528319, 0.560049, 0.590977, 0.617047, 0.635124, 0.643155
0.643155, 0.651115, 0.668535, 0.692503, 0.719289, 0.745045, 0.766464, 0.781148, 0.787625
0.787625, 0.794016, 0.807895, 0.826739, 0.847422, 0.866893, 0.882735, 0.893391, 0.898033
0.898033, 0.902578, 0.912316, 0.925222, 0.938908, 0.951252, 0.960831, 0.966997, 0.969605
0.969605, 0.972107, 0.977283, 0.983692, 0.98979, 0.994472, 0.997375, 0.998785, 0.999245
0.999245, 0.999596, 0.999986, 0.999622, 0.997868, 0.994686, 0.990786, 0.98738, 0.985672
0.985672, 0.983857, 0.979444, 0.972322, 0.962791, 0.951883, 0.94135, 0.933274, 0.929473
0.929473, 0.92557, 0.916545, 0.902973, 0.886078, 0.867915, 0.851204, 0.838808, 0.833078
0.833078, 0.827256, 0.814009, 0.794574, 0.771046, 0.746414, 0.724247, 0.708067, 0.700655
0.700655, 0.693166, 0.676271, 0.651813, 0.622668, 0.592633, 0.565969, 0.546704, 0.537932
0.537932, 0.5291, 0.509286, 0.480864, 0.447363, 0.413223, 0.383215, 0.361699, 0.351945
0.351945, 0.342152, 0.320277, 0.289119, 0.252711, 0.215942, 0.183889, 0.161052, 0.150738
0.150738, 0.140407, 0.117417, 0.0848706, 0.0471307, 0.00932325, -0.02339, -0.0465598, -0.0569877
-0.0569877, -0.0674093, -0.0905209, -0.123048, -0.160488, -0.197699, -0.229657, -0.252158, -0.262249
-0.262249, -0.272311, -0.294544, -0.325645, -0.361167, -0.396171, -0.425993, -0.446852, -0.456169
-0.456169, -0.465436, -0.485829, -0.514159, -0.546226, -0.577511, -0.603906, -0.622221, -0.630361
-0.630361, -0.638433, -0.656104, -0.680438, -0.707663, -0.733876, -0.755702, -0.770682, -0.777293
-0.777293, -0.78382, -0.798005, -0.817291, -0.838497, -0.858503, -0.874817, -0.885813, -0.89061
-0.89061, -0.89531, -0.905396, -0.918799, -0.933069, -0.946004, -0.9561, -0.962637, -0.965412
-0.965412, -0.968082, -0.973632, -0.980573, -0.987289, -0.992593, -0.996036, -0.99783, -0.998463
-0.998463, -0.998988, -0.999762, -0.999941, -0.998813, -0.996257, -0.992897, -0.989872, -0.988335
-0.988335, -0.986691, -0.982656, -0.976065, -0.967143, -0.956837, -0.946819, -0.939105, -0.935466
-0.935466, -0.931724, -0.923055, -0.909978, -0.893647, -0.876037, -0.859795, -0.847726, -0.842141
-0.842141, -0.836464, -0.823535, -0.804539, -0.781505, -0.757353, -0.735588, -0.719686, -0.712397
-0.712397, -0.70503, -0.6884, -0.664306, -0.635566, -0.605915, -0.57957, -0.560522, -0.551844
-0.551844, -0.543106, -0.523495, -0.495345, -0.462141, -0.428275, -0.398488, -0.377118, -0.367427
-0.367427, -0.357695, -0.335951, -0.304962, -0.26873, -0.232113, -0.200172, -0.177405, -0.16712
-0.16712, -0.156816, -0.133878, -0.101391, -0.0636976, -0.0259131, 0.00679941, 0.0299795, 0.0404149
0.0404149, 0.0508458, 0.0739847, 0.106565, 0.144089, 0.181407, 0.213477, 0.236068, 0.246202
0.246202, 0.256308, 0.278648, 0.309913, 0.345645, 0.380883, 0.410923, 0.431947, 0.441341
0.441341, 0.450687, 0.47126, 0.499858, 0.532253, 0.563886, 0.590598, 0.609147, 0.617394
0.617394, 0.625575, 0.643493, 0.668186, 0.695843, 0.722504, 0.744732, 0.760003, 0.766748
0.766748, 0.773409, 0.787896, 0.807618, 0.82934, 0.849876, 0.866659, 0.877992, 0.882942
0.882942, 0.887796, 0.898227, 0.912123, 0.926972, 0.940495, 0.951107, 0.958011, 0.960953
0.960953, 0.96379, 0.969713, 0.977183, 0.984516, 0.990441, 0.994423, 0.996601, 0.997406
0.997406, 0.998104, 0.999262, 0.999984, 0.999484, 0.997554, 0.994734, 0.992091, 0.990726
0.990726, 0.989253, 0.985598, 0.979539, 0.971228, 0.961527, 0.952027, 0.944677, 0.941201
0.941201, 0.937622, 0.92931, 0.916733, 0.90097, 0.883918, 0.868149, 0.85641, 0.850972
0.850972, 0.845442, 0.832833, 0.814282, 0.791749, 0.768083, 0.746726, 0.731106, 0.723942
0.723942, 0.7167, 0.70034, 0.676617, 0.648288, 0.619031, 0.593011, 0.574185, 0.565605
0.565605, 0.556963, 0.53756, 0.50969, 0.476791, 0.443209, 0.41365, 0.392433, 0.382808
0.382808, 0.37314, 0.351532, 0.320722, 0.284674, 0.24822, 0.216401, 0.19371, 0.183455
0.183455, 0.173181, 0.150302, 0.117883, 0.0802471, 0.0424959, 0.00979304, -0.013391, -0.023831
-0.023831, -0.0342684, -0.057428, -0.090053, -0.127651, -0.165066, -0.197238, -0.219912, -0.230087
-0.230087, -0.240235, -0.262675, -0.294095, -0.330028, -0.365489, -0.39574, -0.416924, -0.426392
-0.426392, -0.435813, -0.456561, -0.485419, -0.518133, -0.550106, -0.577127, -0.595904, -0.604257

-0.525129, -0.516215, -0.496221, -0.467557, -0.433795, -0.399412, -0.369211, -0.347567, -0.337758
-0.337758, -0.327911, -0.305923, -0.274617, -0.238059, -0.20116, -0.169012, -0.146117, -0.13578
-0.13578, -0.125427, -0.102394, -0.0698017, -0.0320282, 0.00579098, 0.038497, 0.0616519, 0.0720704
0.0720704, 0.082481, 0.105562, 0.138033, 0.175388, 0.212492, 0.244341, 0.266755, 0.276804
0.276804, 0.286822, 0.308954, 0.339898, 0.375219, 0.410003, 0.439618, 0.460322, 0.469566
0.469566, 0.47876, 0.498984, 0.527064, 0.558823, 0.589784, 0.615883, 0.633982, 0.642022
0.642022, 0.649993, 0.667435, 0.691436, 0.718261, 0.744058, 0.765514, 0.780224, 0.786713
0.786713, 0.793116, 0.807023, 0.825907, 0.846637, 0.866155, 0.882039, 0.892725, 0.897382
0.897382, 0.90194, 0.911709, 0.92466, 0.938399, 0.950795, 0.96042, 0.96662, 0.969242
0.969242, 0.971759, 0.976969, 0.983425, 0.989579, 0.994316, 0.997266, 0.998711, 0.999187
0.999187, 0.999553, 0.999978, 0.999662, 0.997963, 0.994837, 0.990985, 0.987613, 0.985921
0.985921, 0.984121, 0.979742, 0.972667, 0.96319, 0.952335, 0.941847, 0.933804, 0.930017
0.930017, 0.926129, 0.917136, 0.903608, 0.886762, 0.868649, 0.851979, 0.839612, 0.833894
0.833894, 0.828086, 0.814867, 0.795471, 0.771986, 0.747397, 0.725265, 0.70911, 0.701709
0.701709, 0.694231, 0.677359, 0.652934, 0.623824, 0.593823, 0.567187, 0.547942, 0.539177
0.539177, 0.530354, 0.510558, 0.482159, 0.448685, 0.414568, 0.38458, 0.363077, 0.353328
0.353328, 0.343541, 0.321677, 0.290534, 0.254141, 0.217385, 0.185342, 0.162511, 0.152199
0.152199, 0.141871, 0.118885, 0.0863435, 0.0486072, 0.0108014, -0.0219121, -0.0450831, -0.0555117
-0.0555117, -0.0659343, -0.0890486, -0.121581, -0.159029, -0.19625, -0.228218, -0.250728, -0.260822
-0.260822, -0.270888, -0.293131, -0.324247, -0.359788, -0.394814, -0.424655, -0.445529, -0.454853
-0.454853, -0.464127, -0.484537, -0.512891, -0.544987, -0.576304, -0.602727, -0.621063, -0.629213
-0.629213, -0.637294, -0.654988, -0.679354, -0.706618, -0.732871, -0.754733, -0.769739, -0.776362
-0.776362, -0.782901, -0.797114, -0.816438, -0.83769, -0.857744, -0.8741, -0.885126, -0.889937
-0.889937, -0.894651, -0.904767, -0.918215, -0.932536, -0.945523, -0.955666, -0.962235, -0.965025
-0.965025, -0.96771, -0.973294, -0.980282, -0.987053, -0.992413, -0.995903, -0.997732, -0.99838
-0.99838, -0.99892, -0.999729, -0.999956, -0.998884, -0.996384, -0.993071, -0.99008, -0.988559
-0.988559, -0.98693, -0.982929, -0.976385, -0.967518, -0.957266, -0.947293, -0.939612, -0.935987
-0.935987, -0.93226, -0.923622, -0.91059, -0.89431, -0.876749, -0.860548, -0.848509, -0.842937
-0.842937, -0.837273, -0.824372, -0.805416, -0.782426, -0.758317, -0.736588, -0.720711, -0.713433
-0.713433, -0.706078, -0.689472, -0.665411, -0.636706, -0.607091, -0.580774, -0.561746, -0.553076
-0.553076, -0.544347, -0.524754, -0.496629, -0.463451, -0.42961, -0.399843, -0.378487, -0.368801
-0.368801, -0.359076, -0.337343, -0.30637, -0.270153, -0.233551, -0.201621, -0.17886, -0.168577
-0.168577, -0.158275, -0.135343, -0.102862, -0.0651728, -0.0273909, 0.00532118, 0.0285019, 0.0389378
0.0389378, 0.0493694, 0.0725104, 0.105095, 0.142626, 0.179953, 0.212033, 0.234631, 0.244769
0.244769, 0.254879, 0.277228, 0.308507, 0.344257, 0.379515, 0.409575, 0.430614, 0.440014
0.440014, 0.449367, 0.469956, 0.498577, 0.531001, 0.562665, 0.589404, 0.607974, 0.616231
0.616231, 0.624421, 0.64236, 0.667085, 0.69478, 0.721481, 0.743744, 0.759041, 0.765798
0.765798, 0.772471, 0.786985, 0.806745, 0.828513, 0.849096, 0.865921, 0.877283, 0.882247
0.882247, 0.887115, 0.897576, 0.911516, 0.926417, 0.939992, 0.950649, 0.957586, 0.960543
0.960543, 0.963395, 0.969351, 0.976868, 0.984256, 0.990236, 0.994266, 0.996478, 0.997299
0.997299, 0.998012, 0.999205, 0.999974, 0.99953, 0.997656, 0.994885, 0.992275, 0.990926
0.990926, 0.989468, 0.985847, 0.979835, 0.971579, 0.961932, 0.952478, 0.945161, 0.941699
0.941699, 0.938135, 0.929855, 0.917323, 0.90161, 0.884608, 0.868881, 0.857172, 0.851748
0.851748, 0.84623, 0.833651, 0.815139, 0.792651, 0.769029, 0.747709, 0.732114, 0.724961
0.724961, 0.71773, 0.701394, 0.677705, 0.649413, 0.620192, 0.594201, 0.575395, 0.566824
0.566824, 0.55819, 0.538806, 0.510962, 0.47809, 0.444534, 0.414996, 0.393792, 0.384173
0.384173, 0.374511, 0.352915, 0.322122, 0.286091, 0.249651, 0.217844, 0.19516, 0.184908
0.184908, 0.174636, 0.151763, 0.119351, 0.0817205, 0.0439728, 0.0112712, -0.0119128, -0.0223531

-0.924356, -0.920322, -0.911007, -0.89703, -0.879675, -0.861062, -0.843968, -0.831306, -0.825457
-0.825457, -0.819518, -0.806013, -0.786221, -0.762291, -0.73727, -0.714777, -0.698372, -0.690861
-0.690861, -0.683274, -0.666163, -0.641412, -0.611941, -0.581594, -0.554675, -0.535236, -0.526387
-0.526387, -0.51748, -0.497504, -0.468863, -0.435126, -0.400767, -0.370585, -0.348953, -0.339149
-0.339149, -0.329308, -0.30733, -0.276039, -0.239495, -0.202608, -0.170468, -0.147579, -0.137244
-0.137244, -0.126894, -0.103865, -0.0712762, -0.0335057, 0.00431275, 0.0370198, 0.0601764, 0.0705959
0.0705959, 0.0810077, 0.104092, 0.136568, 0.173932, 0.211047, 0.242907, 0.26533, 0.275383
0.275383, 0.285406, 0.307547, 0.338507, 0.373848, 0.408655, 0.43829, 0.459009, 0.468261
0.468261, 0.477461, 0.497702, 0.525807, 0.557597, 0.588589, 0.614718, 0.632838, 0.640888
0.640888, 0.648869, 0.666334, 0.690367, 0.717232, 0.74307, 0.764562, 0.779299, 0.7858
0.7858, 0.792215, 0.806149, 0.825072, 0.845849, 0.865416, 0.881342, 0.892058, 0.896728
0.896728, 0.901301, 0.911101, 0.924096, 0.937887, 0.950336, 0.960007, 0.96624, 0.968877
0.968877, 0.971409, 0.976652, 0.983156, 0.989365, 0.994157, 0.997156, 0.998635, 0.999126
0.999126, 0.999508, 0.999967, 0.999699, 0.998056, 0.994986, 0.991182, 0.987844, 0.986167
0.986167, 0.984382, 0.980036, 0.973009, 0.963586, 0.952785, 0.942343, 0.934332, 0.930559
0.930559, 0.926686, 0.917724, 0.90424, 0.887445, 0.86938, 0.852752, 0.840414, 0.834709
0.834709, 0.828914, 0.815723, 0.796366, 0.772925, 0.748378, 0.726282, 0.710151, 0.702761
0.702761, 0.695294, 0.678446, 0.654052, 0.624979, 0.595011, 0.568404, 0.549178, 0.540421
0.540421, 0.531606, 0.511828, 0.483454, 0.450005, 0.415913, 0.385944, 0.364454, 0.354711
0.354711, 0.344929, 0.323076, 0.291948, 0.255571, 0.218828, 0.186794, 0.163969, 0.15366
0.15366, 0.143334, 0.120352, 0.0878161, 0.0500837, 0.0122796, -0.0204342, -0.0436063, -0.0540357
-0.0540357, -0.0644592, -0.0875761, -0.120113, -0.157569, -0.1948, -0.226779, -0.249296, -0.259395
-0.259395, -0.269465, -0.291717, -0.322848, -0.358408, -0.393455, -0.423316, -0.444205, -0.453536
-0.453536, -0.462817, -0.483243, -0.511621, -0.543747, -0.575095, -0.601546, -0.619904, -0.628063
-0.628063, -0.636155, -0.65387, -0.678269, -0.705571, -0.731864, -0.753763, -0.768794, -0.77543
-0.77543, -0.781981, -0.79622, -0.815584, -0.836882, -0.856983, -0.873381, -0.884437, -0.889262
-0.889262, -0.893989, -0.904137, -0.917628, -0.932001, -0.945041, -0.95523, -0.961832, -0.964637
-0.964637, -0.967336, -0.972953, -0.979989, -0.986815, -0.99223, -0.995768, -0.997631, -0.998295
-0.998295, -0.99885, -0.999693, -0.999968, -0.998953, -0.996508, -0.993244, -0.990287, -0.988781
-0.988781, -0.987168, -0.9832, -0.976704, -0.96789, -0.957692, -0.947766, -0.940117, -0.936506
-0.936506, -0.932794, -0.924188, -0.9112, -0.89497, -0.877459, -0.861301, -0.84929, -0.843731
-0.843731, -0.838081, -0.825208, -0.806291, -0.783346, -0.75928, -0.737587, -0.721735, -0.714468
-0.714468, -0.707124, -0.690542, -0.666513, -0.637845, -0.608265, -0.581976, -0.562968, -0.554307
-0.554307, -0.545586, -0.526012, -0.497911, -0.46476, -0.430945, -0.401197, -0.379855, -0.370175
-0.370175, -0.360455, -0.338734, -0.307777, -0.271576, -0.234988, -0.203068, -0.180314, -0.170034
-0.170034, -0.159735, -0.136807, -0.104332, -0.0666478, -0.0288685, 0.00384295, 0.0270242, 0.0374606
0.0374606, 0.0478929, 0.0710359, 0.103625, 0.141163, 0.178499, 0.210588, 0.233194, 0.243335
0.243335, 0.25345, 0.275807, 0.3071, 0.342869, 0.378147, 0.408226, 0.429279, 0.438686
0.438686, 0.448046, 0.46865, 0.497295, 0.529747, 0.561442, 0.588209, 0.606799, 0.615066
0.615066, 0.623265, 0.641227, 0.665983, 0.693716, 0.720457, 0.742755, 0.758078, 0.764846
0.764846, 0.771531, 0.786072, 0.805871, 0.827685, 0.848315, 0.86518, 0.876573, 0.88155
0.88155, 0.886432, 0.896924, 0.910907, 0.925859, 0.939486, 0.950189, 0.957159, 0.960131
0.960131, 0.962997, 0.968986, 0.976551, 0.983994, 0.990029, 0.994107, 0.996353, 0.997189
0.997189, 0.997917, 0.999145, 0.999963, 0.999574, 0.997756, 0.995033, 0.992458, 0.991123
0.991123, 0.989681, 0.986094, 0.98013, 0.971928, 0.962335, 0.952928, 0.945643, 0.942195
0.942195, 0.938645, 0.930398, 0.91791, 0.902249, 0.885297, 0.869612, 0.857932, 0.852521
0.852521, 0.847017, 0.834466, 0.815995, 0.793551, 0.769973, 0.74869, 0.73312, 0.725979
0.725979, 0.718758, 0.702447, 0.678791, 0.650536, 0.621351, 0.595389, 0.576603, 0.568041

-0.972508, -0.974887, -0.979787, -0.985806, -0.99145, -0.995675, -0.998181, -0.999311, -0.999644
-0.999644, -0.999868, -0.999976, -0.999214, -0.997, -0.993361, -0.989066, -0.985381, -0.983549
-0.983549, -0.981609, -0.97692, -0.96941, -0.959435, -0.948087, -0.937178, -0.928839, -0.924919
-0.924919, -0.920899, -0.911615, -0.897682, -0.880377, -0.861812, -0.84476, -0.832127, -0.826291
-0.826291, -0.820365, -0.806887, -0.787134, -0.763247, -0.738268, -0.71581, -0.699429, -0.691929
-0.691929, -0.684352, -0.667265, -0.642545, -0.613109, -0.582796, -0.555904, -0.536484, -0.527643
-0.527643, -0.518744, -0.498786, -0.470168, -0.436457, -0.402121, -0.371957, -0.350338, -0.340539
-0.340539, -0.330703, -0.308736, -0.277459, -0.24093, -0.204056, -0.171925, -0.149041, -0.138708
-0.138708, -0.12836, -0.105335, -0.0727506, -0.0349831, 0.00283451, 0.0355425, 0.0587008, 0.0691213
0.0691213, 0.0795342, 0.102622, 0.135104, 0.172476, 0.209602, 0.241473, 0.263904, 0.273962
0.273962, 0.283989, 0.30614, 0.337116, 0.372477, 0.407305, 0.43696, 0.457695, 0.466954
0.466954, 0.476162, 0.49642, 0.524549, 0.556369, 0.587394, 0.613551, 0.631693, 0.639753
0.639753, 0.647743, 0.665231, 0.689297, 0.716201, 0.74208, 0.763608, 0.778372, 0.784885
0.784885, 0.791312, 0.805273, 0.824236, 0.84506, 0.864674, 0.880643, 0.891389, 0.896073
0.896073, 0.90066, 0.910491, 0.92353, 0.937373, 0.949875, 0.959592, 0.965858, 0.96851
0.96851, 0.971057, 0.976333, 0.982885, 0.989148, 0.993997, 0.997044, 0.998557, 0.999063
0.999063, 0.999461, 0.999953, 0.999734, 0.998147, 0.995133, 0.991377, 0.988072, 0.986411
0.986411, 0.984641, 0.980329, 0.973349, 0.96398, 0.953233, 0.942837, 0.934858, 0.9311
0.9311, 0.92724, 0.91831, 0.90487, 0.888125, 0.87011, 0.853523, 0.841214, 0.835522
0.835522, 0.82974, 0.816577, 0.797259, 0.773862, 0.749358, 0.727297, 0.711191, 0.703812
0.703812, 0.696356, 0.679531, 0.65517, 0.626132, 0.596199, 0.569619, 0.550412, 0.541665
0.541665, 0.532858, 0.513098, 0.484747, 0.451325, 0.417257, 0.387307, 0.36583, 0.356092
0.356092, 0.346316, 0.324475, 0.293361, 0.257, 0.22027, 0.188246, 0.165427, 0.155121
0.155121, 0.144797, 0.12182, 0.0892885, 0.05156, 0.0137577, -0.0189562, -0.0421294, -0.0525596
-0.0525596, -0.0629839, -0.0861035, -0.118646, -0.156109, -0.19335, -0.225339, -0.247864, -0.257967
-0.257967, -0.268041, -0.290303, -0.321449, -0.357028, -0.392096, -0.421976, -0.44288, -0.452218
-0.452218, -0.461506, -0.481948, -0.510351, -0.542506, -0.573885, -0.600365, -0.618743, -0.626912
-0.626912, -0.635013, -0.652751, -0.677182, -0.704523, -0.730856, -0.75279, -0.767848, -0.774495
-0.774495, -0.781058, -0.795325, -0.814727, -0.836072, -0.85622, -0.87266, -0.883746, -0.888585
-0.888585, -0.893326, -0.903504, -0.91704, -0.931464, -0.944557, -0.954791, -0.961426, -0.964246
-0.964246, -0.966961, -0.972611, -0.979693, -0.986575, -0.992045, -0.995632, -0.997528, -0.998208
-0.998208, -0.998778, -0.999655, -0.999979, -0.999019, -0.996631, -0.993415, -0.990491, -0.989001
-0.989001, -0.987403, -0.983469, -0.97702, -0.968261, -0.958116, -0.948236, -0.94062, -0.937024
-0.937024, -0.933326, -0.924752, -0.911808, -0.895629, -0.878167, -0.862051, -0.85007, -0.844524
-0.844524, -0.838886, -0.826042, -0.807165, -0.784264, -0.760241, -0.738585, -0.722758, -0.715502
-0.715502, -0.708168, -0.69161, -0.667615, -0.638983, -0.609437, -0.583178, -0.564189, -0.555537
-0.555537, -0.546825, -0.527268, -0.499193, -0.466069, -0.432278, -0.402551, -0.381222, -0.371548
-0.371548, -0.361833, -0.340124, -0.309183, -0.272999, -0.236424, -0.204515, -0.181768, -0.17149
-0.17149, -0.161194, -0.138271, -0.105802, -0.0681227, -0.0303461, 0.0023647, 0.0255465, 0.0359834
0.0359834, 0.0464163, 0.0695613, 0.102155, 0.139699, 0.177044, 0.209143, 0.231756, 0.241901
0.241901, 0.252019, 0.274386, 0.305693, 0.34148, 0.376778, 0.406876, 0.427943, 0.437357
0.437357, 0.446723, 0.467344, 0.496012, 0.528493, 0.560218, 0.587013, 0.605624, 0.6139
0.6139, 0.622109, 0.640092, 0.66488, 0.692651, 0.719431, 0.741765, 0.757113, 0.763893
0.763893, 0.77059, 0.785158, 0.804995, 0.826854, 0.847531, 0.864438, 0.87586, 0.880851
0.880851, 0.885746, 0.896269, 0.910296, 0.925299, 0.938979, 0.949728, 0.95673, 0.959716
0.959716, 0.962598, 0.96862, 0.976232, 0.983729, 0.989819, 0.993945, 0.996225, 0.997077
0.997077, 0.997821, 0.999082, 0.999949, 0.999617, 0.997854, 0.995179, 0.992638, 0.991319
0.991319, 0.989892, 0.986338, 0.980422, 0.972274, 0.962736, 0.953375, 0.946122, 0.94269

-0.651296, -0.659184, -0.676439, -0.700168, -0.726667, -0.752126, -0.77328, -0.787771, -0.79416
-0.79416, -0.800462, -0.814142, -0.8327, -0.853044, -0.872167, -0.887703, -0.898138, -0.90268
-0.90268, -0.907124, -0.916637, -0.929221, -0.94253, -0.954491, -0.963736, -0.969663, -0.972163
-0.972163, -0.974556, -0.979491, -0.985557, -0.991256, -0.995537, -0.998091, -0.999255, -0.999603
-0.999603, -0.999843, -0.999985, -0.999272, -0.997114, -0.99353, -0.989283, -0.985632, -0.983815
-0.983815, -0.98189, -0.977234, -0.969772, -0.95985, -0.948556, -0.937692, -0.929385, -0.92548
-0.92548, -0.921475, -0.912222, -0.898333, -0.881077, -0.862561, -0.84555, -0.832946, -0.827123
-0.827123, -0.821209, -0.80776, -0.788045, -0.764201, -0.739264, -0.716841, -0.700485, -0.692995
-0.692995, -0.685429, -0.668365, -0.643677, -0.614276, -0.583997, -0.557132, -0.537731, -0.528898
-0.528898, -0.520008, -0.500066, -0.471473, -0.437786, -0.403474, -0.373329, -0.351722, -0.341929
-0.341929, -0.332098, -0.310142, -0.278879, -0.242364, -0.205502, -0.173381, -0.150503, -0.140172
-0.140172, -0.129826, -0.106805, -0.0742249, -0.0364604, 0.00135626, 0.0340652, 0.057225, 0.0676465
0.0676465, 0.0780606, 0.101151, 0.133639, 0.17102, 0.208156, 0.240038, 0.262478, 0.27254
0.27254, 0.282571, 0.304733, 0.335724, 0.371105, 0.405954, 0.43563, 0.45638, 0.465646
0.465646, 0.474862, 0.495136, 0.52329, 0.55514, 0.586197, 0.612383, 0.630546, 0.638616
0.638616, 0.646616, 0.664126, 0.688225, 0.715168, 0.741088, 0.762653, 0.777443, 0.783968
0.783968, 0.790407, 0.804396, 0.823398, 0.844268, 0.863931, 0.879941, 0.890718, 0.895416
0.895416, 0.900016, 0.909879, 0.922962, 0.936857, 0.949411, 0.959175, 0.965474, 0.968141
0.968141, 0.970703, 0.976013, 0.982612, 0.98893, 0.993834, 0.996929, 0.998476, 0.998998
0.998998, 0.999411, 0.999938, 0.999767, 0.998236, 0.995277, 0.991569, 0.988299, 0.986652
0.986652, 0.984898, 0.98062, 0.973687, 0.964373, 0.953679, 0.943328, 0.935382, 0.931638
0.931638, 0.927793, 0.918894, 0.905498, 0.888804, 0.870837, 0.854292, 0.842012, 0.836334
0.836334, 0.830564, 0.81743, 0.798151, 0.774797, 0.750336, 0.728311, 0.71223, 0.704861
0.704861, 0.697416, 0.680615, 0.656286, 0.627284, 0.597385, 0.570834, 0.551646, 0.542907
0.542907, 0.534108, 0.514366, 0.48604, 0.452644, 0.4186, 0.38867, 0.367206, 0.357473
0.357473, 0.347702, 0.325873, 0.294774, 0.258428, 0.221712, 0.189698, 0.166885, 0.156581
0.156581, 0.146259, 0.123287, 0.0907608, 0.0530362, 0.0152358, -0.0174782, -0.0406525, -0.0510833
-0.0510833, -0.0615086, -0.0846306, -0.117178, -0.154649, -0.191899, -0.223898, -0.246432, -0.256538
-0.256538, -0.266617, -0.288888, -0.320049, -0.355646, -0.390735, -0.420636, -0.441554, -0.450899
-0.450899, -0.460194, -0.480652, -0.509079, -0.541263, -0.572674, -0.599182, -0.617581, -0.62576
-0.62576, -0.633871, -0.65163, -0.676093, -0.703473, -0.729846, -0.751816, -0.7669, -0.77356
-0.77356, -0.780134, -0.794428, -0.813869, -0.83526, -0.855456, -0.871938, -0.883054, -0.887906
-0.887906, -0.892661, -0.90287, -0.916449, -0.930925, -0.94407, -0.954351, -0.961019, -0.963853
-0.963853, -0.966583, -0.972266, -0.979396, -0.986332, -0.991858, -0.995492, -0.997424, -0.998118
-0.998118, -0.998704, -0.999616, -0.999988, -0.999084, -0.996751, -0.993583, -0.990694, -0.989218
-0.989218, -0.987635, -0.983736, -0.977334, -0.968629, -0.958539, -0.948705, -0.94112, -0.937539
-0.937539, -0.933855, -0.925313, -0.912414, -0.896285, -0.878874, -0.862799, -0.850847, -0.845315
-0.845315, -0.83969, -0.826875, -0.808037, -0.78518, -0.761201, -0.73958, -0.723778, -0.716534
-0.716534, -0.709211, -0.692677, -0.668715, -0.640119, -0.610609, -0.584378, -0.565409, -0.556766
-0.556766, -0.548062, -0.528524, -0.500473, -0.467376, -0.433611, -0.403904, -0.382588, -0.37292
-0.37292, -0.363211, -0.341514, -0.310588, -0.274421, -0.23786, -0.205962, -0.183221, -0.172946
-0.172946, -0.162653, -0.139735, -0.107272, -0.0695975, -0.0318237, 0.000886455, 0.0240687, 0.034506
0.034506, 0.0449396, 0.0680866, 0.100684, 0.138235, 0.175589, 0.207697, 0.230318, 0.240466
0.240466, 0.250588, 0.272964, 0.304285, 0.34009, 0.375409, 0.405525, 0.426607, 0.436027
0.436027, 0.4454, 0.466037, 0.494728, 0.527238, 0.558993, 0.585816, 0.604447, 0.612732
0.612732, 0.620951, 0.638955, 0.663775, 0.691584, 0.718403, 0.740773, 0.756147, 0.762938
0.762938, 0.769647, 0.784241, 0.804117, 0.826022, 0.846745, 0.863694, 0.875146, 0.880151
0.880151, 0.885059, 0.895612, 0.909684, 0.924738, 0.938469, 0.949264, 0.956299, 0.9593

-0.082718, -0.0931194, -0.116176, -0.148602, -0.185892, -0.222915, -0.254683, -0.277032, -0.28705
-0.28705, -0.297037, -0.319093, -0.349922, -0.385097, -0.41972, -0.449185, -0.469776, -0.478968
-0.478968, -0.488108, -0.508211, -0.536109, -0.567648, -0.598374, -0.624262, -0.642204, -0.650173
-0.650173, -0.658071, -0.67535, -0.699112, -0.72565, -0.751151, -0.772342, -0.78686, -0.793261
-0.793261, -0.799575, -0.813283, -0.831881, -0.852272, -0.871443, -0.887021, -0.897487, -0.902043
-0.902043, -0.906501, -0.916045, -0.928674, -0.942035, -0.954049, -0.96334, -0.969301, -0.971815
-0.971815, -0.974224, -0.979192, -0.985306, -0.99106, -0.995396, -0.997999, -0.999196, -0.99956
-0.99956, -0.999816, -0.999992, -0.999327, -0.997225, -0.993696, -0.989498, -0.985881, -0.984079
-0.984079, -0.982169, -0.977547, -0.970131, -0.960264, -0.949023, -0.938205, -0.92993, -0.926039
-0.926039, -0.922048, -0.912827, -0.898981, -0.881776, -0.863308, -0.846339, -0.833763, -0.827952
-0.827952, -0.822052, -0.80863, -0.788954, -0.765154, -0.740259, -0.717871, -0.701539, -0.69406
-0.69406, -0.686505, -0.669464, -0.644808, -0.615442, -0.585196, -0.558359, -0.538977, -0.530152
-0.530152, -0.52127, -0.501346, -0.472776, -0.439115, -0.404826, -0.3747, -0.353106, -0.343317
-0.343317, -0.333492, -0.311547, -0.280298, -0.243798, -0.206949, -0.174837, -0.151964, -0.141636
-0.141636, -0.131291, -0.108274, -0.075699, -0.0379376, -0.000121991, 0.0325877, 0.0557491, 0.0661716
0.0661716, 0.0765867, 0.0996806, 0.132174, 0.169563, 0.20671, 0.238603, 0.261052, 0.271117
0.271117, 0.281153, 0.303325, 0.334331, 0.369731, 0.404603, 0.434299, 0.455065, 0.464338
0.464338, 0.47356, 0.493851, 0.522029, 0.55391, 0.584998, 0.611214, 0.629398, 0.637478
0.637478, 0.645488, 0.66302, 0.687152, 0.714134, 0.740095, 0.761696, 0.776512, 0.783049
0.783049, 0.789501, 0.803517, 0.822558, 0.843475, 0.863185, 0.879238, 0.890045, 0.894757
0.894757, 0.899371, 0.909264, 0.922392, 0.936339, 0.948946, 0.958756, 0.965088, 0.96777
0.96777, 0.970347, 0.97569, 0.982336, 0.98871, 0.993669, 0.996812, 0.998394, 0.998931
0.998931, 0.999359, 0.99992, 0.999798, 0.998323, 0.99542, 0.99176, 0.988523, 0.986892
0.986892, 0.985153, 0.980909, 0.974023, 0.964763, 0.954122, 0.943818, 0.935903, 0.932174
0.932174, 0.928343, 0.919476, 0.906125, 0.88948, 0.871563, 0.85506, 0.842809, 0.837143
0.837143, 0.831386, 0.81828, 0.79904, 0.775731, 0.751312, 0.729323, 0.713267, 0.705909
0.705909, 0.698475, 0.681697, 0.657401, 0.628435, 0.59857, 0.572047, 0.552878, 0.544148
0.544148, 0.535357, 0.515633, 0.487331, 0.453961, 0.419942, 0.390032, 0.36858, 0.358854
0.358854, 0.349088, 0.32727, 0.296186, 0.259856, 0.223153, 0.191149, 0.168342, 0.158041
0.158041, 0.147722, 0.124754, 0.0922328, 0.0545123, 0.0167139, -0.0160002, -0.0391754, -0.0496069
-0.0496069, -0.060033, -0.0831576, -0.115709, -0.153188, -0.190448, -0.222457, -0.244999, -0.255109
-0.255109, -0.265191, -0.287473, -0.318648, -0.354264, -0.389374, -0.419294, -0.440228, -0.449579
-0.449579, -0.458881, -0.479356, -0.507806, -0.54002, -0.571461, -0.597998, -0.616418, -0.624606
-0.624606, -0.632727, -0.650508, -0.675003, -0.702422, -0.728835, -0.750841, -0.765951, -0.772622
-0.772622, -0.779209, -0.793529, -0.81301, -0.834446, -0.854689, -0.871213, -0.882359, -0.887225
-0.887225, -0.891993, -0.902233, -0.915856, -0.930385, -0.943582, -0.953908, -0.960609, -0.963458
-0.963458, -0.966203, -0.971919, -0.979096, -0.986087, -0.991668, -0.995351, -0.997316, -0.998026
-0.998026, -0.998628, -0.999573, -0.999994, -0.999146, -0.996869, -0.993749, -0.990894, -0.989434
-0.989434, -0.987866, -0.984, -0.977646, -0.968995, -0.958959, -0.949171, -0.941619, -0.938052
-0.938052, -0.934383, -0.925873, -0.913018, -0.89694, -0.879578, -0.863545, -0.851623, -0.846103
-0.846103, -0.840492, -0.827705, -0.808907, -0.786095, -0.762158, -0.740575, -0.724798, -0.717564
-0.717564, -0.710252, -0.693742, -0.669813, -0.641254, -0.611779, -0.585577, -0.566628, -0.557993
-0.557993, -0.549298, -0.529778, -0.501752, -0.468682, -0.434942, -0.405256, -0.383953, -0.374291
-0.374291, -0.364588, -0.342903, -0.311993, -0.275842, -0.239296, -0.207409, -0.184674, -0.174402
-0.174402, -0.164111, -0.141199, -0.108741, -0.0710721, -0.0333011, -0.000591796, 0.0225908, 0.0330286
0.0330286, 0.0434628, 0.0666117, 0.0992131, 0.136771, 0.174134, 0.206251, 0.228879, 0.239031
0.239031, 0.249157, 0.271542, 0.302877, 0.3387, 0.374038, 0.404173, 0.425269, 0.434697
0.434697, 0.444076, 0.464728, 0.493442, 0.525981, 0.557767, 0.584617, 0.603268, 0.611563

0.517277, 0.508312, 0.488211, 0.459404, 0.425486, 0.39096, 0.360644, 0.338925, 0.329083
0.329083, 0.319205, 0.297149, 0.265758, 0.229112, 0.192139, 0.159936, 0.137009, 0.126658
0.126658, 0.116293, 0.0932369, 0.0606199, 0.0228303, -0.0149919, -0.0476898, -0.0708331, -0.0812447
-0.0812447, -0.0916474, -0.114708, -0.14714, -0.184439, -0.221474, -0.253253, -0.275612, -0.285634
-0.285634, -0.295625, -0.317692, -0.348537, -0.383732, -0.418378, -0.447864, -0.468471, -0.47767
-0.47767, -0.486818, -0.506937, -0.534861, -0.56643, -0.597189, -0.623106, -0.641071, -0.64905
-0.64905, -0.656958, -0.674259, -0.698054, -0.724633, -0.750174, -0.771402, -0.785947, -0.79236
-0.79236, -0.798687, -0.812422, -0.831059, -0.851497, -0.870717, -0.886337, -0.896834, -0.901404
-0.901404, -0.905876, -0.915451, -0.928125, -0.941538, -0.953605, -0.962943, -0.968936, -0.971466
-0.971466, -0.973889, -0.978891, -0.985052, -0.990862, -0.995254, -0.997904, -0.999136, -0.999516
-0.999516, -0.999786, -0.999997, -0.99938, -0.997334, -0.993861, -0.98971, -0.986127, -0.98434
-0.98434, -0.982446, -0.977857, -0.970489, -0.960676, -0.949488, -0.938716, -0.930472, -0.926596
-0.926596, -0.922619, -0.913429, -0.899628, -0.882472, -0.864053, -0.847125, -0.834578, -0.828781
-0.828781, -0.822893, -0.809499, -0.789861, -0.766105, -0.741252, -0.7189, -0.702592, -0.695123
-0.695123, -0.687579, -0.670561, -0.645937, -0.616607, -0.586394, -0.559585, -0.540221, -0.531405
-0.531405, -0.522531, -0.502624, -0.474078, -0.440443, -0.406177, -0.37607, -0.354488, -0.344705
-0.344705, -0.334885, -0.312951, -0.281717, -0.245231, -0.208395, -0.176292, -0.153425, -0.143099
-0.143099, -0.132757, -0.109744, -0.0771729, -0.0394148, -0.00160024, 0.0311102, 0.0542731, 0.0646965
0.0646965, 0.0751128, 0.0982096, 0.130709, 0.168106, 0.205264, 0.237167, 0.259624, 0.269694
0.269694, 0.279734, 0.301916, 0.332937, 0.368358, 0.403251, 0.432967, 0.453748, 0.463028
0.463028, 0.472258, 0.492565, 0.520768, 0.552679, 0.583799, 0.610043, 0.628248, 0.636338
0.636338, 0.644358, 0.661913, 0.686077, 0.713099, 0.7391, 0.760737, 0.77558, 0.782129
0.782129, 0.788593, 0.802636, 0.821717, 0.84268, 0.862438, 0.878533, 0.889371, 0.894096
0.894096, 0.898724, 0.908648, 0.92182, 0.935819, 0.948479, 0.958335, 0.964699, 0.967397
0.967397, 0.969989, 0.975365, 0.982058, 0.988487, 0.993502, 0.996693, 0.998309, 0.998862
0.998862, 0.999305, 0.999901, 0.999827, 0.998407, 0.99556, 0.991948, 0.988746, 0.98713
0.98713, 0.985406, 0.981195, 0.974356, 0.96515, 0.954564, 0.944305, 0.936423, 0.932708
0.932708, 0.928892, 0.920056, 0.906749, 0.890155, 0.872287, 0.855825, 0.843604, 0.837951
0.837951, 0.832207, 0.819129, 0.799928, 0.776663, 0.752287, 0.730334, 0.714302, 0.706956
0.706956, 0.699532, 0.682778, 0.658514, 0.629584, 0.599753, 0.573259, 0.554109, 0.545387
0.545387, 0.536605, 0.516899, 0.488621, 0.455278, 0.421283, 0.391392, 0.369954, 0.360233
0.360233, 0.350473, 0.328666, 0.297598, 0.261283, 0.224594, 0.1926, 0.169799, 0.1595
0.1595, 0.149183, 0.12622, 0.0937047, 0.0559883, 0.0181919, -0.0145221, -0.0376982, -0.0481304
-0.0481304, -0.0585574, -0.0816844, -0.114241, -0.151727, -0.188997, -0.221016, -0.243566, -0.25368
-0.25368, -0.263766, -0.286056, -0.317246, -0.352882, -0.388012, -0.417952, -0.4389, -0.448258
-0.448258, -0.457567, -0.478058, -0.506532, -0.538775, -0.570247, -0.596812, -0.615253, -0.623451
-0.623451, -0.631581, -0.649385, -0.673912, -0.701369, -0.727822, -0.749864, -0.764999, -0.771683
-0.771683, -0.778281, -0.792629, -0.812148, -0.833631, -0.853921, -0.870486, -0.881663, -0.886542
-0.886542, -0.891324, -0.901595, -0.915262, -0.929842, -0.943091, -0.953464, -0.960197, -0.963061
-0.963061, -0.965821, -0.97157, -0.978794, -0.985841, -0.991477, -0.995208, -0.997207, -0.997933
-0.997933, -0.998549, -0.999529, -0.999998, -0.999206, -0.996985, -0.993913, -0.991092, -0.989647
-0.989647, -0.988095, -0.984262, -0.977956, -0.96936, -0.959377, -0.949635, -0.942116, -0.938563
-0.938563, -0.934909, -0.92643, -0.91362, -0.897592, -0.88028, -0.86429, -0.852397, -0.84689
-0.84689, -0.841292, -0.828534, -0.809775, -0.787008, -0.763115, -0.741567, -0.725815, -0.718593
-0.718593, -0.711292, -0.694806, -0.67091, -0.642388, -0.612947, -0.586775, -0.567845, -0.559219
-0.559219, -0.550532, -0.531031, -0.503031, -0.469988, -0.436273, -0.406607, -0.385318, -0.375661
-0.375661, -0.365964, -0.344291, -0.313397, -0.277262, -0.240731, -0.208854, -0.186127, -0.175858
-0.175858, -0.165569, -0.142662, -0.110211, -0.0725465, -0.0347785, -0.00207005, 0.0211129, 0.0315511

0.920807, 0.916684, 0.907174, 0.892925, 0.875262, 0.856346, 0.838997, 0.826157, 0.820229
0.820229, 0.814211, 0.800533, 0.780502, 0.756303, 0.731022, 0.708312, 0.691757, 0.684179
0.684179, 0.676526, 0.659273, 0.634325, 0.604637, 0.574085, 0.546995, 0.527441, 0.518541
0.518541, 0.509585, 0.489501, 0.460716, 0.426823, 0.39232, 0.362023, 0.340316, 0.330479
0.330479, 0.320606, 0.298561, 0.267183, 0.230551, 0.193589, 0.161395, 0.138473, 0.128124
0.128124, 0.117761, 0.0947087, 0.0620953, 0.0243082, -0.0135137, -0.0462132, -0.0693585, -0.0797712
-0.0797712, -0.0901753, -0.113239, -0.145678, -0.182986, -0.220032, -0.251823, -0.27419, -0.284217
-0.284217, -0.294212, -0.31629, -0.347151, -0.382367, -0.417035, -0.446542, -0.467164, -0.476371
-0.476371, -0.485526, -0.505662, -0.533611, -0.565211, -0.596003, -0.621949, -0.639935, -0.647924
-0.647924, -0.655842, -0.673167, -0.696995, -0.723613, -0.749196, -0.77046, -0.785032, -0.791457
-0.791457, -0.797796, -0.811559, -0.830236, -0.850721, -0.869989, -0.885652, -0.896179, -0.900763
-0.900763, -0.905249, -0.914855, -0.927573, -0.941039, -0.953159, -0.962543, -0.96857, -0.971114
-0.971114, -0.973553, -0.978587, -0.984796, -0.990661, -0.995109, -0.997807, -0.999074, -0.999468
-0.999468, -0.999754, -0.999999, -0.999431, -0.997441, -0.994023, -0.989921, -0.986372, -0.9846
-0.9846, -0.982721, -0.978166, -0.970844, -0.961085, -0.949951, -0.939224, -0.931013, -0.927151
-0.927151, -0.923188, -0.91403, -0.900272, -0.883166, -0.864797, -0.84791, -0.835392, -0.829607
-0.829607, -0.823732, -0.810366, -0.790767, -0.767054, -0.742243, -0.719926, -0.703643, -0.696185
-0.696185, -0.688652, -0.671657, -0.647065, -0.61777, -0.587591, -0.560809, -0.541465, -0.532657
-0.532657, -0.523791, -0.503902, -0.475379, -0.441769, -0.407528, -0.377439, -0.35587, -0.346093
-0.346093, -0.336277, -0.314355, -0.283135, -0.246664, -0.209841, -0.177747, -0.154886, -0.144562
-0.144562, -0.134222, -0.111213, -0.0786467, -0.0408918, -0.00307849, 0.0296327, 0.052797, 0.0632212
0.0632212, 0.0736386, 0.0967383, 0.129243, 0.166649, 0.203817, 0.235731, 0.258196, 0.26827
0.26827, 0.278314, 0.300506, 0.331543, 0.366983, 0.401898, 0.431634, 0.45243, 0.461717
0.461717, 0.470954, 0.491278, 0.519505, 0.551446, 0.582598, 0.608871, 0.627098, 0.635197
0.635197, 0.643227, 0.660804, 0.685001, 0.712062, 0.738103, 0.759777, 0.774646, 0.781207
0.781207, 0.787683, 0.801753, 0.820873, 0.841883, 0.861689, 0.877826, 0.888694, 0.893433
0.893433, 0.898074, 0.90803, 0.921246, 0.935297, 0.948009, 0.957912, 0.964309, 0.967021
0.967021, 0.969628, 0.975038, 0.981779, 0.988262, 0.993333, 0.996572, 0.998222, 0.99879
0.99879, 0.999249, 0.999879, 0.999853, 0.99849, 0.995698, 0.992134, 0.988966, 0.987365
0.987365, 0.985656, 0.981479, 0.974688, 0.965536, 0.955003, 0.944791, 0.936941, 0.93324
0.93324, 0.929438, 0.920635, 0.907371, 0.890827, 0.873009, 0.856589, 0.844397, 0.838757
0.838757, 0.833025, 0.819976, 0.800815, 0.777593, 0.75326, 0.731343, 0.715336, 0.708
0.708, 0.700588, 0.683857, 0.659626, 0.630732, 0.600936, 0.574469, 0.555339, 0.546626
0.546626, 0.537852, 0.518164, 0.489911, 0.456594, 0.422623, 0.392752, 0.371327, 0.361612
0.361612, 0.351857, 0.330062, 0.299009, 0.262709, 0.226034, 0.19405, 0.171256, 0.160959
0.160959, 0.150645, 0.127687, 0.0951763, 0.0574642, 0.0196699, -0.013044, -0.036221, -0.0466538
-0.0466538, -0.0570816, -0.080211, -0.112772, -0.150266, -0.187545, -0.219574, -0.242132, -0.252249
-0.252249, -0.26234, -0.28464, -0.315844, -0.351498, -0.386649, -0.416608, -0.437571, -0.446936
-0.446936, -0.456253, -0.476759, -0.505257, -0.537529, -0.569033, -0.595626, -0.614087, -0.622295
-0.622295, -0.630434, -0.64826, -0.672819, -0.700314, -0.726807, -0.748885, -0.764047, -0.770742
-0.770742, -0.777352, -0.791727, -0.811285, -0.832813, -0.853151, -0.869758, -0.880964, -0.885857
-0.885857, -0.890653, -0.900954, -0.914665, -0.929297, -0.942599, -0.953017, -0.959783, -0.962662
-0.962662, -0.965436, -0.971219, -0.978491, -0.985592, -0.991283, -0.995062, -0.997096, -0.997836
-0.997836, -0.998469, -0.999483, -1, -0.999264, -0.997098, -0.994075, -0.991288, -0.989858
-0.989858, -0.988321, -0.984523, -0.978263, -0.969722, -0.959793, -0.950098, -0.94261, -0.939073
-0.939073, -0.935432, -0.926986, -0.91422, -0.898243, -0.88098, -0.865032, -0.853169, -0.847676
-0.847676, -0.84209, -0.82936, -0.810641, -0.787919, -0.764069, -0.742558, -0.726831, -0.71962
-0.71962, -0.712331, -0.695869, -0.672005, -0.64352, -0.614115, -0.587971, -0.569061, -0.560444

0.974609, 0.976894, 0.981586, 0.987309, 0.992609, 0.996488, 0.998694, 0.99961, 0.999847
0.999847, 0.999975, 0.99987, 0.998807, 0.996246, 0.99226, 0.987667, 0.983772, 0.981845
0.981845, 0.979811, 0.974913, 0.96711, 0.9568, 0.945121, 0.933928, 0.92539, 0.921382
0.921382, 0.917274, 0.907795, 0.89359, 0.875976, 0.857109, 0.8398, 0.826989, 0.821073
0.821073, 0.815068, 0.801418, 0.781425, 0.75727, 0.73203, 0.709354, 0.692824, 0.685256
0.685256, 0.677614, 0.660383, 0.635467, 0.605814, 0.575294, 0.548232, 0.528696, 0.519805
0.519805, 0.510856, 0.49079, 0.462028, 0.42816, 0.393679, 0.3634, 0.341705, 0.331873
0.331873, 0.322005, 0.299971, 0.268607, 0.231989, 0.195039, 0.162853, 0.139937, 0.12959
0.12959, 0.119229, 0.0961802, 0.0635707, 0.025786, -0.0120356, -0.0447365, -0.0678837, -0.0782976
-0.0782976, -0.088703, -0.11177, -0.144215, -0.181532, -0.21859, -0.250392, -0.272768, -0.282799
-0.282799, -0.292799, -0.314887, -0.345764, -0.381, -0.415691, -0.445218, -0.465857, -0.475071
-0.475071, -0.484233, -0.504386, -0.53236, -0.563991, -0.594815, -0.620791, -0.638799, -0.646798
-0.646798, -0.654726, -0.672073, -0.695934, -0.722592, -0.748216, -0.769517, -0.784115, -0.790553
-0.790553, -0.796904, -0.810695, -0.829411, -0.849943, -0.86926, -0.884965, -0.895522, -0.90012
-0.90012, -0.90462, -0.914257, -0.92702, -0.940538, -0.952711, -0.962141, -0.968201, -0.97076
-0.97076, -0.973214, -0.978282, -0.984539, -0.990458, -0.994961, -0.997708, -0.999009, -0.999419
-0.999419, -0.999721, -1, -0.99948, -0.997545, -0.994184, -0.990129, -0.986614, -0.984857
-0.984857, -0.982993, -0.978472, -0.971198, -0.961492, -0.950412, -0.93973, -0.931551, -0.927704
-0.927704, -0.923755, -0.914629, -0.900915, -0.883859, -0.865538, -0.848692, -0.836203, -0.830431
-0.830431, -0.824569, -0.811231, -0.791671, -0.768001, -0.743233, -0.720952, -0.704693, -0.697246
-0.697246, -0.689723, -0.672752, -0.648191, -0.618931, -0.588787, -0.562033, -0.542707, -0.533907
-0.533907, -0.525049, -0.505178, -0.476679, -0.443095, -0.408877, -0.378808, -0.357251, -0.347479
-0.347479, -0.337669, -0.315758, -0.284552, -0.248096, -0.211286, -0.179201, -0.156346, -0.146024
-0.146024, -0.135686, -0.112682, -0.0801202, -0.0423688, -0.00455673, 0.028155, 0.0513208, 0.0617459
0.0617459, 0.0721643, 0.0952669, 0.127777, 0.165191, 0.202369, 0.234294, 0.256768, 0.266846
0.266846, 0.276894, 0.299096, 0.330148, 0.365607, 0.400543, 0.4303, 0.451111, 0.460405
0.460405, 0.46965, 0.48999, 0.518242, 0.550212, 0.581396, 0.607698, 0.625945, 0.634054
0.634054, 0.642094, 0.659694, 0.683924, 0.711023, 0.737105, 0.758815, 0.77371, 0.780283
0.780283, 0.786771, 0.800869, 0.820028, 0.841085, 0.860938, 0.877117, 0.888015, 0.892768
0.892768, 0.897423, 0.90741, 0.92067, 0.934773, 0.947538, 0.957486, 0.963917, 0.966644
0.966644, 0.969265, 0.974708, 0.981497, 0.988036, 0.993161, 0.996449, 0.998133, 0.998716
0.998716, 0.999191, 0.999855, 0.999877, 0.99857, 0.995834, 0.992318, 0.989184, 0.987598
0.987598, 0.985905, 0.981761, 0.975017, 0.96592, 0.955441, 0.945274, 0.937456, 0.93377
0.93377, 0.929983, 0.921211, 0.907992, 0.891498, 0.873729, 0.857351, 0.845188, 0.839561
0.839561, 0.833842, 0.820821, 0.801699, 0.778522, 0.754231, 0.73235, 0.716368, 0.709043
0.709043, 0.701642, 0.684935, 0.660736, 0.631878, 0.602117, 0.575679, 0.556568, 0.547863
0.547863, 0.539098, 0.519428, 0.491199, 0.457908, 0.423963, 0.394111, 0.372699, 0.362989
0.362989, 0.35324, 0.331457, 0.300419, 0.264135, 0.227474, 0.1955, 0.172712, 0.162418
0.162418, 0.152106, 0.129153, 0.0966478, 0.05894, 0.0211478, -0.0115658, -0.0347437, -0.0451772
-0.0451772, -0.0556057, -0.0787374, -0.111303, -0.148804, -0.186093, -0.218131, -0.240697, -0.250819
-0.250819, -0.260913, -0.283222, -0.314441, -0.350114, -0.385286, -0.415264, -0.436241, -0.445613
-0.445613, -0.454937, -0.475459, -0.50398, -0.536282, -0.567816, -0.594438, -0.61292, -0.621137
-0.621137, -0.629286, -0.647134, -0.671725, -0.699258, -0.725791, -0.747904, -0.763092, -0.769799
-0.769799, -0.776422, -0.790823, -0.810419, -0.831994, -0.852379, -0.869027, -0.880264, -0.88517
-0.88517, -0.88998, -0.900312, -0.914067, -0.92875, -0.942104, -0.952568, -0.959367, -0.962261
-0.962261, -0.96505, -0.970866, -0.978185, -0.985341, -0.991087, -0.994914, -0.996982, -0.997738
-0.997738, -0.998386, -0.999434, -1, -0.999319, -0.99721, -0.994234, -0.991481, -0.990067
-0.990067, -0.988545, -0.984781, -0.978569, -0.970082, -0.960207, -0.950558, -0.943103, -0.93958

0.65825, 0.666075, 0.683187, 0.706708, 0.732957, 0.758158, 0.779081, 0.793406, 0.799718
0.799718, 0.805943, 0.819451, 0.83776, 0.857809, 0.876632, 0.891901, 0.902146, 0.906601
0.906601, 0.910958, 0.920276, 0.932582, 0.945565, 0.957195, 0.96615, 0.971871, 0.974277
0.974277, 0.976577, 0.981303, 0.987074, 0.992428, 0.996363, 0.998617, 0.999567, 0.99982
0.99982, 0.999964, 0.999893, 0.998878, 0.996373, 0.992442, 0.987898, 0.984036, 0.982124
0.982124, 0.980105, 0.975241, 0.967485, 0.957229, 0.945603, 0.934456, 0.92595, 0.921956
0.921956, 0.917862, 0.908414, 0.894253, 0.876688, 0.857869, 0.840602, 0.827819, 0.821916
0.821916, 0.815924, 0.802301, 0.782347, 0.758234, 0.733037, 0.710396, 0.693889, 0.686332
0.686332, 0.678701, 0.661493, 0.636608, 0.60699, 0.576503, 0.549468, 0.529951, 0.521067
0.521067, 0.512126, 0.492077, 0.463338, 0.429495, 0.395038, 0.364777, 0.343094, 0.333267
0.333267, 0.323405, 0.301381, 0.270031, 0.233427, 0.196489, 0.164312, 0.1414, 0.131056
0.131056, 0.120697, 0.0976514, 0.0650459, 0.0272637, -0.0105575, -0.0432597, -0.0664088, -0.0768238
-0.0768238, -0.0872305, -0.110301, -0.142752, -0.180079, -0.217147, -0.24896, -0.271346, -0.281381
-0.281381, -0.291385, -0.313484, -0.344377, -0.379633, -0.414346, -0.443894, -0.464548, -0.47377
-0.47377, -0.482939, -0.503109, -0.531108, -0.56277, -0.593626, -0.619632, -0.637661, -0.645669
-0.645669, -0.653608, -0.670977, -0.694872, -0.721569, -0.747235, -0.768572, -0.783197, -0.789647
-0.789647, -0.79601, -0.809828, -0.828585, -0.849164, -0.868528, -0.884275, -0.894863, -0.899475
-0.899475, -0.903989, -0.913657, -0.926465, -0.940035, -0.952261, -0.961737, -0.96783, -0.970404
-0.970404, -0.972873, -0.977975, -0.984279, -0.990254, -0.994812, -0.997607, -0.998942, -0.999368
-0.999368, -0.999684, -0.999998, -0.999526, -0.997648, -0.994342, -0.990335, -0.986854, -0.985112
-0.985112, -0.983264, -0.978776, -0.971549, -0.961898, -0.95087, -0.940235, -0.932088, -0.928255
-0.928255, -0.924321, -0.915225, -0.901555, -0.884549, -0.866277, -0.849473, -0.837013, -0.831254
-0.831254, -0.825404, -0.812095, -0.792573, -0.768947, -0.744221, -0.721975, -0.705741, -0.698305
-0.698305, -0.690792, -0.673845, -0.649316, -0.620092, -0.589981, -0.563255, -0.543948, -0.535157
-0.535157, -0.526307, -0.506453, -0.477978, -0.44442, -0.410226, -0.380176, -0.358632, -0.348865
-0.348865, -0.33906, -0.31716, -0.285969, -0.249528, -0.21273, -0.180655, -0.157806, -0.147486
-0.147486, -0.137151, -0.114151, -0.0815937, -0.0438457, -0.00603496, 0.0266773, 0.0498444, 0.0602704
0.0602704, 0.0706898, 0.0937953, 0.126311, 0.163733, 0.200921, 0.232856, 0.255339, 0.265421
0.265421, 0.275473, 0.297685, 0.328752, 0.364231, 0.399189, 0.428965, 0.449791, 0.459093
0.459093, 0.468344, 0.488701, 0.516977, 0.548977, 0.580192, 0.606523, 0.624792, 0.632911
0.632911, 0.64096, 0.658582, 0.682844, 0.709983, 0.736105, 0.757852, 0.772773, 0.779358
0.779358, 0.785858, 0.799983, 0.819181, 0.840284, 0.860185, 0.876406, 0.887334, 0.892101
0.892101, 0.89677, 0.906787, 0.920092, 0.934246, 0.947064, 0.957059, 0.963522, 0.966264
0.966264, 0.968901, 0.974377, 0.981213, 0.987806, 0.992987, 0.996323, 0.998041, 0.99864
0.99864, 0.99913, 0.999828, 0.999899, 0.998648, 0.995968, 0.9925, 0.989399, 0.987829
0.987829, 0.986151, 0.982041, 0.975345, 0.966301, 0.955876, 0.945755, 0.93797, 0.934298
0.934298, 0.930525, 0.921785, 0.90861, 0.892167, 0.874447, 0.858111, 0.845977, 0.840363
0.840363, 0.834657, 0.821665, 0.802582, 0.779449, 0.755201, 0.733356, 0.717399, 0.710085
0.710085, 0.702694, 0.686011, 0.661845, 0.633023, 0.603296, 0.576887, 0.557796, 0.549099
0.549099, 0.540342, 0.52069, 0.492486, 0.459222, 0.425301, 0.395469, 0.37407, 0.364366
0.364366, 0.354623, 0.332852, 0.301829, 0.265561, 0.228913, 0.196949, 0.174168, 0.163877
0.163877, 0.153567, 0.130618, 0.098119, 0.0604156, 0.0226257, -0.0100877, -0.0332663, -0.0437004
-0.0437004, -0.0541297, -0.0772636, -0.109834, -0.147343, -0.18464, -0.216689, -0.239262, -0.249387
-0.249387, -0.259486, -0.281804, -0.313037, -0.348729, -0.383921, -0.413919, -0.434911, -0.444289
-0.444289, -0.45362, -0.474158, -0.502703, -0.535034, -0.566599, -0.593248, -0.611751, -0.619978
-0.619978, -0.628137, -0.646006, -0.670629, -0.698201, -0.724774, -0.746922, -0.762136, -0.768854
-0.768854, -0.775489, -0.789917, -0.809553, -0.831173, -0.851605, -0.868295, -0.879561, -0.884481
-0.884481, -0.889305, -0.899668, -0.913466, -0.928201, -0.941607, -0.952117, -0.958949, -0.961858

0.0918842, 0.102277, 0.12531, 0.157695, 0.194925, 0.231876, 0.26357, 0.285862, 0.295852
0.295852, 0.30581, 0.3278, 0.358527, 0.393572, 0.428054, 0.457387, 0.477879, 0.487025
0.487025, 0.496118, 0.516113, 0.543854, 0.575199, 0.605721, 0.631423, 0.64923, 0.657137
0.657137, 0.664972, 0.682107, 0.705661, 0.731951, 0.757193, 0.778154, 0.792505, 0.79883
0.79883, 0.805067, 0.818603, 0.836952, 0.857049, 0.87592, 0.891232, 0.901507, 0.905976
0.905976, 0.910347, 0.919697, 0.932047, 0.945083, 0.956766, 0.965768, 0.971522, 0.973943
0.973943, 0.976258, 0.981017, 0.986836, 0.992246, 0.996236, 0.998538, 0.999523, 0.999791
0.999791, 0.99995, 0.999913, 0.998947, 0.996498, 0.992623, 0.988126, 0.984298, 0.982402
0.982402, 0.980398, 0.975567, 0.967858, 0.957655, 0.946083, 0.934981, 0.926507, 0.922527
0.922527, 0.918447, 0.909031, 0.894913, 0.877398, 0.858628, 0.841402, 0.828648, 0.822757
0.822757, 0.816778, 0.803183, 0.783267, 0.759197, 0.734041, 0.711435, 0.694953, 0.687406
0.687406, 0.679785, 0.662601, 0.637747, 0.608164, 0.57771, 0.550702, 0.531204, 0.522328
0.522328, 0.513395, 0.493363, 0.464648, 0.43083, 0.396395, 0.366153, 0.344482, 0.334661
0.334661, 0.324803, 0.30279, 0.271454, 0.234864, 0.197938, 0.16577, 0.142863, 0.132521
0.132521, 0.122164, 0.0991225, 0.0665209, 0.0287414, -0.00907928, -0.0417827, -0.0649337, -0.0753499
-0.0753499, -0.0857577, -0.108832, -0.141289, -0.178624, -0.215704, -0.247528, -0.269923, -0.279962
-0.279962, -0.289971, -0.31208, -0.342989, -0.378265, -0.413, -0.442569, -0.463239, -0.472467
-0.472467, -0.481644, -0.501831, -0.529855, -0.561547, -0.592436, -0.618471, -0.636521, -0.64454
-0.64454, -0.652488, -0.66988, -0.693808, -0.720545, -0.746251, -0.767626, -0.782277, -0.788739
-0.788739, -0.795115, -0.80896, -0.827756, -0.848382, -0.867794, -0.883584, -0.894202, -0.898828
-0.898828, -0.903356, -0.913056, -0.925907, -0.93953, -0.951808, -0.961331, -0.967457, -0.970046
-0.970046, -0.97253, -0.977665, -0.984016, -0.990047, -0.994661, -0.997504, -0.998873, -0.999314
-0.999314, -0.999646, -0.999994, -0.999571, -0.997748, -0.994498, -0.990539, -0.987092, -0.985365
-0.985365, -0.983532, -0.979078, -0.971898, -0.962301, -0.951327, -0.940737, -0.932622, -0.928804
-0.928804, -0.924884, -0.91582, -0.902194, -0.885238, -0.867015, -0.850252, -0.837821, -0.832075
-0.832075, -0.826238, -0.812957, -0.793474, -0.769892, -0.745208, -0.722997, -0.706787, -0.699362
-0.699362, -0.691861, -0.674936, -0.650439, -0.621251, -0.591174, -0.564476, -0.545188, -0.536405
-0.536405, -0.527563, -0.507727, -0.479276, -0.445743, -0.411574, -0.381542, -0.360011, -0.35025
-0.35025, -0.340451, -0.318562, -0.287385, -0.250959, -0.214174, -0.182109, -0.159265, -0.148948
-0.148948, -0.138615, -0.115619, -0.0830669, -0.0453225, -0.00751317, 0.0251996, 0.0483679, 0.0587948
0.0587948, 0.0692152, 0.0923235, 0.124844, 0.162275, 0.199473, 0.231419, 0.25391, 0.263995
0.263995, 0.274052, 0.296273, 0.327356, 0.362854, 0.397833, 0.42763, 0.448471, 0.457779
0.457779, 0.467037, 0.487411, 0.515711, 0.547741, 0.578988, 0.605347, 0.623637, 0.631765
0.631765, 0.639825, 0.657469, 0.681764, 0.708941, 0.735104, 0.756886, 0.771834, 0.778431
0.778431, 0.784943, 0.799095, 0.818333, 0.839482, 0.85943, 0.875693, 0.886652, 0.891432
0.891432, 0.896115, 0.906163, 0.919512, 0.933718, 0.946589, 0.956629, 0.963125, 0.965882
0.965882, 0.968534, 0.974043, 0.980926, 0.987575, 0.992811, 0.996195, 0.997948, 0.998562
0.998562, 0.999067, 0.9998, 0.999919, 0.998724, 0.996099, 0.99268, 0.989613, 0.988058
0.988058, 0.986395, 0.982319, 0.97567, 0.966681, 0.956309, 0.946235, 0.938481, 0.934824
0.934824, 0.931065, 0.922357, 0.909226, 0.892833, 0.875163, 0.858869, 0.846764, 0.841163
0.841163, 0.835471, 0.822507, 0.803463, 0.780374, 0.756169, 0.73436, 0.718428, 0.711125
0.711125, 0.703745, 0.687086, 0.662952, 0.634167, 0.604474, 0.578094, 0.559022, 0.550334
0.550334, 0.541586, 0.521952, 0.493772, 0.460535, 0.426638, 0.396827, 0.375441, 0.365743
0.365743, 0.356004, 0.334245, 0.303238, 0.266986, 0.230352, 0.198399, 0.175624, 0.165335
0.165335, 0.155028, 0.132084, 0.09959, 0.0618911, 0.0241036, -0.0086095, -0.0317888, -0.0422235
-0.0422235, -0.0526535, -0.0757897, -0.108365, -0.14588, -0.183187, -0.215245, -0.237826, -0.247956
-0.247956, -0.258058, -0.280386, -0.311633, -0.347343, -0.382556, -0.412572, -0.433579, -0.442965
-0.442965, -0.452302, -0.472856, -0.501425, -0.533784, -0.56538, -0.592058, -0.610581, -0.618817

-0.50938, -0.500367, -0.480161, -0.451211, -0.417141, -0.382474, -0.352047, -0.330254, -0.32038
-0.32038, -0.310472, -0.288351, -0.256877, -0.220146, -0.183101, -0.150846, -0.127888, -0.117525
-0.117525, -0.10715, -0.0840718, -0.051433, -0.0136305, 0.0241915, 0.0568786, 0.0800083, 0.0904121
0.0904121, 0.100806, 0.123843, 0.156235, 0.193475, 0.230437, 0.262143, 0.284445, 0.29444
0.29444, 0.304402, 0.326403, 0.357146, 0.392213, 0.426718, 0.456072, 0.47658, 0.485734
0.485734, 0.494834, 0.514847, 0.542613, 0.573989, 0.604544, 0.630277, 0.648105, 0.656022
0.656022, 0.663867, 0.681025, 0.704613, 0.730943, 0.756227, 0.777224, 0.791603, 0.79794
0.79794, 0.80419, 0.817753, 0.836142, 0.856286, 0.875206, 0.890561, 0.900866, 0.90535
0.90535, 0.909735, 0.919115, 0.931511, 0.944598, 0.956335, 0.965383, 0.971171, 0.973607
0.973607, 0.975937, 0.98073, 0.986595, 0.992061, 0.996107, 0.998457, 0.999476, 0.99976
0.99976, 0.999934, 0.999932, 0.999014, 0.99662, 0.992801, 0.988352, 0.984558, 0.982677
0.982677, 0.980688, 0.97589, 0.968229, 0.95808, 0.94656, 0.935504, 0.927062, 0.923097
0.923097, 0.919031, 0.909646, 0.895572, 0.878106, 0.859385, 0.8422, 0.829474, 0.823597
0.823597, 0.81763, 0.804063, 0.784185, 0.760158, 0.735044, 0.712473, 0.696015, 0.688479
0.688479, 0.680869, 0.663707, 0.638885, 0.609337, 0.578916, 0.551935, 0.532455, 0.523588
0.523588, 0.514663, 0.494649, 0.465956, 0.432163, 0.397752, 0.367528, 0.34587, 0.336054
0.336054, 0.326201, 0.304199, 0.272876, 0.236301, 0.199387, 0.167227, 0.144326, 0.133986
0.133986, 0.123631, 0.100593, 0.0679958, 0.030219, -0.00760108, -0.0403057, -0.0634585, -0.0738757
-0.0738757, -0.0842849, -0.107362, -0.139825, -0.17717, -0.21426, -0.246096, -0.268499, -0.278543
-0.278543, -0.288556, -0.310675, -0.3416, -0.376896, -0.411654, -0.441243, -0.461928, -0.471164
-0.471164, -0.480348, -0.500552, -0.528601, -0.560324, -0.591245, -0.617308, -0.635381, -0.643409
-0.643409, -0.651367, -0.668782, -0.692743, -0.719519, -0.745267, -0.766677, -0.781355, -0.787829
-0.787829, -0.794217, -0.80809, -0.826926, -0.847598, -0.867059, -0.882891, -0.89354, -0.898179
-0.898179, -0.902721, -0.912452, -0.925348, -0.939023, -0.951354, -0.960923, -0.967082, -0.969686
-0.969686, -0.972185, -0.977353, -0.983752, -0.989838, -0.994507, -0.997399, -0.998802, -0.999258
-0.999258, -0.999606, -0.999988, -0.999613, -0.997846, -0.994652, -0.990741, -0.987327, -0.985616
-0.985616, -0.983798, -0.979377, -0.972245, -0.962702, -0.951781, -0.941238, -0.933155, -0.92935
-0.92935, -0.925445, -0.916413, -0.902831, -0.885924, -0.867751, -0.851029, -0.838627, -0.832894
-0.832894, -0.82707, -0.813817, -0.794373, -0.770834, -0.746193, -0.724018, -0.707832, -0.700418
-0.700418, -0.692927, -0.676026, -0.651561, -0.622409, -0.592365, -0.565695, -0.546427, -0.537652
-0.537652, -0.528818, -0.509, -0.480573, -0.447066, -0.41292, -0.382908, -0.36139, -0.351634
-0.351634, -0.34184, -0.319962, -0.288801, -0.25239, -0.215618, -0.183563, -0.160725, -0.15041
-0.15041, -0.140079, -0.117087, -0.0845399, -0.0467991, -0.00899137, 0.0237218, 0.0468914, 0.057319
0.057319, 0.0677404, 0.0908514, 0.123377, 0.160816, 0.198024, 0.22998, 0.252479, 0.262569
0.262569, 0.27263, 0.294861, 0.325959, 0.361476, 0.396476, 0.426293, 0.447149, 0.456464
0.456464, 0.46573, 0.486119, 0.514444, 0.546504, 0.577782, 0.60417, 0.622481, 0.630619
0.630619, 0.638688, 0.656355, 0.680681, 0.707898, 0.734101, 0.755919, 0.770893, 0.777502
0.777502, 0.784026, 0.798205, 0.817482, 0.838678, 0.858673, 0.874978, 0.885967, 0.890761
0.890761, 0.895458, 0.905537, 0.91893, 0.933188, 0.946111, 0.956198, 0.962727, 0.965498
0.965498, 0.968165, 0.973708, 0.980638, 0.987342, 0.992633, 0.996065, 0.997852, 0.998482
0.998482, 0.999002, 0.999769, 0.999937, 0.998797, 0.996228, 0.992857, 0.989824, 0.988285
0.988285, 0.986637, 0.982595, 0.975993, 0.967058, 0.95674, 0.946712, 0.938991, 0.935348
0.935348, 0.931604, 0.922927, 0.909841, 0.893498, 0.875877, 0.859625, 0.847549, 0.841962
0.841962, 0.836282, 0.823346, 0.804342, 0.781298, 0.757136, 0.735363, 0.719455, 0.712164
0.712164, 0.704795, 0.688159, 0.664058, 0.635309, 0.605651, 0.579299, 0.560247, 0.551567
0.551567, 0.542828, 0.523212, 0.495057, 0.461846, 0.427975, 0.398183, 0.376811, 0.367118
0.367118, 0.357386, 0.335638, 0.304646, 0.26841, 0.23179, 0.199847, 0.177079, 0.166792
0.166792, 0.156488, 0.133549, 0.101061, 0.0633664, 0.0255814, -0.00713129, -0.0303113, -0.0407465

-0.917179, -0.912968, -0.903264, -0.888745, -0.870775, -0.851559, -0.833955, -0.820938, -0.81493
-0.81493, -0.808834, -0.794985, -0.774717, -0.750252, -0.724713, -0.701787, -0.685083, -0.677439
-0.677439, -0.669722, -0.652326, -0.627185, -0.597283, -0.566526, -0.539269, -0.519601, -0.510652
-0.510652, -0.501646, -0.481457, -0.45253, -0.418484, -0.38384, -0.35343, -0.331649, -0.32178
-0.32178, -0.311876, -0.289766, -0.258305, -0.221588, -0.184554, -0.152307, -0.129354, -0.118993
-0.118993, -0.108619, -0.0855447, -0.0529092, -0.0151086, 0.0227136, 0.0554027, 0.0785347, 0.0889398
0.0889398, 0.0993353, 0.122376, 0.154775, 0.192024, 0.228999, 0.260717, 0.283027, 0.293027
0.293027, 0.302994, 0.325005, 0.355765, 0.390852, 0.42538, 0.454756, 0.47528, 0.484441
0.484441, 0.493549, 0.513579, 0.54137, 0.572778, 0.603366, 0.629128, 0.646979, 0.654905
0.654905, 0.662761, 0.679942, 0.703563, 0.729933, 0.755259, 0.776293, 0.790698, 0.797048
0.797048, 0.80331, 0.816901, 0.83533, 0.855522, 0.874489, 0.889887, 0.900223, 0.904721
0.904721, 0.90912, 0.918532, 0.930972, 0.944112, 0.955902, 0.964997, 0.970817, 0.973269
0.973269, 0.975614, 0.98044, 0.986353, 0.991874, 0.995975, 0.998374, 0.999427, 0.999726
0.999726, 0.999916, 0.999948, 0.999078, 0.996741, 0.992977, 0.988576, 0.984816, 0.98295
0.98295, 0.980976, 0.976212, 0.968597, 0.958502, 0.947036, 0.936025, 0.927615, 0.923664
0.923664, 0.919613, 0.910259, 0.896229, 0.878813, 0.86014, 0.842996, 0.830299, 0.824434
0.824434, 0.81848, 0.804941, 0.785101, 0.761118, 0.736046, 0.71351, 0.697075, 0.689551
0.689551, 0.681951, 0.664812, 0.640022, 0.610508, 0.580121, 0.553167, 0.533706, 0.524847
0.524847, 0.51593, 0.495933, 0.467264, 0.433496, 0.399108, 0.368903, 0.347256, 0.337445
0.337445, 0.327598, 0.305607, 0.274298, 0.237737, 0.200835, 0.168685, 0.145789, 0.135451
0.135451, 0.125098, 0.102064, 0.0694706, 0.0316965, -0.00612287, -0.0388286, -0.0619832, -0.0724014
-0.0724014, -0.0828118, -0.105892, -0.138361, -0.175714, -0.212816, -0.244663, -0.267075, -0.277123
-0.277123, -0.28714, -0.309269, -0.34021, -0.375527, -0.410306, -0.439916, -0.460616, -0.469859
-0.469859, -0.479051, -0.499272, -0.527346, -0.559099, -0.590052, -0.616145, -0.634238, -0.642277
-0.642277, -0.650245, -0.667682, -0.691676, -0.718492, -0.74428, -0.765728, -0.780432, -0.786918
-0.786918, -0.793318, -0.807219, -0.826094, -0.846813, -0.866321, -0.882196, -0.892875, -0.897528
-0.897528, -0.902084, -0.911846, -0.924786, -0.938513, -0.950898, -0.960513, -0.966705, -0.969324
-0.969324, -0.971837, -0.977039, -0.983486, -0.989626, -0.994351, -0.997291, -0.998728, -0.9992
-0.9992, -0.999563, -0.99998, -0.999653, -0.997942, -0.994803, -0.99094, -0.987561, -0.985865
-0.985865, -0.984062, -0.979675, -0.972589, -0.963101, -0.952234, -0.941736, -0.933685, -0.929895
-0.929895, -0.926004, -0.917003, -0.903465, -0.886609, -0.868484, -0.851805, -0.839432, -0.833711
-0.833711, -0.8279, -0.814675, -0.79527, -0.771775, -0.747176, -0.725037, -0.708876, -0.701472
-0.701472, -0.693992, -0.677115, -0.652682, -0.623565, -0.593556, -0.566914, -0.547664, -0.538898
-0.538898, -0.530072, -0.510272, -0.481869, -0.448388, -0.414266, -0.384274, -0.362768, -0.353018
-0.353018, -0.343229, -0.321363, -0.290216, -0.25382, -0.217061, -0.185015, -0.162183, -0.151871
-0.151871, -0.141542, -0.118555, -0.0860128, -0.0482757, -0.0104696, 0.0222439, 0.0454147, 0.0558431
0.0558431, 0.0662655, 0.0893792, 0.12191, 0.159357, 0.196575, 0.228541, 0.251049, 0.261142
0.261142, 0.271208, 0.293448, 0.324561, 0.360097, 0.395119, 0.424955, 0.445826, 0.455148
0.455148, 0.464421, 0.484827, 0.513176, 0.545265, 0.576575, 0.602992, 0.621323, 0.629471
0.629471, 0.63755, 0.655239, 0.679598, 0.706853, 0.733096, 0.754951, 0.769951, 0.776571
0.776571, 0.783108, 0.797314, 0.81663, 0.837872, 0.857915, 0.874261, 0.885281, 0.890088
0.890088, 0.894799, 0.904909, 0.918346, 0.932656, 0.945631, 0.955764, 0.962326, 0.965112
0.965112, 0.967794, 0.97337, 0.980347, 0.987106, 0.992453, 0.995933, 0.997754, 0.998399
0.998399, 0.998935, 0.999736, 0.999952, 0.998868, 0.996356, 0.993032, 0.990034, 0.988509
0.988509, 0.986877, 0.982868, 0.976314, 0.967434, 0.957169, 0.947187, 0.939498, 0.93587
0.93587, 0.93214, 0.923495, 0.910453, 0.894161, 0.87659, 0.860379, 0.848333, 0.842758
0.842758, 0.837092, 0.824185, 0.805219, 0.782219, 0.758101, 0.736364, 0.720481, 0.713201
0.713201, 0.705843, 0.689231, 0.665163, 0.63645, 0.606827, 0.580503, 0.561471, 0.5528

-0.976629, -0.97882, -0.983303, -0.988729, -0.993683, -0.997216, -0.999122, -0.999825, -0.999966
-0.999966, -0.999998, -0.999679, -0.998316, -0.995407, -0.991075, -0.986185, -0.98208, -0.980058
-0.980058, -0.97793, -0.972823, -0.964729, -0.954084, -0.942075, -0.930599, -0.921864, -0.917767
-0.917767, -0.913571, -0.903897, -0.889422, -0.871501, -0.852333, -0.834769, -0.821781, -0.815786
-0.815786, -0.809703, -0.795881, -0.775651, -0.751228, -0.725731, -0.702839, -0.686159, -0.678526
-0.678526, -0.670819, -0.653446, -0.628336, -0.598468, -0.567744, -0.540513, -0.520864, -0.511922
-0.511922, -0.502924, -0.482752, -0.453848, -0.419826, -0.385204, -0.354813, -0.333043, -0.32318
-0.32318, -0.313281, -0.291181, -0.259733, -0.223029, -0.186006, -0.153768, -0.13082, -0.120461
-0.120461, -0.110089, -0.0870175, -0.0543853, -0.0165867, 0.0212357, 0.0539266, 0.0770609, 0.0874673
0.0874673, 0.0978642, 0.120909, 0.153314, 0.190573, 0.227559, 0.259289, 0.281609, 0.291613
0.291613, 0.301585, 0.323607, 0.354383, 0.389491, 0.424042, 0.453439, 0.473979, 0.483147
0.483147, 0.492263, 0.51231, 0.540127, 0.571566, 0.602187, 0.627978, 0.645851, 0.653788
0.653788, 0.661653, 0.678858, 0.702512, 0.728922, 0.754289, 0.775361, 0.789793, 0.796154
0.796154, 0.802429, 0.816047, 0.834516, 0.854755, 0.873771, 0.889212, 0.899579, 0.90409
0.90409, 0.908503, 0.917946, 0.930431, 0.943624, 0.955467, 0.964608, 0.970462, 0.972928
0.972928, 0.975288, 0.980148, 0.986109, 0.991685, 0.995842, 0.998289, 0.999376, 0.99969
0.99969, 0.999896, 0.999962, 0.999141, 0.996859, 0.993151, 0.988797, 0.985071, 0.98322
0.98322, 0.981262, 0.976531, 0.968964, 0.958923, 0.94751, 0.936545, 0.928166, 0.92423
0.92423, 0.920192, 0.91087, 0.896883, 0.879517, 0.860893, 0.84379, 0.831122, 0.82527
0.82527, 0.819328, 0.805817, 0.786016, 0.762076, 0.737046, 0.714545, 0.698135, 0.690621
0.690621, 0.683031, 0.665916, 0.641157, 0.611678, 0.581324, 0.554398, 0.534956, 0.526105
0.526105, 0.517196, 0.497216, 0.46857, 0.434828, 0.400463, 0.370276, 0.348642, 0.338837
0.338837, 0.328994, 0.307014, 0.27572, 0.239172, 0.202283, 0.170141, 0.147251, 0.136915
0.136915, 0.126565, 0.103534, 0.0709452, 0.033174, -0.00464464, -0.0373515, -0.0605077, -0.070927
-0.070927, -0.0813385, -0.104422, -0.136897, -0.174259, -0.211372, -0.243229, -0.26565, -0.275702
-0.275702, -0.285724, -0.307863, -0.338819, -0.374156, -0.408957, -0.438588, -0.459304, -0.468554
-0.468554, -0.477753, -0.49799, -0.526089, -0.557872, -0.588858, -0.61498, -0.633095, -0.641143
-0.641143, -0.649121, -0.666581, -0.690607, -0.717463, -0.743292, -0.764776, -0.779507, -0.786005
-0.786005, -0.792417, -0.806345, -0.82526, -0.846026, -0.865582, -0.881499, -0.892208, -0.896875
-0.896875, -0.901445, -0.911238, -0.924223, -0.938002, -0.950439, -0.9601, -0.966325, -0.968959
-0.968959, -0.971488, -0.976723, -0.983217, -0.989413, -0.994193, -0.997181, -0.998653, -0.99914
-0.99914, -0.999518, -0.999969, -0.999691, -0.998036, -0.994953, -0.991138, -0.987792, -0.986112
-0.986112, -0.984324, -0.97997, -0.972932, -0.963497, -0.952684, -0.942232, -0.934214, -0.930438
-0.930438, -0.926561, -0.917592, -0.904098, -0.887292, -0.869216, -0.852578, -0.840234, -0.834526
-0.834526, -0.828728, -0.815531, -0.796165, -0.772714, -0.748158, -0.726054, -0.709918, -0.702525
-0.702525, -0.695056, -0.678202, -0.653801, -0.62472, -0.594745, -0.568131, -0.5489, -0.540142
-0.540142, -0.531325, -0.511543, -0.483163, -0.449709, -0.415611, -0.385638, -0.364145, -0.3544
-0.3544, -0.344617, -0.322762, -0.29163, -0.25525, -0.218504, -0.186468, -0.163642, -0.153332
-0.153332, -0.143006, -0.120023, -0.0874855, -0.0497522, -0.0119477, 0.020766, 0.0439379, 0.0543671
0.0543671, 0.0647904, 0.0879067, 0.120443, 0.157897, 0.195125, 0.227102, 0.249618, 0.259715
0.259715, 0.269784, 0.292035, 0.323162, 0.358718, 0.39376, 0.423617, 0.444502, 0.453832
0.453832, 0.463111, 0.483534, 0.511906, 0.544025, 0.575366, 0.601812, 0.620164, 0.628322
0.628322, 0.636411, 0.654121, 0.678513, 0.705806, 0.73209, 0.753981, 0.769006, 0.775639
0.775639, 0.782188, 0.796421, 0.815776, 0.837064, 0.857154, 0.873543, 0.884592, 0.889414
0.889414, 0.894138, 0.904279, 0.91776, 0.932121, 0.94515, 0.955328, 0.961923, 0.964724
0.964724, 0.967421, 0.97303, 0.980055, 0.986869, 0.992271, 0.995799, 0.997654, 0.998314
0.998314, 0.998866, 0.999701, 0.999966, 0.998938, 0.996481, 0.993206, 0.990241, 0.988732
0.988732, 0.987115, 0.98314, 0.976632, 0.967807, 0.957596, 0.94766, 0.940004, 0.93639

-0.665149, -0.67291, -0.689878, -0.713188, -0.739186, -0.764126, -0.784817, -0.798973, -0.805208
-0.805208, -0.811356, -0.82469, -0.842749, -0.862502, -0.881022, -0.896025, -0.906077, -0.910446
-0.910446, -0.914715, -0.923837, -0.935864, -0.948519, -0.959818, -0.968483, -0.973997, -0.97631
-0.97631, -0.978516, -0.983032, -0.988506, -0.993516, -0.997105, -0.999059, -0.999796, -0.999952
-0.999952, -1, -0.999715, -0.9984, -0.995548, -0.991271, -0.986429, -0.982357, -0.980351
-0.980351, -0.978238, -0.973165, -0.965117, -0.954526, -0.942569, -0.93114, -0.922436, -0.918353
-0.918353, -0.914171, -0.904528, -0.890097, -0.872225, -0.853105, -0.835582, -0.822622, -0.81664
-0.81664, -0.810569, -0.796775, -0.776583, -0.752203, -0.726747, -0.70389, -0.687234, -0.679611
-0.679611, -0.671914, -0.654564, -0.629485, -0.599652, -0.56896, -0.541756, -0.522125, -0.513191
-0.513191, -0.504202, -0.484046, -0.455165, -0.421168, -0.386568, -0.356195, -0.334437, -0.324578
-0.324578, -0.314684, -0.292595, -0.26116, -0.22447, -0.187459, -0.155229, -0.132285, -0.121928
-0.121928, -0.111558, -0.08849, -0.0558613, -0.0180647, 0.0197578, 0.0524505, 0.075587, 0.0859946
0.0859946, 0.096393, 0.119442, 0.151853, 0.189122, 0.22612, 0.257861, 0.28019, 0.290199
0.290199, 0.300175, 0.322208, 0.353001, 0.388129, 0.422703, 0.45212, 0.472677, 0.481853
0.481853, 0.490976, 0.51104, 0.538882, 0.570352, 0.601006, 0.626827, 0.644722, 0.652668
0.652668, 0.660544, 0.677771, 0.701459, 0.727909, 0.753318, 0.774426, 0.788885, 0.795259
0.795259, 0.801546, 0.815192, 0.833701, 0.853987, 0.873052, 0.888535, 0.898932, 0.903457
0.903457, 0.907884, 0.917359, 0.929888, 0.943134, 0.955029, 0.964217, 0.970104, 0.972585
0.972585, 0.97496, 0.979854, 0.985862, 0.991493, 0.995706, 0.998201, 0.999323, 0.999653
0.999653, 0.999873, 0.999974, 0.999201, 0.996975, 0.993322, 0.989017, 0.985325, 0.983489
0.983489, 0.981546, 0.976849, 0.969328, 0.959341, 0.947981, 0.937062, 0.928716, 0.924793
0.924793, 0.92077, 0.911479, 0.897536, 0.88022, 0.861644, 0.844582, 0.831943, 0.826104
0.826104, 0.820175, 0.806691, 0.786929, 0.763032, 0.738044, 0.715578, 0.699192, 0.691689
0.691689, 0.68411, 0.667018, 0.642291, 0.612847, 0.582527, 0.555628, 0.536204, 0.527361
0.527361, 0.518461, 0.498498, 0.469875, 0.436158, 0.401817, 0.371649, 0.350027, 0.340227
0.340227, 0.33039, 0.30842, 0.27714, 0.240607, 0.203731, 0.171598, 0.148713, 0.13838
0.13838, 0.128031, 0.105005, 0.0724196, 0.0346514, -0.0031664, -0.0358742, -0.0590321, -0.0694524
-0.0694524, -0.0798651, -0.102952, -0.135433, -0.172803, -0.209926, -0.241795, -0.264225, -0.274281
-0.274281, -0.284307, -0.306456, -0.337428, -0.372785, -0.407608, -0.437259, -0.45799, -0.467248
-0.467248, -0.476454, -0.496708, -0.524831, -0.556645, -0.587662, -0.613813, -0.63195, -0.640008
-0.640008, -0.647996, -0.665479, -0.689538, -0.716432, -0.742302, -0.763823, -0.77858, -0.78509
-0.78509, -0.791515, -0.80547, -0.824424, -0.845237, -0.864841, -0.8808, -0.89154, -0.896221
-0.896221, -0.900804, -0.910628, -0.923657, -0.937488, -0.949978, -0.959686, -0.965944, -0.968593
-0.968593, -0.971137, -0.976405, -0.982946, -0.989197, -0.994033, -0.997069, -0.998575, -0.999078
-0.999078, -0.999472, -0.999956, -0.999727, -0.998127, -0.9951, -0.991333, -0.988021, -0.986356
-0.986356, -0.984583, -0.980264, -0.973273, -0.963892, -0.953133, -0.942726, -0.93474, -0.930979
-0.930979, -0.927116, -0.918178, -0.904729, -0.887973, -0.869946, -0.85335, -0.841035, -0.83534
-0.83534, -0.829554, -0.816386, -0.797059, -0.773652, -0.749138, -0.72707, -0.710958, -0.703576
-0.703576, -0.696118, -0.679287, -0.654919, -0.625873, -0.595932, -0.569347, -0.550135, -0.541386
-0.541386, -0.532577, -0.512813, -0.484457, -0.451029, -0.416955, -0.387001, -0.365521, -0.355782
-0.355782, -0.346004, -0.324161, -0.293044, -0.256679, -0.219946, -0.18792, -0.1651, -0.154793
-0.154793, -0.144468, -0.12149, -0.088958, -0.0512286, -0.0134258, 0.0192881, 0.042461, 0.052891
0.052891, 0.0633152, 0.0864341, 0.118975, 0.156437, 0.193675, 0.225662, 0.248186, 0.258287
0.258287, 0.268361, 0.290621, 0.321763, 0.357338, 0.392401, 0.422277, 0.443178, 0.452514
0.452514, 0.461801, 0.482239, 0.510636, 0.542785, 0.574157, 0.60063, 0.619004, 0.627171
0.627171, 0.63527, 0.653002, 0.677426, 0.704758, 0.731082, 0.753009, 0.768061, 0.774705
0.774705, 0.781266, 0.795526, 0.81492, 0.836254, 0.856392, 0.872822, 0.883902, 0.888737
0.888737, 0.893475, 0.903646, 0.917172, 0.931585, 0.944666, 0.95489, 0.961518, 0.964334

-0.101043, -0.111425, -0.134434, -0.166774, -0.203941, -0.240816, -0.272434, -0.294667, -0.304629
-0.304629, -0.314558, -0.336479, -0.367101, -0.402014, -0.436352, -0.46555, -0.485942, -0.495041
-0.495041, -0.504087, -0.523973, -0.551552, -0.582701, -0.613017, -0.638532, -0.656201, -0.664045
-0.664045, -0.671816, -0.688807, -0.712151, -0.738189, -0.763171, -0.7839, -0.798083, -0.804331
-0.804331, -0.810491, -0.823853, -0.841952, -0.861753, -0.880322, -0.895367, -0.905451, -0.909833
-0.909833, -0.914117, -0.92327, -0.935342, -0.94805, -0.959402, -0.968114, -0.973661, -0.975989
-0.975989, -0.97821, -0.98276, -0.988282, -0.993347, -0.996991, -0.998993, -0.999765, -0.999937
-0.999937, -1, -0.99975, -0.998483, -0.995686, -0.991465, -0.98667, -0.982633, -0.980641
-0.980641, -0.978543, -0.973504, -0.965503, -0.954966, -0.943062, -0.931678, -0.923005, -0.918937
-0.918937, -0.914769, -0.905158, -0.890769, -0.872947, -0.853875, -0.836394, -0.823462, -0.817493
-0.817493, -0.811434, -0.797667, -0.777513, -0.753176, -0.727762, -0.704939, -0.688307, -0.680695
-0.680695, -0.673008, -0.655681, -0.630633, -0.600834, -0.570175, -0.542998, -0.523385, -0.51446
-0.51446, -0.505478, -0.485339, -0.45648, -0.422508, -0.387931, -0.357575, -0.33583, -0.325976
-0.325976, -0.316087, -0.294008, -0.262587, -0.22591, -0.18891, -0.156689, -0.13375, -0.123395
-0.123395, -0.113027, -0.0899624, -0.0573372, -0.0195427, 0.0182798, 0.0509742, 0.0741128, 0.0845218
0.0845218, 0.0949215, 0.117974, 0.150392, 0.18767, 0.22468, 0.256433, 0.278771, 0.288784
0.288784, 0.298765, 0.320808, 0.351617, 0.386767, 0.421363, 0.450801, 0.471374, 0.480557
0.480557, 0.489687, 0.509769, 0.537636, 0.569137, 0.599824, 0.625675, 0.643591, 0.651548
0.651548, 0.659433, 0.676684, 0.700405, 0.726895, 0.752345, 0.77349, 0.787976, 0.794362
0.794362, 0.800661, 0.814335, 0.832884, 0.853217, 0.87233, 0.887855, 0.898284, 0.902823
0.902823, 0.907264, 0.916769, 0.929344, 0.942641, 0.95459, 0.963824, 0.969744, 0.97224
0.97224, 0.974631, 0.979557, 0.985613, 0.9913, 0.995568, 0.998112, 0.999267, 0.999612
0.999612, 0.999849, 0.999983, 0.999259, 0.997089, 0.993492, 0.989234, 0.985576, 0.983755
0.983755, 0.981827, 0.977164, 0.969691, 0.959757, 0.948451, 0.937577, 0.929263, 0.925355
0.925355, 0.921346, 0.912086, 0.898187, 0.88092, 0.862393, 0.845373, 0.832762, 0.826936
0.826936, 0.82102, 0.807564, 0.78784, 0.763987, 0.739041, 0.71661, 0.700248, 0.692756
0.692756, 0.685188, 0.668118, 0.643423, 0.614014, 0.583727, 0.556856, 0.537451, 0.528617
0.528617, 0.519724, 0.499779, 0.47118, 0.437488, 0.40317, 0.373021, 0.351412, 0.341617
0.341617, 0.331785, 0.309826, 0.27856, 0.242042, 0.205178, 0.173054, 0.150175, 0.139843
0.139843, 0.129497, 0.106475, 0.0738939, 0.0361287, -0.00168815, -0.0343969, -0.0575564, -0.0679776
-0.0679776, -0.0783914, -0.101482, -0.133968, -0.171347, -0.208481, -0.24036, -0.262799, -0.272859
-0.272859, -0.282889, -0.305049, -0.336036, -0.371413, -0.406258, -0.435929, -0.456676, -0.46594
-0.46594, -0.475154, -0.495424, -0.523572, -0.555416, -0.586465, -0.612646, -0.630803, -0.638871
-0.638871, -0.646869, -0.664374, -0.688466, -0.7154, -0.741311, -0.762868, -0.777651, -0.784174
-0.784174, -0.79061, -0.804593, -0.823586, -0.844446, -0.864098, -0.880099, -0.890869, -0.895564
-0.895564, -0.900161, -0.910016, -0.92309, -0.936973, -0.949516, -0.959269, -0.96556, -0.968224
-0.968224, -0.970783, -0.976085, -0.982673, -0.988979, -0.993871, -0.996955, -0.998495, -0.999013
-0.999013, -0.999422, -0.999942, -0.99976, -0.998216, -0.995245, -0.991526, -0.988248, -0.986598
-0.986598, -0.984841, -0.980555, -0.973611, -0.964285, -0.953579, -0.943218, -0.935264, -0.931517
-0.931517, -0.927669, -0.918763, -0.905357, -0.888651, -0.870674, -0.85412, -0.841833, -0.836152
-0.836152, -0.830379, -0.817238, -0.797951, -0.774587, -0.750116, -0.728084, -0.711997, -0.704626
-0.704626, -0.697178, -0.680372, -0.656036, -0.627026, -0.597119, -0.570561, -0.551369, -0.542628
-0.542628, -0.533828, -0.514081, -0.48575, -0.452348, -0.418298, -0.388364, -0.366897, -0.357163
-0.357163, -0.347391, -0.325559, -0.294457, -0.258107, -0.221388, -0.189372, -0.166558, -0.156253
-0.156253, -0.145931, -0.122958, -0.0904303, -0.0527048, -0.0149039, 0.0178101, 0.0409841, 0.0514148
0.0514148, 0.0618398, 0.0849613, 0.117507, 0.154977, 0.192225, 0.224222, 0.246754, 0.256859
0.256859, 0.266936, 0.289206, 0.320363, 0.355957, 0.391041, 0.420937, 0.441852, 0.451195
0.451195, 0.460489, 0.480944, 0.509364, 0.541542, 0.572946, 0.599448, 0.617842, 0.626019

0.50144, 0.492379, 0.472069, 0.442981, 0.408761, 0.373957, 0.34342, 0.321555, 0.31165
0.31165, 0.301712, 0.279529, 0.247973, 0.211161, 0.174047, 0.141744, 0.118757, 0.108383
0.108383, 0.0979968, 0.0748996, 0.0422417, 0.00442951, -0.033389, -0.0660626, -0.0891766, -0.0995719
-0.0995719, -0.109956, -0.132969, -0.165317, -0.202494, -0.239381, -0.271012, -0.293254, -0.303221
-0.303221, -0.313154, -0.335086, -0.365726, -0.40066, -0.435021, -0.464241, -0.484649, -0.493756
-0.493756, -0.502809, -0.522713, -0.550319, -0.581499, -0.611848, -0.637393, -0.655085, -0.662939
-0.662939, -0.67072, -0.687734, -0.711112, -0.737191, -0.762215, -0.782981, -0.797191, -0.803452
-0.803452, -0.809625, -0.823014, -0.841153, -0.861002, -0.87962, -0.894708, -0.904822, -0.909219
-0.909219, -0.913516, -0.922701, -0.934818, -0.947579, -0.958984, -0.967743, -0.973323, -0.975666
-0.975666, -0.977902, -0.982486, -0.988055, -0.993176, -0.996876, -0.998926, -0.999732, -0.999919
-0.999919, -0.999997, -0.999782, -0.998563, -0.995822, -0.991657, -0.98691, -0.982906, -0.98093
-0.98093, -0.978847, -0.973841, -0.965887, -0.955403, -0.943553, -0.932214, -0.923573, -0.919519
-0.919519, -0.915365, -0.905785, -0.89144, -0.873667, -0.854644, -0.837203, -0.8243, -0.818343
-0.818343, -0.812297, -0.798558, -0.778442, -0.754148, -0.728775, -0.705987, -0.689378, -0.681777
-0.681777, -0.674101, -0.656796, -0.63178, -0.602015, -0.571389, -0.544239, -0.524644, -0.515727
-0.515727, -0.506753, -0.486631, -0.457795, -0.423847, -0.389293, -0.358956, -0.337222, -0.327373
-0.327373, -0.317489, -0.295421, -0.264013, -0.22735, -0.190362, -0.158149, -0.135215, -0.124862
-0.124862, -0.114495, -0.0914345, -0.058813, -0.0210206, 0.0168018, 0.0494978, 0.0726386, 0.0830487
0.0830487, 0.0934498, 0.116506, 0.14893, 0.186218, 0.223239, 0.255004, 0.277351, 0.287368
0.287368, 0.297354, 0.319408, 0.350233, 0.385403, 0.420022, 0.449481, 0.470069, 0.47926
0.47926, 0.488398, 0.508496, 0.536389, 0.567921, 0.59864, 0.624521, 0.642459, 0.650426
0.650426, 0.658321, 0.675595, 0.699349, 0.725879, 0.75137, 0.772553, 0.787065, 0.793463
0.793463, 0.799775, 0.813476, 0.832065, 0.852445, 0.871606, 0.887174, 0.897633, 0.902186
0.902186, 0.906641, 0.916178, 0.928797, 0.942147, 0.954149, 0.963429, 0.969382, 0.971893
0.971893, 0.974299, 0.979259, 0.985362, 0.991104, 0.995428, 0.99802, 0.99921, 0.99957
0.99957, 0.999822, 0.999991, 0.999315, 0.9972, 0.993659, 0.98945, 0.985825, 0.98402
0.98402, 0.982107, 0.977477, 0.970051, 0.960171, 0.948918, 0.93809, 0.929808, 0.925914
0.925914, 0.921919, 0.912691, 0.898836, 0.881619, 0.863141, 0.846162, 0.83358, 0.827766
0.827766, 0.821863, 0.808435, 0.78875, 0.76494, 0.740036, 0.71764, 0.701303, 0.693821
0.693821, 0.686264, 0.669217, 0.644554, 0.61518, 0.584927, 0.558084, 0.538697, 0.529871
0.529871, 0.520987, 0.501059, 0.472483, 0.438817, 0.404523, 0.374392, 0.352795, 0.343006
0.343006, 0.333179, 0.311231, 0.27998, 0.243476, 0.206624, 0.17451, 0.151636, 0.141307
0.141307, 0.130962, 0.107944, 0.075368, 0.037606, -0.000209904, -0.0329195, -0.0560805, -0.0665027
-0.0665027, -0.0769177, -0.100011, -0.132503, -0.16989, -0.207035, -0.238925, -0.261372, -0.271436
-0.271436, -0.281471, -0.303641, -0.334644, -0.37004, -0.404906, -0.434598, -0.45536, -0.464632
-0.464632, -0.473852, -0.49414, -0.522312, -0.554186, -0.585267, -0.611477, -0.629656, -0.637733
-0.637733, -0.645741, -0.663269, -0.687393, -0.714367, -0.740318, -0.761911, -0.776721, -0.783256
-0.783256, -0.789704, -0.803714, -0.822747, -0.843653, -0.863353, -0.879396, -0.890197, -0.894905
-0.894905, -0.899516, -0.909402, -0.92252, -0.936455, -0.949051, -0.958851, -0.965175, -0.967854
-0.967854, -0.970427, -0.975762, -0.982398, -0.988759, -0.993706, -0.996839, -0.998413, -0.998946
-0.998946, -0.999371, -0.999925, -0.999791, -0.998304, -0.995388, -0.991717, -0.988473, -0.986838
-0.986838, -0.985096, -0.980844, -0.973947, -0.964675, -0.954023, -0.943708, -0.935786, -0.932054
-0.932054, -0.92822, -0.919346, -0.905984, -0.889328, -0.8714, -0.854887, -0.84263, -0.836962
-0.836962, -0.831202, -0.81809, -0.798841, -0.775522, -0.751093, -0.729096, -0.713034, -0.705674
-0.705674, -0.698237, -0.681454, -0.657151, -0.628177, -0.598304, -0.571775, -0.552602, -0.543869
-0.543869, -0.535077, -0.515349, -0.487041, -0.453665, -0.419641, -0.389726, -0.368272, -0.358544
-0.358544, -0.348777, -0.326956, -0.295869, -0.259535, -0.22283, -0.190823, -0.168015, -0.157713
-0.157713, -0.147393, -0.124424, -0.0919024, -0.0541809, -0.016382, 0.016332, 0.039507, 0.0499384

0.913474, 0.909175, 0.899277, 0.88449, 0.866214, 0.846699, 0.828842, 0.815649, 0.809563
0.809563, 0.80339, 0.78937, 0.768866, 0.744136, 0.718342, 0.695202, 0.678351, 0.670642
0.670642, 0.66286, 0.645325, 0.619992, 0.589878, 0.55892, 0.531498, 0.511718, 0.502719
0.502719, 0.493665, 0.473372, 0.444306, 0.41011, 0.375327, 0.344808, 0.322955, 0.313055
0.313055, 0.303121, 0.280948, 0.249405, 0.212606, 0.175503, 0.143207, 0.120225, 0.109852
0.109852, 0.0994678, 0.0763736, 0.0437186, 0.00590774, -0.0319115, -0.0645875, -0.0877042, -0.0981009
-0.0981009, -0.108487, -0.131503, -0.163859, -0.201046, -0.237946, -0.269589, -0.29184, -0.301812
-0.301812, -0.31175, -0.333693, -0.364349, -0.399305, -0.43369, -0.462931, -0.483356, -0.49247
-0.49247, -0.501531, -0.521452, -0.549084, -0.580296, -0.610678, -0.636254, -0.653967, -0.661831
-0.661831, -0.669623, -0.68666, -0.710072, -0.736191, -0.761258, -0.782061, -0.796298, -0.802571
-0.802571, -0.808756, -0.822173, -0.840353, -0.86025, -0.878915, -0.894047, -0.904192, -0.908602
-0.908602, -0.912914, -0.922131, -0.934292, -0.947105, -0.958564, -0.967369, -0.972983, -0.975341
-0.975341, -0.977592, -0.982209, -0.987826, -0.993002, -0.996758, -0.998856, -0.999696, -0.999899
-0.999899, -0.999993, -0.999811, -0.998641, -0.995956, -0.991846, -0.987147, -0.983177, -0.981216
-0.981216, -0.979148, -0.974176, -0.966269, -0.955839, -0.944041, -0.932748, -0.924139, -0.920099
-0.920099, -0.915959, -0.906411, -0.892109, -0.874385, -0.85541, -0.83801, -0.825136, -0.819192
-0.819192, -0.813159, -0.799447, -0.779369, -0.755118, -0.729786, -0.707033, -0.690449, -0.682858
-0.682858, -0.675192, -0.65791, -0.632925, -0.603195, -0.572602, -0.545479, -0.525902, -0.516993
-0.516993, -0.508026, -0.487922, -0.459109, -0.425186, -0.390654, -0.360335, -0.338613, -0.32877
-0.32877, -0.31889, -0.296833, -0.265438, -0.228789, -0.191813, -0.159608, -0.13668, -0.126329
-0.126329, -0.115964, -0.0929065, -0.0602886, -0.0224985, 0.0153237, 0.0480213, 0.0711642, 0.0815755
0.0815755, 0.0919779, 0.115037, 0.147468, 0.184765, 0.221798, 0.253574, 0.275931, 0.285952
0.285952, 0.295942, 0.318006, 0.348848, 0.384038, 0.41868, 0.44816, 0.468764, 0.477962
0.477962, 0.487108, 0.507223, 0.535141, 0.566704, 0.597456, 0.623366, 0.641325, 0.649302
0.649302, 0.657208, 0.674504, 0.698292, 0.724861, 0.750394, 0.771613, 0.786152, 0.792562
0.792562, 0.798886, 0.812616, 0.831244, 0.851671, 0.870881, 0.886491, 0.89698, 0.901548
0.901548, 0.906016, 0.915585, 0.928248, 0.94165, 0.953705, 0.963032, 0.969018, 0.971544
0.971544, 0.973965, 0.978958, 0.985109, 0.990906, 0.995286, 0.997926, 0.99915, 0.999526
0.999526, 0.999793, 0.999996, 0.999368, 0.99731, 0.993824, 0.989663, 0.986072, 0.984282
0.984282, 0.982384, 0.977788, 0.970409, 0.960583, 0.949384, 0.938601, 0.930351, 0.926471
0.926471, 0.922491, 0.913294, 0.899483, 0.882316, 0.863886, 0.846949, 0.834395, 0.828595
0.828595, 0.822704, 0.809304, 0.789658, 0.765891, 0.741029, 0.718669, 0.702356, 0.694885
0.694885, 0.687338, 0.670315, 0.645683, 0.616345, 0.586125, 0.55931, 0.539942, 0.531124
0.531124, 0.522248, 0.502337, 0.473786, 0.440145, 0.405874, 0.375763, 0.354178, 0.344394
0.344394, 0.334572, 0.312636, 0.281398, 0.24491, 0.20807, 0.175965, 0.153097, 0.14277
0.14277, 0.132428, 0.109414, 0.076842, 0.0390831, 0.00126835, -0.031442, -0.0546045, -0.0650277
-0.0650277, -0.0754437, -0.0985398, -0.131038, -0.168434, -0.205588, -0.237489, -0.259945, -0.270013
-0.270013, -0.280052, -0.302232, -0.33325, -0.368666, -0.403554, -0.433266, -0.454043, -0.463322
-0.463322, -0.47255, -0.492854, -0.521051, -0.552955, -0.584068, -0.610306, -0.628507, -0.636594
-0.636594, -0.644612, -0.662162, -0.686319, -0.713331, -0.739323, -0.760953, -0.775789, -0.782336
-0.782336, -0.788797, -0.802834, -0.821906, -0.842859, -0.862606, -0.878691, -0.889522, -0.894244
-0.894244, -0.898869, -0.908787, -0.921949, -0.935936, -0.948584, -0.95843, -0.964787, -0.967481
-0.967481, -0.970069, -0.975438, -0.982121, -0.988537, -0.99354, -0.99672, -0.998328, -0.998877
-0.998877, -0.999318, -0.999905, -0.99982, -0.998389, -0.995529, -0.991906, -0.988696, -0.987076
-0.987076, -0.985349, -0.981131, -0.974282, -0.965064, -0.954465, -0.944196, -0.936306, -0.932588
-0.932588, -0.928769, -0.919926, -0.906609, -0.890003, -0.872124, -0.855653, -0.843425, -0.83777
-0.83777, -0.832023, -0.818939, -0.799729, -0.776454, -0.752068, -0.730107, -0.71407, -0.706721
-0.706721, -0.699295, -0.682535, -0.658264, -0.629326, -0.599488, -0.572987, -0.553833, -0.545109

0.978565, 0.980662, 0.984935, 0.990065, 0.994674, 0.99786, 0.999465, 0.999955, 1
1, 0.999936, 0.999404, 0.997739, 0.994484, 0.989807, 0.984619, 0.980304, 0.978188
0.978188, 0.975966, 0.970652, 0.962266, 0.951288, 0.938949, 0.927192, 0.918259, 0.914074
0.914074, 0.90979, 0.899923, 0.885178, 0.866951, 0.847484, 0.829668, 0.816503, 0.81043
0.81043, 0.804269, 0.790276, 0.76981, 0.745123, 0.71937, 0.696264, 0.679437, 0.671738
0.671738, 0.663966, 0.646453, 0.621151, 0.591071, 0.560145, 0.532749, 0.512987, 0.503996
0.503996, 0.49495, 0.474673, 0.44563, 0.411458, 0.376697, 0.346195, 0.324353, 0.314458
0.314458, 0.304529, 0.282366, 0.250836, 0.21405, 0.176958, 0.14467, 0.121692, 0.111321
0.111321, 0.100939, 0.0778474, 0.0451954, 0.00738596, -0.030434, -0.0631122, -0.0862315, -0.0966296
-0.0966296, -0.107017, -0.130038, -0.1624, -0.199598, -0.23651, -0.268165, -0.290426, -0.300402
-0.300402, -0.310345, -0.332299, -0.362972, -0.397949, -0.432357, -0.46162, -0.482061, -0.491183
-0.491183, -0.500251, -0.52019, -0.547848, -0.579092, -0.609507, -0.635113, -0.652848, -0.660722
-0.660722, -0.668524, -0.685585, -0.709031, -0.73519, -0.760298, -0.781139, -0.795403, -0.801688
-0.801688, -0.807886, -0.821331, -0.839551, -0.859495, -0.878209, -0.893384, -0.903559, -0.907984
-0.907984, -0.91231, -0.921558, -0.933764, -0.94663, -0.958142, -0.966993, -0.972641, -0.975013
-0.975013, -0.97728, -0.981931, -0.987595, -0.992827, -0.996638, -0.998785, -0.999659, -0.999877
-0.999877, -0.999986, -0.999839, -0.998717, -0.996088, -0.992034, -0.987382, -0.983446, -0.9815
-0.9815, -0.979447, -0.974508, -0.966648, -0.956272, -0.944528, -0.93328, -0.924703, -0.920677
-0.920677, -0.916551, -0.907034, -0.892776, -0.875101, -0.856175, -0.838816, -0.82597, -0.820039
-0.820039, -0.814018, -0.800334, -0.780295, -0.756086, -0.730796, -0.708077, -0.691517, -0.683937
-0.683937, -0.676282, -0.659023, -0.634069, -0.604373, -0.573813, -0.546717, -0.527159, -0.518257
-0.518257, -0.509299, -0.489212, -0.460422, -0.426523, -0.392015, -0.361713, -0.340003, -0.330165
-0.330165, -0.320291, -0.298244, -0.266863, -0.230228, -0.193264, -0.161067, -0.138144, -0.127795
-0.127795, -0.117432, -0.0943782, -0.0617641, -0.0239764, 0.0138456, 0.0465447, 0.0696896, 0.0801021
0.0801021, 0.0905058, 0.113569, 0.146006, 0.183312, 0.220356, 0.252144, 0.274509, 0.284535
0.284535, 0.29453, 0.316605, 0.347462, 0.382673, 0.417337, 0.446838, 0.467458, 0.476663
0.476663, 0.485816, 0.505948, 0.533892, 0.565485, 0.596269, 0.622209, 0.64019, 0.648177
0.648177, 0.656093, 0.673412, 0.697233, 0.723842, 0.749416, 0.770672, 0.785237, 0.79166
0.79166, 0.797996, 0.811753, 0.830421, 0.850896, 0.870153, 0.885806, 0.896326, 0.900907
0.900907, 0.90539, 0.914989, 0.927697, 0.941152, 0.953259, 0.962633, 0.968652, 0.971193
0.971193, 0.973628, 0.978656, 0.984854, 0.990706, 0.995141, 0.997829, 0.999088, 0.999479
0.999479, 0.999762, 0.999999, 0.99942, 0.997417, 0.993987, 0.989874, 0.986317, 0.984542
0.984542, 0.982659, 0.978097, 0.970765, 0.960993, 0.949847, 0.93911, 0.930892, 0.927027
0.927027, 0.923061, 0.913895, 0.900128, 0.88301, 0.86463, 0.847734, 0.835209, 0.829422
0.829422, 0.823543, 0.810172, 0.790564, 0.766841, 0.742021, 0.719696, 0.703407, 0.695947
0.695947, 0.688411, 0.671411, 0.646811, 0.617509, 0.587322, 0.560535, 0.541186, 0.532376
0.532376, 0.523508, 0.503615, 0.475087, 0.441472, 0.407225, 0.377132, 0.35556, 0.345781
0.345781, 0.335965, 0.31404, 0.282817, 0.246343, 0.209516, 0.17742, 0.154558, 0.144233
0.144233, 0.133893, 0.110883, 0.0783158, 0.0405602, 0.00274659, -0.0299644, -0.0531284, -0.0635525
-0.0635525, -0.0739696, -0.0970687, -0.129572, -0.166976, -0.204142, -0.236053, -0.258517, -0.26859
-0.26859, -0.278633, -0.300823, -0.331856, -0.367292, -0.402201, -0.431934, -0.452726, -0.462012
-0.462012, -0.471247, -0.491567, -0.519789, -0.551723, -0.582868, -0.609135, -0.627356, -0.635453
-0.635453, -0.643481, -0.661053, -0.685243, -0.712295, -0.738327, -0.759993, -0.774856, -0.781414
-0.781414, -0.787887, -0.801952, -0.821063, -0.842062, -0.861857, -0.877985, -0.888846, -0.893582
-0.893582, -0.89822, -0.908169, -0.921375, -0.935414, -0.948115, -0.958007, -0.964397, -0.967106
-0.967106, -0.969709, -0.975111, -0.981842, -0.988313, -0.993371, -0.996599, -0.998242, -0.998806
-0.998806, -0.999262, -0.999884, -0.999847, -0.998471, -0.995667, -0.992093, -0.988916, -0.987312
-0.987312, -0.9856, -0.981416, -0.974614, -0.96545, -0.954905, -0.944682, -0.936825, -0.933121

0.671992, 0.679688, 0.69651, 0.719608, 0.745351, 0.770029, 0.790486, 0.804472, 0.810631
0.810631, 0.816701, 0.829859, 0.847666, 0.867122, 0.885338, 0.900072, 0.909932, 0.914213
0.914213, 0.918395, 0.92732, 0.939066, 0.951393, 0.962359, 0.970734, 0.976041, 0.978259
0.978259, 0.980371, 0.984679, 0.989856, 0.99452, 0.997762, 0.999415, 0.999939, 1
1, 0.999951, 0.999454, 0.997838, 0.994638, 0.990016, 0.984876, 0.980595, 0.978494
0.978494, 0.976287, 0.971006, 0.962667, 0.951742, 0.939456, 0.927745, 0.918843, 0.914673
0.914673, 0.910402, 0.900567, 0.885865, 0.867687, 0.848268, 0.830492, 0.817356, 0.811295
0.811295, 0.805146, 0.791181, 0.770753, 0.746108, 0.720396, 0.697324, 0.680521, 0.672833
0.672833, 0.665071, 0.64758, 0.622309, 0.592263, 0.561369, 0.534, 0.514256, 0.505272
0.505272, 0.496234, 0.475974, 0.446952, 0.412804, 0.378066, 0.347582, 0.325751, 0.315861
0.315861, 0.305937, 0.283784, 0.252267, 0.215494, 0.178413, 0.146132, 0.123159, 0.11279
0.11279, 0.102409, 0.0793211, 0.0466721, 0.00886416, -0.0289564, -0.0616369, -0.0847587, -0.0951582
-0.0951582, -0.105547, -0.128572, -0.160941, -0.198149, -0.235073, -0.26674, -0.289011, -0.298992
-0.298992, -0.308939, -0.330905, -0.361595, -0.396593, -0.431024, -0.460308, -0.480765, -0.489895
-0.489895, -0.498971, -0.518927, -0.54661, -0.577886, -0.608335, -0.63397, -0.651728, -0.659612
-0.659612, -0.667424, -0.684508, -0.707987, -0.734187, -0.759337, -0.780215, -0.794506, -0.800804
-0.800804, -0.807014, -0.820487, -0.838747, -0.858738, -0.877501, -0.892719, -0.902925, -0.907364
-0.907364, -0.911703, -0.920983, -0.933234, -0.946152, -0.957717, -0.966616, -0.972296, -0.974684
-0.974684, -0.976965, -0.98165, -0.987362, -0.992649, -0.996516, -0.998711, -0.999619, -0.999853
-0.999853, -0.999977, -0.999864, -0.998791, -0.996217, -0.992219, -0.987615, -0.983713, -0.981782
-0.981782, -0.979745, -0.974839, -0.967026, -0.956703, -0.945012, -0.933809, -0.925264, -0.921253
-0.921253, -0.917142, -0.907655, -0.893441, -0.875816, -0.856938, -0.83962, -0.826802, -0.820884
-0.820884, -0.814876, -0.80122, -0.781218, -0.757053, -0.731804, -0.70912, -0.692584, -0.685014
-0.685014, -0.67737, -0.660134, -0.635211, -0.60555, -0.575023, -0.547954, -0.528415, -0.519521
-0.519521, -0.510571, -0.4905, -0.461733, -0.42786, -0.393374, -0.363091, -0.341393, -0.33156
-0.33156, -0.321691, -0.299655, -0.268288, -0.231666, -0.194714, -0.162526, -0.139608, -0.129261
-0.129261, -0.1189, -0.0958498, -0.0632394, -0.0254542, 0.0123675, 0.045068, 0.0682148, 0.0786285
0.0786285, 0.0890336, 0.1121, 0.144544, 0.181859, 0.218914, 0.250713, 0.273088, 0.283118
0.283118, 0.293117, 0.315202, 0.346076, 0.381307, 0.415993, 0.445515, 0.46615, 0.475363
0.475363, 0.484523, 0.504673, 0.532641, 0.564265, 0.595082, 0.621051, 0.639054, 0.647051
0.647051, 0.654977, 0.672318, 0.696172, 0.722821, 0.748436, 0.769729, 0.784321, 0.790756
0.790756, 0.797105, 0.810889, 0.829597, 0.850118, 0.869424, 0.885119, 0.89567, 0.900264
0.900264, 0.904761, 0.914392, 0.927144, 0.940651, 0.952812, 0.962231, 0.968284, 0.97084
0.97084, 0.97329, 0.978351, 0.984597, 0.990504, 0.994995, 0.997731, 0.999024, 0.99943
0.99943, 0.999728, 1, 0.999469, 0.997522, 0.994148, 0.990082, 0.98656, 0.9848
0.9848, 0.982932, 0.978403, 0.971118, 0.961401, 0.950308, 0.939617, 0.931431, 0.92758
0.92758, 0.923628, 0.914494, 0.900771, 0.883703, 0.865372, 0.848517, 0.836021, 0.830246
0.830246, 0.824381, 0.811037, 0.791468, 0.767789, 0.743011, 0.720722, 0.704457, 0.697008
0.697008, 0.689483, 0.672506, 0.647938, 0.618671, 0.588518, 0.561758, 0.542428, 0.533627
0.533627, 0.524767, 0.504892, 0.476387, 0.442797, 0.408574, 0.378501, 0.356941, 0.347168
0.347168, 0.337357, 0.315443, 0.284234, 0.247775, 0.210961, 0.178875, 0.156018, 0.145696
0.145696, 0.135358, 0.112352, 0.0797894, 0.0420372, 0.00422484, -0.0284868, -0.0516522, -0.0620771
-0.0620771, -0.0724953, -0.0955973, -0.128106, -0.165519, -0.202694, -0.234616, -0.257089, -0.267166
-0.267166, -0.277213, -0.299412, -0.330461, -0.365916, -0.400848, -0.4306, -0.451407, -0.4607
-0.4607, -0.469942, -0.490279, -0.518526, -0.550489, -0.581666, -0.607962, -0.626204, -0.634311
-0.634311, -0.642349, -0.659943, -0.684166, -0.711256, -0.737329, -0.759031, -0.77392, -0.780491
-0.780491, -0.786976, -0.801068, -0.820218, -0.841264, -0.861106, -0.877276, -0.888168, -0.892917
-0.892917, -0.89757, -0.907549, -0.9208, -0.93489, -0.947644, -0.957582, -0.964005, -0.966729

0.110193, 0.120565, 0.143546, 0.17584, 0.21294, 0.249737, 0.281276, 0.303447, 0.31338
0.31338, 0.323279, 0.345129, 0.375644, 0.410422, 0.444612, 0.473673, 0.493963, 0.503015
0.503015, 0.512012, 0.531788, 0.559204, 0.590154, 0.620261, 0.645586, 0.663117, 0.670896
0.670896, 0.678603, 0.695448, 0.71858, 0.744365, 0.769085, 0.78958, 0.803593, 0.809764
0.809764, 0.815847, 0.829033, 0.846881, 0.866385, 0.884649, 0.899427, 0.909318, 0.913613
0.913613, 0.917809, 0.926766, 0.938557, 0.950937, 0.961956, 0.970378, 0.975718, 0.977952
0.977952, 0.980079, 0.98442, 0.989645, 0.994365, 0.997662, 0.999364, 0.999922, 0.999998
0.999998, 0.999965, 0.999501, 0.997934, 0.99479, 0.990224, 0.985131, 0.980884, 0.978798
0.978798, 0.976606, 0.971359, 0.963066, 0.952195, 0.939962, 0.928295, 0.919426, 0.915269
0.915269, 0.911013, 0.901208, 0.88655, 0.868421, 0.84905, 0.831315, 0.818206, 0.812159
0.812159, 0.806022, 0.792084, 0.771694, 0.747092, 0.72142, 0.698383, 0.681603, 0.673925
0.673925, 0.666174, 0.648706, 0.623465, 0.593453, 0.562592, 0.535249, 0.515523, 0.506548
0.506548, 0.497517, 0.477274, 0.448274, 0.41415, 0.379434, 0.348967, 0.327148, 0.317264
0.317264, 0.307344, 0.285201, 0.253697, 0.216937, 0.179867, 0.147594, 0.124626, 0.114259
0.114259, 0.10388, 0.0807946, 0.0481486, 0.0103423, -0.0274787, -0.0601614, -0.0832857, -0.0936865
-0.0936865, -0.104077, -0.127106, -0.159482, -0.1967, -0.233636, -0.265315, -0.287596, -0.297581
-0.297581, -0.307533, -0.329509, -0.360216, -0.395235, -0.429689, -0.458996, -0.479468, -0.488606
-0.488606, -0.497689, -0.517663, -0.545372, -0.576679, -0.607161, -0.632826, -0.650606, -0.6585
-0.6585, -0.666323, -0.68343, -0.706943, -0.733183, -0.758374, -0.779289, -0.793608, -0.799917
-0.799917, -0.80614, -0.819641, -0.837941, -0.85798, -0.876792, -0.892051, -0.902289, -0.906741
-0.906741, -0.911095, -0.920406, -0.932702, -0.945673, -0.957291, -0.966236, -0.971949, -0.974352
-0.974352, -0.976649, -0.981367, -0.987127, -0.992469, -0.996391, -0.998634, -0.999577, -0.999826
-0.999826, -0.999966, -0.999888, -0.998862, -0.996345, -0.992402, -0.987846, -0.983977, -0.982062
-0.982062, -0.980039, -0.975167, -0.967401, -0.957133, -0.945495, -0.934337, -0.925824, -0.921827
-0.921827, -0.91773, -0.908275, -0.894104, -0.876528, -0.857699, -0.840422, -0.827633, -0.821727
-0.821727, -0.815732, -0.802103, -0.78214, -0.758018, -0.732811, -0.710162, -0.69365, -0.686091
-0.686091, -0.678457, -0.661244, -0.636352, -0.606726, -0.576232, -0.54919, -0.529669, -0.520784
-0.520784, -0.511841, -0.491788, -0.463044, -0.429195, -0.394733, -0.364468, -0.342782, -0.332955
-0.332955, -0.32309, -0.301065, -0.269711, -0.233104, -0.196163, -0.163984, -0.141072, -0.130727
-0.130727, -0.120367, -0.0973211, -0.0647147, -0.0269319, 0.0108893, 0.0435912, 0.06674, 0.0771547
0.0771547, 0.0875611, 0.110631, 0.143081, 0.180405, 0.217471, 0.249282, 0.271665, 0.281699
0.281699, 0.291703, 0.313799, 0.344688, 0.37994, 0.414648, 0.444192, 0.464842, 0.474062
0.474062, 0.48323, 0.503396, 0.53139, 0.563044, 0.593893, 0.619892, 0.637916, 0.645923
0.645923, 0.653859, 0.671223, 0.69511, 0.721799, 0.747455, 0.768785, 0.783403, 0.78985
0.78985, 0.796211, 0.810023, 0.82877, 0.849339, 0.868692, 0.88443, 0.895011, 0.89962
0.89962, 0.90413, 0.913792, 0.926589, 0.940148, 0.952362, 0.961828, 0.967913, 0.970484
0.970484, 0.97295, 0.978044, 0.984337, 0.9903, 0.994846, 0.99763, 0.998957, 0.999379
0.999379, 0.999693, 0.999999, 0.999516, 0.997625, 0.994307, 0.990289, 0.9868, 0.985055
0.985055, 0.983203, 0.978708, 0.97147, 0.961807, 0.950767, 0.940122, 0.931968, 0.928131
0.928131, 0.924194, 0.915091, 0.901412, 0.884394, 0.866111, 0.849298, 0.836831, 0.831069
0.831069, 0.825217, 0.811901, 0.792371, 0.768735, 0.744, 0.721746, 0.705506, 0.698067
0.698067, 0.690552, 0.673599, 0.649063, 0.619831, 0.589713, 0.56298, 0.543669, 0.534876
0.534876, 0.526024, 0.506167, 0.477686, 0.444122, 0.409923, 0.379869, 0.358322, 0.348554
0.348554, 0.338748, 0.316845, 0.285651, 0.249207, 0.212406, 0.180329, 0.157478, 0.147158
0.147158, 0.136822, 0.113821, 0.0812629, 0.0435141, 0.00570307, -0.0270091, -0.0501759, -0.0606017
-0.0606017, -0.0710209, -0.0941257, -0.12664, -0.16406, -0.201246, -0.233179, -0.25566, -0.265741
-0.265741, -0.275792, -0.298002, -0.329066, -0.36454, -0.399493, -0.429265, -0.450088, -0.459387
-0.459387, -0.468637, -0.48899, -0.517261, -0.549255, -0.580463, -0.606787, -0.625051, -0.633168

-0.493458, -0.48435, -0.463938, -0.434713, -0.400346, -0.365407, -0.334764, -0.312829, -0.302894
-0.302894, -0.292927, -0.270682, -0.239049, -0.202159, -0.164979, -0.132629, -0.109616, -0.0992312
-0.0992312, -0.0888357, -0.065721, -0.0330468, 0.00477186, 0.0425837, 0.0752409, 0.0983375, 0.108723
0.108723, 0.119097, 0.142083, 0.174384, 0.211496, 0.248305, 0.279857, 0.302038, 0.311976
0.311976, 0.321879, 0.343742, 0.374274, 0.409074, 0.443288, 0.472371, 0.492677, 0.501737
0.501737, 0.510742, 0.530535, 0.557978, 0.58896, 0.6191, 0.644456, 0.662009, 0.669799
0.669799, 0.677516, 0.694385, 0.717551, 0.743377, 0.768139, 0.788672, 0.802713, 0.808896
0.808896, 0.814991, 0.828206, 0.846094, 0.865646, 0.883959, 0.89878, 0.908702, 0.913011
0.913011, 0.917221, 0.92621, 0.938046, 0.950478, 0.961551, 0.97002, 0.975393, 0.977642
0.977642, 0.979784, 0.984159, 0.989431, 0.994207, 0.99756, 0.99931, 0.999902, 0.999994
0.999994, 0.999976, 0.999547, 0.998028, 0.99494, 0.990429, 0.985384, 0.98117, 0.9791
0.9791, 0.976923, 0.971709, 0.963463, 0.952646, 0.940465, 0.928844, 0.920006, 0.915864
0.915864, 0.911622, 0.901848, 0.887233, 0.869153, 0.84983, 0.832135, 0.819055, 0.81302
0.81302, 0.806896, 0.792986, 0.772633, 0.748073, 0.722443, 0.69944, 0.682684, 0.675017
0.675017, 0.667276, 0.64983, 0.624621, 0.594642, 0.563814, 0.536497, 0.516789, 0.507822
0.507822, 0.498799, 0.478572, 0.449595, 0.415495, 0.380801, 0.350352, 0.328545, 0.318665
0.318665, 0.30875, 0.286618, 0.255127, 0.21838, 0.181321, 0.149056, 0.126093, 0.115728
0.115728, 0.10535, 0.0822679, 0.0496251, 0.0118205, -0.026001, -0.0586857, -0.0818125, -0.0922147
-0.0922147, -0.102607, -0.125639, -0.158023, -0.19525, -0.232198, -0.26389, -0.28618, -0.296169
-0.296169, -0.306126, -0.328113, -0.358837, -0.393877, -0.428354, -0.457682, -0.478171, -0.487315
-0.487315, -0.496407, -0.516398, -0.544132, -0.57547, -0.605985, -0.631681, -0.649483, -0.657387
-0.657387, -0.66522, -0.68235, -0.705896, -0.732177, -0.75741, -0.778362, -0.792707, -0.799029
-0.799029, -0.805264, -0.818793, -0.837133, -0.85722, -0.87608, -0.891382, -0.90165, -0.906117
-0.906117, -0.910485, -0.919827, -0.932167, -0.945191, -0.956862, -0.965854, -0.971601, -0.974018
-0.974018, -0.97633, -0.981082, -0.986889, -0.992287, -0.996265, -0.998556, -0.999533, -0.999798
-0.999798, -0.999953, -0.999909, -0.998932, -0.99647, -0.992583, -0.988075, -0.98424, -0.98234
-0.98234, -0.980332, -0.975494, -0.967775, -0.95756, -0.945975, -0.934863, -0.926382, -0.922399
-0.922399, -0.918316, -0.908892, -0.894765, -0.877239, -0.858458, -0.841222, -0.828462, -0.822569
-0.822569, -0.816586, -0.802985, -0.78306, -0.758981, -0.733816, -0.711202, -0.694714, -0.687165
-0.687165, -0.679542, -0.662352, -0.637492, -0.6079, -0.577439, -0.550425, -0.530922, -0.522045
-0.522045, -0.513111, -0.493075, -0.464354, -0.43053, -0.396091, -0.365844, -0.344171, -0.334348
-0.334348, -0.324489, -0.302474, -0.271135, -0.234541, -0.197613, -0.165442, -0.142535, -0.132192
-0.132192, -0.121835, -0.0987923, -0.0661897, -0.0284096, 0.00941116, 0.0421143, 0.0652649, 0.0756808
0.0756808, 0.0860884, 0.109162, 0.141617, 0.178951, 0.216028, 0.24785, 0.270242, 0.280281
0.280281, 0.290289, 0.312395, 0.3433, 0.378572, 0.413303, 0.442867, 0.463533, 0.47276
0.47276, 0.481935, 0.502118, 0.530137, 0.561822, 0.592703, 0.618731, 0.636777, 0.644794
0.644794, 0.65274, 0.670127, 0.694047, 0.720775, 0.746472, 0.767838, 0.782484, 0.788943
0.788943, 0.795316, 0.809155, 0.827942, 0.848558, 0.867959, 0.883739, 0.894351, 0.898973
0.898973, 0.903498, 0.913191, 0.926032, 0.939643, 0.95191, 0.961422, 0.967541, 0.970127
0.970127, 0.972607, 0.977735, 0.984075, 0.990093, 0.994695, 0.997527, 0.998889, 0.999326
0.999326, 0.999655, 0.999995, 0.999561, 0.997726, 0.994463, 0.990493, 0.987038, 0.985309
0.985309, 0.983472, 0.97901, 0.97182, 0.96221, 0.951225, 0.940625, 0.932503, 0.928681
0.928681, 0.924757, 0.915687, 0.902051, 0.885083, 0.866849, 0.850078, 0.83764, 0.831891
0.831891, 0.826051, 0.812763, 0.793272, 0.76968, 0.744987, 0.722768, 0.706553, 0.699125
0.699125, 0.691621, 0.674691, 0.650187, 0.620991, 0.590906, 0.564202, 0.54491, 0.536125
0.536125, 0.527281, 0.507441, 0.478984, 0.445446, 0.411271, 0.381236, 0.359702, 0.349939
0.349939, 0.340139, 0.318247, 0.287068, 0.250638, 0.21385, 0.181783, 0.158938, 0.14862
0.14862, 0.138286, 0.115289, 0.0827361, 0.0449909, 0.00718129, -0.0255314, -0.0486994, -0.0591261

-0.909691, -0.905305, -0.895215, -0.880159, -0.861579, -0.841767, -0.823659, -0.810291, -0.804128
-0.804128, -0.797877, -0.783687, -0.76295, -0.737958, -0.711911, -0.688559, -0.671562, -0.663789
-0.663789, -0.655943, -0.638268, -0.612746, -0.582423, -0.551267, -0.523681, -0.503791, -0.494744
-0.494744, -0.485642, -0.465247, -0.436044, -0.401701, -0.366783, -0.336156, -0.314233, -0.304303
-0.304303, -0.29434, -0.272105, -0.240484, -0.203606, -0.166437, -0.134094, -0.111085, -0.100702
-0.100702, -0.090308, -0.0671959, -0.0345243, 0.00329362, 0.0411068, 0.0737668, 0.0968663, 0.107254
0.107254, 0.117629, 0.140619, 0.172929, 0.210051, 0.246873, 0.278438, 0.300629, 0.310571
0.310571, 0.320479, 0.342353, 0.372903, 0.407724, 0.441962, 0.471067, 0.49139, 0.500457
0.500457, 0.50947, 0.529281, 0.556751, 0.587765, 0.617939, 0.643325, 0.660901, 0.668701
0.668701, 0.676428, 0.693321, 0.716521, 0.742388, 0.767192, 0.787762, 0.80183, 0.808026
0.808026, 0.814134, 0.827376, 0.845305, 0.864905, 0.883267, 0.898131, 0.908084, 0.912407
0.912407, 0.916631, 0.925651, 0.937533, 0.950018, 0.961144, 0.969659, 0.975066, 0.97733
0.97733, 0.979487, 0.983896, 0.989216, 0.994047, 0.997456, 0.999254, 0.999881, 0.999987
0.999987, 0.999985, 0.99959, 0.998119, 0.995087, 0.990632, 0.985635, 0.981455, 0.979399
0.979399, 0.977238, 0.972057, 0.963858, 0.953094, 0.940966, 0.929391, 0.920584, 0.916456
0.916456, 0.912228, 0.902486, 0.887914, 0.869883, 0.850608, 0.832954, 0.819903, 0.81388
0.81388, 0.807769, 0.793886, 0.773571, 0.749054, 0.723465, 0.700496, 0.683763, 0.676107
0.676107, 0.668376, 0.650953, 0.625774, 0.59583, 0.565034, 0.537744, 0.518054, 0.509094
0.509094, 0.500079, 0.479869, 0.450915, 0.41684, 0.382168, 0.351736, 0.329941, 0.320066
0.320066, 0.310156, 0.288033, 0.256556, 0.219822, 0.182774, 0.150518, 0.127559, 0.117196
0.117196, 0.10682, 0.0837411, 0.0511015, 0.0132986, -0.0245232, -0.05721, -0.0803391, -0.0907426
-0.0907426, -0.101136, -0.124173, -0.156563, -0.1938, -0.23076, -0.262464, -0.284763, -0.294757
-0.294757, -0.304718, -0.326717, -0.357456, -0.392518, -0.427018, -0.456367, -0.476872, -0.486024
-0.486024, -0.495123, -0.515131, -0.542891, -0.574261, -0.604809, -0.630534, -0.648358, -0.656272
-0.656272, -0.664115, -0.681268, -0.704849, -0.731169, -0.756444, -0.777433, -0.791805, -0.79814
-0.79814, -0.804387, -0.817944, -0.836324, -0.856457, -0.875366, -0.890711, -0.90101, -0.905491
-0.905491, -0.909872, -0.919246, -0.931631, -0.944707, -0.956432, -0.96547, -0.97125, -0.973683
-0.973683, -0.976009, -0.980795, -0.986649, -0.992102, -0.996136, -0.998476, -0.999487, -0.999767
-0.999767, -0.999938, -0.999928, -0.998999, -0.996593, -0.992761, -0.988301, -0.9845, -0.982615
-0.982615, -0.980623, -0.975818, -0.968146, -0.957985, -0.946453, -0.935387, -0.926938, -0.922969
-0.922969, -0.9189, -0.909508, -0.895424, -0.877948, -0.859215, -0.842021, -0.829289, -0.823408
-0.823408, -0.817438, -0.803865, -0.783979, -0.759943, -0.734819, -0.71224, -0.695776, -0.688239
-0.688239, -0.680626, -0.663459, -0.63863, -0.609073, -0.578646, -0.551659, -0.532174, -0.523305
-0.523305, -0.514379, -0.49436, -0.465663, -0.431864, -0.397448, -0.36722, -0.345558, -0.335741
-0.335741, -0.325887, -0.303883, -0.272557, -0.235978, -0.199062, -0.1669, -0.143998, -0.133657
-0.133657, -0.123302, -0.100263, -0.0676647, -0.0298872, 0.00793297, 0.0406374, 0.0637898, 0.0742067
0.0742067, 0.0846156, 0.107692, 0.140154, 0.177496, 0.214584, 0.246417, 0.268819, 0.278861
0.278861, 0.288874, 0.31099, 0.341912, 0.377204, 0.411956, 0.441541, 0.462222, 0.471457
0.471457, 0.480639, 0.500839, 0.528883, 0.560598, 0.591512, 0.617569, 0.635637, 0.643663
0.643663, 0.651619, 0.669029, 0.692982, 0.71975, 0.745488, 0.76689, 0.781562, 0.788034
0.788034, 0.794419, 0.808286, 0.827112, 0.847775, 0.867224, 0.883047, 0.893689, 0.898325
0.898325, 0.902863, 0.912587, 0.925473, 0.939137, 0.951456, 0.961015, 0.967166, 0.969767
0.969767, 0.972262, 0.977423, 0.983812, 0.989885, 0.994542, 0.997422, 0.998818, 0.999271
0.999271, 0.999615, 0.99999, 0.999604, 0.997824, 0.994617, 0.990696, 0.987274, 0.98556
0.98556, 0.983738, 0.97931, 0.972167, 0.962612, 0.95168, 0.941125, 0.933035, 0.929228
0.929228, 0.925319, 0.91628, 0.902688, 0.88577, 0.867586, 0.850855, 0.838446, 0.83271
0.83271, 0.826883, 0.813624, 0.794171, 0.770623, 0.745972, 0.723789, 0.707598, 0.700181
0.700181, 0.692688, 0.675782, 0.65131, 0.622149, 0.592098, 0.565421, 0.546149, 0.537372

-0.980418, -0.982421, -0.986485, -0.991316, -0.99558, -0.998419, -0.999724, -1, -0.999949
-0.999949, -0.999789, -0.999044, -0.997079, -0.993477, -0.988455, -0.98297, -0.978445, -0.976236
-0.976236, -0.97392, -0.968398, -0.959722, -0.948411, -0.935743, -0.923706, -0.914577, -0.910304
-0.910304, -0.905932, -0.895873, -0.88086, -0.862329, -0.842564, -0.824496, -0.811156, -0.805005
-0.805005, -0.798767, -0.784605, -0.763905, -0.738955, -0.712948, -0.68963, -0.672657, -0.664894
-0.664894, -0.657058, -0.639406, -0.613914, -0.583624, -0.552499, -0.52494, -0.505067, -0.496028
-0.496028, -0.486934, -0.466555, -0.437374, -0.403054, -0.368158, -0.337548, -0.315636, -0.305711
-0.305711, -0.295752, -0.273527, -0.241919, -0.205053, -0.167894, -0.135559, -0.112554, -0.102173
-0.102173, -0.0917801, -0.0686708, -0.0360016, 0.00181537, 0.0396297, 0.0722925, 0.0953949, 0.105784
0.105784, 0.116161, 0.139155, 0.171472, 0.208605, 0.24544, 0.277018, 0.299218, 0.309165
0.309165, 0.319079, 0.340964, 0.371531, 0.406374, 0.440636, 0.469763, 0.490102, 0.499177
0.499177, 0.508197, 0.528027, 0.555522, 0.586569, 0.616776, 0.642193, 0.659791, 0.667601
0.667601, 0.675339, 0.692255, 0.715489, 0.741396, 0.766243, 0.786851, 0.800946, 0.807154
0.807154, 0.813274, 0.826545, 0.844514, 0.864162, 0.882573, 0.89748, 0.907464, 0.911801
0.911801, 0.916039, 0.925091, 0.937017, 0.949555, 0.960735, 0.969297, 0.974737, 0.977016
0.977016, 0.979189, 0.98363, 0.988998, 0.993885, 0.99735, 0.999196, 0.999857, 0.999979
0.999979, 0.999992, 0.999632, 0.998209, 0.995233, 0.990833, 0.985883, 0.981737, 0.979697
0.979697, 0.97755, 0.972403, 0.964251, 0.95354, 0.941466, 0.929935, 0.921161, 0.917047
0.917047, 0.912833, 0.903121, 0.888593, 0.870612, 0.851385, 0.833771, 0.820748, 0.814738
0.814738, 0.808639, 0.794784, 0.774507, 0.750032, 0.724484, 0.70155, 0.684841, 0.677195
0.677195, 0.669475, 0.652075, 0.626927, 0.597017, 0.566253, 0.53899, 0.519318, 0.510366
0.510366, 0.501359, 0.481166, 0.452234, 0.418183, 0.383533, 0.35312, 0.331336, 0.321466
0.321466, 0.311561, 0.289449, 0.257984, 0.221264, 0.184228, 0.151979, 0.129025, 0.118664
0.118664, 0.108289, 0.0852141, 0.0525778, 0.0147767, -0.0230454, -0.0557341, -0.0788655, -0.0892704
-0.0892704, -0.0996655, -0.122706, -0.155103, -0.19235, -0.229322, -0.261037, -0.283346, -0.293344
-0.293344, -0.30331, -0.325319, -0.356075, -0.391158, -0.425681, -0.455051, -0.475572, -0.484731
-0.484731, -0.493838, -0.513864, -0.541649, -0.57305, -0.603631, -0.629386, -0.647232, -0.655156
-0.655156, -0.663009, -0.680186, -0.703799, -0.73016, -0.755476, -0.776503, -0.790902, -0.797248
-0.797248, -0.803508, -0.817092, -0.835512, -0.855693, -0.87465, -0.890039, -0.900368, -0.904862
-0.904862, -0.909258, -0.918663, -0.931093, -0.944222, -0.955999, -0.965084, -0.970897, -0.973345
-0.973345, -0.975686, -0.980505, -0.986408, -0.991916, -0.996005, -0.998393, -0.999438, -0.999734
-0.999734, -0.99992, -0.999944, -0.999064, -0.996714, -0.992938, -0.988526, -0.984758, -0.982888
-0.982888, -0.980911, -0.97614, -0.968515, -0.958408, -0.94693, -0.935909, -0.927491, -0.923537
-0.923537, -0.919482, -0.910121, -0.896081, -0.878654, -0.859971, -0.842817, -0.830114, -0.824246
-0.824246, -0.818289, -0.804744, -0.784896, -0.760903, -0.735821, -0.713277, -0.696837, -0.68931
-0.68931, -0.681708, -0.664564, -0.639767, -0.610245, -0.579851, -0.552891, -0.533425, -0.524564
-0.524564, -0.515646, -0.495645, -0.46697, -0.433197, -0.398804, -0.368594, -0.346945, -0.337133
-0.337133, -0.327284, -0.305291, -0.273979, -0.237414, -0.20051, -0.168357, -0.145461, -0.135122
-0.135122, -0.124769, -0.101734, -0.0691395, -0.0313648, 0.00645476, 0.0391603, 0.0623145, 0.0727325
0.0727325, 0.0831425, 0.106222, 0.13869, 0.176041, 0.21314, 0.244984, 0.267395, 0.277442
0.277442, 0.287458, 0.309585, 0.340522, 0.375834, 0.410609, 0.440214, 0.460911, 0.470152
0.470152, 0.479342, 0.499559, 0.527628, 0.559374, 0.59032, 0.616406, 0.634495, 0.642531
0.642531, 0.650497, 0.667929, 0.691915, 0.718723, 0.744502, 0.765941, 0.780639, 0.787123
0.787123, 0.79352, 0.807414, 0.826281, 0.84699, 0.866487, 0.882352, 0.893024, 0.897674
0.897674, 0.902227, 0.911982, 0.924912, 0.938628, 0.951, 0.960605, 0.966789, 0.969405
0.969405, 0.971916, 0.97711, 0.983546, 0.989674, 0.994386, 0.997315, 0.998745, 0.999213
0.999213, 0.999573, 0.999982, 0.999644, 0.997921, 0.994769, 0.990896, 0.987508, 0.985809
0.985809, 0.984003, 0.979608, 0.972512, 0.963011, 0.952132, 0.941624, 0.933566, 0.929773

-0.678777, -0.686408, -0.703082, -0.725966, -0.751454, -0.775867, -0.796088, -0.809904, -0.815984
-0.815984, -0.821976, -0.834958, -0.852512, -0.871668, -0.889578, -0.904044, -0.91371, -0.917903
-0.917903, -0.921996, -0.930725, -0.942189, -0.954187, -0.964819, -0.972903, -0.978001, -0.980126
-0.980126, -0.982144, -0.986241, -0.991121, -0.99544, -0.998335, -0.999688, -0.999998, -0.999963
-0.999963, -0.999818, -0.999107, -0.997191, -0.993645, -0.988678, -0.98324, -0.978749, -0.976555
-0.976555, -0.974254, -0.968765, -0.960136, -0.948878, -0.936263, -0.924271, -0.915173, -0.910915
-0.910915, -0.906557, -0.896529, -0.881559, -0.863077, -0.843359, -0.825332, -0.81202, -0.805882
-0.805882, -0.799655, -0.78552, -0.764858, -0.73995, -0.713984, -0.6907, -0.67375, -0.665997
-0.665997, -0.658172, -0.640541, -0.61508, -0.584824, -0.553731, -0.526197, -0.506343, -0.497311
-0.497311, -0.488225, -0.467862, -0.438702, -0.404406, -0.369532, -0.338939, -0.317038, -0.307118
-0.307118, -0.297164, -0.274949, -0.243353, -0.2065, -0.169351, -0.137024, -0.114023, -0.103643
-0.103643, -0.093252, -0.0701455, -0.0374788, 0.000337122, 0.0381526, 0.070818, 0.0939233, 0.104314
0.104314, 0.114693, 0.137691, 0.170016, 0.207159, 0.244007, 0.275597, 0.297808, 0.307759
0.307759, 0.317677, 0.339574, 0.370158, 0.405023, 0.439308, 0.468457, 0.488813, 0.497896
0.497896, 0.506924, 0.526771, 0.554292, 0.585371, 0.615612, 0.641059, 0.658679, 0.6665
0.6665, 0.674248, 0.691187, 0.714456, 0.740403, 0.765292, 0.785937, 0.80006, 0.806281
0.806281, 0.812413, 0.825712, 0.843722, 0.863417, 0.881877, 0.896827, 0.906841, 0.911193
0.911193, 0.915445, 0.924529, 0.9365, 0.949091, 0.960324, 0.968932, 0.974406, 0.9767
0.9767, 0.978887, 0.983363, 0.988778, 0.99372, 0.997241, 0.999135, 0.999831, 0.999968
0.999968, 0.999997, 0.999671, 0.998296, 0.995376, 0.991031, 0.98613, 0.982017, 0.979992
0.979992, 0.97786, 0.972747, 0.964642, 0.953985, 0.941963, 0.930478, 0.921735, 0.917635
0.917635, 0.913435, 0.903755, 0.88927, 0.871338, 0.852159, 0.834587, 0.821592, 0.815594
0.815594, 0.809508, 0.79568, 0.775441, 0.751009, 0.725502, 0.702603, 0.685918, 0.678282
0.678282, 0.670573, 0.653195, 0.628078, 0.598202, 0.567471, 0.540234, 0.520581, 0.511637
0.511637, 0.502638, 0.482461, 0.453552, 0.419525, 0.384898, 0.354503, 0.33273, 0.322865
0.322865, 0.312965, 0.290863, 0.259412, 0.222706, 0.18568, 0.15344, 0.130491, 0.120131
0.120131, 0.109759, 0.0866868, 0.0540539, 0.0162548, -0.0215675, -0.054258, -0.0773918, -0.0877979
-0.0877979, -0.0981945, -0.121239, -0.153642, -0.190899, -0.227883, -0.25961, -0.281928, -0.29193
-0.29193, -0.301901, -0.323921, -0.354694, -0.389797, -0.424343, -0.453734, -0.474271, -0.483438
-0.483438, -0.492552, -0.512595, -0.540406, -0.571838, -0.602452, -0.628237, -0.646104, -0.654039
-0.654039, -0.661902, -0.679101, -0.702748, -0.729149, -0.754507, -0.77557, -0.789996, -0.796355
-0.796355, -0.802627, -0.816239, -0.834699, -0.854928, -0.873933, -0.889364, -0.899724, -0.904232
-0.904232, -0.908642, -0.918078, -0.930553, -0.943734, -0.955565, -0.964695, -0.970542, -0.973005
-0.973005, -0.975361, -0.980214, -0.986164, -0.991727, -0.995872, -0.998308, -0.999388, -0.999699
-0.999699, -0.9999, -0.999959, -0.999127, -0.996832, -0.993112, -0.988748, -0.985014, -0.98316
-0.98316, -0.981198, -0.97646, -0.968882, -0.958829, -0.947404, -0.936428, -0.928043, -0.924103
-0.924103, -0.920062, -0.910733, -0.896737, -0.879359, -0.860724, -0.843612, -0.830937, -0.825082
-0.825082, -0.819138, -0.80562, -0.785811, -0.761861, -0.736821, -0.714313, -0.697897, -0.69038
-0.69038, -0.682789, -0.665668, -0.640902, -0.611416, -0.581054, -0.554122, -0.534675, -0.525822
-0.525822, -0.516912, -0.496928, -0.468277, -0.434529, -0.400159, -0.369968, -0.348331, -0.338524
-0.338524, -0.328681, -0.306698, -0.2754, -0.23885, -0.201958, -0.169814, -0.146923, -0.136587
-0.136587, -0.126235, -0.103204, -0.0706141, -0.0328423, 0.00497653, 0.0376831, 0.060839, 0.071258
0.071258, 0.0816693, 0.104752, 0.137226, 0.174586, 0.211696, 0.243551, 0.26597, 0.276021
0.276021, 0.286042, 0.308179, 0.339132, 0.374464, 0.40926, 0.438886, 0.459599, 0.468847
0.468847, 0.478045, 0.498278, 0.526371, 0.558148, 0.589126, 0.615241, 0.633352, 0.641398
0.641398, 0.649374, 0.666829, 0.690847, 0.717694, 0.743514, 0.76499, 0.779715, 0.78621
0.78621, 0.79262, 0.806541, 0.825447, 0.846203, 0.865748, 0.881655, 0.892358, 0.897022
0.897022, 0.901588, 0.911375, 0.924349, 0.938117, 0.950542, 0.960193, 0.966411, 0.969041

-0.119333, -0.129694, -0.152646, -0.18489, -0.221922, -0.258636, -0.290094, -0.312202, -0.322104
-0.322104, -0.331972, -0.353751, -0.384156, -0.418795, -0.452835, -0.481757, -0.501942, -0.510946
-0.510946, -0.519894, -0.539557, -0.566809, -0.597558, -0.627452, -0.652586, -0.669976, -0.677691
-0.677691, -0.685332, -0.70203, -0.724949, -0.750478, -0.774933, -0.795193, -0.809036, -0.815129
-0.815129, -0.821133, -0.834143, -0.851738, -0.870943, -0.888902, -0.903411, -0.913108, -0.917315
-0.917315, -0.921423, -0.930183, -0.941693, -0.953743, -0.964429, -0.97256, -0.977692, -0.979832
-0.979832, -0.981865, -0.985996, -0.990923, -0.995298, -0.998249, -0.99965, -0.999995, -0.999974
-0.999974, -0.999845, -0.999169, -0.9973, -0.99381, -0.988898, -0.983509, -0.979051, -0.976872
-0.976872, -0.974586, -0.969131, -0.960548, -0.949344, -0.936782, -0.924835, -0.915768, -0.911524
-0.911524, -0.90718, -0.897182, -0.882256, -0.863822, -0.844153, -0.826165, -0.812882, -0.806756
-0.806756, -0.800542, -0.786434, -0.765809, -0.740944, -0.715018, -0.691768, -0.674841, -0.667099
-0.667099, -0.659284, -0.641676, -0.616245, -0.586022, -0.554961, -0.527454, -0.507617, -0.498593
-0.498593, -0.489514, -0.469168, -0.44003, -0.405758, -0.370905, -0.34033, -0.31844, -0.308524
-0.308524, -0.298575, -0.27637, -0.244786, -0.207946, -0.170808, -0.138488, -0.115491, -0.105113
-0.105113, -0.0947237, -0.07162, -0.038956, -0.00114113, 0.0366754, 0.0693434, 0.0924515, 0.102843
0.102843, 0.113224, 0.136227, 0.168559, 0.205713, 0.242573, 0.274176, 0.296396, 0.306352
0.306352, 0.316275, 0.338183, 0.368784, 0.403671, 0.43798, 0.467151, 0.487523, 0.496613
0.496613, 0.505649, 0.525514, 0.553061, 0.584171, 0.614446, 0.639924, 0.657566, 0.665397
0.665397, 0.673155, 0.690118, 0.713421, 0.739409, 0.76434, 0.785022, 0.799172, 0.805405
0.805405, 0.81155, 0.824877, 0.842927, 0.86267, 0.881179, 0.896172, 0.906217, 0.910583
0.910583, 0.914849, 0.923964, 0.935981, 0.948624, 0.959911, 0.968566, 0.974072, 0.976382
0.976382, 0.978584, 0.983093, 0.988557, 0.993554, 0.99713, 0.999073, 0.999802, 0.999955
0.999955, 0.999999, 0.999707, 0.998381, 0.995517, 0.991228, 0.986374, 0.982295, 0.980285
0.980285, 0.978169, 0.973088, 0.96503, 0.954427, 0.942458, 0.931018, 0.922307, 0.918222
0.918222, 0.914036, 0.904387, 0.889945, 0.872062, 0.852932, 0.8354, 0.822433, 0.816449
0.816449, 0.810375, 0.796574, 0.776374, 0.751984, 0.726519, 0.703654, 0.686993, 0.679368
0.679368, 0.671668, 0.654313, 0.629227, 0.599386, 0.568687, 0.541477, 0.521842, 0.512906
0.512906, 0.503915, 0.483756, 0.454869, 0.420867, 0.386262, 0.355884, 0.334124, 0.324264
0.324264, 0.314369, 0.292277, 0.26084, 0.224146, 0.187133, 0.154901, 0.131956, 0.121599
0.121599, 0.111228, 0.0881594, 0.0555299, 0.0177329, -0.0200896, -0.0527819, -0.0759179, -0.0863253
-0.0863253, -0.0967233, -0.119771, -0.152181, -0.189448, -0.226443, -0.258182, -0.280509, -0.290516
-0.290516, -0.300492, -0.322522, -0.353311, -0.388435, -0.423004, -0.452416, -0.472969, -0.482143
-0.482143, -0.491265, -0.511325, -0.539162, -0.570625, -0.601271, -0.627086, -0.644975, -0.65292
-0.65292, -0.660793, -0.678015, -0.701696, -0.728137, -0.753536, -0.774636, -0.789089, -0.79546
-0.79546, -0.801744, -0.815384, -0.833884, -0.85416, -0.873213, -0.888687, -0.899077, -0.9036
-0.9036, -0.908023, -0.917491, -0.930011, -0.943244, -0.955128, -0.964305, -0.970185, -0.972662
-0.972662, -0.975034, -0.97992, -0.985918, -0.991536, -0.995737, -0.998221, -0.999335, -0.999661
-0.999661, -0.999879, -0.999971, -0.999188, -0.996949, -0.993284, -0.988968, -0.985268, -0.983429
-0.983429, -0.981482, -0.976778, -0.969247, -0.959247, -0.947876, -0.936946, -0.928592, -0.924667
-0.924667, -0.92064, -0.911342, -0.89739, -0.880062, -0.861476, -0.844405, -0.831759, -0.825917
-0.825917, -0.819985, -0.806495, -0.786724, -0.762818, -0.73782, -0.715346, -0.698955, -0.691449
-0.691449, -0.683868, -0.66677, -0.642036, -0.612585, -0.582257, -0.555352, -0.535924, -0.527079
-0.527079, -0.518177, -0.49821, -0.469582, -0.43586, -0.401513, -0.371341, -0.349716, -0.339915
-0.339915, -0.330076, -0.308105, -0.276821, -0.240285, -0.203406, -0.171271, -0.148385, -0.138051
-0.138051, -0.127702, -0.104675, -0.0720886, -0.0343197, 0.00349829, 0.0362059, 0.0593634, 0.0697835
0.0697835, 0.0801959, 0.103282, 0.135762, 0.17313, 0.210251, 0.242117, 0.264545, 0.2746
0.2746, 0.284625, 0.306772, 0.337741, 0.373093, 0.407911, 0.437557, 0.458285, 0.467541
0.467541, 0.476746, 0.496996, 0.525114, 0.556921, 0.587931, 0.614075, 0.632207, 0.640263

0.485434, 0.476279, 0.455767, 0.426408, 0.391898, 0.356827, 0.326079, 0.304076, 0.294112
0.294112, 0.284117, 0.261813, 0.230104, 0.193139, 0.155897, 0.123504, 0.100465, 0.0900712
0.0900712, 0.079667, 0.0565368, 0.0238492, -0.0139728, -0.0517748, -0.0844129, -0.10749, -0.117865
-0.117865, -0.128228, -0.151184, -0.183437, -0.22048, -0.257207, -0.288679, -0.310797, -0.320705
-0.320705, -0.330577, -0.352368, -0.382791, -0.417452, -0.451517, -0.480461, -0.500663, -0.509675
-0.509675, -0.518631, -0.538312, -0.56559, -0.596372, -0.6263, -0.651465, -0.668878, -0.676603
-0.676603, -0.684255, -0.700977, -0.72393, -0.7495, -0.773998, -0.794295, -0.808166, -0.814272
-0.814272, -0.820288, -0.833327, -0.850963, -0.870216, -0.888224, -0.902776, -0.912504, -0.916726
-0.916726, -0.920848, -0.929639, -0.941195, -0.953298, -0.964038, -0.972215, -0.97738, -0.979535
-0.979535, -0.981584, -0.985748, -0.990724, -0.995154, -0.99816, -0.999609, -0.999989, -0.999984
-0.999984, -0.99987, -0.999228, -0.997408, -0.993973, -0.989117, -0.983775, -0.979351, -0.977187
-0.977187, -0.974916, -0.969494, -0.960958, -0.949807, -0.937298, -0.925396, -0.916361, -0.912131
-0.912131, -0.907801, -0.897834, -0.882951, -0.864566, -0.844944, -0.826997, -0.813742, -0.807629
-0.807629, -0.801427, -0.787346, -0.766759, -0.741936, -0.716051, -0.692834, -0.675931, -0.668199
-0.668199, -0.660395, -0.642809, -0.617409, -0.587219, -0.55619, -0.528709, -0.50889, -0.499874
-0.499874, -0.490803, -0.470473, -0.441357, -0.407108, -0.372277, -0.341719, -0.319841, -0.30993
-0.30993, -0.299986, -0.27779, -0.246219, -0.209392, -0.172264, -0.139952, -0.11696, -0.106583
-0.106583, -0.0961952, -0.0730944, -0.0404331, -0.00261938, 0.0351981, 0.0678686, 0.0909794, 0.101373
0.101373, 0.111755, 0.134762, 0.167102, 0.204266, 0.241138, 0.272754, 0.294984, 0.304945
0.304945, 0.314873, 0.336791, 0.36741, 0.402318, 0.43665, 0.465843, 0.486232, 0.495329
0.495329, 0.504373, 0.524255, 0.551829, 0.582971, 0.613279, 0.638787, 0.656452, 0.664293
0.664293, 0.672061, 0.689047, 0.712384, 0.738413, 0.763386, 0.784106, 0.798283, 0.804528
0.804528, 0.810686, 0.824041, 0.842131, 0.861922, 0.880479, 0.895515, 0.905591, 0.909971
0.909971, 0.914251, 0.923398, 0.935459, 0.948155, 0.959495, 0.968197, 0.973737, 0.976061
0.976061, 0.978279, 0.982822, 0.988332, 0.993385, 0.997017, 0.999008, 0.999772, 0.99994
0.99994, 1, 0.999742, 0.998464, 0.995655, 0.991422, 0.986616, 0.982571, 0.980576
0.980576, 0.978475, 0.973428, 0.965417, 0.954867, 0.942952, 0.931557, 0.922878, 0.918806
0.918806, 0.914635, 0.905017, 0.890618, 0.872785, 0.853702, 0.836212, 0.823273, 0.817301
0.817301, 0.81124, 0.797467, 0.777305, 0.752958, 0.727534, 0.704703, 0.688066, 0.680452
0.680452, 0.672763, 0.65543, 0.630375, 0.600569, 0.569903, 0.54272, 0.523103, 0.514175
0.514175, 0.505191, 0.485049, 0.456185, 0.422207, 0.387625, 0.357265, 0.335517, 0.325662
0.325662, 0.315772, 0.293691, 0.262266, 0.225587, 0.188585, 0.156361, 0.133422, 0.123066
0.123066, 0.112697, 0.0896318, 0.0570058, 0.0192109, -0.0186116, -0.0513057, -0.0744438, -0.0848525
-0.0848525, -0.0952519, -0.118303, -0.15072, -0.187996, -0.225003, -0.256753, -0.27909, -0.289101
-0.289101, -0.299081, -0.321122, -0.351928, -0.387073, -0.421664, -0.451098, -0.471666, -0.480848
-0.480848, -0.489977, -0.510054, -0.537916, -0.56941, -0.600089, -0.625934, -0.643845, -0.651799
-0.651799, -0.659683, -0.676928, -0.700642, -0.727123, -0.752563, -0.773701, -0.78818, -0.794563
-0.794563, -0.80086, -0.814528, -0.833067, -0.85339, -0.872492, -0.888008, -0.898429, -0.902965
-0.902965, -0.907403, -0.916902, -0.929466, -0.942752, -0.954689, -0.963913, -0.969825, -0.972318
-0.972318, -0.974705, -0.979624, -0.985669, -0.991343, -0.995599, -0.998132, -0.99928, -0.999622
-0.999622, -0.999854, -0.999981, -0.999246, -0.997063, -0.993454, -0.989186, -0.98552, -0.983696
-0.983696, -0.981764, -0.977093, -0.969609, -0.959664, -0.948346, -0.937461, -0.92914, -0.925229
-0.925229, -0.921217, -0.91195, -0.898041, -0.880763, -0.862225, -0.845196, -0.832578, -0.826749
-0.826749, -0.82083, -0.807368, -0.787636, -0.763773, -0.738817, -0.716378, -0.700011, -0.692516
-0.692516, -0.684946, -0.667871, -0.643169, -0.613752, -0.583458, -0.556581, -0.537171, -0.528335
-0.528335, -0.519441, -0.499491, -0.470887, -0.43719, -0.402867, -0.372713, -0.351101, -0.341305
-0.341305, -0.331471, -0.309511, -0.278241, -0.24172, -0.204853, -0.172727, -0.149847, -0.139515
-0.139515, -0.129168, -0.106145, -0.0735629, -0.035797, 0.00202005, 0.0347286, 0.0578877, 0.0683087

0.905831, 0.901359, 0.891077, 0.875754, 0.856872, 0.836764, 0.818406, 0.804864, 0.798624
0.798624, 0.792296, 0.777939, 0.75697, 0.731717, 0.705419, 0.681857, 0.664716, 0.656879
0.656879, 0.64897, 0.631158, 0.605449, 0.574919, 0.543566, 0.51582, 0.495821, 0.486726
0.486726, 0.477578, 0.457082, 0.427745, 0.393257, 0.358207, 0.327476, 0.305484, 0.295525
0.295525, 0.285534, 0.263239, 0.231543, 0.194589, 0.157357, 0.12497, 0.101936, 0.0915433
0.0915433, 0.0811405, 0.0580126, 0.025327, -0.0124947, -0.0502985, -0.0829399, -0.10602, -0.116397
-0.116397, -0.126762, -0.149723, -0.181984, -0.219038, -0.255779, -0.287263, -0.309392, -0.319304
-0.319304, -0.329182, -0.350984, -0.381425, -0.416109, -0.450197, -0.479164, -0.499383, -0.508402
-0.508402, -0.517366, -0.537066, -0.56437, -0.595184, -0.625147, -0.650343, -0.667778, -0.675514
-0.675514, -0.683176, -0.699922, -0.722909, -0.748521, -0.773061, -0.793396, -0.807294, -0.813413
-0.813413, -0.819442, -0.832509, -0.850185, -0.869486, -0.887544, -0.902139, -0.911899, -0.916134
-0.916134, -0.92027, -0.929094, -0.940694, -0.95285, -0.963644, -0.971868, -0.977067, -0.979237
-0.979237, -0.9813, -0.985499, -0.990522, -0.995007, -0.99807, -0.999567, -0.999981, -0.999991
-0.999991, -0.999893, -0.999285, -0.997513, -0.994134, -0.989333, -0.984039, -0.979649, -0.9775
-0.9775, -0.975244, -0.969856, -0.961366, -0.950269, -0.937812, -0.925955, -0.916952, -0.912736
-0.912736, -0.90842, -0.898484, -0.883644, -0.865308, -0.845734, -0.827828, -0.8146, -0.808499
-0.808499, -0.80231, -0.788257, -0.767707, -0.742926, -0.717082, -0.6939, -0.67702, -0.669299
-0.669299, -0.661504, -0.643941, -0.618571, -0.588415, -0.557418, -0.529963, -0.510162, -0.501153
-0.501153, -0.49209, -0.471777, -0.442683, -0.408458, -0.373649, -0.343108, -0.321241, -0.311335
-0.311335, -0.301395, -0.27921, -0.247652, -0.210837, -0.17372, -0.141415, -0.118428, -0.108053
-0.108053, -0.0976665, -0.0745686, -0.0419101, -0.00409762, 0.0337207, 0.0663937, 0.0895072, 0.0999021
0.0999021, 0.110286, 0.133298, 0.165644, 0.202819, 0.239704, 0.271331, 0.293571, 0.303537
0.303537, 0.313469, 0.335399, 0.366035, 0.400964, 0.43532, 0.464535, 0.484939, 0.494045
0.494045, 0.503096, 0.522996, 0.550596, 0.581769, 0.612111, 0.637649, 0.655336, 0.663187
0.663187, 0.670966, 0.687975, 0.711346, 0.737415, 0.76243, 0.783188, 0.797392, 0.803649
0.803649, 0.809819, 0.823202, 0.841333, 0.861171, 0.879777, 0.894856, 0.904963, 0.909357
0.909357, 0.913651, 0.922829, 0.934936, 0.947685, 0.959078, 0.967826, 0.973399, 0.975738
0.975738, 0.977971, 0.982548, 0.988106, 0.993214, 0.996902, 0.998941, 0.999739, 0.999923
0.999923, 0.999998, 0.999775, 0.998545, 0.995792, 0.991614, 0.986856, 0.982845, 0.980865
0.980865, 0.978779, 0.973765, 0.965801, 0.955305, 0.943443, 0.932093, 0.923446, 0.919389
0.919389, 0.915231, 0.905645, 0.89129, 0.873505, 0.854471, 0.837021, 0.824112, 0.818152
0.818152, 0.812104, 0.798358, 0.778234, 0.75393, 0.728547, 0.705752, 0.689138, 0.681534
0.681534, 0.673856, 0.656546, 0.631522, 0.60175, 0.571117, 0.543961, 0.524362, 0.515442
0.515442, 0.506466, 0.486341, 0.4575, 0.423547, 0.388987, 0.358646, 0.336909, 0.32706
0.32706, 0.317174, 0.295104, 0.263693, 0.227027, 0.190036, 0.157821, 0.134886, 0.124533
0.124533, 0.114166, 0.091104, 0.0584816, 0.0206888, -0.0171336, -0.0498293, -0.0729696, -0.0833795
-0.0833795, -0.0937802, -0.116835, -0.149258, -0.186544, -0.223562, -0.255324, -0.27767, -0.287686
-0.287686, -0.29767, -0.319722, -0.350544, -0.385709, -0.420323, -0.449778, -0.470362, -0.479551
-0.479551, -0.488688, -0.508782, -0.536669, -0.568194, -0.598906, -0.62478, -0.642713, -0.650678
-0.650678, -0.658571, -0.675839, -0.699586, -0.726107, -0.751589, -0.772763, -0.787269, -0.793665
-0.793665, -0.799974, -0.813669, -0.832249, -0.852619, -0.871769, -0.887327, -0.897779, -0.902329
-0.902329, -0.906781, -0.916311, -0.92892, -0.942258, -0.954248, -0.963518, -0.969464, -0.971972
-0.971972, -0.974373, -0.979326, -0.985419, -0.991148, -0.99546, -0.99804, -0.999223, -0.99958
-0.99958, -0.999828, -0.999989, -0.999302, -0.997175, -0.993622, -0.989402, -0.985769, -0.98396
-0.98396, -0.982044, -0.977407, -0.96997, -0.960079, -0.948814, -0.937975, -0.929686, -0.925789
-0.925789, -0.921791, -0.912555, -0.89869, -0.881462, -0.862973, -0.845985, -0.833396, -0.82758
-0.82758, -0.821674, -0.80824, -0.788546, -0.764726, -0.739812, -0.717409, -0.701066, -0.693582
-0.693582, -0.686022, -0.668971, -0.6443, -0.614919, -0.584658, -0.557808, -0.538418, -0.529589

0.982189, 0.984097, 0.987951, 0.992484, 0.996402, 0.998894, 0.999898, 0.999961, 0.999813
0.999814, 0.999557, 0.998599, 0.996334, 0.992386, 0.987019, 0.981237, 0.976504, 0.9742
0.9742, 0.971791, 0.966062, 0.957096, 0.945453, 0.932458, 0.920142, 0.910817, 0.906457
0.906457, 0.901998, 0.891747, 0.876467, 0.857633, 0.837573, 0.819254, 0.805741, 0.799513
0.799513, 0.793197, 0.778867, 0.757935, 0.732724, 0.706466, 0.682937, 0.66582, 0.657993
0.657993, 0.650094, 0.632304, 0.606625, 0.576128, 0.544807, 0.517086, 0.497104, 0.488017
0.488017, 0.478877, 0.458396, 0.429081, 0.394616, 0.359587, 0.328873, 0.306891, 0.296937
0.296937, 0.28695, 0.264665, 0.23298, 0.196039, 0.158817, 0.126437, 0.103407, 0.0930152
0.0930152, 0.0826138, 0.0594883, 0.0268048, -0.0110165, -0.0488221, -0.0814666, -0.10455, -0.114929
-0.114929, -0.125295, -0.148261, -0.18053, -0.217595, -0.254349, -0.285847, -0.307986, -0.317903
-0.317903, -0.327786, -0.349599, -0.380058, -0.414764, -0.448877, -0.477866, -0.498102, -0.507129
-0.507129, -0.5161, -0.535818, -0.563149, -0.593996, -0.623992, -0.649219, -0.666677, -0.674423
-0.674423, -0.682096, -0.698865, -0.721887, -0.74754, -0.772123, -0.792496, -0.806421, -0.812552
-0.812552, -0.818594, -0.831689, -0.849406, -0.868755, -0.886862, -0.9015, -0.911291, -0.915541
-0.915541, -0.919691, -0.928546, -0.940191, -0.952401, -0.963248, -0.971519, -0.976751, -0.978936
-0.978936, -0.981015, -0.985247, -0.990317, -0.994859, -0.997977, -0.999522, -0.99997, -0.999996
-0.999996, -0.999913, -0.99934, -0.997616, -0.994293, -0.989548, -0.984301, -0.979945, -0.977811
-0.977811, -0.97557, -0.970215, -0.961772, -0.950728, -0.938324, -0.926512, -0.917541, -0.913339
-0.913339, -0.909037, -0.899132, -0.884335, -0.866048, -0.846522, -0.828656, -0.815457, -0.809368
-0.809368, -0.803192, -0.789166, -0.768654, -0.743915, -0.718111, -0.694963, -0.678107, -0.670396
-0.670396, -0.662612, -0.645071, -0.619732, -0.58961, -0.558645, -0.531216, -0.511433, -0.502432
-0.502432, -0.493376, -0.473079, -0.444008, -0.409807, -0.37502, -0.344496, -0.32264, -0.31274
-0.31274, -0.302805, -0.280629, -0.249084, -0.212282, -0.175176, -0.142878, -0.119895, -0.109522
-0.109522, -0.0991376, -0.0760426, -0.043387, -0.00557585, 0.0322433, 0.0649187, 0.0880348, 0.0984311
0.0984311, 0.108817, 0.131832, 0.164186, 0.201371, 0.238268, 0.269908, 0.292158, 0.302128
0.302128, 0.312065, 0.334006, 0.364659, 0.399609, 0.433989, 0.463225, 0.483646, 0.492759
0.492759, 0.501818, 0.521735, 0.549361, 0.580566, 0.610941, 0.63651, 0.654219, 0.66208
0.66208, 0.669869, 0.686902, 0.710306, 0.736416, 0.761473, 0.782268, 0.796499, 0.802769
0.802769, 0.808951, 0.822362, 0.840533, 0.860419, 0.879074, 0.894196, 0.904333, 0.908741
0.908741, 0.913049, 0.922259, 0.93441, 0.947212, 0.958658, 0.967453, 0.973059, 0.975414
0.975414, 0.977662, 0.982272, 0.987878, 0.993041, 0.996785, 0.998872, 0.999704, 0.999904
0.999904, 0.999994, 0.999805, 0.998624, 0.995926, 0.991804, 0.987094, 0.983116, 0.981152
0.981152, 0.979081, 0.974101, 0.966183, 0.955741, 0.943932, 0.932628, 0.924012, 0.919969
0.919969, 0.915826, 0.90627, 0.891959, 0.874224, 0.855238, 0.837829, 0.824948, 0.819001
0.819001, 0.812965, 0.799248, 0.779161, 0.7549, 0.729559, 0.706798, 0.690208, 0.682615
0.682615, 0.674947, 0.65766, 0.632668, 0.60293, 0.572329, 0.545201, 0.52562, 0.516708
0.516708, 0.50774, 0.487632, 0.458814, 0.424885, 0.390349, 0.360025, 0.338301, 0.328456
0.328456, 0.318576, 0.296516, 0.265118, 0.228466, 0.191487, 0.15928, 0.136351, 0.125999
0.125999, 0.115634, 0.092576, 0.0599573, 0.0221667, -0.0156556, -0.0483528, -0.0714952, -0.0819063
-0.0819063, -0.0923084, -0.115367, -0.147797, -0.185091, -0.222121, -0.253895, -0.27625, -0.28627
-0.28627, -0.296259, -0.318321, -0.349159, -0.384345, -0.418981, -0.448457, -0.469057, -0.478253
-0.478253, -0.487397, -0.507509, -0.535421, -0.566977, -0.597722, -0.623625, -0.64158, -0.649554
-0.649554, -0.657458, -0.674749, -0.698529, -0.72509, -0.750613, -0.771824, -0.786357, -0.792765
-0.792765, -0.799086, -0.812809, -0.831428, -0.851845, -0.871044, -0.886645, -0.897127, -0.901691
-0.901691, -0.906157, -0.915718, -0.928371, -0.941762, -0.953805, -0.963121, -0.9691, -0.971623
-0.971623, -0.97404, -0.979026, -0.985166, -0.990951, -0.995318, -0.997947, -0.999163, -0.999536
-0.999536, -0.9998, -0.999995, -0.999356, -0.997285, -0.993787, -0.989615, -0.986017, -0.984223
-0.984223, -0.982322, -0.977718, -0.970329, -0.960491, -0.949279, -0.938487, -0.930229, -0.926346

0.685506, 0.69307, 0.709596, 0.732264, 0.757493, 0.781639, 0.801623, 0.815267, 0.821269
0.821269, 0.827181, 0.839986, 0.857285, 0.876141, 0.893744, 0.907938, 0.91741, 0.921515
0.921515, 0.92552, 0.93405, 0.945233, 0.956899, 0.967197, 0.974989, 0.979879, 0.98191
0.98191, 0.983834, 0.987721, 0.992302, 0.996276, 0.998824, 0.999875, 0.999973, 0.999841
0.999841, 0.9996, 0.998676, 0.996459, 0.992567, 0.987255, 0.981521, 0.976821, 0.974533
0.974533, 0.972138, 0.966443, 0.957523, 0.945934, 0.932991, 0.92072, 0.911426, 0.90708
0.90708, 0.902635, 0.892415, 0.877178, 0.858393, 0.838379, 0.820101, 0.806615, 0.8004
0.8004, 0.794097, 0.779793, 0.758898, 0.733729, 0.707511, 0.684016, 0.666922, 0.659105
0.659105, 0.651216, 0.633448, 0.607799, 0.577335, 0.546046, 0.518351, 0.498387, 0.489307
0.489307, 0.480174, 0.45971, 0.430415, 0.395974, 0.360966, 0.330268, 0.308298, 0.298348
0.298348, 0.288366, 0.266091, 0.234418, 0.197488, 0.160276, 0.127903, 0.104877, 0.094487
0.094487, 0.0840869, 0.0609639, 0.0282824, -0.00953838, -0.0473456, -0.0799932, -0.10308, -0.11346
-0.11346, -0.123828, -0.146799, -0.179076, -0.216152, -0.252919, -0.28443, -0.306579, -0.316501
-0.316501, -0.326389, -0.348214, -0.37869, -0.413418, -0.447556, -0.476567, -0.496819, -0.505854
-0.505854, -0.514834, -0.53457, -0.561927, -0.592806, -0.622837, -0.648094, -0.665574, -0.673331
-0.673331, -0.681014, -0.697807, -0.720863, -0.746557, -0.771183, -0.791593, -0.805546, -0.811689
-0.811689, -0.817744, -0.830868, -0.848625, -0.868022, -0.886178, -0.90086, -0.910681, -0.914945
-0.914945, -0.919109, -0.927996, -0.939687, -0.951949, -0.96285, -0.971167, -0.976433, -0.978633
-0.978633, -0.980727, -0.984993, -0.990111, -0.994708, -0.997882, -0.999476, -0.999958, -0.999999
-0.999999, -0.999932, -0.999392, -0.997717, -0.99445, -0.98976, -0.984561, -0.980238, -0.978119
-0.978119, -0.975894, -0.970572, -0.962176, -0.951185, -0.938834, -0.927068, -0.918128, -0.91394
-0.91394, -0.909652, -0.899778, -0.885024, -0.866786, -0.847308, -0.829483, -0.816311, -0.810236
-0.810236, -0.804072, -0.790073, -0.769599, -0.744902, -0.719139, -0.696026, -0.679193, -0.671492
-0.671492, -0.663718, -0.6462, -0.620891, -0.590803, -0.55987, -0.532468, -0.512702, -0.50371
-0.50371, -0.494662, -0.474381, -0.445332, -0.411155, -0.376389, -0.345884, -0.324039, -0.314143
-0.314143, -0.304213, -0.282048, -0.250515, -0.213726, -0.176631, -0.144341, -0.121363, -0.110992
-0.110992, -0.100608, -0.0775165, -0.0448638, -0.00705407, 0.0307657, 0.0634435, 0.0865622, 0.09696
0.09696, 0.107347, 0.130367, 0.162728, 0.199923, 0.236832, 0.268485, 0.290744, 0.300718
0.300718, 0.31066, 0.332612, 0.363282, 0.398254, 0.432657, 0.461915, 0.482352, 0.491472
0.491472, 0.500539, 0.520474, 0.548125, 0.579362, 0.60977, 0.635369, 0.6531, 0.660971
0.660971, 0.668771, 0.685827, 0.709265, 0.735415, 0.760514, 0.781346, 0.795604, 0.801886
0.801886, 0.808081, 0.82152, 0.839731, 0.859664, 0.878368, 0.893533, 0.903702, 0.908123
0.908123, 0.912445, 0.921686, 0.933883, 0.946737, 0.958237, 0.967078, 0.972718, 0.975087
0.975087, 0.97735, 0.981993, 0.987647, 0.992866, 0.996665, 0.998801, 0.999667, 0.999882
0.999882, 0.999988, 0.999833, 0.9987, 0.996058, 0.991992, 0.98733, 0.983386, 0.981437
0.981437, 0.97938, 0.974434, 0.966563, 0.956175, 0.944419, 0.93316, 0.924576, 0.920548
0.920548, 0.916419, 0.906894, 0.892626, 0.874941, 0.856003, 0.838635, 0.825783, 0.819849
0.819849, 0.813825, 0.800135, 0.780087, 0.755869, 0.730569, 0.707843, 0.691277, 0.683695
0.683695, 0.676037, 0.658773, 0.633812, 0.604109, 0.573541, 0.546439, 0.526877, 0.517973
0.517973, 0.509013, 0.488922, 0.460127, 0.426223, 0.391709, 0.361404, 0.339691, 0.329852
0.329852, 0.319977, 0.297927, 0.266543, 0.229905, 0.192938, 0.16074, 0.137815, 0.127466
0.127466, 0.117102, 0.0940478, 0.0614328, 0.0236446, -0.0141775, -0.0468763, -0.0700207, -0.0804329
-0.0804329, -0.0908364, -0.113899, -0.146334, -0.183638, -0.22068, -0.252465, -0.274829, -0.284853
-0.284853, -0.294847, -0.316919, -0.347773, -0.38298, -0.417638, -0.447135, -0.467751, -0.476955
-0.476955, -0.486106, -0.506235, -0.534172, -0.565759, -0.596536, -0.622469, -0.640445, -0.64843
-0.64843, -0.656343, -0.673657, -0.697471, -0.724071, -0.749636, -0.770883, -0.785443, -0.791863
-0.791863, -0.798196, -0.811947, -0.830606, -0.85107, -0.870317, -0.88596, -0.896473, -0.901051
-0.901051, -0.905531, -0.915123, -0.927821, -0.941264, -0.95336, -0.962723, -0.968734, -0.971272

0.128464, 0.138812, 0.161733, 0.193925, 0.230884, 0.267513, 0.298887, 0.32093, 0.330802
0.330802, 0.340637, 0.362342, 0.392635, 0.427133, 0.46102, 0.4898, 0.509879, 0.518834
0.518834, 0.527732, 0.547282, 0.574365, 0.60491, 0.63459, 0.65953, 0.676778, 0.684429
0.684429, 0.692004, 0.708553, 0.731256, 0.756527, 0.780716, 0.800738, 0.81441, 0.820424
0.820424, 0.82635, 0.839183, 0.856523, 0.875428, 0.89308, 0.907318, 0.916821, 0.92094
0.92094, 0.924959, 0.933521, 0.944749, 0.956469, 0.966821, 0.974659, 0.979583, 0.981629
0.981629, 0.983568, 0.987489, 0.992118, 0.996147, 0.998751, 0.999851, 0.999983, 0.999866
0.999866, 0.999641, 0.998751, 0.996582, 0.992746, 0.987489, 0.981803, 0.977137, 0.974863
0.974863, 0.972484, 0.966821, 0.957948, 0.946412, 0.933522, 0.921296, 0.912033, 0.907701
0.907701, 0.90327, 0.893081, 0.877887, 0.85915, 0.839184, 0.820946, 0.807488, 0.801285
0.801285, 0.794994, 0.780718, 0.75986, 0.734733, 0.708555, 0.685094, 0.668023, 0.660216
0.660216, 0.652338, 0.634592, 0.608972, 0.578542, 0.547283, 0.519614, 0.499668, 0.490596
0.490596, 0.48147, 0.461022, 0.431749, 0.397331, 0.362344, 0.331663, 0.309704, 0.299759
0.299759, 0.289781, 0.267515, 0.235855, 0.198937, 0.161735, 0.129369, 0.106347, 0.0959585
0.0959585, 0.0855598, 0.0624393, 0.0297601, -0.00806018, -0.0458689, -0.0785196, -0.101609, -0.111992
-0.111992, -0.122361, -0.145337, -0.177621, -0.214709, -0.251489, -0.283013, -0.305171, -0.315098
-0.315098, -0.324991, -0.346828, -0.377321, -0.412072, -0.446233, -0.475267, -0.495536, -0.504578
-0.504578, -0.513566, -0.53332, -0.560704, -0.591615, -0.621679, -0.646967, -0.664471, -0.672238
-0.672238, -0.679931, -0.696748, -0.719838, -0.745573, -0.770241, -0.790689, -0.804669, -0.810825
-0.810825, -0.816892, -0.830044, -0.847842, -0.867287, -0.885492, -0.900217, -0.91007, -0.914348
-0.914348, -0.918526, -0.927444, -0.93918, -0.951495, -0.962449, -0.970814, -0.976113, -0.978328
-0.978328, -0.980437, -0.984736, -0.989903, -0.994555, -0.997785, -0.999427, -0.999943, -1
-1, -0.999948, -0.999443, -0.997816, -0.994604, -0.98997, -0.984819, -0.98053, -0.978426
-0.978426, -0.976215, -0.970927, -0.962577, -0.95164, -0.939342, -0.927621, -0.918712, -0.914539
-0.914539, -0.910265, -0.900422, -0.885711, -0.867522, -0.848092, -0.830307, -0.817164, -0.811101
-0.811101, -0.80495, -0.790978, -0.770542, -0.745887, -0.720166, -0.697086, -0.680277, -0.672587
-0.672587, -0.664823, -0.647327, -0.622049, -0.591995, -0.561095, -0.533719, -0.513971, -0.504986
-0.504986, -0.495946, -0.475682, -0.446656, -0.412502, -0.377759, -0.34727, -0.325437, -0.315546
-0.315546, -0.305621, -0.283466, -0.251946, -0.21517, -0.178086, -0.145804, -0.12283, -0.112461
-0.112461, -0.102079, -0.0789902, -0.0463405, -0.00853228, 0.0292882, 0.0619681, 0.0850894, 0.0954886
0.0954886, 0.105877, 0.128901, 0.161269, 0.198474, 0.235396, 0.26706, 0.289329, 0.299308
0.299308, 0.309255, 0.331218, 0.361904, 0.396898, 0.431323, 0.460603, 0.481056, 0.490184
0.490184, 0.499259, 0.519211, 0.546888, 0.578157, 0.608598, 0.634227, 0.65198, 0.659861
0.659861, 0.667671, 0.68475, 0.708222, 0.734413, 0.759553, 0.780422, 0.794708, 0.801002
0.801002, 0.80721, 0.820677, 0.838927, 0.858908, 0.877661, 0.892868, 0.903068, 0.907503
0.907503, 0.91184, 0.921112, 0.933353, 0.94626, 0.957813, 0.966701, 0.972374, 0.974758
0.974758, 0.977036, 0.981713, 0.987415, 0.992689, 0.996543, 0.998727, 0.999628, 0.999858
0.999858, 0.99998, 0.999859, 0.998774, 0.996188, 0.992177, 0.987563, 0.983653, 0.981719
0.981719, 0.979678, 0.974765, 0.966941, 0.956607, 0.944904, 0.933691, 0.925138, 0.921124
0.921124, 0.917009, 0.907516, 0.893292, 0.875656, 0.856767, 0.83944, 0.826616, 0.820694
0.820694, 0.814683, 0.801021, 0.781011, 0.756836, 0.731578, 0.708886, 0.692345, 0.684773
0.684773, 0.677126, 0.659885, 0.634955, 0.605286, 0.574751, 0.547677, 0.528133, 0.519237
0.519237, 0.510285, 0.490211, 0.461439, 0.42756, 0.393069, 0.362782, 0.341081, 0.331247
0.331247, 0.321377, 0.299338, 0.267968, 0.231343, 0.194388, 0.162198, 0.139279, 0.128932
0.128932, 0.11857, 0.0955194, 0.0629082, 0.0251224, -0.0126994, -0.0453996, -0.068546, -0.0789594
-0.0789594, -0.0893641, -0.11243, -0.144872, -0.182185, -0.219238, -0.251034, -0.273407, -0.283436
-0.283436, -0.293434, -0.315517, -0.346387, -0.381614, -0.416295, -0.445813, -0.466444, -0.475655
-0.475655, -0.484814, -0.504959, -0.532922, -0.564539, -0.595349, -0.621311, -0.639309, -0.647304

-0.477369, -0.468168, -0.447558, -0.418067, -0.383416, -0.348216, -0.317367, -0.295298, -0.285306
-0.285306, -0.275282, -0.252922, -0.22114, -0.184102, -0.146801, -0.114368, -0.0913065, -0.0809035
-0.0809035, -0.0704916, -0.0473479, -0.0146495, 0.0231726, 0.0609616, 0.0935778, 0.116633, 0.126997
0.126997, 0.137348, 0.160274, 0.192475, 0.229446, 0.266088, 0.297476, 0.319529, 0.329406
0.329406, 0.339247, 0.360964, 0.391275, 0.425796, 0.459708, 0.48851, 0.508607, 0.51757
0.51757, 0.526476, 0.546044, 0.573154, 0.603732, 0.633447, 0.658418, 0.675689, 0.68335
0.68335, 0.690936, 0.707509, 0.730247, 0.75556, 0.779792, 0.799852, 0.813551, 0.819578
0.819578, 0.825516, 0.838378, 0.855759, 0.874712, 0.892414, 0.906695, 0.91623, 0.920363
0.920363, 0.924396, 0.93299, 0.944263, 0.956037, 0.966442, 0.974328, 0.979285, 0.981346
0.981346, 0.9833, 0.987255, 0.991932, 0.996016, 0.998676, 0.999824, 0.99999, 0.999889
0.999889, 0.999679, 0.998824, 0.996703, 0.992923, 0.987721, 0.982082, 0.97745, 0.975192
0.975192, 0.972827, 0.967198, 0.958371, 0.946889, 0.934051, 0.92187, 0.912639, 0.908321
0.908321, 0.903904, 0.893745, 0.878594, 0.859906, 0.839987, 0.821789, 0.808359, 0.802168
0.802168, 0.79589, 0.78164, 0.76082, 0.735735, 0.709597, 0.68617, 0.669122, 0.661326
0.661326, 0.653457, 0.635733, 0.610144, 0.579747, 0.54852, 0.520877, 0.500947, 0.491883
0.491883, 0.482765, 0.462333, 0.433082, 0.398687, 0.363721, 0.333058, 0.311109, 0.301169
0.301169, 0.291195, 0.268939, 0.237291, 0.200385, 0.163193, 0.130835, 0.107817, 0.0974298
0.0974298, 0.0870325, 0.0639146, 0.0312376, -0.00658197, -0.0443922, -0.0770458, -0.100139, -0.110522
-0.110522, -0.120894, -0.143874, -0.176166, -0.213265, -0.250058, -0.281595, -0.303763, -0.313695
-0.313695, -0.323593, -0.345441, -0.375952, -0.410725, -0.44491, -0.473966, -0.494251, -0.503302
-0.503302, -0.512297, -0.532069, -0.559479, -0.590422, -0.620521, -0.645839, -0.663365, -0.671142
-0.671142, -0.678846, -0.695686, -0.718811, -0.744587, -0.769297, -0.789783, -0.803791, -0.809959
-0.809959, -0.816039, -0.829219, -0.847057, -0.86655, -0.884804, -0.899572, -0.909456, -0.913748
-0.913748, -0.91794, -0.926891, -0.938672, -0.95104, -0.962047, -0.970458, -0.975791, -0.978021
-0.978021, -0.980145, -0.984478, -0.989692, -0.9944, -0.997685, -0.999376, -0.999926, -0.999999
-0.999999, -0.999962, -0.999491, -0.997912, -0.994756, -0.990177, -0.985074, -0.980819, -0.97873
-0.97873, -0.976535, -0.97128, -0.962977, -0.952094, -0.939848, -0.928172, -0.919295, -0.915136
-0.915136, -0.910876, -0.901064, -0.886397, -0.868257, -0.848875, -0.83113, -0.818016, -0.811965
-0.811965, -0.805826, -0.791882, -0.771483, -0.746871, -0.72119, -0.698145, -0.68136, -0.67368
-0.67368, -0.665927, -0.648453, -0.623206, -0.593186, -0.562318, -0.534968, -0.515238, -0.506261
-0.506261, -0.497229, -0.476982, -0.447978, -0.413848, -0.379127, -0.348656, -0.326835, -0.316949
-0.316949, -0.307028, -0.284883, -0.253376, -0.216613, -0.17954, -0.147266, -0.124297, -0.113929
-0.113929, -0.103549, -0.0804638, -0.0478171, -0.0100105, 0.0278105, 0.0604926, 0.0836164, 0.094017
0.094017, 0.104407, 0.127435, 0.15981, 0.197025, 0.233959, 0.265635, 0.287914, 0.297897
0.297897, 0.307849, 0.329823, 0.360526, 0.39554, 0.429989, 0.45929, 0.47976, 0.488895
0.488895, 0.497977, 0.517947, 0.54565, 0.57695, 0.607424, 0.633083, 0.650858, 0.65875
0.65875, 0.66657, 0.683672, 0.707177, 0.733409, 0.758591, 0.779497, 0.793809, 0.800116
0.800116, 0.806336, 0.819831, 0.838122, 0.85815, 0.876951, 0.892201, 0.902432, 0.906881
0.906881, 0.911232, 0.920536, 0.932821, 0.945781, 0.957387, 0.966321, 0.972027, 0.974427
0.974427, 0.97672, 0.981431, 0.98718, 0.992509, 0.996419, 0.998652, 0.999587, 0.999832
0.999832, 0.999969, 0.999883, 0.998847, 0.996316, 0.992361, 0.987794, 0.983918, 0.981999
0.981999, 0.979973, 0.975094, 0.967317, 0.957036, 0.945387, 0.934219, 0.925699, 0.921699
0.921699, 0.917598, 0.908136, 0.893955, 0.876369, 0.857528, 0.840242, 0.827447, 0.821538
0.821538, 0.81554, 0.801905, 0.781933, 0.757801, 0.732585, 0.709928, 0.693411, 0.685849
0.685849, 0.678213, 0.660995, 0.636096, 0.606462, 0.57596, 0.548913, 0.529388, 0.5205
0.5205, 0.511556, 0.491499, 0.46275, 0.428896, 0.394428, 0.364159, 0.342471, 0.332642
0.332642, 0.322776, 0.300748, 0.269392, 0.232781, 0.195838, 0.163657, 0.140743, 0.130398
0.130398, 0.120038, 0.0969908, 0.0643835, 0.0266002, -0.0112212, -0.0439228, -0.0670711, -0.0774856

-0.901895, -0.897336, -0.886863, -0.871275, -0.852092, -0.831691, -0.813084, -0.79937, -0.793052
-0.793052, -0.786649, -0.772124, -0.750925, -0.725415, -0.698867, -0.675097, -0.657814, -0.649913
-0.649913, -0.641942, -0.623994, -0.5981, -0.567366, -0.53582, -0.507916, -0.48781, -0.478668
-0.478668, -0.469474, -0.448879, -0.41941, -0.384781, -0.349601, -0.318769, -0.29671, -0.286722
-0.286722, -0.276703, -0.254352, -0.222582, -0.185555, -0.148264, -0.115836, -0.0927785, -0.0823768
-0.0823768, -0.0719661, -0.0488244, -0.0161276, 0.0216947, 0.059486, 0.0921059, 0.115165, 0.125531
0.125531, 0.135883, 0.158814, 0.191024, 0.228006, 0.264663, 0.296065, 0.318128, 0.32801
0.32801, 0.337856, 0.359585, 0.389914, 0.424458, 0.458394, 0.48722, 0.507334, 0.516304
0.516304, 0.525218, 0.544805, 0.571942, 0.602553, 0.632302, 0.657305, 0.674599, 0.68227
0.68227, 0.689867, 0.706464, 0.729236, 0.75459, 0.778865, 0.798964, 0.81269, 0.81873
0.81873, 0.824681, 0.837572, 0.854994, 0.873995, 0.891746, 0.906071, 0.915636, 0.919784
0.919784, 0.923831, 0.932457, 0.943776, 0.955602, 0.966061, 0.973994, 0.978985, 0.981061
0.981061, 0.98303, 0.987018, 0.991744, 0.995884, 0.998599, 0.999795, 0.999996, 0.99991
0.99991, 0.999716, 0.998894, 0.996822, 0.993097, 0.987951, 0.98236, 0.977761, 0.975518
0.975518, 0.973168, 0.967572, 0.958792, 0.947363, 0.934578, 0.922441, 0.913242, 0.908938
0.908938, 0.904535, 0.894407, 0.879299, 0.860659, 0.840789, 0.822631, 0.809229, 0.80305
0.80305, 0.796784, 0.782562, 0.761779, 0.736735, 0.710638, 0.687245, 0.67022, 0.662434
0.662434, 0.654576, 0.636874, 0.611315, 0.580951, 0.549755, 0.522138, 0.502226, 0.49317
0.49317, 0.484059, 0.463644, 0.434414, 0.400042, 0.365098, 0.334451, 0.312514, 0.302578
0.302578, 0.292609, 0.270363, 0.238727, 0.201833, 0.164652, 0.1323, 0.109286, 0.098901
0.098901, 0.0885051, 0.0653898, 0.0327151, -0.00510375, -0.0429153, -0.0755719, -0.0986678, -0.109053
-0.109053, -0.119427, -0.142411, -0.174711, -0.21182, -0.248626, -0.280176, -0.302355, -0.312291
-0.312291, -0.322194, -0.344053, -0.374582, -0.409376, -0.443585, -0.472663, -0.492966, -0.502024
-0.502024, -0.511027, -0.530816, -0.558253, -0.589229, -0.619361, -0.64471, -0.662258, -0.670046
-0.670046, -0.67776, -0.694624, -0.717783, -0.743599, -0.768352, -0.788876, -0.802911, -0.809091
-0.809091, -0.815183, -0.828392, -0.846271, -0.865812, -0.884114, -0.898925, -0.90884, -0.913146
-0.913146, -0.917353, -0.926335, -0.938161, -0.950582, -0.961642, -0.9701, -0.975466, -0.977712
-0.977712, -0.979851, -0.984218, -0.989479, -0.994243, -0.997583, -0.999322, -0.999907, -0.999995
-0.999995, -0.999974, -0.999537, -0.998007, -0.994906, -0.990383, -0.985327, -0.981106, -0.979032
-0.979032, -0.976852, -0.97163, -0.963374, -0.952545, -0.940352, -0.928721, -0.919876, -0.91573
-0.91573, -0.911485, -0.901704, -0.88708, -0.868989, -0.849655, -0.831951, -0.818865, -0.812827
-0.812827, -0.8067, -0.792784, -0.772423, -0.747853, -0.722214, -0.699203, -0.682441, -0.674772
-0.674772, -0.667029, -0.649578, -0.624361, -0.594376, -0.563539, -0.536217, -0.516505, -0.507536
-0.507536, -0.498511, -0.478281, -0.449299, -0.415194, -0.380494, -0.350041, -0.328232, -0.31835
-0.31835, -0.308435, -0.2863, -0.254806, -0.218056, -0.180994, -0.148728, -0.125764, -0.115398
-0.115398, -0.10502, -0.0819372, -0.0492936, -0.0114886, 0.0263328, 0.059017, 0.0821432, 0.0925452
0.0925452, 0.102937, 0.125969, 0.15835, 0.195576, 0.232521, 0.26421, 0.286498, 0.296486
0.296486, 0.306442, 0.328427, 0.359146, 0.394182, 0.428654, 0.457977, 0.478462, 0.487605
0.487605, 0.496695, 0.516682, 0.544411, 0.575742, 0.606249, 0.631938, 0.649735, 0.657637
0.657637, 0.665467, 0.682592, 0.706131, 0.732403, 0.757627, 0.77857, 0.79291, 0.799229
0.799229, 0.805461, 0.818984, 0.837315, 0.857391, 0.87624, 0.891533, 0.901794, 0.906257
0.906257, 0.910622, 0.919957, 0.932288, 0.945299, 0.956959, 0.96594, 0.971679, 0.974094
0.974094, 0.976402, 0.981146, 0.986943, 0.992328, 0.996293, 0.998574, 0.999543, 0.999804
0.999804, 0.999956, 0.999904, 0.998916, 0.996442, 0.992542, 0.988024, 0.984181, 0.982277
0.982277, 0.980267, 0.975421, 0.967691, 0.957464, 0.945867, 0.934745, 0.926257, 0.922271
0.922271, 0.918184, 0.908754, 0.894617, 0.87708, 0.858288, 0.841043, 0.828276, 0.82238
0.82238, 0.816394, 0.802787, 0.782854, 0.758765, 0.73359, 0.710969, 0.694475, 0.686924
0.686924, 0.679299, 0.662103, 0.637236, 0.607637, 0.577168, 0.550148, 0.530641, 0.521762

-0.983876, -0.98569, -0.989333, -0.993568, -0.99714, -0.999285, -0.999987, -0.999837, -0.999593
-0.999594, -0.999241, -0.99807, -0.995505, -0.991211, -0.985499, -0.979422, -0.974479, -0.972082
-0.972082, -0.969579, -0.963644, -0.954389, -0.942416, -0.929095, -0.9165, -0.90698, -0.902533
-0.902533, -0.897987, -0.887545, -0.872, -0.852865, -0.83251, -0.813943, -0.800257, -0.793952
-0.793952, -0.78756, -0.773063, -0.7519, -0.726432, -0.699924, -0.676187, -0.658926, -0.651036
-0.651036, -0.643075, -0.625149, -0.599284, -0.568583, -0.537068, -0.509188, -0.489099, -0.479965
-0.479965, -0.470779, -0.450199, -0.420751, -0.386145, -0.350986, -0.320169, -0.298121, -0.288138
-0.288138, -0.278123, -0.255781, -0.224022, -0.187008, -0.149725, -0.117304, -0.0942503, -0.0838499
-0.0838499, -0.0734404, -0.0503008, -0.0176057, 0.0202168, 0.0580103, 0.0906339, 0.113697, 0.124064
0.124064, 0.134419, 0.157355, 0.189573, 0.226567, 0.263237, 0.294652, 0.316726, 0.326613
0.326613, 0.336465, 0.358205, 0.388552, 0.423119, 0.45708, 0.485928, 0.506059, 0.515038
0.515038, 0.52396, 0.543564, 0.570729, 0.601373, 0.631156, 0.65619, 0.673507, 0.681189
0.681189, 0.688796, 0.705417, 0.728224, 0.75362, 0.777937, 0.798074, 0.811828, 0.817881
0.817881, 0.823844, 0.836763, 0.854226, 0.873275, 0.891076, 0.905444, 0.915041, 0.919203
0.919203, 0.923265, 0.931922, 0.943286, 0.955165, 0.965678, 0.973658, 0.978682, 0.980773
0.980773, 0.982757, 0.98678, 0.991553, 0.995748, 0.99852, 0.999764, 0.999999, 0.999929
0.999929, 0.99975, 0.998963, 0.996939, 0.993269, 0.988179, 0.982635, 0.97807, 0.975842
0.975842, 0.973507, 0.967945, 0.959211, 0.947835, 0.935103, 0.923011, 0.913843, 0.909553
0.909553, 0.905164, 0.895067, 0.880002, 0.861411, 0.841588, 0.82347, 0.810096, 0.80393
0.80393, 0.797676, 0.783481, 0.762736, 0.737734, 0.711677, 0.688318, 0.671316, 0.66354
0.66354, 0.655692, 0.638013, 0.612484, 0.582153, 0.55099, 0.523398, 0.503504, 0.494455
0.494455, 0.485352, 0.464953, 0.435745, 0.401397, 0.366474, 0.335844, 0.313918, 0.303987
0.303987, 0.294022, 0.271786, 0.240162, 0.203281, 0.16611, 0.133765, 0.110755, 0.100372
0.100372, 0.0899774, 0.0668648, 0.0341926, -0.00362551, -0.0414384, -0.0740978, -0.0971966, -0.107584
-0.107584, -0.117959, -0.140948, -0.173255, -0.210375, -0.247194, -0.278757, -0.300945, -0.310886
-0.310886, -0.320794, -0.342665, -0.373211, -0.408027, -0.44226, -0.47136, -0.491679, -0.500745
-0.500745, -0.509756, -0.529563, -0.557026, -0.588034, -0.6182, -0.643579, -0.66115, -0.668948
-0.668948, -0.676673, -0.69356, -0.716753, -0.74261, -0.767405, -0.787966, -0.802028, -0.808221
-0.808221, -0.814326, -0.827563, -0.845482, -0.865071, -0.883423, -0.898277, -0.908223, -0.912543
-0.912543, -0.916763, -0.925777, -0.937648, -0.950122, -0.961236, -0.969741, -0.97514, -0.9774
-0.9774, -0.979554, -0.983955, -0.989264, -0.994083, -0.99748, -0.999267, -0.999886, -0.999989
-0.999989, -0.999983, -0.999581, -0.998099, -0.995054, -0.990586, -0.985579, -0.981391, -0.979332
-0.979332, -0.977167, -0.971979, -0.96377, -0.952994, -0.940854, -0.929268, -0.920455, -0.916323
-0.916323, -0.912092, -0.902343, -0.887761, -0.86972, -0.850434, -0.832771, -0.819713, -0.813687
-0.813687, -0.807573, -0.793684, -0.773361, -0.748834, -0.723235, -0.700259, -0.683521, -0.675862
-0.675862, -0.668129, -0.650701, -0.625515, -0.595564, -0.56476, -0.537464, -0.51777, -0.508809
-0.508809, -0.499792, -0.479578, -0.450619, -0.416538, -0.381861, -0.351426, -0.329628, -0.319751
-0.319751, -0.30984, -0.287716, -0.256235, -0.219499, -0.182448, -0.15019, -0.12723, -0.116866
-0.116866, -0.10649, -0.0834104, -0.05077, -0.0129668, 0.024855, 0.0575413, 0.0806699, 0.0910732
0.0910732, 0.101466, 0.124502, 0.156891, 0.194126, 0.231083, 0.262784, 0.285081, 0.295074
0.295074, 0.305035, 0.32703, 0.357766, 0.392823, 0.427318, 0.456662, 0.477164, 0.486314
0.486314, 0.495411, 0.515416, 0.54317, 0.574533, 0.605073, 0.630792, 0.648611, 0.656523
0.656523, 0.664363, 0.681511, 0.705084, 0.731396, 0.756661, 0.777642, 0.792008, 0.79834
0.79834, 0.804584, 0.818134, 0.836506, 0.856629, 0.875526, 0.890862, 0.901154, 0.905631
0.905631, 0.91001, 0.919377, 0.931752, 0.944816, 0.956529, 0.965556, 0.971329, 0.973758
0.973758, 0.976082, 0.980859, 0.986703, 0.992144, 0.996165, 0.998494, 0.999497, 0.999774
0.999774, 0.999941, 0.999924, 0.998984, 0.996565, 0.992721, 0.988251, 0.984442, 0.982553
0.982553, 0.980558, 0.975745, 0.968063, 0.95789, 0.946346, 0.935269, 0.926813, 0.922841

-0.692176, -0.699674, -0.716049, -0.738499, -0.763468, -0.787345, -0.80709, -0.82056, -0.826484
-0.826484, -0.832317, -0.844943, -0.861986, -0.880539, -0.897833, -0.911756, -0.921033, -0.92505
-0.92505, -0.928965, -0.937297, -0.948196, -0.959531, -0.969494, -0.976993, -0.981674, -0.983611
-0.983611, -0.98544, -0.989116, -0.9934, -0.997027, -0.999228, -0.999978, -0.999862, -0.999635
-0.999635, -0.999298, -0.998161, -0.995643, -0.991405, -0.985749, -0.979719, -0.97481, -0.972428
-0.972428, -0.96994, -0.964038, -0.954829, -0.942909, -0.92964, -0.91709, -0.907601, -0.903168
-0.903168, -0.898637, -0.888225, -0.872723, -0.853636, -0.833328, -0.814801, -0.801143, -0.79485
-0.79485, -0.78847, -0.774, -0.752874, -0.727447, -0.700979, -0.677276, -0.660037, -0.652157
-0.652157, -0.644206, -0.626302, -0.600467, -0.569798, -0.538314, -0.51046, -0.490388, -0.481262
-0.481262, -0.472082, -0.451519, -0.422092, -0.387508, -0.35237, -0.321569, -0.299532, -0.289553
-0.289553, -0.279543, -0.25721, -0.225463, -0.18846, -0.151187, -0.118772, -0.0957218, -0.0853229
-0.0853229, -0.0749146, -0.0517772, -0.0190837, 0.0187388, 0.0565345, 0.0891616, 0.112228, 0.122597
0.122597, 0.132954, 0.155895, 0.188121, 0.225127, 0.261811, 0.293239, 0.315324, 0.325216
0.325216, 0.335072, 0.356824, 0.38719, 0.421779, 0.455765, 0.484636, 0.504784, 0.51377
0.51377, 0.5227, 0.542323, 0.569515, 0.600191, 0.630009, 0.655074, 0.672414, 0.680106
0.680106, 0.687723, 0.704368, 0.72721, 0.752647, 0.777008, 0.797182, 0.810964, 0.817029
0.817029, 0.823005, 0.835953, 0.853456, 0.872554, 0.890404, 0.904816, 0.914444, 0.91862
0.91862, 0.922696, 0.931385, 0.942794, 0.954727, 0.965293, 0.97332, 0.978377, 0.980484
0.980484, 0.982483, 0.986539, 0.99136, 0.995611, 0.998438, 0.999731, 1, 0.999945
0.999945, 0.999782, 0.999029, 0.997053, 0.993439, 0.988404, 0.982909, 0.978377, 0.976164
0.976164, 0.973844, 0.968315, 0.959628, 0.948305, 0.935626, 0.923579, 0.914442, 0.910167
0.910167, 0.905792, 0.895725, 0.880703, 0.862161, 0.842385, 0.824308, 0.810962, 0.804808
0.804808, 0.798567, 0.784399, 0.763691, 0.738731, 0.712715, 0.689389, 0.672411, 0.664646
0.664646, 0.656808, 0.63915, 0.613652, 0.583355, 0.552223, 0.524657, 0.504781, 0.495739
0.495739, 0.486644, 0.466261, 0.437075, 0.40275, 0.367849, 0.337236, 0.315321, 0.305395
0.305395, 0.295435, 0.273208, 0.241597, 0.204728, 0.167567, 0.13523, 0.112224, 0.101843
0.101843, 0.0914496, 0.0683397, 0.0356699, -0.00214727, -0.0399614, -0.0726235, -0.0957253, -0.106114
-0.106114, -0.116491, -0.139484, -0.171799, -0.20893, -0.245762, -0.277337, -0.299535, -0.309481
-0.309481, -0.319393, -0.341276, -0.371839, -0.406677, -0.440934, -0.470056, -0.490391, -0.499465
-0.499465, -0.508483, -0.528308, -0.555798, -0.586837, -0.617037, -0.642447, -0.66004, -0.667848
-0.667848, -0.675583, -0.692494, -0.715721, -0.741619, -0.766456, -0.787055, -0.801145, -0.80735
-0.80735, -0.813467, -0.826732, -0.844692, -0.864329, -0.882729, -0.897626, -0.907603, -0.911937
-0.911937, -0.916172, -0.925217, -0.937133, -0.94966, -0.960827, -0.969379, -0.974811, -0.977087
-0.977087, -0.979256, -0.98369, -0.989047, -0.993921, -0.997374, -0.999209, -0.999862, -0.999981
-0.999981, -0.999991, -0.999623, -0.998189, -0.9952, -0.990788, -0.985828, -0.981674, -0.97963
-0.97963, -0.97748, -0.972325, -0.964163, -0.95344, -0.941354, -0.929813, -0.921032, -0.916914
-0.916914, -0.912697, -0.902979, -0.888441, -0.870448, -0.85121, -0.833588, -0.820558, -0.814546
-0.814546, -0.808444, -0.794582, -0.774297, -0.749813, -0.724255, -0.701314, -0.684599, -0.676951
-0.676951, -0.669229, -0.651823, -0.626668, -0.59675, -0.565979, -0.53871, -0.519034, -0.510081
-0.510081, -0.501072, -0.480875, -0.451938, -0.417881, -0.383227, -0.352809, -0.331023, -0.321152
-0.321152, -0.311246, -0.289131, -0.257664, -0.220941, -0.183901, -0.151651, -0.128696, -0.118334
-0.118334, -0.107959, -0.0848834, -0.0522463, -0.0144449, 0.0233772, 0.0560654, 0.0791964, 0.089601
0.089601, 0.0999958, 0.123035, 0.15543, 0.192675, 0.229645, 0.261357, 0.283664, 0.293661
0.293661, 0.303626, 0.325633, 0.356386, 0.391463, 0.425981, 0.455347, 0.475864, 0.485022
0.485022, 0.494127, 0.514148, 0.541928, 0.573322, 0.603895, 0.629644, 0.647485, 0.655407
0.655407, 0.663258, 0.680429, 0.704035, 0.730387, 0.755694, 0.776712, 0.791105, 0.797448
0.797448, 0.803705, 0.817284, 0.835695, 0.855865, 0.874811, 0.89019, 0.900512, 0.905003
0.905003, 0.909396, 0.918794, 0.931214, 0.944331, 0.956097, 0.965171, 0.970976, 0.973421

-0.137583, -0.147918, -0.170806, -0.202943, -0.239827, -0.276368, -0.307655, -0.329631, -0.339471
-0.339471, -0.349274, -0.370903, -0.401081, -0.435435, -0.469166, -0.497801, -0.517773, -0.526678
-0.526678, -0.535525, -0.554959, -0.581873, -0.612211, -0.641674, -0.666418, -0.683524, -0.691108
-0.691108, -0.698617, -0.715016, -0.737501, -0.762512, -0.786433, -0.806216, -0.819715, -0.825651
-0.825651, -0.831497, -0.844152, -0.861236, -0.879838, -0.897181, -0.911148, -0.920456, -0.924487
-0.924487, -0.928417, -0.936781, -0.947725, -0.959114, -0.96913, -0.976676, -0.981392, -0.983343
-0.983343, -0.985187, -0.988898, -0.993229, -0.996912, -0.999168, -0.999967, -0.999886, -0.999673
-0.999673, -0.999352, -0.998249, -0.99578, -0.991598, -0.985996, -0.980014, -0.975139, -0.972772
-0.972772, -0.970299, -0.96443, -0.955268, -0.943401, -0.930184, -0.917679, -0.908221, -0.903802
-0.903802, -0.899284, -0.888903, -0.873443, -0.854405, -0.834145, -0.815657, -0.802026, -0.795746
-0.795746, -0.789379, -0.774935, -0.753846, -0.72846, -0.702032, -0.678362, -0.661147, -0.653277
-0.653277, -0.645336, -0.627454, -0.601648, -0.571012, -0.539559, -0.511731, -0.491676, -0.482557
-0.482557, -0.473385, -0.452837, -0.423431, -0.38887, -0.353753, -0.322969, -0.300942, -0.290968
-0.290968, -0.280962, -0.258638, -0.226903, -0.189911, -0.152648, -0.12024, -0.0971932, -0.0867956
-0.0867956, -0.0763886, -0.0532534, -0.0205616, 0.0172608, 0.0550585, 0.0876891, 0.110759, 0.12113
0.12113, 0.131488, 0.154434, 0.186669, 0.223686, 0.260384, 0.291826, 0.313921, 0.323818
0.323818, 0.333679, 0.355443, 0.385827, 0.420438, 0.454449, 0.483342, 0.503507, 0.512501
0.512501, 0.521439, 0.541081, 0.568299, 0.599008, 0.62886, 0.653956, 0.671319, 0.679021
0.679021, 0.686649, 0.703318, 0.726194, 0.751673, 0.776076, 0.796289, 0.810098, 0.816176
0.816176, 0.822165, 0.83514, 0.852685, 0.871831, 0.88973, 0.904185, 0.913844, 0.918035
0.918035, 0.922125, 0.930846, 0.9423, 0.954286, 0.964906, 0.972979, 0.978071, 0.980192
0.980192, 0.982206, 0.986296, 0.991165, 0.995472, 0.998354, 0.999696, 0.999999, 0.99996
0.99996, 0.999812, 0.999093, 0.997166, 0.993607, 0.988628, 0.98318, 0.978681, 0.976483
0.976483, 0.974179, 0.968683, 0.960043, 0.948773, 0.936147, 0.924145, 0.91504, 0.910778
0.910778, 0.906417, 0.896381, 0.881402, 0.862909, 0.843181, 0.825144, 0.811826, 0.805685
0.805685, 0.799456, 0.785315, 0.764644, 0.739727, 0.713751, 0.690459, 0.673504, 0.665749
0.665749, 0.657922, 0.640287, 0.614818, 0.584555, 0.553455, 0.525915, 0.506056, 0.497023
0.497023, 0.487935, 0.467568, 0.438404, 0.404103, 0.369223, 0.338627, 0.316723, 0.306802
0.306802, 0.296847, 0.27463, 0.243031, 0.206175, 0.169024, 0.136695, 0.113693, 0.103313
0.103313, 0.0929215, 0.0698144, 0.0371472, -0.000669016, -0.0384842, -0.0711491, -0.0942537, -0.104644
-0.104644, -0.115022, -0.13802, -0.170343, -0.207484, -0.244328, -0.275916, -0.298124, -0.308075
-0.308075, -0.317992, -0.339886, -0.370466, -0.405326, -0.439606, -0.468751, -0.489102, -0.498183
-0.498183, -0.50721, -0.527053, -0.554568, -0.58564, -0.615873, -0.641314, -0.658929, -0.666747
-0.666747, -0.674493, -0.691427, -0.714688, -0.740627, -0.765506, -0.786143, -0.800259, -0.806477
-0.806477, -0.812607, -0.825899, -0.8439, -0.863584, -0.882033, -0.896974, -0.906981, -0.91133
-0.91133, -0.915579, -0.924655, -0.936616, -0.949195, -0.960417, -0.969014, -0.97448, -0.976771
-0.976771, -0.978955, -0.983423, -0.988828, -0.993758, -0.997266, -0.999149, -0.999837, -0.999971
-0.999971, -0.999996, -0.999662, -0.998277, -0.995344, -0.990987, -0.986075, -0.981954, -0.979926
-0.979926, -0.977791, -0.97267, -0.964554, -0.953885, -0.941852, -0.930356, -0.921606, -0.917503
-0.917503, -0.9133, -0.903613, -0.889118, -0.871175, -0.851985, -0.834404, -0.821402, -0.815402
-0.815402, -0.809313, -0.795479, -0.775232, -0.75079, -0.725274, -0.702367, -0.685676, -0.678038
-0.678038, -0.670326, -0.652943, -0.627819, -0.597936, -0.567197, -0.539955, -0.520297, -0.511352
-0.511352, -0.502351, -0.48217, -0.453256, -0.419224, -0.384592, -0.354192, -0.332417, -0.322551
-0.322551, -0.31265, -0.290546, -0.259092, -0.222382, -0.185354, -0.153112, -0.130162, -0.119802
-0.119802, -0.109429, -0.0863562, -0.0537225, -0.015923, 0.0218993, 0.0545895, 0.0777227, 0.0881286
0.0881286, 0.0985248, 0.121568, 0.15397, 0.191225, 0.228206, 0.25993, 0.282246, 0.292248
0.292248, 0.302218, 0.324235, 0.355004, 0.390103, 0.424643, 0.45403, 0.474563, 0.483728
0.483728, 0.492841, 0.51288, 0.540685, 0.57211, 0.602717, 0.628495, 0.646358, 0.65429

0.469264, 0.460018, 0.43931, 0.409691, 0.374902, 0.339576, 0.308628, 0.286494, 0.276475
0.276475, 0.266425, 0.244009, 0.212157, 0.175051, 0.137694, 0.105222, 0.0821398, 0.0717289
0.0717289, 0.0613102, 0.0381549, 0.00544864, -0.0323704, -0.0701432, -0.102735, -0.125767, -0.136119
-0.136119, -0.146456, -0.169349, -0.201496, -0.238392, -0.274947, -0.306248, -0.328235, -0.33808
-0.33808, -0.347888, -0.369529, -0.399726, -0.434103, -0.46786, -0.496518, -0.516508, -0.525421
-0.525421, -0.534276, -0.553729, -0.58067, -0.611042, -0.64054, -0.665315, -0.682444, -0.690039
-0.690039, -0.697559, -0.713982, -0.736502, -0.761555, -0.785519, -0.805341, -0.818867, -0.824816
-0.824816, -0.830674, -0.843358, -0.860484, -0.879134, -0.896528, -0.910538, -0.919877, -0.923922
-0.923922, -0.927867, -0.936263, -0.947252, -0.958694, -0.968765, -0.976358, -0.981107, -0.983073
-0.983073, -0.984933, -0.988677, -0.993056, -0.996795, -0.999107, -0.999954, -0.999907, -0.99971
-0.99971, -0.999404, -0.998335, -0.995915, -0.991788, -0.986242, -0.980307, -0.975465, -0.973113
-0.973113, -0.970655, -0.96482, -0.955704, -0.94389, -0.930726, -0.918265, -0.908839, -0.904433
-0.904433, -0.89993, -0.889579, -0.874162, -0.855172, -0.834959, -0.816512, -0.802908, -0.79664
-0.79664, -0.790285, -0.775868, -0.754817, -0.729472, -0.703084, -0.679448, -0.662256, -0.654396
-0.654396, -0.646465, -0.628604, -0.602828, -0.572225, -0.540803, -0.513, -0.492963, -0.483851
-0.483851, -0.474687, -0.454155, -0.42477, -0.390232, -0.355135, -0.324368, -0.302351, -0.292382
-0.292382, -0.282381, -0.260066, -0.228342, -0.191362, -0.154109, -0.121707, -0.0986643, -0.0882682
-0.0882682, -0.0778625, -0.0547295, -0.0220395, 0.0157828, 0.0535825, 0.0862165, 0.109289, 0.119663
0.119663, 0.130023, 0.152974, 0.185216, 0.222245, 0.258956, 0.290412, 0.312517, 0.322419
0.322419, 0.332285, 0.354061, 0.384462, 0.419097, 0.453131, 0.482048, 0.502229, 0.511231
0.511231, 0.520177, 0.539837, 0.567082, 0.597824, 0.62771, 0.652837, 0.670222, 0.677935
0.677935, 0.685574, 0.702267, 0.725177, 0.750697, 0.775143, 0.795394, 0.809231, 0.815321
0.815321, 0.821322, 0.834326, 0.851912, 0.871106, 0.889054, 0.903553, 0.913243, 0.917448
0.917448, 0.921552, 0.930305, 0.941805, 0.953843, 0.964517, 0.972637, 0.977762, 0.979898
0.979898, 0.981928, 0.986051, 0.990968, 0.99533, 0.998269, 0.999658, 0.999996, 0.999972
0.999972, 0.999839, 0.999155, 0.997276, 0.993773, 0.988849, 0.983449, 0.978984, 0.976801
0.976801, 0.974512, 0.969049, 0.960456, 0.949239, 0.936665, 0.924708, 0.915635, 0.911387
0.911387, 0.90704, 0.897036, 0.882099, 0.863655, 0.843975, 0.825978, 0.812688, 0.80656
0.80656, 0.800343, 0.786229, 0.765596, 0.740721, 0.714786, 0.691528, 0.674596, 0.666852
0.666852, 0.659034, 0.641421, 0.615984, 0.585753, 0.554685, 0.527172, 0.507331, 0.498305
0.498305, 0.489225, 0.468875, 0.439732, 0.405454, 0.370596, 0.340018, 0.318125, 0.308208
0.308208, 0.298258, 0.276051, 0.244464, 0.207621, 0.170481, 0.138159, 0.115162, 0.104783
0.104783, 0.0943933, 0.071289, 0.0386244, 0.000809235, -0.037007, -0.0696745, -0.0927819, -0.103174
-0.103174, -0.113554, -0.136556, -0.168886, -0.206038, -0.242895, -0.274495, -0.296713, -0.306668
-0.306668, -0.31659, -0.338495, -0.369093, -0.403974, -0.438278, -0.467444, -0.487813, -0.496901
-0.496901, -0.505935, -0.525796, -0.553338, -0.584441, -0.614708, -0.640179, -0.657816, -0.665645
-0.665645, -0.673401, -0.690358, -0.713653, -0.739632, -0.764554, -0.785228, -0.799372, -0.805602
-0.805602, -0.811744, -0.825065, -0.843106, -0.862838, -0.881336, -0.896319, -0.906358, -0.91072
-0.91072, -0.914983, -0.924091, -0.936097, -0.948729, -0.960004, -0.968648, -0.974147, -0.976453
-0.976453, -0.978653, -0.983154, -0.988607, -0.993592, -0.997155, -0.999087, -0.999809, -0.999959
-0.999959, -0.999999, -0.999699, -0.998362, -0.995485, -0.991184, -0.986319, -0.982233, -0.98022
-0.98022, -0.9781, -0.973012, -0.964943, -0.954328, -0.942347, -0.930897, -0.922179, -0.91809
-0.91809, -0.913901, -0.904245, -0.889794, -0.8719, -0.852758, -0.835218, -0.822245, -0.816257
-0.816257, -0.810181, -0.796374, -0.776165, -0.751765, -0.726291, -0.703418, -0.686751, -0.679124
-0.679124, -0.671423, -0.654062, -0.628969, -0.59912, -0.568414, -0.541198, -0.521559, -0.512622
-0.512622, -0.503628, -0.483465, -0.454573, -0.420566, -0.385956, -0.355574, -0.333811, -0.32395
-0.32395, -0.314054, -0.29196, -0.260519, -0.223823, -0.186807, -0.154573, -0.131627, -0.121269
-0.121269, -0.110898, -0.0878288, -0.0551986, -0.017401, 0.0204214, 0.0531133, 0.0762488, 0.086656

0.897882, 0.893237, 0.882574, 0.866723, 0.847241, 0.826546, 0.807693, 0.793807, 0.787414
0.787414, 0.780934, 0.766244, 0.744817, 0.719051, 0.692256, 0.668281, 0.650855, 0.642893
0.642893, 0.63486, 0.616778, 0.590701, 0.559765, 0.528029, 0.499968, 0.479757, 0.470569
0.470569, 0.46133, 0.440638, 0.411039, 0.376272, 0.340966, 0.310034, 0.28791, 0.277895
0.277895, 0.26785, 0.245442, 0.213602, 0.176506, 0.139158, 0.106692, 0.083613, 0.0732033
0.0732033, 0.0627856, 0.039632, 0.00692686, -0.0308929, -0.0686685, -0.101264, -0.1243, -0.134654
-0.134654, -0.144993, -0.167892, -0.200048, -0.236956, -0.273525, -0.304841, -0.326838, -0.336688
-0.336688, -0.346502, -0.368155, -0.398371, -0.432771, -0.466553, -0.495234, -0.515241, -0.524162
-0.524162, -0.533026, -0.552497, -0.579466, -0.609871, -0.639404, -0.664211, -0.681363, -0.688968
-0.688968, -0.696499, -0.712946, -0.735501, -0.760596, -0.784603, -0.804463, -0.818018, -0.823979
-0.823979, -0.82985, -0.842563, -0.859729, -0.878429, -0.895872, -0.909926, -0.919297, -0.923356
-0.923356, -0.927315, -0.935742, -0.946778, -0.958273, -0.968397, -0.976037, -0.98082, -0.982801
-0.982801, -0.984676, -0.988454, -0.992881, -0.996675, -0.999044, -0.999939, -0.999926, -0.999745
-0.999745, -0.999454, -0.99842, -0.996047, -0.991976, -0.986485, -0.980598, -0.97579, -0.973453
-0.973453, -0.97101, -0.965207, -0.956138, -0.944377, -0.931265, -0.918849, -0.909454, -0.905063
-0.905063, -0.900573, -0.890254, -0.874879, -0.855938, -0.835772, -0.817364, -0.803789, -0.797533
-0.797533, -0.79119, -0.7768, -0.755786, -0.730482, -0.704134, -0.680532, -0.663362, -0.655513
-0.655513, -0.647592, -0.629753, -0.604007, -0.573437, -0.542046, -0.514269, -0.494248, -0.485144
-0.485144, -0.475987, -0.455471, -0.426108, -0.391592, -0.356517, -0.325765, -0.30376, -0.293795
-0.293795, -0.283798, -0.261493, -0.229781, -0.192813, -0.155569, -0.123174, -0.100135, -0.0897406
-0.0897406, -0.0793362, -0.0562054, -0.0235174, 0.0143047, 0.0521063, 0.0847436, 0.10782, 0.118195
0.118195, 0.128557, 0.151513, 0.183763, 0.220804, 0.257528, 0.288997, 0.311112, 0.321019
0.321019, 0.33089, 0.352678, 0.383097, 0.417754, 0.451813, 0.480752, 0.50095, 0.50996
0.50996, 0.518914, 0.538592, 0.565864, 0.596638, 0.626559, 0.651717, 0.669124, 0.676848
0.676848, 0.684497, 0.701214, 0.724159, 0.74972, 0.774208, 0.794497, 0.808361, 0.814464
0.814464, 0.820478, 0.833511, 0.851137, 0.870379, 0.888376, 0.902919, 0.91264, 0.916858
0.916858, 0.920977, 0.929762, 0.941307, 0.953398, 0.964126, 0.972292, 0.97745, 0.979602
0.979602, 0.981647, 0.985804, 0.990769, 0.995186, 0.998181, 0.999619, 0.99999, 0.999982
0.999982, 0.999865, 0.999215, 0.997384, 0.993937, 0.989068, 0.983715, 0.979284, 0.977117
0.977117, 0.974842, 0.969413, 0.960866, 0.949703, 0.937182, 0.92527, 0.916228, 0.911995
0.911995, 0.907662, 0.897688, 0.882795, 0.864399, 0.844767, 0.826811, 0.813549, 0.807433
0.807433, 0.801229, 0.787142, 0.766546, 0.741713, 0.715819, 0.692595, 0.675687, 0.667953
0.667953, 0.660145, 0.642555, 0.617147, 0.586951, 0.555915, 0.528427, 0.508604, 0.499586
0.499586, 0.490514, 0.47018, 0.44106, 0.406805, 0.371969, 0.341407, 0.319526, 0.309614
0.309614, 0.299669, 0.277471, 0.245898, 0.209067, 0.171937, 0.139623, 0.11663, 0.106253
0.106253, 0.0958648, 0.0727634, 0.0401015, 0.00228748, -0.0355298, -0.0681998, -0.0913099, -0.101703
-0.101703, -0.112085, -0.135091, -0.167429, -0.204591, -0.24146, -0.273073, -0.295301, -0.305261
-0.305261, -0.315188, -0.337104, -0.367719, -0.402622, -0.436949, -0.466137, -0.486522, -0.495618
-0.495618, -0.50466, -0.524538, -0.552106, -0.583241, -0.613541, -0.639042, -0.656702, -0.664541
-0.664541, -0.672307, -0.689288, -0.712617, -0.738637, -0.7636, -0.784312, -0.798483, -0.804725
-0.804725, -0.81088, -0.824229, -0.84231, -0.86209, -0.880636, -0.895663, -0.905732, -0.910109
-0.910109, -0.914386, -0.923525, -0.935576, -0.948261, -0.959589, -0.96828, -0.973812, -0.976133
-0.976133, -0.978348, -0.982883, -0.988383, -0.993423, -0.997043, -0.999023, -0.999779, -0.999944
-0.999944, -1, -0.999735, -0.998446, -0.995624, -0.991378, -0.986562, -0.982509, -0.980511
-0.980511, -0.978406, -0.973352, -0.96533, -0.954768, -0.942841, -0.931436, -0.92275, -0.918675
-0.918675, -0.914501, -0.904875, -0.890468, -0.872623, -0.85353, -0.83603, -0.823085, -0.81711
-0.81711, -0.811046, -0.797267, -0.777096, -0.752739, -0.727306, -0.704468, -0.687825, -0.680208
-0.680208, -0.672517, -0.65518, -0.630118, -0.600303, -0.56963, -0.542441, -0.52282, -0.51389

0.98548, 0.987199, 0.990631, 0.994568, 0.997793, 0.99959, 0.999992, 0.999628, 0.999289
0.999289, 0.998841, 0.997456, 0.994591, 0.989952, 0.983896, 0.977523, 0.972373, 0.969882
0.969882, 0.967286, 0.961145, 0.951601, 0.939299, 0.925652, 0.91278, 0.903066, 0.898532
0.898532, 0.8939, 0.883268, 0.867459, 0.848025, 0.827378, 0.808564, 0.794706, 0.788324
0.788324, 0.781857, 0.767193, 0.745802, 0.720077, 0.693322, 0.66938, 0.651977, 0.644024
0.644024, 0.636001, 0.617941, 0.591893, 0.560989, 0.529283, 0.501248, 0.481053, 0.471873
0.471873, 0.462641, 0.441964, 0.412386, 0.377641, 0.342355, 0.311439, 0.289326, 0.279315
0.279315, 0.269273, 0.246875, 0.215046, 0.177961, 0.140621, 0.108162, 0.085086, 0.0746775
0.0746775, 0.0642609, 0.0411091, 0.00840507, -0.0294153, -0.0671936, -0.0997934, -0.122833, -0.133189
-0.133189, -0.143531, -0.166435, -0.198599, -0.235519, -0.272103, -0.303433, -0.325441, -0.335296
-0.335296, -0.345115, -0.366781, -0.397014, -0.431438, -0.465245, -0.49395, -0.513974, -0.522903
-0.522903, -0.531775, -0.551265, -0.57826, -0.608699, -0.638266, -0.663105, -0.68028, -0.687896
-0.687896, -0.695437, -0.711909, -0.734499, -0.759636, -0.783686, -0.803584, -0.817166, -0.82314
-0.82314, -0.829025, -0.841766, -0.858974, -0.877722, -0.895214, -0.909312, -0.918714, -0.922787
-0.922787, -0.92676, -0.93522, -0.946301, -0.957849, -0.968028, -0.975715, -0.98053, -0.982527
-0.982527, -0.984417, -0.988229, -0.992704, -0.996554, -0.998978, -0.999922, -0.999943, -0.999777
-0.999777, -0.999502, -0.998502, -0.996177, -0.992161, -0.986726, -0.980886, -0.976112, -0.97379
-0.97379, -0.971362, -0.965593, -0.95657, -0.944862, -0.931803, -0.919432, -0.910068, -0.905691
-0.905691, -0.901215, -0.890926, -0.875594, -0.856701, -0.836582, -0.818215, -0.804667, -0.798424
-0.798424, -0.792094, -0.77773, -0.756753, -0.731491, -0.705183, -0.681614, -0.664468, -0.656628
-0.656628, -0.648717, -0.630901, -0.605185, -0.574647, -0.543288, -0.515536, -0.495533, -0.486436
-0.486436, -0.477287, -0.456787, -0.427445, -0.392952, -0.357897, -0.327163, -0.305168, -0.295208
-0.295208, -0.285215, -0.262919, -0.23122, -0.194263, -0.157029, -0.124641, -0.101606, -0.0912128
-0.0912128, -0.0808097, -0.0576813, -0.0249952, 0.0128266, 0.05063, 0.0832706, 0.10635, 0.116727
0.116727, 0.127091, 0.150051, 0.18231, 0.219362, 0.2561, 0.287581, 0.309707, 0.319619
0.319619, 0.329495, 0.351294, 0.381731, 0.41641, 0.450494, 0.479455, 0.499671, 0.508688
0.508688, 0.51765, 0.537346, 0.564644, 0.595451, 0.625406, 0.650595, 0.668025, 0.675759
0.675759, 0.683419, 0.700159, 0.723139, 0.748741, 0.773272, 0.793598, 0.80749, 0.813606
0.813606, 0.819632, 0.832693, 0.85036, 0.86965, 0.887697, 0.902282, 0.912035, 0.916267
0.916267, 0.9204, 0.929216, 0.940807, 0.952951, 0.963732, 0.971946, 0.977137, 0.979304
0.979304, 0.981364, 0.985555, 0.990567, 0.99504, 0.99809, 0.999577, 0.999983, 0.99999
0.99999, 0.999888, 0.999272, 0.99749, 0.994098, 0.989285, 0.98398, 0.979583, 0.97743
0.97743, 0.975171, 0.969775, 0.961275, 0.950165, 0.937697, 0.92583, 0.916819, 0.9126
0.9126, 0.908281, 0.898338, 0.883488, 0.865141, 0.845557, 0.827641, 0.814408, 0.808304
0.808304, 0.802112, 0.788053, 0.767495, 0.742704, 0.71685, 0.693661, 0.676776, 0.669052
0.669052, 0.661255, 0.643687, 0.61831, 0.588147, 0.557143, 0.529682, 0.509876, 0.500866
0.500866, 0.491801, 0.471484, 0.442386, 0.408155, 0.373341, 0.342797, 0.320927, 0.31102
0.31102, 0.301079, 0.278891, 0.24733, 0.210512, 0.173394, 0.141087, 0.118098, 0.107723
0.107723, 0.0973362, 0.0742376, 0.0415785, 0.00376573, -0.0340524, -0.0667249, -0.0898378, -0.100232
-0.100232, -0.110616, -0.133626, -0.165971, -0.203144, -0.240026, -0.271651, -0.293888, -0.303853
-0.303853, -0.313784, -0.335712, -0.366343, -0.401268, -0.435619, -0.464829, -0.48523, -0.494333
-0.494333, -0.503383, -0.523279, -0.550873, -0.582039, -0.612373, -0.637905, -0.655586, -0.663435
-0.663435, -0.671212, -0.688216, -0.711579, -0.737639, -0.762645, -0.783394, -0.797592, -0.803847
-0.803847, -0.810014, -0.823391, -0.841512, -0.86134, -0.879935, -0.895004, -0.905105, -0.909495
-0.909495, -0.913786, -0.922957, -0.935053, -0.94779, -0.959172, -0.96791, -0.973475, -0.975811
-0.975811, -0.978041, -0.982609, -0.988157, -0.993253, -0.996928, -0.998956, -0.999747, -0.999927
-0.999927, -0.999999, -0.999767, -0.998527, -0.995761, -0.991571, -0.986802, -0.982783, -0.980801
-0.980801, -0.978711, -0.97369, -0.965715, -0.955207, -0.943333, -0.931973, -0.923318, -0.919258

0.698787, 0.706218, 0.722442, 0.744672, 0.769378, 0.792984, 0.812488, 0.825785, 0.831629
0.831629, 0.837382, 0.849829, 0.866614, 0.884863, 0.901847, 0.915497, 0.924578, 0.928505
0.928505, 0.932332, 0.940464, 0.951079, 0.962082, 0.971708, 0.978914, 0.983386, 0.985228
0.985228, 0.986962, 0.990428, 0.994413, 0.997694, 0.999547, 0.999997, 0.999667, 0.999343
0.999343, 0.998911, 0.99756, 0.994743, 0.990159, 0.984159, 0.977834, 0.972717, 0.970241
0.970241, 0.96766, 0.961552, 0.952055, 0.939805, 0.926211, 0.913383, 0.9037, 0.89918
0.89918, 0.894562, 0.88396, 0.868193, 0.848807, 0.828207, 0.809433, 0.795602, 0.789233
0.789233, 0.782778, 0.768141, 0.746786, 0.721102, 0.694387, 0.670477, 0.653097, 0.645154
0.645154, 0.637141, 0.619102, 0.593084, 0.562212, 0.530537, 0.502526, 0.482349, 0.473176
0.473176, 0.463951, 0.44329, 0.413732, 0.379009, 0.343744, 0.312843, 0.29074, 0.280734
0.280734, 0.270697, 0.248307, 0.216489, 0.179415, 0.142085, 0.109631, 0.0865588, 0.0761516
0.0761516, 0.065736, 0.042586, 0.00988326, -0.0279377, -0.0657187, -0.0983224, -0.121366, -0.131724
-0.131724, -0.142068, -0.164977, -0.19715, -0.234082, -0.27068, -0.302024, -0.324043, -0.333903
-0.333903, -0.343727, -0.365405, -0.395657, -0.430104, -0.463936, -0.492664, -0.512705, -0.521642
-0.521642, -0.530522, -0.550031, -0.577054, -0.607525, -0.637128, -0.661998, -0.679196, -0.686822
-0.686822, -0.694374, -0.71087, -0.733495, -0.758674, -0.782767, -0.802704, -0.816313, -0.8223
-0.8223, -0.828197, -0.840967, -0.858216, -0.877012, -0.894554, -0.908695, -0.918129, -0.922217
-0.922217, -0.926204, -0.934695, -0.945822, -0.957424, -0.967656, -0.97539, -0.980239, -0.982251
-0.982251, -0.984156, -0.988002, -0.992525, -0.99643, -0.99891, -0.999902, -0.999958, -0.999807
-0.999807, -0.999547, -0.998581, -0.996305, -0.992345, -0.986965, -0.981173, -0.976432, -0.974125
-0.974125, -0.971712, -0.965976, -0.957, -0.945345, -0.932338, -0.920012, -0.91068, -0.906317
-0.906317, -0.901854, -0.891596, -0.876307, -0.857463, -0.837391, -0.819064, -0.805544, -0.799313
-0.799313, -0.792995, -0.778658, -0.757718, -0.732498, -0.706231, -0.682695, -0.665572, -0.657743
-0.657743, -0.649842, -0.632047, -0.606361, -0.575856, -0.544528, -0.516802, -0.496816, -0.487727
-0.487727, -0.478585, -0.458102, -0.428781, -0.394311, -0.359277, -0.328559, -0.306576, -0.29662
-0.29662, -0.286632, -0.264345, -0.232658, -0.195713, -0.158489, -0.126108, -0.103076, -0.0926848
-0.0926848, -0.082283, -0.059157, -0.026473, 0.0113484, 0.0491536, 0.0817974, 0.10488, 0.115259
0.115259, 0.125624, 0.148589, 0.180857, 0.217919, 0.25467, 0.286165, 0.308301, 0.318218
0.318218, 0.328099, 0.34991, 0.380365, 0.415066, 0.449174, 0.478157, 0.498389, 0.507415
0.507415, 0.516385, 0.536098, 0.563424, 0.594263, 0.624252, 0.649471, 0.666924, 0.674668
0.674668, 0.682339, 0.699103, 0.722117, 0.74776, 0.772334, 0.792698, 0.806617, 0.812745
0.812745, 0.818784, 0.831874, 0.849581, 0.86892, 0.887015, 0.901644, 0.911427, 0.915674
0.915674, 0.919821, 0.928669, 0.940305, 0.952502, 0.963337, 0.971597, 0.976822, 0.979004
0.979004, 0.981079, 0.985303, 0.990363, 0.994892, 0.997998, 0.999533, 0.999973, 0.999995
0.999995, 0.999909, 0.999327, 0.997593, 0.994258, 0.9895, 0.984242, 0.979879, 0.977741
0.977741, 0.975497, 0.970134, 0.961681, 0.950625, 0.938209, 0.926388, 0.917409, 0.913203
0.913203, 0.908899, 0.898987, 0.88418, 0.865882, 0.846345, 0.82847, 0.815265, 0.809173
0.809173, 0.802994, 0.788962, 0.768441, 0.743693, 0.71788, 0.694725, 0.677863, 0.67015
0.67015, 0.662363, 0.644817, 0.619471, 0.589342, 0.55837, 0.530935, 0.511147, 0.502145
0.502145, 0.493088, 0.472787, 0.443711, 0.409504, 0.374712, 0.344185, 0.322326, 0.312424
0.312424, 0.302488, 0.28031, 0.248762, 0.211957, 0.174849, 0.14255, 0.119566, 0.109192
0.109192, 0.0988073, 0.0757117, 0.0430554, 0.00524396, -0.032575, -0.0652499, -0.0883654, -0.0987614
-0.0987614, -0.109147, -0.132161, -0.164513, -0.201696, -0.23859, -0.270228, -0.292475, -0.302444
-0.302444, -0.31238, -0.334319, -0.364968, -0.399914, -0.434288, -0.463519, -0.483936, -0.493048
-0.493048, -0.502105, -0.522018, -0.549638, -0.580837, -0.611204, -0.636766, -0.65447, -0.662329
-0.662329, -0.670116, -0.687143, -0.710539, -0.736641, -0.761688, -0.782474, -0.796699, -0.802967
-0.802967, -0.809146, -0.822551, -0.840713, -0.860588, -0.879232, -0.894344, -0.904475, -0.908879
-0.908879, -0.913185, -0.922387, -0.934528, -0.947318, -0.958753, -0.967537, -0.973136, -0.975487

0.146691, 0.157012, 0.179865, 0.211945, 0.24875, 0.285199, 0.316397, 0.338304, 0.348111
0.348111, 0.357881, 0.379432, 0.409492, 0.443699, 0.477271, 0.50576, 0.525623, 0.534477
0.534477, 0.543273, 0.56259, 0.589331, 0.619461, 0.648704, 0.67325, 0.690211, 0.697729
0.697729, 0.705171, 0.721419, 0.743684, 0.768433, 0.792083, 0.811625, 0.82495, 0.830807
0.830807, 0.836573, 0.849049, 0.865875, 0.884174, 0.901207, 0.914901, 0.924013, 0.927956
0.927956, 0.931796, 0.939961, 0.950621, 0.961677, 0.971358, 0.978611, 0.983117, 0.984974
0.984974, 0.986723, 0.990223, 0.994256, 0.997592, 0.999501, 0.999999, 0.999704, 0.999396
0.999396, 0.998979, 0.997663, 0.994894, 0.990365, 0.98442, 0.978142, 0.973059, 0.970598
0.970598, 0.968032, 0.961957, 0.952506, 0.940309, 0.926767, 0.913984, 0.904332, 0.899826
0.899826, 0.895222, 0.88465, 0.868926, 0.849588, 0.829034, 0.8103, 0.796497, 0.79014
0.79014, 0.783697, 0.769086, 0.747769, 0.722126, 0.69545, 0.671573, 0.654216, 0.646283
0.646283, 0.63828, 0.620262, 0.594273, 0.563434, 0.531789, 0.503804, 0.483643, 0.474477
0.474477, 0.46526, 0.444614, 0.415078, 0.380377, 0.345131, 0.314247, 0.292154, 0.282152
0.282152, 0.27212, 0.249739, 0.217932, 0.180869, 0.143548, 0.1111, 0.0880314, 0.0776254
0.0776254, 0.067211, 0.0440629, 0.0113614, -0.02646, -0.0642435, -0.0968512, -0.119899, -0.130259
-0.130259, -0.140604, -0.163519, -0.1957, -0.232645, -0.269257, -0.300614, -0.322644, -0.332509
-0.332509, -0.342339, -0.364028, -0.394299, -0.428769, -0.462626, -0.491377, -0.511436, -0.52038
-0.52038, -0.529269, -0.548796, -0.575846, -0.60635, -0.635988, -0.660889, -0.67811, -0.685747
-0.685747, -0.69331, -0.70983, -0.73249, -0.75771, -0.781846, -0.801821, -0.815459, -0.821458
-0.821458, -0.827368, -0.840166, -0.857456, -0.876301, -0.893892, -0.908077, -0.917542, -0.921644
-0.921644, -0.925646, -0.934169, -0.945341, -0.956996, -0.967282, -0.975063, -0.979946, -0.981973
-0.981973, -0.983893, -0.987773, -0.992344, -0.996304, -0.99884, -0.999881, -0.99997, -0.999835
-0.999835, -0.999591, -0.998659, -0.996431, -0.992527, -0.987202, -0.981457, -0.97675, -0.974458
-0.974458, -0.97206, -0.966357, -0.957427, -0.945826, -0.932872, -0.92059, -0.911289, -0.90694
-0.90694, -0.902492, -0.892265, -0.877018, -0.858222, -0.838199, -0.819911, -0.806419, -0.800201
-0.800201, -0.793895, -0.779585, -0.758682, -0.733504, -0.707276, -0.683774, -0.666674, -0.658855
-0.658855, -0.650965, -0.633192, -0.607536, -0.577064, -0.545768, -0.518067, -0.498099, -0.489017
-0.489017, -0.479883, -0.459415, -0.430116, -0.395669, -0.360656, -0.329955, -0.307982, -0.298031
-0.298031, -0.288048, -0.265771, -0.234095, -0.197163, -0.159948, -0.127574, -0.104547, -0.0941566
-0.0941566, -0.0837561, -0.0606326, -0.0279507, 0.00987025, 0.0476771, 0.080324, 0.10341, 0.11379
0.11379, 0.124158, 0.147127, 0.179402, 0.216476, 0.253241, 0.284748, 0.306895, 0.316816
0.316816, 0.326702, 0.348525, 0.378997, 0.413721, 0.447852, 0.476859, 0.497107, 0.50614
0.50614, 0.515118, 0.53485, 0.562202, 0.593073, 0.623096, 0.648347, 0.665822, 0.673577
0.673577, 0.681257, 0.698045, 0.721093, 0.746778, 0.771394, 0.791796, 0.805743, 0.811883
0.811883, 0.817935, 0.831052, 0.8488, 0.868187, 0.886332, 0.901004, 0.910818, 0.915079
0.915079, 0.91924, 0.92812, 0.9398, 0.952051, 0.962939, 0.971246, 0.976504, 0.978701
0.978701, 0.980792, 0.98505, 0.990158, 0.994742, 0.997903, 0.999486, 0.999961, 0.999999
0.999999, 0.999928, 0.999381, 0.997695, 0.994415, 0.989712, 0.984503, 0.980173, 0.97805
0.97805, 0.975821, 0.970492, 0.962085, 0.951083, 0.93872, 0.926943, 0.917996, 0.913805
0.913805, 0.909514, 0.899633, 0.884869, 0.86662, 0.847132, 0.829297, 0.81612, 0.810041
0.810041, 0.803874, 0.789869, 0.769387, 0.74468, 0.718909, 0.695787, 0.678949, 0.671246
0.671246, 0.66347, 0.645946, 0.620631, 0.590535, 0.559595, 0.532187, 0.512417, 0.503423
0.503423, 0.494373, 0.474089, 0.445035, 0.410852, 0.376082, 0.345572, 0.323725, 0.313828
0.313828, 0.303897, 0.281729, 0.250194, 0.213402, 0.176304, 0.144013, 0.121033, 0.110662
0.110662, 0.100278, 0.0771856, 0.0445322, 0.00672219, -0.0310975, -0.0637747, -0.0868928, -0.0972903
-0.0972903, -0.107677, -0.130696, -0.163055, -0.200248, -0.237155, -0.268804, -0.291061, -0.301035
-0.301035, -0.310976, -0.332925, -0.363591, -0.398558, -0.432956, -0.462209, -0.482642, -0.491761
-0.491761, -0.500826, -0.520757, -0.548403, -0.579633, -0.610033, -0.635625, -0.653351, -0.66122

-0.461119, -0.451829, -0.431026, -0.40128, -0.366356, -0.330907, -0.299863, -0.277667, -0.26762
-0.26762, -0.257545, -0.235075, -0.203157, -0.165984, -0.128574, -0.0960672, -0.0729662, -0.0625483
-0.0625483, -0.0521237, -0.0289587, 0.00375273, 0.0415655, 0.0793188, 0.111883, 0.13489, 0.145229
0.145229, 0.155552, 0.17841, 0.2105, 0.247318, 0.283782, 0.314995, 0.336912, 0.346725
0.346725, 0.3565, 0.378064, 0.408143, 0.442374, 0.475972, 0.504484, 0.524365, 0.533227
0.533227, 0.542032, 0.561367, 0.588136, 0.6183, 0.647578, 0.672157, 0.689141, 0.696669
0.696669, 0.704122, 0.720394, 0.742695, 0.767486, 0.79118, 0.810761, 0.824114, 0.829983
0.829983, 0.835762, 0.848267, 0.865135, 0.883482, 0.900566, 0.914303, 0.923447, 0.927404
0.927404, 0.931259, 0.939455, 0.950161, 0.961271, 0.971006, 0.978306, 0.982845, 0.984717
0.984717, 0.986482, 0.990016, 0.994097, 0.997489, 0.999454, 1, 0.999739, 0.999446
0.999446, 0.999044, 0.997763, 0.995042, 0.990569, 0.984679, 0.978448, 0.973398, 0.970953
0.970953, 0.968402, 0.96236, 0.952955, 0.940811, 0.927321, 0.914583, 0.904962, 0.90047
0.90047, 0.895879, 0.885339, 0.869657, 0.850367, 0.82986, 0.811165, 0.79739, 0.791045
0.791045, 0.784614, 0.77003, 0.748749, 0.723147, 0.696511, 0.672668, 0.655333, 0.64741
0.64741, 0.639417, 0.621421, 0.595461, 0.564655, 0.533041, 0.50508, 0.484936, 0.475778
0.475778, 0.466568, 0.445938, 0.416422, 0.381743, 0.346519, 0.31565, 0.293568, 0.28357
0.28357, 0.273542, 0.25117, 0.219374, 0.182323, 0.145011, 0.112569, 0.0895038, 0.0790991
0.0790991, 0.0686859, 0.0455397, 0.0128396, -0.0249822, -0.0627683, -0.0953798, -0.118431, -0.128793
-0.128793, -0.13914, -0.16206, -0.194251, -0.231207, -0.267833, -0.299204, -0.321244, -0.331115
-0.331115, -0.340949, -0.362651, -0.39294, -0.427433, -0.461315, -0.490089, -0.510165, -0.519118
-0.519118, -0.528014, -0.547559, -0.574637, -0.605174, -0.634846, -0.659779, -0.677023, -0.68467
-0.68467, -0.692244, -0.708788, -0.731482, -0.756744, -0.780923, -0.800937, -0.814602, -0.820614
-0.820614, -0.826537, -0.839364, -0.856694, -0.875588, -0.893229, -0.907457, -0.916953, -0.921069
-0.921069, -0.925085, -0.93364, -0.944858, -0.956566, -0.966906, -0.974734, -0.97965, -0.981692
-0.981692, -0.983628, -0.987541, -0.99216, -0.996176, -0.998768, -0.999857, -0.99998, -0.999861
-0.999861, -0.999632, -0.998734, -0.996555, -0.992706, -0.987437, -0.98174, -0.977066, -0.974789
-0.974789, -0.972406, -0.966737, -0.957853, -0.946305, -0.933403, -0.921167, -0.911897, -0.907562
-0.907562, -0.903128, -0.892931, -0.877728, -0.85898, -0.839004, -0.820757, -0.807292, -0.801086
-0.801086, -0.794793, -0.78051, -0.759644, -0.734508, -0.708321, -0.684852, -0.667776, -0.659967
-0.659967, -0.652086, -0.634335, -0.608709, -0.578271, -0.547006, -0.519331, -0.49938, -0.490306
-0.490306, -0.481179, -0.460728, -0.43145, -0.397026, -0.362035, -0.33135, -0.309388, -0.299442
-0.299442, -0.289463, -0.267195, -0.235532, -0.198612, -0.161407, -0.12904, -0.106017, -0.0956282
-0.0956282, -0.0852291, -0.0621081, -0.0294283, 0.00839207, 0.0462004, 0.0788505, 0.10194, 0.112321
0.112321, 0.122691, 0.145665, 0.177948, 0.215033, 0.25181, 0.283331, 0.305487, 0.315413
0.315413, 0.325305, 0.347139, 0.377629, 0.412374, 0.44653, 0.475559, 0.495824, 0.504865
0.504865, 0.513851, 0.5336, 0.560979, 0.591882, 0.621939, 0.64722, 0.664718, 0.672483
0.672483, 0.680175, 0.696986, 0.720068, 0.745794, 0.770452, 0.790892, 0.804866, 0.811019
0.811019, 0.817084, 0.830229, 0.848018, 0.867452, 0.885646, 0.900361, 0.910207, 0.914482
0.914482, 0.918657, 0.927568, 0.939294, 0.951597, 0.962539, 0.970893, 0.976185, 0.978397
0.978397, 0.980502, 0.984794, 0.98995, 0.99459, 0.997807, 0.999438, 0.999946, 1
1, 0.999944, 0.999431, 0.997794, 0.99457, 0.989923, 0.984761, 0.980464, 0.978357
0.978357, 0.976143, 0.970847, 0.962487, 0.951538, 0.939228, 0.927497, 0.918581, 0.914404
0.914404, 0.910128, 0.900278, 0.885557, 0.867357, 0.847916, 0.830122, 0.816973, 0.810907
0.810907, 0.804753, 0.790775, 0.77033, 0.745666, 0.719935, 0.696848, 0.680034, 0.672341
0.672341, 0.664575, 0.647074, 0.621789, 0.591728, 0.56082, 0.533438, 0.513686, 0.504699
0.504699, 0.495658, 0.47539, 0.446359, 0.4122, 0.377451, 0.346959, 0.325124, 0.315231
0.315231, 0.305305, 0.283147, 0.251625, 0.214846, 0.177759, 0.145476, 0.122501, 0.112131
0.112131, 0.101749, 0.0786594, 0.046009, 0.0082004, -0.0296199, -0.0622994, -0.0854201, -0.0958189

-0.893794, -0.889062, -0.878211, -0.862096, -0.842317, -0.821332, -0.802234, -0.788178, -0.781709
-0.781709, -0.775154, -0.7603, -0.738646, -0.712626, -0.685587, -0.661408, -0.643842, -0.635818
-0.635818, -0.627724, -0.609509, -0.583251, -0.552117, -0.520192, -0.491978, -0.471663, -0.46243
-0.46243, -0.453147, -0.432359, -0.402634, -0.367731, -0.332302, -0.301273, -0.279086, -0.269044
-0.269044, -0.258973, -0.236512, -0.204604, -0.167442, -0.13004, -0.0975385, -0.0744404, -0.0640236
-0.0640236, -0.0535999, -0.0304363, 0.00227448, 0.0400885, 0.0778451, 0.110414, 0.133425, 0.143766
0.143766, 0.154091, 0.176956, 0.209054, 0.245885, 0.282364, 0.313591, 0.33552, 0.345338
0.345338, 0.355119, 0.376695, 0.406793, 0.441048, 0.474671, 0.503207, 0.523105, 0.531976
0.531976, 0.540789, 0.560143, 0.58694, 0.617137, 0.646451, 0.671061, 0.688069, 0.695608
0.695608, 0.703072, 0.719368, 0.741704, 0.766538, 0.790275, 0.809895, 0.823275, 0.829158
0.829158, 0.83495, 0.847483, 0.864393, 0.882789, 0.899922, 0.913704, 0.922879, 0.92685
0.92685, 0.930719, 0.938948, 0.949699, 0.960863, 0.970651, 0.977998, 0.982572, 0.984459
0.984459, 0.986239, 0.989807, 0.993935, 0.997383, 0.999404, 0.999998, 0.999772, 0.999494
0.999494, 0.999108, 0.99786, 0.995188, 0.99077, 0.984936, 0.978753, 0.973736, 0.971306
0.971306, 0.968769, 0.96276, 0.953402, 0.941311, 0.927873, 0.91518, 0.90559, 0.901112
0.901112, 0.896535, 0.886025, 0.870386, 0.851144, 0.830684, 0.812029, 0.798281, 0.791948
0.791948, 0.78553, 0.770973, 0.749728, 0.724168, 0.697571, 0.673761, 0.656449, 0.648536
0.648536, 0.640553, 0.622579, 0.596648, 0.565874, 0.534291, 0.506356, 0.486229, 0.477078
0.477078, 0.467875, 0.447261, 0.417766, 0.383109, 0.347905, 0.317052, 0.294981, 0.284988
0.284988, 0.274963, 0.252601, 0.220816, 0.183776, 0.146473, 0.114038, 0.090976, 0.0805727
0.0805727, 0.0701605, 0.0470163, 0.0143177, -0.0235044, -0.0612929, -0.0939082, -0.116963, -0.127327
-0.127327, -0.137676, -0.160601, -0.1928, -0.229769, -0.266408, -0.297793, -0.319844, -0.32972
-0.32972, -0.339559, -0.361273, -0.39158, -0.426096, -0.460002, -0.4888, -0.508893, -0.517854
-0.517854, -0.526758, -0.546322, -0.573426, -0.603997, -0.633703, -0.658668, -0.675934, -0.683592
-0.683592, -0.691176, -0.707744, -0.730474, -0.755777, -0.779999, -0.800051, -0.813744, -0.819768
-0.819768, -0.825704, -0.838559, -0.855931, -0.874873, -0.892563, -0.906835, -0.916362, -0.920493
-0.920493, -0.924523, -0.93311, -0.944373, -0.956134, -0.966527, -0.974402, -0.979352, -0.98141
-0.98141, -0.98336, -0.987307, -0.991974, -0.996046, -0.998693, -0.99983, -0.999989, -0.999884
-0.999884, -0.999671, -0.998808, -0.996676, -0.992883, -0.987669, -0.98202, -0.97738, -0.975118
-0.975118, -0.97275, -0.967114, -0.958277, -0.946782, -0.933933, -0.921741, -0.912503, -0.908182
-0.908182, -0.903762, -0.893596, -0.878435, -0.859736, -0.839807, -0.8216, -0.808164, -0.80197
-0.80197, -0.795689, -0.781433, -0.760605, -0.73551, -0.709363, -0.685929, -0.668875, -0.661077
-0.661077, -0.653206, -0.635477, -0.609881, -0.579476, -0.548243, -0.520593, -0.50066, -0.491594
-0.491594, -0.482474, -0.462039, -0.432783, -0.398383, -0.363412, -0.332745, -0.310794, -0.300852
-0.300852, -0.290878, -0.26862, -0.236968, -0.20006, -0.162866, -0.130506, -0.107487, -0.0970995
-0.0970995, -0.0867019, -0.0635834, -0.0309059, 0.00691386, 0.0447237, 0.0773767, 0.100469, 0.110852
0.110852, 0.121224, 0.144203, 0.176493, 0.213589, 0.250379, 0.281913, 0.30408, 0.31401
0.31401, 0.323907, 0.345752, 0.37626, 0.411027, 0.445207, 0.474258, 0.49454, 0.503588
0.503588, 0.512582, 0.53235, 0.559754, 0.59069, 0.620781, 0.646093, 0.663613, 0.671388
0.671388, 0.67909, 0.695925, 0.719042, 0.744808, 0.769509, 0.789987, 0.803988, 0.810153
0.810153, 0.81623, 0.829404, 0.847234, 0.866716, 0.884959, 0.899717, 0.909594, 0.913883
0.913883, 0.918072, 0.927015, 0.938786, 0.951142, 0.962137, 0.970538, 0.975863, 0.97809
0.97809, 0.980211, 0.984536, 0.98974, 0.994435, 0.997708, 0.999387, 0.99993, 0.999999
0.999999, 0.999959, 0.99948, 0.997891, 0.994722, 0.990131, 0.985017, 0.980754, 0.978662
0.978662, 0.976463, 0.971201, 0.962887, 0.951992, 0.939735, 0.928048, 0.919164, 0.915002
0.915002, 0.910739, 0.90092, 0.886243, 0.868092, 0.848699, 0.830946, 0.817825, 0.811771
0.811771, 0.805629, 0.791679, 0.771272, 0.74665, 0.72096, 0.697908, 0.681117, 0.673435
0.673435, 0.665679, 0.648201, 0.622946, 0.592919, 0.562043, 0.534688, 0.514954, 0.505975

-0.987001, -0.988625, -0.991846, -0.995484, -0.998362, -0.999811, -0.999912, -0.999335, -0.9989
-0.9989, -0.998355, -0.996758, -0.993593, -0.988609, -0.98221, -0.975542, -0.970184, -0.9676
-0.9676, -0.964911, -0.958564, -0.948733, -0.936102, -0.922131, -0.908983, -0.899076, -0.894456
-0.894456, -0.889738, -0.878917, -0.862845, -0.843113, -0.822175, -0.803115, -0.789087, -0.78263
-0.78263, -0.776087, -0.761259, -0.739641, -0.713662, -0.686662, -0.662516, -0.644973, -0.636958
-0.636958, -0.628874, -0.61068, -0.584451, -0.553349, -0.521454, -0.493265, -0.472966, -0.46374
-0.46374, -0.454464, -0.433692, -0.403986, -0.369105, -0.333695, -0.302682, -0.280506, -0.270468
-0.270468, -0.260401, -0.237948, -0.20605, -0.168899, -0.131506, -0.0990096, -0.0759145, -0.0654988
-0.0654988, -0.0550759, -0.0319138, 0.000796234, 0.0386114, 0.0763713, 0.108945, 0.13196, 0.142303
0.142303, 0.152631, 0.1755, 0.207609, 0.244452, 0.280945, 0.312187, 0.334127, 0.343951
0.343951, 0.353736, 0.375325, 0.405443, 0.439721, 0.47337, 0.501929, 0.521845, 0.530724
0.530724, 0.539545, 0.558918, 0.585743, 0.615973, 0.645323, 0.669965, 0.686995, 0.694545
0.694545, 0.70202, 0.718341, 0.740712, 0.765588, 0.789368, 0.809027, 0.822435, 0.82833
0.82833, 0.834135, 0.846697, 0.863648, 0.882093, 0.899276, 0.913102, 0.922309, 0.926294
0.926294, 0.930178, 0.938438, 0.949235, 0.960452, 0.970295, 0.977689, 0.982296, 0.984198
0.984198, 0.985994, 0.989595, 0.993772, 0.997275, 0.999351, 0.999995, 0.999802, 0.99954
0.99954, 0.999169, 0.997956, 0.995331, 0.99097, 0.98519, 0.979055, 0.974072, 0.971656
0.971656, 0.969135, 0.963159, 0.953847, 0.941809, 0.928424, 0.915774, 0.906216, 0.901752
0.901752, 0.897189, 0.886709, 0.871112, 0.851919, 0.831506, 0.812891, 0.79917, 0.79285
0.79285, 0.786444, 0.771913, 0.750706, 0.725186, 0.69863, 0.674852, 0.657564, 0.649661
0.649661, 0.641688, 0.623735, 0.597834, 0.567093, 0.53554, 0.50763, 0.48752, 0.478377
0.478377, 0.469181, 0.448582, 0.419108, 0.384474, 0.34929, 0.318454, 0.296393, 0.286404
0.286404, 0.276384, 0.254031, 0.222258, 0.185229, 0.147935, 0.115506, 0.092448, 0.082046
0.082046, 0.0716351, 0.0484929, 0.0157958, -0.0220265, -0.0598173, -0.0924364, -0.115495, -0.12586
-0.12586, -0.136212, -0.159142, -0.19135, -0.22833, -0.264983, -0.296382, -0.318443, -0.328324
-0.328324, -0.338169, -0.359894, -0.39022, -0.424758, -0.458689, -0.48751, -0.50762, -0.516588
-0.516588, -0.525501, -0.545083, -0.572214, -0.602818, -0.632559, -0.657555, -0.674844, -0.682513
-0.682513, -0.690107, -0.706699, -0.729463, -0.754808, -0.779073, -0.799163, -0.812884, -0.818921
-0.818921, -0.824869, -0.837753, -0.855166, -0.874156, -0.891896, -0.906211, -0.91577, -0.919914
-0.919914, -0.923958, -0.932577, -0.943885, -0.9557, -0.966147, -0.974069, -0.979052, -0.981125
-0.981125, -0.983091, -0.987071, -0.991786, -0.995914, -0.998616, -0.999802, -0.999995, -0.999906
-0.999906, -0.999708, -0.998879, -0.996796, -0.993058, -0.9879, -0.982298, -0.977691, -0.975445
-0.975445, -0.973092, -0.967489, -0.958698, -0.947257, -0.93446, -0.922313, -0.913107, -0.908799
-0.908799, -0.904393, -0.894258, -0.879141, -0.86049, -0.840609, -0.822442, -0.809034, -0.802852
-0.802852, -0.796583, -0.782355, -0.761564, -0.736511, -0.710405, -0.687004, -0.669973, -0.662185
-0.662185, -0.654325, -0.636618, -0.611052, -0.580681, -0.549478, -0.521855, -0.501939, -0.492881
-0.492881, -0.483769, -0.46335, -0.434115, -0.399738, -0.364789, -0.334138, -0.312198, -0.302262
-0.302262, -0.292292, -0.270043, -0.238404, -0.201508, -0.164324, -0.131971, -0.108956, -0.0985707
-0.0985707, -0.0881745, -0.0650586, -0.0323834, 0.00543564, 0.0432469, 0.0759028, 0.098998, 0.109383
0.109383, 0.119756, 0.14274, 0.175038, 0.212145, 0.248948, 0.280494, 0.302671, 0.312606
0.312606, 0.322508, 0.344365, 0.37489, 0.409679, 0.443883, 0.472956, 0.493255, 0.502311
0.502311, 0.511312, 0.531098, 0.558529, 0.589497, 0.619622, 0.644964, 0.662507, 0.670292
0.670292, 0.678004, 0.694863, 0.718014, 0.743821, 0.768564, 0.78908, 0.803108, 0.809286
0.809286, 0.815376, 0.828577, 0.846447, 0.865978, 0.884269, 0.899071, 0.908979, 0.913282
0.913282, 0.917485, 0.92646, 0.938276, 0.950685, 0.961733, 0.970181, 0.975539, 0.977781
0.977781, 0.979917, 0.984276, 0.989527, 0.994278, 0.997606, 0.999334, 0.999912, 0.999996
0.999996, 0.999971, 0.999527, 0.997986, 0.994873, 0.990337, 0.985271, 0.981042, 0.978965
0.978965, 0.976781, 0.971552, 0.963285, 0.952444, 0.940239, 0.928598, 0.919746, 0.915597

-0.70534, -0.712703, -0.728773, -0.750781, -0.775223, -0.798557, -0.817818, -0.830939, -0.836703
-0.836703, -0.842376, -0.854642, -0.871169, -0.889112, -0.905784, -0.91916, -0.928044, -0.931883
-0.931883, -0.93562, -0.943552, -0.953881, -0.964551, -0.97384, -0.980752, -0.985015, -0.986762
-0.986762, -0.988402, -0.991657, -0.995342, -0.998276, -0.999782, -0.99993, -0.999388, -0.998968
-0.998968, -0.998439, -0.996876, -0.993759, -0.98883, -0.982486, -0.975866, -0.970541, -0.967972
-0.967972, -0.965298, -0.958984, -0.949199, -0.936621, -0.922702, -0.909599, -0.899722, -0.895116
-0.895116, -0.890412, -0.879621, -0.863591, -0.843907, -0.823015, -0.803995, -0.789994, -0.783549
-0.783549, -0.777019, -0.762217, -0.740635, -0.714697, -0.687736, -0.663622, -0.646102, -0.638097
-0.638097, -0.630022, -0.61185, -0.58565, -0.554579, -0.522715, -0.49455, -0.474268, -0.46505
-0.46505, -0.45578, -0.435023, -0.405338, -0.370478, -0.335089, -0.304091, -0.281924, -0.271891
-0.271891, -0.261828, -0.239384, -0.207497, -0.170356, -0.132971, -0.100481, -0.0773884, -0.0669738
-0.0669738, -0.0565519, -0.0333913, -0.000682017, 0.0371342, 0.0748973, 0.107475, 0.130494, 0.14084
0.14084, 0.151169, 0.174045, 0.206162, 0.243018, 0.279526, 0.310783, 0.332734, 0.342562
0.342562, 0.352353, 0.373954, 0.404091, 0.438393, 0.472067, 0.50065, 0.520583, 0.52947
0.52947, 0.538299, 0.557692, 0.584544, 0.614808, 0.644193, 0.668867, 0.68592, 0.693481
0.693481, 0.700966, 0.717311, 0.739718, 0.764636, 0.78846, 0.808157, 0.821594, 0.827501
0.827501, 0.833319, 0.84591, 0.862902, 0.881396, 0.898629, 0.912498, 0.921736, 0.925736
0.925736, 0.929634, 0.937926, 0.948769, 0.960039, 0.969936, 0.977377, 0.982018, 0.983935
0.983935, 0.985746, 0.989381, 0.993606, 0.997165, 0.999297, 0.999989, 0.999831, 0.999584
0.999584, 0.999228, 0.998049, 0.995473, 0.991167, 0.985443, 0.979354, 0.974405, 0.972004
0.972004, 0.969498, 0.963556, 0.95429, 0.942305, 0.928972, 0.916367, 0.90684, 0.90239
0.90239, 0.897841, 0.887392, 0.871837, 0.852692, 0.832327, 0.813751, 0.800058, 0.79375
0.79375, 0.787356, 0.772852, 0.751682, 0.726203, 0.699686, 0.675943, 0.658677, 0.650784
0.650784, 0.642821, 0.62489, 0.599018, 0.56831, 0.536788, 0.508903, 0.48881, 0.479674
0.479674, 0.470486, 0.449903, 0.42045, 0.385839, 0.350675, 0.319855, 0.297804, 0.28782
0.28782, 0.277805, 0.25546, 0.223699, 0.186682, 0.149397, 0.116975, 0.0939198, 0.0835192
0.0835192, 0.0731094, 0.0499694, 0.0172738, -0.0205486, -0.0583417, -0.0909644, -0.114026, -0.124394
-0.124394, -0.134747, -0.157682, -0.189898, -0.22689, -0.263557, -0.29497, -0.317041, -0.326927
-0.326927, -0.336777, -0.358515, -0.388858, -0.42342, -0.457375, -0.486218, -0.506345, -0.515322
-0.515322, -0.524242, -0.543843, -0.571002, -0.601638, -0.631414, -0.65644, -0.673752, -0.681431
-0.681431, -0.689036, -0.705652, -0.728451, -0.753838, -0.778146, -0.798274, -0.812022, -0.818072
-0.818072, -0.824032, -0.836945, -0.854398, -0.873437, -0.891226, -0.905585, -0.915175, -0.919334
-0.919334, -0.923392, -0.932043, -0.943396, -0.955264, -0.965765, -0.973733, -0.97875, -0.980838
-0.980838, -0.982819, -0.986833, -0.991596, -0.995779, -0.998538, -0.999772, -0.999998, -0.999925
-0.999925, -0.999742, -0.998948, -0.996913, -0.993231, -0.988128, -0.982574, -0.978001, -0.975769
-0.975769, -0.973431, -0.967861, -0.959118, -0.947729, -0.934985, -0.922883, -0.913708, -0.909415
-0.909415, -0.905023, -0.894919, -0.879844, -0.861242, -0.841409, -0.823282, -0.809902, -0.803733
-0.803733, -0.797476, -0.783275, -0.762521, -0.73751, -0.711444, -0.688077, -0.67107, -0.663292
-0.663292, -0.655442, -0.637757, -0.612222, -0.581883, -0.550713, -0.523115, -0.503217, -0.494167
-0.494167, -0.485062, -0.464659, -0.435446, -0.401093, -0.366165, -0.335531, -0.313602, -0.30367
-0.30367, -0.293705, -0.271466, -0.23984, -0.202956, -0.165782, -0.133436, -0.110425, -0.100042
-0.100042, -0.0896469, -0.0665336, -0.0338609, 0.0039574, 0.04177, 0.0744288, 0.0975269, 0.107914
0.107914, 0.118288, 0.141276, 0.173582, 0.2107, 0.247516, 0.279075, 0.301262, 0.311202
0.311202, 0.321108, 0.342977, 0.373519, 0.40833, 0.442558, 0.471653, 0.491968, 0.501032
0.501032, 0.510041, 0.529844, 0.557302, 0.588302, 0.618461, 0.643833, 0.661399, 0.669194
0.669194, 0.676917, 0.693799, 0.716984, 0.742832, 0.767618, 0.788171, 0.802227, 0.808417
0.808417, 0.814519, 0.827749, 0.845659, 0.865238, 0.883578, 0.898423, 0.908361, 0.912678
0.912678, 0.916896, 0.925902, 0.937763, 0.950225, 0.961327, 0.969822, 0.975213, 0.97747

-0.155787, -0.166092, -0.188908, -0.220928, -0.257651, -0.294006, -0.325113, -0.346948, -0.356722
-0.356722, -0.366458, -0.387929, -0.41787, -0.451927, -0.485337, -0.513676, -0.533428, -0.542231
-0.542231, -0.550975, -0.570173, -0.59674, -0.626658, -0.655679, -0.680025, -0.69684, -0.704291
-0.704291, -0.711665, -0.72776, -0.749804, -0.774289, -0.797666, -0.816966, -0.830116, -0.835893
-0.835893, -0.841578, -0.853874, -0.870442, -0.888435, -0.905157, -0.918577, -0.927492, -0.931345
-0.931345, -0.935097, -0.943061, -0.953436, -0.96416, -0.973503, -0.980462, -0.984759, -0.986521
-0.986521, -0.988176, -0.991465, -0.995199, -0.998188, -0.99975, -0.999947, -0.999438, -0.999034
-0.999034, -0.998521, -0.996992, -0.993923, -0.989049, -0.982761, -0.976187, -0.970896, -0.968342
-0.968342, -0.965683, -0.959402, -0.949664, -0.937138, -0.923271, -0.910212, -0.900366, -0.895774
-0.895774, -0.891083, -0.880323, -0.864335, -0.844699, -0.823854, -0.804873, -0.790899, -0.784467
-0.784467, -0.777948, -0.763173, -0.741628, -0.71573, -0.688808, -0.664727, -0.647229, -0.639234
-0.639234, -0.63117, -0.613019, -0.586848, -0.555809, -0.523975, -0.495834, -0.475569, -0.466358
-0.466358, -0.457096, -0.436354, -0.406689, -0.371851, -0.336481, -0.305499, -0.283342, -0.273313
-0.273313, -0.263254, -0.240819, -0.208943, -0.171812, -0.134436, -0.101951, -0.0788621, -0.0684486
-0.0684486, -0.0580277, -0.0348687, -0.00216027, 0.0356569, 0.0734231, 0.106005, 0.129029, 0.139376
0.139376, 0.149708, 0.172589, 0.204716, 0.241584, 0.278107, 0.309377, 0.331339, 0.341173
0.341173, 0.35097, 0.372583, 0.402738, 0.437063, 0.470763, 0.49937, 0.519321, 0.528216
0.528216, 0.537053, 0.556464, 0.583344, 0.613642, 0.643061, 0.667767, 0.684844, 0.692415
0.692415, 0.699911, 0.716281, 0.738723, 0.763682, 0.78755, 0.807286, 0.82075, 0.82667
0.82667, 0.832501, 0.845121, 0.862154, 0.880697, 0.897979, 0.911892, 0.921162, 0.925176
0.925176, 0.929088, 0.937413, 0.948301, 0.959625, 0.969575, 0.977063, 0.981738, 0.98367
0.98367, 0.985496, 0.989165, 0.993438, 0.997052, 0.999241, 0.99998, 0.999857, 0.999626
0.999626, 0.999285, 0.99814, 0.995612, 0.991362, 0.985693, 0.979652, 0.974736, 0.972351
0.972351, 0.969859, 0.96395, 0.954731, 0.942799, 0.929518, 0.916958, 0.907462, 0.903026
0.903026, 0.898491, 0.888072, 0.872561, 0.853463, 0.833145, 0.814609, 0.800944, 0.794648
0.794648, 0.788266, 0.773789, 0.752656, 0.727219, 0.700742, 0.677031, 0.659788, 0.651906
0.651906, 0.643952, 0.626043, 0.600201, 0.569525, 0.538034, 0.510175, 0.490099, 0.480971
0.480971, 0.47179, 0.451223, 0.421791, 0.387202, 0.352059, 0.321255, 0.299215, 0.289236
0.289236, 0.279224, 0.256889, 0.22514, 0.188134, 0.150859, 0.118443, 0.0953915, 0.0849922
0.0849922, 0.0745837, 0.0514457, 0.0187518, -0.0190707, -0.0568659, -0.0894922, -0.112558, -0.122927
-0.122927, -0.133283, -0.156222, -0.188447, -0.22545, -0.262131, -0.293557, -0.315639, -0.32553
-0.32553, -0.335385, -0.357134, -0.387496, -0.42208, -0.45606, -0.484926, -0.50507, -0.514055
-0.514055, -0.522983, -0.542602, -0.569787, -0.600456, -0.630267, -0.655324, -0.672659, -0.680349
-0.680349, -0.687964, -0.704604, -0.727438, -0.752866, -0.777216, -0.797383, -0.811158, -0.817221
-0.817221, -0.823194, -0.836135, -0.853629, -0.872716, -0.890555, -0.904957, -0.914578, -0.918751
-0.918751, -0.922824, -0.931506, -0.942905, -0.954825, -0.96538, -0.973396, -0.978446, -0.980549
-0.980549, -0.982545, -0.986593, -0.991404, -0.995642, -0.998457, -0.999739, -1, -0.999942
-0.999942, -0.999775, -0.999014, -0.997028, -0.993401, -0.988354, -0.982847, -0.978308, -0.976092
-0.976092, -0.973769, -0.968232, -0.959535, -0.9482, -0.935509, -0.923452, -0.914308, -0.910029
-0.910029, -0.905651, -0.895578, -0.880546, -0.861993, -0.842207, -0.82412, -0.810768, -0.804611
-0.804611, -0.798367, -0.784193, -0.763476, -0.738508, -0.712482, -0.689149, -0.672165, -0.664398
-0.664398, -0.656557, -0.638895, -0.61339, -0.583085, -0.551946, -0.524375, -0.504494, -0.495451
-0.495451, -0.486354, -0.465967, -0.436777, -0.402446, -0.36754, -0.336923, -0.315006, -0.305078
-0.305078, -0.295118, -0.272889, -0.241274, -0.204403, -0.16724, -0.134901, -0.111895, -0.101512
-0.101512, -0.0911191, -0.0680085, -0.0353382, 0.00247916, 0.040293, 0.0729545, 0.0960556, 0.106444
0.106444, 0.11682, 0.139813, 0.172126, 0.209254, 0.246083, 0.277655, 0.299852, 0.309797
0.309797, 0.319708, 0.341588, 0.372147, 0.40698, 0.441232, 0.470349, 0.490681, 0.499752
0.499752, 0.508769, 0.52859, 0.556074, 0.587106, 0.617298, 0.642702, 0.660289, 0.668095

0.452935, 0.443601, 0.422705, 0.392835, 0.357778, 0.32221, 0.291072, 0.268815, 0.258743
0.258743, 0.248643, 0.226122, 0.194139, 0.156903, 0.119444, 0.0869045, 0.0637863, 0.0533624
0.0533624, 0.0429327, 0.0197601, -0.0129538, -0.0507571, -0.0884877, -0.121022, -0.144001, -0.154326
-0.154326, -0.164634, -0.187456, -0.219486, -0.256222, -0.292593, -0.323714, -0.345561, -0.355341
-0.355341, -0.365082, -0.386566, -0.416526, -0.450607, -0.484044, -0.512407, -0.532177, -0.540989
-0.540989, -0.549741, -0.568958, -0.595553, -0.625505, -0.654562, -0.678941, -0.695779, -0.703241
-0.703241, -0.710626, -0.726745, -0.748825, -0.773352, -0.796774, -0.816113, -0.829291, -0.83508
-0.83508, -0.840779, -0.853104, -0.869713, -0.887755, -0.904527, -0.917991, -0.926939, -0.930806
-0.930806, -0.934572, -0.942569, -0.95299, -0.963766, -0.973164, -0.98017, -0.984501, -0.986278
-0.986278, -0.987948, -0.991271, -0.995053, -0.998098, -0.999715, -0.999961, -0.999487, -0.999098
-0.999098, -0.9986, -0.997105, -0.994084, -0.989266, -0.983033, -0.976507, -0.971249, -0.96871
-0.96871, -0.966066, -0.959818, -0.950126, -0.937653, -0.923838, -0.910823, -0.901009, -0.89643
-0.89643, -0.891753, -0.881023, -0.865078, -0.845489, -0.824691, -0.80575, -0.791803, -0.785382
-0.785382, -0.778876, -0.764127, -0.742619, -0.716762, -0.689879, -0.665831, -0.648355, -0.64037
-0.64037, -0.632316, -0.614186, -0.588044, -0.557037, -0.525233, -0.497118, -0.476869, -0.467665
-0.467665, -0.45841, -0.437684, -0.408039, -0.373223, -0.337873, -0.306906, -0.28476, -0.274735
-0.274735, -0.26468, -0.242253, -0.210388, -0.173268, -0.135901, -0.103422, -0.0803357, -0.0699233
-0.0699233, -0.0595034, -0.036346, -0.00363851, 0.0341796, 0.0719487, 0.104535, 0.127562, 0.137912
0.137912, 0.148246, 0.171133, 0.203268, 0.240149, 0.276687, 0.307971, 0.329944, 0.339783
0.339783, 0.349585, 0.371211, 0.401385, 0.435733, 0.469459, 0.498089, 0.518057, 0.52696
0.52696, 0.535805, 0.555235, 0.582143, 0.612474, 0.641929, 0.666666, 0.683766, 0.691348
0.691348, 0.698855, 0.715248, 0.737725, 0.762727, 0.786638, 0.806412, 0.819905, 0.825838
0.825838, 0.831681, 0.84433, 0.861404, 0.879996, 0.897328, 0.911285, 0.920586, 0.924613
0.924613, 0.92854, 0.936897, 0.947831, 0.959208, 0.969212, 0.976748, 0.981455, 0.983403
0.983403, 0.985244, 0.988947, 0.993268, 0.996938, 0.999182, 0.99997, 0.999881, 0.999665
0.999665, 0.99934, 0.998229, 0.99575, 0.991555, 0.985941, 0.979948, 0.975065, 0.972695
0.972695, 0.970219, 0.964342, 0.955169, 0.94329, 0.930062, 0.917547, 0.908082, 0.90366
0.90366, 0.899139, 0.888751, 0.873282, 0.854233, 0.833962, 0.815465, 0.801828, 0.795545
0.795545, 0.789175, 0.774725, 0.753628, 0.728233, 0.701796, 0.678118, 0.660898, 0.653026
0.653026, 0.645082, 0.627195, 0.601383, 0.57074, 0.53928, 0.511446, 0.491387, 0.482266
0.482266, 0.473093, 0.452542, 0.423131, 0.388564, 0.353442, 0.322655, 0.300625, 0.29065
0.29065, 0.280644, 0.258317, 0.22658, 0.189585, 0.15232, 0.11991, 0.0968629, 0.086465
0.086465, 0.0760577, 0.0529219, 0.0202298, -0.0175927, -0.0553899, -0.0880197, -0.111089, -0.12146
-0.12146, -0.131817, -0.154762, -0.186995, -0.22401, -0.260704, -0.292143, -0.314236, -0.324132
-0.324132, -0.333992, -0.355753, -0.386133, -0.420739, -0.454744, -0.483633, -0.503794, -0.512786
-0.512786, -0.521722, -0.54136, -0.568572, -0.599274, -0.629118, -0.654207, -0.671565, -0.679265
-0.679265, -0.686891, -0.703554, -0.726423, -0.751892, -0.776285, -0.79649, -0.810293, -0.816368
-0.816368, -0.822354, -0.835323, -0.852858, -0.871994, -0.889881, -0.904327, -0.913979, -0.918166
-0.918166, -0.922253, -0.930967, -0.942412, -0.954385, -0.964993, -0.973056, -0.97814, -0.980258
-0.980258, -0.982269, -0.986351, -0.991209, -0.995503, -0.998373, -0.999704, -0.999999, -0.999957
-0.999957, -0.999805, -0.999079, -0.997141, -0.99357, -0.988578, -0.983119, -0.978613, -0.976412
-0.976412, -0.974104, -0.968601, -0.95995, -0.948669, -0.93603, -0.924018, -0.914906, -0.910641
-0.910641, -0.906277, -0.896234, -0.881245, -0.862741, -0.843003, -0.824957, -0.811632, -0.805488
-0.805488, -0.799257, -0.785109, -0.76443, -0.739503, -0.713519, -0.690219, -0.673259, -0.665502
-0.665502, -0.657672, -0.640032, -0.614557, -0.584285, -0.553178, -0.525633, -0.50577, -0.496735
-0.496735, -0.487645, -0.467275, -0.438106, -0.403799, -0.368915, -0.338315, -0.316408, -0.306486
-0.306486, -0.29653, -0.274311, -0.242709, -0.20585, -0.168697, -0.136366, -0.113363, -0.102983
-0.102983, -0.0925911, -0.0694833, -0.0368155, 0.00100091, 0.0388159, 0.0714801, 0.0945841, 0.104974

0.889629, 0.884812, 0.873773, 0.857397, 0.837322, 0.816049, 0.796706, 0.782482, 0.775937
0.775937, 0.769308, 0.754291, 0.732412, 0.706141, 0.678859, 0.654478, 0.636775, 0.628689
0.628689, 0.620535, 0.602189, 0.575752, 0.544422, 0.512312, 0.483947, 0.46353, 0.454252
0.454252, 0.444925, 0.424044, 0.394194, 0.359158, 0.323609, 0.292486, 0.270239, 0.260171
0.260171, 0.250075, 0.227562, 0.195588, 0.158363, 0.120911, 0.088377, 0.0652615, 0.0548385
0.0548385, 0.0444096, 0.021238, -0.0114756, -0.0492807, -0.0870152, -0.119554, -0.142538, -0.152866
-0.152866, -0.163176, -0.186004, -0.218043, -0.254793, -0.291179, -0.322315, -0.344174, -0.353959
-0.353959, -0.363705, -0.385202, -0.415182, -0.449287, -0.48275, -0.511137, -0.530925, -0.539745
-0.539745, -0.548506, -0.567742, -0.594365, -0.624351, -0.653444, -0.677855, -0.694716, -0.702189
-0.702189, -0.709585, -0.725729, -0.747844, -0.772414, -0.795879, -0.815258, -0.828464, -0.834266
-0.834266, -0.839978, -0.852331, -0.868983, -0.887074, -0.903896, -0.917404, -0.926383, -0.930265
-0.930265, -0.934045, -0.942074, -0.952541, -0.963371, -0.972823, -0.979876, -0.98424, -0.986033
-0.986033, -0.987718, -0.991075, -0.994905, -0.998006, -0.999679, -0.999973, -0.999533, -0.999159
-0.999159, -0.998677, -0.997216, -0.994244, -0.989481, -0.983303, -0.976824, -0.9716, -0.969076
-0.969076, -0.966447, -0.960232, -0.950586, -0.938165, -0.924403, -0.911432, -0.901649, -0.897084
-0.897084, -0.892421, -0.881722, -0.865818, -0.846278, -0.825526, -0.806624, -0.792705, -0.786297
-0.786297, -0.779802, -0.76508, -0.743608, -0.717792, -0.690949, -0.666933, -0.64948, -0.641505
-0.641505, -0.63346, -0.615352, -0.589239, -0.558264, -0.52649, -0.4984, -0.478168, -0.468971
-0.468971, -0.459723, -0.439012, -0.409388, -0.374594, -0.339264, -0.308312, -0.286176, -0.276156
-0.276156, -0.266105, -0.243687, -0.211833, -0.174724, -0.137365, -0.104892, -0.081809, -0.0713979
-0.0713979, -0.060979, -0.0378232, -0.00511675, 0.0327021, 0.0704742, 0.103065, 0.126096, 0.136448
0.136448, 0.146784, 0.169676, 0.201821, 0.238714, 0.275266, 0.306564, 0.328548, 0.338392
0.338392, 0.3482, 0.369838, 0.40003, 0.434402, 0.468153, 0.496806, 0.516792, 0.525703
0.525703, 0.534557, 0.554005, 0.58094, 0.611305, 0.640794, 0.665563, 0.682686, 0.690279
0.690279, 0.697796, 0.714214, 0.736727, 0.76177, 0.785724, 0.805537, 0.819057, 0.825003
0.825003, 0.830859, 0.843537, 0.860653, 0.879292, 0.896674, 0.910675, 0.920007, 0.924049
0.924049, 0.927991, 0.936379, 0.947359, 0.958789, 0.968847, 0.97643, 0.981171, 0.983134
0.983134, 0.98499, 0.988727, 0.993095, 0.996821, 0.999121, 0.999958, 0.999902, 0.999702
0.999702, 0.999393, 0.998316, 0.995885, 0.991745, 0.986187, 0.980241, 0.975392, 0.973037
0.973037, 0.970576, 0.964732, 0.955606, 0.94378, 0.930604, 0.918134, 0.9087, 0.904292
0.904292, 0.899785, 0.889428, 0.874001, 0.855, 0.834776, 0.81632, 0.802711, 0.79644
0.79644, 0.790082, 0.775659, 0.754599, 0.729245, 0.702848, 0.679204, 0.662007, 0.654145
0.654145, 0.646211, 0.628346, 0.602564, 0.571953, 0.540524, 0.512715, 0.492674, 0.483561
0.483561, 0.474395, 0.453859, 0.42447, 0.389926, 0.354825, 0.324054, 0.302035, 0.292064
0.292064, 0.282062, 0.259745, 0.228019, 0.191037, 0.153781, 0.121378, 0.0983341, 0.0879376
0.0879376, 0.0775316, 0.0543981, 0.0217077, -0.0161146, -0.0539139, -0.0865471, -0.109619, -0.119992
-0.119992, -0.130352, -0.153302, -0.185542, -0.222569, -0.259277, -0.290729, -0.312832, -0.322733
-0.322733, -0.332598, -0.354371, -0.384769, -0.419398, -0.453427, -0.482338, -0.502516, -0.511516
-0.511516, -0.520461, -0.540116, -0.567355, -0.59809, -0.627968, -0.653088, -0.670469, -0.678179
-0.678179, -0.685816, -0.702503, -0.725406, -0.750916, -0.775353, -0.795595, -0.809426, -0.815513
-0.815513, -0.821512, -0.834509, -0.852086, -0.871269, -0.889206, -0.903695, -0.913378, -0.91758
-0.91758, -0.921681, -0.930427, -0.941916, -0.953943, -0.964605, -0.972714, -0.977831, -0.979964
-0.979964, -0.981991, -0.986107, -0.991012, -0.995362, -0.998288, -0.999667, -0.999997, -0.999969
-0.999969, -0.999833, -0.999141, -0.997251, -0.993736, -0.988799, -0.983388, -0.978916, -0.97673
-0.97673, -0.974437, -0.968967, -0.960363, -0.949135, -0.936549, -0.924582, -0.915501, -0.911251
-0.911251, -0.906901, -0.896889, -0.881943, -0.863488, -0.843797, -0.825791, -0.812495, -0.806364
-0.806364, -0.800144, -0.786024, -0.765382, -0.740498, -0.714554, -0.691288, -0.674351, -0.666604
-0.666604, -0.658785, -0.641167, -0.615722, -0.585484, -0.554409, -0.52689, -0.507045, -0.498017

0.988438, 0.989967, 0.992977, 0.996315, 0.998846, 0.999948, 0.999747, 0.998957, 0.998426
0.998426, 0.997786, 0.995976, 0.992511, 0.987182, 0.98044, 0.973478, 0.967913, 0.965236
0.965236, 0.962454, 0.955903, 0.945785, 0.932826, 0.918533, 0.90511, 0.89501, 0.890303
0.890303, 0.8855, 0.874491, 0.858157, 0.838129, 0.816902, 0.797599, 0.783401, 0.776869
0.776869, 0.770252, 0.75526, 0.733417, 0.707187, 0.679944, 0.655595, 0.637914, 0.629838
0.629838, 0.621693, 0.603368, 0.57696, 0.545661, 0.513581, 0.48524, 0.464839, 0.455569
0.455569, 0.446249, 0.425383, 0.395552, 0.360538, 0.325007, 0.2939, 0.271662, 0.261598
0.261598, 0.251506, 0.229001, 0.197038, 0.159823, 0.122379, 0.0898494, 0.0667365, 0.0563145
0.0563145, 0.0458863, 0.0227159, -0.00999747, -0.0478041, -0.0855424, -0.118086, -0.141075, -0.151405
-0.151405, -0.161718, -0.184551, -0.216601, -0.253364, -0.289764, -0.320915, -0.342786, -0.352576
-0.352576, -0.362328, -0.383838, -0.413836, -0.447966, -0.481455, -0.509866, -0.529672, -0.5385
-0.5385, -0.547269, -0.566525, -0.593176, -0.623196, -0.652324, -0.676767, -0.693652, -0.701136
-0.701136, -0.708543, -0.724711, -0.746862, -0.771475, -0.794984, -0.814401, -0.827635, -0.83345
-0.83345, -0.839175, -0.851557, -0.86825, -0.88639, -0.903263, -0.916815, -0.925825, -0.929721
-0.929721, -0.933516, -0.941577, -0.95209, -0.962973, -0.97248, -0.97958, -0.983978, -0.985786
-0.985786, -0.987486, -0.990877, -0.994755, -0.997912, -0.99964, -0.999983, -0.999577, -0.999219
-0.999219, -0.998752, -0.997326, -0.994401, -0.989694, -0.983571, -0.97714, -0.971949, -0.96944
-0.96944, -0.966825, -0.960644, -0.951044, -0.938676, -0.924966, -0.91204, -0.902287, -0.897736
-0.897736, -0.893087, -0.882418, -0.866557, -0.847064, -0.82636, -0.807497, -0.793605, -0.787209
-0.787209, -0.780727, -0.766031, -0.744595, -0.71882, -0.692017, -0.668034, -0.650603, -0.642638
-0.642638, -0.634603, -0.616516, -0.590433, -0.55949, -0.527747, -0.499681, -0.479465, -0.470276
-0.470276, -0.461035, -0.44034, -0.410736, -0.375964, -0.340654, -0.309718, -0.287592, -0.277576
-0.277576, -0.26753, -0.24512, -0.213277, -0.176179, -0.138829, -0.106362, -0.0832823, -0.0728723
-0.0728723, -0.0624544, -0.0393004, -0.00659497, 0.0312246, 0.0689996, 0.101594, 0.12463, 0.134983
0.134983, 0.145322, 0.168219, 0.200373, 0.237278, 0.273844, 0.305157, 0.327152, 0.337001
0.337001, 0.346813, 0.368464, 0.398675, 0.43307, 0.466846, 0.495523, 0.515526, 0.524445
0.524445, 0.533307, 0.552774, 0.579736, 0.610134, 0.639659, 0.664459, 0.681605, 0.689209
0.689209, 0.696737, 0.713179, 0.735726, 0.760812, 0.784809, 0.80466, 0.818208, 0.824167
0.824167, 0.830036, 0.842742, 0.859899, 0.878587, 0.896019, 0.910063, 0.919427, 0.923483
0.923483, 0.927439, 0.935859, 0.946884, 0.958368, 0.96848, 0.976109, 0.980884, 0.982863
0.982863, 0.984734, 0.988504, 0.992921, 0.996702, 0.999058, 0.999943, 0.999922, 0.999737
0.999737, 0.999443, 0.998401, 0.996018, 0.991934, 0.986431, 0.980533, 0.975717, 0.973377
0.973377, 0.97093, 0.96512, 0.95604, 0.944268, 0.931144, 0.918718, 0.909316, 0.904922
0.904922, 0.900429, 0.890102, 0.874718, 0.855766, 0.835589, 0.817173, 0.803591, 0.797333
0.797333, 0.790987, 0.776591, 0.755568, 0.730256, 0.703899, 0.680288, 0.663114, 0.655262
0.655262, 0.647339, 0.629495, 0.603743, 0.573165, 0.541767, 0.513984, 0.49396, 0.484854
0.484854, 0.475695, 0.455176, 0.425808, 0.391287, 0.356206, 0.325452, 0.303444, 0.293478
0.293478, 0.28348, 0.261172, 0.229458, 0.192487, 0.155241, 0.122845, 0.099805, 0.08941
0.08941, 0.0790053, 0.0558741, 0.0231856, -0.0146365, -0.0524377, -0.0850743, -0.10815, -0.118524
-0.118524, -0.128886, -0.151841, -0.18409, -0.221127, -0.257849, -0.289314, -0.311428, -0.321333
-0.321333, -0.331204, -0.352989, -0.383404, -0.418055, -0.452109, -0.481043, -0.501238, -0.510246
-0.510246, -0.519198, -0.538871, -0.566137, -0.596904, -0.626817, -0.651968, -0.669371, -0.677092
-0.677092, -0.684739, -0.70145, -0.724388, -0.749939, -0.774418, -0.794698, -0.808557, -0.814657
-0.814657, -0.820668, -0.833694, -0.851311, -0.870543, -0.888529, -0.903061, -0.912776, -0.916991
-0.916991, -0.921106, -0.929884, -0.941419, -0.953498, -0.964214, -0.97237, -0.977521, -0.979669
-0.979669, -0.98171, -0.98586, -0.990814, -0.995219, -0.9982, -0.999628, -0.999992, -0.99998
-0.99998, -0.999859, -0.999201, -0.99736, -0.9939, -0.989019, -0.983656, -0.979217, -0.977046
-0.977046, -0.974768, -0.969331, -0.960774, -0.949599, -0.937066, -0.925144, -0.916095, -0.911859

0.711832, 0.719127, 0.735043, 0.756827, 0.781003, 0.804061, 0.823078, 0.836023, 0.841707
0.841707, 0.847299, 0.859384, 0.875649, 0.893286, 0.909645, 0.922745, 0.931432, 0.935181
0.935181, 0.938828, 0.94656, 0.956603, 0.966938, 0.97589, 0.982507, 0.98656, 0.988212
0.988212, 0.989757, 0.992801, 0.996187, 0.998774, 0.999932, 0.999779, 0.999023, 0.998508
0.998508, 0.997883, 0.996107, 0.992691, 0.987417, 0.98073, 0.973815, 0.968283, 0.965621
0.965621, 0.962854, 0.956336, 0.946264, 0.933358, 0.919116, 0.905737, 0.895668, 0.890976
0.890976, 0.886186, 0.875207, 0.858915, 0.838935, 0.817754, 0.79849, 0.784319, 0.777799
0.777799, 0.771194, 0.756228, 0.734422, 0.708231, 0.681027, 0.656711, 0.639051, 0.630985
0.630985, 0.62285, 0.604546, 0.578167, 0.546899, 0.514849, 0.486532, 0.466147, 0.456884
0.456884, 0.447571, 0.42672, 0.396909, 0.361916, 0.326405, 0.295312, 0.273084, 0.263025
0.263025, 0.252936, 0.23044, 0.198487, 0.161282, 0.123846, 0.0913216, 0.0682114, 0.0577903
0.0577903, 0.0473629, 0.0241938, -0.00851928, -0.0463275, -0.0840695, -0.116618, -0.139611, -0.149943
-0.149943, -0.160259, -0.183098, -0.215157, -0.251933, -0.288349, -0.319515, -0.341396, -0.351192
-0.351192, -0.36095, -0.382472, -0.41249, -0.446644, -0.480159, -0.508594, -0.528418, -0.537254
-0.537254, -0.546031, -0.565306, -0.591985, -0.622039, -0.651203, -0.675678, -0.692587, -0.700081
-0.700081, -0.707499, -0.723692, -0.745878, -0.770533, -0.794086, -0.813542, -0.826804, -0.832632
-0.832632, -0.83837, -0.850781, -0.867516, -0.885705, -0.902628, -0.916224, -0.925266, -0.929176
-0.929176, -0.932985, -0.941078, -0.951637, -0.962574, -0.972134, -0.979282, -0.983713, -0.985536
-0.985536, -0.987252, -0.990677, -0.994603, -0.997815, -0.9996, -0.99999, -0.999619, -0.999276
-0.999276, -0.998825, -0.997433, -0.994556, -0.989905, -0.983837, -0.977453, -0.972295, -0.969801
-0.969801, -0.967202, -0.961053, -0.951499, -0.939185, -0.925527, -0.912645, -0.902924, -0.898386
-0.898386, -0.893751, -0.883112, -0.867294, -0.847849, -0.827191, -0.808368, -0.794504, -0.78812
-0.78812, -0.78165, -0.76698, -0.745581, -0.719847, -0.693083, -0.669133, -0.651725, -0.64377
-0.64377, -0.635745, -0.61768, -0.591625, -0.560715, -0.529002, -0.500961, -0.480762, -0.47158
-0.47158, -0.462347, -0.441667, -0.412084, -0.377333, -0.342043, -0.311123, -0.289008, -0.278996
-0.278996, -0.268954, -0.246553, -0.214721, -0.177634, -0.140293, -0.107832, -0.0847553, -0.0743465
-0.0743465, -0.0639297, -0.0407775, -0.00807318, 0.0297471, 0.0675248, 0.100124, 0.123163, 0.133518
0.133518, 0.143859, 0.166762, 0.198924, 0.235842, 0.272422, 0.303749, 0.325754, 0.335609
0.335609, 0.345427, 0.367089, 0.397319, 0.431737, 0.465538, 0.494238, 0.514259, 0.523186
0.523186, 0.532056, 0.551542, 0.578531, 0.608962, 0.638522, 0.663354, 0.680523, 0.688137
0.688137, 0.695676, 0.712142, 0.734724, 0.759852, 0.783892, 0.803782, 0.817358, 0.823329
0.823329, 0.82921, 0.841945, 0.859143, 0.877881, 0.895362, 0.90945, 0.918845, 0.922915
0.922915, 0.926885, 0.935337, 0.946408, 0.957945, 0.968111, 0.975787, 0.980595, 0.982589
0.982589, 0.984475, 0.98828, 0.992744, 0.996581, 0.998993, 0.999926, 0.999939, 0.99977
0.99977, 0.999491, 0.998483, 0.996148, 0.99212, 0.986672, 0.980822, 0.97604, 0.973715
0.973715, 0.971283, 0.965506, 0.956473, 0.944753, 0.931682, 0.919301, 0.90993, 0.90555
0.90555, 0.901071, 0.890775, 0.875434, 0.85653, 0.836401, 0.818024, 0.80447, 0.798224
0.798224, 0.791891, 0.777521, 0.756536, 0.731265, 0.704948, 0.681371, 0.66422, 0.656378
0.656378, 0.648465, 0.630643, 0.60492, 0.574376, 0.543009, 0.515251, 0.495245, 0.486146
0.486146, 0.476995, 0.456492, 0.427145, 0.392647, 0.357587, 0.326849, 0.304852, 0.294891
0.294891, 0.284897, 0.262599, 0.230897, 0.193938, 0.156701, 0.124312, 0.101276, 0.0908823
0.0908823, 0.0804789, 0.0573499, 0.0246634, -0.0131584, -0.0509615, -0.0836014, -0.10668, -0.117056
-0.117056, -0.12742, -0.150379, -0.182637, -0.219686, -0.25642, -0.287899, -0.310023, -0.319933
-0.319933, -0.329808, -0.351605, -0.382038, -0.416712, -0.45079, -0.479746, -0.499958, -0.508974
-0.508974, -0.517934, -0.537626, -0.564918, -0.595718, -0.625665, -0.650847, -0.668272, -0.676003
-0.676003, -0.683661, -0.700396, -0.723368, -0.748961, -0.773482, -0.7938, -0.807686, -0.813799
-0.813799, -0.819822, -0.832877, -0.850534, -0.869814, -0.887849, -0.902425, -0.912171, -0.9164
-0.9164, -0.92053, -0.929339, -0.940919, -0.953052, -0.963821, -0.972024, -0.977208, -0.979371

0.164869, 0.175159, 0.197936, 0.229892, 0.266531, 0.302788, 0.3338, 0.355563, 0.365303
0.365303, 0.375003, 0.396393, 0.426211, 0.460115, 0.493361, 0.521549, 0.541189, 0.54994
0.54994, 0.558631, 0.577708, 0.604098, 0.633802, 0.662599, 0.686743, 0.70341, 0.710793
0.710793, 0.718099, 0.73404, 0.75586, 0.780079, 0.803181, 0.822238, 0.835211, 0.840908
0.840908, 0.846513, 0.858627, 0.874934, 0.892621, 0.90903, 0.922174, 0.930893, 0.934657
0.934657, 0.938318, 0.946082, 0.956171, 0.96656, 0.975566, 0.982231, 0.986317, 0.987985
0.987985, 0.989545, 0.992623, 0.996057, 0.9987, 0.999913, 0.999809, 0.999088, 0.998587
0.998587, 0.997978, 0.996236, 0.992868, 0.987649, 0.981018, 0.97415, 0.968651, 0.966004
0.966004, 0.963252, 0.956767, 0.946741, 0.933887, 0.919698, 0.906363, 0.896324, 0.891646
0.891646, 0.88687, 0.875921, 0.859671, 0.839738, 0.818604, 0.799379, 0.785235, 0.778727
0.778727, 0.772134, 0.757195, 0.735424, 0.709274, 0.682109, 0.657825, 0.640188, 0.632131
0.632131, 0.624006, 0.605723, 0.579373, 0.548136, 0.516115, 0.487823, 0.467455, 0.458199
0.458199, 0.448893, 0.428056, 0.398266, 0.363294, 0.327802, 0.296724, 0.274506, 0.264451
0.264451, 0.254366, 0.231878, 0.199936, 0.16274, 0.125312, 0.0927935, 0.0696862, 0.059266
0.059266, 0.0488395, 0.0256715, -0.00704107, -0.0448508, -0.0825964, -0.11515, -0.138147, -0.148481
-0.148481, -0.158799, -0.181645, -0.213713, -0.250502, -0.286933, -0.318114, -0.340007, -0.349808
-0.349808, -0.359571, -0.381106, -0.411143, -0.445321, -0.478861, -0.507321, -0.527162, -0.536006
-0.536006, -0.544792, -0.564086, -0.590793, -0.620881, -0.650081, -0.674588, -0.69152, -0.699025
-0.699025, -0.706453, -0.722671, -0.744893, -0.76959, -0.793187, -0.812682, -0.825972, -0.831813
-0.831813, -0.837563, -0.850004, -0.86678, -0.885018, -0.90199, -0.91563, -0.924704, -0.928629
-0.928629, -0.932452, -0.940577, -0.951181, -0.962172, -0.971787, -0.978981, -0.983446, -0.985285
-0.985285, -0.987016, -0.990474, -0.994448, -0.997716, -0.999557, -0.999996, -0.999659, -0.999331
-0.999331, -0.998895, -0.997537, -0.994709, -0.990113, -0.9841, -0.977764, -0.97264, -0.970161
-0.970161, -0.967576, -0.961461, -0.951953, -0.939691, -0.926085, -0.913248, -0.903558, -0.899035
-0.899035, -0.894414, -0.883805, -0.868029, -0.848632, -0.828021, -0.809238, -0.795401, -0.789029
-0.789029, -0.782571, -0.767928, -0.746566, -0.720872, -0.694148, -0.670231, -0.652846, -0.644901
-0.644901, -0.636885, -0.618842, -0.592816, -0.561938, -0.530256, -0.502239, -0.482058, -0.472883
-0.472883, -0.463657, -0.442992, -0.41343, -0.378702, -0.343432, -0.312528, -0.290423, -0.280415
-0.280415, -0.270377, -0.247986, -0.216165, -0.179089, -0.141756, -0.109301, -0.0862281, -0.0758206
-0.0758206, -0.0654049, -0.0422544, -0.00955138, 0.0282694, 0.0660498, 0.0986527, 0.121696, 0.132053
0.132053, 0.142396, 0.165304, 0.197475, 0.234405, 0.271, 0.30234, 0.324356, 0.334216
0.334216, 0.344039, 0.365714, 0.395962, 0.430404, 0.46423, 0.492953, 0.51299, 0.521925
0.521925, 0.530804, 0.550308, 0.577325, 0.607789, 0.637384, 0.662247, 0.679439, 0.687064
0.687064, 0.694613, 0.711103, 0.733721, 0.75889, 0.782973, 0.802902, 0.816505, 0.822489
0.822489, 0.828383, 0.841146, 0.858386, 0.877172, 0.894702, 0.908834, 0.91826, 0.922345
0.922345, 0.926329, 0.934813, 0.94593, 0.957519, 0.967739, 0.975463, 0.980305, 0.982313
0.982313, 0.984215, 0.988053, 0.992565, 0.996458, 0.998925, 0.999907, 0.999955, 0.9998
0.9998, 0.999537, 0.998564, 0.996277, 0.992304, 0.986912, 0.981109, 0.97636, 0.97405
0.97405, 0.971634, 0.96589, 0.956903, 0.945237, 0.932218, 0.919882, 0.910543, 0.906176
0.906176, 0.901711, 0.891446, 0.876147, 0.857292, 0.83721, 0.818874, 0.805347, 0.799114
0.799114, 0.792793, 0.77845, 0.757502, 0.732272, 0.705996, 0.682452, 0.665324, 0.657493
0.657493, 0.649589, 0.63179, 0.606097, 0.575585, 0.54425, 0.516518, 0.496528, 0.487438
0.487438, 0.478294, 0.457806, 0.428481, 0.394006, 0.358967, 0.328246, 0.30626, 0.296303
0.296303, 0.286314, 0.264025, 0.232335, 0.195388, 0.158161, 0.125779, 0.102746, 0.0923543
0.0923543, 0.0819522, 0.0588257, 0.0261412, -0.0116803, -0.0494851, -0.0821282, -0.10521, -0.115588
-0.115588, -0.125954, -0.148918, -0.181183, -0.218243, -0.254991, -0.286483, -0.308617, -0.318532
-0.318532, -0.328413, -0.350221, -0.380672, -0.415368, -0.44947, -0.478449, -0.498677, -0.507701
-0.507701, -0.516669, -0.536379, -0.563698, -0.59453, -0.624511, -0.649724, -0.667172, -0.674913

-0.444712, -0.435336, -0.414348, -0.384357, -0.349171, -0.313486, -0.282257, -0.259941, -0.249845
-0.249845, -0.23972, -0.217149, -0.185104, -0.147809, -0.110303, -0.0777343, -0.0546011, -0.044172
-0.044172, -0.0337381, -0.0105598, 0.0221537, 0.0599443, 0.0976491, 0.13015, 0.153101, 0.163411
0.163411, 0.173703, 0.196487, 0.228453, 0.265106, 0.301379, 0.332406, 0.354181, 0.363927
0.363927, 0.373633, 0.395036, 0.424874, 0.458802, 0.492075, 0.520287, 0.539945, 0.548704
0.548704, 0.557404, 0.576501, 0.60292, 0.632658, 0.661491, 0.685668, 0.702358, 0.709753
0.709753, 0.71707, 0.733035, 0.754892, 0.779153, 0.8023, 0.821396, 0.834397, 0.840107
0.840107, 0.845725, 0.857868, 0.874218, 0.891953, 0.908413, 0.921602, 0.930352, 0.93413
0.93413, 0.937806, 0.945602, 0.955737, 0.96618, 0.97524, 0.981952, 0.986073, 0.987756
0.987756, 0.989331, 0.992442, 0.995925, 0.998623, 0.999893, 0.999837, 0.99915, 0.998665
0.998665, 0.998071, 0.996363, 0.993043, 0.98788, 0.981303, 0.974483, 0.969017, 0.966386
0.966386, 0.963648, 0.957196, 0.947216, 0.934415, 0.920277, 0.906986, 0.896979, 0.892314
0.892314, 0.887552, 0.876633, 0.860425, 0.84054, 0.819452, 0.800266, 0.78615, 0.779654
0.779654, 0.773072, 0.75816, 0.736425, 0.710315, 0.683189, 0.658938, 0.641323, 0.633276
0.633276, 0.625161, 0.606899, 0.580577, 0.549372, 0.517381, 0.489113, 0.468761, 0.459512
0.459512, 0.450213, 0.429392, 0.399621, 0.364671, 0.329198, 0.298136, 0.275927, 0.265876
0.265876, 0.255796, 0.233316, 0.201384, 0.164199, 0.126779, 0.0942653, 0.0711607, 0.0607416
0.0607416, 0.0503159, 0.0271493, -0.00556285, -0.043374, -0.0811231, -0.113682, -0.136683, -0.147019
-0.147019, -0.15734, -0.180191, -0.212269, -0.249071, -0.285517, -0.316712, -0.338616, -0.348422
-0.348422, -0.358191, -0.379739, -0.409795, -0.443997, -0.477563, -0.506046, -0.525905, -0.534758
-0.534758, -0.543552, -0.562865, -0.589599, -0.619721, -0.648957, -0.673496, -0.690451, -0.697967
-0.697967, -0.705406, -0.721649, -0.743906, -0.768645, -0.792285, -0.811819, -0.825138, -0.830991
-0.830991, -0.836755, -0.849224, -0.866041, -0.884329, -0.901351, -0.915035, -0.92414, -0.928079
-0.928079, -0.931917, -0.940074, -0.950724, -0.961768, -0.971437, -0.978679, -0.983177, -0.985031
-0.985031, -0.986777, -0.99027, -0.994292, -0.997615, -0.999512, -0.999999, -0.999696, -0.999384
-0.999384, -0.998964, -0.99764, -0.99486, -0.990319, -0.984362, -0.978073, -0.972982, -0.970518
-0.970518, -0.967949, -0.961866, -0.952405, -0.940196, -0.926642, -0.913849, -0.90419, -0.899681
-0.899681, -0.895074, -0.884496, -0.868762, -0.849413, -0.828849, -0.810105, -0.796296, -0.789936
-0.789936, -0.78349, -0.768874, -0.747548, -0.721896, -0.695211, -0.671327, -0.653965, -0.64603
-0.64603, -0.638024, -0.620002, -0.594006, -0.56316, -0.531508, -0.503517, -0.483352, -0.474185
-0.474185, -0.464966, -0.444317, -0.414776, -0.38007, -0.34482, -0.313932, -0.291837, -0.281834
-0.281834, -0.2718, -0.249417, -0.217608, -0.180543, -0.143219, -0.11077, -0.0877008, -0.0772945
-0.0772945, -0.0668799, -0.0437313, -0.0110295, 0.0267918, 0.0645747, 0.0971816, 0.120228, 0.130588
0.130588, 0.140933, 0.163846, 0.196026, 0.232968, 0.269576, 0.300931, 0.322958, 0.332822
0.332822, 0.342651, 0.364338, 0.394604, 0.429069, 0.46292, 0.491666, 0.511721, 0.520664
0.520664, 0.52955, 0.549073, 0.576117, 0.606614, 0.636244, 0.661138, 0.678354, 0.685989
0.685989, 0.693549, 0.710063, 0.732715, 0.757926, 0.782053, 0.802019, 0.815651, 0.821647
0.821647, 0.827554, 0.840346, 0.857627, 0.876461, 0.894041, 0.908216, 0.917674, 0.921773
0.921773, 0.925771, 0.934287, 0.945449, 0.957092, 0.967366, 0.975136, 0.980012, 0.982035
0.982035, 0.983952, 0.987824, 0.992384, 0.996333, 0.998856, 0.999886, 0.999968, 0.999829
0.999829, 0.999581, 0.998642, 0.996403, 0.992486, 0.987149, 0.981394, 0.976679, 0.974384
0.974384, 0.971982, 0.966272, 0.957331, 0.945718, 0.932752, 0.920461, 0.911153, 0.9068
0.9068, 0.902349, 0.892115, 0.876859, 0.858052, 0.838017, 0.819721, 0.806223, 0.800001
0.800001, 0.793693, 0.779377, 0.758466, 0.733278, 0.707042, 0.683532, 0.666427, 0.658606
0.658606, 0.650713, 0.632935, 0.607272, 0.576793, 0.545489, 0.517783, 0.497811, 0.488728
0.488728, 0.479592, 0.45912, 0.429816, 0.395364, 0.360347, 0.329642, 0.307666, 0.297714
0.297714, 0.28773, 0.265451, 0.233772, 0.196837, 0.159621, 0.127245, 0.104217, 0.0938261
0.0938261, 0.0834254, 0.0603013, 0.0276189, -0.0102021, -0.0480086, -0.0806548, -0.10374, -0.11412

-0.885389, -0.880487, -0.869261, -0.852625, -0.832256, -0.810696, -0.791112, -0.776719, -0.7701
-0.7701, -0.763397, -0.748218, -0.726116, -0.699596, -0.672074, -0.647494, -0.629653, -0.621507
-0.621507, -0.613293, -0.594817, -0.568205, -0.53668, -0.504388, -0.475874, -0.455357, -0.446036
-0.446036, -0.436666, -0.415693, -0.385721, -0.350556, -0.314889, -0.283675, -0.261369, -0.251276
-0.251276, -0.241155, -0.218592, -0.186557, -0.149271, -0.111773, -0.079208, -0.0560771, -0.0456488
-0.0456488, -0.0352155, -0.0120379, 0.0206758, 0.0584687, 0.0961779, 0.128684, 0.15164, 0.161952
0.161952, 0.172247, 0.195037, 0.227014, 0.26368, 0.299969, 0.331012, 0.352798, 0.362549
0.362549, 0.372261, 0.393677, 0.423535, 0.457488, 0.490788, 0.519024, 0.5387, 0.547468
0.547468, 0.556176, 0.575293, 0.60174, 0.631512, 0.660382, 0.684591, 0.701305, 0.70871
0.70871, 0.716038, 0.732029, 0.753921, 0.778226, 0.801417, 0.820552, 0.833582, 0.839304
0.839304, 0.844935, 0.857108, 0.873499, 0.891284, 0.907794, 0.921027, 0.929809, 0.933601
0.933601, 0.937292, 0.94512, 0.955301, 0.965798, 0.974912, 0.981671, 0.985826, 0.987524
0.987524, 0.989114, 0.99226, 0.995791, 0.998544, 0.99987, 0.999863, 0.99921, 0.99874
0.99874, 0.998161, 0.996488, 0.993216, 0.988108, 0.981587, 0.974814, 0.969381, 0.966765
0.966765, 0.964042, 0.957622, 0.947689, 0.93494, 0.920854, 0.907608, 0.897631, 0.89298
0.89298, 0.888232, 0.877343, 0.861178, 0.84134, 0.820298, 0.801152, 0.787063, 0.780578
0.780578, 0.774009, 0.759123, 0.737424, 0.711355, 0.684268, 0.660049, 0.642456, 0.634419
0.634419, 0.626314, 0.608073, 0.58178, 0.550607, 0.518645, 0.490402, 0.470066, 0.460824
0.460824, 0.451532, 0.430726, 0.400976, 0.366047, 0.330594, 0.299546, 0.277348, 0.267301
0.267301, 0.257224, 0.234753, 0.202832, 0.165657, 0.128245, 0.0957369, 0.0726352, 0.0622171
0.0622171, 0.0517922, 0.028627, -0.00408462, -0.0418971, -0.0796496, -0.112213, -0.135219, -0.145557
-0.145557, -0.15588, -0.178737, -0.210824, -0.247639, -0.2841, -0.31531, -0.337225, -0.347036
-0.347036, -0.35681, -0.378371, -0.408446, -0.442672, -0.476264, -0.504771, -0.524647, -0.533508
-0.533508, -0.54231, -0.561642, -0.588405, -0.618561, -0.647831, -0.672402, -0.689381, -0.696907
-0.696907, -0.704358, -0.720624, -0.742917, -0.767699, -0.791383, -0.810955, -0.824302, -0.830168
-0.830168, -0.835944, -0.848443, -0.865301, -0.883638, -0.90071, -0.914438, -0.923574, -0.927528
-0.927528, -0.93138, -0.939569, -0.950265, -0.961362, -0.971085, -0.978374, -0.982906, -0.984775
-0.984775, -0.986537, -0.990063, -0.994133, -0.997512, -0.999464, -1, -0.999732, -0.999435
-0.999435, -0.99903, -0.99774, -0.995009, -0.990523, -0.984621, -0.97838, -0.973322, -0.970873
-0.970873, -0.968319, -0.962269, -0.952854, -0.940698, -0.927197, -0.914448, -0.904821, -0.900325
-0.900325, -0.895732, -0.885184, -0.869493, -0.850192, -0.829675, -0.810971, -0.797189, -0.790842
-0.790842, -0.784408, -0.769819, -0.748529, -0.722918, -0.696273, -0.672422, -0.655083, -0.647158
-0.647158, -0.639162, -0.621161, -0.595195, -0.564381, -0.53276, -0.504794, -0.484646, -0.475486
-0.475486, -0.466274, -0.445641, -0.41612, -0.381437, -0.346207, -0.315335, -0.293251, -0.283252
-0.283252, -0.273223, -0.250849, -0.219051, -0.181997, -0.144682, -0.112239, -0.0891732, -0.0787683
-0.0787683, -0.0683547, -0.0452081, -0.0125077, 0.025314, 0.0630995, 0.0957102, 0.118761, 0.129122
0.129122, 0.139469, 0.162388, 0.194576, 0.23153, 0.268152, 0.299521, 0.321558, 0.331428
0.331428, 0.341261, 0.362961, 0.393245, 0.427733, 0.461609, 0.490378, 0.51045, 0.519401
0.519401, 0.528296, 0.547837, 0.574908, 0.605439, 0.635103, 0.660029, 0.677267, 0.684912
0.684912, 0.692483, 0.709022, 0.731709, 0.756961, 0.781131, 0.801136, 0.814795, 0.820804
0.820804, 0.826723, 0.839544, 0.856866, 0.875748, 0.893378, 0.907597, 0.917086, 0.921199
0.921199, 0.925211, 0.933759, 0.944966, 0.956663, 0.96699, 0.974808, 0.979716, 0.981755
0.981755, 0.983687, 0.987593, 0.992201, 0.996205, 0.998784, 0.999862, 0.999978, 0.999855
0.999855, 0.999623, 0.998718, 0.996527, 0.992666, 0.987384, 0.981677, 0.976995, 0.974715
0.974715, 0.972329, 0.966652, 0.957758, 0.946198, 0.933284, 0.921037, 0.911761, 0.907423
0.907423, 0.902985, 0.892782, 0.877569, 0.85881, 0.838823, 0.820567, 0.807097, 0.800888
0.800888, 0.794591, 0.780303, 0.759428, 0.734283, 0.708086, 0.68461, 0.667528, 0.659717
0.659717, 0.651834, 0.634078, 0.608446, 0.578, 0.546728, 0.519047, 0.499092, 0.490017

-0.989791, -0.991225, -0.994023, -0.997062, -0.999246, -0.999999, -0.999498, -0.998495, -0.997867
-0.997867, -0.997131, -0.995109, -0.991345, -0.985671, -0.978588, -0.971332, -0.965559, -0.96279
-0.96279, -0.959916, -0.95316, -0.942756, -0.929471, -0.914856, -0.901159, -0.890868, -0.886076
-0.886076, -0.881187, -0.869991, -0.853397, -0.833075, -0.811561, -0.792015, -0.777649, -0.771042
-0.771042, -0.764351, -0.749198, -0.727132, -0.700651, -0.673168, -0.64862, -0.630801, -0.622664
-0.622664, -0.61446, -0.596005, -0.569421, -0.537927, -0.505664, -0.477174, -0.456673, -0.447358
-0.447358, -0.437995, -0.417037, -0.387085, -0.35194, -0.316292, -0.285092, -0.262795, -0.252706
-0.252706, -0.24259, -0.220034, -0.188009, -0.150733, -0.113241, -0.0806815, -0.057553, -0.0471254
-0.0471254, -0.0366928, -0.0135161, 0.0191979, 0.0569929, 0.0947064, 0.127218, 0.150178, 0.160493
0.160493, 0.170791, 0.193587, 0.225574, 0.262254, 0.298558, 0.329616, 0.351415, 0.361171
0.361171, 0.370889, 0.392318, 0.422195, 0.456173, 0.489499, 0.51776, 0.537454, 0.54623
0.54623, 0.554947, 0.574083, 0.600558, 0.630365, 0.659271, 0.683513, 0.700251, 0.707667
0.707667, 0.715006, 0.731021, 0.752949, 0.777296, 0.800532, 0.819706, 0.832764, 0.8385
0.8385, 0.844144, 0.856345, 0.872778, 0.890613, 0.907173, 0.92045, 0.929264, 0.933071
0.933071, 0.936776, 0.944636, 0.954863, 0.965413, 0.974582, 0.981389, 0.985577, 0.98729
0.98729, 0.988896, 0.992075, 0.995654, 0.998464, 0.999845, 0.999886, 0.999267, 0.998813
0.998813, 0.99825, 0.996611, 0.993387, 0.988334, 0.981868, 0.975142, 0.969743, 0.967141
0.967141, 0.964434, 0.958047, 0.94816, 0.935464, 0.92143, 0.908227, 0.898282, 0.893645
0.893645, 0.88891, 0.878052, 0.861928, 0.842138, 0.821143, 0.802035, 0.787974, 0.781502
0.781502, 0.774944, 0.760084, 0.738422, 0.712393, 0.685345, 0.661159, 0.643588, 0.635561
0.635561, 0.627465, 0.609246, 0.582982, 0.55184, 0.519909, 0.491689, 0.47137, 0.462136
0.462136, 0.452851, 0.43206, 0.40233, 0.367422, 0.331988, 0.300956, 0.278768, 0.268725
0.268725, 0.258653, 0.236189, 0.204279, 0.167114, 0.129711, 0.0972082, 0.0741094, 0.0636924
0.0636924, 0.0532685, 0.0301046, -0.00260638, -0.0404201, -0.078176, -0.110744, -0.133754, -0.144094
-0.144094, -0.154419, -0.177282, -0.209379, -0.246207, -0.282682, -0.313906, -0.335833, -0.34565
-0.34565, -0.355429, -0.377002, -0.407097, -0.441346, -0.474963, -0.503494, -0.523388, -0.532257
-0.532257, -0.541068, -0.560418, -0.587209, -0.617398, -0.646704, -0.671307, -0.688309, -0.695846
-0.695846, -0.703308, -0.719599, -0.741927, -0.766751, -0.790478, -0.810089, -0.823464, -0.829343
-0.829343, -0.835132, -0.847659, -0.864559, -0.882945, -0.900067, -0.913838, -0.923007, -0.926974
-0.926974, -0.930841, -0.939062, -0.949803, -0.960954, -0.970731, -0.978067, -0.982633, -0.984517
-0.984517, -0.986294, -0.989854, -0.993972, -0.997407, -0.999415, -0.999999, -0.999765, -0.999484
-0.999484, -0.999094, -0.997839, -0.995155, -0.990725, -0.984878, -0.978684, -0.97366, -0.971227
-0.971227, -0.968687, -0.962671, -0.953302, -0.941199, -0.92775, -0.915046, -0.905449, -0.900968
-0.900968, -0.896388, -0.885871, -0.870222, -0.850969, -0.830499, -0.811835, -0.798081, -0.791746
-0.791746, -0.785324, -0.770761, -0.749509, -0.723939, -0.697333, -0.673516, -0.656199, -0.648284
-0.648284, -0.640298, -0.622319, -0.596382, -0.565601, -0.53401, -0.506069, -0.485939, -0.476786
-0.476786, -0.467582, -0.446964, -0.417464, -0.382803, -0.347594, -0.316738, -0.294664, -0.284669
-0.284669, -0.274644, -0.252279, -0.220493, -0.18345, -0.146145, -0.113708, -0.0906455, -0.0802418
-0.0802418, -0.0698295, -0.0466848, -0.0139858, 0.0238362, 0.0616241, 0.0942387, 0.117293, 0.127656
0.127656, 0.138005, 0.160929, 0.193126, 0.230092, 0.266728, 0.29811, 0.320158, 0.330033
0.330033, 0.339872, 0.361583, 0.391886, 0.426396, 0.460297, 0.489089, 0.509178, 0.518137
0.518137, 0.52704, 0.5466, 0.573698, 0.604261, 0.63396, 0.658917, 0.676179, 0.683834
0.683834, 0.691416, 0.707978, 0.7307, 0.755994, 0.780207, 0.80025, 0.813937, 0.819958
0.819958, 0.825891, 0.83874, 0.856103, 0.875034, 0.892713, 0.906975, 0.916495, 0.920622
0.920622, 0.924649, 0.933229, 0.944482, 0.956231, 0.966612, 0.974477, 0.979419, 0.981473
0.981473, 0.98342, 0.98736, 0.992016, 0.996075, 0.99871, 0.999836, 0.999987, 0.999879
0.999879, 0.999662, 0.998791, 0.996649, 0.992843, 0.987617, 0.981957, 0.977309, 0.975044
0.975044, 0.972673, 0.967029, 0.958182, 0.946675, 0.933814, 0.921612, 0.912367, 0.908043

-0.718265, -0.72549, -0.74125, -0.762809, -0.786716, -0.809498, -0.828269, -0.841036, -0.846639
-0.846639, -0.85215, -0.864052, -0.880056, -0.897384, -0.913428, -0.926252, -0.934741, -0.9384
-0.9384, -0.941957, -0.949487, -0.959244, -0.969244, -0.977857, -0.984179, -0.988022, -0.989579
-0.989579, -0.991029, -0.993861, -0.996948, -0.999187, -0.999997, -0.999544, -0.998575, -0.997963
-0.997963, -0.997242, -0.995254, -0.991538, -0.98592, -0.978891, -0.971682, -0.965943, -0.963188
-0.963188, -0.960329, -0.953606, -0.943248, -0.930015, -0.915452, -0.901799, -0.891538, -0.88676
-0.88676, -0.881885, -0.870718, -0.854167, -0.833891, -0.812423, -0.792917, -0.778578, -0.771983
-0.771983, -0.765303, -0.750176, -0.728146, -0.701705, -0.674261, -0.649744, -0.631947, -0.62382
-0.62382, -0.615625, -0.597191, -0.570635, -0.539173, -0.506939, -0.478472, -0.457987, -0.44868
-0.44868, -0.439324, -0.41838, -0.388447, -0.353323, -0.317694, -0.286509, -0.264221, -0.254136
-0.254136, -0.244023, -0.221476, -0.18946, -0.152194, -0.11471, -0.0821549, -0.0590287, -0.048602
-0.048602, -0.03817, -0.0149942, 0.0177199, 0.055517, 0.0932346, 0.125752, 0.148717, 0.159034
0.159034, 0.169334, 0.192136, 0.224134, 0.260827, 0.297147, 0.32822, 0.35003, 0.359793
0.359793, 0.369515, 0.390958, 0.420855, 0.454857, 0.488209, 0.516495, 0.536207, 0.544991
0.544991, 0.553716, 0.572872, 0.599376, 0.629217, 0.658159, 0.682433, 0.699195, 0.706622
0.706622, 0.713971, 0.730011, 0.751976, 0.776366, 0.799645, 0.818858, 0.831945, 0.837693
0.837693, 0.84335, 0.855581, 0.872056, 0.889939, 0.90655, 0.919871, 0.928717, 0.932538
0.932538, 0.936257, 0.94415, 0.954423, 0.965027, 0.97425, 0.981104, 0.985325, 0.987054
0.987054, 0.988675, 0.991888, 0.995515, 0.998381, 0.999818, 0.999907, 0.999323, 0.998884
0.998884, 0.998336, 0.996731, 0.993555, 0.988559, 0.982147, 0.975469, 0.970103, 0.967516
0.967516, 0.964824, 0.95847, 0.948628, 0.935985, 0.922003, 0.908845, 0.898931, 0.894307
0.894307, 0.889586, 0.878758, 0.862677, 0.842934, 0.821986, 0.802917, 0.788883, 0.782423
0.782423, 0.775878, 0.761044, 0.739418, 0.71343, 0.686421, 0.662267, 0.644719, 0.636702
0.636702, 0.628616, 0.610417, 0.584182, 0.553072, 0.521171, 0.492976, 0.472674, 0.463446
0.463446, 0.454168, 0.433393, 0.403683, 0.368796, 0.333383, 0.302366, 0.280187, 0.270148
0.270148, 0.26008, 0.237626, 0.205726, 0.168572, 0.131177, 0.0986794, 0.0755835, 0.0651676
0.0651676, 0.0547445, 0.0315821, -0.00112813, -0.038943, -0.0767022, -0.109274, -0.132289, -0.142631
-0.142631, -0.152959, -0.175827, -0.207933, -0.244774, -0.281264, -0.312503, -0.33444, -0.344262
-0.344262, -0.354047, -0.375633, -0.405746, -0.440019, -0.473662, -0.502216, -0.522128, -0.531005
-0.531005, -0.539824, -0.559193, -0.586012, -0.616235, -0.645576, -0.670211, -0.687236, -0.694784
-0.694784, -0.702256, -0.718571, -0.740935, -0.765801, -0.789572, -0.809222, -0.822624, -0.828516
-0.828516, -0.834318, -0.846874, -0.863816, -0.88225, -0.899422, -0.913237, -0.922437, -0.926419
-0.926419, -0.930299, -0.938553, -0.94934, -0.960544, -0.970375, -0.977758, -0.982358, -0.984257
-0.984257, -0.986049, -0.989643, -0.993809, -0.997299, -0.999363, -0.999996, -0.999796, -0.99953
-0.99953, -0.999156, -0.997935, -0.995299, -0.990925, -0.985133, -0.978987, -0.973996, -0.971578
-0.971578, -0.969053, -0.96307, -0.953747, -0.941697, -0.9283, -0.915641, -0.906076, -0.901608
-0.901608, -0.897042, -0.886556, -0.870949, -0.851745, -0.831322, -0.812697, -0.798971, -0.792648
-0.792648, -0.786239, -0.771702, -0.750486, -0.724958, -0.698392, -0.674608, -0.657313, -0.649409
-0.649409, -0.641433, -0.623475, -0.597568, -0.566819, -0.53526, -0.507344, -0.48723, -0.478085
-0.478085, -0.468888, -0.448286, -0.418807, -0.384168, -0.348979, -0.318139, -0.296076, -0.286086
-0.286086, -0.276065, -0.25371, -0.221934, -0.184903, -0.147607, -0.115177, -0.0921176, -0.0817152
-0.0817152, -0.071304, -0.0481614, -0.0154639, 0.0223583, 0.0601486, 0.0927669, 0.115824, 0.12619
0.12619, 0.136541, 0.15947, 0.191675, 0.228653, 0.265303, 0.296699, 0.318758, 0.328637
0.328637, 0.338481, 0.360204, 0.390525, 0.425059, 0.458984, 0.487799, 0.507906, 0.516872
0.516872, 0.525783, 0.545361, 0.572487, 0.603083, 0.632816, 0.657805, 0.675089, 0.682755
0.682755, 0.690347, 0.706934, 0.72969, 0.755026, 0.779281, 0.799363, 0.813077, 0.819111
0.819111, 0.825056, 0.837934, 0.855338, 0.874317, 0.892046, 0.906351, 0.915903, 0.920044
0.920044, 0.924085, 0.932697, 0.943995, 0.955797, 0.966233, 0.974144, 0.97912, 0.981189

-0.173937, -0.18421, -0.206947, -0.238837, -0.275388, -0.311544, -0.34246, -0.364148, -0.373853
-0.373853, -0.383517, -0.404824, -0.434517, -0.468265, -0.501344, -0.529378, -0.548903, -0.557601
-0.557601, -0.566239, -0.585194, -0.611405, -0.640892, -0.669462, -0.693402, -0.70992, -0.717235
-0.717235, -0.724472, -0.740257, -0.761853, -0.785803, -0.808629, -0.82744, -0.840236, -0.845852
-0.845852, -0.851375, -0.863307, -0.879353, -0.896731, -0.912826, -0.925694, -0.934215, -0.937889
-0.937889, -0.94146, -0.949022, -0.958825, -0.968879, -0.977546, -0.983916, -0.987793, -0.989365
-0.989365, -0.99083, -0.993696, -0.996831, -0.999126, -0.999992, -0.999587, -0.998652, -0.998056
-0.998056, -0.997351, -0.995396, -0.991729, -0.986166, -0.979192, -0.97203, -0.966324, -0.963585
-0.963585, -0.96074, -0.95405, -0.943738, -0.930558, -0.916046, -0.902437, -0.892207, -0.887442
-0.887442, -0.882581, -0.871444, -0.854934, -0.834706, -0.813284, -0.793817, -0.779505, -0.772922
-0.772922, -0.766254, -0.751153, -0.729158, -0.702757, -0.675352, -0.650867, -0.633092, -0.624975
-0.624975, -0.61679, -0.598376, -0.571849, -0.540417, -0.508212, -0.47977, -0.459301, -0.450001
-0.450001, -0.440651, -0.419723, -0.389809, -0.354706, -0.319095, -0.287925, -0.265647, -0.255566
-0.255566, -0.245457, -0.222918, -0.190912, -0.153655, -0.116178, -0.083628, -0.0605043, -0.0500784
-0.0500784, -0.0396471, -0.0164722, 0.0162418, 0.0540409, 0.0917627, 0.124285, 0.147255, 0.157574
0.157574, 0.167877, 0.190685, 0.222693, 0.2594, 0.295735, 0.326824, 0.348645, 0.358413
0.358413, 0.368141, 0.389597, 0.419513, 0.453541, 0.486919, 0.515228, 0.534959, 0.543751
0.543751, 0.552485, 0.57166, 0.598192, 0.628067, 0.657045, 0.681352, 0.698137, 0.705575
0.705575, 0.712936, 0.729, 0.751, 0.775433, 0.798756, 0.818009, 0.831124, 0.836885
0.836885, 0.842555, 0.854815, 0.871331, 0.889264, 0.905925, 0.919291, 0.928168, 0.932003
0.932003, 0.935737, 0.943662, 0.953981, 0.964638, 0.973916, 0.980817, 0.985072, 0.986816
0.986816, 0.988452, 0.991699, 0.995374, 0.998295, 0.999788, 0.999926, 0.999376, 0.998953
0.998953, 0.99842, 0.99685, 0.993722, 0.98878, 0.982424, 0.975793, 0.970461, 0.967889
0.967889, 0.965211, 0.95889, 0.949095, 0.936505, 0.922574, 0.909461, 0.899577, 0.894968
0.894968, 0.890261, 0.879463, 0.863423, 0.843729, 0.822827, 0.803798, 0.78979, 0.783343
0.783343, 0.77681, 0.762002, 0.740412, 0.714465, 0.687495, 0.663374, 0.645848, 0.637841
0.637841, 0.629765, 0.611588, 0.585381, 0.554303, 0.522432, 0.494262, 0.473976, 0.464756
0.464756, 0.455485, 0.434724, 0.405035, 0.37017, 0.334776, 0.303774, 0.281606, 0.271571
0.271571, 0.261507, 0.239061, 0.207172, 0.170029, 0.132642, 0.10015, 0.0770575, 0.0666426
0.0666426, 0.0562205, 0.0330596, 0.000350123, -0.0374658, -0.0752282, -0.107805, -0.130823, -0.141168
-0.141168, -0.151498, -0.174372, -0.206487, -0.24334, -0.279845, -0.311098, -0.333047, -0.342874
-0.342874, -0.352664, -0.374262, -0.404394, -0.438691, -0.47236, -0.500937, -0.520867, -0.529752
-0.529752, -0.538579, -0.557967, -0.584813, -0.61507, -0.644447, -0.669113, -0.686162, -0.69372
-0.69372, -0.701203, -0.717543, -0.739941, -0.76485, -0.788664, -0.808353, -0.821783, -0.827688
-0.827688, -0.833502, -0.846087, -0.86307, -0.881553, -0.898774, -0.912634, -0.921865, -0.925861
-0.925861, -0.929756, -0.938041, -0.948874, -0.960132, -0.970017, -0.977447, -0.98208, -0.983995
-0.983995, -0.985802, -0.989429, -0.993643, -0.99719, -0.99931, -0.99999, -0.999824, -0.999574
-0.999574, -0.999215, -0.998028, -0.995441, -0.991123, -0.985386, -0.979287, -0.97433, -0.971926
-0.971926, -0.969417, -0.963467, -0.954191, -0.942194, -0.928849, -0.916234, -0.9067, -0.902247
-0.902247, -0.897695, -0.887239, -0.871675, -0.852518, -0.832143, -0.813558, -0.799859, -0.793548
-0.793548, -0.787151, -0.772642, -0.751463, -0.725975, -0.699449, -0.675698, -0.658427, -0.650532
-0.650532, -0.642566, -0.62463, -0.598753, -0.568036, -0.536508, -0.508617, -0.48852, -0.479383
-0.479383, -0.470193, -0.449607, -0.420149, -0.385532, -0.350364, -0.31954, -0.297487, -0.287502
-0.287502, -0.277486, -0.255139, -0.223376, -0.186356, -0.149069, -0.116645, -0.0935894, -0.0831885
-0.0831885, -0.0727784, -0.0496379, -0.016942, 0.0208804, 0.058673, 0.0912949, 0.114356, 0.124723
0.124723, 0.135076, 0.15801, 0.190224, 0.227213, 0.263878, 0.295287, 0.317356, 0.327241
0.327241, 0.33709, 0.358825, 0.389164, 0.42372, 0.45767, 0.486508, 0.506632, 0.515606
0.515606, 0.524525, 0.544122, 0.571274, 0.601903, 0.631671, 0.656691, 0.673997, 0.681674

0.436452, 0.427034, 0.405957, 0.375846, 0.340534, 0.304735, 0.273418, 0.251046, 0.240925
0.240925, 0.230777, 0.208159, 0.176054, 0.138703, 0.101154, 0.0685576, 0.0454113, 0.0349779
0.0349779, 0.0245407, 0.00135857, -0.0313518, -0.0691265, -0.106802, -0.139268, -0.162187, -0.172481
-0.172481, -0.182757, -0.2055, -0.237402, -0.273967, -0.310139, -0.34107, -0.362771, -0.372482
-0.372482, -0.382152, -0.403472, -0.433185, -0.466959, -0.500064, -0.528123, -0.547667, -0.556373
-0.556373, -0.565019, -0.583995, -0.610235, -0.639757, -0.668363, -0.692336, -0.708878, -0.716204
-0.716204, -0.723452, -0.739263, -0.760894, -0.784888, -0.807758, -0.826609, -0.839433, -0.845062
-0.845062, -0.850599, -0.86256, -0.878648, -0.896076, -0.912221, -0.925134, -0.933686, -0.937375
-0.937375, -0.940961, -0.948555, -0.958404, -0.968512, -0.977234, -0.983651, -0.987561, -0.989149
-0.989149, -0.990629, -0.993529, -0.996713, -0.999064, -0.999985, -0.999628, -0.998728, -0.998147
-0.998147, -0.997457, -0.995537, -0.991918, -0.98641, -0.979491, -0.972376, -0.966704, -0.963979
-0.963979, -0.961149, -0.954492, -0.944226, -0.931098, -0.916638, -0.903073, -0.892873, -0.888123
-0.888123, -0.883275, -0.872169, -0.8557, -0.83552, -0.814144, -0.794715, -0.78043, -0.773859
-0.773859, -0.767203, -0.752128, -0.730169, -0.703808, -0.676441, -0.651989, -0.634236, -0.626128
-0.626128, -0.617952, -0.59956, -0.573061, -0.54166, -0.509485, -0.481066, -0.460613, -0.45132
-0.45132, -0.441978, -0.421064, -0.39117, -0.356088, -0.320496, -0.28934, -0.267071, -0.256995
-0.256995, -0.24689, -0.224358, -0.192363, -0.155115, -0.117646, -0.085101, -0.0619798, -0.0515548
-0.0515548, -0.0411242, -0.0179503, 0.0147637, 0.0525648, 0.0902906, 0.122818, 0.145792, 0.156114
0.156114, 0.16642, 0.189234, 0.221252, 0.257972, 0.294323, 0.325426, 0.347259, 0.357032
0.357032, 0.366766, 0.388235, 0.418171, 0.452223, 0.485627, 0.513961, 0.533709, 0.54251
0.54251, 0.551252, 0.570446, 0.597006, 0.626916, 0.65593, 0.680269, 0.697078, 0.704526
0.704526, 0.711898, 0.727988, 0.750024, 0.774499, 0.797866, 0.817158, 0.830301, 0.836075
0.836075, 0.841758, 0.854047, 0.870605, 0.888587, 0.905298, 0.918708, 0.927616, 0.931466
0.931466, 0.935214, 0.943172, 0.953537, 0.964248, 0.973579, 0.980527, 0.984817, 0.986575
0.986575, 0.988227, 0.991508, 0.995231, 0.998208, 0.999757, 0.999943, 0.999427, 0.999019
0.999019, 0.998502, 0.996966, 0.993886, 0.989, 0.982699, 0.976115, 0.970816, 0.968259
0.968259, 0.965597, 0.959309, 0.94956, 0.937022, 0.923144, 0.910074, 0.900222, 0.895626
0.895626, 0.890933, 0.880165, 0.864168, 0.844521, 0.823666, 0.804676, 0.790696, 0.784261
0.784261, 0.77774, 0.762958, 0.741405, 0.715498, 0.688568, 0.664479, 0.646976, 0.638979
0.638979, 0.630912, 0.612756, 0.586579, 0.555533, 0.523692, 0.495546, 0.475277, 0.466064
0.466064, 0.4568, 0.436055, 0.406386, 0.371543, 0.336168, 0.305183, 0.283024, 0.272994
0.272994, 0.262934, 0.240496, 0.208618, 0.171485, 0.134107, 0.101621, 0.0785312, 0.0681175
0.0681175, 0.0576964, 0.034537, 0.00182837, -0.0359886, -0.0737541, -0.106335, -0.129358, -0.139705
-0.139705, -0.150036, -0.172916, -0.20504, -0.241906, -0.278426, -0.309693, -0.331652, -0.341485
-0.341485, -0.35128, -0.372891, -0.403042, -0.437362, -0.471056, -0.499657, -0.519604, -0.528497
-0.528497, -0.537333, -0.55674, -0.583614, -0.613904, -0.643316, -0.668014, -0.685086, -0.692655
-0.692655, -0.700148, -0.716512, -0.738946, -0.763897, -0.787754, -0.807481, -0.82094, -0.826857
-0.826857, -0.832685, -0.845298, -0.862322, -0.880854, -0.898125, -0.912029, -0.921291, -0.925301
-0.925301, -0.929211, -0.937528, -0.948407, -0.959718, -0.969656, -0.977134, -0.981801, -0.98373
-0.98373, -0.985552, -0.989214, -0.993476, -0.997078, -0.999253, -0.999982, -0.999851, -0.999616
-0.999616, -0.999273, -0.99812, -0.995581, -0.991318, -0.985637, -0.979586, -0.974662, -0.972273
-0.972273, -0.969778, -0.963862, -0.954632, -0.942688, -0.929395, -0.916825, -0.907323, -0.902883
-0.902883, -0.898345, -0.88792, -0.872398, -0.85329, -0.832961, -0.814416, -0.800745, -0.794447
-0.794447, -0.788062, -0.773579, -0.752437, -0.726991, -0.700505, -0.676787, -0.659539, -0.651654
-0.651654, -0.643698, -0.625784, -0.599936, -0.569252, -0.537755, -0.509889, -0.48981, -0.48068
-0.48068, -0.471497, -0.450927, -0.42149, -0.386896, -0.351748, -0.320941, -0.298898, -0.288918
-0.288918, -0.278906, -0.256568, -0.224816, -0.187808, -0.150531, -0.118113, -0.0950611, -0.0846615
-0.0846615, -0.0742527, -0.0511142, -0.01842, 0.0194025, 0.0571972, 0.0898227, 0.112887, 0.123256

0.881075, 0.876088, 0.864675, 0.847781, 0.82712, 0.805275, 0.78545, 0.770891, 0.764198
0.764198, 0.757421, 0.742081, 0.719759, 0.692991, 0.665233, 0.640454, 0.622478, 0.614272
0.614272, 0.605999, 0.587395, 0.560609, 0.528894, 0.496422, 0.467761, 0.447146, 0.437782
0.437782, 0.42837, 0.407307, 0.377216, 0.341924, 0.306143, 0.27484, 0.252476, 0.242359
0.242359, 0.232215, 0.209604, 0.177509, 0.140167, 0.102624, 0.0700323, 0.0468879, 0.0364552
0.0364552, 0.0260184, 0.00283682, -0.0298742, -0.0676517, -0.105332, -0.137804, -0.160728, -0.171025
-0.171025, -0.181304, -0.204053, -0.235966, -0.272545, -0.308734, -0.33968, -0.361393, -0.371109
-0.371109, -0.380785, -0.402119, -0.431852, -0.465651, -0.498784, -0.526867, -0.546429, -0.555145
-0.555145, -0.563799, -0.582794, -0.609063, -0.63862, -0.667263, -0.691269, -0.707835, -0.715172
-0.715172, -0.722431, -0.738266, -0.759934, -0.783971, -0.806886, -0.825776, -0.838629, -0.844271
-0.844271, -0.849821, -0.861811, -0.877941, -0.895418, -0.911614, -0.924572, -0.933156, -0.936859
-0.936859, -0.940459, -0.948086, -0.957981, -0.968143, -0.976919, -0.983383, -0.987328, -0.988931
-0.988931, -0.990426, -0.99336, -0.996592, -0.998998, -0.999976, -0.999668, -0.998801, -0.998236
-0.998236, -0.997562, -0.995676, -0.992104, -0.986652, -0.979788, -0.97272, -0.967081, -0.964371
-0.964371, -0.961556, -0.954932, -0.944712, -0.931636, -0.917228, -0.903707, -0.893538, -0.888801
-0.888801, -0.883967, -0.872891, -0.856464, -0.836331, -0.815001, -0.795611, -0.781353, -0.774794
-0.774794, -0.76815, -0.753101, -0.731178, -0.704858, -0.677529, -0.653109, -0.635378, -0.62728
-0.62728, -0.619114, -0.600742, -0.574271, -0.542902, -0.510757, -0.482362, -0.461925, -0.452639
-0.452639, -0.443303, -0.422404, -0.39253, -0.357469, -0.321896, -0.290755, -0.268496, -0.258423
-0.258423, -0.248322, -0.225799, -0.193813, -0.156576, -0.119114, -0.0865738, -0.0634551, -0.053031
-0.053031, -0.0426011, -0.0194283, 0.0132856, 0.0510885, 0.0888183, 0.121351, 0.14433, 0.154654
0.154654, 0.164962, 0.187782, 0.21981, 0.256543, 0.29291, 0.324028, 0.345873, 0.355651
0.355651, 0.365391, 0.386872, 0.416828, 0.450904, 0.484334, 0.512692, 0.532458, 0.541268
0.541268, 0.550018, 0.569231, 0.59582, 0.625764, 0.654813, 0.679185, 0.696017, 0.703477
0.703477, 0.710859, 0.726973, 0.749045, 0.773563, 0.796974, 0.816305, 0.829476, 0.835263
0.835263, 0.840959, 0.853277, 0.869877, 0.887908, 0.904669, 0.918123, 0.927063, 0.930927
0.930927, 0.93469, 0.942679, 0.95309, 0.963855, 0.97324, 0.980236, 0.984559, 0.986333
0.986333, 0.988, 0.991315, 0.995086, 0.998119, 0.999723, 0.999958, 0.999476, 0.999084
0.999084, 0.998582, 0.99708, 0.994048, 0.989218, 0.982972, 0.976435, 0.97117, 0.968628
0.968628, 0.96598, 0.959725, 0.950022, 0.937537, 0.923711, 0.910686, 0.900865, 0.896283
0.896283, 0.891603, 0.880866, 0.864911, 0.845312, 0.824503, 0.805553, 0.7916, 0.785177
0.785177, 0.778668, 0.763913, 0.742396, 0.71653, 0.689639, 0.665583, 0.648103, 0.640115
0.640115, 0.632058, 0.613924, 0.587776, 0.556761, 0.524951, 0.49683, 0.476577, 0.467371
0.467371, 0.458115, 0.437385, 0.407736, 0.372915, 0.33756, 0.30659, 0.284441, 0.274416
0.274416, 0.26436, 0.241931, 0.210064, 0.172941, 0.135572, 0.103091, 0.0800048, 0.0695923
0.0695923, 0.0591721, 0.0360143, 0.00330662, -0.0345113, -0.0722798, -0.104865, -0.127892, -0.138241
-0.138241, -0.148575, -0.17146, -0.203593, -0.240471, -0.277005, -0.308287, -0.330257, -0.340095
-0.340095, -0.349896, -0.371519, -0.401689, -0.436032, -0.469752, -0.498376, -0.518341, -0.527242
-0.527242, -0.536086, -0.555511, -0.582413, -0.612736, -0.642183, -0.666913, -0.684008, -0.691588
-0.691588, -0.699092, -0.71548, -0.737949, -0.762942, -0.786843, -0.806608, -0.820095, -0.826025
-0.826025, -0.831865, -0.844507, -0.861573, -0.880153, -0.897474, -0.911421, -0.920715, -0.92474
-0.92474, -0.928664, -0.937013, -0.947937, -0.959301, -0.969294, -0.976819, -0.981519, -0.983463
-0.983463, -0.985301, -0.988996, -0.993306, -0.996964, -0.999195, -0.999973, -0.999875, -0.999656
-0.999656, -0.999328, -0.99821, -0.995719, -0.991511, -0.985885, -0.979882, -0.974992, -0.972618
-0.972618, -0.970138, -0.964254, -0.955071, -0.94318, -0.92994, -0.917415, -0.907943, -0.903518
-0.903518, -0.898994, -0.888599, -0.87312, -0.85406, -0.833778, -0.815273, -0.80163, -0.795344
-0.795344, -0.788971, -0.774515, -0.75341, -0.728005, -0.701559, -0.677875, -0.660649, -0.652775
-0.652775, -0.644829, -0.626937, -0.601118, -0.570467, -0.539, -0.51116, -0.491098, -0.481975

0.991061, 0.9924, 0.994986, 0.997725, 0.999561, 0.999967, 0.999164, 0.997948, 0.997225
0.997225, 0.996393, 0.994158, 0.990095, 0.984078, 0.976653, 0.969103, 0.963124, 0.960263
0.960263, 0.957296, 0.950336, 0.939648, 0.926037, 0.911102, 0.897132, 0.88665, 0.881773
0.881773, 0.8768, 0.865417, 0.848565, 0.82795, 0.80615, 0.786364, 0.771832, 0.76515
0.76515, 0.758386, 0.743071, 0.720784, 0.694056, 0.666335, 0.641589, 0.623634, 0.615438
0.615438, 0.607174, 0.588591, 0.561833, 0.530148, 0.497704, 0.469067, 0.448468, 0.43911
0.43911, 0.429705, 0.408657, 0.378584, 0.343313, 0.30755, 0.276261, 0.253906, 0.243793
0.243793, 0.233653, 0.211049, 0.178964, 0.14163, 0.104095, 0.0715068, 0.0483645, 0.0379324
0.0379324, 0.0274962, 0.00431506, -0.0283966, -0.0661768, -0.103862, -0.136339, -0.159269, -0.169569
-0.169569, -0.17985, -0.202606, -0.234529, -0.271122, -0.307327, -0.33829, -0.360014, -0.369736
-0.369736, -0.379418, -0.400765, -0.430518, -0.464342, -0.497502, -0.52561, -0.545191, -0.553914
-0.553914, -0.562578, -0.581592, -0.60789, -0.637482, -0.666161, -0.6902, -0.70679, -0.714138
-0.714138, -0.721408, -0.737268, -0.758973, -0.783052, -0.806012, -0.824942, -0.837823, -0.843478
-0.843478, -0.849041, -0.861061, -0.877233, -0.894759, -0.911006, -0.924008, -0.932624, -0.936341
-0.936341, -0.939956, -0.947615, -0.957556, -0.967771, -0.976602, -0.983114, -0.987092, -0.988711
-0.988711, -0.990221, -0.993189, -0.996469, -0.998931, -0.999965, -0.999705, -0.998873, -0.998323
-0.998323, -0.997664, -0.995812, -0.992288, -0.986891, -0.980082, -0.973062, -0.967456, -0.964761
-0.964761, -0.961961, -0.955369, -0.945195, -0.932172, -0.917816, -0.904338, -0.894201, -0.889478
-0.889478, -0.884658, -0.873611, -0.857226, -0.83714, -0.815857, -0.796506, -0.782275, -0.775728
-0.775728, -0.769096, -0.754073, -0.732186, -0.705906, -0.678616, -0.654227, -0.636519, -0.628431
-0.628431, -0.620274, -0.601924, -0.575481, -0.544143, -0.512027, -0.483656, -0.463236, -0.453957
-0.453957, -0.444628, -0.423744, -0.393889, -0.358849, -0.323295, -0.292169, -0.269919, -0.259851
-0.259851, -0.249753, -0.227239, -0.195263, -0.158035, -0.120582, -0.0880464, -0.0649303, -0.0545071
-0.0545071, -0.044078, -0.0209062, 0.0118075, 0.0496121, 0.0873458, 0.119884, 0.142867, 0.153194
0.153194, 0.163504, 0.18633, 0.218367, 0.255114, 0.291496, 0.322629, 0.344485, 0.354269
0.354269, 0.364014, 0.385509, 0.415484, 0.449584, 0.483041, 0.511423, 0.531207, 0.540024
0.540024, 0.548783, 0.568015, 0.594632, 0.62461, 0.653695, 0.678099, 0.694955, 0.702425
0.702425, 0.709819, 0.725957, 0.748065, 0.772625, 0.79608, 0.81545, 0.828649, 0.834449
0.834449, 0.840158, 0.852505, 0.869147, 0.887227, 0.904038, 0.917536, 0.926508, 0.930387
0.930387, 0.934164, 0.942185, 0.952642, 0.96346, 0.9729, 0.979943, 0.984299, 0.986088
0.986088, 0.98777, 0.991119, 0.994939, 0.998027, 0.999687, 0.99997, 0.999523, 0.999146
0.999146, 0.99866, 0.997192, 0.994208, 0.989433, 0.983243, 0.976753, 0.971521, 0.968994
0.968994, 0.966361, 0.960139, 0.950483, 0.93805, 0.924276, 0.911296, 0.901505, 0.896937
0.896937, 0.892272, 0.881565, 0.865652, 0.846101, 0.825339, 0.806428, 0.792503, 0.786092
0.786092, 0.779595, 0.764866, 0.743386, 0.717561, 0.690709, 0.666686, 0.649228, 0.64125
0.64125, 0.633203, 0.61509, 0.588971, 0.557989, 0.526208, 0.498112, 0.477876, 0.468678
0.468678, 0.459428, 0.438714, 0.409085, 0.374286, 0.338951, 0.307997, 0.285858, 0.275837
0.275837, 0.265785, 0.243365, 0.211509, 0.174397, 0.137036, 0.104562, 0.0814783, 0.0710668
0.0710668, 0.0606477, 0.0374916, 0.00478486, -0.0330338, -0.0708053, -0.103395, -0.126425, -0.136776
-0.136776, -0.147113, -0.170003, -0.202146, -0.239036, -0.275585, -0.30688, -0.328862, -0.338705
-0.338705, -0.348511, -0.370146, -0.400334, -0.434701, -0.468446, -0.497094, -0.517076, -0.525985
-0.525985, -0.534837, -0.554282, -0.58121, -0.611567, -0.641049, -0.665811, -0.682929, -0.690519
-0.690519, -0.698034, -0.714447, -0.736951, -0.761985, -0.785929, -0.805734, -0.819248, -0.825191
-0.825191, -0.831044, -0.843715, -0.860822, -0.87945, -0.896821, -0.910812, -0.920137, -0.924176
-0.924176, -0.928114, -0.936495, -0.947465, -0.958883, -0.968929, -0.976501, -0.981235, -0.983195
-0.983195, -0.985047, -0.988777, -0.993134, -0.996848, -0.999135, -0.999961, -0.999898, -0.999694
-0.999694, -0.999381, -0.998297, -0.995855, -0.991703, -0.986132, -0.980176, -0.975319, -0.97296
-0.97296, -0.970496, -0.964645, -0.955508, -0.94367, -0.930483, -0.918002, -0.908562, -0.90415

0.724636, 0.731792, 0.747395, 0.768727, 0.792363, 0.814866, 0.83339, 0.845979, 0.8515
0.8515, 0.856929, 0.868648, 0.884388, 0.901406, 0.917135, 0.929681, 0.937971, 0.94154
0.94154, 0.945007, 0.952334, 0.961803, 0.971467, 0.979741, 0.985767, 0.9894, 0.990862
0.990862, 0.992217, 0.994837, 0.997624, 0.999516, 0.999978, 0.999223, 0.998041, 0.997334
0.997334, 0.996517, 0.994316, 0.990302, 0.984339, 0.976969, 0.969467, 0.963521, 0.960674
0.960674, 0.957722, 0.950795, 0.940153, 0.926594, 0.91171, 0.897784, 0.887333, 0.882469
0.882469, 0.87751, 0.866157, 0.849346, 0.828778, 0.807024, 0.787277, 0.772771, 0.766101
0.766101, 0.759348, 0.74406, 0.721808, 0.69512, 0.667437, 0.642722, 0.624789, 0.616602
0.616602, 0.608348, 0.589786, 0.563055, 0.531401, 0.498986, 0.470373, 0.449788, 0.440438
0.440438, 0.43104, 0.410005, 0.379952, 0.344701, 0.308956, 0.277681, 0.255336, 0.245226
0.245226, 0.23509, 0.212494, 0.180418, 0.143094, 0.105565, 0.0729812, 0.049841, 0.0394095
0.0394095, 0.0289738, 0.00579329, -0.0269189, -0.0647017, -0.102392, -0.134875, -0.157809, -0.168111
-0.168111, -0.178395, -0.201158, -0.233091, -0.269699, -0.30592, -0.336898, -0.358635, -0.368362
-0.368362, -0.37805, -0.39941, -0.429184, -0.463033, -0.496219, -0.524352, -0.543951, -0.552683
-0.552683, -0.561355, -0.580389, -0.606716, -0.636342, -0.665058, -0.68913, -0.705743, -0.713102
-0.713102, -0.720384, -0.736269, -0.758009, -0.782132, -0.805136, -0.824105, -0.837015, -0.842683
-0.842683, -0.848259, -0.860308, -0.876522, -0.894098, -0.910395, -0.923441, -0.932089, -0.935821
-0.935821, -0.93945, -0.947142, -0.957129, -0.967398, -0.976283, -0.982842, -0.986854, -0.988488
-0.988488, -0.990014, -0.993016, -0.996344, -0.998862, -0.999951, -0.99974, -0.998942, -0.998407
-0.998407, -0.997764, -0.995946, -0.99247, -0.987129, -0.980375, -0.973402, -0.967829, -0.965149
-0.965149, -0.962364, -0.955805, -0.945677, -0.932706, -0.918401, -0.904968, -0.894862, -0.890152
-0.890152, -0.885346, -0.87433, -0.857987, -0.837948, -0.816711, -0.797399, -0.783195, -0.77666
-0.77666, -0.77004, -0.755043, -0.733192, -0.706952, -0.679701, -0.655345, -0.637658, -0.62958
-0.62958, -0.621433, -0.603103, -0.576689, -0.545383, -0.513296, -0.48495, -0.464545, -0.455273
-0.455273, -0.445952, -0.425082, -0.395247, -0.360228, -0.324694, -0.293582, -0.271343, -0.261278
-0.261278, -0.251185, -0.228678, -0.196713, -0.159495, -0.122049, -0.0895188, -0.0664054, -0.0559831
-0.0559831, -0.0455548, -0.0223841, 0.0103293, 0.0481357, 0.0858731, 0.118416, 0.141404, 0.151733
0.151733, 0.162045, 0.184878, 0.216925, 0.253685, 0.290082, 0.32123, 0.343097, 0.352886
0.352886, 0.362637, 0.384144, 0.414139, 0.448263, 0.481746, 0.510152, 0.529953, 0.538779
0.538779, 0.547547, 0.566798, 0.593443, 0.623455, 0.652576, 0.677012, 0.693891, 0.701372
0.701372, 0.708777, 0.72494, 0.747083, 0.771686, 0.795185, 0.814593, 0.827821, 0.833634
0.833634, 0.839355, 0.851731, 0.868415, 0.886544, 0.903405, 0.916947, 0.925951, 0.929844
0.929844, 0.933635, 0.941689, 0.952191, 0.963063, 0.972557, 0.979647, 0.984037, 0.985842
0.985842, 0.987539, 0.990922, 0.994789, 0.997933, 0.999649, 0.999981, 0.999567, 0.999206
0.999206, 0.998735, 0.997301, 0.994366, 0.989646, 0.983511, 0.977069, 0.97187, 0.969358
0.969358, 0.96674, 0.960552, 0.950941, 0.938562, 0.92484, 0.911903, 0.902144, 0.89759
0.89759, 0.892938, 0.882262, 0.866391, 0.846888, 0.826173, 0.807301, 0.793404, 0.787004
0.787004, 0.78052, 0.765818, 0.744374, 0.718589, 0.691777, 0.667787, 0.650351, 0.642384
0.642384, 0.634347, 0.616255, 0.590165, 0.559215, 0.527465, 0.499393, 0.479174, 0.469983
0.469983, 0.460741, 0.440042, 0.410434, 0.375657, 0.340342, 0.309403, 0.287275, 0.277257
0.277257, 0.26721, 0.244799, 0.212953, 0.175853, 0.1385, 0.106032, 0.0829515, 0.0725413
0.0725413, 0.0621232, 0.0389688, 0.00626309, -0.0315564, -0.0693307, -0.101925, -0.124959, -0.135312
-0.135312, -0.14565, -0.168546, -0.200698, -0.237601, -0.274163, -0.305473, -0.327465, -0.337313
-0.337313, -0.347125, -0.368772, -0.398979, -0.43337, -0.46714, -0.495811, -0.51581, -0.524727
-0.524727, -0.533588, -0.553051, -0.580007, -0.610397, -0.639914, -0.664707, -0.681848, -0.689449
-0.689449, -0.696975, -0.713412, -0.735951, -0.761027, -0.785015, -0.804857, -0.818399, -0.824355
-0.824355, -0.830221, -0.84292, -0.860068, -0.878746, -0.896166, -0.910201, -0.919558, -0.923611
-0.923611, -0.927563, -0.935976, -0.946991, -0.958462, -0.968563, -0.976182, -0.980949, -0.982924

0.182991, 0.193246, 0.21594, 0.247762, 0.284222, 0.320275, 0.35109, 0.372702, 0.382371
0.382371, 0.391999, 0.41322, 0.442786, 0.476376, 0.509284, 0.537161, 0.556571, 0.565216
0.565216, 0.573799, 0.592631, 0.61866, 0.647928, 0.676269, 0.700003, 0.71637, 0.723617
0.723617, 0.730784, 0.746412, 0.767781, 0.79146, 0.814008, 0.832572, 0.845189, 0.850724
0.850724, 0.856166, 0.867914, 0.883697, 0.900765, 0.916544, 0.929136, 0.937457, 0.941041
0.941041, 0.944522, 0.951882, 0.961397, 0.971115, 0.979444, 0.985518, 0.989184, 0.990662
0.990662, 0.992031, 0.994686, 0.997521, 0.999469, 0.999986, 0.99928, 0.998133, 0.99744
0.99744, 0.996639, 0.994472, 0.990506, 0.984599, 0.977283, 0.969828, 0.963916, 0.961084
0.961084, 0.958147, 0.951252, 0.940655, 0.927149, 0.912317, 0.898434, 0.888013, 0.883164
0.883164, 0.878218, 0.866894, 0.850125, 0.829604, 0.807896, 0.788187, 0.773708, 0.767051
0.767051, 0.76031, 0.745047, 0.72283, 0.696182, 0.668537, 0.643854, 0.625943, 0.617766
0.617766, 0.609521, 0.590979, 0.564276, 0.532652, 0.500267, 0.471676, 0.451108, 0.441765
0.441765, 0.432373, 0.411353, 0.381319, 0.346088, 0.310361, 0.279101, 0.256765, 0.246659
0.246659, 0.236527, 0.213938, 0.181872, 0.144556, 0.107034, 0.0744555, 0.0513173, 0.0408866
0.0408866, 0.0304514, 0.00727151, -0.0254412, -0.0632265, -0.100921, -0.13341, -0.156349, -0.166654
-0.166654, -0.176941, -0.19971, -0.231654, -0.268275, -0.304513, -0.335506, -0.357255, -0.366988
-0.366988, -0.376681, -0.398054, -0.427848, -0.461722, -0.494935, -0.523093, -0.54271, -0.55145
-0.55145, -0.560131, -0.579185, -0.60554, -0.635201, -0.663953, -0.688058, -0.704695, -0.712065
-0.712065, -0.719358, -0.735268, -0.757044, -0.78121, -0.804259, -0.823267, -0.836205, -0.841886
-0.841886, -0.847475, -0.859553, -0.87581, -0.893435, -0.909783, -0.922873, -0.931553, -0.935299
-0.935299, -0.938943, -0.946667, -0.9567, -0.967023, -0.975962, -0.982569, -0.986614, -0.988263
-0.988263, -0.989804, -0.99284, -0.996216, -0.99879, -0.999935, -0.999772, -0.999009, -0.998489
-0.998489, -0.997861, -0.996078, -0.99265, -0.987364, -0.980665, -0.973739, -0.9682, -0.965535
-0.965535, -0.962765, -0.956239, -0.946156, -0.933238, -0.918985, -0.905596, -0.89552, -0.890825
-0.890825, -0.886032, -0.875046, -0.858745, -0.838754, -0.817563, -0.79829, -0.784113, -0.77759
-0.77759, -0.770982, -0.756011, -0.734196, -0.707997, -0.680784, -0.656461, -0.638796, -0.630728
-0.630728, -0.622591, -0.604282, -0.577896, -0.546621, -0.514564, -0.486242, -0.465854, -0.456589
-0.456589, -0.447274, -0.42642, -0.396605, -0.361607, -0.326091, -0.294995, -0.272765, -0.262704
-0.262704, -0.252615, -0.230117, -0.198162, -0.160954, -0.123516, -0.0909911, -0.0678803, -0.057459
-0.057459, -0.0470314, -0.023862, 0.00885116, 0.0466591, 0.0844002, 0.116948, 0.13994, 0.150271
0.150271, 0.160586, 0.183425, 0.215481, 0.252254, 0.288667, 0.31983, 0.341708, 0.351503
0.351503, 0.361259, 0.382779, 0.412793, 0.446941, 0.48045, 0.50888, 0.528699, 0.537533
0.537533, 0.546309, 0.56558, 0.592252, 0.622299, 0.651455, 0.675923, 0.692826, 0.700318
0.700318, 0.707733, 0.723921, 0.746099, 0.770745, 0.794288, 0.813735, 0.826991, 0.832816
0.832816, 0.838551, 0.850956, 0.867681, 0.885859, 0.90277, 0.916356, 0.925392, 0.929299
0.929299, 0.933104, 0.94119, 0.951738, 0.962664, 0.972212, 0.979349, 0.983773, 0.985593
0.985593, 0.987305, 0.990722, 0.994637, 0.997837, 0.999609, 0.999989, 0.99961, 0.999264
0.999264, 0.998808, 0.997409, 0.994522, 0.989857, 0.983777, 0.977383, 0.972218, 0.96972
0.96972, 0.967117, 0.960962, 0.951397, 0.939071, 0.925401, 0.912509, 0.902781, 0.898241
0.898241, 0.893603, 0.882957, 0.867129, 0.847673, 0.827005, 0.808173, 0.794302, 0.787916
0.787916, 0.781443, 0.766767, 0.74536, 0.719617, 0.692844, 0.668886, 0.651474, 0.643516
0.643516, 0.635489, 0.617419, 0.591358, 0.56044, 0.52872, 0.500673, 0.480471, 0.471287
0.471287, 0.462052, 0.441369, 0.411781, 0.377026, 0.341731, 0.310808, 0.28869, 0.278677
0.278677, 0.268634, 0.246232, 0.214397, 0.177308, 0.139964, 0.107502, 0.0844246, 0.0740156
0.0740156, 0.0635985, 0.0404458, 0.0077413, -0.0300788, -0.0678559, -0.100454, -0.123492, -0.133847
-0.133847, -0.144188, -0.167089, -0.199249, -0.236164, -0.272742, -0.304065, -0.326068, -0.335921
-0.335921, -0.345738, -0.367398, -0.397623, -0.432037, -0.465832, -0.494527, -0.514543, -0.523469
-0.523469, -0.532337, -0.551818, -0.578802, -0.609225, -0.638777, -0.663602, -0.680766, -0.688378

0.000623169
11993
