16
48

0, 0.00279873, 0.0092832, 0.0191971, 0.0321789, 0.0477542, 0.0653519, 0.0843256, 0.103978, 0.123591, 0.142449, 0.159872, 0.175239, 0.188009, 0.197738, 0.204091, 0.20683
0.20683, 0.209567, 0.215903, 0.225573, 0.238206, 0.253315, 0.270326, 0.288595, 0.307439, 0.326162, 0.344089, 0.360584, 0.375079, 0.387085, 0.396208, 0.402154, 0.404715
0.404715, 0.407272, 0.413186, 0.422195, 0.433931, 0.447921, 0.46361, 0.480384, 0.497603, 0.514628, 0.530849, 0.545703, 0.558698, 0.569421, 0.577544, 0.582825, 0.585097
0.585097, 0.587365, 0.5926, 0.600558, 0.61089, 0.623157, 0.636844, 0.651398, 0.666248, 0.680839, 0.694651, 0.707222, 0.718156, 0.727132, 0.733903, 0.738292, 0.740177
0.740177, 0.742056, 0.746387, 0.752949, 0.761431, 0.771443, 0.782538, 0.794242, 0.806081, 0.817606, 0.828413, 0.838156, 0.846556, 0.853397, 0.858524, 0.861831, 0.863247
0.863247, 0.864656, 0.867896, 0.872778, 0.879043, 0.886367, 0.89439, 0.902738, 0.911054, 0.919015, 0.926349, 0.932844, 0.938346, 0.942756, 0.946017, 0.948098, 0.948985
0.948985, 0.949863, 0.951871, 0.954863, 0.95864, 0.96296, 0.967563, 0.972194, 0.976627, 0.98068, 0.984224, 0.98719, 0.989557, 0.991345, 0.992598, 0.993365, 0.993683
0.993683, 0.993993, 0.994682, 0.995654, 0.996779, 0.997908, 0.998893, 0.999607, 0.999966, 0.999935, 0.999536, 0.998844, 0.997973, 0.997062, 0.996254, 0.995672, 0.995408
0.995408, 0.995136, 0.994476, 0.993387, 0.991812, 0.989701, 0.987024, 0.983791, 0.980059, 0.975946, 0.971621, 0.967301, 0.96323, 0.95966, 0.956825, 0.95492, 0.954086
0.954086, 0.953244, 0.951264, 0.94816, 0.943953, 0.938693, 0.932471, 0.925429, 0.917769, 0.909752, 0.901688, 0.893927, 0.886832, 0.880757, 0.876018, 0.872872, 0.871503
0.871503, 0.870127, 0.866913, 0.861929, 0.855272, 0.847091, 0.837592, 0.827047, 0.815789, 0.804214, 0.79276, 0.781894, 0.772082, 0.763764, 0.757326, 0.753076, 0.751232
0.751232, 0.749381, 0.745072, 0.738422, 0.729603, 0.718855, 0.706491, 0.692898, 0.67853, 0.663897, 0.649549, 0.636047, 0.623942, 0.613742, 0.605884, 0.600712, 0.598472
0.598472, 0.596228, 0.591009, 0.582982, 0.572382, 0.559531, 0.544837, 0.528784, 0.511927, 0.49487, 0.478247, 0.462694, 0.448819, 0.437177, 0.428239, 0.42237, 0.419831
0.419831, 0.417289, 0.411388, 0.40233, 0.390408, 0.37601, 0.35962, 0.341802, 0.323185, 0.304441, 0.286263, 0.269331, 0.254287, 0.241707, 0.232074, 0.225762, 0.223034
0.223034, 0.220305, 0.213975, 0.20428, 0.19155, 0.176228, 0.158852, 0.140038, 0.120466, 0.100847, 0.0818993, 0.0643206, 0.0487578, 0.0357833, 0.0258731, 0.0193902, 0.0165919
0.0165919, 0.0137935, 0.00730925, -0.00260565, -0.0155912, -0.0311746, -0.0487865, -0.0677812, -0.0874621, -0.107109, -0.126006, -0.143472, -0.15888, -0.171688, -0.181447, -0.18782, -0.190568
-0.190568, -0.193315, -0.199673, -0.209378, -0.222058, -0.23723, -0.254315, -0.272669, -0.291608, -0.310433, -0.328463, -0.345059, -0.359647, -0.371734, -0.38092, -0.386907, -0.389487
-0.389487, -0.392063, -0.39802, -0.407096, -0.418923, -0.433025, -0.448845, -0.465766, -0.483143, -0.500331, -0.516714, -0.531724, -0.544861, -0.555704, -0.563919, -0.569263, -0.571561
-0.571561, -0.573856, -0.579154, -0.587208, -0.59767, -0.610094, -0.623965, -0.63872, -0.653784, -0.668593, -0.68262, -0.695394, -0.706511, -0.715642, -0.722532, -0.727, -0.728918
-0.728918, -0.730832, -0.735242, -0.741926, -0.750571, -0.760779, -0.7721, -0.784051, -0.796151, -0.80794, -0.819005, -0.828991, -0.837608, -0.844631, -0.849897, -0.853297, -0.854753
-0.854753, -0.856202, -0.859534, -0.864559, -0.871012, -0.878564, -0.886845, -0.895476, -0.904088, -0.912347, -0.919972, -0.926738, -0.932482, -0.937094, -0.940509, -0.942692, -0.943622
-0.943622, -0.944545, -0.946654, -0.949803, -0.953786, -0.958353, -0.963238, -0.968175, -0.972927, -0.977299, -0.981153, -0.984407, -0.987029, -0.98903, -0.990446, -0.99132, -0.991684
-0.991684, -0.99204, -0.992836, -0.993972, -0.995312, -0.996698, -0.997975, -0.999004, -0.99969, -0.999987, -0.999904, -0.999504, -0.998891, -0.998196, -0.997551, -0.997077, -0.996859
-0.996859, -0.996634, -0.996081, -0.995155, -0.993795, -0.99194, -0.989553, -0.98663, -0.983221, -0.979429, -0.975412, -0.971376, -0.967556, -0.964193, -0.961516, -0.959714, -0.958924
-0.958924, -0.958127, -0.95625, -0.953302, -0.9493, -0.944284, -0.938337, -0.931589, -0.924232, -0.916514, -0.908738, -0.901241, -0.894377, -0.888493, -0.883899, -0.880848, -0.87952
-0.87952, -0.878184, -0.875064, -0.870222, -0.863751, -0.855792, -0.846541, -0.83626, -0.825273, -0.813965, -0.802765, -0.79213, -0.78252, -0.774369, -0.768057, -0.763889, -0.762079
-0.762079, -0.760264, -0.756036, -0.749509, -0.740849, -0.73029, -0.718136, -0.704766, -0.690624, -0.676214, -0.662075, -0.648763, -0.636822, -0.626756, -0.619, -0.613894, -0.611682
-0.611682, -0.609466, -0.604312, -0.596383, -0.585909, -0.573206, -0.558675, -0.542793, -0.526109, -0.50922, -0.492753, -0.477339, -0.463585, -0.452039, -0.443173, -0.437351, -0.434832
-0.434832, -0.43231, -0.426454, -0.417465, -0.40563, -0.391333, -0.375053, -0.357347, -0.338842, -0.320204, -0.302121, -0.285273, -0.270299, -0.257773, -0.248181, -0.241894, -0.239177
-0.239177, -0.236459, -0.230153, -0.220493, -0.207809, -0.192536, -0.175211, -0.156447, -0.136921, -0.11734, -0.0984242, -0.0808693, -0.0653232, -0.0523597, -0.0424559, -0.0359763, -0.0331792
-0.0331792, -0.0303819, -0.0238997, -0.0139865, -0.00100083, 0.0145865, 0.0322076, 0.0512181, 0.0709218, 0.0905978, 0.109529, 0.127032, 0.142477, 0.155318, 0.165105, 0.171497, 0.174254
0.174254, 0.177009, 0.183388, 0.193125, 0.20585, 0.221079, 0.238233, 0.256669, 0.275697, 0.294618, 0.312746, 0.329439, 0.344116, 0.356279, 0.365526, 0.371554, 0.374151
0.374151, 0.376745, 0.382744, 0.391885, 0.403799, 0.41801, 0.433957, 0.451019, 0.468549, 0.485897, 0.502438, 0.517599, 0.530873, 0.541833, 0.55014, 0.555543, 0.557868
0.557868, 0.560189, 0.565548, 0.573697, 0.584285, 0.596864, 0.610913, 0.625865, 0.641139, 0.656163, 0.670401, 0.683375, 0.694672, 0.703954, 0.710962, 0.715507, 0.717459
0.717459, 0.719406, 0.723895, 0.7307, 0.739504, 0.749906, 0.76145, 0.773645, 0.786002, 0.798052, 0.809372, 0.819598, 0.828429, 0.835632, 0.841037, 0.844528, 0.846023
0.846023, 0.847512, 0.850936, 0.856102, 0.862741, 0.870518, 0.879057, 0.887968, 0.896873, 0.905429, 0.913342, 0.920377, 0.92636, 0.931173, 0.934742, 0.937026, 0.938
0.938, 0.938966, 0.941177, 0.944482, 0.948669, 0.953483, 0.958648, 0.963889, 0.968958, 0.973649, 0.977812, 0.981352, 0.984229, 0.986444, 0.988022, 0.989002, 0.989412
0.989412, 0.989814, 0.990717, 0.992016, 0.99357, 0.995214, 0.996782, 0.998126, 0.99914, 0.999764, 0.999996, 0.999889, 0.999535, 0.999055, 0.998574, 0.998207, 0.998036
0.998036, 0.997857, 0.997411, 0.996649, 0.995503, 0.993906, 0.991809, 0.989199, 0.986113, 0.982642, 0.978935, 0.975184, 0.971615, 0.968461, 0.965942, 0.964244, 0.963499
0.963499, 0.962746, 0.960972, 0.958182, 0.954385, 0.949615, 0.943944, 0.937492, 0.93044, 0.923025, 0.915538, 0.908306, 0.901676, 0.895984, 0.891537, 0.888581, 0.887294
0.887294, 0.886, 0.882974, 0.878277, 0.871994, 0.864257, 0.855257, 0.845242, 0.834529, 0.823491, 0.812548, 0.802148, 0.792743, 0.78476, 0.778577, 0.774491, 0.772718
0.772718, 0.770938, 0.766792, 0.76039, 0.751892, 0.741524, 0.729584, 0.71644, 0.702529, 0.688344, 0.674418, 0.6613, 0.649527, 0.639599, 0.631946, 0.626907, 0.624724
0.624724, 0.622536, 0.617448, 0.609619, 0.599274, 0.586723, 0.572359, 0.556654, 0.540147, 0.523429, 0.507123, 0.491853, 0.478222, 0.466777, 0.457986, 0.452212, 0.449714
0.449714, 0.447212, 0.441403, 0.432484, 0.420739, 0.406548, 0.390382, 0.372794, 0.354405, 0.335878, 0.317896, 0.301136, 0.286236, 0.273769, 0.26422, 0.25796, 0.255255
0.255255, 0.252548, 0.246268, 0.236647, 0.22401, 0.208791, 0.191522, 0.172814, 0.153337, 0.133801, 0.114922, 0.0973957, 0.0818707, 0.0689216, 0.059027, 0.0525525, 0.0497574
0.0497574, 0.046962, 0.0404836, 0.0305749, 0.0175926, 0.00200561, -0.0156199, -0.0346409, -0.0543619, -0.0740617, -0.0930222, -0.110557, -0.126035, -0.138906, -0.148718, -0.155128, -0.157892
-0.157892, -0.160655, -0.167052, -0.176819, -0.189585, -0.204867, -0.222086, -0.240597, -0.25971, -0.278722, -0.296944, -0.313728, -0.32849, -0.340727, -0.350032, -0.356099, -0.358713
-0.358713, -0.361324, -0.367363, -0.376566, -0.388565, -0.40288, -0.418949, -0.436149, -0.453827, -0.471328, -0.488023, -0.503331, -0.516739, -0.527813, -0.536208, -0.541671, -0.544021

-0.587216, -0.584949, -0.579677, -0.571569, -0.560866, -0.547893, -0.533063, -0.516869, -0.49987, -0.482676, -0.465926, -0.450258, -0.436286, -0.424564, -0.415566, -0.409659, -0.407105
-0.407105, -0.404547, -0.398608, -0.389495, -0.377502, -0.363023, -0.346543, -0.328633, -0.309926, -0.291098, -0.272843, -0.255844, -0.240745, -0.228121, -0.218456, -0.212124, -0.209388
-0.209388, -0.20665, -0.200301, -0.190577, -0.177814, -0.162453, -0.145037, -0.126186, -0.106579, -0.0869313, -0.0679614, -0.0503664, -0.0347928, -0.0218119, -0.0118984, -0.00541405, -0.00261535
-0.00261535, 0.000183382, 0.00666793, 0.0165822, 0.0295648, 0.0451417, 0.0627419, 0.0817193, 0.101377, 0.120995, 0.139859, 0.15729, 0.172664, 0.18544, 0.195174, 0.20153, 0.20427
0.20427, 0.207009, 0.213349, 0.223025, 0.235665, 0.250784, 0.267807, 0.28609, 0.304949, 0.323689, 0.341632, 0.358144, 0.372653, 0.384673, 0.393806, 0.399758, 0.402322
0.402322, 0.404882, 0.410803, 0.419822, 0.431573, 0.445581, 0.461291, 0.478089, 0.495333, 0.512384, 0.52863, 0.543509, 0.556527, 0.567269, 0.575407, 0.580698, 0.582974
0.582974, 0.585246, 0.590492, 0.598464, 0.608817, 0.621109, 0.634826, 0.649412, 0.664296, 0.678921, 0.692767, 0.70537, 0.716334, 0.725334, 0.732124, 0.736526, 0.738416
0.738416, 0.7403, 0.744644, 0.751225, 0.759733, 0.769776, 0.780907, 0.79265, 0.804531, 0.816097, 0.826945, 0.836727, 0.845161, 0.852031, 0.85718, 0.860501, 0.861924
0.861924, 0.863339, 0.866593, 0.871498, 0.877793, 0.885153, 0.893217, 0.90161, 0.909973, 0.917981, 0.925361, 0.931899, 0.937439, 0.941881, 0.945166, 0.947264, 0.948157
0.948157, 0.949042, 0.951066, 0.954083, 0.957892, 0.962251, 0.966899, 0.971579, 0.976062, 0.980165, 0.983758, 0.986769, 0.989176, 0.990998, 0.992277, 0.993061, 0.993386
0.993386, 0.993703, 0.994409, 0.995407, 0.996566, 0.997736, 0.998766, 0.99953, 0.99994, 0.999961, 0.999612, 0.998966, 0.998136, 0.997259, 0.996476, 0.995912, 0.995655
0.995655, 0.99539, 0.994748, 0.993684, 0.992143, 0.990072, 0.987441, 0.984256, 0.980576, 0.976513, 0.972237, 0.967961, 0.96393, 0.960392, 0.957582, 0.955693, 0.954866
0.954866, 0.954031, 0.952067, 0.948988, 0.944813, 0.939592, 0.933413, 0.926417, 0.918805, 0.910834, 0.902816, 0.895096, 0.888038, 0.881992, 0.877276, 0.874145, 0.872783
0.872783, 0.871413, 0.868214, 0.863252, 0.856624, 0.848478, 0.839018, 0.828514, 0.817299, 0.805766, 0.794352, 0.783522, 0.773741, 0.76545, 0.759032, 0.754794, 0.752955
0.752955, 0.751111, 0.746814, 0.740183, 0.731389, 0.720671, 0.708339, 0.694781, 0.680449, 0.665851, 0.651535, 0.638063, 0.625984, 0.615804, 0.607962, 0.602801, 0.600565
0.600565, 0.598325, 0.593117, 0.585105, 0.574525, 0.561697, 0.547028, 0.531002, 0.514171, 0.497141, 0.480542, 0.465011, 0.451155, 0.439528, 0.4306, 0.424739, 0.422203
0.422203, 0.419665, 0.41377, 0.404723, 0.392815, 0.378433, 0.362059, 0.344258, 0.325658, 0.306931, 0.288768, 0.271849, 0.256816, 0.244244, 0.234617, 0.228309, 0.225583
0.225583, 0.222855, 0.216529, 0.206839, 0.194117, 0.178802, 0.161433, 0.142627, 0.123062, 0.103448, 0.0845056, 0.0669303, 0.0513699, 0.0383969, 0.0284875, 0.022005, 0.0192068
0.0192068, 0.0164085, 0.00992451, 9.69607e-06, -0.0129761, -0.0285605, -0.0461741, -0.0651716, -0.0848565, -0.104508, -0.123411, -0.140883, -0.156297, -0.16911, -0.178874, -0.18525, -0.188
-0.188, -0.190748, -0.197109, -0.20682, -0.219508, -0.234688, -0.251785, -0.270152, -0.289105, -0.307945, -0.325991, -0.342603, -0.357205, -0.369304, -0.3785, -0.384494, -0.387076
-0.387076, -0.389655, -0.395619, -0.404706, -0.416546, -0.430666, -0.446506, -0.46345, -0.480851, -0.498065, -0.514473, -0.529507, -0.542666, -0.553527, -0.561758, -0.56711, -0.569413
-0.569413, -0.571712, -0.57702, -0.585089, -0.595571, -0.60802, -0.621919, -0.636705, -0.651802, -0.666646, -0.680707, -0.693512, -0.704658, -0.713812, -0.720721, -0.725201, -0.727125
-0.727125, -0.729044, -0.733467, -0.74017, -0.74884, -0.759079, -0.770435, -0.782425, -0.794566, -0.806396, -0.817502, -0.827526, -0.836176, -0.843228, -0.848516, -0.85193, -0.853392
-0.853392, -0.854848, -0.858195, -0.863242, -0.869724, -0.877311, -0.885634, -0.894309, -0.902967, -0.911274, -0.918944, -0.925752, -0.931534, -0.936177, -0.939617, -0.941816, -0.942753
-0.942753, -0.943683, -0.945808, -0.948982, -0.952996, -0.957603, -0.962532, -0.967517, -0.972319, -0.976742, -0.980645, -0.983943, -0.986606, -0.988641, -0.990082, -0.990973, -0.991344
-0.991344, -0.991707, -0.99252, -0.993682, -0.995055, -0.996483, -0.997805, -0.998884, -0.999622, -0.99997, -0.999937, -0.999583, -0.999011, -0.998349, -0.997731, -0.997273, -0.997063
-0.997063, -0.996845, -0.996309, -0.995409, -0.994082, -0.992268, -0.989926, -0.987053, -0.983695, -0.979953, -0.975985, -0.971994, -0.968213, -0.964883, -0.962232, -0.960446, -0.959663
-0.959663, -0.958872, -0.957012, -0.954089, -0.950119, -0.945142, -0.939237, -0.932536, -0.925227, -0.917557, -0.909827, -0.902371, -0.895544, -0.88969, -0.885119, -0.882083, -0.880761
-0.880761, -0.879432, -0.876327, -0.871508, -0.865066, -0.857142, -0.84793, -0.837691, -0.826747, -0.815481, -0.804321, -0.793724, -0.784146, -0.776021, -0.76973, -0.765574, -0.76377
-0.76377, -0.761961, -0.757745, -0.751238, -0.742604, -0.732074, -0.719954, -0.706619, -0.692513, -0.678138, -0.664033, -0.650751, -0.638837, -0.628792, -0.621052, -0.615956, -0.613749
-0.613749, -0.611537, -0.606394, -0.59848, -0.588026, -0.575347, -0.560842, -0.544988, -0.528331, -0.511469, -0.495027, -0.479636, -0.4659, -0.454371, -0.445516, -0.439701, -0.437186
-0.437186, -0.434667, -0.428818, -0.41984, -0.408019, -0.393738, -0.377476, -0.359789, -0.341301, -0.32268, -0.304613, -0.287778, -0.272816, -0.260299, -0.250714, -0.244431, -0.241716
-0.241716, -0.238999, -0.232698, -0.223044, -0.210366, -0.195102, -0.177785, -0.15903, -0.139511, -0.119937, -0.101027, -0.0834758, -0.0679328, -0.0549712, -0.0450687, -0.0385898, -0.035793
-0.035793, -0.0329959, -0.0265142, -0.0166016, -0.00361617, 0.0119714, 0.0295935, 0.048606, 0.0683128, 0.0879929, 0.106929, 0.124437, 0.139888, 0.152734, 0.162525, 0.16892, 0.171678
0.171678, 0.174434, 0.180816, 0.190558, 0.20329, 0.218527, 0.235693, 0.25414, 0.273182, 0.292118, 0.310261, 0.326968, 0.341659, 0.353835, 0.363091, 0.369125, 0.371725
0.371725, 0.374321, 0.380327, 0.389478, 0.401405, 0.415633, 0.431599, 0.448684, 0.466237, 0.483609, 0.500175, 0.515359, 0.528655, 0.539633, 0.547954, 0.553367, 0.555696
0.555696, 0.55802, 0.56339, 0.571553, 0.582161, 0.594764, 0.60884, 0.623823, 0.63913, 0.654187, 0.668458, 0.681463, 0.692788, 0.702094, 0.70912, 0.713677, 0.715635
0.715635, 0.717587, 0.722088, 0.728912, 0.73774, 0.748174, 0.759752, 0.771985, 0.784382, 0.796473, 0.807834, 0.818097, 0.826961, 0.834193, 0.83962, 0.843124, 0.844626
0.844626, 0.846121, 0.849559, 0.854748, 0.861416, 0.869228, 0.877807, 0.886762, 0.895713, 0.904316, 0.912273, 0.919351, 0.925372, 0.930216, 0.933809, 0.93611, 0.93709
0.93709, 0.938064, 0.94029, 0.943619, 0.947838, 0.952691, 0.9579, 0.96319, 0.968308, 0.97305, 0.977261, 0.980846, 0.983763, 0.986011, 0.987615, 0.988612, 0.989029
0.989029, 0.989439, 0.990358, 0.991683, 0.99327, 0.994955, 0.996569, 0.997963, 0.999028, 0.999703, 0.999986, 0.999924, 0.999611, 0.999165, 0.998711, 0.99836, 0.998196
0.998196, 0.998024, 0.997596, 0.99686, 0.995748, 0.994191, 0.992139, 0.989579, 0.986543, 0.983124, 0.979465, 0.97576, 0.97223, 0.969109, 0.966616, 0.964934, 0.964196
0.964196, 0.96345, 0.961692, 0.958927, 0.955163, 0.950432, 0.944804, 0.938399, 0.931395, 0.924028, 0.916587, 0.909397, 0.902803, 0.897143, 0.892719, 0.889778, 0.888497
0.888497, 0.88721, 0.884199, 0.879524, 0.873271, 0.86557, 0.856609, 0.846637, 0.835967, 0.824972, 0.814069, 0.803707, 0.794334, 0.786379, 0.780215, 0.776143, 0.774375
0.774375, 0.772601, 0.768468, 0.762086, 0.753613, 0.743276, 0.73137, 0.718262, 0.704388, 0.690239, 0.676347, 0.663259, 0.651514, 0.641607, 0.633971, 0.628942, 0.626764
0.626764, 0.624581, 0.619503, 0.61169, 0.601365, 0.588838, 0.574501, 0.558824, 0.542346, 0.525656, 0.509375, 0.494129, 0.480517, 0.469088, 0.460309, 0.454543, 0.452048
0.452048, 0.44955, 0.443748, 0.434841, 0.42311, 0.408936, 0.392788, 0.37522, 0.35685, 0.33834, 0.320375, 0.303629, 0.288741, 0.276284, 0.266741, 0.260486, 0.257783
0.257783, 0.255078, 0.248802, 0.239187, 0.226558, 0.211348, 0.194088, 0.175389, 0.155921, 0.136393, 0.11752, 0.0999983, 0.084477, 0.0715305, 0.0616375, 0.055164, 0.0523693

-0.950621, -0.949749, -0.947699, -0.944488, -0.940142, -0.934716, -0.928307, -0.921064, -0.913198, -0.904976, -0.896717, -0.888777, -0.881525, -0.875319, -0.870482, -0.867272, -0.865875
-0.865875, -0.864472, -0.861194, -0.856112, -0.849329, -0.840998, -0.831331, -0.820607, -0.809166, -0.797409, -0.785784, -0.774761, -0.764811, -0.756381, -0.749858, -0.745552, -0.743684
-0.743684, -0.74181, -0.737446, -0.730713, -0.721786, -0.71091, -0.698404, -0.684661, -0.67014, -0.655358, -0.640869, -0.627239, -0.615023, -0.604732, -0.596806, -0.59159, -0.589331
-0.589331, -0.587068, -0.581806, -0.573713, -0.563029, -0.550079, -0.535274, -0.519106, -0.502133, -0.484965, -0.468238, -0.452592, -0.438637, -0.426931, -0.417944, -0.412044, -0.409492
-0.409492, -0.406937, -0.401005, -0.391903, -0.379923, -0.365458, -0.348995, -0.331102, -0.312412, -0.293599, -0.275358, -0.258372, -0.243282, -0.230666, -0.221007, -0.214679, -0.211944
-0.211944, -0.209208, -0.202863, -0.193144, -0.180387, -0.165033, -0.147624, -0.12878, -0.109179, -0.0895365, -0.0705705, -0.0529782, -0.0374065, -0.0244266, -0.0145135, -0.00802934, -0.00523068
-0.00523068, -0.00243197, 0.00405262, 0.0139672, 0.0269505, 0.0425288, 0.0601315, 0.0791124, 0.0987746, 0.118398, 0.137269, 0.154706, 0.170087, 0.182869, 0.192608, 0.198967, 0.201709
0.201709, 0.20445, 0.210793, 0.220475, 0.233122, 0.248252, 0.265287, 0.283583, 0.302457, 0.321213, 0.339173, 0.355701, 0.370225, 0.382257, 0.3914, 0.397359, 0.399926
0.399926, 0.402489, 0.408417, 0.417447, 0.429212, 0.443239, 0.458969, 0.47579, 0.493059, 0.510136, 0.526408, 0.541312, 0.554353, 0.565114, 0.573266, 0.578567, 0.580847
0.580847, 0.583123, 0.588379, 0.596367, 0.606741, 0.619057, 0.632803, 0.647421, 0.662339, 0.676999, 0.690879, 0.703514, 0.714506, 0.723531, 0.73034, 0.734754, 0.73665
0.73665, 0.738539, 0.742896, 0.749496, 0.75803, 0.768104, 0.779271, 0.791053, 0.802975, 0.814583, 0.825472, 0.835292, 0.84376, 0.850659, 0.85583, 0.859166, 0.860595
0.860595, 0.862017, 0.865285, 0.870213, 0.876537, 0.883933, 0.892038, 0.900476, 0.908885, 0.91694, 0.924366, 0.930947, 0.936525, 0.940999, 0.944308, 0.946422, 0.947322
0.947322, 0.948215, 0.950255, 0.953296, 0.957138, 0.961536, 0.966228, 0.970956, 0.97549, 0.979643, 0.983285, 0.986342, 0.988789, 0.990645, 0.991949, 0.99275, 0.993082
0.993082, 0.993407, 0.994129, 0.995153, 0.996346, 0.997556, 0.998633, 0.999447, 0.999909, 0.999981, 0.999681, 0.999081, 0.998292, 0.997449, 0.996692, 0.996144, 0.995895
0.995895, 0.995638, 0.995012, 0.993974, 0.992467, 0.990436, 0.987851, 0.984715, 0.981085, 0.977073, 0.972845, 0.968615, 0.964623, 0.961118, 0.958333, 0.95646, 0.955639
0.955639, 0.954811, 0.952864, 0.949809, 0.945667, 0.940484, 0.934348, 0.927399, 0.919834, 0.911911, 0.903937, 0.896259, 0.889237, 0.883222, 0.878529, 0.875413, 0.874056
0.874056, 0.872693, 0.869509, 0.864569, 0.85797, 0.849859, 0.840438, 0.829976, 0.818803, 0.807312, 0.795938, 0.785144, 0.775396, 0.76713, 0.760732, 0.756507, 0.754674
0.754674, 0.752835, 0.74855, 0.741939, 0.73317, 0.722481, 0.710183, 0.69666, 0.682363, 0.6678, 0.653517, 0.640075, 0.628021, 0.617863, 0.610037, 0.604886, 0.602654
0.602654, 0.600419, 0.59522, 0.587224, 0.576664, 0.563859, 0.549215, 0.533216, 0.516413, 0.499408, 0.482834, 0.467325, 0.453488, 0.441876, 0.432959, 0.427105, 0.424573
0.424573, 0.422037, 0.41615, 0.407114, 0.395218, 0.380852, 0.364496, 0.346713, 0.32813, 0.30942, 0.291271, 0.274365, 0.259342, 0.246779, 0.237159, 0.230854, 0.22813
0.22813, 0.225404, 0.219082, 0.209397, 0.196682, 0.181375, 0.164014, 0.145216, 0.125657, 0.106049, 0.0871113, 0.0695395, 0.0539816, 0.0410102, 0.0311017, 0.0246196, 0.0218216
0.0218216, 0.0190235, 0.0125397, 0.00262504, -0.0103609, -0.0259461, -0.0435614, -0.0625616, -0.0822503, -0.101907, -0.120816, -0.138293, -0.153714, -0.166532, -0.1763, -0.18268, -0.185431
-0.185431, -0.18818, -0.194545, -0.204261, -0.216955, -0.232145, -0.249253, -0.267633, -0.286601, -0.305456, -0.323518, -0.340145, -0.354761, -0.366873, -0.376078, -0.382079, -0.384664
-0.384664, -0.387245, -0.393216, -0.402313, -0.414167, -0.428305, -0.444165, -0.461131, -0.478556, -0.495796, -0.512229, -0.527287, -0.540467, -0.551347, -0.559592, -0.564954, -0.567261
-0.567261, -0.569564, -0.574882, -0.582966, -0.593468, -0.605942, -0.619869, -0.634686, -0.649817, -0.664694, -0.678788, -0.691626, -0.7028, -0.711978, -0.718906, -0.723398, -0.725327
-0.725327, -0.727251, -0.731687, -0.738409, -0.747104, -0.757374, -0.768765, -0.780794, -0.792975, -0.804847, -0.815993, -0.826055, -0.834739, -0.841819, -0.84713, -0.850558, -0.852026
-0.852026, -0.853488, -0.856849, -0.861919, -0.86843, -0.876053, -0.884416, -0.893136, -0.90184, -0.910193, -0.917909, -0.92476, -0.930579, -0.935255, -0.938718, -0.940934, -0.941878
-0.941878, -0.942814, -0.944956, -0.948154, -0.952201, -0.956847, -0.96182, -0.966853, -0.971705, -0.976178, -0.980129, -0.983473, -0.986176, -0.988244, -0.989712, -0.990619, -0.990997
-0.990997, -0.991368, -0.992197, -0.993385, -0.994792, -0.99626, -0.997628, -0.998757, -0.999546, -0.999946, -0.999963, -0.999655, -0.999124, -0.998496, -0.997904, -0.997463, -0.99726
-0.99726, -0.997049, -0.99653, -0.995656, -0.994363, -0.992589, -0.990293, -0.987469, -0.984162, -0.980471, -0.976552, -0.972606, -0.968864, -0.965567, -0.96294, -0.961171, -0.960395
-0.960395, -0.959611, -0.957767, -0.954869, -0.950931, -0.945993, -0.940132, -0.933478, -0.926216, -0.918594, -0.910909, -0.903495, -0.896704, -0.890881, -0.886334, -0.883312, -0.881997
-0.881997, -0.880674, -0.877584, -0.872787, -0.866376, -0.858486, -0.849314, -0.839116, -0.828216, -0.816992, -0.805873, -0.795312, -0.785766, -0.777668, -0.771396, -0.767254, -0.765456
-0.765456, -0.763652, -0.759449, -0.752962, -0.744353, -0.733853, -0.721766, -0.708467, -0.694398, -0.680058, -0.665986, -0.652735, -0.640847, -0.630824, -0.6231, -0.618015, -0.615812
-0.615812, -0.613604, -0.608471, -0.600573, -0.590139, -0.577484, -0.563005, -0.547179, -0.53055, -0.513714, -0.497298, -0.481929, -0.468213, -0.456699, -0.447856, -0.442049, -0.439537
-0.439537, -0.437021, -0.431179, -0.422212, -0.410405, -0.396141, -0.379896, -0.362228, -0.343758, -0.325155, -0.307103, -0.290282, -0.275331, -0.262824, -0.253245, -0.246966, -0.244253
-0.244253, -0.241538, -0.235241, -0.225592, -0.212922, -0.197667, -0.180358, -0.161612, -0.1421, -0.122533, -0.103628, -0.0860817, -0.0705419, -0.0575824, -0.0476813, -0.0412031, -0.0384066
-0.0384066, -0.0356097, -0.0291286, -0.0192165, -0.00623148, 0.00935621, 0.0269792, 0.0459936, 0.0657033, 0.0853874, 0.104329, 0.121841, 0.137298, 0.150149, 0.159944, 0.166342, 0.169101
0.169101, 0.171859, 0.178243, 0.18799, 0.200729, 0.215974, 0.23315, 0.25161, 0.270665, 0.289615, 0.307774, 0.324495, 0.3392, 0.351387, 0.360652, 0.366693, 0.369295
0.369295, 0.371895, 0.377906, 0.387067, 0.399008, 0.413253, 0.429238, 0.446345, 0.463922, 0.481318, 0.497909, 0.513116, 0.526433, 0.537429, 0.545764, 0.551186, 0.553519
0.553519, 0.555848, 0.561227, 0.569405, 0.580032, 0.592659, 0.606763, 0.621777, 0.637116, 0.652206, 0.666511, 0.679547, 0.6909, 0.70023, 0.707274, 0.711843, 0.713806
0.713806, 0.715763, 0.720276, 0.727119, 0.735972, 0.746436, 0.758049, 0.77032, 0.782757, 0.794889, 0.806289, 0.81659, 0.825488, 0.832748, 0.838196, 0.841715, 0.843223
0.843223, 0.844724, 0.848177, 0.853387, 0.860084, 0.867932, 0.876551, 0.88555, 0.894547, 0.903196, 0.911199, 0.918319, 0.924377, 0.929253, 0.93287, 0.935186, 0.936174
0.936174, 0.937154, 0.939397, 0.94275, 0.947001, 0.951893, 0.957146, 0.962483, 0.967652, 0.972443, 0.976703, 0.980334, 0.983291, 0.985572, 0.987201, 0.988215, 0.988639
0.988639, 0.989056, 0.989992, 0.991343, 0.992964, 0.994689, 0.996349, 0.997793, 0.998909, 0.999636, 0.999968, 0.999953, 0.999681, 0.999268, 0.99884, 0.998507, 0.99835
0.99835, 0.998185, 0.997774, 0.997064, 0.995985, 0.994469, 0.992463, 0.989952, 0.986968, 0.983599, 0.979989, 0.976329, 0.972839, 0.969751, 0.967283, 0.965617, 0.964886
0.964886, 0.964147, 0.962406, 0.959666, 0.955934, 0.951242, 0.945657, 0.939299, 0.932344, 0.925025, 0.917629, 0.910482, 0.903925, 0.898295, 0.893894, 0.890969, 0.889694
0.889694, 0.888413, 0.885418, 0.880766, 0.874542, 0.866877, 0.857956, 0.848026, 0.8374, 0.826447, 0.815586, 0.80526, 0.79592, 0.787992, 0.781849, 0.777789, 0.776027
0.776027, 0.774259, 0.770139, 0.763776, 0.75533, 0.745023, 0.733151, 0.720079, 0.706242, 0.692129, 0.678271, 0.665214, 0.653495, 0.643611, 0.635991, 0.630973, 0.6288

-0.951706, -0.952562, -0.954515, -0.957425, -0.961093, -0.965282, -0.969735, -0.974205, -0.97847, -0.982353, -0.985734, -0.988548, -0.99078, -0.992455, -0.993622, -0.994333, -0.994626
-0.994626, -0.994912, -0.995545, -0.99643, -0.997443, -0.998436, -0.999266, -0.999814, -1, -0.999796, -0.999231, -0.998385, -0.997378, -0.996354, -0.995459, -0.994821, -0.994533
-0.994533, -0.994236, -0.99352, -0.992345, -0.990657, -0.988411, -0.985582, -0.982185, -0.978284, -0.974002, -0.969515, -0.965046, -0.960844, -0.957164, -0.954246, -0.952287, -0.951429
-0.951429, -0.950564, -0.94853, -0.945344, -0.94103, -0.935642, -0.929276, -0.92208, -0.914261, -0.906086, -0.897872, -0.889973, -0.882756, -0.876581, -0.871766, -0.868571, -0.867181
-0.867181, -0.865784, -0.86252, -0.857461, -0.850707, -0.84241, -0.832782, -0.822098, -0.8107, -0.798985, -0.787399, -0.776412, -0.766494, -0.758089, -0.751586, -0.747292, -0.74543
-0.74543, -0.743561, -0.73921, -0.732496, -0.723594, -0.712747, -0.700274, -0.686565, -0.672079, -0.657331, -0.642874, -0.629274, -0.617083, -0.606813, -0.598902, -0.593696, -0.591442
-0.591442, -0.589183, -0.583931, -0.575854, -0.565188, -0.552261, -0.537481, -0.52134, -0.504393, -0.487251, -0.470548, -0.454922, -0.440986, -0.429294, -0.420318, -0.414425, -0.411877
-0.411877, -0.409325, -0.4034, -0.394308, -0.382341, -0.367891, -0.351445, -0.333569, -0.314895, -0.296098, -0.277872, -0.260897, -0.245818, -0.23321, -0.223557, -0.217232, -0.2145
-0.2145, -0.211765, -0.205423, -0.19571, -0.182958, -0.167612, -0.15021, -0.131373, -0.111779, -0.092141, -0.0731791, -0.0555897, -0.0400198, -0.0270411, -0.0171285, -0.0106446, -0.00784597
-0.00784597, -0.0050473, 0.00143728, 0.011352, 0.024336, 0.0399157, 0.0575207, 0.076505, 0.0961717, 0.115801, 0.134678, 0.152122, 0.167509, 0.180298, 0.190041, 0.196403, 0.199147
0.199147, 0.201889, 0.208236, 0.217923, 0.230578, 0.245717, 0.262764, 0.281074, 0.299963, 0.318735, 0.336711, 0.353255, 0.367794, 0.379839, 0.388992, 0.394958, 0.397527
0.397527, 0.400094, 0.406028, 0.415069, 0.426849, 0.440893, 0.456644, 0.473488, 0.490782, 0.507885, 0.524183, 0.539111, 0.552174, 0.562954, 0.571121, 0.576432, 0.578716
0.578716, 0.580997, 0.586262, 0.594266, 0.60466, 0.617001, 0.630776, 0.645425, 0.660377, 0.675071, 0.688986, 0.701653, 0.712674, 0.721723, 0.728551, 0.732977, 0.734878
0.734878, 0.736774, 0.741143, 0.747762, 0.756321, 0.766427, 0.777629, 0.78945, 0.801413, 0.813063, 0.823993, 0.833851, 0.842354, 0.849281, 0.854474, 0.857825, 0.85926
0.85926, 0.860688, 0.863971, 0.868921, 0.875275, 0.882708, 0.890853, 0.899335, 0.907791, 0.915893, 0.923365, 0.929989, 0.935605, 0.940111, 0.943444, 0.945574, 0.946481
0.946481, 0.947381, 0.949437, 0.952503, 0.956377, 0.960815, 0.965551, 0.970327, 0.974911, 0.979115, 0.982806, 0.985908, 0.988395, 0.990285, 0.991615, 0.992432, 0.992772
0.992772, 0.993104, 0.993843, 0.994893, 0.99612, 0.99737, 0.998493, 0.999356, 0.99987, 0.999994, 0.999744, 0.99919, 0.998441, 0.997632, 0.996902, 0.99637, 0.996128
0.996128, 0.995878, 0.995269, 0.994257, 0.992784, 0.990794, 0.988254, 0.985167, 0.981588, 0.977626, 0.973447, 0.969261, 0.965309, 0.961837, 0.959076, 0.95722, 0.956407
0.956407, 0.955585, 0.953654, 0.950624, 0.946514, 0.941369, 0.935277, 0.928374, 0.920857, 0.912981, 0.905053, 0.897416, 0.89043, 0.884445, 0.879775, 0.876674, 0.875324
0.875324, 0.873967, 0.870797, 0.86588, 0.859311, 0.851234, 0.841853, 0.831432, 0.820302, 0.808852, 0.797518, 0.786761, 0.777044, 0.768805, 0.762427, 0.758215, 0.756387
0.756387, 0.754553, 0.750282, 0.74369, 0.734946, 0.724287, 0.712022, 0.698534, 0.684272, 0.669744, 0.655494, 0.642082, 0.630054, 0.619917, 0.612107, 0.606966, 0.604739
0.604739, 0.602508, 0.59732, 0.589339, 0.578798, 0.566017, 0.551399, 0.535427, 0.518651, 0.501673, 0.485123, 0.469635, 0.455817, 0.44422, 0.435316, 0.429468, 0.426939
0.426939, 0.424407, 0.418526, 0.409501, 0.397619, 0.383269, 0.36693, 0.349165, 0.330599, 0.311905, 0.293772, 0.276879, 0.261867, 0.249313, 0.239699, 0.233398, 0.230676
0.230676, 0.227952, 0.221633, 0.211954, 0.199245, 0.183946, 0.166593, 0.147803, 0.128251, 0.10865, 0.0897164, 0.0721483, 0.0565929, 0.0436232, 0.0337156, 0.0272341, 0.0244363
0.0244363, 0.0216383, 0.0151548, 0.00524037, -0.0077457, -0.0233315, -0.0409483, -0.0599512, -0.0796435, -0.0993049, -0.118219, -0.135702, -0.151129, -0.163953, -0.173725, -0.180108, -0.18286
-0.18286, -0.185611, -0.191979, -0.2017, -0.214402, -0.2296, -0.246719, -0.265112, -0.284094, -0.302965, -0.321042, -0.337684, -0.352315, -0.364438, -0.373653, -0.37966, -0.382248
-0.382248, -0.384833, -0.39081, -0.399917, -0.411785, -0.42594, -0.44182, -0.458809, -0.476258, -0.493523, -0.509981, -0.525063, -0.538265, -0.549164, -0.557422, -0.562794, -0.565106
-0.565106, -0.567412, -0.57274, -0.580839, -0.591361, -0.603859, -0.617814, -0.632663, -0.647827, -0.662738, -0.676866, -0.689734, -0.700937, -0.710139, -0.717085, -0.72159, -0.723525
-0.723525, -0.725454, -0.729902, -0.736643, -0.745363, -0.755664, -0.76709, -0.779157, -0.791379, -0.803292, -0.814478, -0.824578, -0.833296, -0.840405, -0.845737, -0.849179, -0.850654
-0.850654, -0.852122, -0.855498, -0.86059, -0.867131, -0.874789, -0.883193, -0.891956, -0.900707, -0.909107, -0.916868, -0.923762, -0.929619, -0.934326, -0.937814, -0.940045, -0.940996
-0.940996, -0.941939, -0.944097, -0.947319, -0.951399, -0.956083, -0.961101, -0.966182, -0.971083, -0.975607, -0.979607, -0.982996, -0.985739, -0.987841, -0.989334, -0.990258, -0.990644
-0.990644, -0.991022, -0.991868, -0.993081, -0.994522, -0.996031, -0.997445, -0.998623, -0.999464, -0.999916, -0.999982, -0.99972, -0.99923, -0.998636, -0.998069, -0.997646, -0.99745
-0.99745, -0.997246, -0.996744, -0.995896, -0.994637, -0.992904, -0.990653, -0.987879, -0.984622, -0.980982, -0.977111, -0.97321, -0.969508, -0.966244, -0.963642, -0.961889, -0.96112
-0.96112, -0.960344, -0.958516, -0.955642, -0.951737, -0.946837, -0.94102, -0.934412, -0.927199, -0.919625, -0.911985, -0.904613, -0.897859, -0.892066, -0.887542, -0.884535, -0.883226
-0.883226, -0.88191, -0.878835, -0.874061, -0.867679, -0.859824, -0.850692, -0.840536, -0.829678, -0.818497, -0.807418, -0.796894, -0.787381, -0.779309, -0.773058, -0.768928, -0.767136
-0.767136, -0.765338, -0.761148, -0.75468, -0.746097, -0.735627, -0.723574, -0.71031, -0.696277, -0.681973, -0.667934, -0.654714, -0.642852, -0.632851, -0.625143, -0.620069, -0.61787
-0.61787, -0.615667, -0.610545, -0.602662, -0.592249, -0.579617, -0.565165, -0.549366, -0.532765, -0.515956, -0.499565, -0.484219, -0.470522, -0.459024, -0.450193, -0.444393, -0.441884
-0.441884, -0.439372, -0.433537, -0.424582, -0.412789, -0.398541, -0.382314, -0.364664, -0.346213, -0.327627, -0.309591, -0.292784, -0.277844, -0.265346, -0.255774, -0.2495, -0.246788
-0.246788, -0.244075, -0.237782, -0.22814, -0.215477, -0.20023, -0.18293, -0.164192, -0.144688, -0.125128, -0.106229, -0.088687, -0.0731504, -0.0601933, -0.0502935, -0.0438161, -0.0410198
-0.0410198, -0.0382233, -0.0317427, -0.0218313, -0.00884676, 0.00674095, 0.0243647, 0.0433809, 0.0630934, 0.0827813, 0.101727, 0.119245, 0.134707, 0.147563, 0.157362, 0.163762, 0.166523
0.166523, 0.169282, 0.175669, 0.185421, 0.198166, 0.21342, 0.230606, 0.249078, 0.268147, 0.287111, 0.305284, 0.322021, 0.336738, 0.348937, 0.358212, 0.364259, 0.366864
0.366864, 0.369466, 0.375484, 0.384655, 0.396609, 0.41087, 0.426875, 0.444003, 0.461604, 0.479024, 0.495639, 0.51087, 0.524207, 0.535222, 0.543571, 0.549002, 0.551339
0.551339, 0.553672, 0.55906, 0.567253, 0.5779, 0.590551, 0.604682, 0.619727, 0.635098, 0.650222, 0.664559, 0.677626, 0.689007, 0.69836, 0.705422, 0.710004, 0.711972
0.711972, 0.713934, 0.71846, 0.725321, 0.734199, 0.744693, 0.75634, 0.76865, 0.781127, 0.7933, 0.80474, 0.815078, 0.824009, 0.831297, 0.836767, 0.8403, 0.841814
0.841814, 0.843321, 0.846789, 0.852021, 0.858747, 0.86663, 0.875289, 0.884332, 0.893375, 0.90207, 0.910119, 0.91728, 0.923376, 0.928284, 0.931925, 0.934257, 0.935251
0.935251, 0.936238, 0.938497, 0.941875, 0.946158, 0.951089, 0.956386, 0.96177, 0.966989, 0.97183, 0.976138, 0.979814, 0.982811, 0.985126, 0.986781, 0.987811, 0.988243
0.988243, 0.988667, 0.98962, 0.990996, 0.992651, 0.994417, 0.996122, 0.997616, 0.998784, 0.999562, 0.999944, 0.999975, 0.999743, 0.999365, 0.998963, 0.998646, 0.998497
0.998497, 0.998339, 0.997945, 0.99726, 0.996216, 0.99474, 0.99278, 0.990318, 0.987385, 0.984067, 0.980506, 0.976891, 0.973441, 0.970386, 0.967943, 0.966294, 0.96557

-0.590058, -0.592316, -0.597528, -0.605449, -0.615733, -0.62794, -0.64156, -0.656038, -0.670808, -0.685317, -0.699049, -0.711543, -0.722409, -0.731327, -0.738054, -0.742414, -0.744286
-0.744286, -0.746152, -0.750453, -0.75697, -0.765391, -0.77533, -0.786341, -0.797952, -0.809694, -0.821121, -0.831832, -0.841485, -0.849804, -0.856577, -0.861651, -0.864924, -0.866325
-0.866325, -0.86772, -0.870925, -0.875754, -0.88195, -0.889189, -0.897115, -0.905359, -0.913565, -0.921415, -0.928641, -0.935035, -0.940448, -0.944783, -0.947986, -0.95003, -0.9509
-0.9509, -0.951763, -0.953732, -0.956666, -0.960367, -0.964595, -0.969094, -0.973612, -0.977927, -0.981861, -0.985291, -0.988149, -0.990422, -0.992131, -0.993324, -0.994051, -0.994352
-0.994352, -0.994645, -0.995294, -0.996206, -0.997252, -0.998286, -0.999162, -0.99976, -0.999998, -0.999846, -0.99933, -0.99853, -0.997564, -0.996574, -0.995705, -0.995083, -0.994802
-0.994802, -0.994513, -0.993814, -0.992664, -0.991011, -0.988805, -0.986021, -0.982673, -0.978822, -0.974591, -0.970153, -0.965728, -0.961565, -0.957918, -0.955025, -0.953082, -0.952231
-0.952231, -0.951373, -0.949355, -0.946193, -0.941911, -0.936562, -0.930239, -0.923089, -0.915317, -0.907189, -0.89902, -0.891162, -0.883982, -0.877837, -0.873045, -0.869864, -0.86848
-0.86848, -0.867089, -0.863841, -0.858804, -0.852078, -0.843816, -0.834227, -0.823585, -0.812228, -0.800555, -0.789008, -0.778057, -0.768171, -0.759792, -0.753308, -0.749028, -0.747171
-0.747171, -0.745308, -0.740968, -0.734274, -0.725397, -0.714579, -0.702138, -0.688464, -0.674013, -0.6593, -0.644875, -0.631304, -0.619139, -0.608889, -0.600994, -0.595799, -0.593549
-0.593549, -0.591294, -0.586052, -0.57799, -0.567344, -0.554439, -0.539685, -0.52357, -0.50665, -0.489533, -0.472854, -0.45725, -0.443332, -0.431655, -0.42269, -0.416804, -0.414259
-0.414259, -0.41171, -0.405792, -0.39671, -0.384756, -0.370322, -0.353892, -0.336033, -0.317376, -0.298595, -0.280383, -0.263421, -0.248353, -0.235753, -0.226106, -0.219784, -0.217053
-0.217053, -0.21432, -0.207982, -0.198274, -0.185529, -0.17019, -0.152795, -0.133965, -0.114377, -0.0947449, -0.0757872, -0.0582008, -0.042633, -0.0296554, -0.0197434, -0.0132597, -0.0104612
-0.0104612, -0.00766259, -0.00117806, 0.0087368, 0.0217214, 0.0373023, 0.0549095, 0.073897, 0.0935682, 0.113203, 0.132086, 0.149537, 0.16493, 0.177724, 0.187473, 0.193838, 0.196583
0.196583, 0.199327, 0.205677, 0.21537, 0.228032, 0.243181, 0.26024, 0.278563, 0.297467, 0.316255, 0.334248, 0.350807, 0.365361, 0.377418, 0.386581, 0.392554, 0.395126
0.395126, 0.397696, 0.403637, 0.412688, 0.424482, 0.438544, 0.454316, 0.471183, 0.488502, 0.505631, 0.521954, 0.536907, 0.549992, 0.560791, 0.568972, 0.574293, 0.576582
0.576582, 0.578866, 0.584142, 0.59216, 0.602574, 0.614941, 0.628744, 0.643425, 0.658411, 0.67314, 0.687088, 0.699787, 0.710837, 0.719911, 0.726757, 0.731196, 0.733102
0.733102, 0.735003, 0.739384, 0.746023, 0.754608, 0.764744, 0.775982, 0.787842, 0.799846, 0.811538, 0.822508, 0.832405, 0.840942, 0.847898, 0.853112, 0.856478, 0.857919
0.857919, 0.859353, 0.862651, 0.867624, 0.874008, 0.881475, 0.889662, 0.898188, 0.906691, 0.914841, 0.922358, 0.929024, 0.934679, 0.939216, 0.942574, 0.94472, 0.945634
0.945634, 0.946541, 0.948612, 0.951703, 0.95561, 0.960086, 0.964867, 0.969691, 0.974325, 0.97858, 0.98232, 0.985467, 0.987995, 0.989918, 0.991273, 0.992107, 0.992454
0.992454, 0.992794, 0.99355, 0.994625, 0.995886, 0.997177, 0.998346, 0.999259, 0.999824, 1, 0.9998, 0.999292, 0.998584, 0.997809, 0.997104, 0.99659, 0.996355
0.996355, 0.996112, 0.99552, 0.994534, 0.993094, 0.991144, 0.98865, 0.985613, 0.982084, 0.978173, 0.974043, 0.969902, 0.965988, 0.962549, 0.959814, 0.957974, 0.957167
0.957167, 0.956353, 0.954438, 0.951432, 0.947354, 0.942248, 0.936199, 0.929343, 0.921873, 0.914045, 0.906162, 0.898567, 0.891618, 0.885663, 0.881015, 0.877929, 0.876586
0.876586, 0.875235, 0.87208, 0.867185, 0.860646, 0.852604, 0.843261, 0.832882, 0.821795, 0.810388, 0.799093, 0.788373, 0.778688, 0.770475, 0.764117, 0.759917, 0.758095
0.758095, 0.756267, 0.752009, 0.745436, 0.736717, 0.726088, 0.713856, 0.700403, 0.686177, 0.671684, 0.657467, 0.644085, 0.632083, 0.621967, 0.614173, 0.609042, 0.60682
0.60682, 0.604593, 0.599416, 0.59145, 0.580929, 0.568171, 0.553579, 0.537634, 0.520885, 0.503933, 0.487408, 0.471943, 0.458143, 0.446562, 0.437669, 0.431829, 0.429303
0.429303, 0.426773, 0.4209, 0.411886, 0.400018, 0.385683, 0.369362, 0.351614, 0.333067, 0.314389, 0.296271, 0.279391, 0.26439, 0.251844, 0.242237, 0.23594, 0.23322
0.23322, 0.230497, 0.224182, 0.214509, 0.201807, 0.186516, 0.169171, 0.150389, 0.130844, 0.111249, 0.0923209, 0.0747566, 0.0592039, 0.0462359, 0.0363294, 0.0298483, 0.0270508
0.0270508, 0.0242529, 0.0177698, 0.00785566, -0.00513041, -0.0207168, -0.038335, -0.0573403, -0.0770362, -0.0967021, -0.115622, -0.133111, -0.148543, -0.161372, -0.171149, -0.177534, -0.180288
-0.180288, -0.18304, -0.189411, -0.199137, -0.211846, -0.227054, -0.244184, -0.26259, -0.281585, -0.300471, -0.318564, -0.335221, -0.349866, -0.362002, -0.371226, -0.37724, -0.37983
-0.37983, -0.382418, -0.388401, -0.397519, -0.409401, -0.423572, -0.439472, -0.456483, -0.473957, -0.491246, -0.50773, -0.522835, -0.536059, -0.546976, -0.555249, -0.560631, -0.562946
-0.562946, -0.565257, -0.570594, -0.578709, -0.58925, -0.601772, -0.615756, -0.630635, -0.645832, -0.660777, -0.674938, -0.687838, -0.699069, -0.708296, -0.71526, -0.719777, -0.721717
-0.721717, -0.723651, -0.728111, -0.734872, -0.743617, -0.753948, -0.76541, -0.777515, -0.789777, -0.801732, -0.812958, -0.823095, -0.831847, -0.838984, -0.844338, -0.847795, -0.849276
-0.849276, -0.85075, -0.854141, -0.859255, -0.865825, -0.873519, -0.881963, -0.890771, -0.899568, -0.908015, -0.915821, -0.922757, -0.928652, -0.933391, -0.936903, -0.93915, -0.940108
-0.940108, -0.941058, -0.943232, -0.946478, -0.95059, -0.955313, -0.960375, -0.965504, -0.970456, -0.975029, -0.979078, -0.982513, -0.985295, -0.987431, -0.98895, -0.98989, -0.990283
-0.990283, -0.990669, -0.991532, -0.99277, -0.994245, -0.995794, -0.997254, -0.998483, -0.999375, -0.999878, -0.999994, -0.999779, -0.999329, -0.998769, -0.998228, -0.997822, -0.997633
-0.997633, -0.997437, -0.996952, -0.996129, -0.994904, -0.993211, -0.991007, -0.988281, -0.985076, -0.981486, -0.977664, -0.973808, -0.970146, -0.966915, -0.964338, -0.962601, -0.961839
-0.961839, -0.96107, -0.959258, -0.956409, -0.952536, -0.947676, -0.941902, -0.935341, -0.928176, -0.920649, -0.913054, -0.905724, -0.899007, -0.893245, -0.888743, -0.885752, -0.88445
-0.88445, -0.88314, -0.88008, -0.875329, -0.868976, -0.861157, -0.852063, -0.84195, -0.831136, -0.819997, -0.808959, -0.798472, -0.788991, -0.780946, -0.774714, -0.770598, -0.768811
-0.768811, -0.767018, -0.762842, -0.756393, -0.747835, -0.737396, -0.725377, -0.712149, -0.698152, -0.683884, -0.669879, -0.656688, -0.644853, -0.634874, -0.627182, -0.622118, -0.619925
-0.619925, -0.617726, -0.612614, -0.604747, -0.594354, -0.581747, -0.56732, -0.55155, -0.534977, -0.518195, -0.501829, -0.486506, -0.472828, -0.461346, -0.452527, -0.446735, -0.444229
-0.444229, -0.44172, -0.435893, -0.426948, -0.415169, -0.400938, -0.38473, -0.367098, -0.348665, -0.330097, -0.312077, -0.295284, -0.280356, -0.267867, -0.258301, -0.252031, -0.249322
-0.249322, -0.246611, -0.240321, -0.230685, -0.21803, -0.202791, -0.185501, -0.166771, -0.147276, -0.127723, -0.108829, -0.0912918, -0.0757585, -0.0628037, -0.0529053, -0.0464287, -0.0436328
-0.0436328, -0.0408366, -0.0343566, -0.024446, -0.011462, 0.00412564, 0.0217501, 0.0407678, 0.060483, 0.0801746, 0.0991251, 0.116648, 0.132115, 0.144976, 0.154779, 0.161182, 0.163943
0.163943, 0.166703, 0.173094, 0.18285, 0.195602, 0.210864, 0.22806, 0.246544, 0.265626, 0.284605, 0.302793, 0.319543, 0.334275, 0.346485, 0.355769, 0.361822, 0.364429
0.364429, 0.367034, 0.373058, 0.382239, 0.394207, 0.408484, 0.424508, 0.441658, 0.459282, 0.476727, 0.493366, 0.50862, 0.521978, 0.533011, 0.541374, 0.546814, 0.549155
0.549155, 0.551492, 0.55689, 0.565098, 0.575764, 0.588438, 0.602597, 0.617672, 0.633076, 0.648232, 0.662602, 0.6757, 0.687109, 0.696486, 0.703566, 0.708159, 0.710133
0.710133, 0.7121, 0.716638, 0.723518, 0.732421, 0.742945, 0.754627, 0.766974, 0.779491, 0.791705, 0.803184, 0.81356, 0.822524, 0.82984, 0.835332, 0.838879, 0.8404
0.8404, 0.841913, 0.845394, 0.850649, 0.857404, 0.865322, 0.874022, 0.883108, 0.892197, 0.900939, 0.909032, 0.916235, 0.922369, 0.927308, 0.930973, 0.933321, 0.934322

-0.0035159, -0.0063146, -0.0127989, -0.0227123, -0.0356928, -0.0512658, -0.0688599, -0.0878284, -0.107475, -0.127079, -0.145928, -0.163342, -0.1787, -0.191461, -0.201183, -0.207531, -0.210268
-0.210268, -0.213003, -0.219335, -0.228997, -0.241619, -0.256715, -0.27371, -0.29196, -0.310782, -0.329484, -0.347388, -0.363861, -0.378336, -0.390325, -0.399434, -0.40537, -0.407927
-0.407927, -0.410481, -0.416385, -0.425379, -0.437096, -0.451062, -0.466722, -0.483465, -0.50065, -0.51764, -0.533825, -0.548646, -0.561611, -0.572308, -0.58041, -0.585679, -0.587945
-0.587945, -0.590207, -0.595429, -0.603365, -0.61367, -0.625903, -0.639551, -0.654062, -0.668866, -0.68341, -0.697176, -0.709703, -0.720598, -0.729541, -0.736286, -0.740659, -0.742536
-0.742536, -0.744408, -0.748722, -0.755258, -0.763705, -0.773675, -0.784722, -0.796373, -0.808157, -0.819625, -0.830377, -0.840069, -0.848423, -0.855225, -0.860321, -0.863609, -0.865016
-0.865016, -0.866417, -0.869637, -0.874489, -0.880714, -0.88799, -0.895957, -0.904245, -0.912498, -0.920395, -0.927668, -0.934105, -0.939556, -0.943923, -0.94715, -0.949211, -0.950087
-0.950087, -0.950957, -0.952943, -0.955902, -0.959635, -0.963902, -0.968445, -0.973012, -0.977377, -0.981362, -0.98484, -0.987745, -0.990057, -0.991801, -0.993019, -0.993763, -0.994071
-0.994071, -0.994372, -0.995038, -0.995975, -0.997055, -0.998129, -0.999052, -0.999699, -0.999989, -0.999888, -0.999422, -0.998668, -0.997743, -0.996787, -0.995943, -0.995339, -0.995065
-0.995065, -0.994784, -0.994101, -0.992977, -0.991357, -0.989192, -0.986454, -0.983154, -0.979355, -0.975173, -0.970784, -0.966404, -0.96228, -0.958666, -0.955797, -0.953871, -0.953027
-0.953027, -0.952175, -0.950174, -0.947037, -0.942787, -0.937475, -0.931195, -0.924091, -0.916367, -0.908286, -0.900162, -0.892346, -0.885202, -0.879086, -0.874317, -0.871151, -0.869774
-0.869774, -0.868389, -0.865155, -0.860141, -0.853444, -0.845217, -0.835666, -0.825065, -0.813751, -0.802119, -0.790612, -0.779697, -0.769843, -0.76149, -0.755026, -0.750758, -0.748906
-0.748906, -0.747049, -0.742722, -0.736047, -0.727194, -0.716406, -0.703998, -0.690358, -0.675943, -0.661264, -0.646872, -0.63333, -0.621191, -0.610962, -0.603083, -0.597897, -0.595652
-0.595652, -0.593401, -0.588169, -0.580122, -0.569496, -0.556614, -0.541885, -0.525796, -0.508903, -0.491812, -0.475157, -0.459574, -0.445675, -0.434012, -0.425059, -0.41918, -0.416638
-0.416638, -0.414092, -0.408181, -0.399109, -0.387169, -0.37275, -0.356337, -0.338496, -0.319855, -0.30109, -0.282893, -0.265943, -0.250885, -0.238294, -0.228653, -0.222335, -0.219606
-0.219606, -0.216874, -0.210539, -0.200837, -0.188098, -0.172767, -0.155379, -0.136556, -0.116975, -0.0973482, -0.0783947, -0.0608116, -0.0452458, -0.0322695, -0.0223582, -0.0158748, -0.0130764
-0.0130764, -0.0102778, -0.00379341, 0.00612152, 0.0191066, 0.0346886, 0.0522979, 0.0712886, 0.090964, 0.110604, 0.129493, 0.14695, 0.16235, 0.17515, 0.184903, 0.191272, 0.194018
0.194018, 0.196763, 0.203117, 0.212815, 0.225485, 0.240644, 0.257714, 0.27605, 0.294969, 0.313773, 0.331782, 0.348357, 0.362925, 0.374995, 0.384168, 0.390147, 0.392722
0.392722, 0.395295, 0.401243, 0.410305, 0.422113, 0.436192, 0.451984, 0.468874, 0.486218, 0.503373, 0.519721, 0.534698, 0.547805, 0.558623, 0.566819, 0.57215, 0.574443
0.574443, 0.576731, 0.582017, 0.590051, 0.600485, 0.612876, 0.626708, 0.641421, 0.65644, 0.671203, 0.685185, 0.697917, 0.708995, 0.718093, 0.724958, 0.729409, 0.731321
0.731321, 0.733227, 0.737621, 0.744279, 0.752889, 0.763056, 0.77433, 0.786229, 0.798274, 0.810007, 0.821018, 0.830952, 0.839523, 0.846508, 0.851745, 0.855125, 0.856572
0.856572, 0.858013, 0.861326, 0.866321, 0.872734, 0.880237, 0.888464, 0.897036, 0.905585, 0.913781, 0.921344, 0.928053, 0.933746, 0.938315, 0.941697, 0.943859, 0.94478
0.94478, 0.945694, 0.947782, 0.950897, 0.954836, 0.959352, 0.964177, 0.969049, 0.973733, 0.978038, 0.981827, 0.985019, 0.987587, 0.989544, 0.990925, 0.991776, 0.99213
0.99213, 0.992477, 0.99325, 0.994351, 0.995646, 0.996978, 0.998192, 0.999155, 0.999772, 0.999999, 0.999849, 0.999387, 0.99872, 0.997979, 0.997299, 0.996802, 0.996575
0.996575, 0.996339, 0.995764, 0.994803, 0.993397, 0.991488, 0.98904, 0.986051, 0.982574, 0.978713, 0.974631, 0.970535, 0.966661, 0.963255, 0.960544, 0.958721, 0.957921
0.957921, 0.957114, 0.955215, 0.952234, 0.948189, 0.943121, 0.937115, 0.930305, 0.922884, 0.915102, 0.907265, 0.899712, 0.892799, 0.886874, 0.88225, 0.879178, 0.877841
0.877841, 0.876497, 0.873357, 0.868485, 0.861974, 0.853968, 0.844664, 0.834327, 0.823282, 0.811917, 0.800663, 0.789979, 0.780326, 0.772139, 0.765801, 0.761615, 0.759798
0.759798, 0.757976, 0.75373, 0.747177, 0.738483, 0.727884, 0.715685, 0.702267, 0.688077, 0.673619, 0.659436, 0.646083, 0.634108, 0.624013, 0.616235, 0.611115, 0.608897
0.608897, 0.606675, 0.601507, 0.593557, 0.583056, 0.570321, 0.555755, 0.539837, 0.523116, 0.506191, 0.48969, 0.474247, 0.460466, 0.4489, 0.440019, 0.434186, 0.431663
0.431663, 0.429137, 0.423271, 0.414267, 0.402413, 0.388095, 0.371791, 0.354061, 0.335532, 0.316871, 0.298768, 0.281901, 0.266912, 0.254375, 0.244773, 0.238481, 0.235762
0.235762, 0.233041, 0.22673, 0.217063, 0.204368, 0.189085, 0.171748, 0.152974, 0.133437, 0.113848, 0.0949248, 0.0773644, 0.0618144, 0.0488483, 0.0389429, 0.0324624, 0.029665
0.029665, 0.0268674, 0.0203847, 0.0104709, -0.00251508, -0.018102, -0.0357215, -0.0547291, -0.0744284, -0.0940987, -0.113023, -0.130518, -0.145956, -0.158791, -0.168572, -0.17496, -0.177715
-0.177715, -0.180468, -0.186843, -0.196574, -0.20929, -0.224506, -0.241647, -0.260065, -0.279075, -0.297976, -0.316084, -0.332756, -0.347415, -0.359562, -0.368797, -0.374816, -0.377409
-0.377409, -0.38, -0.38599, -0.395117, -0.407013, -0.421201, -0.437122, -0.454155, -0.471653, -0.488967, -0.505475, -0.520604, -0.533849, -0.544785, -0.553072, -0.558463, -0.560783
-0.560783, -0.563098, -0.568444, -0.576574, -0.587135, -0.599681, -0.613693, -0.628604, -0.643833, -0.658812, -0.673006, -0.685938, -0.697197, -0.706447, -0.71343, -0.717959, -0.719904
-0.719904, -0.721844, -0.726316, -0.733096, -0.741866, -0.752228, -0.763724, -0.775868, -0.78817, -0.800166, -0.811432, -0.821607, -0.830393, -0.837558, -0.842934, -0.846405, -0.847892
-0.847892, -0.849373, -0.852778, -0.857914, -0.864514, -0.872243, -0.880727, -0.889579, -0.898423, -0.906916, -0.914768, -0.921746, -0.927678, -0.932449, -0.935985, -0.938248, -0.939213
-0.939213, -0.94017, -0.94236, -0.945631, -0.949775, -0.954537, -0.959643, -0.96482, -0.969821, -0.974445, -0.978543, -0.982022, -0.984845, -0.987014, -0.988559, -0.989516, -0.989916
-0.989916, -0.990309, -0.991189, -0.992453, -0.993962, -0.995551, -0.997057, -0.998335, -0.999279, -0.999834, -1, -0.99983, -0.999421, -0.998896, -0.998381, -0.997991, -0.99781
-0.99781, -0.99762, -0.997152, -0.996356, -0.995164, -0.993512, -0.991353, -0.988677, -0.985523, -0.981984, -0.978211, -0.974399, -0.970777, -0.967578, -0.965027, -0.963307, -0.962552
-0.962552, -0.961789, -0.959993, -0.95717, -0.953329, -0.948507, -0.942777, -0.936263, -0.929146, -0.921667, -0.914118, -0.90683, -0.90015, -0.894417, -0.889939, -0.886963, -0.885667
-0.885667, -0.884364, -0.881319, -0.87659, -0.870267, -0.862483, -0.85343, -0.843358, -0.832587, -0.821491, -0.810493, -0.800044, -0.790595, -0.782576, -0.776366, -0.772262, -0.770481
-0.770481, -0.768694, -0.76453, -0.758102, -0.749569, -0.73916, -0.727175, -0.713982, -0.700022, -0.685789, -0.671818, -0.658658, -0.64685, -0.636892, -0.629217, -0.624164, -0.621975
-0.621975, -0.619781, -0.614679, -0.606828, -0.596455, -0.583872, -0.569472, -0.553729, -0.537184, -0.52043, -0.504089, -0.488789, -0.475131, -0.463665, -0.454857, -0.449073, -0.44657
-0.44657, -0.444065, -0.438245, -0.429312, -0.417547, -0.403333, -0.387142, -0.36953, -0.351115, -0.332564, -0.314561, -0.297781, -0.282865, -0.270386, -0.260827, -0.254561, -0.251854
-0.251854, -0.249144, -0.242859, -0.233229, -0.220582, -0.205352, -0.18807, -0.169349, -0.149862, -0.130316, -0.111429, -0.0938959, -0.0783661, -0.0654136, -0.0555168, -0.0490411, -0.0462456
-0.0462456, -0.0434496, -0.0369703, -0.0270604, -0.0140771, 0.0015103, 0.0191353, 0.0381545, 0.0578723, 0.0775674, 0.0965223, 0.11405, 0.129522, 0.142387, 0.152194, 0.1586, 0.161363
0.161363, 0.164124, 0.170517, 0.180279, 0.193036, 0.208307, 0.225513, 0.244008, 0.263104, 0.282097, 0.300299, 0.317064, 0.331809, 0.344031, 0.353323, 0.359382, 0.361993
0.361993, 0.3646, 0.370631, 0.379821, 0.391802, 0.406095, 0.422139, 0.43931, 0.456957, 0.474426, 0.491089, 0.506366, 0.519746, 0.530796, 0.539173, 0.544623, 0.546968

0.584367, 0.582093, 0.576808, 0.568681, 0.557951, 0.544948, 0.530085, 0.513856, 0.496822, 0.479594, 0.462812, 0.447116, 0.433119, 0.421378, 0.412366, 0.40645, 0.403891
0.403891, 0.401329, 0.395381, 0.386255, 0.374244, 0.359744, 0.343243, 0.325311, 0.306581, 0.287733, 0.269459, 0.252444, 0.237331, 0.224696, 0.215024, 0.208686, 0.205948
0.205948, 0.203209, 0.196855, 0.187125, 0.174353, 0.158983, 0.141557, 0.122697, 0.103083, 0.0834282, 0.0644532, 0.0468546, 0.0312788, 0.0182967, 0.00838268, 0.00189817, -0.000900556
-0.000900556, -0.00369928, -0.0101837, -0.0200975, -0.033079, -0.0486537, -0.0662505, -0.0852229, -0.104874, -0.124484, -0.14334, -0.160761, -0.176126, -0.188894, -0.198621, -0.204972, -0.207711
-0.207711, -0.210447, -0.216782, -0.226451, -0.23908, -0.254186, -0.271193, -0.289457, -0.308295, -0.327013, -0.344934, -0.361424, -0.375914, -0.387915, -0.397035, -0.402978, -0.405538
-0.405538, -0.408095, -0.414006, -0.423011, -0.434742, -0.448726, -0.464408, -0.481174, -0.498384, -0.5154, -0.531612, -0.546457, -0.559445, -0.570161, -0.578279, -0.583557, -0.585827
-0.585827, -0.588093, -0.593326, -0.601277, -0.611603, -0.623861, -0.637539, -0.652081, -0.66692, -0.681498, -0.695299, -0.707858, -0.718782, -0.72775, -0.734514, -0.738899, -0.740782
-0.740782, -0.742659, -0.746986, -0.753541, -0.762015, -0.772016, -0.783098, -0.794789, -0.806614, -0.818124, -0.828917, -0.838647, -0.847035, -0.853866, -0.858985, -0.862287, -0.863701
-0.863701, -0.865108, -0.868343, -0.873217, -0.879472, -0.886784, -0.894792, -0.903125, -0.911425, -0.919369, -0.926688, -0.933168, -0.938657, -0.943056, -0.946308, -0.948384, -0.949268
-0.949268, -0.950145, -0.952147, -0.95513, -0.958896, -0.963202, -0.96779, -0.972405, -0.976821, -0.980856, -0.984383, -0.987333, -0.989686, -0.991463, -0.992707, -0.993468, -0.993783
-0.993783, -0.994091, -0.994774, -0.995737, -0.996851, -0.997966, -0.998935, -0.999632, -0.999973, -0.999924, -0.999508, -0.9988, -0.997915, -0.996993, -0.996175, -0.995588, -0.995321
-0.995321, -0.995047, -0.994382, -0.993283, -0.991697, -0.989572, -0.986879, -0.983629, -0.97988, -0.975749, -0.971408, -0.967072, -0.962988, -0.959407, -0.956563, -0.954653, -0.953816
-0.953816, -0.952971, -0.950986, -0.947873, -0.943655, -0.938382, -0.932145, -0.925088, -0.917411, -0.909377, -0.901298, -0.893523, -0.886416, -0.88033, -0.875583, -0.872432, -0.871061
-0.871061, -0.869683, -0.866464, -0.861472, -0.854805, -0.846612, -0.8371, -0.82654, -0.815268, -0.803678, -0.792211, -0.781332, -0.771509, -0.763182, -0.756738, -0.752483, -0.750637
-0.750637, -0.748785, -0.744471, -0.737815, -0.728987, -0.718229, -0.705853, -0.692248, -0.677868, -0.663224, -0.648864, -0.635352, -0.623238, -0.61303, -0.605167, -0.599992, -0.59775
-0.59775, -0.595504, -0.590282, -0.58225, -0.571644, -0.558785, -0.544081, -0.528019, -0.511153, -0.494087, -0.477456, -0.461895, -0.448014, -0.436367, -0.427425, -0.421553, -0.419014
-0.419014, -0.416471, -0.410567, -0.401506, -0.389579, -0.375176, -0.35878, -0.340955, -0.322332, -0.303583, -0.2854, -0.268464, -0.253416, -0.240833, -0.231198, -0.224884, -0.222156
-0.222156, -0.219427, -0.213095, -0.203398, -0.190666, -0.175342, -0.157963, -0.139147, -0.119572, -0.0999508, -0.0810018, -0.0634219, -0.0478583, -0.0348833, -0.0249728, -0.0184898, -0.0156915
-0.0156915, -0.012893, -0.00640872, 0.0035062, 0.0164916, 0.0320748, 0.0496859, 0.0686796, 0.0883592, 0.108004, 0.1269, 0.144363, 0.159769, 0.172575, 0.182332, 0.188704, 0.191452
0.191452, 0.194198, 0.200555, 0.210259, 0.222936, 0.238104, 0.255186, 0.273536, 0.292469, 0.311289, 0.329313, 0.345904, 0.360487, 0.372569, 0.381752, 0.387738, 0.390316
0.390316, 0.392891, 0.398846, 0.407918, 0.41974, 0.433837, 0.44965, 0.466563, 0.483931, 0.501111, 0.517485, 0.532487, 0.545616, 0.556452, 0.564663, 0.570003, 0.5723
0.5723, 0.574593, 0.579888, 0.587937, 0.598392, 0.610808, 0.624668, 0.639412, 0.654465, 0.669262, 0.683278, 0.696041, 0.707148, 0.71627, 0.723154, 0.727618, 0.729535
0.729535, 0.731446, 0.735852, 0.74253, 0.751165, 0.761363, 0.772672, 0.78461, 0.796696, 0.808471, 0.819522, 0.829495, 0.8381, 0.845113, 0.850372, 0.853766, 0.85522
0.85522, 0.856667, 0.859994, 0.865011, 0.871454, 0.878993, 0.887261, 0.895877, 0.904472, 0.912716, 0.920325, 0.927076, 0.932806, 0.937408, 0.940814, 0.942992, 0.94392
0.94392, 0.94484, 0.946944, 0.950084, 0.954056, 0.95861, 0.96348, 0.9684, 0.973134, 0.97749, 0.981327, 0.984565, 0.987173, 0.989163, 0.99057, 0.991438, 0.991799
0.991799, 0.992153, 0.992943, 0.99407, 0.995398, 0.996771, 0.998031, 0.999044, 0.999712, 0.999991, 0.999891, 0.999475, 0.998849, 0.998141, 0.997488, 0.997008, 0.996787
0.996787, 0.996559, 0.996001, 0.995066, 0.993694, 0.991825, 0.989422, 0.986483, 0.983057, 0.979247, 0.975213, 0.971162, 0.967328, 0.963954, 0.961268, 0.959461, 0.958668
0.958668, 0.957868, 0.955986, 0.95303, 0.949016, 0.943987, 0.938025, 0.931261, 0.923888, 0.916154, 0.908362, 0.90085, 0.893974, 0.888079, 0.883478, 0.880421, 0.879091
0.879091, 0.877753, 0.874628, 0.869778, 0.863297, 0.855326, 0.846061, 0.835766, 0.824764, 0.813441, 0.802227, 0.79158, 0.781959, 0.773799, 0.76748, 0.763307, 0.761496
0.761496, 0.759679, 0.755446, 0.748913, 0.740244, 0.729674, 0.717509, 0.704127, 0.689973, 0.67555, 0.6614, 0.648077, 0.636128, 0.626054, 0.618292, 0.613183, 0.61097
0.61097, 0.608752, 0.603594, 0.595659, 0.585179, 0.572468, 0.557927, 0.542037, 0.525343, 0.508444, 0.491969, 0.476548, 0.462786, 0.451236, 0.442366, 0.436541, 0.434021
0.434021, 0.431498, 0.425639, 0.416646, 0.404806, 0.390504, 0.374218, 0.356506, 0.337994, 0.31935, 0.301263, 0.28441, 0.269431, 0.256903, 0.247308, 0.24102, 0.238303
0.238303, 0.235584, 0.229277, 0.219615, 0.206928, 0.191653, 0.174324, 0.155558, 0.136028, 0.116446, 0.097528, 0.0799716, 0.0644246, 0.0514603, 0.0415561, 0.0350763, 0.0322791
0.0322791, 0.0294817, 0.0229994, 0.0130861, 0.00010027, -0.015487, -0.0331077, -0.0521175, -0.07182, -0.0914946, -0.110424, -0.127925, -0.143368, -0.156208, -0.165993, -0.172384, -0.175141
-0.175141, -0.177895, -0.184273, -0.194009, -0.206731, -0.221957, -0.239108, -0.257539, -0.276563, -0.295478, -0.313601, -0.330289, -0.344961, -0.357121, -0.366364, -0.37239, -0.374986
-0.374986, -0.377579, -0.383576, -0.392713, -0.404623, -0.418828, -0.434768, -0.451823, -0.469345, -0.486684, -0.503216, -0.518369, -0.531636, -0.54259, -0.550891, -0.556292, -0.558615
-0.558615, -0.560934, -0.566291, -0.574435, -0.585016, -0.597586, -0.611626, -0.626567, -0.64183, -0.656842, -0.671069, -0.684032, -0.695319, -0.704594, -0.711595, -0.716136, -0.718086
-0.718086, -0.720031, -0.724516, -0.731314, -0.740109, -0.750502, -0.762033, -0.774215, -0.786558, -0.798594, -0.809901, -0.820114, -0.828933, -0.836127, -0.841524, -0.84501, -0.846503
-0.846503, -0.84799, -0.851409, -0.856567, -0.863196, -0.870961, -0.879486, -0.888382, -0.897271, -0.905811, -0.913708, -0.920728, -0.926699, -0.931501, -0.935061, -0.93734, -0.938312
-0.938312, -0.939276, -0.941481, -0.944777, -0.948953, -0.953754, -0.958904, -0.964129, -0.96918, -0.973854, -0.978, -0.981525, -0.984388, -0.986591, -0.988161, -0.989135, -0.989542
-0.989542, -0.989942, -0.990839, -0.992129, -0.993671, -0.995302, -0.996853, -0.998181, -0.999177, -0.999783, -0.999998, -0.999875, -0.999507, -0.999015, -0.998526, -0.998153, -0.997979
-0.997979, -0.997797, -0.997346, -0.996575, -0.995418, -0.993806, -0.991693, -0.989066, -0.985963, -0.982475, -0.97875, -0.974984, -0.971401, -0.968236, -0.965709, -0.964005, -0.963257
-0.963257, -0.962502, -0.960722, -0.957924, -0.954116, -0.949332, -0.943646, -0.937178, -0.930109, -0.922678, -0.915175, -0.907929, -0.901286, -0.895584, -0.891129, -0.888168, -0.886878
-0.886878, -0.885582, -0.882551, -0.877846, -0.871552, -0.863804, -0.85479, -0.844761, -0.834033, -0.82298, -0.812023, -0.80161, -0.792194, -0.784202, -0.778011, -0.773921, -0.772146
-0.772146, -0.770364, -0.766213, -0.759805, -0.751298, -0.740919, -0.728967, -0.715811, -0.701888, -0.687691, -0.673753, -0.660624, -0.648842, -0.638906, -0.631248, -0.626205, -0.624021
-0.624021, -0.621831, -0.61674, -0.608905, -0.598552, -0.585993, -0.57162, -0.555905, -0.539388, -0.522662, -0.506346, -0.491069, -0.477431, -0.46598, -0.457185, -0.451408, -0.448909
-0.448909, -0.446406, -0.440594, -0.431672, -0.419922, -0.405725, -0.389552, -0.371959, -0.353563, -0.33503, -0.317042, -0.300277, -0.285373, -0.272903, -0.263351, -0.25709, -0.254384
-0.254384, -0.251676, -0.245395, -0.235772, -0.223132, -0.207911, -0.190638, -0.171926, -0.152447, -0.132909, -0.114027, -0.0964994, -0.0809731, -0.0680231, -0.058128, -0.0516531, -0.0488579

0.949524, 0.948642, 0.946571, 0.943327, 0.938938, 0.93346, 0.926994, 0.919689, 0.91176, 0.903474, 0.895156, 0.88716, 0.879859, 0.873614, 0.868746, 0.865516, 0.864111
0.864111, 0.862699, 0.859402, 0.85429, 0.847468, 0.83909, 0.829372, 0.818592, 0.807095, 0.795283, 0.783604, 0.772533, 0.762542, 0.754076, 0.747527, 0.743204, 0.741329
0.741329, 0.739448, 0.735067, 0.728308, 0.719348, 0.708433, 0.695884, 0.682094, 0.667526, 0.652698, 0.638166, 0.624497, 0.612247, 0.601928, 0.593981, 0.588752, 0.586487
0.586487, 0.584218, 0.578943, 0.57083, 0.56012, 0.547139, 0.532301, 0.516098, 0.49909, 0.481887, 0.465129, 0.449454, 0.435475, 0.423749, 0.414747, 0.408838, 0.406282
0.406282, 0.403723, 0.397782, 0.388666, 0.376668, 0.362183, 0.345698, 0.327783, 0.30907, 0.290236, 0.271977, 0.254974, 0.239871, 0.227244, 0.217577, 0.211243, 0.208507
0.208507, 0.205769, 0.199419, 0.189693, 0.176927, 0.161564, 0.144146, 0.125292, 0.105684, 0.0860341, 0.0670629, 0.049467, 0.0338928, 0.0209116, 0.0109979, 0.00451351, 0.00171479
0.00171479, -0.00108394, -0.00756847, -0.0174826, -0.030465, -0.0460413, -0.0636407, -0.0826168, -0.102273, -0.121889, -0.140751, -0.158179, -0.173551, -0.186325, -0.196057, -0.202412, -0.205152
-0.205152, -0.20789, -0.214228, -0.223903, -0.23654, -0.251656, -0.268675, -0.286953, -0.305806, -0.324541, -0.342478, -0.358984, -0.373489, -0.385504, -0.394633, -0.400583, -0.403146
-0.403146, -0.405706, -0.411624, -0.42064, -0.432385, -0.446388, -0.46209, -0.478879, -0.496115, -0.513157, -0.529395, -0.544265, -0.557275, -0.568011, -0.576143, -0.581431, -0.583706
-0.583706, -0.585976, -0.591218, -0.599186, -0.609532, -0.621815, -0.635521, -0.650096, -0.664969, -0.679582, -0.693417, -0.706009, -0.716962, -0.725954, -0.732737, -0.737134, -0.739023
-0.739023, -0.740905, -0.745245, -0.751819, -0.760318, -0.770351, -0.781469, -0.793199, -0.805065, -0.816617, -0.827451, -0.83722, -0.845642, -0.852502, -0.857643, -0.86096, -0.86238
-0.86238, -0.863793, -0.867042, -0.87194, -0.878224, -0.885572, -0.893621, -0.901999, -0.910346, -0.918337, -0.925702, -0.932225, -0.937752, -0.942183, -0.945459, -0.947552, -0.948443
-0.948443, -0.949326, -0.951344, -0.954352, -0.95815, -0.962496, -0.967128, -0.971791, -0.976257, -0.980343, -0.983919, -0.986915, -0.989308, -0.991119, -0.992388, -0.993166, -0.993489
-0.993489, -0.993804, -0.994504, -0.995493, -0.99664, -0.997796, -0.998811, -0.999557, -0.99995, -0.999953, -0.999587, -0.998924, -0.99808, -0.997192, -0.996401, -0.99583, -0.995571
-0.995571, -0.995304, -0.994655, -0.993582, -0.99203, -0.989945, -0.987298, -0.984097, -0.980399, -0.976318, -0.972025, -0.967735, -0.96369, -0.960141, -0.957322, -0.955428, -0.954598
-0.954598, -0.953761, -0.951791, -0.948703, -0.944518, -0.939283, -0.933089, -0.926078, -0.918449, -0.910462, -0.902428, -0.894694, -0.887623, -0.881567, -0.876844, -0.873708, -0.872343
-0.872343, -0.870971, -0.867767, -0.862797, -0.856159, -0.848001, -0.838528, -0.828009, -0.81678, -0.805232, -0.793804, -0.782962, -0.773171, -0.76487, -0.758445, -0.754203, -0.752362
-0.752362, -0.750516, -0.746215, -0.739578, -0.730775, -0.720046, -0.707703, -0.694133, -0.679788, -0.665179, -0.650852, -0.63737, -0.625281, -0.615094, -0.607247, -0.602082, -0.599845
-0.599845, -0.597603, -0.592392, -0.584375, -0.573788, -0.560952, -0.546274, -0.530238, -0.513399, -0.496359, -0.479753, -0.464214, -0.450351, -0.438719, -0.429788, -0.423923, -0.421387
-0.421387, -0.418847, -0.41295, -0.4039, -0.391986, -0.377599, -0.36122, -0.343413, -0.324807, -0.306074, -0.287906, -0.270982, -0.255945, -0.24337, -0.233742, -0.227432, -0.224705
-0.224705, -0.221977, -0.21565, -0.205958, -0.193233, -0.177916, -0.160545, -0.141736, -0.122168, -0.102553, -0.0836082, -0.0660317, -0.0504705, -0.037497, -0.0275873, -0.0211046, -0.0183064
-0.0183064, -0.0155081, -0.00902399, 0.00089086, 0.0138766, 0.0294606, 0.0470736, 0.0660702, 0.0857538, 0.105404, 0.124305, 0.141774, 0.157187, 0.169998, 0.17976, 0.186135, 0.188884
0.188884, 0.191632, 0.197992, 0.207701, 0.220386, 0.235563, 0.252656, 0.271019, 0.289967, 0.308802, 0.326843, 0.343449, 0.358046, 0.370141, 0.379334, 0.385325, 0.387907
0.387907, 0.390485, 0.396446, 0.405529, 0.417365, 0.431479, 0.447312, 0.464248, 0.481641, 0.498846, 0.515245, 0.530271, 0.543422, 0.554277, 0.562502, 0.567852, 0.570153
0.570153, 0.57245, 0.577755, 0.585819, 0.596294, 0.608735, 0.622624, 0.637399, 0.652485, 0.667317, 0.681366, 0.694161, 0.705297, 0.714443, 0.721345, 0.725821, 0.727743
0.727743, 0.72966, 0.734079, 0.740776, 0.749436, 0.759665, 0.771009, 0.782986, 0.795112, 0.806929, 0.81802, 0.828031, 0.83667, 0.843712, 0.848993, 0.852401, 0.853861
0.853861, 0.855315, 0.858656, 0.863696, 0.870168, 0.877743, 0.886052, 0.894712, 0.903354, 0.911644, 0.919298, 0.926092, 0.931861, 0.936494, 0.939925, 0.942118, 0.943053
0.943053, 0.94398, 0.946101, 0.949265, 0.953269, 0.957862, 0.962776, 0.967744, 0.972529, 0.976935, 0.98082, 0.984104, 0.986752, 0.988776, 0.990208, 0.991093, 0.991462
0.991462, 0.991823, 0.99263, 0.993782, 0.995144, 0.996558, 0.997864, 0.998926, 0.999646, 0.999976, 0.999926, 0.999556, 0.998971, 0.998297, 0.99767, 0.997206, 0.996994
0.996994, 0.996773, 0.996231, 0.995322, 0.993984, 0.992156, 0.989798, 0.986908, 0.983533, 0.979773, 0.975789, 0.971782, 0.967987, 0.964646, 0.961986, 0.960195, 0.959409
0.959409, 0.958616, 0.95675, 0.953819, 0.949837, 0.944847, 0.938928, 0.932211, 0.924885, 0.917199, 0.909452, 0.901982, 0.895143, 0.889278, 0.8847, 0.881659, 0.880334
0.880334, 0.879003, 0.875893, 0.871066, 0.864614, 0.856678, 0.847453, 0.837199, 0.82624, 0.814959, 0.803786, 0.793176, 0.783587, 0.775453, 0.769154, 0.764994, 0.763189
0.763189, 0.761377, 0.757157, 0.750643, 0.742, 0.73146, 0.719328, 0.705981, 0.691863, 0.677476, 0.663359, 0.650067, 0.638144, 0.628092, 0.620346, 0.615247, 0.613038
0.613038, 0.610824, 0.605677, 0.597758, 0.587297, 0.57461, 0.560096, 0.544233, 0.527567, 0.510695, 0.494244, 0.478845, 0.465103, 0.453568, 0.44471, 0.438892, 0.436376
0.436376, 0.433856, 0.428004, 0.419022, 0.407196, 0.39291, 0.376642, 0.358948, 0.340454, 0.321828, 0.303755, 0.286916, 0.271949, 0.25943, 0.249842, 0.243558, 0.240842
0.240842, 0.238125, 0.231822, 0.222166, 0.209486, 0.194219, 0.176899, 0.158141, 0.138619, 0.119043, 0.100131, 0.0825783, 0.0670343, 0.054072, 0.0441691, 0.0376899, 0.034893
0.034893, 0.0320959, 0.025614, 0.0157011, 0.00271562, -0.0128719, -0.0304937, -0.0495055, -0.0692112, -0.0888899, -0.107825, -0.12533, -0.14078, -0.153624, -0.163414, -0.169808, -0.172565
-0.172565, -0.175321, -0.181702, -0.191442, -0.204172, -0.219406, -0.236568, -0.255011, -0.274048, -0.292979, -0.311117, -0.327819, -0.342505, -0.354677, -0.363929, -0.369962, -0.37256
-0.37256, -0.375156, -0.381159, -0.390307, -0.40223, -0.416452, -0.432411, -0.449488, -0.467034, -0.484397, -0.500955, -0.516131, -0.529419, -0.540391, -0.548707, -0.554116, -0.556444
-0.556444, -0.558767, -0.564133, -0.572292, -0.582893, -0.595487, -0.609554, -0.624527, -0.639822, -0.654868, -0.669128, -0.682122, -0.693437, -0.702735, -0.709755, -0.714308, -0.716264
-0.716264, -0.718214, -0.722711, -0.729528, -0.738348, -0.748771, -0.760337, -0.772557, -0.78494, -0.797018, -0.808364, -0.818614, -0.827467, -0.834689, -0.840109, -0.843608, -0.845108
-0.845108, -0.846601, -0.850034, -0.855215, -0.861873, -0.869673, -0.878238, -0.887178, -0.896113, -0.9047, -0.912642, -0.919705, -0.925713, -0.930546, -0.934131, -0.936426, -0.937404
-0.937404, -0.938375, -0.940597, -0.943917, -0.948125, -0.952965, -0.958159, -0.963431, -0.968533, -0.973257, -0.977452, -0.981021, -0.983925, -0.986161, -0.987756, -0.988747, -0.989162
-0.989162, -0.989569, -0.990482, -0.991798, -0.993374, -0.995045, -0.996643, -0.99802, -0.999067, -0.999725, -0.99999, -0.999913, -0.999586, -0.999128, -0.998665, -0.998309, -0.998142
-0.998142, -0.997967, -0.997533, -0.996788, -0.995664, -0.994093, -0.992026, -0.989449, -0.986396, -0.982959, -0.979283, -0.975562, -0.972019, -0.968886, -0.966385, -0.964697, -0.963956
-0.963956, -0.963208, -0.961445, -0.958671, -0.954896, -0.950151, -0.944508, -0.938087, -0.931067, -0.923683, -0.916226, -0.909022, -0.902416, -0.896745, -0.892313, -0.889367, -0.888084
-0.888084, -0.886794, -0.883778, -0.879095, -0.872832, -0.865119, -0.856144, -0.846158, -0.835473, -0.824463, -0.813546, -0.803171, -0.793787, -0.785822, -0.779652, -0.775575, -0.773805
-0.773805, -0.772029, -0.767891, -0.761502, -0.753021, -0.742673, -0.730755, -0.717635, -0.703748, -0.689587, -0.675683, -0.662585, -0.65083, -0.640916, -0.633274, -0.628242, -0.626062

0.95278, 0.953626, 0.955558, 0.958434, 0.962058, 0.966194, 0.970588, 0.974993, 0.97919, 0.983005, 0.98632, 0.989072, 0.99125, 0.99288, 0.994013, 0.9947, 0.994984
0.994984, 0.99526, 0.99587, 0.996721, 0.997688, 0.998626, 0.999394, 0.999876, 0.999992, 0.999719, 0.999087, 0.998179, 0.997117, 0.996048, 0.995118, 0.994457, 0.994159
0.994159, 0.993853, 0.993115, 0.991904, 0.990172, 0.987871, 0.984981, 0.981518, 0.977549, 0.973199, 0.968648, 0.964118, 0.959863, 0.95614, 0.953189, 0.951208, 0.950341
0.950341, 0.949466, 0.947411, 0.944192, 0.939835, 0.934395, 0.927971, 0.920713, 0.912831, 0.904592, 0.896318, 0.888364, 0.881099, 0.874883, 0.870038, 0.866823, 0.865424
0.865424, 0.864019, 0.860736, 0.855646, 0.848853, 0.84051, 0.83083, 0.820092, 0.808636, 0.796866, 0.785227, 0.774191, 0.764231, 0.755791, 0.749262, 0.744952, 0.743082
0.743082, 0.741206, 0.736837, 0.730098, 0.721163, 0.710277, 0.69776, 0.684004, 0.669471, 0.654678, 0.640177, 0.626537, 0.614313, 0.604014, 0.596083, 0.590864, 0.588603
0.588603, 0.586339, 0.581073, 0.572976, 0.562284, 0.549326, 0.534513, 0.518336, 0.501354, 0.484177, 0.467442, 0.451789, 0.437828, 0.426116, 0.417125, 0.411223, 0.40867
0.40867, 0.406114, 0.40018, 0.391074, 0.37909, 0.36462, 0.348151, 0.330252, 0.311556, 0.292738, 0.274493, 0.257502, 0.242409, 0.22979, 0.220129, 0.213799, 0.211064
0.211064, 0.208328, 0.201981, 0.192261, 0.179501, 0.164145, 0.146733, 0.127886, 0.108284, 0.0886395, 0.0696721, 0.0520789, 0.0365065, 0.0235263, 0.0136131, 0.00712881, 0.00433013
0.00433013, 0.00153141, -0.00495317, -0.0148676, -0.0278507, -0.0434285, -0.0610304, -0.0800101, -0.0996708, -0.119293, -0.138161, -0.155596, -0.170975, -0.183755, -0.193492, -0.19985, -0.202591
-0.202591, -0.205331, -0.211673, -0.221353, -0.233998, -0.249124, -0.266155, -0.284446, -0.303315, -0.322066, -0.34002, -0.356542, -0.371062, -0.383089, -0.392229, -0.398185, -0.400751
-0.400751, -0.403314, -0.409239, -0.418265, -0.430025, -0.444046, -0.459769, -0.476582, -0.493843, -0.510911, -0.527174, -0.542069, -0.555102, -0.565856, -0.574003, -0.579301, -0.58158
-0.58158, -0.583855, -0.589107, -0.59709, -0.607456, -0.619764, -0.6335, -0.648107, -0.663013, -0.677661, -0.69153, -0.704154, -0.715136, -0.724153, -0.730955, -0.735365, -0.737258
-0.737258, -0.739146, -0.743498, -0.750092, -0.758617, -0.76868, -0.779835, -0.791604, -0.803511, -0.815105, -0.82598, -0.835787, -0.844243, -0.851132, -0.856295, -0.859626, -0.861053
-0.861053, -0.862473, -0.865736, -0.870656, -0.87697, -0.884354, -0.892445, -0.900867, -0.90926, -0.917299, -0.924709, -0.931275, -0.936841, -0.941304, -0.944604, -0.946713, -0.94761
-0.94761, -0.948501, -0.950535, -0.953568, -0.957398, -0.961783, -0.96646, -0.971171, -0.975688, -0.979824, -0.983449, -0.98649, -0.988923, -0.990767, -0.992063, -0.992857, -0.993187
-0.993187, -0.99351, -0.994226, -0.995241, -0.996423, -0.997619, -0.99868, -0.999476, -0.99992, -0.999975, -0.999658, -0.999042, -0.998239, -0.997384, -0.996619, -0.996065, -0.995813
-0.995813, -0.995553, -0.994922, -0.993875, -0.992356, -0.990312, -0.98771, -0.984558, -0.98091, -0.976881, -0.972636, -0.96839, -0.964385, -0.960869, -0.958075, -0.956197, -0.955374
-0.955374, -0.954543, -0.95259, -0.949527, -0.945373, -0.940177, -0.934027, -0.927061, -0.91948, -0.911541, -0.903552, -0.89586, -0.888825, -0.882799, -0.878098, -0.874977, -0.873618
-0.873618, -0.872253, -0.869064, -0.864116, -0.857507, -0.849384, -0.83995, -0.829473, -0.818286, -0.80678, -0.795392, -0.784586, -0.774827, -0.766552, -0.760147, -0.755918, -0.754083
-0.754083, -0.752241, -0.747953, -0.741335, -0.732558, -0.721858, -0.709549, -0.696013, -0.681704, -0.667129, -0.652835, -0.639383, -0.62732, -0.617154, -0.609323, -0.604168, -0.601936
-0.601936, -0.599698, -0.594497, -0.586495, -0.575928, -0.563115, -0.548462, -0.532454, -0.515641, -0.498628, -0.482046, -0.466528, -0.452685, -0.441067, -0.432148, -0.426291, -0.423757
-0.423757, -0.421221, -0.415331, -0.406291, -0.394391, -0.380019, -0.363657, -0.345868, -0.327279, -0.308563, -0.290409, -0.273499, -0.258472, -0.245906, -0.236284, -0.229978, -0.227253
-0.227253, -0.224527, -0.218203, -0.208516, -0.195799, -0.180489, -0.163125, -0.144325, -0.124763, -0.105154, -0.0862141, -0.0686411, -0.0530823, -0.0401103, -0.0302015, -0.0237193, -0.0209213
-0.0209213, -0.0181231, -0.0116392, -0.00172449, 0.0112614, 0.0268463, 0.044461, 0.0634604, 0.0831478, 0.102803, 0.12171, 0.139185, 0.154603, 0.16742, 0.177187, 0.183565, 0.186315
0.186315, 0.189064, 0.195428, 0.205142, 0.217834, 0.233021, 0.250125, 0.268501, 0.287463, 0.306314, 0.32437, 0.340992, 0.355603, 0.36771, 0.376912, 0.382911, 0.385495
0.385495, 0.388076, 0.394044, 0.403137, 0.414987, 0.429118, 0.444971, 0.46193, 0.479347, 0.496578, 0.513002, 0.528052, 0.541225, 0.552098, 0.560338, 0.565697, 0.568003
0.568003, 0.570304, 0.575619, 0.583698, 0.594193, 0.606658, 0.620575, 0.635382, 0.650501, 0.665367, 0.679449, 0.692276, 0.70344, 0.712611, 0.719531, 0.724019, 0.725947
0.725947, 0.727869, 0.7323, 0.739016, 0.747702, 0.757962, 0.769341, 0.781356, 0.793523, 0.805381, 0.816513, 0.826562, 0.835235, 0.842305, 0.847608, 0.851031, 0.852497
0.852497, 0.853957, 0.857313, 0.862375, 0.868877, 0.876487, 0.884836, 0.89354, 0.902229, 0.910566, 0.918266, 0.925102, 0.930909, 0.935573, 0.939029, 0.941238, 0.94218
0.94218, 0.943114, 0.94525, 0.948439, 0.952475, 0.957108, 0.962066, 0.967082, 0.971917, 0.976373, 0.980307, 0.983636, 0.986325, 0.988382, 0.98984, 0.990741, 0.991117
0.991117, 0.991486, 0.992309, 0.993488, 0.994884, 0.996337, 0.99769, 0.998802, 0.999573, 0.999955, 0.999954, 0.999631, 0.999086, 0.998446, 0.997845, 0.997398, 0.997193
0.997193, 0.996979, 0.996455, 0.995572, 0.994267, 0.992479, 0.990168, 0.987327, 0.984002, 0.980293, 0.976357, 0.972396, 0.968641, 0.965332, 0.962697, 0.960922, 0.960144
0.960144, 0.959358, 0.957507, 0.954601, 0.950652, 0.945701, 0.939825, 0.933154, 0.925876, 0.918238, 0.910537, 0.903109, 0.896306, 0.890472, 0.885916, 0.88289, 0.881572
0.881572, 0.880247, 0.877152, 0.872348, 0.865925, 0.858024, 0.848838, 0.838626, 0.827711, 0.816472, 0.805339, 0.794766, 0.785209, 0.777101, 0.770823, 0.766676, 0.764876
0.764876, 0.76307, 0.758863, 0.752369, 0.743751, 0.733241, 0.721143, 0.707831, 0.693749, 0.679398, 0.665314, 0.652052, 0.640155, 0.630125, 0.622395, 0.617306, 0.615102
0.615102, 0.612893, 0.607756, 0.599853, 0.589412, 0.576749, 0.562261, 0.546425, 0.529786, 0.512942, 0.496516, 0.48114, 0.467417, 0.455898, 0.447051, 0.441241, 0.438727
0.438727, 0.436211, 0.430367, 0.421396, 0.409584, 0.395314, 0.379063, 0.361388, 0.342912, 0.324303, 0.306246, 0.28942, 0.274465, 0.261955, 0.252373, 0.246093, 0.24338
0.24338, 0.240664, 0.234365, 0.224715, 0.212042, 0.196784, 0.179473, 0.160723, 0.141209, 0.121639, 0.102732, 0.0851844, 0.0696435, 0.0566834, 0.0467817, 0.0403033, 0.0375067
0.0375067, 0.0347097, 0.0282284, 0.0183161, 0.00533094, -0.0102567, -0.0278794, -0.0468932, -0.0666019, -0.0862846, -0.105224, -0.122735, -0.13819, -0.151039, -0.160833, -0.16723, -0.169988
-0.169988, -0.172746, -0.179129, -0.188875, -0.201611, -0.216854, -0.234026, -0.252481, -0.271532, -0.290477, -0.30863, -0.325347, -0.340047, -0.35223, -0.361492, -0.367531, -0.370132
-0.370132, -0.372731, -0.37874, -0.387898, -0.399834, -0.414072, -0.430051, -0.44715, -0.46472, -0.482108, -0.498689, -0.513889, -0.527198, -0.538188, -0.546518, -0.551937, -0.554269
-0.554269, -0.556596, -0.561972, -0.570145, -0.580766, -0.593384, -0.607479, -0.622482, -0.63781, -0.652889, -0.667182, -0.680207, -0.691551, -0.700872, -0.70791, -0.712475, -0.714436
-0.714436, -0.716392, -0.720901, -0.727737, -0.736582, -0.747035, -0.758636, -0.770894, -0.783317, -0.795435, -0.806822, -0.817109, -0.825996, -0.833246, -0.838687, -0.842201, -0.843707
-0.843707, -0.845206, -0.848654, -0.853856, -0.860543, -0.868379, -0.876984, -0.885968, -0.894949, -0.903582, -0.91157, -0.918675, -0.92472, -0.929585, -0.933194, -0.935505, -0.93649
-0.93649, -0.937468, -0.939705, -0.94305, -0.94729, -0.952169, -0.957407, -0.962727, -0.967879, -0.972653, -0.976896, -0.980511, -0.983454, -0.985724, -0.987345, -0.988352, -0.988774
-0.988774, -0.989189, -0.990119, -0.99146, -0.99307, -0.994782, -0.996425, -0.997852, -0.998951, -0.99966, -0.999975, -0.999944, -0.999658, -0.999233, -0.998796, -0.998457, -0.998298
-0.998298, -0.998131, -0.997713, -0.996994, -0.995904, -0.994374, -0.992352, -0.989824, -0.986822, -0.983436, -0.97981, -0.976133, -0.97263, -0.96953, -0.967054, -0.965383, -0.964649

0.592893, 0.595145, 0.600343, 0.608243, 0.618499, 0.630673, 0.644253, 0.658687, 0.673411, 0.687873, 0.701558, 0.714009, 0.724836, 0.733721, 0.740421, 0.744764, 0.746629
0.746629, 0.748488, 0.752773, 0.759262, 0.767649, 0.777545, 0.788508, 0.800067, 0.811753, 0.823123, 0.833778, 0.843379, 0.851652, 0.858386, 0.86343, 0.866683, 0.868076
0.868076, 0.869462, 0.872647, 0.877446, 0.883601, 0.890792, 0.898663, 0.906846, 0.914989, 0.922775, 0.92994, 0.936276, 0.941638, 0.94593, 0.949099, 0.951122, 0.951982
0.951982, 0.952835, 0.954783, 0.957684, 0.961341, 0.965516, 0.969955, 0.974408, 0.978655, 0.982521, 0.985885, 0.988683, 0.990901, 0.992566, 0.993723, 0.994428, 0.994719
0.994719, 0.995002, 0.995629, 0.996506, 0.997507, 0.998485, 0.9993, 0.999831, 0.999999, 0.999778, 0.999195, 0.998333, 0.997312, 0.996277, 0.995373, 0.994729, 0.994438
0.994438, 0.99414, 0.993418, 0.992233, 0.990534, 0.988274, 0.985429, 0.982015, 0.978097, 0.973797, 0.969294, 0.964809, 0.960594, 0.956903, 0.953977, 0.952012, 0.951152
0.951152, 0.950284, 0.948245, 0.94505, 0.940725, 0.935324, 0.928943, 0.921731, 0.913896, 0.905704, 0.897475, 0.889562, 0.882333, 0.876147, 0.871325, 0.868124, 0.866732
0.866732, 0.865333, 0.862064, 0.856997, 0.850233, 0.841924, 0.832283, 0.821585, 0.810172, 0.798443, 0.786843, 0.775844, 0.765915, 0.757501, 0.750991, 0.746694, 0.744829
0.744829, 0.742959, 0.738603, 0.731883, 0.722972, 0.712115, 0.699631, 0.68591, 0.671412, 0.656652, 0.642184, 0.628574, 0.616374, 0.606097, 0.598181, 0.592972, 0.590716
0.590716, 0.588455, 0.5832, 0.575117, 0.564445, 0.55151, 0.536722, 0.520571, 0.503616, 0.486464, 0.469753, 0.45412, 0.440178, 0.428481, 0.419501, 0.413606, 0.411056
0.411056, 0.408503, 0.402576, 0.39348, 0.381509, 0.367054, 0.350602, 0.33272, 0.31404, 0.295238, 0.277007, 0.260028, 0.244945, 0.232334, 0.22268, 0.216353, 0.21362
0.21362, 0.210885, 0.204542, 0.194826, 0.182073, 0.166724, 0.14932, 0.13048, 0.110884, 0.0912442, 0.0722809, 0.0546905, 0.03912, 0.0261408, 0.0162281, 0.00974407, 0.00694544
0.00694544, 0.00414675, -0.00233784, -0.0122525, -0.0252363, -0.0408155, -0.0584197, -0.0774028, -0.0970681, -0.116696, -0.135571, -0.153012, -0.168397, -0.181183, -0.190925, -0.197286, -0.200029
-0.200029, -0.202771, -0.209116, -0.218802, -0.231454, -0.24659, -0.263633, -0.281938, -0.300822, -0.319589, -0.337559, -0.354097, -0.368632, -0.380672, -0.389822, -0.395785, -0.398354
-0.398354, -0.400919, -0.406851, -0.415888, -0.427663, -0.441701, -0.457445, -0.474281, -0.491567, -0.508661, -0.52495, -0.53987, -0.552925, -0.563698, -0.57186, -0.577167, -0.579451
-0.579451, -0.581729, -0.586992, -0.59499, -0.605377, -0.61771, -0.631474, -0.646113, -0.661053, -0.675735, -0.689638, -0.702294, -0.713306, -0.722347, -0.729167, -0.73359, -0.735489
-0.735489, -0.737382, -0.741747, -0.74836, -0.75691, -0.767005, -0.778195, -0.790003, -0.801951, -0.813587, -0.824503, -0.834348, -0.842839, -0.849756, -0.854941, -0.858287, -0.85972
-0.85972, -0.861146, -0.864424, -0.869367, -0.875711, -0.88313, -0.891262, -0.899728, -0.908169, -0.916255, -0.923711, -0.930319, -0.935923, -0.940418, -0.943743, -0.945867, -0.946772
-0.946772, -0.947669, -0.949719, -0.952777, -0.95664, -0.961064, -0.965785, -0.970544, -0.975111, -0.979298, -0.982972, -0.986058, -0.988532, -0.990409, -0.991731, -0.992542, -0.992879
-0.992879, -0.993209, -0.993942, -0.994983, -0.996198, -0.997435, -0.998542, -0.999388, -0.999884, -0.99999, -0.999723, -0.999153, -0.998391, -0.99757, -0.99683, -0.996293, -0.996049
-0.996049, -0.995796, -0.995181, -0.99416, -0.992675, -0.990671, -0.988116, -0.985012, -0.981416, -0.977437, -0.973241, -0.96904, -0.965073, -0.96159, -0.958821, -0.956959, -0.956143
-0.956143, -0.95532, -0.953383, -0.950344, -0.946223, -0.941065, -0.934958, -0.928039, -0.920505, -0.912613, -0.904669, -0.897019, -0.89002, -0.884025, -0.879347, -0.87624, -0.874888
-0.874888, -0.873529, -0.870354, -0.865429, -0.85885, -0.850761, -0.841366, -0.830931, -0.819787, -0.808323, -0.796975, -0.786205, -0.776477, -0.768229, -0.761844, -0.757627, -0.755798
-0.755798, -0.753962, -0.749686, -0.743088, -0.734335, -0.723666, -0.711389, -0.697889, -0.683615, -0.669075, -0.654814, -0.641391, -0.629355, -0.61921, -0.611394, -0.60625, -0.604022
-0.604022, -0.601789, -0.596598, -0.588611, -0.578064, -0.565274, -0.550647, -0.534666, -0.517881, -0.500893, -0.484335, -0.46884, -0.455015, -0.443413, -0.434505, -0.428655, -0.426125
-0.426125, -0.423591, -0.417708, -0.408679, -0.396793, -0.382437, -0.366092, -0.348321, -0.329749, -0.31105, -0.292911, -0.276013, -0.260998, -0.24844, -0.238824, -0.232522, -0.229799
-0.229799, -0.227075, -0.220755, -0.211074, -0.198363, -0.183061, -0.165705, -0.146912, -0.127358, -0.107754, -0.0888194, -0.0712501, -0.0556938, -0.0427234, -0.0328156, -0.0263338, -0.023536
-0.023536, -0.0207379, -0.0142543, -0.00433983, 0.00864623, 0.0242318, 0.0418481, 0.0608501, 0.0805412, 0.100201, 0.119113, 0.136594, 0.152019, 0.164841, 0.174612, 0.180993, 0.183745
0.183745, 0.186496, 0.192862, 0.202582, 0.215281, 0.230477, 0.247592, 0.265981, 0.284957, 0.303823, 0.321895, 0.338532, 0.353158, 0.365277, 0.374489, 0.380493, 0.38308
0.38308, 0.385664, 0.391639, 0.400742, 0.412606, 0.426754, 0.442628, 0.459609, 0.47705, 0.494306, 0.510756, 0.525829, 0.539024, 0.549916, 0.55817, 0.563539, 0.565848
0.565848, 0.568154, 0.573478, 0.581572, 0.592087, 0.604577, 0.618522, 0.63336, 0.648512, 0.663412, 0.677528, 0.690386, 0.701579, 0.710773, 0.717713, 0.722213, 0.724146
0.724146, 0.726073, 0.730517, 0.737252, 0.745963, 0.756253, 0.767668, 0.779722, 0.791929, 0.803828, 0.815, 0.825087, 0.833794, 0.840892, 0.846217, 0.849655, 0.851127
0.851127, 0.852593, 0.855964, 0.861048, 0.867579, 0.875225, 0.883615, 0.892363, 0.901098, 0.909482, 0.917227, 0.924106, 0.92995, 0.934646, 0.938126, 0.940352, 0.9413
0.9413, 0.942241, 0.944393, 0.947607, 0.951675, 0.956347, 0.961349, 0.966413, 0.971298, 0.975804, 0.979788, 0.983161, 0.98589, 0.987981, 0.989465, 0.990383, 0.990766
0.990766, 0.991142, 0.991982, 0.993186, 0.994616, 0.99611, 0.997509, 0.99867, 0.999493, 0.999927, 0.999976, 0.999698, 0.999194, 0.998589, 0.998013, 0.997584, 0.997385
0.997385, 0.997179, 0.996671, 0.995814, 0.994543, 0.992796, 0.99053, 0.987739, 0.984464, 0.980807, 0.976919, 0.973003, 0.969287, 0.966012, 0.963401, 0.961643, 0.960871
0.960871, 0.960092, 0.958258, 0.955377, 0.95146, 0.946547, 0.940715, 0.934091, 0.926861, 0.919271, 0.911615, 0.904229, 0.897462, 0.891659, 0.887126, 0.884115, 0.882804
0.882804, 0.881485, 0.878405, 0.873623, 0.867231, 0.859364, 0.850218, 0.840048, 0.829175, 0.81798, 0.806887, 0.79635, 0.786826, 0.778745, 0.772487, 0.768352, 0.766558
0.766558, 0.764758, 0.760564, 0.754089, 0.745497, 0.735017, 0.722952, 0.709676, 0.695631, 0.681314, 0.667264, 0.654033, 0.642162, 0.632153, 0.62444, 0.619362, 0.617162
0.617162, 0.614957, 0.609831, 0.601943, 0.591523, 0.578883, 0.564422, 0.548613, 0.532003, 0.515185, 0.498785, 0.483431, 0.469727, 0.458224, 0.449389, 0.443586, 0.441076
0.441076, 0.438563, 0.432726, 0.423766, 0.411968, 0.397715, 0.381482, 0.363826, 0.345368, 0.326776, 0.308735, 0.291923, 0.276979, 0.264478, 0.254903, 0.248627, 0.245916
0.245916, 0.243202, 0.236907, 0.227263, 0.214597, 0.199347, 0.182045, 0.163304, 0.143797, 0.124235, 0.105334, 0.08779, 0.0722523, 0.0592943, 0.049394, 0.0429163, 0.04012
0.04012, 0.0373234, 0.0308426, 0.020931, 0.00794624, -0.00764148, -0.025265, -0.0442806, -0.0639921, -0.0836787, -0.102623, -0.120139, -0.135599, -0.148453, -0.158251, -0.164651, -0.167411
-0.167411, -0.170169, -0.176555, -0.186306, -0.199049, -0.2143, -0.231482, -0.24995, -0.269014, -0.287974, -0.306142, -0.322873, -0.337586, -0.349781, -0.359053, -0.365097, -0.367701
-0.367701, -0.370302, -0.376318, -0.385486, -0.397435, -0.41169, -0.427689, -0.44481, -0.462402, -0.479815, -0.496421, -0.511644, -0.524974, -0.535982, -0.544326, -0.549755, -0.55209
-0.55209, -0.554422, -0.559807, -0.567995, -0.578635, -0.591277, -0.605399, -0.620433, -0.635793, -0.650906, -0.665232, -0.678288, -0.689659, -0.699004, -0.70606, -0.710637, -0.712604
-0.712604, -0.714564, -0.719086, -0.72594, -0.73481, -0.745293, -0.756929, -0.769226, -0.781689, -0.793847, -0.805274, -0.815599, -0.824519, -0.831797, -0.83726, -0.840788, -0.8423
-0.8423, -0.843805, -0.847267, -0.852492, -0.859208, -0.867079, -0.875724, -0.884752, -0.89378, -0.902459, -0.910491, -0.917638, -0.923722, -0.928618, -0.932251, -0.934578, -0.93557

0.00703175, 0.00983038, 0.0163144, 0.0262271, 0.0392062, 0.0547767, 0.072367, 0.0913302, 0.110969, 0.130565, 0.149405, 0.166809, 0.182158, 0.194911, 0.204626, 0.210969, 0.213704
0.213704, 0.216437, 0.222764, 0.232418, 0.245029, 0.260111, 0.277089, 0.295321, 0.314122, 0.332801, 0.350683, 0.367134, 0.381588, 0.393559, 0.402655, 0.408582, 0.411135
0.411135, 0.413684, 0.419579, 0.428559, 0.440255, 0.454197, 0.469829, 0.486539, 0.50369, 0.520645, 0.536795, 0.551582, 0.564516, 0.575188, 0.58327, 0.588525, 0.590785
0.590785, 0.593041, 0.59825, 0.606165, 0.616442, 0.628641, 0.64225, 0.656717, 0.671476, 0.685972, 0.699692, 0.712176, 0.723032, 0.731941, 0.738661, 0.743017, 0.744887
0.744887, 0.746751, 0.751048, 0.757558, 0.765971, 0.775898, 0.786897, 0.798495, 0.810223, 0.821635, 0.832331, 0.841971, 0.850278, 0.857042, 0.862108, 0.865376, 0.866775
0.866775, 0.868167, 0.871367, 0.876189, 0.882374, 0.889601, 0.897513, 0.905741, 0.913931, 0.921764, 0.928975, 0.935354, 0.940754, 0.945078, 0.948272, 0.950311, 0.951178
0.951178, 0.952039, 0.954003, 0.956928, 0.960618, 0.964832, 0.969315, 0.973817, 0.978115, 0.982031, 0.985444, 0.988287, 0.990546, 0.992244, 0.993428, 0.994149, 0.994447
0.994447, 0.994738, 0.995381, 0.996284, 0.997319, 0.998338, 0.999199, 0.999779, 0.999999, 0.999829, 0.999297, 0.998481, 0.997501, 0.996499, 0.995621, 0.994994, 0.99471
0.99471, 0.994419, 0.993714, 0.992555, 0.99089, 0.98867, 0.985871, 0.982505, 0.978638, 0.974389, 0.969934, 0.965494, 0.961317, 0.957659, 0.954758, 0.952809, 0.951956
0.951956, 0.951095, 0.949072, 0.945902, 0.941609, 0.936246, 0.929908, 0.922742, 0.914954, 0.90681, 0.898625, 0.890753, 0.883561, 0.877405, 0.872605, 0.86942, 0.868033
0.868033, 0.86664, 0.863387, 0.858342, 0.851607, 0.843333, 0.83373, 0.823073, 0.811702, 0.800015, 0.788455, 0.777491, 0.767594, 0.759206, 0.752716, 0.748431, 0.746572
0.746572, 0.744707, 0.740363, 0.733662, 0.724776, 0.713949, 0.701497, 0.68781, 0.673348, 0.658623, 0.644187, 0.630606, 0.618432, 0.608175, 0.600274, 0.595075, 0.592824
0.592824, 0.590568, 0.585322, 0.577255, 0.566602, 0.55369, 0.538927, 0.522802, 0.505873, 0.488747, 0.47206, 0.456449, 0.442525, 0.430842, 0.421874, 0.415985, 0.413439
0.413439, 0.410889, 0.404968, 0.395883, 0.383925, 0.369485, 0.35305, 0.335185, 0.316522, 0.297736, 0.279519, 0.262552, 0.24748, 0.234877, 0.225228, 0.218906, 0.216174
0.216174, 0.213441, 0.207101, 0.197391, 0.184644, 0.169302, 0.151905, 0.133072, 0.113483, 0.0938484, 0.0748892, 0.0573018, 0.0417332, 0.0287552, 0.0188431, 0.0123593, 0.0095607
0.0095607, 0.00676206, 0.000277509, -0.00963732, -0.0226217, -0.0382022, -0.0558086, -0.0747951, -0.0944648, -0.114098, -0.132979, -0.150427, -0.165819, -0.178611, -0.188357, -0.194722, -0.197466
-0.197466, -0.200209, -0.206558, -0.216249, -0.228909, -0.244055, -0.261109, -0.279428, -0.298327, -0.317109, -0.335096, -0.35165, -0.366199, -0.378252, -0.387412, -0.393382, -0.395953
-0.395953, -0.398522, -0.404461, -0.413509, -0.425297, -0.439353, -0.455118, -0.471977, -0.489287, -0.506407, -0.522722, -0.537666, -0.550743, -0.561536, -0.569712, -0.57503, -0.577317
-0.577317, -0.5796, -0.584872, -0.592886, -0.603293, -0.615651, -0.629444, -0.644114, -0.659088, -0.673805, -0.687742, -0.70043, -0.71147, -0.720535, -0.727375, -0.73181, -0.733714
-0.733714, -0.735613, -0.73999, -0.746623, -0.755199, -0.765324, -0.77655, -0.788397, -0.800386, -0.812064, -0.82302, -0.832903, -0.841428, -0.848375, -0.853582, -0.856942, -0.858381
-0.858381, -0.859814, -0.863107, -0.868071, -0.874445, -0.8819, -0.890073, -0.898584, -0.907071, -0.915204, -0.922706, -0.929357, -0.934998, -0.939525, -0.942874, -0.945015, -0.945927
-0.945927, -0.946831, -0.948897, -0.951979, -0.955875, -0.960338, -0.965103, -0.969911, -0.974528, -0.978765, -0.982488, -0.985619, -0.988133, -0.990045, -0.991392, -0.99222, -0.992564
-0.992564, -0.992901, -0.993652, -0.994718, -0.995967, -0.997245, -0.998397, -0.999293, -0.999841, -0.999998, -0.999781, -0.999258, -0.998536, -0.997749, -0.997035, -0.996515, -0.996278
-0.996278, -0.996032, -0.995434, -0.994439, -0.992988, -0.991024, -0.988514, -0.98546, -0.981914, -0.977986, -0.973838, -0.969682, -0.965755, -0.962304, -0.959561, -0.957715, -0.956906
-0.956906, -0.956089, -0.954169, -0.951155, -0.947066, -0.941946, -0.935882, -0.92901, -0.921524, -0.913679, -0.905781, -0.898171, -0.891209, -0.885244, -0.880589, -0.877497, -0.876152
-0.876152, -0.874799, -0.871639, -0.866737, -0.860187, -0.852133, -0.842777, -0.832383, -0.821281, -0.80986, -0.798552, -0.787819, -0.778123, -0.7699, -0.763535, -0.759332, -0.757508
-0.757508, -0.755678, -0.751415, -0.744836, -0.736108, -0.725468, -0.713225, -0.69976, -0.685522, -0.671017, -0.656789, -0.643396, -0.631385, -0.621262, -0.613462, -0.608328, -0.606104
-0.606104, -0.603876, -0.598694, -0.590723, -0.580196, -0.56743, -0.552829, -0.536874, -0.520116, -0.503155, -0.486622, -0.471149, -0.457343, -0.445756, -0.436859, -0.431016, -0.428489
-0.428489, -0.425959, -0.420083, -0.411065, -0.399192, -0.384852, -0.368525, -0.350771, -0.332217, -0.313534, -0.295411, -0.278526, -0.263522, -0.250973, -0.241363, -0.235065, -0.232344
-0.232344, -0.229621, -0.223305, -0.213629, -0.200925, -0.185631, -0.168284, -0.149498, -0.129952, -0.110354, -0.0914242, -0.0738585, -0.0583049, -0.0453363, -0.0354294, -0.0289482, -0.0261505
-0.0261505, -0.0233526, -0.0168694, -0.00695513, 0.00603095, 0.0216172, 0.0392349, 0.0582394, 0.0779341, 0.0975984, 0.116516, 0.134003, 0.149434, 0.162261, 0.172036, 0.178421, 0.181174
0.181174, 0.183925, 0.190296, 0.20002, 0.212726, 0.227931, 0.245057, 0.263459, 0.282449, 0.30133, 0.319417, 0.33607, 0.35071, 0.362841, 0.372062, 0.378073, 0.380663
0.380663, 0.38325, 0.389231, 0.398345, 0.410222, 0.424388, 0.440281, 0.457284, 0.47475, 0.492031, 0.508505, 0.523603, 0.536819, 0.54773, 0.555998, 0.561376, 0.56369
0.56369, 0.566, 0.571334, 0.579443, 0.589978, 0.602491, 0.616465, 0.631334, 0.646519, 0.661453, 0.675602, 0.688492, 0.699713, 0.708931, 0.715889, 0.720402, 0.72234
0.72234, 0.724272, 0.728728, 0.735482, 0.744219, 0.75454, 0.765989, 0.778081, 0.790329, 0.80227, 0.813482, 0.823606, 0.832347, 0.839474, 0.844821, 0.848272, 0.849751
0.849751, 0.851223, 0.854609, 0.859715, 0.866275, 0.873957, 0.882387, 0.89118, 0.899961, 0.908391, 0.916182, 0.923103, 0.928985, 0.933713, 0.937217, 0.939459, 0.940414
0.940414, 0.941362, 0.94353, 0.946769, 0.950869, 0.955579, 0.960626, 0.965738, 0.970673, 0.975229, 0.979261, 0.98268, 0.985449, 0.987573, 0.989083, 0.990018, 0.990408
0.990408, 0.990791, 0.991648, 0.992878, 0.994341, 0.995877, 0.997321, 0.998532, 0.999407, 0.999892, 0.999991, 0.999759, 0.999296, 0.998724, 0.998174, 0.997762, 0.997571
0.997571, 0.997372, 0.996881, 0.99605, 0.994813, 0.993106, 0.990886, 0.988144, 0.98492, 0.981313, 0.977475, 0.973603, 0.969927, 0.966685, 0.964099, 0.962357, 0.961592
0.961592, 0.96082, 0.959003, 0.956146, 0.952262, 0.947388, 0.941599, 0.935022, 0.92784, 0.920297, 0.912687, 0.905342, 0.898613, 0.89284, 0.88833, 0.885334, 0.884029
0.884029, 0.882717, 0.879652, 0.874893, 0.86853, 0.860699, 0.851592, 0.841464, 0.830634, 0.819481, 0.808429, 0.797929, 0.788437, 0.780383, 0.774145, 0.770024, 0.768235
0.768235, 0.76644, 0.762259, 0.755804, 0.747237, 0.736788, 0.724757, 0.711516, 0.697507, 0.683226, 0.66921, 0.656009, 0.644165, 0.634178, 0.62648, 0.621413, 0.619218
0.619218, 0.617018, 0.611902, 0.60403, 0.59363, 0.581014, 0.566579, 0.550798, 0.534216, 0.517425, 0.50105, 0.485719, 0.472035, 0.460547, 0.451723, 0.445929, 0.443422
0.443422, 0.440912, 0.435082, 0.426134, 0.41435, 0.400113, 0.383898, 0.36626, 0.347821, 0.329246, 0.311221, 0.294423, 0.279491, 0.266999, 0.257431, 0.25116, 0.24845
0.24845, 0.245738, 0.239447, 0.229809, 0.217151, 0.201909, 0.184616, 0.165883, 0.146385, 0.126829, 0.107934, 0.0903949, 0.0748605, 0.0619049, 0.052006, 0.0455291, 0.0427331
0.0427331, 0.0399368, 0.0334566, 0.0235457, 0.0105615, -0.00502618, -0.0226504, -0.0416676, -0.0613819, -0.0810723, -0.100021, -0.117542, -0.133007, -0.145867, -0.155668, -0.16207, -0.164832
-0.164832, -0.167591, -0.173981, -0.183736, -0.196485, -0.211744, -0.228937, -0.247417, -0.266494, -0.285468, -0.303651, -0.320397, -0.335123, -0.34733, -0.35661, -0.362661, -0.365268
-0.365268, -0.367872, -0.373894, -0.383071, -0.395034, -0.409306, -0.425323, -0.442466, -0.460082, -0.477518, -0.494149, -0.509395, -0.522746, -0.533773, -0.542131, -0.547568, -0.549908

-0.58151, -0.579231, -0.573933, -0.565785, -0.55503, -0.541997, -0.527101, -0.510837, -0.493767, -0.476506, -0.459692, -0.443968, -0.429948, -0.418187, -0.40916, -0.403235, -0.400672
-0.400672, -0.398106, -0.392149, -0.383009, -0.370982, -0.356461, -0.339939, -0.321984, -0.303233, -0.284364, -0.266072, -0.24904, -0.233914, -0.221269, -0.211589, -0.205247, -0.202507
-0.202507, -0.199765, -0.193407, -0.18367, -0.17089, -0.155511, -0.138076, -0.119207, -0.0995849, -0.079924, -0.0609442, -0.0433423, -0.0277645, -0.0147813, -0.00486685, 0.00161773, 0.00441645
0.00441645, 0.00721513, 0.0136994, 0.0236126, 0.0365928, 0.0521651, 0.0697583, 0.0887255, 0.10837, 0.127972, 0.146819, 0.16423, 0.179586, 0.192345, 0.202065, 0.208412, 0.211148
0.211148, 0.213883, 0.220213, 0.229874, 0.242493, 0.257585, 0.274576, 0.292821, 0.311638, 0.330334, 0.348232, 0.3647, 0.37917, 0.391154, 0.400259, 0.406193, 0.408749
0.408749, 0.411302, 0.417204, 0.426194, 0.437906, 0.451866, 0.467519, 0.484253, 0.501429, 0.51841, 0.534586, 0.549398, 0.562356, 0.573046, 0.581144, 0.586408, 0.588673
0.588673, 0.590933, 0.596152, 0.604083, 0.614381, 0.626605, 0.640243, 0.654743, 0.669535, 0.684067, 0.697821, 0.710337, 0.721222, 0.730157, 0.736896, 0.741264, 0.743139
0.743139, 0.745009, 0.749319, 0.755848, 0.764287, 0.774246, 0.78528, 0.796918, 0.808687, 0.820141, 0.830879, 0.840557, 0.848899, 0.855691, 0.86078, 0.864062, 0.865468
0.865468, 0.866866, 0.870081, 0.874925, 0.88114, 0.888403, 0.896357, 0.904629, 0.912866, 0.920747, 0.928004, 0.934426, 0.939864, 0.94422, 0.947439, 0.949493, 0.950368
0.950368, 0.951235, 0.953215, 0.956166, 0.959888, 0.964141, 0.968669, 0.973219, 0.977567, 0.981534, 0.984996, 0.987885, 0.990184, 0.991915, 0.993125, 0.993863, 0.994169
0.994169, 0.994467, 0.995127, 0.996056, 0.997124, 0.998184, 0.999091, 0.999721, 0.999992, 0.999874, 0.999391, 0.998621, 0.997682, 0.996714, 0.995862, 0.995252, 0.994975
0.994975, 0.994691, 0.994003, 0.99287, 0.991239, 0.989059, 0.986306, 0.982989, 0.979172, 0.974974, 0.970567, 0.966172, 0.962034, 0.958409, 0.955532, 0.9536, 0.952754
0.952754, 0.9519, 0.949893, 0.946747, 0.942486, 0.937162, 0.930867, 0.923747, 0.916006, 0.907909, 0.89977, 0.891939, 0.884783, 0.878657, 0.87388, 0.870709, 0.869329
0.869329, 0.867942, 0.864703, 0.859681, 0.852975, 0.844735, 0.835171, 0.824556, 0.813227, 0.801581, 0.790061, 0.779133, 0.769268, 0.760906, 0.754435, 0.750163, 0.748309
0.748309, 0.74645, 0.742119, 0.735437, 0.726576, 0.715778, 0.703358, 0.689707, 0.675279, 0.660588, 0.646185, 0.632633, 0.620485, 0.610249, 0.602364, 0.597175, 0.594928
0.594928, 0.592676, 0.587441, 0.579388, 0.568755, 0.555866, 0.541128, 0.52503, 0.508128, 0.491027, 0.474364, 0.458774, 0.444868, 0.433201, 0.424243, 0.418362, 0.415819
0.415819, 0.413272, 0.407358, 0.398283, 0.386338, 0.371914, 0.355496, 0.337648, 0.319002, 0.300232, 0.282029, 0.265075, 0.250013, 0.237419, 0.227776, 0.221457, 0.218727
0.218727, 0.215995, 0.209659, 0.199954, 0.187214, 0.171879, 0.15449, 0.135664, 0.116081, 0.0964519, 0.0774969, 0.0599126, 0.0443461, 0.0313694, 0.0214579, 0.0149744, 0.0121759
0.0121759, 0.00937732, 0.00289285, -0.00702206, -0.020007, -0.0355886, -0.0531972, -0.0721868, -0.0918608, -0.111499, -0.130386, -0.147841, -0.163239, -0.176037, -0.185788, -0.192156, -0.194902
-0.194902, -0.197646, -0.203998, -0.213695, -0.226363, -0.241518, -0.258584, -0.276916, -0.29583, -0.314628, -0.332631, -0.349201, -0.363764, -0.37583, -0.384999, -0.390976, -0.39355
-0.39355, -0.396122, -0.402068, -0.411126, -0.422929, -0.437002, -0.452787, -0.469669, -0.487005, -0.50415, -0.520491, -0.535459, -0.548559, -0.55937, -0.567561, -0.572888, -0.57518
-0.57518, -0.577467, -0.582749, -0.590777, -0.601205, -0.613588, -0.62741, -0.642112, -0.657119, -0.67187, -0.685841, -0.698561, -0.70963, -0.718719, -0.725578, -0.730025, -0.731935
-0.731935, -0.733839, -0.738229, -0.74488, -0.753482, -0.763638, -0.774899, -0.786785, -0.798816, -0.810535, -0.821532, -0.831453, -0.840012, -0.846987, -0.852216, -0.855591, -0.857037
-0.857037, -0.858475, -0.861783, -0.86677, -0.873173, -0.880664, -0.888877, -0.897433, -0.905966, -0.914147, -0.921694, -0.928388, -0.934068, -0.938626, -0.942, -0.944156, -0.945075
-0.945075, -0.945986, -0.948068, -0.951175, -0.955103, -0.959605, -0.964415, -0.969271, -0.973938, -0.978225, -0.981997, -0.985174, -0.987728, -0.989673, -0.991046, -0.991891, -0.992243
-0.992243, -0.992587, -0.993354, -0.994446, -0.995729, -0.997047, -0.998246, -0.999192, -0.99979, -1, -0.999833, -0.999355, -0.998674, -0.997921, -0.997233, -0.99673, -0.9965
-0.9965, -0.996262, -0.995681, -0.994711, -0.993294, -0.991371, -0.988906, -0.985901, -0.982406, -0.978528, -0.974429, -0.970318, -0.96643, -0.963012, -0.960293, -0.958464, -0.957662
-0.957662, -0.956853, -0.954948, -0.951959, -0.947902, -0.942821, -0.9368, -0.929974, -0.922536, -0.914739, -0.906886, -0.899318, -0.892393, -0.886458, -0.881825, -0.878749, -0.87741
-0.87741, -0.876063, -0.872918, -0.868038, -0.861518, -0.853499, -0.844182, -0.83383, -0.822771, -0.811391, -0.800123, -0.789427, -0.779763, -0.771567, -0.765222, -0.761031, -0.759212
-0.759212, -0.757388, -0.753138, -0.746578, -0.737876, -0.727266, -0.715056, -0.701626, -0.687424, -0.672954, -0.658758, -0.645396, -0.633411, -0.623309, -0.615525, -0.610402, -0.608182
-0.608182, -0.605958, -0.600787, -0.592832, -0.582324, -0.569581, -0.555006, -0.539079, -0.522348, -0.505414, -0.488905, -0.473454, -0.459667, -0.448095, -0.43921, -0.433375, -0.430851
-0.430851, -0.428324, -0.422455, -0.413448, -0.401589, -0.387265, -0.370955, -0.353219, -0.334683, -0.316017, -0.297908, -0.281037, -0.266044, -0.253504, -0.2439, -0.237606, -0.234887
-0.234887, -0.232166, -0.225853, -0.216184, -0.203487, -0.188201, -0.170861, -0.152084, -0.132544, -0.112953, -0.0940282, -0.0764665, -0.0609156, -0.0479488, -0.038043, -0.0315623, -0.0287649
-0.0287649, -0.0259672, -0.0194843, -0.00957039, 0.00341563, 0.0190024, 0.0366215, 0.0556283, 0.0753264, 0.0949952, 0.113918, 0.131411, 0.146847, 0.15968, 0.169459, 0.175847, 0.178601
0.178601, 0.181354, 0.187727, 0.197457, 0.21017, 0.225384, 0.24252, 0.260935, 0.27994, 0.298835, 0.316938, 0.333605, 0.348259, 0.360403, 0.369633, 0.375651, 0.378243
0.378243, 0.380833, 0.38682, 0.395944, 0.407836, 0.422018, 0.437931, 0.454957, 0.472446, 0.489752, 0.506252, 0.521373, 0.53461, 0.54554, 0.553822, 0.55921, 0.561528
0.561528, 0.563842, 0.569185, 0.577309, 0.587864, 0.600402, 0.614403, 0.629304, 0.644522, 0.659489, 0.673672, 0.686593, 0.697842, 0.707084, 0.71406, 0.718585, 0.720529
0.720529, 0.722467, 0.726935, 0.733708, 0.742469, 0.752821, 0.764305, 0.776436, 0.788724, 0.800706, 0.811958, 0.82212, 0.830895, 0.83805, 0.843418, 0.846885, 0.84837
0.84837, 0.849848, 0.853248, 0.858376, 0.864966, 0.872683, 0.881154, 0.88999, 0.898818, 0.907295, 0.915131, 0.922095, 0.928014, 0.932774, 0.936302, 0.93856, 0.939522
0.939522, 0.940477, 0.942661, 0.945923, 0.950056, 0.954805, 0.959896, 0.965056, 0.970041, 0.974647, 0.978728, 0.982192, 0.985001, 0.987159, 0.988694, 0.989646, 0.990043
0.990043, 0.990433, 0.991307, 0.992563, 0.99406, 0.995636, 0.997126, 0.998387, 0.999313, 0.99985, 0.999999, 0.999813, 0.99939, 0.998853, 0.998329, 0.997933, 0.99775
0.99775, 0.997558, 0.997084, 0.996278, 0.995075, 0.993409, 0.991235, 0.988542, 0.985369, 0.981813, 0.978023, 0.974197, 0.97056, 0.967351, 0.96479, 0.963064, 0.962307
0.962307, 0.961542, 0.959741, 0.956909, 0.953057, 0.948222, 0.942476, 0.935946, 0.928812, 0.921317, 0.913753, 0.90645, 0.899757, 0.894014, 0.889528, 0.886547, 0.885249
0.885249, 0.883943, 0.880893, 0.876157, 0.869823, 0.862027, 0.85296, 0.842874, 0.832088, 0.820977, 0.809966, 0.799503, 0.790043, 0.782016, 0.775798, 0.77169, 0.769907
0.769907, 0.768118, 0.763949, 0.757514, 0.748973, 0.738554, 0.726556, 0.713352, 0.699379, 0.685134, 0.671151, 0.657981, 0.646163, 0.636198, 0.628517, 0.62346, 0.621269
0.621269, 0.619074, 0.613968, 0.606112, 0.595732, 0.58314, 0.568732, 0.552979, 0.536425, 0.519661, 0.503311, 0.488003, 0.474339, 0.462867, 0.454055, 0.448268, 0.445765
0.445765, 0.443258, 0.437435, 0.428498, 0.416729, 0.402509, 0.386312, 0.368693, 0.350272, 0.331715, 0.313706, 0.296922, 0.282001, 0.269519, 0.259957, 0.25369, 0.250982
0.250982, 0.248272, 0.241985, 0.232353, 0.219703, 0.20447, 0.187186, 0.168462, 0.148972, 0.129423, 0.110534, 0.0929993, 0.0774683, 0.064515, 0.0546176, 0.0481416, 0.0453459

-0.948415, -0.947524, -0.945431, -0.942154, -0.937722, -0.932194, -0.925669, -0.918303, -0.91031, -0.901962, -0.893583, -0.885532, -0.878183, -0.871897, -0.866999, -0.86375, -0.862336
-0.862336, -0.860916, -0.857599, -0.852457, -0.845596, -0.837173, -0.827403, -0.816568, -0.805014, -0.793146, -0.781415, -0.770296, -0.760262, -0.751762, -0.745187, -0.740847, -0.738965
-0.738965, -0.737076, -0.732678, -0.725894, -0.716902, -0.705947, -0.693354, -0.679519, -0.664904, -0.650031, -0.635455, -0.621747, -0.609463, -0.599117, -0.591149, -0.585906, -0.583636
-0.583636, -0.581361, -0.576072, -0.56794, -0.557204, -0.544193, -0.529321, -0.513083, -0.49604, -0.478804, -0.462013, -0.44631, -0.432307, -0.420561, -0.411545, -0.405627, -0.403067
-0.403067, -0.400504, -0.394554, -0.385424, -0.373409, -0.358904, -0.342397, -0.324459, -0.305724, -0.28687, -0.268592, -0.251572, -0.236456, -0.223818, -0.214144, -0.207806, -0.205067
-0.205067, -0.202327, -0.195972, -0.18624, -0.173466, -0.158094, -0.140666, -0.121803, -0.102187, -0.0825307, -0.0635545, -0.0459551, -0.0303787, -0.0173963, -0.00748215, -0.00099762, 0.00180111
0.00180111, 0.00459983, 0.0110842, 0.0209979, 0.0339791, 0.0495532, 0.067149, 0.0861201, 0.10577, 0.125378, 0.144231, 0.16165, 0.177012, 0.189778, 0.199503, 0.205853, 0.208591
0.208591, 0.211328, 0.217661, 0.227328, 0.239954, 0.255057, 0.27206, 0.290319, 0.309152, 0.327864, 0.345779, 0.362264, 0.376748, 0.388745, 0.397861, 0.403802, 0.406361
0.406361, 0.408917, 0.414826, 0.423827, 0.435553, 0.449531, 0.465205, 0.481963, 0.499165, 0.516172, 0.532374, 0.547211, 0.560191, 0.570901, 0.579013, 0.584288, 0.586557
0.586557, 0.588821, 0.59405, 0.601997, 0.612315, 0.624564, 0.638232, 0.652764, 0.66759, 0.682157, 0.695946, 0.708494, 0.719408, 0.728367, 0.735125, 0.739506, 0.741387
0.741387, 0.743262, 0.747585, 0.754133, 0.762597, 0.772588, 0.783658, 0.795335, 0.807146, 0.818642, 0.82942, 0.839137, 0.847514, 0.854335, 0.859446, 0.862743, 0.864154
0.864154, 0.86556, 0.868789, 0.873656, 0.8799, 0.8872, 0.895194, 0.903511, 0.911795, 0.919723, 0.927026, 0.933491, 0.938968, 0.943356, 0.946599, 0.94867, 0.949551
0.949551, 0.950425, 0.952421, 0.955396, 0.959151, 0.963444, 0.968016, 0.972615, 0.977013, 0.981031, 0.984541, 0.987476, 0.989815, 0.99158, 0.992815, 0.99357, 0.993883
0.993883, 0.994188, 0.994866, 0.99582, 0.996922, 0.998023, 0.998976, 0.999656, 0.999979, 0.999912, 0.999479, 0.998755, 0.997856, 0.996923, 0.996096, 0.995503, 0.995234
0.995234, 0.994957, 0.994286, 0.993178, 0.991581, 0.989442, 0.986734, 0.983466, 0.9797, 0.975552, 0.971194, 0.966843, 0.962745, 0.959152, 0.9563, 0.954384, 0.953545
0.953545, 0.952698, 0.950707, 0.947586, 0.943357, 0.938071, 0.931819, 0.924745, 0.917052, 0.909002, 0.900908, 0.893118, 0.885998, 0.879902, 0.875148, 0.871992, 0.870619
0.870619, 0.869238, 0.866014, 0.861014, 0.854337, 0.846132, 0.836607, 0.826033, 0.814746, 0.803142, 0.791661, 0.78077, 0.770936, 0.7626, 0.756149, 0.75189, 0.750042
0.750042, 0.748188, 0.743869, 0.737207, 0.72837, 0.717602, 0.705215, 0.691598, 0.677206, 0.662549, 0.648179, 0.634656, 0.622534, 0.612319, 0.60445, 0.599271, 0.597028
0.597028, 0.594781, 0.589555, 0.581518, 0.570904, 0.558038, 0.543325, 0.527254, 0.510379, 0.493304, 0.476665, 0.461097, 0.447209, 0.435557, 0.42661, 0.420736, 0.418196
0.418196, 0.415652, 0.409745, 0.400681, 0.388749, 0.374341, 0.357939, 0.340109, 0.32148, 0.302725, 0.284537, 0.267596, 0.252545, 0.239959, 0.230322, 0.224007, 0.221278
0.221278, 0.218548, 0.212215, 0.202516, 0.189782, 0.174455, 0.157073, 0.138255, 0.118678, 0.0990547, 0.0801041, 0.0625231, 0.0469587, 0.0339833, 0.0240726, 0.0175894, 0.014791
0.014791, 0.0119925, 0.00550818, -0.00440675, -0.0173921, -0.0329748, -0.0505854, -0.069578, -0.0892562, -0.1089, -0.127793, -0.145254, -0.160658, -0.173462, -0.183218, -0.189589, -0.192336
-0.192336, -0.195081, -0.201437, -0.211139, -0.223814, -0.238979, -0.256056, -0.274402, -0.29333, -0.312144, -0.330163, -0.346749, -0.361327, -0.373405, -0.382584, -0.388567, -0.391145
-0.391145, -0.393719, -0.399672, -0.40874, -0.420557, -0.434648, -0.450454, -0.467359, -0.484719, -0.50189, -0.518256, -0.533249, -0.54637, -0.5572, -0.565406, -0.570742, -0.573038
-0.573038, -0.57533, -0.580621, -0.588665, -0.599113, -0.61152, -0.625371, -0.640105, -0.655145, -0.669931, -0.683935, -0.696687, -0.707785, -0.716899, -0.723776, -0.728235, -0.73015
-0.73015, -0.73206, -0.736462, -0.743133, -0.75176, -0.761947, -0.773243, -0.785168, -0.79724, -0.809, -0.820038, -0.829997, -0.83859, -0.845594, -0.850845, -0.854234, -0.855686
-0.855686, -0.857131, -0.860453, -0.865463, -0.871895, -0.879422, -0.887676, -0.896276, -0.904856, -0.913083, -0.920676, -0.927413, -0.933131, -0.937721, -0.941119, -0.943291, -0.944217
-0.944217, -0.945135, -0.947233, -0.950365, -0.954325, -0.958866, -0.96372, -0.968624, -0.973341, -0.977679, -0.9815, -0.984722, -0.987317, -0.989295, -0.990693, -0.991555, -0.991914
-0.991914, -0.992265, -0.993049, -0.994168, -0.995484, -0.996843, -0.998088, -0.999083, -0.999733, -0.999994, -0.999877, -0.999445, -0.998805, -0.998086, -0.997424, -0.996938, -0.996715
-0.996715, -0.996484, -0.99592, -0.994976, -0.993593, -0.99171, -0.989291, -0.986335, -0.982891, -0.979064, -0.975014, -0.970947, -0.967099, -0.963714, -0.96102, -0.959207, -0.958412
-0.958412, -0.957609, -0.955721, -0.952757, -0.948732, -0.94369, -0.937712, -0.930933, -0.923543, -0.915793, -0.907985, -0.900459, -0.89357, -0.887665, -0.883056, -0.879994, -0.878661
-0.878661, -0.877322, -0.874191, -0.869334, -0.862842, -0.854859, -0.845581, -0.835271, -0.824254, -0.812917, -0.801689, -0.791029, -0.781397, -0.773228, -0.766903, -0.762725, -0.760912
-0.760912, -0.759093, -0.754856, -0.748316, -0.739638, -0.729058, -0.716881, -0.703487, -0.689321, -0.674886, -0.660724, -0.647391, -0.635433, -0.625352, -0.617584, -0.612471, -0.610256
-0.610256, -0.608037, -0.602876, -0.594936, -0.584448, -0.571729, -0.55718, -0.54128, -0.524576, -0.507669, -0.491185, -0.475756, -0.461988, -0.450432, -0.441558, -0.43573, -0.43321
-0.43321, -0.430685, -0.424824, -0.415828, -0.403983, -0.389675, -0.373382, -0.355665, -0.337146, -0.318497, -0.300404, -0.283546, -0.268564, -0.256033, -0.246436, -0.240146, -0.237428
-0.237428, -0.234709, -0.2284, -0.218736, -0.206047, -0.190769, -0.173438, -0.154668, -0.135136, -0.115551, -0.0966317, -0.0790739, -0.0635259, -0.0505609, -0.0406563, -0.0341763, -0.031379
-0.031379, -0.0285816, -0.0220991, -0.0121856, 0.000800285, 0.0163874, 0.0340077, 0.0530168, 0.0727182, 0.0923913, 0.111319, 0.128818, 0.14426, 0.157097, 0.166881, 0.173271, 0.176027
0.176027, 0.178782, 0.185158, 0.194892, 0.207612, 0.222835, 0.239982, 0.258409, 0.277428, 0.296338, 0.314456, 0.331139, 0.345806, 0.357962, 0.367202, 0.373226, 0.375821
0.375821, 0.378413, 0.384407, 0.393541, 0.405446, 0.419646, 0.435579, 0.452626, 0.47014, 0.48747, 0.503994, 0.519139, 0.532398, 0.543346, 0.551643, 0.55704, 0.559362
0.559362, 0.56168, 0.567033, 0.575172, 0.585746, 0.598308, 0.612338, 0.627269, 0.64252, 0.657521, 0.671737, 0.684689, 0.695966, 0.705232, 0.712227, 0.716764, 0.718713
0.718713, 0.720656, 0.725136, 0.731928, 0.740715, 0.751097, 0.762616, 0.774785, 0.787114, 0.799136, 0.810429, 0.820629, 0.829436, 0.83662, 0.84201, 0.845491, 0.846982
0.846982, 0.848467, 0.851881, 0.857032, 0.86365, 0.871403, 0.879914, 0.888795, 0.897668, 0.906192, 0.914073, 0.921079, 0.927037, 0.931828, 0.93538, 0.937654, 0.938623
0.938623, 0.939585, 0.941785, 0.945072, 0.949237, 0.954025, 0.959159, 0.964367, 0.969402, 0.974059, 0.978188, 0.981697, 0.984546, 0.986738, 0.988298, 0.989267, 0.989672
0.989672, 0.990069, 0.99096, 0.992241, 0.993772, 0.995388, 0.996924, 0.998235, 0.999213, 0.999801, 1, 0.99986, 0.999478, 0.998975, 0.998477, 0.998098, 0.997921
0.997921, 0.997737, 0.99728, 0.9965, 0.995331, 0.993706, 0.991577, 0.988933, 0.985812, 0.982306, 0.978565, 0.974784, 0.971187, 0.96801, 0.965475, 0.963765, 0.963015
0.963015, 0.962257, 0.960472, 0.957665, 0.953846, 0.949049, 0.943347, 0.936864, 0.929778, 0.922331, 0.914812, 0.907551, 0.900895, 0.895183, 0.89072, 0.887754, 0.886462
0.886462, 0.885163, 0.882128, 0.877414, 0.87111, 0.86335, 0.854322, 0.844279, 0.833536, 0.822468, 0.811497, 0.801071, 0.791644, 0.783643, 0.777445, 0.77335, 0.771573
0.771573, 0.76979, 0.765634, 0.759219, 0.750703, 0.740314, 0.728351, 0.715182, 0.701246, 0.687036, 0.673087, 0.659948, 0.648157, 0.638213, 0.630549, 0.625503, 0.623317

-0.953842, -0.954678, -0.956588, -0.959431, -0.963011, -0.967094, -0.971428, -0.975768, -0.979897, -0.983644, -0.986893, -0.989584, -0.991708, -0.993293, -0.994391, -0.995056, -0.99533
-0.99533, -0.995596, -0.996183, -0.996999, -0.997921, -0.998804, -0.999511, -0.999925, -0.999972, -0.999629, -0.998931, -0.997961, -0.996844, -0.99573, -0.994765, -0.994082, -0.993774
-0.993774, -0.993458, -0.992697, -0.991452, -0.989674, -0.987319, -0.984368, -0.980839, -0.976802, -0.972385, -0.967768, -0.963179, -0.958871, -0.955105, -0.95212, -0.950118, -0.949241
-0.949241, -0.948357, -0.94628, -0.943028, -0.938628, -0.933137, -0.926655, -0.919336, -0.911389, -0.903088, -0.894754, -0.886744, -0.879431, -0.873175, -0.8683, -0.865065, -0.863657
-0.863657, -0.862243, -0.858941, -0.853821, -0.846989, -0.8386, -0.828869, -0.818075, -0.806563, -0.794737, -0.783045, -0.771961, -0.761959, -0.753484, -0.746929, -0.742601, -0.740724
-0.740724, -0.738841, -0.734456, -0.727691, -0.718722, -0.707797, -0.695237, -0.681435, -0.666855, -0.652016, -0.637472, -0.623793, -0.611535, -0.601208, -0.593256, -0.588023, -0.585757
-0.585757, -0.583487, -0.578208, -0.57009, -0.559373, -0.546385, -0.531538, -0.515326, -0.498309, -0.481098, -0.464331, -0.448649, -0.434664, -0.422933, -0.413927, -0.408016, -0.405459
-0.405459, -0.402899, -0.396956, -0.387836, -0.375834, -0.361344, -0.344853, -0.326932, -0.308213, -0.289375, -0.27111, -0.254103, -0.238996, -0.226367, -0.216698, -0.210363, -0.207626
-0.207626, -0.204888, -0.198536, -0.188809, -0.176041, -0.160676, -0.143255, -0.124399, -0.104788, -0.0851369, -0.0661644, -0.0485675, -0.0329927, -0.0200112, -0.0100974, -0.00361296, -0.000814238
-0.000814238, 0.00198449, 0.00846899, 0.018383, 0.0313651, 0.0469409, 0.0645394, 0.0835142, 0.103169, 0.122783, 0.141643, 0.159068, 0.174438, 0.18721, 0.19694, 0.203293, 0.206033
0.206033, 0.208771, 0.215108, 0.22478, 0.237415, 0.252527, 0.269542, 0.287815, 0.306664, 0.325392, 0.343324, 0.359825, 0.374324, 0.386334, 0.39546, 0.401408, 0.40397
0.40397, 0.406528, 0.412444, 0.421456, 0.433197, 0.447193, 0.462888, 0.47967, 0.496897, 0.51393, 0.530158, 0.54502, 0.558023, 0.568752, 0.576879, 0.582163, 0.584437
0.584437, 0.586705, 0.591944, 0.599906, 0.610245, 0.62252, 0.636216, 0.65078, 0.665641, 0.680242, 0.694065, 0.706646, 0.717589, 0.726573, 0.73335, 0.737743, 0.739629
0.739629, 0.74151, 0.745845, 0.752413, 0.760903, 0.770925, 0.782031, 0.793747, 0.805599, 0.817137, 0.827957, 0.837712, 0.846123, 0.852973, 0.858106, 0.861417, 0.862835
0.862835, 0.864247, 0.867491, 0.87238, 0.878655, 0.88599, 0.894025, 0.902388, 0.910718, 0.918694, 0.926042, 0.93255, 0.938065, 0.942485, 0.945752, 0.947839, 0.948728
0.948728, 0.949609, 0.951621, 0.954621, 0.958408, 0.96274, 0.967357, 0.972003, 0.976452, 0.98052, 0.98408, 0.98706, 0.989439, 0.991238, 0.992499, 0.993271, 0.993591
0.993591, 0.993903, 0.994598, 0.995578, 0.996714, 0.997855, 0.998854, 0.999584, 0.999958, 0.999943, 0.99956, 0.998882, 0.998024, 0.997124, 0.996324, 0.995747, 0.995486
0.995486, 0.995216, 0.994562, 0.99348, 0.991916, 0.989817, 0.987155, 0.983936, 0.980221, 0.976123, 0.971814, 0.967507, 0.963449, 0.959889, 0.957062, 0.955162, 0.954329
0.954329, 0.953489, 0.951515, 0.948418, 0.944221, 0.938974, 0.932765, 0.925737, 0.918092, 0.910089, 0.90204, 0.894292, 0.887208, 0.881142, 0.87641, 0.873269, 0.871902
0.871902, 0.870528, 0.867319, 0.862341, 0.855693, 0.847523, 0.838037, 0.827504, 0.81626, 0.804698, 0.793256, 0.782401, 0.772599, 0.764289, 0.757858, 0.753611, 0.751769
0.751769, 0.74992, 0.745615, 0.738971, 0.73016, 0.719421, 0.707067, 0.693485, 0.679128, 0.664506, 0.650168, 0.636675, 0.624578, 0.614384, 0.606531, 0.601363, 0.599124
0.599124, 0.596881, 0.591666, 0.583644, 0.57305, 0.560206, 0.545519, 0.529475, 0.512626, 0.495577, 0.478962, 0.463416, 0.449547, 0.437909, 0.428974, 0.423108, 0.42057
0.42057, 0.418029, 0.41213, 0.403076, 0.391158, 0.376765, 0.36038, 0.342567, 0.323955, 0.305217, 0.287043, 0.270115, 0.255074, 0.242497, 0.232866, 0.226555, 0.223828
0.223828, 0.221099, 0.214771, 0.205077, 0.192349, 0.17703, 0.159656, 0.140845, 0.121274, 0.101657, 0.0827108, 0.0651331, 0.049571, 0.036597, 0.0266871, 0.0202042, 0.017406
0.017406, 0.0146076, 0.00812347, -0.00179141, -0.0147771, -0.0303608, -0.0479732, -0.0669688, -0.086651, -0.106299, -0.125199, -0.142666, -0.158076, -0.170885, -0.180646, -0.18702, -0.189769
-0.189769, -0.192516, -0.198875, -0.208582, -0.221265, -0.236439, -0.253527, -0.271886, -0.290829, -0.309659, -0.327694, -0.344295, -0.358887, -0.370978, -0.380167, -0.386156, -0.388736
-0.388736, -0.391314, -0.397273, -0.406352, -0.418183, -0.432291, -0.448117, -0.465045, -0.48243, -0.499626, -0.516017, -0.531034, -0.544178, -0.555026, -0.563247, -0.568593, -0.570893
-0.570893, -0.573189, -0.57849, -0.586549, -0.597017, -0.609449, -0.623328, -0.638093, -0.653167, -0.667987, -0.682025, -0.694809, -0.705935, -0.715073, -0.721969, -0.72644, -0.728361
-0.728361, -0.730276, -0.73469, -0.74138, -0.750032, -0.760251, -0.771582, -0.783546, -0.795658, -0.80746, -0.818538, -0.828536, -0.837163, -0.844195, -0.849468, -0.852872, -0.85433
-0.85433, -0.855781, -0.859118, -0.86415, -0.870612, -0.878174, -0.886469, -0.895113, -0.90374, -0.912014, -0.919652, -0.926432, -0.932187, -0.936809, -0.940232, -0.94242, -0.943352
-0.943352, -0.944277, -0.946392, -0.949548, -0.953541, -0.958121, -0.963019, -0.967971, -0.972738, -0.977126, -0.980996, -0.984263, -0.986898, -0.98891, -0.990334, -0.991212, -0.991579
-0.991579, -0.991937, -0.992738, -0.993882, -0.995233, -0.996632, -0.997922, -0.998968, -0.99967, -0.999982, -0.999915, -0.999529, -0.998929, -0.998244, -0.997608, -0.997139, -0.996923
-0.996923, -0.9967, -0.996153, -0.995235, -0.993885, -0.992043, -0.98967, -0.986763, -0.983369, -0.979593, -0.975591, -0.971569, -0.967761, -0.964409, -0.96174, -0.959943, -0.959155
-0.959155, -0.958359, -0.956488, -0.953548, -0.949555, -0.944552, -0.938618, -0.931885, -0.924542, -0.91684, -0.909078, -0.901593, -0.894741, -0.888866, -0.88428, -0.881233, -0.879907
-0.879907, -0.878574, -0.875458, -0.870623, -0.864162, -0.856213, -0.846974, -0.836706, -0.825732, -0.814437, -0.80325, -0.792627, -0.783027, -0.774884, -0.768578, -0.764414, -0.762606
-0.762606, -0.760793, -0.756569, -0.750048, -0.741396, -0.730846, -0.718702, -0.705343, -0.691213, -0.676813, -0.662685, -0.649382, -0.63745, -0.627391, -0.619639, -0.614536, -0.612326
-0.612326, -0.610111, -0.60496, -0.597036, -0.586568, -0.573873, -0.55935, -0.543477, -0.526801, -0.50992, -0.493461, -0.478055, -0.464306, -0.452765, -0.443903, -0.438083, -0.435565
-0.435565, -0.433044, -0.42719, -0.418205, -0.406374, -0.392082, -0.375807, -0.358108, -0.339607, -0.320975, -0.302897, -0.286053, -0.271082, -0.25856, -0.24897, -0.242684, -0.239968
-0.239968, -0.23725, -0.230946, -0.221288, -0.208605, -0.193335, -0.176013, -0.157252, -0.137727, -0.118149, -0.0992344, -0.0816808, -0.0661357, -0.0531728, -0.0432694, -0.03679, -0.033993
-0.033993, -0.0311958, -0.0247137, -0.0148007, -0.00181506, 0.0137724, 0.0313938, 0.0504049, 0.0701096, 0.0897869, 0.10872, 0.126224, 0.141671, 0.154514, 0.164302, 0.170695, 0.173452
0.173452, 0.176208, 0.182587, 0.192326, 0.205053, 0.220285, 0.237443, 0.255882, 0.274914, 0.29384, 0.311973, 0.32867, 0.343351, 0.355519, 0.364768, 0.370798, 0.373396
0.373396, 0.375991, 0.381992, 0.391136, 0.403054, 0.41727, 0.433223, 0.450293, 0.46783, 0.485185, 0.501734, 0.516902, 0.530183, 0.541148, 0.549459, 0.554866, 0.557192
0.557192, 0.559514, 0.564877, 0.57303, 0.583624, 0.596211, 0.610268, 0.62523, 0.640514, 0.655548, 0.669797, 0.68278, 0.694086, 0.703376, 0.710389, 0.714938, 0.716892
0.716892, 0.71884, 0.723333, 0.730144, 0.738955, 0.749367, 0.760922, 0.773129, 0.785498, 0.797561, 0.808894, 0.819131, 0.827973, 0.835185, 0.840597, 0.844091, 0.845589
0.845589, 0.84708, 0.850508, 0.855681, 0.862329, 0.870117, 0.878668, 0.887593, 0.896513, 0.905083, 0.91301, 0.920058, 0.926053, 0.930876, 0.934452, 0.936741, 0.937717
0.937717, 0.938686, 0.940902, 0.944214, 0.948411, 0.953237, 0.958416, 0.963672, 0.968757, 0.973463, 0.977641, 0.981196, 0.984085, 0.98631, 0.987896, 0.988881, 0.989294
0.989294, 0.989698, 0.990606, 0.991913, 0.993477, 0.995134, 0.996716, 0.998076, 0.999106, 0.999746, 0.999994, 0.999901, 0.999559, 0.99909, 0.998618, 0.998256, 0.998087
0.998087, 0.99791, 0.99747, 0.996716, 0.99558, 0.993995, 0.991912, 0.989318, 0.986247, 0.982793, 0.979101, 0.975364, 0.971807, 0.968663, 0.966153, 0.96446, 0.963716

-0.595721, -0.597967, -0.603152, -0.61103, -0.621258, -0.633397, -0.646938, -0.661329, -0.676007, -0.690421, -0.70406, -0.716467, -0.727253, -0.736105, -0.74278, -0.747106, -0.748963
-0.748963, -0.750815, -0.755082, -0.761546, -0.769898, -0.779751, -0.790665, -0.802171, -0.813801, -0.825114, -0.835714, -0.845263, -0.853489, -0.860185, -0.865199, -0.868432, -0.869816
-0.869816, -0.871194, -0.874359, -0.879127, -0.885242, -0.892385, -0.9002, -0.908322, -0.916402, -0.924124, -0.931227, -0.937505, -0.942815, -0.947064, -0.950201, -0.952202, -0.953053
-0.953053, -0.953897, -0.955823, -0.95869, -0.962303, -0.966426, -0.970804, -0.975192, -0.979372, -0.98317, -0.986468, -0.989204, -0.991368, -0.992987, -0.994111, -0.994792, -0.995074
-0.995074, -0.995347, -0.995951, -0.996794, -0.997749, -0.998673, -0.999425, -0.999889, -0.999988, -0.999697, -0.999048, -0.998124, -0.997049, -0.995968, -0.995029, -0.994362, -0.994062
-0.994062, -0.993753, -0.993009, -0.99179, -0.990045, -0.987731, -0.984825, -0.981345, -0.977359, -0.972992, -0.968424, -0.963879, -0.95961, -0.955876, -0.952916, -0.95093, -0.95006
-0.95006, -0.949183, -0.947123, -0.943895, -0.939527, -0.934074, -0.927635, -0.920361, -0.912463, -0.904208, -0.895919, -0.88795, -0.880673, -0.874447, -0.869594, -0.866374, -0.864973
-0.864973, -0.863565, -0.860277, -0.85518, -0.848377, -0.840022, -0.830329, -0.819576, -0.808106, -0.796321, -0.784669, -0.773621, -0.76365, -0.755201, -0.748665, -0.74435, -0.742479
-0.742479, -0.740601, -0.736228, -0.729482, -0.720538, -0.709642, -0.697114, -0.683347, -0.668802, -0.653997, -0.639485, -0.625835, -0.613602, -0.603296, -0.595359, -0.590137, -0.587875
-0.587875, -0.585609, -0.58034, -0.572237, -0.561539, -0.548574, -0.533752, -0.517566, -0.500575, -0.483389, -0.466646, -0.450985, -0.437018, -0.425301, -0.416307, -0.410402, -0.407848
-0.407848, -0.405291, -0.399355, -0.390245, -0.378256, -0.363781, -0.347307, -0.329402, -0.3107, -0.291877, -0.273627, -0.256631, -0.241535, -0.228913, -0.219251, -0.212919, -0.210184
-0.210184, -0.207447, -0.201099, -0.191377, -0.178615, -0.163257, -0.145842, -0.126993, -0.107389, -0.0877424, -0.0687738, -0.0511796, -0.0356065, -0.022626, -0.0127126, -0.00622828, -0.00342958
-0.00342958, -0.000630856, 0.00585371, 0.0157681, 0.0287509, 0.0443282, 0.0619293, 0.0809077, 0.100567, 0.120187, 0.139053, 0.156486, 0.171862, 0.18464, 0.194375, 0.200732, 0.203473
0.203473, 0.206212, 0.212553, 0.222231, 0.234873, 0.249996, 0.267023, 0.28531, 0.304173, 0.322918, 0.340867, 0.357383, 0.371898, 0.383921, 0.393057, 0.399011, 0.401576
0.401576, 0.404138, 0.410061, 0.419083, 0.430838, 0.444852, 0.460569, 0.477373, 0.494625, 0.511685, 0.527939, 0.542826, 0.555851, 0.566599, 0.574741, 0.580035, 0.582313
0.582313, 0.584586, 0.589834, 0.597812, 0.608171, 0.620471, 0.634197, 0.648792, 0.663687, 0.678323, 0.69218, 0.704793, 0.715765, 0.724773, 0.731569, 0.735975, 0.737866
0.737866, 0.739753, 0.7441, 0.750687, 0.759203, 0.769256, 0.780398, 0.792154, 0.804047, 0.815627, 0.826487, 0.836281, 0.844726, 0.851605, 0.85676, 0.860086, 0.86151
0.86151, 0.862928, 0.866187, 0.871099, 0.877403, 0.884774, 0.892851, 0.901257, 0.909635, 0.917657, 0.925052, 0.931603, 0.937155, 0.941607, 0.944899, 0.947002, 0.947898
0.947898, 0.948786, 0.950814, 0.953839, 0.957658, 0.962029, 0.966691, 0.971385, 0.975885, 0.980003, 0.983612, 0.986637, 0.989057, 0.990889, 0.992176, 0.992964, 0.993292
0.993292, 0.993612, 0.994323, 0.995329, 0.996499, 0.997681, 0.998725, 0.999505, 0.999931, 0.999968, 0.999634, 0.999003, 0.998185, 0.997319, 0.996544, 0.995985, 0.99573
0.99573, 0.995468, 0.994831, 0.993775, 0.992244, 0.990186, 0.987569, 0.9844, 0.980735, 0.976688, 0.972427, 0.968165, 0.964146, 0.960619, 0.957817, 0.955933, 0.955107
0.955107, 0.954275, 0.952316, 0.949244, 0.94508, 0.93987, 0.933705, 0.926723, 0.919126, 0.91117, 0.903166, 0.895459, 0.888412, 0.882376, 0.877667, 0.874541, 0.87318
0.87318, 0.871812, 0.868618, 0.863662, 0.857044, 0.848908, 0.839461, 0.82897, 0.817768, 0.806248, 0.794846, 0.784028, 0.774257, 0.765973, 0.759562, 0.755328, 0.753491
0.753491, 0.751648, 0.747355, 0.740731, 0.731944, 0.721235, 0.708914, 0.695366, 0.681045, 0.666458, 0.652153, 0.63869, 0.626619, 0.616446, 0.608608, 0.60345, 0.601216
0.601216, 0.598977, 0.593772, 0.585765, 0.575191, 0.562371, 0.547709, 0.531691, 0.51487, 0.497847, 0.481256, 0.465732, 0.451882, 0.440259, 0.431335, 0.425476, 0.422941
0.422941, 0.420404, 0.414511, 0.405468, 0.393563, 0.379186, 0.362818, 0.345023, 0.326428, 0.307706, 0.289548, 0.272632, 0.257602, 0.245033, 0.235409, 0.229101, 0.226376
0.226376, 0.223649, 0.217324, 0.207636, 0.194915, 0.179603, 0.162237, 0.143433, 0.12387, 0.104258, 0.0853169, 0.0677427, 0.052183, 0.0392105, 0.0293014, 0.022819, 0.0200209
0.0200209, 0.0172227, 0.0107387, 0.000823934, -0.0121619, -0.0277466, -0.0453607, -0.0643591, -0.0840452, -0.103698, -0.122603, -0.140077, -0.155493, -0.168308, -0.178073, -0.18445, -0.1872
-0.1872, -0.189949, -0.196311, -0.206023, -0.218713, -0.233897, -0.250997, -0.269368, -0.288326, -0.307171, -0.325221, -0.341838, -0.356445, -0.368548, -0.377746, -0.383743, -0.386325
-0.386325, -0.388905, -0.394871, -0.403961, -0.415806, -0.429931, -0.445778, -0.462728, -0.480137, -0.497359, -0.513775, -0.528816, -0.541982, -0.552849, -0.561084, -0.56644, -0.568744
-0.568744, -0.571044, -0.576355, -0.584429, -0.594917, -0.607373, -0.621281, -0.636077, -0.651185, -0.666039, -0.68011, -0.692926, -0.70408, -0.713242, -0.720156, -0.72464, -0.726566
-0.726566, -0.728486, -0.732913, -0.739623, -0.7483, -0.758549, -0.769916, -0.781918, -0.794071, -0.805915, -0.817033, -0.827068, -0.83573, -0.84279, -0.848085, -0.851503, -0.852968
-0.852968, -0.854425, -0.857776, -0.862831, -0.869322, -0.87692, -0.885255, -0.893944, -0.902617, -0.910938, -0.918622, -0.925444, -0.931237, -0.935891, -0.939338, -0.941542, -0.942481
-0.942481, -0.943413, -0.945544, -0.948724, -0.952749, -0.957368, -0.962311, -0.967311, -0.972128, -0.976567, -0.980485, -0.983798, -0.986473, -0.988518, -0.989968, -0.990863, -0.991237
-0.991237, -0.991602, -0.99242, -0.99359, -0.994974, -0.996414, -0.997751, -0.998845, -0.999599, -0.999963, -0.999945, -0.999606, -0.999047, -0.998396, -0.997785, -0.997333, -0.997125
-0.997125, -0.996909, -0.996379, -0.995486, -0.99417, -0.992369, -0.990041, -0.987184, -0.983841, -0.980115, -0.976162, -0.972185, -0.968416, -0.965097, -0.962453, -0.960672, -0.959891
-0.959891, -0.959103, -0.957247, -0.954332, -0.950372, -0.945407, -0.939517, -0.93283, -0.925536, -0.917881, -0.910164, -0.902722, -0.895906, -0.890061, -0.885498, -0.882466, -0.881147
-0.881147, -0.87982, -0.876719, -0.871907, -0.865475, -0.857561, -0.848362, -0.838135, -0.827205, -0.815952, -0.804805, -0.794219, -0.784651, -0.776534, -0.770249, -0.766097, -0.764296
-0.764296, -0.762488, -0.758276, -0.751775, -0.743149, -0.732629, -0.720518, -0.707195, -0.693101, -0.678736, -0.664641, -0.651369, -0.639463, -0.629425, -0.62169, -0.616598, -0.614392
-0.614392, -0.612181, -0.607041, -0.599132, -0.588684, -0.576013, -0.561516, -0.545671, -0.529022, -0.512168, -0.495734, -0.48035, -0.466621, -0.455096, -0.446245, -0.440432, -0.437918
-0.437918, -0.4354, -0.429553, -0.420579, -0.408762, -0.394487, -0.37823, -0.360548, -0.342066, -0.323451, -0.305389, -0.288558, -0.273599, -0.261086, -0.251502, -0.24522, -0.242506
-0.242506, -0.23979, -0.23349, -0.223837, -0.211162, -0.195901, -0.178587, -0.159834, -0.140317, -0.120745, -0.101837, -0.0842871, -0.0687451, -0.0557842, -0.0458821, -0.0394034, -0.0366067
-0.0366067, -0.0338097, -0.0273282, -0.0174157, -0.0044304, 0.0111572, 0.0287796, 0.0477927, 0.0675004, 0.0871818, 0.10612, 0.123629, 0.139082, 0.151929, 0.161722, 0.168118, 0.170876
0.170876, 0.173633, 0.180015, 0.189759, 0.202493, 0.217733, 0.234901, 0.253353, 0.272399, 0.291339, 0.309487, 0.326199, 0.340894, 0.353073, 0.362332, 0.368368, 0.370969
0.370969, 0.373566, 0.379573, 0.388728, 0.400659, 0.414892, 0.430864, 0.447956, 0.465517, 0.482896, 0.49947, 0.514661, 0.527963, 0.538947, 0.547272, 0.552688, 0.555018
0.555018, 0.557344, 0.562717, 0.570885, 0.581499, 0.594109, 0.608194, 0.623187, 0.638503, 0.653571, 0.667853, 0.680867, 0.692201, 0.701514, 0.708546, 0.713107, 0.715066
0.715066, 0.71702, 0.721525, 0.728354, 0.737191, 0.747633, 0.759222, 0.771467, 0.783877, 0.795981, 0.807354, 0.817628, 0.826503, 0.833744, 0.839177, 0.842686, 0.84419
0.84419, 0.845687, 0.84913, 0.854325, 0.861002, 0.868825, 0.877417, 0.886385, 0.895351, 0.903968, 0.91194, 0.91903, 0.925063, 0.929917, 0.933518, 0.935823, 0.936806

-0.0105475, -0.0133461, -0.0198298, -0.0297416, -0.0427192, -0.058287, -0.0758732, -0.0948308, -0.114463, -0.13405, -0.152881, -0.170275, -0.185614, -0.198358, -0.208066, -0.214405, -0.217138
-0.217138, -0.219869, -0.22619, -0.235837, -0.248436, -0.263505, -0.280466, -0.298678, -0.317458, -0.336115, -0.353973, -0.370402, -0.384836, -0.396789, -0.40587, -0.411788, -0.414337
-0.414337, -0.416883, -0.422768, -0.431733, -0.443409, -0.457327, -0.47293, -0.489608, -0.506724, -0.523643, -0.539758, -0.554511, -0.567415, -0.57806, -0.586122, -0.591364, -0.593618
-0.593618, -0.595868, -0.601063, -0.608958, -0.619207, -0.631371, -0.644941, -0.659365, -0.674077, -0.688526, -0.7022, -0.71464, -0.725456, -0.734332, -0.741026, -0.745365, -0.747228
-0.747228, -0.749085, -0.753365, -0.759848, -0.768226, -0.778111, -0.789061, -0.800607, -0.812278, -0.823634, -0.834275, -0.843863, -0.852124, -0.858848, -0.863884, -0.867132, -0.868523
-0.868523, -0.869907, -0.873087, -0.877878, -0.884023, -0.891201, -0.899058, -0.907225, -0.915352, -0.923122, -0.93027, -0.936592, -0.94194, -0.946221, -0.949383, -0.9514, -0.952258
-0.952258, -0.953108, -0.955051, -0.957943, -0.961589, -0.96575, -0.970174, -0.97461, -0.97884, -0.982689, -0.986036, -0.988818, -0.991022, -0.992675, -0.993824, -0.994522, -0.994811
-0.994811, -0.995092, -0.995713, -0.996581, -0.99757, -0.998535, -0.999333, -0.999847, -0.999997, -0.999758, -0.999159, -0.998281, -0.997246, -0.996199, -0.995286, -0.994636, -0.994343
-0.994343, -0.994042, -0.993314, -0.992121, -0.99041, -0.988136, -0.985276, -0.981845, -0.977909, -0.973592, -0.969072, -0.964572, -0.960343, -0.956641, -0.953706, -0.951736, -0.950873
-0.950873, -0.950003, -0.947959, -0.944755, -0.940419, -0.935005, -0.928609, -0.921381, -0.91353, -0.905322, -0.897077, -0.88915, -0.881909, -0.875713, -0.870882, -0.867677, -0.866282
-0.866282, -0.864881, -0.861608, -0.856533, -0.849759, -0.841438, -0.831784, -0.821072, -0.809644, -0.7979, -0.786287, -0.775275, -0.765336, -0.756913, -0.750396, -0.746094, -0.744228
-0.744228, -0.742356, -0.737995, -0.731269, -0.722349, -0.711483, -0.698987, -0.685254, -0.670744, -0.655973, -0.641493, -0.627873, -0.615665, -0.60538, -0.597459, -0.592246, -0.589989
-0.589989, -0.587727, -0.582468, -0.57438, -0.563702, -0.550758, -0.535962, -0.519802, -0.502837, -0.485677, -0.468958, -0.453318, -0.439369, -0.427667, -0.418683, -0.412786, -0.410235
-0.410235, -0.407681, -0.401751, -0.392652, -0.380676, -0.366216, -0.349758, -0.331871, -0.313185, -0.294378, -0.276141, -0.259158, -0.244072, -0.231458, -0.221802, -0.215474, -0.21274
-0.21274, -0.210004, -0.20366, -0.193943, -0.181187, -0.165836, -0.148429, -0.129587, -0.109989, -0.0903474, -0.0713827, -0.0537913, -0.0382201, -0.0252406, -0.0153277, -0.00884355, -0.0060449
-0.0060449, -0.0032462, 0.00323839, 0.013153, 0.0261366, 0.0417153, 0.0593187, 0.0783007, 0.0979644, 0.11759, 0.136463, 0.153902, 0.169285, 0.182069, 0.191809, 0.198169, 0.200912
0.200912, 0.203652, 0.209997, 0.21968, 0.23233, 0.247463, 0.264501, 0.282802, 0.301681, 0.320442, 0.338407, 0.35494, 0.369469, 0.381505, 0.390651, 0.396612, 0.399179
0.399179, 0.401744, 0.407674, 0.416707, 0.428477, 0.442509, 0.458245, 0.475074, 0.492351, 0.509436, 0.525716, 0.540627, 0.553675, 0.564442, 0.572598, 0.577903, 0.580184
0.580184, 0.582462, 0.58772, 0.595713, 0.606093, 0.618418, 0.632172, 0.6468, 0.661728, 0.676399, 0.69029, 0.702935, 0.713936, 0.722969, 0.729783, 0.734201, 0.736099
0.736099, 0.73799, 0.742351, 0.748957, 0.757499, 0.767582, 0.77876, 0.790555, 0.802489, 0.814111, 0.825012, 0.834844, 0.843323, 0.850231, 0.855408, 0.858749, 0.86018
0.86018, 0.861604, 0.864877, 0.869811, 0.876145, 0.883552, 0.89167, 0.900121, 0.908545, 0.916615, 0.924055, 0.930649, 0.93624, 0.940723, 0.94404, 0.946159, 0.947061
0.947061, 0.947956, 0.950001, 0.95305, 0.956902, 0.961312, 0.966018, 0.970761, 0.97531, 0.97948, 0.983137, 0.986207, 0.988667, 0.990533, 0.991846, 0.992651, 0.992986
0.992986, 0.993313, 0.994041, 0.995073, 0.996276, 0.997499, 0.99859, 0.999419, 0.999897, 0.999985, 0.999702, 0.999116, 0.998339, 0.997507, 0.996758, 0.996216, 0.995968
0.995968, 0.995713, 0.995093, 0.994063, 0.992566, 0.990548, 0.987977, 0.984857, 0.981242, 0.977246, 0.973033, 0.968817, 0.964837, 0.961342, 0.958565, 0.956697, 0.955879
0.955879, 0.955053, 0.953111, 0.950063, 0.945931, 0.94076, 0.934638, 0.927703, 0.920153, 0.912244, 0.904285, 0.89662, 0.889609, 0.883603, 0.878917, 0.875806, 0.874452
0.874452, 0.873091, 0.869911, 0.864978, 0.858388, 0.850288, 0.840879, 0.83043, 0.81927, 0.807792, 0.79643, 0.785648, 0.775909, 0.767652, 0.76126, 0.757039, 0.755208
0.755208, 0.75337, 0.74909, 0.742485, 0.733724, 0.723044, 0.710756, 0.697244, 0.682958, 0.668406, 0.654133, 0.6407, 0.628655, 0.618503, 0.610682, 0.605534, 0.603304
0.603304, 0.60107, 0.595875, 0.587883, 0.577329, 0.564531, 0.549895, 0.533905, 0.51711, 0.500114, 0.483547, 0.468044, 0.454213, 0.442606, 0.433693, 0.427841, 0.42531
0.42531, 0.422775, 0.41689, 0.407857, 0.395966, 0.381605, 0.365254, 0.347476, 0.328899, 0.310194, 0.29205, 0.275148, 0.260129, 0.247568, 0.23795, 0.231646, 0.228923
0.228923, 0.226197, 0.219876, 0.210193, 0.19748, 0.182176, 0.164817, 0.146021, 0.126465, 0.106859, 0.0879224, 0.0703518, 0.0547946, 0.0418237, 0.0319155, 0.0254336, 0.0226357
0.0226357, 0.0198376, 0.0133539, 0.00343928, -0.00954675, -0.0251321, -0.0427479, -0.0617489, -0.0814388, -0.101097, -0.120007, -0.137487, -0.152909, -0.165729, -0.175499, -0.181879, -0.18463
-0.18463, -0.18738, -0.193746, -0.203463, -0.21616, -0.231353, -0.248464, -0.266849, -0.28582, -0.304681, -0.322747, -0.339379, -0.354, -0.366115, -0.375323, -0.381326, -0.383912
-0.383912, -0.386495, -0.392467, -0.401567, -0.413426, -0.427569, -0.443435, -0.460408, -0.477841, -0.495088, -0.51153, -0.526595, -0.539782, -0.550668, -0.558917, -0.564282, -0.566591
-0.566591, -0.568895, -0.574216, -0.582305, -0.592813, -0.605294, -0.619229, -0.634057, -0.649198, -0.664085, -0.67819, -0.691037, -0.70222, -0.711406, -0.718339, -0.722836, -0.724767
-0.724767, -0.726692, -0.731132, -0.73786, -0.746562, -0.756842, -0.768244, -0.780285, -0.792479, -0.804363, -0.815522, -0.825595, -0.83429, -0.84138, -0.846697, -0.850129, -0.851599
-0.851599, -0.853063, -0.856429, -0.861506, -0.868026, -0.87566, -0.884036, -0.892769, -0.901488, -0.909856, -0.917586, -0.92445, -0.930281, -0.934966, -0.938438, -0.940658, -0.941604
-0.941604, -0.942543, -0.944689, -0.947895, -0.951952, -0.95661, -0.961597, -0.966645, -0.971512, -0.976001, -0.979967, -0.983325, -0.98604, -0.98812, -0.989595, -0.990507, -0.990888
-0.990888, -0.991261, -0.992095, -0.993291, -0.994709, -0.996189, -0.997572, -0.998716, -0.999522, -0.999937, -0.999969, -0.999676, -0.999158, -0.99854, -0.997956, -0.997521, -0.99732
-0.99732, -0.997111, -0.996597, -0.995731, -0.994449, -0.992688, -0.990406, -0.987598, -0.984306, -0.980631, -0.976727, -0.972795, -0.969065, -0.965779, -0.96316, -0.961395, -0.960621
-0.960621, -0.95984, -0.958001, -0.95511, -0.951183, -0.946257, -0.940409, -0.933769, -0.926523, -0.918916, -0.911244, -0.903844, -0.897065, -0.891251, -0.88671, -0.883694, -0.88238
-0.88238, -0.88106, -0.877974, -0.873185, -0.866782, -0.858903, -0.849743, -0.839559, -0.828672, -0.817461, -0.806354, -0.795805, -0.78627, -0.778179, -0.771914, -0.767776, -0.765979
-0.765979, -0.764177, -0.759979, -0.753497, -0.744896, -0.734406, -0.72233, -0.709041, -0.694983, -0.680655, -0.666593, -0.653351, -0.641471, -0.631455, -0.623736, -0.618654, -0.616453
-0.616453, -0.614247, -0.609117, -0.601224, -0.590797, -0.578149, -0.563678, -0.54786, -0.53124, -0.514413, -0.498004, -0.482642, -0.468932, -0.457423, -0.448584, -0.442779, -0.440268
-0.440268, -0.437753, -0.431914, -0.42295, -0.411147, -0.396889, -0.380649, -0.362987, -0.344523, -0.325924, -0.307878, -0.291061, -0.276114, -0.263609, -0.254032, -0.247755, -0.245043
-0.245043, -0.242328, -0.236032, -0.226386, -0.213718, -0.198465, -0.181159, -0.162415, -0.142906, -0.123341, -0.104438, -0.0868929, -0.071354, -0.0583953, -0.0484946, -0.0420166, -0.0392202
-0.0392202, -0.0364235, -0.0299424, -0.0200306, -0.00704571, 0.00854201, 0.0261653, 0.0451802, 0.0648908, 0.0845761, 0.103519, 0.121033, 0.136491, 0.149344, 0.15914, 0.165539, 0.168298
0.168298, 0.171056, 0.177442, 0.187191, 0.199931, 0.215179, 0.232358, 0.250822, 0.269881, 0.288836, 0.306999, 0.323725, 0.338434, 0.350625, 0.359893, 0.365935, 0.368539
0.368539, 0.371139, 0.377152, 0.386317, 0.398262, 0.412511, 0.428503, 0.445616, 0.463201, 0.480605, 0.497202, 0.512417, 0.52574, 0.536742, 0.545082, 0.550507, 0.552841

0.578646, 0.576361, 0.57105, 0.562883, 0.552102, 0.539039, 0.524109, 0.507811, 0.490707, 0.473412, 0.456567, 0.440815, 0.426771, 0.414991, 0.40595, 0.400015, 0.397448
0.397448, 0.394878, 0.388913, 0.379759, 0.367714, 0.353174, 0.33663, 0.318653, 0.299881, 0.280991, 0.262681, 0.245634, 0.230494, 0.217839, 0.208151, 0.201804, 0.199062
0.199062, 0.196319, 0.189956, 0.180213, 0.167424, 0.152037, 0.134593, 0.115715, 0.0960858, 0.0764189, 0.0574345, 0.0398294, 0.0242497, 0.0112657, 0.00135097, -0.00513361, -0.00793228
-0.00793228, -0.0107309, -0.0172148, -0.0271273, -0.0401061, -0.0556759, -0.0732652, -0.092227, -0.111864, -0.131458, -0.150296, -0.167697, -0.183043, -0.195794, -0.205508, -0.211849, -0.214584
-0.214584, -0.217317, -0.223642, -0.233294, -0.245902, -0.260981, -0.277955, -0.296181, -0.314977, -0.33365, -0.351526, -0.367972, -0.382421, -0.394387, -0.403479, -0.409404, -0.411955
-0.411955, -0.414504, -0.420397, -0.429372, -0.441064, -0.454999, -0.470624, -0.487326, -0.504468, -0.521413, -0.537554, -0.552333, -0.56526, -0.575924, -0.584001, -0.589253, -0.591512
-0.591512, -0.593766, -0.598971, -0.606881, -0.617151, -0.629341, -0.64294, -0.657396, -0.672143, -0.686627, -0.700335, -0.712808, -0.723653, -0.732555, -0.739268, -0.743619, -0.745487
-0.745487, -0.74735, -0.751643, -0.758145, -0.766549, -0.776466, -0.787452, -0.799037, -0.81075, -0.822148, -0.83283, -0.842457, -0.850752, -0.857505, -0.862564, -0.865827, -0.867224
-0.867224, -0.868614, -0.871809, -0.876622, -0.882797, -0.890012, -0.89791, -0.906122, -0.914296, -0.922113, -0.929308, -0.935672, -0.941059, -0.945372, -0.948558, -0.950591, -0.951456
-0.951456, -0.952314, -0.954272, -0.957189, -0.960867, -0.965069, -0.969536, -0.974021, -0.978302, -0.982201, -0.985597, -0.988424, -0.990669, -0.992355, -0.99353, -0.994246, -0.994542
-0.994542, -0.99483, -0.995467, -0.996361, -0.997384, -0.99839, -0.999234, -0.999798, -1, -0.999812, -0.999263, -0.998431, -0.997437, -0.996423, -0.995536, -0.994903, -0.994617
-0.994617, -0.994323, -0.993613, -0.992445, -0.990768, -0.988534, -0.98572, -0.982337, -0.978452, -0.974186, -0.969714, -0.965259, -0.961069, -0.9574, -0.95449, -0.952536, -0.95168
-0.95168, -0.950817, -0.948788, -0.945609, -0.941305, -0.935929, -0.929576, -0.922394, -0.91459, -0.90643, -0.89823, -0.890344, -0.883139, -0.876972, -0.872165, -0.868974, -0.867586
-0.867586, -0.866191, -0.862932, -0.857879, -0.851134, -0.842848, -0.833233, -0.822562, -0.811176, -0.799474, -0.7879, -0.776924, -0.767016, -0.75862, -0.752123, -0.747833, -0.745972
-0.745972, -0.744105, -0.739758, -0.73305, -0.724156, -0.713318, -0.700855, -0.687156, -0.672682, -0.657945, -0.643498, -0.629906, -0.617724, -0.60746, -0.599554, -0.594351, -0.592098
-0.592098, -0.589841, -0.584592, -0.576519, -0.56586, -0.552939, -0.538168, -0.522034, -0.505096, -0.487961, -0.471266, -0.455647, -0.441717, -0.430029, -0.421057, -0.415166, -0.412619
-0.412619, -0.410068, -0.404145, -0.395056, -0.383093, -0.368648, -0.352207, -0.334336, -0.315668, -0.296876, -0.278654, -0.261683, -0.246608, -0.234002, -0.224351, -0.218027, -0.215295
-0.215295, -0.212561, -0.20622, -0.196508, -0.183759, -0.168415, -0.151015, -0.13218, -0.112588, -0.0929517, -0.0739911, -0.0564027, -0.0408334, -0.027855, -0.0179427, -0.0114588, -0.00866018
-0.00866018, -0.00586152, 0.000623047, 0.0105378, 0.023522, 0.0391021, 0.0567078, 0.0756931, 0.0953613, 0.114992, 0.133871, 0.151317, 0.166707, 0.179497, 0.189242, 0.195605, 0.198349
0.198349, 0.201091, 0.207439, 0.217128, 0.229786, 0.244928, 0.261978, 0.280293, 0.299186, 0.317963, 0.335945, 0.352493, 0.367037, 0.379086, 0.388242, 0.39421, 0.39678
0.39678, 0.399348, 0.405284, 0.414328, 0.426112, 0.440162, 0.455919, 0.472771, 0.490073, 0.507184, 0.523489, 0.538425, 0.551495, 0.562281, 0.570452, 0.575766, 0.578052
0.578052, 0.580334, 0.585602, 0.593611, 0.604011, 0.61636, 0.630144, 0.644803, 0.659765, 0.67447, 0.688395, 0.701073, 0.712103, 0.72116, 0.727993, 0.732423, 0.734326
0.734326, 0.736223, 0.740596, 0.747222, 0.755789, 0.765904, 0.777117, 0.78895, 0.800926, 0.812589, 0.823531, 0.833401, 0.841915, 0.848851, 0.854051, 0.857406, 0.858843
0.858843, 0.860273, 0.863561, 0.868518, 0.874881, 0.882325, 0.890483, 0.898979, 0.907449, 0.915566, 0.923052, 0.929689, 0.935317, 0.939833, 0.943174, 0.945309, 0.946218
0.946218, 0.94712, 0.949181, 0.952255, 0.956139, 0.960589, 0.965339, 0.97013, 0.974729, 0.978949, 0.982655, 0.985771, 0.988271, 0.990171, 0.991509, 0.992331, 0.992674
0.992674, 0.993008, 0.993752, 0.99481, 0.996048, 0.997311, 0.998448, 0.999327, 0.999856, 0.999996, 0.999762, 0.999222, 0.998486, 0.997688, 0.996965, 0.996439, 0.9962
0.9962, 0.995952, 0.995348, 0.994344, 0.992881, 0.990904, 0.988378, 0.985307, 0.981743, 0.977797, 0.973633, 0.969461, 0.965521, 0.962059, 0.959307, 0.957455, 0.956644
0.956644, 0.955825, 0.953899, 0.950876, 0.946776, 0.941644, 0.935565, 0.928676, 0.921174, 0.913313, 0.905399, 0.897775, 0.890801, 0.884825, 0.880162, 0.877065, 0.875717
0.875717, 0.874363, 0.871197, 0.866287, 0.859727, 0.851661, 0.842292, 0.831884, 0.820767, 0.809331, 0.798009, 0.787264, 0.777557, 0.769325, 0.762953, 0.758745, 0.756919
0.756919, 0.755087, 0.75082, 0.744234, 0.735498, 0.724848, 0.712593, 0.699116, 0.684866, 0.670349, 0.656109, 0.642706, 0.630686, 0.620556, 0.61275, 0.607613, 0.605388
0.605388, 0.603158, 0.597973, 0.589997, 0.579462, 0.566688, 0.552078, 0.536114, 0.519347, 0.502377, 0.485835, 0.470354, 0.456542, 0.44495, 0.436048, 0.430204, 0.427675
0.427675, 0.425144, 0.419266, 0.410244, 0.398366, 0.384021, 0.367688, 0.349928, 0.331368, 0.312679, 0.29455, 0.277661, 0.262653, 0.250101, 0.240489, 0.23419, 0.231468
0.231468, 0.228744, 0.222427, 0.212749, 0.200043, 0.184747, 0.167396, 0.148608, 0.129059, 0.109459, 0.0905273, 0.0729604, 0.0574058, 0.0444366, 0.0345294, 0.028048, 0.0252503
0.0252503, 0.0224523, 0.0159689, 0.0060546, -0.00693149, -0.0225175, -0.0401348, -0.0591384, -0.0788318, -0.0984946, -0.11741, -0.134896, -0.150324, -0.163149, -0.172923, -0.179307, -0.182059
-0.182059, -0.184811, -0.19118, -0.200902, -0.213606, -0.228808, -0.24593, -0.264327, -0.283313, -0.302189, -0.320271, -0.336918, -0.351553, -0.36368, -0.372898, -0.378907, -0.381496
-0.381496, -0.384081, -0.39006, -0.399171, -0.411043, -0.425203, -0.441089, -0.458085, -0.475542, -0.492814, -0.509281, -0.52437, -0.537578, -0.548483, -0.556746, -0.562121, -0.564434
-0.564434, -0.566742, -0.572072, -0.580176, -0.590704, -0.60321, -0.617174, -0.632032, -0.647206, -0.662128, -0.676266, -0.689145, -0.700356, -0.709566, -0.716517, -0.721026, -0.722962
-0.722962, -0.724893, -0.729345, -0.736092, -0.74482, -0.75513, -0.766568, -0.778647, -0.790881, -0.802807, -0.814006, -0.824117, -0.832846, -0.839963, -0.845302, -0.848749, -0.850226
-0.850226, -0.851696, -0.855076, -0.860175, -0.866725, -0.874394, -0.882811, -0.891588, -0.900353, -0.908768, -0.916543, -0.923449, -0.929318, -0.934035, -0.937531, -0.939767, -0.94072
-0.94072, -0.941666, -0.943828, -0.947058, -0.951147, -0.955844, -0.960875, -0.965971, -0.970889, -0.975428, -0.979443, -0.982846, -0.985602, -0.987714, -0.989215, -0.990144, -0.990532
-0.990532, -0.990912, -0.991764, -0.992985, -0.994437, -0.995958, -0.997386, -0.99858, -0.999437, -0.999905, -0.999986, -0.999739, -0.999262, -0.998678, -0.99812, -0.997701, -0.997508
-0.997508, -0.997306, -0.99681, -0.995969, -0.994721, -0.993, -0.990764, -0.988005, -0.984764, -0.98114, -0.977284, -0.973397, -0.969707, -0.966454, -0.96386, -0.962112, -0.961345
-0.961345, -0.96057, -0.958747, -0.955882, -0.951987, -0.947099, -0.941295, -0.934702, -0.927504, -0.919944, -0.912318, -0.90496, -0.898217, -0.892434, -0.887916, -0.884915, -0.883608
-0.883608, -0.882294, -0.879223, -0.874456, -0.868083, -0.86024, -0.851119, -0.840977, -0.830133, -0.818965, -0.807899, -0.797386, -0.787883, -0.779819, -0.773574, -0.769449, -0.767658
-0.767658, -0.765862, -0.761676, -0.755214, -0.746638, -0.736179, -0.724136, -0.710883, -0.696862, -0.682569, -0.66854, -0.655329, -0.643476, -0.633481, -0.625778, -0.620707, -0.61851
-0.61851, -0.616309, -0.611189, -0.603312, -0.592905, -0.580281, -0.565836, -0.550046, -0.533454, -0.516654, -0.50027, -0.484931, -0.471241, -0.459747, -0.45092, -0.445122, -0.442615
-0.442615, -0.440103, -0.434271, -0.425319, -0.41353, -0.399288, -0.383067, -0.365422, -0.346977, -0.328396, -0.310365, -0.293562, -0.278626, -0.266131, -0.256561, -0.250288, -0.247577
-0.247577, -0.244865, -0.238572, -0.228932, -0.216272, -0.201027, -0.183731, -0.164995, -0.145494, -0.125936, -0.107039, -0.089498, -0.0739625, -0.061006, -0.0511067, -0.0446295, -0.0418334

0.947295, 0.946394, 0.94428, 0.94097, 0.936495, 0.930915, 0.924333, 0.916906, 0.908849, 0.900438, 0.891999, 0.883893, 0.876496, 0.87017, 0.865242, 0.861973, 0.860551
0.860551, 0.859122, 0.855785, 0.850614, 0.843714, 0.835245, 0.825423, 0.814533, 0.802923, 0.791, 0.779217, 0.768049, 0.757974, 0.749439, 0.742838, 0.738481, 0.736591
0.736591, 0.734695, 0.730281, 0.723472, 0.714446, 0.703453, 0.690817, 0.676935, 0.662274, 0.647355, 0.632736, 0.618989, 0.606672, 0.596298, 0.588309, 0.583053, 0.580777
0.580777, 0.578497, 0.573195, 0.565042, 0.554281, 0.54124, 0.526335, 0.510062, 0.492984, 0.475714, 0.458892, 0.443161, 0.429134, 0.417369, 0.408338, 0.40241, 0.399847
0.399847, 0.39728, 0.391321, 0.382177, 0.370145, 0.35562, 0.339092, 0.321131, 0.302375, 0.2835, 0.265203, 0.248168, 0.233038, 0.22039, 0.210708, 0.204365, 0.201625
0.201625, 0.198883, 0.192523, 0.182785, 0.170002, 0.154621, 0.137184, 0.118313, 0.0986887, 0.0790263, 0.0600453, 0.0424426, 0.0268642, 0.0138808, 0.00396631, -0.00251828, -0.00531699
-0.00531699, -0.00811566, -0.0145998, -0.0245129, -0.0374927, -0.0530644, -0.0706566, -0.0896224, -0.109265, -0.128865, -0.147709, -0.165118, -0.180472, -0.193229, -0.202947, -0.209293, -0.212029
-0.212029, -0.214763, -0.221092, -0.23075, -0.243366, -0.258455, -0.275441, -0.293682, -0.312494, -0.331184, -0.349076, -0.365539, -0.380003, -0.391982, -0.401084, -0.407016, -0.409571
-0.409571, -0.412123, -0.418022, -0.427009, -0.438715, -0.452669, -0.468314, -0.485041, -0.502208, -0.51918, -0.535347, -0.550151, -0.5631, -0.573784, -0.581876, -0.587138, -0.589401
-0.589401, -0.59166, -0.596875, -0.6048, -0.615091, -0.627306, -0.640935, -0.655423, -0.670204, -0.684724, -0.698466, -0.710971, -0.721846, -0.730772, -0.737504, -0.741868, -0.743742
-0.743742, -0.74561, -0.749915, -0.756437, -0.764867, -0.774815, -0.785837, -0.797461, -0.809216, -0.820656, -0.831379, -0.841045, -0.849375, -0.856157, -0.861238, -0.864515, -0.865918
-0.865918, -0.867315, -0.870524, -0.875361, -0.881565, -0.888816, -0.896755, -0.905013, -0.913233, -0.921098, -0.928339, -0.934746, -0.940171, -0.944516, -0.947726, -0.949776, -0.950648
-0.950648, -0.951512, -0.953487, -0.956429, -0.96014, -0.96438, -0.968892, -0.973426, -0.977756, -0.981706, -0.985151, -0.988024, -0.990309, -0.992029, -0.99323, -0.993962, -0.994265
-0.994265, -0.994561, -0.995215, -0.996135, -0.997192, -0.998238, -0.999129, -0.999742, -0.999996, -0.99986, -0.99936, -0.998574, -0.99762, -0.996641, -0.99578, -0.995164, -0.994885
-0.994885, -0.994598, -0.993904, -0.992762, -0.991119, -0.988926, -0.986157, -0.982823, -0.978989, -0.974773, -0.97035, -0.965939, -0.961788, -0.958152, -0.955266, -0.953328, -0.95248
-0.95248, -0.951623, -0.949611, -0.946457, -0.942185, -0.936847, -0.930537, -0.923401, -0.915645, -0.907531, -0.899376, -0.891531, -0.884363, -0.878226, -0.873441, -0.870265, -0.868883
-0.868883, -0.867495, -0.864251, -0.85922, -0.852504, -0.844253, -0.834676, -0.824046, -0.812703, -0.801043, -0.789508, -0.778568, -0.768692, -0.760321, -0.753844, -0.749567, -0.747712
-0.747712, -0.74585, -0.741515, -0.734826, -0.725957, -0.715149, -0.702718, -0.689054, -0.674614, -0.659912, -0.645497, -0.631935, -0.619778, -0.609535, -0.601645, -0.596453, -0.594204
-0.594204, -0.591951, -0.586712, -0.578654, -0.568014, -0.555117, -0.54037, -0.524263, -0.507352, -0.490243, -0.473571, -0.457974, -0.444062, -0.432389, -0.423428, -0.417544, -0.415
-0.415, -0.412452, -0.406536, -0.397457, -0.385508, -0.371078, -0.354654, -0.3368, -0.318148, -0.299372, -0.281165, -0.264207, -0.249141, -0.236544, -0.226899, -0.220579, -0.217848
-0.217848, -0.215116, -0.208778, -0.199072, -0.186329, -0.170992, -0.1536, -0.134772, -0.115186, -0.0955555, -0.076599, -0.0590137, -0.0434464, -0.0304692, -0.0205575, -0.0140739, -0.0112754
-0.0112754, -0.0084768, -0.0019923, 0.00792259, 0.0209073, 0.0364886, 0.0540964, 0.073085, 0.0927575, 0.112394, 0.131279, 0.148731, 0.164127, 0.176923, 0.186673, 0.193039, 0.195785
0.195785, 0.198529, 0.20488, 0.214574, 0.22724, 0.242391, 0.259453, 0.277781, 0.29669, 0.315483, 0.33348, 0.350045, 0.364603, 0.376664, 0.38583, 0.391805, 0.394378
0.394378, 0.396948, 0.402892, 0.411947, 0.423745, 0.437812, 0.45359, 0.470464, 0.487791, 0.504928, 0.521259, 0.53622, 0.549311, 0.560116, 0.568302, 0.573626, 0.575916
0.575916, 0.578202, 0.58348, 0.591504, 0.601924, 0.614299, 0.628111, 0.642802, 0.657798, 0.672537, 0.686496, 0.699205, 0.710264, 0.719345, 0.726197, 0.73064, 0.732548
0.732548, 0.73445, 0.738836, 0.745481, 0.754073, 0.764219, 0.775468, 0.787341, 0.799357, 0.811062, 0.822045, 0.831953, 0.840501, 0.847466, 0.852687, 0.856057, 0.8575
0.8575, 0.858937, 0.862239, 0.867219, 0.873612, 0.881091, 0.88929, 0.89783, 0.906347, 0.914511, 0.922043, 0.928722, 0.934389, 0.938936, 0.942302, 0.944453, 0.945369
0.945369, 0.946278, 0.948355, 0.951453, 0.95537, 0.959858, 0.964653, 0.969492, 0.974142, 0.978412, 0.982167, 0.985328, 0.987869, 0.989802, 0.991166, 0.992005, 0.992354
0.992354, 0.992696, 0.993457, 0.994541, 0.995812, 0.997116, 0.998299, 0.999227, 0.999808, 1, 0.999816, 0.999322, 0.998627, 0.997862, 0.997165, 0.996657, 0.996424
0.996424, 0.996184, 0.995597, 0.994618, 0.993189, 0.991252, 0.988772, 0.98575, 0.982237, 0.978342, 0.974227, 0.9701, 0.966199, 0.962769, 0.960042, 0.958207, 0.957402
0.957402, 0.956591, 0.954681, 0.951683, 0.947615, 0.942521, 0.936485, 0.929643, 0.922188, 0.914375, 0.906506, 0.898924, 0.891986, 0.88604, 0.8814, 0.878319, 0.876977
0.876977, 0.875629, 0.872478, 0.867591, 0.86106, 0.853029, 0.843699, 0.833332, 0.822259, 0.810864, 0.799583, 0.788874, 0.779199, 0.770994, 0.764642, 0.760446, 0.758626
0.758626, 0.7568, 0.752545, 0.745979, 0.737268, 0.726647, 0.714426, 0.700984, 0.686769, 0.672287, 0.658081, 0.644708, 0.632714, 0.622605, 0.614815, 0.609688, 0.607467
0.607467, 0.605242, 0.600067, 0.592106, 0.581592, 0.568841, 0.554257, 0.53832, 0.52158, 0.504636, 0.488119, 0.47266, 0.458867, 0.44729, 0.438401, 0.432563, 0.430038
0.430038, 0.42751, 0.421639, 0.412627, 0.400764, 0.386434, 0.370118, 0.352376, 0.333834, 0.315162, 0.297048, 0.280173, 0.265176, 0.252632, 0.243027, 0.236732, 0.234011
0.234011, 0.231289, 0.224976, 0.215304, 0.202605, 0.187316, 0.169974, 0.151194, 0.131652, 0.112058, 0.0931316, 0.0755685, 0.0600167, 0.0470492, 0.0371431, 0.0306622, 0.0278647
0.0278647, 0.0250669, 0.0185839, 0.00866987, -0.00431618, -0.0199027, -0.0375214, -0.0565274, -0.0762244, -0.0958916, -0.114813, -0.132304, -0.147738, -0.160569, -0.170347, -0.176733, -0.179487
-0.179487, -0.18224, -0.188612, -0.198339, -0.21105, -0.226261, -0.243394, -0.261804, -0.280804, -0.299695, -0.317792, -0.334454, -0.349103, -0.361243, -0.37047, -0.376485, -0.379077
-0.379077, -0.381665, -0.387651, -0.396771, -0.408658, -0.422834, -0.438741, -0.455759, -0.47324, -0.490537, -0.507028, -0.522141, -0.535371, -0.546294, -0.554572, -0.559956, -0.562273
-0.562273, -0.564585, -0.569925, -0.578044, -0.588592, -0.601122, -0.615114, -0.630003, -0.64521, -0.660166, -0.674337, -0.687247, -0.698487, -0.707721, -0.714691, -0.719211, -0.721153
-0.721153, -0.723089, -0.727553, -0.734319, -0.743072, -0.753413, -0.764885, -0.777003, -0.789278, -0.801245, -0.812484, -0.822633, -0.831395, -0.838541, -0.843902, -0.847363, -0.848846
-0.848846, -0.850322, -0.853717, -0.858838, -0.865417, -0.873122, -0.881579, -0.8904, -0.899212, -0.907673, -0.915494, -0.922443, -0.928349, -0.933098, -0.936618, -0.93887, -0.93983
-0.93983, -0.940782, -0.942961, -0.946215, -0.950337, -0.955072, -0.960148, -0.965292, -0.970259, -0.974848, -0.978912, -0.982361, -0.985156, -0.987302, -0.988829, -0.989774, -0.99017
-0.99017, -0.990557, -0.991425, -0.992672, -0.994158, -0.995719, -0.997194, -0.998438, -0.999346, -0.999865, -0.999997, -0.999795, -0.999359, -0.998809, -0.998277, -0.997875, -0.997689
-0.997689, -0.997495, -0.997015, -0.9962, -0.994986, -0.993306, -0.991115, -0.988405, -0.985216, -0.981642, -0.977835, -0.973993, -0.970343, -0.967122, -0.964553, -0.962822, -0.962062
-0.962062, -0.961294, -0.959488, -0.956647, -0.952784, -0.947935, -0.942175, -0.935628, -0.928478, -0.920966, -0.913386, -0.906069, -0.899364, -0.893611, -0.889116, -0.88613, -0.884829
-0.884829, -0.883522, -0.880466, -0.875722, -0.869378, -0.86157, -0.852489, -0.842389, -0.831588, -0.820463, -0.809437, -0.798962, -0.789491, -0.781454, -0.775229, -0.771117, -0.769332
-0.769332, -0.767541, -0.763368, -0.756926, -0.748376, -0.737946, -0.725937, -0.71272, -0.698735, -0.684478, -0.670483, -0.657302, -0.645475, -0.635503, -0.627816, -0.622756, -0.620563

0.954892, 0.955719, 0.957607, 0.960416, 0.963953, 0.967983, 0.972257, 0.976531, 0.980592, 0.984272, 0.987455, 0.990084, 0.992154, 0.993693, 0.994756, 0.995399, 0.995663
0.995663, 0.995919, 0.996484, 0.997265, 0.998141, 0.99897, 0.999614, 0.999962, 0.99994, 0.999528, 0.998762, 0.99773, 0.996559, 0.995399, 0.9944, 0.993694, 0.993376
0.993376, 0.99305, 0.992266, 0.990987, 0.989164, 0.986755, 0.983743, 0.980148, 0.976043, 0.971558, 0.966877, 0.962228, 0.957867, 0.954057, 0.951039, 0.949015, 0.948129
0.948129, 0.947236, 0.945137, 0.941852, 0.937409, 0.931867, 0.925328, 0.917946, 0.909937, 0.901573, 0.893178, 0.885113, 0.877752, 0.871456, 0.86655, 0.863296, 0.86188
0.86188, 0.860457, 0.857135, 0.851986, 0.845115, 0.83668, 0.826897, 0.816047, 0.804479, 0.792598, 0.780853, 0.769721, 0.759677, 0.751168, 0.744586, 0.740242, 0.738358
0.738358, 0.736467, 0.732065, 0.725275, 0.716273, 0.705309, 0.692705, 0.678858, 0.664231, 0.649346, 0.634759, 0.621041, 0.608749, 0.598395, 0.590422, 0.585176, 0.582904
0.582904, 0.580628, 0.575336, 0.567198, 0.556456, 0.543437, 0.528557, 0.51231, 0.495258, 0.478013, 0.461215, 0.445504, 0.431495, 0.419744, 0.410724, 0.404803, 0.402243
0.402243, 0.399679, 0.393726, 0.384593, 0.372573, 0.358063, 0.341551, 0.323607, 0.304867, 0.286007, 0.267724, 0.250701, 0.235581, 0.222941, 0.213264, 0.206925, 0.204186
0.204186, 0.201445, 0.195089, 0.185355, 0.172579, 0.157204, 0.139774, 0.120909, 0.101291, 0.0816332, 0.0626558, 0.0450554, 0.0294785, 0.0164959, 0.00658162, 9.70644e-05, -0.00270166
-0.00270166, -0.00550037, -0.0119847, -0.0218982, -0.0348791, -0.0504526, -0.0680475, -0.0870173, -0.106665, -0.126271, -0.145122, -0.162538, -0.177899, -0.190662, -0.200386, -0.206735, -0.209472
-0.209472, -0.212208, -0.21854, -0.228205, -0.240829, -0.255928, -0.272926, -0.291181, -0.310008, -0.328715, -0.346624, -0.363103, -0.377582, -0.389575, -0.398687, -0.404626, -0.407184
-0.407184, -0.409738, -0.415645, -0.424642, -0.436363, -0.450335, -0.466002, -0.482752, -0.499945, -0.516943, -0.533136, -0.547965, -0.560937, -0.57164, -0.579747, -0.585019, -0.587286
-0.587286, -0.589549, -0.594774, -0.602716, -0.613027, -0.625267, -0.638925, -0.653446, -0.668261, -0.682815, -0.696592, -0.709129, -0.720033, -0.728984, -0.735735, -0.740112, -0.741991
-0.741991, -0.743864, -0.748182, -0.754724, -0.76318, -0.773159, -0.784217, -0.795881, -0.807677, -0.819159, -0.829923, -0.839627, -0.847991, -0.854802, -0.859906, -0.863198, -0.864607
-0.864607, -0.86601, -0.869234, -0.874094, -0.880328, -0.887615, -0.895595, -0.903897, -0.912165, -0.920077, -0.927363, -0.933814, -0.939277, -0.943654, -0.946889, -0.948954, -0.949833
-0.949833, -0.950705, -0.952696, -0.955662, -0.959405, -0.963685, -0.968242, -0.972823, -0.977205, -0.981205, -0.984699, -0.987617, -0.989943, -0.991696, -0.992923, -0.993672, -0.993982
-0.993982, -0.994285, -0.994956, -0.995902, -0.996992, -0.998079, -0.999016, -0.999679, -0.999984, -0.9999, -0.99945, -0.99871, -0.997797, -0.996852, -0.996016, -0.995417, -0.995146
-0.995146, -0.994866, -0.994189, -0.993073, -0.991464, -0.989311, -0.986587, -0.983303, -0.979519, -0.975353, -0.970979, -0.966613, -0.962501, -0.958897, -0.956037, -0.954115, -0.953273
-0.953273, -0.952424, -0.950427, -0.947298, -0.943058, -0.937758, -0.931492, -0.924402, -0.916693, -0.908627, -0.900517, -0.892713, -0.88558, -0.879474, -0.874712, -0.871551, -0.870175
-0.870175, -0.868793, -0.865563, -0.860556, -0.853869, -0.845652, -0.836113, -0.825525, -0.814224, -0.802605, -0.791111, -0.780207, -0.770362, -0.762017, -0.755559, -0.751296, -0.749446
-0.749446, -0.74759, -0.743267, -0.736598, -0.727753, -0.716974, -0.704576, -0.690947, -0.676543, -0.661875, -0.647493, -0.63396, -0.621829, -0.611606, -0.603732, -0.59855, -0.596306
-0.596306, -0.594057, -0.588828, -0.580785, -0.570165, -0.55729, -0.542569, -0.526489, -0.509604, -0.49252, -0.475873, -0.460297, -0.446404, -0.434746, -0.425796, -0.419919, -0.417378
-0.417378, -0.414833, -0.408924, -0.399856, -0.387919, -0.373506, -0.357098, -0.339262, -0.320627, -0.301867, -0.283673, -0.266728, -0.251673, -0.239084, -0.229445, -0.223129, -0.2204
-0.2204, -0.217669, -0.211335, -0.201634, -0.188898, -0.173568, -0.156184, -0.137363, -0.117784, -0.0981585, -0.0792064, -0.0616243, -0.0460592, -0.0330833, -0.0231722, -0.0166889, -0.0138905
-0.0138905, -0.011092, -0.00460764, 0.0053073, 0.0182925, 0.0338749, 0.0514847, 0.0704764, 0.0901531, 0.109795, 0.128686, 0.146145, 0.161547, 0.174348, 0.184103, 0.190473, 0.193219
0.193219, 0.195965, 0.202319, 0.212019, 0.224692, 0.239853, 0.256927, 0.275268, 0.294191, 0.313, 0.331013, 0.347593, 0.362167, 0.37424, 0.383416, 0.389397, 0.391973
0.391973, 0.394547, 0.400497, 0.409562, 0.421374, 0.435459, 0.451258, 0.468155, 0.485506, 0.502669, 0.519026, 0.53401, 0.547124, 0.557948, 0.566148, 0.571482, 0.573776
0.573776, 0.576066, 0.581354, 0.589393, 0.599834, 0.612233, 0.626074, 0.640796, 0.655826, 0.670599, 0.684592, 0.697333, 0.708421, 0.717526, 0.724397, 0.728852, 0.730765
0.730765, 0.732673, 0.737071, 0.743735, 0.752353, 0.76253, 0.773814, 0.785726, 0.797783, 0.809529, 0.820553, 0.830499, 0.839081, 0.846074, 0.851318, 0.854702, 0.856152
0.856152, 0.857595, 0.860912, 0.865914, 0.872336, 0.879851, 0.88809, 0.896675, 0.905239, 0.91345, 0.921028, 0.927749, 0.933454, 0.938033, 0.941423, 0.94359, 0.944513
0.944513, 0.945429, 0.947522, 0.950645, 0.954594, 0.959121, 0.96396, 0.968848, 0.973548, 0.977868, 0.981672, 0.984878, 0.987459, 0.989426, 0.990815, 0.991671, 0.992028
0.992028, 0.992377, 0.993155, 0.994264, 0.995569, 0.996914, 0.998143, 0.999121, 0.999754, 0.999997, 0.999863, 0.999415, 0.99876, 0.99803, 0.997359, 0.996867, 0.996642
0.996642, 0.996408, 0.995838, 0.994886, 0.99349, 0.991594, 0.98916, 0.986187, 0.982725, 0.97888, 0.974813, 0.970731, 0.966869, 0.963473, 0.96077, 0.958952, 0.958154
0.958154, 0.95735, 0.955456, 0.952483, 0.948447, 0.943392, 0.937399, 0.930603, 0.923197, 0.91543, 0.907607, 0.900067, 0.893165, 0.88725, 0.882633, 0.879566, 0.878231
0.878231, 0.876889, 0.873753, 0.868888, 0.862387, 0.854391, 0.8451, 0.834775, 0.823744, 0.812392, 0.801151, 0.790478, 0.780835, 0.772657, 0.766324, 0.762142, 0.760327
0.760327, 0.758507, 0.754265, 0.747718, 0.739032, 0.728442, 0.716253, 0.702846, 0.688668, 0.674221, 0.660048, 0.646705, 0.634737, 0.624649, 0.616876, 0.611759, 0.609543
0.609543, 0.607322, 0.602157, 0.594212, 0.583717, 0.57099, 0.556432, 0.540522, 0.52381, 0.506893, 0.4904, 0.474964, 0.461189, 0.449628, 0.44075, 0.43492, 0.432398
0.432398, 0.429873, 0.424009, 0.415008, 0.403159, 0.388845, 0.372547, 0.354823, 0.336298, 0.317643, 0.299545, 0.282682, 0.267696, 0.255162, 0.245563, 0.239272, 0.236553
0.236553, 0.233833, 0.227523, 0.217857, 0.205165, 0.189885, 0.172551, 0.153779, 0.134244, 0.114657, 0.0957353, 0.0781761, 0.0626271, 0.0496615, 0.0397565, 0.0332762, 0.0304789
0.0304789, 0.0276814, 0.0211987, 0.0112851, -0.00170084, -0.0172879, -0.0349078, -0.053916, -0.0736164, -0.093288, -0.112214, -0.129711, -0.145151, -0.157987, -0.167769, -0.174158, -0.176914
-0.176914, -0.179667, -0.186043, -0.195775, -0.208493, -0.223713, -0.240856, -0.259279, -0.278293, -0.297198, -0.315311, -0.331988, -0.346651, -0.358803, -0.36804, -0.374061, -0.376655
-0.376655, -0.379246, -0.385239, -0.394369, -0.406269, -0.420463, -0.436389, -0.453429, -0.470934, -0.488256, -0.504772, -0.519909, -0.53316, -0.544102, -0.552394, -0.557787, -0.560108
-0.560108, -0.562424, -0.567774, -0.575908, -0.586476, -0.59903, -0.61305, -0.62797, -0.64321, -0.658199, -0.672404, -0.685345, -0.696613, -0.705871, -0.712859, -0.717392, -0.719339
-0.719339, -0.72128, -0.725756, -0.732541, -0.741319, -0.751691, -0.763198, -0.775354, -0.787669, -0.799677, -0.810956, -0.821143, -0.829939, -0.837113, -0.842496, -0.845971, -0.84746
-0.84746, -0.848943, -0.852352, -0.857495, -0.864104, -0.871844, -0.880341, -0.889207, -0.898065, -0.906572, -0.914438, -0.92143, -0.927374, -0.932154, -0.935698, -0.937966, -0.938933
-0.938933, -0.939892, -0.942087, -0.945366, -0.94952, -0.954294, -0.959413, -0.964605, -0.969623, -0.974262, -0.978375, -0.981868, -0.984704, -0.986883, -0.988435, -0.989398, -0.989801
-0.989801, -0.990195, -0.99108, -0.992353, -0.993872, -0.995474, -0.996995, -0.998288, -0.999248, -0.999819, -1, -0.999845, -0.999449, -0.998934, -0.998427, -0.998042, -0.997863
-0.997863, -0.997676, -0.997213, -0.996425, -0.995244, -0.993604, -0.99146, -0.988799, -0.98566, -0.982137, -0.978379, -0.974582, -0.970972, -0.967784, -0.96524, -0.963525, -0.962772

0.598541, 0.600781, 0.605952, 0.61381, 0.62401, 0.636114, 0.649615, 0.663962, 0.678593, 0.69296, 0.706552, 0.718915, 0.729662, 0.73848, 0.745129, 0.749438, 0.751289
0.751289, 0.753133, 0.757383, 0.76382, 0.772137, 0.781948, 0.792813, 0.804265, 0.815839, 0.827095, 0.837639, 0.847137, 0.855316, 0.861972, 0.866956, 0.87017, 0.871546
0.871546, 0.872914, 0.87606, 0.880798, 0.886872, 0.893966, 0.901725, 0.909787, 0.917803, 0.925462, 0.932502, 0.938723, 0.943982, 0.948187, 0.951291, 0.95327, 0.954112
0.954112, 0.954946, 0.95685, 0.959684, 0.963254, 0.967323, 0.971642, 0.975965, 0.980076, 0.983806, 0.987038, 0.989713, 0.991823, 0.993397, 0.994486, 0.995145, 0.995416
0.995416, 0.99568, 0.996261, 0.997069, 0.997978, 0.998848, 0.999538, 0.999935, 0.999965, 0.999605, 0.998889, 0.997903, 0.996772, 0.995646, 0.994673, 0.993983, 0.993673
0.993673, 0.993355, 0.992588, 0.991334, 0.989544, 0.987176, 0.984209, 0.980663, 0.976609, 0.972174, 0.967541, 0.962937, 0.958615, 0.954837, 0.951844, 0.949836, 0.948957
0.948957, 0.948071, 0.945989, 0.942728, 0.938317, 0.932813, 0.926317, 0.918981, 0.911018, 0.902701, 0.894351, 0.886327, 0.879002, 0.872736, 0.867853, 0.864613, 0.863203
0.863203, 0.861787, 0.858479, 0.853352, 0.84651, 0.838109, 0.828365, 0.817556, 0.80603, 0.79419, 0.782484, 0.771388, 0.761375, 0.752892, 0.74633, 0.741998, 0.740119
0.740119, 0.738234, 0.733844, 0.727073, 0.718096, 0.707161, 0.694589, 0.680776, 0.666184, 0.651333, 0.636778, 0.623089, 0.610822, 0.600489, 0.592531, 0.587295, 0.585027
0.585027, 0.582755, 0.577473, 0.56935, 0.558627, 0.545631, 0.530775, 0.514554, 0.497528, 0.480308, 0.463533, 0.447844, 0.433853, 0.422116, 0.413107, 0.407193, 0.404636
0.404636, 0.402075, 0.396129, 0.387006, 0.374999, 0.360504, 0.344008, 0.326081, 0.307356, 0.288512, 0.270243, 0.253232, 0.238122, 0.225489, 0.215819, 0.209483, 0.206745
0.206745, 0.204006, 0.197654, 0.187925, 0.175154, 0.159787, 0.142363, 0.123505, 0.103893, 0.0842396, 0.0652658, 0.047668, 0.0320927, 0.0191108, 0.00919689, 0.00271241, -8.63176e-05
-8.63176e-05, -0.00288505, -0.00936951, -0.0192834, -0.0322652, -0.0478404, -0.065438, -0.0844116, -0.104064, -0.123676, -0.142534, -0.159957, -0.175324, -0.188094, -0.197823, -0.204175, -0.206914
-0.206914, -0.209651, -0.215987, -0.225658, -0.238289, -0.253399, -0.270409, -0.288678, -0.307521, -0.326244, -0.34417, -0.360665, -0.375159, -0.387165, -0.396287, -0.402233, -0.404793
-0.404793, -0.407351, -0.413265, -0.422273, -0.434009, -0.447998, -0.463686, -0.48046, -0.497678, -0.514702, -0.530922, -0.545775, -0.55877, -0.569492, -0.577614, -0.582895, -0.585167
-0.585167, -0.587435, -0.59267, -0.600627, -0.610959, -0.623224, -0.636911, -0.651464, -0.666313, -0.680902, -0.694713, -0.707283, -0.718216, -0.727191, -0.733961, -0.73835, -0.740235
-0.740235, -0.742114, -0.746445, -0.753006, -0.761487, -0.771498, -0.782592, -0.794295, -0.806132, -0.817656, -0.828461, -0.838203, -0.846602, -0.853442, -0.858568, -0.861874, -0.86329
-0.86329, -0.864699, -0.867938, -0.87282, -0.879084, -0.886407, -0.894428, -0.902775, -0.91109, -0.919049, -0.926382, -0.932875, -0.938376, -0.942785, -0.946045, -0.948126, -0.949012
-0.949012, -0.94989, -0.951897, -0.954889, -0.958664, -0.962983, -0.967585, -0.972215, -0.976646, -0.980697, -0.98424, -0.987204, -0.989569, -0.991356, -0.992609, -0.993375, -0.993692
-0.993692, -0.994002, -0.994691, -0.995662, -0.996786, -0.997914, -0.998897, -0.999609, -0.999966, -0.999934, -0.999533, -0.998839, -0.997967, -0.997056, -0.996246, -0.995664, -0.9954
-0.9954, -0.995128, -0.994467, -0.993377, -0.991801, -0.989689, -0.98701, -0.983775, -0.980042, -0.975927, -0.971601, -0.967279, -0.963207, -0.959636, -0.9568, -0.954895, -0.95406
-0.95406, -0.953218, -0.951237, -0.948132, -0.943925, -0.938664, -0.93244, -0.925397, -0.917735, -0.909716, -0.901651, -0.893888, -0.886792, -0.880716, -0.875976, -0.87283, -0.871461
-0.871461, -0.870085, -0.86687, -0.861885, -0.855227, -0.847045, -0.837545, -0.826998, -0.815739, -0.804163, -0.792708, -0.78184, -0.772027, -0.763708, -0.75727, -0.753019, -0.751175
-0.751175, -0.749324, -0.745014, -0.738364, -0.729544, -0.718795, -0.70643, -0.692835, -0.678466, -0.663833, -0.649483, -0.635981, -0.623875, -0.613673, -0.605815, -0.600643, -0.598403
-0.598403, -0.596158, -0.59094, -0.582912, -0.572311, -0.55946, -0.544764, -0.52871, -0.511852, -0.494795, -0.478171, -0.462617, -0.448742, -0.4371, -0.428161, -0.422291, -0.419753
-0.419753, -0.417211, -0.411309, -0.402251, -0.390329, -0.37593, -0.35954, -0.341721, -0.323103, -0.304359, -0.28618, -0.269248, -0.254204, -0.241623, -0.23199, -0.225677, -0.22295
-0.22295, -0.220221, -0.213891, -0.204195, -0.191466, -0.176144, -0.158766, -0.139953, -0.12038, -0.100761, -0.0818133, -0.0642344, -0.0486716, -0.0356971, -0.0257868, -0.0193039, -0.0165056
-0.0165056, -0.0137072, -0.00722294, 0.00269197, 0.0156775, 0.0312609, 0.0488727, 0.0678673, 0.0875481, 0.107195, 0.126092, 0.143557, 0.158965, 0.171773, 0.181532, 0.187905, 0.190653
0.190653, 0.193399, 0.199757, 0.209463, 0.222143, 0.237313, 0.254398, 0.272752, 0.29169, 0.310515, 0.328544, 0.34514, 0.359728, 0.371814, 0.380999, 0.386987, 0.389566
0.389566, 0.392142, 0.398099, 0.407175, 0.419001, 0.433103, 0.448922, 0.465842, 0.483218, 0.500406, 0.516788, 0.531797, 0.544933, 0.555775, 0.563991, 0.569334, 0.571632
0.571632, 0.573926, 0.579224, 0.587278, 0.597739, 0.610163, 0.624032, 0.638786, 0.653849, 0.668657, 0.682683, 0.695456, 0.706572, 0.715702, 0.722591, 0.727059, 0.728977
0.728977, 0.73089, 0.735301, 0.741984, 0.750628, 0.760835, 0.772155, 0.784105, 0.796203, 0.807991, 0.819055, 0.82904, 0.837655, 0.844677, 0.849943, 0.853342, 0.854797
0.854797, 0.856246, 0.859578, 0.864602, 0.871054, 0.878605, 0.886885, 0.895515, 0.904125, 0.912383, 0.920006, 0.92677, 0.932513, 0.937124, 0.940538, 0.942721, 0.943651
0.943651, 0.944573, 0.946682, 0.94983, 0.953811, 0.958378, 0.963261, 0.968197, 0.972947, 0.977318, 0.98117, 0.984422, 0.987043, 0.989043, 0.990458, 0.991331, 0.991695
0.991695, 0.992051, 0.992846, 0.993981, 0.99532, 0.996705, 0.99798, 0.999008, 0.999692, 0.999987, 0.999902, 0.999501, 0.998887, 0.998191, 0.997545, 0.99707, 0.996852
0.996852, 0.996627, 0.996073, 0.995147, 0.993785, 0.991929, 0.98954, 0.986616, 0.983205, 0.979411, 0.975393, 0.971356, 0.967534, 0.96417, 0.961493, 0.95969, 0.9589
0.9589, 0.958102, 0.956224, 0.953276, 0.949273, 0.944256, 0.938307, 0.931557, 0.924199, 0.91648, 0.908702, 0.901203, 0.894338, 0.888453, 0.883859, 0.880807, 0.879479
0.879479, 0.878143, 0.875023, 0.87018, 0.863708, 0.855747, 0.846495, 0.836212, 0.825224, 0.813914, 0.802713, 0.792077, 0.782466, 0.774314, 0.768002, 0.763833, 0.762024
0.762024, 0.760208, 0.755979, 0.749452, 0.740791, 0.730231, 0.718076, 0.704704, 0.690562, 0.67615, 0.66201, 0.648697, 0.636756, 0.626689, 0.618932, 0.613826, 0.611614
0.611614, 0.609397, 0.604243, 0.596313, 0.585839, 0.573135, 0.558603, 0.542721, 0.526036, 0.509145, 0.492678, 0.477263, 0.463508, 0.451962, 0.443096, 0.437273, 0.434755
0.434755, 0.432232, 0.426376, 0.417386, 0.405551, 0.391254, 0.374973, 0.357267, 0.33876, 0.320122, 0.302039, 0.28519, 0.270215, 0.25769, 0.248097, 0.24181, 0.239094
0.239094, 0.236375, 0.230069, 0.220409, 0.207724, 0.192452, 0.175126, 0.156362, 0.136835, 0.117254, 0.0983383, 0.0807832, 0.0652371, 0.0522735, 0.0423696, 0.03589, 0.0330929
0.0330929, 0.0302956, 0.0238134, 0.0139002, 0.000914508, -0.0146728, -0.0322939, -0.0513043, -0.0710079, -0.0906838, -0.109615, -0.127117, -0.142562, -0.155404, -0.16519, -0.171582, -0.174339
-0.174339, -0.177094, -0.183472, -0.19321, -0.205935, -0.221163, -0.238317, -0.256752, -0.27578, -0.2947, -0.312828, -0.32952, -0.344197, -0.35636, -0.365607, -0.371634, -0.374231
-0.374231, -0.376825, -0.382824, -0.391964, -0.403878, -0.418088, -0.434034, -0.451096, -0.468626, -0.485972, -0.502513, -0.517673, -0.530946, -0.541905, -0.550212, -0.555615, -0.55794
-0.55794, -0.56026, -0.56562, -0.573768, -0.584355, -0.596933, -0.610981, -0.625933, -0.641205, -0.656228, -0.670465, -0.683438, -0.694734, -0.704016, -0.711022, -0.715567, -0.717519
-0.717519, -0.719466, -0.723955, -0.730759, -0.739562, -0.749963, -0.761506, -0.7737, -0.786055, -0.798104, -0.809423, -0.819647, -0.828477, -0.83568, -0.841084, -0.844574, -0.846069
-0.846069, -0.847558, -0.850981, -0.856147, -0.862785, -0.87056, -0.879098, -0.888007, -0.896911, -0.905465, -0.913377, -0.92041, -0.926392, -0.931204, -0.934772, -0.937056, -0.93803

0.0140632, 0.0168616, 0.0233448, 0.0332558, 0.0462316, 0.0617966, 0.0793785, 0.0983303, 0.117955, 0.137534, 0.156354, 0.173738, 0.189068, 0.201803, 0.211504, 0.217838, 0.220568
0.220568, 0.223297, 0.229613, 0.239252, 0.25184, 0.266895, 0.283839, 0.302031, 0.32079, 0.339424, 0.357259, 0.373666, 0.388079, 0.400014, 0.409081, 0.41499, 0.417534
0.417534, 0.420076, 0.425952, 0.434901, 0.446558, 0.460451, 0.476025, 0.492671, 0.509752, 0.526635, 0.542714, 0.557434, 0.570307, 0.580926, 0.588967, 0.594195, 0.596444
0.596444, 0.598688, 0.60387, 0.611743, 0.621964, 0.634094, 0.647624, 0.662004, 0.67667, 0.691072, 0.704699, 0.717094, 0.727871, 0.736714, 0.743383, 0.747704, 0.74956
0.74956, 0.75141, 0.755672, 0.762129, 0.770472, 0.780315, 0.791216, 0.802708, 0.814324, 0.825622, 0.836208, 0.845744, 0.853958, 0.860643, 0.86565, 0.868878, 0.87026
0.87026, 0.871635, 0.874796, 0.879556, 0.885661, 0.892791, 0.900592, 0.908699, 0.916762, 0.924468, 0.931555, 0.937818, 0.943115, 0.947353, 0.950481, 0.952476, 0.953325
0.953325, 0.954167, 0.956087, 0.958946, 0.962548, 0.966657, 0.97102, 0.975391, 0.979554, 0.983334, 0.986615, 0.989336, 0.991486, 0.993093, 0.994208, 0.994884, 0.995163
0.995163, 0.995434, 0.996032, 0.996865, 0.997809, 0.998719, 0.999456, 0.999902, 0.999983, 0.999675, 0.999008, 0.998069, 0.996979, 0.995886, 0.994939, 0.994267, 0.993963
0.993963, 0.993652, 0.992902, 0.991674, 0.989918, 0.98759, 0.984669, 0.981172, 0.977168, 0.972783, 0.968199, 0.963639, 0.959357, 0.955611, 0.952643, 0.950651, 0.949779
0.949779, 0.9489, 0.946833, 0.943597, 0.939218, 0.933752, 0.927299, 0.920009, 0.912094, 0.903823, 0.895518, 0.887535, 0.880246, 0.87401, 0.869149, 0.865924, 0.864521
0.864521, 0.863111, 0.859818, 0.854713, 0.8479, 0.839533, 0.829827, 0.81906, 0.807575, 0.795776, 0.78411, 0.77305, 0.763068, 0.754611, 0.748068, 0.743749, 0.741875
0.741875, 0.739995, 0.735618, 0.728866, 0.719914, 0.709008, 0.696468, 0.682689, 0.668132, 0.653315, 0.638792, 0.625133, 0.612891, 0.602578, 0.594636, 0.58941, 0.587146
0.587146, 0.584879, 0.579606, 0.571498, 0.560794, 0.54782, 0.53299, 0.516795, 0.499795, 0.482601, 0.465849, 0.450181, 0.436208, 0.424486, 0.415488, 0.409581, 0.407026
0.407026, 0.404468, 0.398529, 0.389416, 0.377422, 0.362942, 0.346462, 0.328552, 0.309844, 0.291016, 0.27276, 0.255761, 0.240661, 0.228037, 0.218372, 0.212039, 0.209303
0.209303, 0.206566, 0.200217, 0.190493, 0.177729, 0.162368, 0.144951, 0.1261, 0.106493, 0.0868453, 0.0678753, 0.0502802, 0.0347065, 0.0217256, 0.0118121, 0.00532774, 0.00252903
0.00252903, -0.0002697, -0.00675425, -0.0166685, -0.0296511, -0.0452279, -0.0628281, -0.0818053, -0.101463, -0.121081, -0.139945, -0.157375, -0.172749, -0.185525, -0.195258, -0.201614, -0.204355
-0.204355, -0.207093, -0.213433, -0.223109, -0.235749, -0.250868, -0.26789, -0.286173, -0.305031, -0.32377, -0.341713, -0.358224, -0.372734, -0.384752, -0.393885, -0.399837, -0.402401
-0.402401, -0.404961, -0.410882, -0.419901, -0.431651, -0.445659, -0.461368, -0.478164, -0.495408, -0.512458, -0.528704, -0.543582, -0.556599, -0.56734, -0.575477, -0.580768, -0.583044
-0.583044, -0.585316, -0.590561, -0.598534, -0.608886, -0.621177, -0.634893, -0.649477, -0.66436, -0.678984, -0.69283, -0.705432, -0.716394, -0.725394, -0.732183, -0.736584, -0.738474
-0.738474, -0.740358, -0.744702, -0.751282, -0.759789, -0.769831, -0.780961, -0.792703, -0.804582, -0.816147, -0.826994, -0.836774, -0.845207, -0.852076, -0.857224, -0.860545, -0.861967
-0.861967, -0.863383, -0.866636, -0.871541, -0.877835, -0.885194, -0.893256, -0.901647, -0.910008, -0.918015, -0.925393, -0.93193, -0.937469, -0.94191, -0.945194, -0.947291, -0.948184
-0.948184, -0.94907, -0.951093, -0.954109, -0.957917, -0.962275, -0.966921, -0.971599, -0.976081, -0.980182, -0.983774, -0.986783, -0.989189, -0.99101, -0.992288, -0.993071, -0.993396
-0.993396, -0.993713, -0.994418, -0.995415, -0.996573, -0.997742, -0.99877, -0.999533, -0.999941, -0.99996, -0.99961, -0.998962, -0.998131, -0.997253, -0.996469, -0.995904, -0.995647
-0.995647, -0.995382, -0.994739, -0.993674, -0.992132, -0.99006, -0.987427, -0.984241, -0.980559, -0.976494, -0.972216, -0.96794, -0.963907, -0.960368, -0.957557, -0.955668, -0.95484
-0.95484, -0.954005, -0.952041, -0.94896, -0.944785, -0.939562, -0.933382, -0.926385, -0.918771, -0.910799, -0.902779, -0.895058, -0.887998, -0.881952, -0.877235, -0.874103, -0.872741
-0.872741, -0.871371, -0.868171, -0.863208, -0.856579, -0.848432, -0.838971, -0.828466, -0.817249, -0.805715, -0.794299, -0.783468, -0.773687, -0.765394, -0.758976, -0.754737, -0.752898
-0.752898, -0.751054, -0.746756, -0.740125, -0.73133, -0.720611, -0.708278, -0.694719, -0.680385, -0.665787, -0.65147, -0.637997, -0.625917, -0.615736, -0.607894, -0.602732, -0.600496
-0.600496, -0.598256, -0.593047, -0.585035, -0.574454, -0.561626, -0.546955, -0.530928, -0.514097, -0.497066, -0.480467, -0.464935, -0.451078, -0.43945, -0.430523, -0.424661, -0.422125
-0.422125, -0.419586, -0.413691, -0.404644, -0.392735, -0.378353, -0.361979, -0.344177, -0.325577, -0.306849, -0.288685, -0.271766, -0.256732, -0.24416, -0.234533, -0.228225, -0.225499
-0.225499, -0.222771, -0.216445, -0.206755, -0.194032, -0.178717, -0.161348, -0.142542, -0.122976, -0.103363, -0.0844196, -0.0668442, -0.0512837, -0.0383106, -0.0284012, -0.0219187, -0.0191205
-0.0191205, -0.0163222, -0.00983819, 7.66215e-05, 0.0130624, 0.0286467, 0.0462603, 0.0652577, 0.0849425, 0.104594, 0.123497, 0.140968, 0.156383, 0.169195, 0.178959, 0.185335, 0.188085
0.188085, 0.190833, 0.197194, 0.206905, 0.219592, 0.234772, 0.251868, 0.270235, 0.289188, 0.308028, 0.326073, 0.342684, 0.357286, 0.369385, 0.37858, 0.384574, 0.387156
0.387156, 0.389735, 0.395699, 0.404785, 0.416625, 0.430744, 0.446584, 0.463526, 0.480927, 0.49814, 0.514547, 0.529581, 0.542738, 0.553599, 0.561829, 0.567181, 0.569484
0.569484, 0.571783, 0.577091, 0.585159, 0.59564, 0.608089, 0.621986, 0.636772, 0.651868, 0.66671, 0.68077, 0.693575, 0.704719, 0.713873, 0.720781, 0.725261, 0.727185
0.727185, 0.729103, 0.733526, 0.740228, 0.748897, 0.759136, 0.77049, 0.782479, 0.794618, 0.806447, 0.817552, 0.827574, 0.836224, 0.843274, 0.848562, 0.851975, 0.853437
0.853437, 0.854893, 0.858239, 0.863285, 0.869767, 0.877353, 0.885674, 0.894348, 0.903004, 0.911309, 0.918978, 0.925785, 0.931565, 0.936208, 0.939646, 0.941845, 0.942782
0.942782, 0.943711, 0.945836, 0.949009, 0.953023, 0.957628, 0.962556, 0.967539, 0.972339, 0.97676, 0.980661, 0.983959, 0.98662, 0.988654, 0.990094, 0.990984, 0.991355
0.991355, 0.991719, 0.992531, 0.993691, 0.995064, 0.99649, 0.99781, 0.998888, 0.999624, 0.999971, 0.999936, 0.99958, 0.999007, 0.998344, 0.997725, 0.997267, 0.997056
0.997056, 0.996838, 0.996302, 0.995401, 0.994073, 0.992257, 0.989914, 0.987039, 0.983679, 0.979936, 0.975966, 0.971974, 0.968192, 0.964861, 0.962208, 0.960422, 0.959639
0.959639, 0.958848, 0.956986, 0.954063, 0.950092, 0.945114, 0.939208, 0.932505, 0.925194, 0.917523, 0.909791, 0.902334, 0.895505, 0.889651, 0.885079, 0.882043, 0.88072
0.88072, 0.879391, 0.876286, 0.871466, 0.865023, 0.857097, 0.847885, 0.837644, 0.826699, 0.815431, 0.80427, 0.793671, 0.784092, 0.775967, 0.769674, 0.765518, 0.763715
0.763715, 0.761905, 0.757689, 0.751181, 0.742546, 0.732015, 0.719894, 0.706558, 0.692451, 0.678075, 0.663968, 0.650685, 0.63877, 0.628725, 0.620984, 0.615888, 0.613681
0.613681, 0.611469, 0.606325, 0.598411, 0.587956, 0.575276, 0.56077, 0.544916, 0.528258, 0.511395, 0.494952, 0.47956, 0.465824, 0.454294, 0.445439, 0.439624, 0.437108
0.437108, 0.434589, 0.42874, 0.419762, 0.40794, 0.393659, 0.377396, 0.359708, 0.34122, 0.322599, 0.304531, 0.287696, 0.272733, 0.260216, 0.25063, 0.244347, 0.241632
0.241632, 0.238916, 0.232614, 0.22296, 0.210282, 0.195018, 0.1777, 0.158945, 0.139425, 0.119851, 0.100941, 0.0833897, 0.0678467, 0.0548851, 0.0449825, 0.0385036, 0.0357067
0.0357067, 0.0329097, 0.0264279, 0.0165153, 0.00352985, -0.0120577, -0.0296798, -0.0486922, -0.0683989, -0.0880789, -0.107015, -0.124523, -0.139973, -0.15282, -0.16261, -0.169005, -0.171763
-0.171763, -0.174519, -0.180901, -0.190643, -0.203375, -0.218612, -0.235776, -0.254224, -0.273265, -0.2922, -0.310343, -0.32705, -0.34174, -0.353915, -0.363171, -0.369205, -0.371805
-0.371805, -0.374401, -0.380406, -0.389557, -0.401484, -0.415711, -0.431677, -0.448761, -0.466314, -0.483685, -0.50025, -0.515433, -0.528728, -0.539706, -0.548026, -0.553438, -0.555767

-0.575775, -0.573484, -0.56816, -0.559973, -0.549167, -0.536074, -0.521112, -0.504779, -0.48764, -0.470312, -0.453436, -0.437657, -0.423588, -0.411789, -0.402734, -0.39679, -0.394219
-0.394219, -0.391646, -0.385671, -0.376504, -0.364442, -0.349883, -0.333317, -0.315319, -0.296525, -0.277615, -0.259287, -0.242224, -0.227071, -0.214406, -0.204711, -0.198359, -0.195616
-0.195616, -0.19287, -0.186503, -0.176753, -0.163957, -0.148561, -0.131108, -0.112222, -0.0925856, -0.0729128, -0.0539241, -0.0363161, -0.0207347, -0.00774996, 0.00216494, 0.00864943, 0.011448
0.011448, 0.0142465, 0.0207301, 0.0306418, 0.0436189, 0.059186, 0.0767712, 0.0957273, 0.115358, 0.134943, 0.153771, 0.171162, 0.186499, 0.199241, 0.208947, 0.215284, 0.218016
0.218016, 0.220747, 0.227067, 0.236712, 0.249308, 0.264373, 0.28133, 0.299537, 0.318312, 0.336963, 0.354815, 0.371239, 0.385667, 0.397616, 0.406693, 0.412609, 0.415157
0.415157, 0.417701, 0.423584, 0.432545, 0.444216, 0.458127, 0.473723, 0.490393, 0.507501, 0.52441, 0.540516, 0.55526, 0.568156, 0.578795, 0.586852, 0.59209, 0.594343
0.594343, 0.596591, 0.601783, 0.609672, 0.619914, 0.632069, 0.645629, 0.660042, 0.674742, 0.689179, 0.702841, 0.715269, 0.726075, 0.734943, 0.741631, 0.745965, 0.747826
0.747826, 0.749681, 0.753957, 0.760433, 0.768802, 0.778677, 0.789614, 0.801146, 0.812803, 0.824144, 0.834771, 0.844346, 0.852595, 0.859309, 0.864338, 0.867581, 0.868969
0.868969, 0.870351, 0.873525, 0.878309, 0.884443, 0.891609, 0.899452, 0.907604, 0.915714, 0.923468, 0.9306, 0.936907, 0.942242, 0.946512, 0.949665, 0.951676, 0.952532
0.952532, 0.953381, 0.955317, 0.958201, 0.961835, 0.965984, 0.970392, 0.974811, 0.979024, 0.982855, 0.986185, 0.988952, 0.991142, 0.992783, 0.993923, 0.994616, 0.994902
0.994902, 0.995181, 0.995796, 0.996655, 0.997632, 0.998583, 0.999366, 0.999862, 0.999995, 0.999738, 0.999121, 0.998228, 0.997179, 0.99612, 0.995198, 0.994543, 0.994247
0.994247, 0.993943, 0.99321, 0.992007, 0.990285, 0.987997, 0.985121, 0.981673, 0.97772, 0.973386, 0.96885, 0.964334, 0.960091, 0.956379, 0.953435, 0.951459, 0.950594
0.950594, 0.949722, 0.947671, 0.94446, 0.940112, 0.934685, 0.928274, 0.921031, 0.913163, 0.904939, 0.896679, 0.888737, 0.881484, 0.875278, 0.870439, 0.867229, 0.865832
0.865832, 0.864428, 0.86115, 0.856068, 0.849283, 0.840951, 0.831283, 0.820557, 0.809115, 0.797357, 0.785731, 0.774706, 0.764756, 0.756324, 0.749801, 0.745494, 0.743626
0.743626, 0.741752, 0.737387, 0.730654, 0.721726, 0.71085, 0.698343, 0.684598, 0.670076, 0.655293, 0.640802, 0.627172, 0.614955, 0.604663, 0.596736, 0.59152, 0.589261
0.589261, 0.586998, 0.581736, 0.573643, 0.562958, 0.550007, 0.535201, 0.519032, 0.502059, 0.48489, 0.468162, 0.452515, 0.43856, 0.426852, 0.417865, 0.411965, 0.409413
0.409413, 0.406858, 0.400926, 0.391824, 0.379843, 0.365378, 0.348914, 0.331021, 0.31233, 0.293517, 0.275275, 0.258288, 0.243199, 0.230582, 0.220923, 0.214594, 0.21186
0.21186, 0.209124, 0.202778, 0.19306, 0.180302, 0.164948, 0.147539, 0.128694, 0.109093, 0.0894505, 0.0704844, 0.052892, 0.0373202, 0.0243403, 0.0144272, 0.00794303, 0.00514436
0.00514436, 0.00234565, -0.00413894, -0.0140535, -0.0270368, -0.0426151, -0.0602177, -0.0791984, -0.0988605, -0.118484, -0.137355, -0.154792, -0.170172, -0.182954, -0.192693, -0.199052, -0.201794
-0.201794, -0.204534, -0.210877, -0.220559, -0.233206, -0.248335, -0.26537, -0.283666, -0.302539, -0.321295, -0.339254, -0.355781, -0.370305, -0.382337, -0.39148, -0.397438, -0.400005
-0.400005, -0.402568, -0.408496, -0.417526, -0.42929, -0.443316, -0.459046, -0.475866, -0.493134, -0.510211, -0.526482, -0.541385, -0.554424, -0.565185, -0.573336, -0.578637, -0.580918
-0.580918, -0.583193, -0.588449, -0.596436, -0.606809, -0.619125, -0.63287, -0.647486, -0.662403, -0.677062, -0.690941, -0.703576, -0.714567, -0.723591, -0.730399, -0.734813, -0.736708
-0.736708, -0.738598, -0.742954, -0.749553, -0.758086, -0.768159, -0.779325, -0.791106, -0.803026, -0.814633, -0.82552, -0.835339, -0.843807, -0.850704, -0.855874, -0.85921, -0.860639
-0.860639, -0.86206, -0.865329, -0.870255, -0.876579, -0.883974, -0.892077, -0.900513, -0.908921, -0.916975, -0.924399, -0.930978, -0.936556, -0.941028, -0.944337, -0.94645, -0.94735
-0.94735, -0.948242, -0.950282, -0.953322, -0.957163, -0.96156, -0.96625, -0.970977, -0.975509, -0.979661, -0.983301, -0.986356, -0.988802, -0.990657, -0.99196, -0.99276, -0.993092
-0.993092, -0.993417, -0.994139, -0.995162, -0.996354, -0.997563, -0.998637, -0.99945, -0.99991, -0.99998, -0.999679, -0.999078, -0.998287, -0.997443, -0.996685, -0.996137, -0.995887
-0.995887, -0.99563, -0.995003, -0.993964, -0.992456, -0.990424, -0.987837, -0.9847, -0.981068, -0.977055, -0.972825, -0.968593, -0.9646, -0.961094, -0.958308, -0.956435, -0.955614
-0.955614, -0.954786, -0.952838, -0.949782, -0.945639, -0.940454, -0.934317, -0.927366, -0.9198, -0.911875, -0.9039, -0.896221, -0.889198, -0.883181, -0.878487, -0.875371, -0.874014
-0.874014, -0.872651, -0.869466, -0.864525, -0.857926, -0.849813, -0.840392, -0.829928, -0.818754, -0.807261, -0.795886, -0.785091, -0.775341, -0.767075, -0.760676, -0.756451, -0.754617
-0.754617, -0.752778, -0.748493, -0.741882, -0.733112, -0.722422, -0.710122, -0.696598, -0.6823, -0.667736, -0.653452, -0.640009, -0.627954, -0.617795, -0.609968, -0.604817, -0.602586
-0.602586, -0.60035, -0.595151, -0.587154, -0.576593, -0.563788, -0.549143, -0.533143, -0.516339, -0.499334, -0.482759, -0.467248, -0.453411, -0.441798, -0.432882, -0.427027, -0.424495
-0.424495, -0.421959, -0.416071, -0.407035, -0.395139, -0.380772, -0.364416, -0.346632, -0.328049, -0.309337, -0.291188, -0.274282, -0.259259, -0.246695, -0.237075, -0.23077, -0.228046
-0.228046, -0.22532, -0.218998, -0.209313, -0.196597, -0.18129, -0.163929, -0.14513, -0.125571, -0.105964, -0.0870253, -0.0694534, -0.0538954, -0.0409239, -0.0310154, -0.0245333, -0.0217353
-0.0217353, -0.0189372, -0.0124534, -0.00253873, 0.0104473, 0.0260324, 0.0436476, 0.0626477, 0.0823363, 0.101993, 0.120901, 0.138378, 0.153799, 0.166617, 0.176385, 0.182764, 0.185515
0.185515, 0.188265, 0.194629, 0.204345, 0.21704, 0.232229, 0.249336, 0.267716, 0.286683, 0.305538, 0.323599, 0.340226, 0.354842, 0.366953, 0.376158, 0.382158, 0.384743
0.384743, 0.387325, 0.393295, 0.402392, 0.414246, 0.428383, 0.444242, 0.461207, 0.478632, 0.495871, 0.512303, 0.52736, 0.54054, 0.551419, 0.559663, 0.565026, 0.567333
0.567333, 0.569635, 0.574953, 0.583037, 0.593538, 0.60601, 0.619936, 0.634753, 0.649882, 0.664758, 0.678852, 0.691688, 0.702861, 0.712039, 0.718966, 0.723458, 0.725387
0.725387, 0.727311, 0.731746, 0.738467, 0.747161, 0.75743, 0.768821, 0.780848, 0.793028, 0.804898, 0.816043, 0.826103, 0.834787, 0.841866, 0.847175, 0.850603, 0.852071
0.852071, 0.853533, 0.856894, 0.861962, 0.868473, 0.876095, 0.884457, 0.893175, 0.901878, 0.910229, 0.917943, 0.924793, 0.930611, 0.935285, 0.938748, 0.940963, 0.941907
0.941907, 0.942843, 0.944984, 0.948181, 0.952227, 0.956872, 0.961843, 0.966875, 0.971725, 0.976196, 0.980146, 0.983489, 0.98619, 0.988258, 0.989724, 0.99063, 0.991009
0.991009, 0.991379, 0.992208, 0.993395, 0.994801, 0.996267, 0.997634, 0.998762, 0.999549, 0.999947, 0.999962, 0.999653, 0.99912, 0.998491, 0.997898, 0.997457, 0.997253
0.997253, 0.997042, 0.996523, 0.995648, 0.994354, 0.992579, 0.990281, 0.987456, 0.984147, 0.980454, 0.976533, 0.972585, 0.968843, 0.965545, 0.962917, 0.961147, 0.960371
0.960371, 0.959587, 0.957742, 0.954843, 0.950904, 0.945965, 0.940103, 0.933447, 0.926184, 0.91856, 0.910873, 0.903458, 0.896666, 0.890842, 0.886294, 0.883272, 0.881956
0.881956, 0.880634, 0.877543, 0.872745, 0.866332, 0.858442, 0.849268, 0.839069, 0.828167, 0.816942, 0.805822, 0.795259, 0.785713, 0.777614, 0.771342, 0.767198, 0.7654
0.7654, 0.763596, 0.759393, 0.752905, 0.744295, 0.733795, 0.721707, 0.708406, 0.694336, 0.679995, 0.665921, 0.652669, 0.64078, 0.630757, 0.623032, 0.617947, 0.615744
0.615744, 0.613536, 0.608403, 0.600504, 0.59007, 0.577414, 0.562934, 0.547107, 0.530477, 0.51364, 0.497223, 0.481853, 0.468137, 0.456622, 0.447779, 0.441971, 0.439459
0.439459, 0.436943, 0.431101, 0.422134, 0.410326, 0.396062, 0.379816, 0.362147, 0.343677, 0.325073, 0.307021, 0.2902, 0.275248, 0.26274, 0.253161, 0.246882, 0.244169
0.244169, 0.241454, 0.235157, 0.225508, 0.212838, 0.197582, 0.180274, 0.161526, 0.142015, 0.122447, 0.103542, 0.0859957, 0.0704557, 0.0574963, 0.047595, 0.0411168, 0.0383203

-0.946162, -0.945253, -0.943117, -0.939774, -0.935256, -0.929625, -0.922986, -0.915497, -0.907377, -0.898903, -0.890404, -0.882243, -0.874798, -0.868433, -0.863474, -0.860185, -0.858754
-0.858754, -0.857317, -0.853961, -0.84876, -0.841822, -0.833306, -0.823433, -0.812488, -0.800822, -0.788844, -0.777008, -0.765793, -0.755676, -0.747107, -0.74048, -0.736106, -0.734209
-0.734209, -0.732306, -0.727874, -0.72104, -0.711981, -0.70095, -0.68827, -0.674343, -0.659636, -0.644671, -0.63001, -0.616224, -0.603873, -0.593472, -0.585462, -0.580193, -0.577911
-0.577911, -0.575625, -0.57031, -0.562138, -0.551351, -0.53828, -0.523342, -0.507035, -0.489922, -0.472618, -0.455766, -0.440007, -0.425956, -0.414171, -0.405126, -0.399189, -0.396622
-0.396622, -0.394051, -0.388083, -0.378926, -0.366877, -0.352332, -0.335782, -0.3178, -0.299022, -0.280127, -0.261812, -0.244761, -0.229618, -0.21696, -0.20727, -0.200922, -0.19818
-0.19818, -0.195436, -0.189072, -0.179327, -0.166536, -0.151147, -0.1337, -0.114821, -0.0951894, -0.0755209, -0.0565354, -0.0389296, -0.0233494, -0.0103652, -0.000450411, 0.00603415, 0.00883281
0.00883281, 0.0116314, 0.0181153, 0.0280276, 0.0410059, 0.0565751, 0.0741633, 0.0931236, 0.112759, 0.132351, 0.151186, 0.168585, 0.183929, 0.196677, 0.206389, 0.212729, 0.215463
0.215463, 0.218195, 0.224519, 0.23417, 0.246775, 0.26185, 0.27882, 0.297041, 0.315832, 0.334499, 0.352369, 0.368809, 0.383252, 0.395214, 0.404303, 0.410225, 0.412776
0.412776, 0.415323, 0.421214, 0.430185, 0.441872, 0.455801, 0.471418, 0.488112, 0.505245, 0.522182, 0.538313, 0.553083, 0.566002, 0.57666, 0.584732, 0.58998, 0.592238
0.592238, 0.59449, 0.599692, 0.607597, 0.617859, 0.63004, 0.64363, 0.658075, 0.672809, 0.687282, 0.700978, 0.713439, 0.724275, 0.733167, 0.739874, 0.744221, 0.746087
0.746087, 0.747948, 0.752236, 0.758732, 0.767127, 0.777033, 0.788007, 0.799578, 0.811277, 0.82266, 0.833328, 0.842941, 0.851225, 0.857968, 0.863019, 0.866277, 0.867672
0.867672, 0.86906, 0.872249, 0.877055, 0.88322, 0.890422, 0.898306, 0.906503, 0.91466, 0.922461, 0.92964, 0.93599, 0.941363, 0.945665, 0.948842, 0.95087, 0.951733
0.951733, 0.952588, 0.954541, 0.95745, 0.961117, 0.965304, 0.969757, 0.974225, 0.978488, 0.98237, 0.985749, 0.988561, 0.990791, 0.992466, 0.993632, 0.994342, 0.994635
0.994635, 0.994921, 0.995553, 0.996438, 0.997449, 0.99844, 0.999269, 0.999816, 1, 0.999794, 0.999228, 0.99838, 0.997372, 0.996347, 0.995451, 0.994812, 0.994524
0.994524, 0.994227, 0.993511, 0.992334, 0.990645, 0.988398, 0.985568, 0.982168, 0.978266, 0.973982, 0.969494, 0.965023, 0.96082, 0.957139, 0.954221, 0.952261, 0.951403
0.951403, 0.950537, 0.948503, 0.945316, 0.941001, 0.935612, 0.929244, 0.922046, 0.914226, 0.906049, 0.897834, 0.889933, 0.882716, 0.876539, 0.871724, 0.868528, 0.867138
0.867138, 0.86574, 0.862477, 0.857416, 0.850661, 0.842364, 0.832734, 0.822049, 0.810649, 0.798933, 0.787346, 0.776357, 0.766438, 0.758033, 0.751529, 0.747235, 0.745372
0.745372, 0.743504, 0.739152, 0.732437, 0.723534, 0.712687, 0.700212, 0.686502, 0.672015, 0.657266, 0.642808, 0.629207, 0.617015, 0.606744, 0.598833, 0.593627, 0.591372
0.591372, 0.589113, 0.583861, 0.575783, 0.565117, 0.552189, 0.537409, 0.521266, 0.504319, 0.487175, 0.470471, 0.454846, 0.440909, 0.429216, 0.42024, 0.414347, 0.411798
0.411798, 0.409246, 0.403321, 0.394228, 0.382261, 0.367811, 0.351364, 0.333488, 0.314813, 0.296016, 0.277789, 0.260814, 0.245735, 0.233126, 0.223473, 0.217148, 0.214415
0.214415, 0.211681, 0.205339, 0.195625, 0.182874, 0.167527, 0.150125, 0.131287, 0.111693, 0.0920551, 0.073093, 0.0555035, 0.0399336, 0.0269548, 0.0170422, 0.0105583, 0.00775965
0.00775965, 0.00496098, -0.0015236, -0.0114383, -0.0244223, -0.0400019, -0.0576069, -0.076591, -0.0962577, -0.115887, -0.134764, -0.152207, -0.167594, -0.180382, -0.190126, -0.196488, -0.199231
-0.199231, -0.201973, -0.20832, -0.218007, -0.230662, -0.245801, -0.262847, -0.281157, -0.300045, -0.318817, -0.336793, -0.353336, -0.367875, -0.379919, -0.389072, -0.395037, -0.397607
-0.397607, -0.400173, -0.406107, -0.415148, -0.426927, -0.44097, -0.456721, -0.473564, -0.490857, -0.50796, -0.524256, -0.539184, -0.552246, -0.563025, -0.571192, -0.576502, -0.578787
-0.578787, -0.581067, -0.586332, -0.594335, -0.604728, -0.617069, -0.630843, -0.645491, -0.660442, -0.675135, -0.689048, -0.701715, -0.712735, -0.721783, -0.72861, -0.733036, -0.734937
-0.734937, -0.736832, -0.7412, -0.74782, -0.756378, -0.766482, -0.777683, -0.789503, -0.801465, -0.813114, -0.824042, -0.833899, -0.8424, -0.849327, -0.854519, -0.857869, -0.859304
-0.859304, -0.860732, -0.864015, -0.868964, -0.875317, -0.882748, -0.890892, -0.899373, -0.907827, -0.915928, -0.923398, -0.93002, -0.935636, -0.94014, -0.943473, -0.945602, -0.946509
-0.946509, -0.947409, -0.949464, -0.952529, -0.956402, -0.960839, -0.965573, -0.970348, -0.97493, -0.979132, -0.982822, -0.985922, -0.988408, -0.990297, -0.991626, -0.992442, -0.992782
-0.992782, -0.993114, -0.993853, -0.994901, -0.996127, -0.997377, -0.998498, -0.999359, -0.999871, -0.999993, -0.999742, -0.999187, -0.998437, -0.997626, -0.996895, -0.996363, -0.996121
-0.996121, -0.995871, -0.995261, -0.994248, -0.992773, -0.990782, -0.988241, -0.985152, -0.981572, -0.977608, -0.973428, -0.96924, -0.965286, -0.961813, -0.959052, -0.957195, -0.956381
-0.956381, -0.95556, -0.953628, -0.950597, -0.946486, -0.94134, -0.935246, -0.928342, -0.920823, -0.912946, -0.905016, -0.897378, -0.890391, -0.884405, -0.879734, -0.876632, -0.875282
-0.875282, -0.873925, -0.870755, -0.865837, -0.859267, -0.851189, -0.841806, -0.831384, -0.820253, -0.808802, -0.797466, -0.786708, -0.77699, -0.76875, -0.762371, -0.758159, -0.756331
-0.756331, -0.754497, -0.750225, -0.743633, -0.734888, -0.724227, -0.711961, -0.698472, -0.684209, -0.66968, -0.655429, -0.642016, -0.629987, -0.619849, -0.612039, -0.606897, -0.604671
-0.604671, -0.602439, -0.597251, -0.589269, -0.578728, -0.565946, -0.551327, -0.535354, -0.518577, -0.501598, -0.485048, -0.469559, -0.45574, -0.444143, -0.435238, -0.42939, -0.426861
-0.426861, -0.424329, -0.418448, -0.409422, -0.39754, -0.383189, -0.36685, -0.349084, -0.330518, -0.311823, -0.293689, -0.276796, -0.261784, -0.249229, -0.239615, -0.233314, -0.230592
-0.230592, -0.227867, -0.221549, -0.211869, -0.199161, -0.183861, -0.166508, -0.147717, -0.128166, -0.108564, -0.0896304, -0.0720622, -0.0565068, -0.0435369, -0.0336294, -0.0271478, -0.02435
-0.02435, -0.021552, -0.0150685, -0.00515405, 0.00783202, 0.0234178, 0.0410346, 0.0600373, 0.0797296, 0.0993907, 0.118305, 0.135788, 0.151214, 0.164038, 0.17381, 0.180193, 0.182945
0.182945, 0.185696, 0.192063, 0.201784, 0.214486, 0.229684, 0.246803, 0.265196, 0.284177, 0.303047, 0.321124, 0.337766, 0.352396, 0.364519, 0.373733, 0.37974, 0.382328
0.382328, 0.384912, 0.390889, 0.399996, 0.411864, 0.426018, 0.441897, 0.458885, 0.476334, 0.493598, 0.510055, 0.525136, 0.538338, 0.549236, 0.557494, 0.562866, 0.565177
0.565177, 0.567484, 0.572811, 0.58091, 0.591431, 0.603928, 0.617882, 0.63273, 0.647892, 0.662802, 0.676929, 0.689797, 0.700998, 0.7102, 0.717145, 0.72165, 0.723584
0.723584, 0.725513, 0.729961, 0.736701, 0.74542, 0.75572, 0.767146, 0.779212, 0.791432, 0.803343, 0.814528, 0.824627, 0.833344, 0.840452, 0.845783, 0.849225, 0.850699
0.850699, 0.852167, 0.855542, 0.860634, 0.867174, 0.874831, 0.883233, 0.891995, 0.900745, 0.909143, 0.916903, 0.923795, 0.929651, 0.934357, 0.937844, 0.940075, 0.941025
0.941025, 0.941968, 0.944125, 0.947347, 0.951425, 0.956109, 0.961124, 0.966204, 0.971104, 0.975626, 0.979624, 0.983012, 0.985753, 0.987855, 0.989347, 0.99027, 0.990655
0.990655, 0.991033, 0.991879, 0.993091, 0.994531, 0.996038, 0.997451, 0.998628, 0.999467, 0.999917, 0.999981, 0.999718, 0.999227, 0.998632, 0.998064, 0.99764, 0.997444
0.997444, 0.99724, 0.996737, 0.995888, 0.994628, 0.992893, 0.990642, 0.987865, 0.984607, 0.980965, 0.977093, 0.97319, 0.969487, 0.966222, 0.963619, 0.961866, 0.961097
0.961097, 0.96032, 0.958491, 0.955617, 0.951711, 0.94681, 0.940991, 0.934382, 0.927167, 0.919591, 0.911949, 0.904576, 0.897821, 0.892027, 0.887502, 0.884495, 0.883186
0.883186, 0.88187, 0.878794, 0.874019, 0.867636, 0.85978, 0.850646, 0.840489, 0.82963, 0.818448, 0.807367, 0.796842, 0.787328, 0.779255, 0.773003, 0.768873, 0.767081
0.767081, 0.765282, 0.761092, 0.754623, 0.746039, 0.735569, 0.723514, 0.710249, 0.696215, 0.68191, 0.66787, 0.654648, 0.642786, 0.632784, 0.625076, 0.620001, 0.617803

-0.95593, -0.956748, -0.958614, -0.96139, -0.964882, -0.96886, -0.973073, -0.977283, -0.981276, -0.984887, -0.988004, -0.990572, -0.992587, -0.994082, -0.99511, -0.995729, -0.995984
-0.995984, -0.996231, -0.996772, -0.997519, -0.998349, -0.999123, -0.999706, -0.999986, -0.999895, -0.999413, -0.998581, -0.997487, -0.996262, -0.995056, -0.994022, -0.993293, -0.992966
-0.992966, -0.99263, -0.991824, -0.99051, -0.988641, -0.986179, -0.983105, -0.979445, -0.975272, -0.97072, -0.965973, -0.961265, -0.956852, -0.952998, -0.949947, -0.947901, -0.947006
-0.947006, -0.946103, -0.943983, -0.940665, -0.936179, -0.930586, -0.923989, -0.916546, -0.908473, -0.900046, -0.891592, -0.883472, -0.876062, -0.869726, -0.86479, -0.861516, -0.860092
-0.860092, -0.85866, -0.855319, -0.85014, -0.84323, -0.834749, -0.824914, -0.81401, -0.802386, -0.790449, -0.778652, -0.767472, -0.757386, -0.748843, -0.742235, -0.737874, -0.735982
-0.735982, -0.734084, -0.729665, -0.72285, -0.713815, -0.702812, -0.690165, -0.676272, -0.661599, -0.646668, -0.632038, -0.618282, -0.605956, -0.595575, -0.587581, -0.582321, -0.580044
-0.580044, -0.577762, -0.572457, -0.564299, -0.553531, -0.540482, -0.525569, -0.509287, -0.4922, -0.474922, -0.458092, -0.442354, -0.428321, -0.41655, -0.407516, -0.401586, -0.399021
-0.399021, -0.396453, -0.390492, -0.381345, -0.369308, -0.354778, -0.338244, -0.320278, -0.301516, -0.282637, -0.264335, -0.247296, -0.232162, -0.219512, -0.209828, -0.203483, -0.200742
-0.200742, -0.198, -0.19164, -0.181899, -0.169115, -0.153731, -0.136292, -0.117418, -0.0977925, -0.0781286, -0.0591464, -0.0415428, -0.025964, -0.0129804, -0.00306576, 0.00341883, 0.00621753
0.00621753, 0.00901618, 0.0155003, 0.0254131, 0.0383926, 0.0539637, 0.0715549, 0.0905193, 0.11016, 0.129758, 0.1486, 0.166006, 0.181357, 0.194112, 0.203829, 0.210173, 0.212909
0.212909, 0.215642, 0.22197, 0.231626, 0.24424, 0.259325, 0.276307, 0.294542, 0.313349, 0.332033, 0.34992, 0.366377, 0.380836, 0.392811, 0.401909, 0.407839, 0.410392
0.410392, 0.412943, 0.41884, 0.427823, 0.439524, 0.453472, 0.46911, 0.485828, 0.502987, 0.519949, 0.536107, 0.550902, 0.563844, 0.574521, 0.582608, 0.587866, 0.590128
0.590128, 0.592385, 0.597597, 0.605517, 0.615801, 0.628007, 0.641626, 0.656103, 0.670872, 0.68538, 0.69911, 0.711604, 0.722469, 0.731386, 0.738112, 0.742471, 0.744343
0.744343, 0.746209, 0.750511, 0.757026, 0.765447, 0.775384, 0.786394, 0.798005, 0.809745, 0.82117, 0.831879, 0.841531, 0.84985, 0.856622, 0.861695, 0.864967, 0.866369
0.866369, 0.867763, 0.870967, 0.875796, 0.88199, 0.889229, 0.897154, 0.905395, 0.9136, 0.921448, 0.928673, 0.935066, 0.940478, 0.944812, 0.948013, 0.950057, 0.950927
0.950927, 0.951789, 0.953758, 0.956691, 0.960391, 0.964618, 0.969115, 0.973632, 0.977945, 0.981877, 0.985305, 0.988163, 0.990434, 0.992142, 0.993334, 0.994061, 0.994361
0.994361, 0.994654, 0.995303, 0.996214, 0.997259, 0.998291, 0.999166, 0.999762, 0.999998, 0.999844, 0.999327, 0.998525, 0.997558, 0.996567, 0.995697, 0.995075, 0.994794
0.994794, 0.994504, 0.993805, 0.992654, 0.990999, 0.988792, 0.986007, 0.982657, 0.978805, 0.974572, 0.970132, 0.965706, 0.961541, 0.957893, 0.955, 0.953056, 0.952205
0.952205, 0.951346, 0.949328, 0.946166, 0.941882, 0.936532, 0.930207, 0.923055, 0.915282, 0.907153, 0.898982, 0.891123, 0.883942, 0.877795, 0.873003, 0.869822, 0.868437
0.868437, 0.867046, 0.863797, 0.858759, 0.852033, 0.84377, 0.834179, 0.823536, 0.812178, 0.800503, 0.788955, 0.778003, 0.768116, 0.759736, 0.753252, 0.748971, 0.747113
0.747113, 0.74525, 0.740911, 0.734215, 0.725337, 0.714519, 0.702077, 0.688401, 0.673949, 0.659235, 0.644809, 0.631237, 0.619071, 0.608821, 0.600925, 0.59573, 0.593479
0.593479, 0.591225, 0.585982, 0.577919, 0.567273, 0.554367, 0.539612, 0.523496, 0.506576, 0.489458, 0.472778, 0.457173, 0.443255, 0.431577, 0.422612, 0.416726, 0.41418
0.41418, 0.411631, 0.405713, 0.396631, 0.384676, 0.370242, 0.353812, 0.335952, 0.317294, 0.298513, 0.2803, 0.263338, 0.248269, 0.235669, 0.226022, 0.2197, 0.216969
0.216969, 0.214236, 0.207898, 0.198189, 0.185444, 0.170105, 0.15271, 0.133879, 0.114291, 0.094659, 0.0757011, 0.0581147, 0.0425467, 0.0295691, 0.0196571, 0.0131734, 0.0103749
0.0103749, 0.00757628, 0.00109175, -0.00882311, -0.0218077, -0.0373886, -0.0549957, -0.0739831, -0.0936541, -0.113289, -0.132172, -0.149622, -0.165016, -0.177809, -0.187557, -0.193923, -0.196668
-0.196668, -0.199411, -0.205761, -0.215454, -0.228116, -0.243265, -0.260323, -0.278646, -0.29755, -0.316337, -0.334329, -0.350888, -0.365442, -0.377498, -0.386661, -0.392633, -0.395206
-0.395206, -0.397775, -0.403716, -0.412767, -0.42456, -0.438621, -0.454392, -0.471259, -0.488577, -0.505705, -0.522028, -0.53698, -0.550064, -0.560862, -0.569043, -0.574363, -0.576652
-0.576652, -0.578936, -0.584212, -0.59223, -0.602643, -0.615009, -0.628811, -0.643491, -0.658476, -0.673203, -0.687151, -0.699849, -0.710898, -0.719971, -0.726816, -0.731255, -0.733161
-0.733161, -0.735061, -0.739442, -0.746081, -0.754665, -0.7648, -0.776036, -0.787896, -0.799898, -0.811588, -0.822557, -0.832453, -0.840988, -0.847943, -0.853157, -0.856522, -0.857963
-0.857963, -0.859398, -0.862695, -0.867667, -0.87405, -0.881516, -0.889701, -0.898226, -0.906728, -0.914875, -0.922391, -0.929056, -0.934709, -0.939246, -0.942603, -0.944748, -0.945662
-0.945662, -0.946568, -0.94864, -0.95173, -0.955635, -0.960111, -0.96489, -0.969712, -0.974345, -0.978598, -0.982336, -0.985481, -0.988008, -0.98993, -0.991285, -0.992118, -0.992465
-0.992465, -0.992804, -0.99356, -0.994634, -0.995894, -0.997184, -0.998351, -0.999262, -0.999826, -0.999999, -0.999798, -0.999289, -0.998579, -0.997803, -0.997097, -0.996583, -0.996348
-0.996348, -0.996105, -0.995512, -0.994525, -0.993084, -0.991133, -0.988637, -0.985598, -0.982068, -0.978155, -0.974023, -0.969881, -0.965966, -0.962526, -0.959789, -0.957949, -0.957142
-0.957142, -0.956328, -0.954412, -0.951406, -0.947327, -0.94222, -0.936169, -0.929311, -0.92184, -0.91401, -0.906126, -0.898529, -0.891579, -0.885622, -0.880974, -0.877888, -0.876544
-0.876544, -0.875194, -0.872038, -0.867143, -0.860602, -0.852559, -0.843215, -0.832834, -0.821746, -0.810337, -0.799042, -0.78832, -0.778634, -0.77042, -0.764061, -0.759861, -0.758039
-0.758039, -0.756211, -0.751952, -0.745379, -0.736659, -0.726028, -0.713795, -0.700341, -0.686114, -0.67162, -0.657402, -0.644019, -0.632016, -0.6219, -0.614105, -0.608974, -0.606752
-0.606752, -0.604525, -0.599346, -0.59138, -0.580859, -0.5681, -0.553507, -0.537561, -0.520811, -0.503859, -0.487333, -0.471867, -0.458067, -0.446485, -0.437591, -0.431751, -0.429225
-0.429225, -0.426695, -0.420822, -0.411807, -0.399939, -0.385604, -0.369282, -0.351533, -0.332985, -0.314307, -0.296188, -0.279308, -0.264307, -0.251761, -0.242153, -0.235856, -0.233136
-0.233136, -0.230413, -0.224098, -0.214425, -0.201723, -0.186432, -0.169086, -0.150303, -0.130759, -0.111163, -0.0922349, -0.0746705, -0.0591177, -0.0461496, -0.0362431, -0.0297621, -0.0269645
-0.0269645, -0.0241667, -0.0176835, -0.00776935, 0.00521672, 0.0208031, 0.0384213, 0.0574265, 0.0771223, 0.096788, 0.115707, 0.133196, 0.148628, 0.161457, 0.171234, 0.177619, 0.180373
0.180373, 0.183125, 0.189496, 0.199222, 0.211931, 0.227138, 0.244267, 0.262673, 0.281668, 0.300554, 0.318646, 0.335303, 0.349947, 0.362082, 0.371306, 0.37732, 0.37991
0.37991, 0.382497, 0.388481, 0.397598, 0.409479, 0.42365, 0.43955, 0.45656, 0.474033, 0.491322, 0.507804, 0.522909, 0.536132, 0.547048, 0.555321, 0.560702, 0.563017
0.563017, 0.565328, 0.570665, 0.578779, 0.58932, 0.601841, 0.615824, 0.630702, 0.645898, 0.660842, 0.675002, 0.687901, 0.699131, 0.708357, 0.71532, 0.719837, 0.721776
0.721776, 0.723711, 0.728171, 0.73493, 0.743675, 0.754005, 0.765465, 0.77757, 0.78983, 0.801783, 0.813008, 0.823144, 0.831895, 0.839031, 0.844385, 0.847841, 0.849322
0.849322, 0.850796, 0.854185, 0.859299, 0.865868, 0.873561, 0.882004, 0.89081, 0.899606, 0.908051, 0.915856, 0.92279, 0.928684, 0.933421, 0.936933, 0.93918, 0.940137
0.940137, 0.941087, 0.94326, 0.946506, 0.950617, 0.955339, 0.960399, 0.965526, 0.970477, 0.975049, 0.979096, 0.982529, 0.98531, 0.987445, 0.988962, 0.989902, 0.990295
0.990295, 0.99068, 0.991543, 0.992781, 0.994255, 0.995802, 0.997261, 0.998488, 0.999378, 0.99988, 0.999994, 0.999777, 0.999326, 0.998765, 0.998223, 0.997816, 0.997627
0.997627, 0.997431, 0.996945, 0.996122, 0.994895, 0.993201, 0.990995, 0.988268, 0.985061, 0.98147, 0.977646, 0.973789, 0.970125, 0.966893, 0.964315, 0.962578, 0.961816

-0.601354, -0.603588, -0.608745, -0.616582, -0.626753, -0.638823, -0.652284, -0.666587, -0.681171, -0.695491, -0.709036, -0.721354, -0.732062, -0.740847, -0.74747, -0.751762, -0.753604
-0.753604, -0.755441, -0.759674, -0.766084, -0.774366, -0.784135, -0.794951, -0.80635, -0.817867, -0.829066, -0.839555, -0.849, -0.857133, -0.863749, -0.868703, -0.871897, -0.873264
-0.873264, -0.874624, -0.87775, -0.882457, -0.888491, -0.895536, -0.90324, -0.911241, -0.919194, -0.926788, -0.933766, -0.939929, -0.945136, -0.949298, -0.952369, -0.954326, -0.955159
-0.955159, -0.955984, -0.957866, -0.960667, -0.964192, -0.968209, -0.972467, -0.976725, -0.980769, -0.98443, -0.987596, -0.99021, -0.992266, -0.993794, -0.994848, -0.995485, -0.995746
-0.995746, -0.996, -0.996559, -0.997332, -0.998196, -0.99901, -0.999639, -0.999969, -0.999929, -0.9995, -0.998717, -0.997669, -0.996484, -0.995312, -0.994304, -0.993592, -0.993272
-0.993272, -0.992944, -0.992154, -0.990866, -0.989031, -0.986609, -0.983581, -0.979969, -0.975847, -0.971344, -0.966647, -0.961982, -0.957608, -0.953787, -0.950761, -0.948731, -0.947843
-0.947843, -0.946947, -0.944843, -0.941549, -0.937095, -0.93154, -0.924986, -0.917589, -0.909563, -0.901183, -0.892773, -0.884694, -0.87732, -0.871014, -0.866101, -0.862841, -0.861423
-0.861423, -0.859998, -0.856671, -0.851514, -0.844633, -0.836186, -0.82639, -0.815527, -0.803944, -0.792048, -0.78029, -0.769146, -0.759091, -0.750573, -0.743985, -0.739636, -0.73775
-0.73775, -0.735858, -0.731451, -0.724654, -0.715645, -0.704671, -0.692055, -0.678196, -0.663558, -0.648661, -0.634063, -0.620335, -0.608034, -0.597673, -0.589695, -0.584445, -0.582172
-0.582172, -0.579894, -0.574599, -0.566456, -0.555707, -0.542681, -0.527792, -0.511536, -0.494475, -0.477222, -0.460415, -0.444698, -0.430683, -0.418926, -0.409903, -0.40398, -0.401418
-0.401418, -0.398853, -0.392898, -0.383761, -0.371738, -0.357222, -0.340704, -0.322755, -0.304009, -0.285144, -0.266856, -0.249829, -0.234705, -0.222063, -0.212384, -0.206043, -0.203304
-0.203304, -0.200563, -0.194206, -0.18447, -0.171692, -0.156315, -0.138882, -0.120015, -0.100395, -0.0807356, -0.0617569, -0.0441558, -0.0285784, -0.0155955, -0.00568108, 0.000803491, 0.00360222
0.00360222, 0.00640091, 0.0128852, 0.0227986, 0.0357791, 0.051352, 0.068946, 0.0879144, 0.10756, 0.127164, 0.146013, 0.163427, 0.178785, 0.191546, 0.201268, 0.207616, 0.210353
0.210353, 0.213088, 0.219419, 0.229081, 0.241703, 0.256798, 0.273793, 0.292042, 0.310864, 0.329565, 0.347469, 0.363942, 0.378416, 0.390404, 0.399513, 0.405449, 0.408006
0.408006, 0.41056, 0.416464, 0.425457, 0.437173, 0.451139, 0.466799, 0.48354, 0.500724, 0.517714, 0.533898, 0.548718, 0.561682, 0.572379, 0.580481, 0.585749, 0.588015
0.588015, 0.590276, 0.595498, 0.603434, 0.613738, 0.62597, 0.639618, 0.654127, 0.66893, 0.683473, 0.697238, 0.709764, 0.720658, 0.7296, 0.736345, 0.740717, 0.742594
0.742594, 0.744466, 0.74878, 0.755314, 0.763761, 0.77373, 0.784776, 0.796426, 0.808208, 0.819675, 0.830425, 0.840116, 0.848468, 0.855269, 0.860365, 0.863652, 0.865059
0.865059, 0.86646, 0.869679, 0.874531, 0.880755, 0.888029, 0.895995, 0.904282, 0.912533, 0.920429, 0.9277, 0.934136, 0.939586, 0.943952, 0.947178, 0.949238, 0.950114
0.950114, 0.950984, 0.952969, 0.955927, 0.959659, 0.963925, 0.968467, 0.973032, 0.977395, 0.981378, 0.984855, 0.987758, 0.99007, 0.991812, 0.993029, 0.993773, 0.994081
0.994081, 0.994381, 0.995046, 0.995983, 0.997062, 0.998135, 0.999056, 0.999701, 0.999989, 0.999887, 0.99942, 0.998664, 0.997737, 0.99678, 0.995936, 0.995331, 0.995057
0.995057, 0.994775, 0.994092, 0.992967, 0.991346, 0.989179, 0.98644, 0.983138, 0.979337, 0.975154, 0.970763, 0.966381, 0.962256, 0.958641, 0.955772, 0.953845, 0.953001
0.953001, 0.952149, 0.950147, 0.947009, 0.942758, 0.937445, 0.931164, 0.924058, 0.916333, 0.90825, 0.900125, 0.892307, 0.885162, 0.879045, 0.874275, 0.871109, 0.869731
0.869731, 0.868346, 0.865112, 0.860096, 0.853399, 0.845171, 0.835619, 0.825016, 0.813701, 0.802068, 0.79056, 0.779643, 0.769788, 0.761434, 0.754969, 0.750701, 0.748849
0.748849, 0.746991, 0.742664, 0.735988, 0.727135, 0.716346, 0.703937, 0.690296, 0.675879, 0.661199, 0.646806, 0.633264, 0.621123, 0.610894, 0.603014, 0.597828, 0.595582
0.595582, 0.593332, 0.5881, 0.580052, 0.569425, 0.556542, 0.541812, 0.525723, 0.508829, 0.491737, 0.475081, 0.459498, 0.445598, 0.433935, 0.424981, 0.419102, 0.416559
0.416559, 0.414013, 0.408102, 0.39903, 0.387089, 0.37267, 0.356257, 0.338414, 0.319774, 0.301008, 0.28281, 0.26586, 0.250802, 0.23821, 0.228569, 0.222251, 0.219521
0.219521, 0.21679, 0.210455, 0.200752, 0.188014, 0.172681, 0.155294, 0.136471, 0.116889, 0.0972623, 0.0783087, 0.0607254, 0.0451595, 0.0321832, 0.0222719, 0.0157885, 0.0129901
0.0129901, 0.0101915, 0.00370709, -0.00620784, -0.0191929, -0.0347749, -0.0523841, -0.0713747, -0.09105, -0.11069, -0.129579, -0.147036, -0.162435, -0.175235, -0.184988, -0.191357, -0.194103
-0.194103, -0.196848, -0.203201, -0.212899, -0.225569, -0.240727, -0.257797, -0.276133, -0.295052, -0.313855, -0.331863, -0.348438, -0.363006, -0.375075, -0.384248, -0.390226, -0.392802
-0.392802, -0.395374, -0.401322, -0.410383, -0.422191, -0.436269, -0.452061, -0.46895, -0.486294, -0.503447, -0.519795, -0.534771, -0.547878, -0.558695, -0.56689, -0.57222, -0.574513
-0.574513, -0.576802, -0.582087, -0.59012, -0.600554, -0.612945, -0.626775, -0.641487, -0.656505, -0.671267, -0.685248, -0.697978, -0.709056, -0.718153, -0.725017, -0.729468, -0.73138
-0.73138, -0.733286, -0.737679, -0.744337, -0.752946, -0.763112, -0.774384, -0.786282, -0.798326, -0.810058, -0.821067, -0.831001, -0.83957, -0.846554, -0.85179, -0.855169, -0.856617
-0.856617, -0.858057, -0.86137, -0.866364, -0.872776, -0.880278, -0.888504, -0.897074, -0.905621, -0.913816, -0.921378, -0.928085, -0.933777, -0.938345, -0.941726, -0.943888, -0.944808
-0.944808, -0.945722, -0.947809, -0.950924, -0.954862, -0.959376, -0.9642, -0.96907, -0.973753, -0.978056, -0.981843, -0.985034, -0.987601, -0.989556, -0.990937, -0.991787, -0.992141
-0.992141, -0.992487, -0.99326, -0.99436, -0.995654, -0.996984, -0.998197, -0.999158, -0.999773, -0.999999, -0.999847, -0.999384, -0.998715, -0.997973, -0.997293, -0.996795, -0.996567
-0.996567, -0.996332, -0.995756, -0.994795, -0.993387, -0.991477, -0.989027, -0.986037, -0.982558, -0.978696, -0.974612, -0.970514, -0.966639, -0.963231, -0.96052, -0.958696, -0.957896
-0.957896, -0.957089, -0.95519, -0.952208, -0.948161, -0.943092, -0.937085, -0.930273, -0.92285, -0.915068, -0.907229, -0.899674, -0.89276, -0.886834, -0.882209, -0.879137, -0.8778
-0.8778, -0.876456, -0.873315, -0.868442, -0.861931, -0.853923, -0.844618, -0.834279, -0.823233, -0.811867, -0.800611, -0.789926, -0.780272, -0.772085, -0.765746, -0.761559, -0.759742
-0.759742, -0.757919, -0.753673, -0.74712, -0.738425, -0.727824, -0.715625, -0.702206, -0.688015, -0.673556, -0.659371, -0.646017, -0.634041, -0.623945, -0.616167, -0.611046, -0.608829
-0.608829, -0.606606, -0.601438, -0.593487, -0.582986, -0.57025, -0.555683, -0.539764, -0.523042, -0.506116, -0.489615, -0.474171, -0.46039, -0.448823, -0.439941, -0.434109, -0.431586
-0.431586, -0.429059, -0.423193, -0.414189, -0.402334, -0.388015, -0.371711, -0.353981, -0.33545, -0.316789, -0.298685, -0.281818, -0.266829, -0.254291, -0.24469, -0.238397, -0.235678
-0.235678, -0.232957, -0.226646, -0.216978, -0.204284, -0.189, -0.171663, -0.152889, -0.133351, -0.113762, -0.0948388, -0.0772783, -0.0617283, -0.048762, -0.0388566, -0.0323762, -0.0295788
-0.0295788, -0.0267812, -0.0202984, -0.0103846, 0.00260139, 0.0181883, 0.0358078, 0.0548153, 0.0745145, 0.0941846, 0.113109, 0.130604, 0.146042, 0.158876, 0.168657, 0.175045, 0.1778
0.1778, 0.180553, 0.186928, 0.196658, 0.209374, 0.22459, 0.24173, 0.260149, 0.279158, 0.298058, 0.316166, 0.332838, 0.347496, 0.359643, 0.368877, 0.374896, 0.377489
0.377489, 0.38008, 0.386069, 0.395197, 0.407092, 0.42128, 0.437199, 0.454232, 0.471729, 0.489042, 0.505549, 0.520678, 0.533922, 0.544857, 0.553144, 0.558535, 0.560854
0.560854, 0.563169, 0.568516, 0.576644, 0.587205, 0.59975, 0.613761, 0.628671, 0.643899, 0.658877, 0.67307, 0.686001, 0.697258, 0.706508, 0.71349, 0.718019, 0.719964
0.719964, 0.721903, 0.726375, 0.733154, 0.741924, 0.752284, 0.76378, 0.775922, 0.788224, 0.800217, 0.811483, 0.821657, 0.830441, 0.837606, 0.842981, 0.846451, 0.847938
0.847938, 0.849418, 0.852823, 0.857958, 0.864557, 0.872285, 0.880768, 0.889619, 0.89846, 0.906952, 0.914802, 0.921779, 0.927711, 0.93248, 0.936016, 0.938278, 0.939243

-0.0175786, -0.0203768, -0.0268596, -0.0367695, -0.0497435, -0.0653054, -0.0828828, -0.101829, -0.121446, -0.141015, -0.159826, -0.1772, -0.192519, -0.205246, -0.214939, -0.221268, -0.223996
-0.223996, -0.226723, -0.233034, -0.242664, -0.255241, -0.270281, -0.287209, -0.305381, -0.324118, -0.342729, -0.360541, -0.376925, -0.391316, -0.403234, -0.412287, -0.418186, -0.420727
-0.420727, -0.423264, -0.42913, -0.438065, -0.449701, -0.463569, -0.479114, -0.495727, -0.512774, -0.529621, -0.545664, -0.560349, -0.573191, -0.583784, -0.591805, -0.59702, -0.599262
-0.599262, -0.601501, -0.606668, -0.61452, -0.624713, -0.636809, -0.650299, -0.664635, -0.679254, -0.693609, -0.707189, -0.719541, -0.730278, -0.739087, -0.74573, -0.750034, -0.751883
-0.751883, -0.753725, -0.757971, -0.764401, -0.772709, -0.782509, -0.793362, -0.8048, -0.81636, -0.827601, -0.838131, -0.847615, -0.855783, -0.862428, -0.867405, -0.870613, -0.871987
-0.871987, -0.873353, -0.876494, -0.881224, -0.887288, -0.894369, -0.902114, -0.910161, -0.918161, -0.925803, -0.932827, -0.939033, -0.944278, -0.948473, -0.951568, -0.953542, -0.954381
-0.954381, -0.955213, -0.957112, -0.959937, -0.963495, -0.967551, -0.971854, -0.976161, -0.980255, -0.983967, -0.987182, -0.989842, -0.991938, -0.9935, -0.99458, -0.995233, -0.995502
-0.995502, -0.995763, -0.996339, -0.997137, -0.998035, -0.99889, -0.999565, -0.999945, -0.999957, -0.999579, -0.998846, -0.997844, -0.9967, -0.995562, -0.99458, -0.993884, -0.993571
-0.993571, -0.993251, -0.992478, -0.991215, -0.989414, -0.987032, -0.984049, -0.980486, -0.976415, -0.971963, -0.967313, -0.962693, -0.958359, -0.954569, -0.951568, -0.949554, -0.948673
-0.948673, -0.947784, -0.945696, -0.942427, -0.938005, -0.932488, -0.925977, -0.918625, -0.910647, -0.902313, -0.893948, -0.88591, -0.878572, -0.872296, -0.867405, -0.86416, -0.862748
-0.862748, -0.86133, -0.858017, -0.852882, -0.846031, -0.837618, -0.82786, -0.817037, -0.805497, -0.793642, -0.781923, -0.770815, -0.760791, -0.752299, -0.74573, -0.741394, -0.739513
-0.739513, -0.737626, -0.733232, -0.726454, -0.717469, -0.706524, -0.693941, -0.680116, -0.665512, -0.650649, -0.636083, -0.622384, -0.610109, -0.599768, -0.591805, -0.586566, -0.584297
-0.584297, -0.582023, -0.576738, -0.56861, -0.55788, -0.544876, -0.530012, -0.513782, -0.496747, -0.479518, -0.462735, -0.447039, -0.433041, -0.4213, -0.412287, -0.406371, -0.403812
-0.403812, -0.40125, -0.395302, -0.386175, -0.374164, -0.359664, -0.343162, -0.325229, -0.306499, -0.28765, -0.269376, -0.25236, -0.237247, -0.224612, -0.214939, -0.208602, -0.205864
-0.205864, -0.203124, -0.196771, -0.18704, -0.174268, -0.158898, -0.141472, -0.122611, -0.102997, -0.0833422, -0.0643671, -0.0467684, -0.0311925, -0.0182104, -0.00829637, -0.00181186, 0.000986873
0.000986873, 0.0037856, 0.01027, 0.0201838, 0.0331653, 0.0487399, 0.0663366, 0.0853089, 0.10496, 0.12457, 0.143425, 0.160846, 0.176211, 0.188979, 0.198705, 0.205057, 0.207795
0.207795, 0.210532, 0.216867, 0.226535, 0.239164, 0.25427, 0.271276, 0.28954, 0.308377, 0.327095, 0.345015, 0.361505, 0.375994, 0.387995, 0.397114, 0.403057, 0.405617
0.405617, 0.408173, 0.414085, 0.423089, 0.43482, 0.448803, 0.464484, 0.481249, 0.498459, 0.515474, 0.531685, 0.54653, 0.559517, 0.570232, 0.578349, 0.583627, 0.585897
0.585897, 0.588163, 0.593395, 0.601346, 0.611671, 0.623928, 0.637605, 0.652147, 0.666984, 0.681561, 0.695361, 0.707919, 0.718842, 0.727809, 0.734573, 0.738957, 0.74084
0.74084, 0.742717, 0.747044, 0.753598, 0.76207, 0.77207, 0.783152, 0.794841, 0.806665, 0.818174, 0.828965, 0.838694, 0.847081, 0.853911, 0.859029, 0.862331, 0.863744
0.863744, 0.865151, 0.868385, 0.873259, 0.879513, 0.886824, 0.894831, 0.903162, 0.91146, 0.919403, 0.92672, 0.933199, 0.938687, 0.943085, 0.946336, 0.948412, 0.949295
0.949295, 0.950172, 0.952173, 0.955156, 0.95892, 0.963226, 0.967812, 0.972425, 0.976839, 0.980873, 0.984398, 0.987347, 0.989699, 0.991474, 0.992717, 0.993478, 0.993793
0.993793, 0.9941, 0.994783, 0.995745, 0.996858, 0.997972, 0.998939, 0.999634, 0.999973, 0.999923, 0.999505, 0.998796, 0.997909, 0.996986, 0.996168, 0.99558, 0.995313
0.995313, 0.995038, 0.994372, 0.993273, 0.991686, 0.989559, 0.986865, 0.983613, 0.979863, 0.97573, 0.971387, 0.96705, 0.962965, 0.959382, 0.956538, 0.954627, 0.95379
0.95379, 0.952945, 0.950959, 0.947846, 0.943627, 0.938353, 0.932114, 0.925055, 0.917377, 0.909341, 0.901261, 0.893484, 0.886376, 0.880289, 0.875542, 0.87239, 0.871019
0.871019, 0.869641, 0.866421, 0.861428, 0.85476, 0.846566, 0.837053, 0.826492, 0.815218, 0.803627, 0.792158, 0.781278, 0.771454, 0.763127, 0.756682, 0.752426, 0.75058
0.75058, 0.748728, 0.744413, 0.737756, 0.728928, 0.718168, 0.705792, 0.692186, 0.677805, 0.663159, 0.648798, 0.635285, 0.623171, 0.612962, 0.605098, 0.599923, 0.597681
0.597681, 0.595435, 0.590213, 0.58218, 0.571573, 0.558713, 0.544009, 0.527946, 0.511079, 0.494012, 0.47738, 0.461819, 0.447937, 0.436289, 0.427347, 0.421475, 0.418935
0.418935, 0.416392, 0.410488, 0.401427, 0.389499, 0.375096, 0.358699, 0.340874, 0.32225, 0.303501, 0.285317, 0.268381, 0.253333, 0.240749, 0.231114, 0.2248, 0.222072
0.222072, 0.219342, 0.213011, 0.203313, 0.190582, 0.175257, 0.157877, 0.139061, 0.119486, 0.0998649, 0.0809157, 0.0633357, 0.0477721, 0.0347971, 0.0248865, 0.0184035, 0.0156051
0.0156051, 0.0128067, 0.0063224, -0.00359252, -0.0165779, -0.032161, -0.0497721, -0.0687657, -0.0884452, -0.10809, -0.126985, -0.144448, -0.159854, -0.17266, -0.182417, -0.188789, -0.191537
-0.191537, -0.194283, -0.20064, -0.210343, -0.223021, -0.238188, -0.255269, -0.273619, -0.292552, -0.311371, -0.329395, -0.345985, -0.360568, -0.37265, -0.381832, -0.387817, -0.390395
-0.390395, -0.39297, -0.398925, -0.407997, -0.419819, -0.433915, -0.449727, -0.466639, -0.484007, -0.501186, -0.517559, -0.53256, -0.545688, -0.556524, -0.564734, -0.570074, -0.572371
-0.572371, -0.574664, -0.579958, -0.588007, -0.598461, -0.610876, -0.624735, -0.639479, -0.65453, -0.669326, -0.683341, -0.696103, -0.707209, -0.716331, -0.723214, -0.727677, -0.729594
-0.729594, -0.731505, -0.735911, -0.742588, -0.751222, -0.761419, -0.772727, -0.784664, -0.796748, -0.808521, -0.819571, -0.829543, -0.838147, -0.845159, -0.850417, -0.853811, -0.855264
-0.855264, -0.856711, -0.860038, -0.865055, -0.871496, -0.879034, -0.887301, -0.895915, -0.904509, -0.912751, -0.920358, -0.927108, -0.932838, -0.937438, -0.940843, -0.943021, -0.943948
-0.943948, -0.944869, -0.946972, -0.950111, -0.954082, -0.958635, -0.963503, -0.968422, -0.973154, -0.977508, -0.981344, -0.98458, -0.987187, -0.989176, -0.990582, -0.991449, -0.99181
-0.99181, -0.992164, -0.992953, -0.994079, -0.995407, -0.996778, -0.998037, -0.999048, -0.999714, -0.999991, -0.99989, -0.999472, -0.998844, -0.998136, -0.997482, -0.997001, -0.996781
-0.996781, -0.996552, -0.995993, -0.995058, -0.993684, -0.991814, -0.98941, -0.986469, -0.983041, -0.979229, -0.975194, -0.971141, -0.967306, -0.963931, -0.961245, -0.959437, -0.958644
-0.958644, -0.957844, -0.95596, -0.953004, -0.948989, -0.943959, -0.937995, -0.93123, -0.923854, -0.916119, -0.908326, -0.900813, -0.893935, -0.88804, -0.883437, -0.88038, -0.87905
-0.87905, -0.877712, -0.874586, -0.869736, -0.863254, -0.855281, -0.846015, -0.835718, -0.824715, -0.813391, -0.802176, -0.791527, -0.781905, -0.773744, -0.767425, -0.763251, -0.76144
-0.76144, -0.759623, -0.75539, -0.748856, -0.740186, -0.729615, -0.717449, -0.704065, -0.68991, -0.675486, -0.661335, -0.648012, -0.636061, -0.625987, -0.618224, -0.613115, -0.610901
-0.610901, -0.608683, -0.603525, -0.59559, -0.585109, -0.572397, -0.557856, -0.541964, -0.525269, -0.50837, -0.491894, -0.476472, -0.46271, -0.451159, -0.442288, -0.436463, -0.433943
-0.433943, -0.43142, -0.425561, -0.416568, -0.404727, -0.390425, -0.374138, -0.356425, -0.337913, -0.319269, -0.30118, -0.284327, -0.269348, -0.25682, -0.247225, -0.240936, -0.238219
-0.238219, -0.2355, -0.229193, -0.219531, -0.206843, -0.191568, -0.174239, -0.155473, -0.135943, -0.11636, -0.0974421, -0.0798856, -0.0643384, -0.0513741, -0.0414699, -0.03499, -0.0321929
-0.0321929, -0.0293955, -0.0229131, -0.0129998, -1.39526e-05, 0.0155733, 0.033194, 0.0522037, 0.0719061, 0.0915806, 0.11051, 0.12801, 0.143454, 0.156293, 0.166078, 0.172469, 0.175226
0.175226, 0.17798, 0.184358, 0.194093, 0.206816, 0.222041, 0.239192, 0.257622, 0.276645, 0.295561, 0.313683, 0.33037, 0.345042, 0.357201, 0.366445, 0.37247, 0.375066
0.375066, 0.377659, 0.383656, 0.392793, 0.404702, 0.418906, 0.434846, 0.4519, 0.469421, 0.486759, 0.503291, 0.518443, 0.531709, 0.542662, 0.550963, 0.556363, 0.558687

0.572897, 0.570601, 0.565263, 0.557057, 0.546225, 0.533103, 0.518108, 0.501741, 0.484568, 0.467206, 0.4503, 0.434493, 0.420401, 0.408583, 0.399513, 0.39356, 0.390986
0.390986, 0.388408, 0.382425, 0.373245, 0.361166, 0.346587, 0.33, 0.31198, 0.293165, 0.274236, 0.255889, 0.238811, 0.223646, 0.21097, 0.201268, 0.194912, 0.192166
0.192166, 0.189419, 0.183048, 0.173292, 0.160488, 0.145083, 0.127622, 0.108728, 0.0890842, 0.0694058, 0.0504129, 0.0328023, 0.0172195, 0.00423412, -0.00568081, -0.0121651, -0.0149636
-0.0149636, -0.017762, -0.0242451, -0.0341558, -0.0471312, -0.0626954, -0.0802762, -0.0992265, -0.118849, -0.138426, -0.157244, -0.174625, -0.189952, -0.202685, -0.212384, -0.218716, -0.221446
-0.221446, -0.224175, -0.23049, -0.240126, -0.252712, -0.267762, -0.284702, -0.30289, -0.321643, -0.340271, -0.3581, -0.374501, -0.388908, -0.400839, -0.409903, -0.415809, -0.418353
-0.418353, -0.420893, -0.426766, -0.435712, -0.447364, -0.46125, -0.476816, -0.493454, -0.510527, -0.527401, -0.54347, -0.558181, -0.571046, -0.581658, -0.589695, -0.594919, -0.597167
-0.597167, -0.599409, -0.604587, -0.612455, -0.622669, -0.63479, -0.64831, -0.662679, -0.677333, -0.691723, -0.705337, -0.717722, -0.728489, -0.737323, -0.743985, -0.748302, -0.750156
-0.750156, -0.752003, -0.756262, -0.762712, -0.771046, -0.780878, -0.791767, -0.803245, -0.814846, -0.82613, -0.836702, -0.846224, -0.854427, -0.861102, -0.8661, -0.869324, -0.870703
-0.870703, -0.872076, -0.875231, -0.879984, -0.886078, -0.893196, -0.900983, -0.909074, -0.917121, -0.924811, -0.931882, -0.938131, -0.943414, -0.947641, -0.950761, -0.95275, -0.953597
-0.953597, -0.954436, -0.956351, -0.959201, -0.962792, -0.966887, -0.971235, -0.97559, -0.979734, -0.983497, -0.986762, -0.989467, -0.991603, -0.993199, -0.994304, -0.994974, -0.995251
-0.995251, -0.995519, -0.996112, -0.996936, -0.997868, -0.998764, -0.999485, -0.999915, -0.999978, -0.999651, -0.998968, -0.998012, -0.996909, -0.995804, -0.994848, -0.99417, -0.993864
-0.993864, -0.993551, -0.992795, -0.991558, -0.98979, -0.987448, -0.984511, -0.980997, -0.976976, -0.972574, -0.967973, -0.963398, -0.959102, -0.955345, -0.952369, -0.950371, -0.949497
-0.949497, -0.948615, -0.946543, -0.943298, -0.938908, -0.933429, -0.926961, -0.919656, -0.911724, -0.903437, -0.895117, -0.88712, -0.879818, -0.873572, -0.868703, -0.865473, -0.864068
-0.864068, -0.862655, -0.859357, -0.854245, -0.847422, -0.839044, -0.829324, -0.818543, -0.807044, -0.79523, -0.783551, -0.772478, -0.762486, -0.75402, -0.74747, -0.743146, -0.741271
-0.741271, -0.739389, -0.735008, -0.728249, -0.719288, -0.708372, -0.695822, -0.682031, -0.667462, -0.652633, -0.638099, -0.624429, -0.612179, -0.601859, -0.593911, -0.588682, -0.586417
-0.586417, -0.584148, -0.578872, -0.570759, -0.560048, -0.547067, -0.532228, -0.516024, -0.499015, -0.481812, -0.465052, -0.449377, -0.435397, -0.42367, -0.414669, -0.408759, -0.406203
-0.406203, -0.403644, -0.397703, -0.388586, -0.376588, -0.362103, -0.345617, -0.327701, -0.308988, -0.290154, -0.271894, -0.25489, -0.239787, -0.22716, -0.217493, -0.211159, -0.208423
-0.208423, -0.205684, -0.199334, -0.189609, -0.176842, -0.161479, -0.14406, -0.125207, -0.105598, -0.0859481, -0.0669768, -0.0493807, -0.0338065, -0.0208253, -0.0109116, -0.00442719, -0.00162848
-0.00162848, 0.00117026, 0.00765478, 0.0175689, 0.0305513, 0.0461275, 0.0637268, 0.0827028, 0.102359, 0.121975, 0.140837, 0.158264, 0.173636, 0.18641, 0.196142, 0.202496, 0.205236
0.205236, 0.207974, 0.214313, 0.223987, 0.236624, 0.251739, 0.268758, 0.287036, 0.305889, 0.324622, 0.342559, 0.359065, 0.373569, 0.385583, 0.394712, 0.400662, 0.403225
0.403225, 0.405784, 0.411703, 0.420718, 0.432463, 0.446465, 0.462166, 0.478955, 0.49619, 0.513231, 0.529468, 0.544338, 0.557347, 0.568082, 0.576214, 0.581501, 0.583776
0.583776, 0.586046, 0.591288, 0.599255, 0.6096, 0.621882, 0.635588, 0.650162, 0.665033, 0.679645, 0.693479, 0.70607, 0.717022, 0.726013, 0.732796, 0.737193, 0.739081
0.739081, 0.740963, 0.745302, 0.751876, 0.760374, 0.770406, 0.781523, 0.793252, 0.805116, 0.816667, 0.8275, 0.837267, 0.845688, 0.852547, 0.857687, 0.861004, 0.862424
0.862424, 0.863837, 0.867085, 0.871982, 0.878265, 0.885612, 0.89366, 0.902036, 0.910381, 0.918372, 0.925734, 0.932256, 0.937782, 0.942212, 0.945487, 0.947579, 0.94847
0.94847, 0.949353, 0.951371, 0.954378, 0.958175, 0.96252, 0.96715, 0.971812, 0.976276, 0.98036, 0.983935, 0.986929, 0.989321, 0.99113, 0.992399, 0.993176, 0.993499
0.993499, 0.993813, 0.994513, 0.995501, 0.996647, 0.997802, 0.998815, 0.99956, 0.999951, 0.999952, 0.999584, 0.99892, 0.998075, 0.997186, 0.996393, 0.995822, 0.995563
0.995563, 0.995295, 0.994646, 0.993573, 0.992019, 0.989933, 0.987285, 0.984081, 0.980382, 0.9763, 0.972005, 0.967713, 0.963667, 0.960117, 0.957297, 0.955403, 0.954572
0.954572, 0.953735, 0.951765, 0.948676, 0.944489, 0.939253, 0.933058, 0.926045, 0.918415, 0.910426, 0.902391, 0.894656, 0.887583, 0.881527, 0.876802, 0.873666, 0.872301
0.872301, 0.870929, 0.867724, 0.862753, 0.856114, 0.847955, 0.838481, 0.827961, 0.81673, 0.805181, 0.793752, 0.782908, 0.773116, 0.764814, 0.758389, 0.754146, 0.752305
0.752305, 0.750459, 0.746157, 0.739519, 0.730716, 0.719986, 0.707642, 0.694071, 0.679725, 0.665114, 0.650786, 0.637303, 0.625214, 0.615026, 0.607178, 0.602013, 0.599776
0.599776, 0.597534, 0.592322, 0.584305, 0.573717, 0.56088, 0.546201, 0.530165, 0.513325, 0.496284, 0.479677, 0.464137, 0.450274, 0.438641, 0.42971, 0.423845, 0.421309
0.421309, 0.418769, 0.412871, 0.403821, 0.391907, 0.377519, 0.361139, 0.343332, 0.324725, 0.305992, 0.287823, 0.270899, 0.255862, 0.243287, 0.233658, 0.227348, 0.224621
0.224621, 0.221893, 0.215566, 0.205873, 0.193148, 0.177831, 0.160459, 0.141651, 0.122082, 0.102467, 0.0835222, 0.0659456, 0.0503843, 0.0374107, 0.027501, 0.0210183, 0.0182201
0.0182201, 0.0154218, 0.00893768, -0.000977177, -0.0139629, -0.0295469, -0.0471599, -0.0661564, -0.0858398, -0.10549, -0.124391, -0.14186, -0.157272, -0.170083, -0.179845, -0.18622, -0.188969
-0.188969, -0.191717, -0.198077, -0.207786, -0.22047, -0.235647, -0.25274, -0.271102, -0.29005, -0.308884, -0.326924, -0.34353, -0.358127, -0.370221, -0.379413, -0.385405, -0.387986
-0.387986, -0.390564, -0.396525, -0.405608, -0.417443, -0.431557, -0.447389, -0.464324, -0.481716, -0.498921, -0.515319, -0.530344, -0.543494, -0.554349, -0.562574, -0.567923, -0.570224
-0.570224, -0.572521, -0.577826, -0.585889, -0.596364, -0.608803, -0.622691, -0.637466, -0.652551, -0.667381, -0.681429, -0.694223, -0.705358, -0.714503, -0.721405, -0.72588, -0.727803
-0.727803, -0.729719, -0.734137, -0.740834, -0.749494, -0.759721, -0.771064, -0.78304, -0.795165, -0.80698, -0.81807, -0.828079, -0.836717, -0.843758, -0.849038, -0.852446, -0.853906
-0.853906, -0.855359, -0.858701, -0.86374, -0.870211, -0.877785, -0.886092, -0.89475, -0.903391, -0.911679, -0.919332, -0.926125, -0.931892, -0.936524, -0.939954, -0.942147, -0.943082
-0.943082, -0.944009, -0.946128, -0.949292, -0.953295, -0.957887, -0.962799, -0.967766, -0.972549, -0.976953, -0.980837, -0.984119, -0.986766, -0.988789, -0.990221, -0.991104, -0.991473
-0.991473, -0.991834, -0.99264, -0.993792, -0.995153, -0.996565, -0.99787, -0.99893, -0.999648, -0.999977, -0.999925, -0.999554, -0.998967, -0.998292, -0.997664, -0.9972, -0.996987
-0.996987, -0.996766, -0.996224, -0.995314, -0.993974, -0.992145, -0.989786, -0.986895, -0.983517, -0.979756, -0.97577, -0.971762, -0.967966, -0.964624, -0.961962, -0.960171, -0.959385
-0.959385, -0.958592, -0.956725, -0.953793, -0.94981, -0.944819, -0.938898, -0.93218, -0.924852, -0.917165, -0.909417, -0.901945, -0.895104, -0.889239, -0.88466, -0.881618, -0.880293
-0.880293, -0.878962, -0.875851, -0.871024, -0.864571, -0.856633, -0.847407, -0.837152, -0.826191, -0.814909, -0.803735, -0.793123, -0.783533, -0.775398, -0.769099, -0.764939, -0.763133
-0.763133, -0.761321, -0.757101, -0.750586, -0.741942, -0.731401, -0.719268, -0.70592, -0.691801, -0.677413, -0.663294, -0.650001, -0.638077, -0.628025, -0.620278, -0.615179, -0.61297
-0.61297, -0.610756, -0.605609, -0.597689, -0.587228, -0.57454, -0.560024, -0.54416, -0.527493, -0.51062, -0.494169, -0.47877, -0.465027, -0.453491, -0.444632, -0.438815, -0.436298
-0.436298, -0.433778, -0.427926, -0.418944, -0.407118, -0.392831, -0.376562, -0.358868, -0.340373, -0.321746, -0.303673, -0.286833, -0.271866, -0.259346, -0.249758, -0.243474, -0.240758
-0.240758, -0.238041, -0.231738, -0.222082, -0.209401, -0.194134, -0.176814, -0.158056, -0.138533, -0.118957, -0.100045, -0.0824923, -0.0669482, -0.0539858, -0.0440828, -0.0376036, -0.0348068

0.945018, 0.9441, 0.941942, 0.938567, 0.934006, 0.928324, 0.921627, 0.914077, 0.905893, 0.897357, 0.888798, 0.880583, 0.873089, 0.866684, 0.861695, 0.858387, 0.856948
0.856948, 0.855502, 0.852126, 0.846895, 0.839919, 0.831357, 0.821433, 0.810434, 0.798712, 0.786679, 0.77479, 0.763527, 0.753368, 0.744765, 0.738112, 0.733722, 0.731817
0.731817, 0.729907, 0.725459, 0.718599, 0.709508, 0.698438, 0.685715, 0.671743, 0.656989, 0.641979, 0.627275, 0.613451, 0.601067, 0.590638, 0.582609, 0.577326, 0.575038
0.575038, 0.572747, 0.567419, 0.559227, 0.548414, 0.535313, 0.520343, 0.504001, 0.486854, 0.469517, 0.452633, 0.436847, 0.422772, 0.410968, 0.401909, 0.395963, 0.393392
0.393392, 0.390817, 0.38484, 0.37567, 0.363604, 0.349039, 0.332468, 0.314464, 0.295665, 0.27675, 0.258417, 0.24135, 0.226194, 0.213526, 0.203829, 0.197477, 0.194732
0.194732, 0.191986, 0.185618, 0.175867, 0.163069, 0.14767, 0.130215, 0.111327, 0.0916889, 0.0720146, 0.0530248, 0.0354161, 0.0198344, 0.00684943, -0.00306549, -0.00954995, -0.0123485
-0.0123485, -0.015147, -0.0216305, -0.0315419, -0.0445186, -0.060085, -0.077669, -0.0966237, -0.116252, -0.135835, -0.15466, -0.172049, -0.187383, -0.200123, -0.209828, -0.216164, -0.218895
-0.218895, -0.221625, -0.227944, -0.237587, -0.25018, -0.265242, -0.282194, -0.300396, -0.319166, -0.33781, -0.355657, -0.372075, -0.386498, -0.398442, -0.407516, -0.413429, -0.415976
-0.415976, -0.418519, -0.4244, -0.433356, -0.445023, -0.458928, -0.474516, -0.491178, -0.508276, -0.525177, -0.541273, -0.556009, -0.568897, -0.579529, -0.587581, -0.592815, -0.595067
-0.595067, -0.597314, -0.602502, -0.610385, -0.62062, -0.632767, -0.646317, -0.660718, -0.675406, -0.689832, -0.703481, -0.715898, -0.726694, -0.735554, -0.742235, -0.746565, -0.748424
-0.748424, -0.750277, -0.754548, -0.761018, -0.769378, -0.779241, -0.790167, -0.801685, -0.813328, -0.824654, -0.835266, -0.844828, -0.853065, -0.859769, -0.86479, -0.868028, -0.869414
-0.869414, -0.870794, -0.873963, -0.878739, -0.884863, -0.892017, -0.899845, -0.907982, -0.916076, -0.923813, -0.93093, -0.937222, -0.942544, -0.946803, -0.949947, -0.951953, -0.952806
-0.952806, -0.953652, -0.955583, -0.958458, -0.962081, -0.966216, -0.970609, -0.975012, -0.979207, -0.983021, -0.986334, -0.989085, -0.991261, -0.992891, -0.994022, -0.994709, -0.994993
-0.994993, -0.995269, -0.995878, -0.996728, -0.997694, -0.99863, -0.999397, -0.999877, -0.999992, -0.999717, -0.999083, -0.998174, -0.997111, -0.99604, -0.99511, -0.994448, -0.99415
-0.99415, -0.993844, -0.993105, -0.991893, -0.99016, -0.987858, -0.984966, -0.981501, -0.977531, -0.973179, -0.968626, -0.964096, -0.959839, -0.956115, -0.953163, -0.951182, -0.950314
-0.950314, -0.949439, -0.947384, -0.944163, -0.939805, -0.934365, -0.927939, -0.92068, -0.912795, -0.904556, -0.89628, -0.888324, -0.881058, -0.874842, -0.869996, -0.86678, -0.865381
-0.865381, -0.863975, -0.860692, -0.855602, -0.848808, -0.840464, -0.830782, -0.820042, -0.808585, -0.796813, -0.785173, -0.774136, -0.764175, -0.755735, -0.749205, -0.744894, -0.743024
-0.743024, -0.741148, -0.736779, -0.730039, -0.721103, -0.710216, -0.697698, -0.683941, -0.669407, -0.654612, -0.640111, -0.62647, -0.614245, -0.603945, -0.596013, -0.590794, -0.588534
-0.588534, -0.586269, -0.581003, -0.572905, -0.562213, -0.549254, -0.53444, -0.518262, -0.50128, -0.484102, -0.467366, -0.451712, -0.43775, -0.426038, -0.417047, -0.411144, -0.408592
-0.408592, -0.406036, -0.400101, -0.390995, -0.37901, -0.364539, -0.34807, -0.330171, -0.311474, -0.292656, -0.27441, -0.257418, -0.242325, -0.229706, -0.220045, -0.213715, -0.21098
-0.21098, -0.208243, -0.201896, -0.192176, -0.179416, -0.16406, -0.146648, -0.127801, -0.108198, -0.0885535, -0.069586, -0.0519927, -0.0364203, -0.02344, -0.0135267, -0.0070425, -0.00424381
-0.00424381, -0.00144509, 0.00503949, 0.0149539, 0.027937, 0.0435148, 0.0611166, 0.0800961, 0.0997566, 0.119378, 0.138247, 0.155681, 0.17106, 0.18384, 0.193576, 0.199934, 0.202676
0.202676, 0.205415, 0.211757, 0.221437, 0.234082, 0.249208, 0.266238, 0.284529, 0.303397, 0.322147, 0.340101, 0.356623, 0.371142, 0.383169, 0.392308, 0.398265, 0.40083
0.40083, 0.403393, 0.409318, 0.418344, 0.430103, 0.444123, 0.459846, 0.476658, 0.493918, 0.510985, 0.527247, 0.542142, 0.555174, 0.565928, 0.574074, 0.579372, 0.58165
0.58165, 0.583925, 0.589177, 0.597159, 0.607525, 0.619832, 0.633567, 0.648172, 0.663078, 0.677725, 0.691592, 0.704215, 0.715196, 0.724212, 0.731014, 0.735423, 0.737317
0.737317, 0.739204, 0.743556, 0.750149, 0.758673, 0.768736, 0.779889, 0.791656, 0.803562, 0.815155, 0.826028, 0.835834, 0.84429, 0.851177, 0.85634, 0.85967, 0.861097
0.861097, 0.862516, 0.86578, 0.870699, 0.877012, 0.884395, 0.892484, 0.900904, 0.909296, 0.917334, 0.924742, 0.931307, 0.936871, 0.941333, 0.944633, 0.94674, 0.947638
0.947638, 0.948528, 0.950562, 0.953594, 0.957423, 0.961807, 0.966482, 0.971192, 0.975706, 0.979841, 0.983465, 0.986504, 0.988936, 0.990779, 0.992074, 0.992868, 0.993197
0.993197, 0.993519, 0.994236, 0.99525, 0.99643, 0.997625, 0.998684, 0.999479, 0.999921, 0.999974, 0.999656, 0.999039, 0.998234, 0.997378, 0.996612, 0.996057, 0.995805
0.995805, 0.995545, 0.994913, 0.993865, 0.992345, 0.9903, 0.987697, 0.984543, 0.980894, 0.976862, 0.972616, 0.968369, 0.964362, 0.960845, 0.95805, 0.956172, 0.955348
0.955348, 0.954518, 0.952564, 0.9495, 0.945345, 0.940148, 0.933996, 0.927029, 0.919446, 0.911505, 0.903515, 0.895821, 0.888785, 0.882758, 0.878057, 0.874935, 0.873576
0.873576, 0.872211, 0.869021, 0.864072, 0.857463, 0.849338, 0.839903, 0.829425, 0.818236, 0.806729, 0.79534, 0.784533, 0.774772, 0.766496, 0.760091, 0.755861, 0.754026
0.754026, 0.752185, 0.747896, 0.741277, 0.732499, 0.721799, 0.709488, 0.695951, 0.681641, 0.667065, 0.65277, 0.639316, 0.627253, 0.617087, 0.609254, 0.604099, 0.601867
0.601867, 0.599629, 0.594427, 0.586425, 0.575857, 0.563044, 0.54839, 0.532381, 0.515567, 0.498553, 0.48197, 0.466452, 0.452608, 0.44099, 0.43207, 0.426213, 0.423679
0.423679, 0.421142, 0.415252, 0.406212, 0.394312, 0.379939, 0.363577, 0.345787, 0.327198, 0.308481, 0.290327, 0.273416, 0.258389, 0.245822, 0.2362, 0.229894, 0.227169
0.227169, 0.224443, 0.218119, 0.208432, 0.195714, 0.180404, 0.16304, 0.144239, 0.124678, 0.105068, 0.0861281, 0.068555, 0.0529961, 0.0400241, 0.0301153, 0.023633, 0.020835
0.020835, 0.0180368, 0.0115529, 0.00163817, -0.0113478, -0.0269326, -0.0445473, -0.0635465, -0.0832338, -0.102889, -0.121795, -0.13927, -0.154689, -0.167505, -0.177272, -0.18365, -0.1864
-0.1864, -0.189149, -0.195513, -0.205227, -0.217919, -0.233105, -0.250208, -0.268584, -0.287546, -0.306396, -0.324451, -0.341073, -0.355684, -0.367791, -0.376992, -0.38299, -0.385574
-0.385574, -0.388155, -0.394123, -0.403216, -0.415065, -0.429196, -0.445049, -0.462006, -0.479423, -0.496652, -0.513076, -0.528125, -0.541297, -0.55217, -0.56041, -0.565768, -0.568074
-0.568074, -0.570375, -0.575689, -0.583768, -0.594262, -0.606726, -0.620643, -0.635449, -0.650567, -0.665431, -0.679513, -0.692338, -0.703501, -0.712671, -0.719591, -0.724079, -0.726006
-0.726006, -0.727928, -0.732359, -0.739074, -0.74776, -0.758018, -0.769396, -0.78141, -0.793576, -0.805432, -0.816563, -0.82661, -0.835282, -0.842352, -0.847654, -0.851076, -0.852542
-0.852542, -0.854002, -0.857357, -0.862419, -0.868919, -0.876529, -0.884876, -0.893579, -0.902266, -0.910602, -0.9183, -0.925135, -0.93094, -0.935604, -0.939058, -0.941268, -0.942209
-0.942209, -0.943143, -0.945278, -0.948467, -0.952502, -0.957133, -0.962089, -0.967104, -0.971937, -0.976391, -0.980324, -0.983651, -0.986339, -0.988395, -0.989852, -0.990753, -0.991129
-0.991129, -0.991497, -0.99232, -0.993498, -0.994892, -0.996345, -0.997696, -0.998806, -0.999576, -0.999956, -0.999954, -0.999628, -0.999082, -0.998442, -0.997839, -0.997392, -0.997186
-0.997186, -0.996973, -0.996447, -0.995563, -0.994258, -0.992469, -0.990156, -0.987313, -0.983987, -0.980276, -0.976339, -0.972376, -0.968619, -0.96531, -0.962674, -0.960898, -0.960119
-0.960119, -0.959333, -0.957483, -0.954575, -0.950625, -0.945672, -0.939795, -0.933123, -0.925844, -0.918204, -0.910501, -0.903072, -0.896267, -0.890432, -0.885876, -0.882849, -0.881531
-0.881531, -0.880206, -0.87711, -0.872305, -0.865882, -0.85798, -0.848793, -0.838579, -0.827662, -0.816422, -0.805288, -0.794713, -0.785155, -0.777047, -0.770768, -0.76662, -0.76482
-0.76482, -0.763014, -0.758807, -0.752312, -0.743693, -0.733182, -0.721083, -0.70777, -0.693687, -0.679334, -0.665249, -0.651987, -0.640089, -0.630058, -0.622327, -0.617238, -0.615034

0.956956, 0.957765, 0.959609, 0.962351, 0.9658, 0.969724, 0.973878, 0.978022, 0.981947, 0.985489, 0.98854, 0.991048, 0.993008, 0.994457, 0.995451, 0.996048, 0.996293
0.996293, 0.996529, 0.997048, 0.99776, 0.998545, 0.999264, 0.999785, 0.999999, 0.999837, 0.999287, 0.998387, 0.997232, 0.995952, 0.9947, 0.993632, 0.992881, 0.992543
0.992543, 0.992198, 0.991369, 0.99002, 0.988107, 0.98559, 0.982456, 0.978729, 0.974489, 0.969869, 0.965058, 0.96029, 0.955824, 0.951927, 0.948843, 0.946775, 0.945871
0.945871, 0.944959, 0.942817, 0.939466, 0.934937, 0.929293, 0.922639, 0.915134, 0.906998, 0.898508, 0.889994, 0.881819, 0.874361, 0.867986, 0.863019, 0.859725, 0.858293
0.858293, 0.856853, 0.853492, 0.848283, 0.841335, 0.832808, 0.822922, 0.811963, 0.800283, 0.78829, 0.776441, 0.765213, 0.755085, 0.746508, 0.739874, 0.735496, 0.733597
0.733597, 0.731692, 0.727257, 0.720416, 0.711349, 0.700307, 0.687617, 0.673678, 0.658958, 0.643982, 0.62931, 0.615515, 0.603155, 0.592747, 0.584732, 0.579459, 0.577176
0.577176, 0.574888, 0.56957, 0.561393, 0.550599, 0.537521, 0.522575, 0.506259, 0.489137, 0.471825, 0.454964, 0.439198, 0.425141, 0.413351, 0.404303, 0.398363, 0.395795
0.395795, 0.393223, 0.387253, 0.378092, 0.366039, 0.351489, 0.334934, 0.316946, 0.298162, 0.279262, 0.260942, 0.243887, 0.228741, 0.21608, 0.206389, 0.20004, 0.197297
0.197297, 0.194552, 0.188188, 0.178441, 0.165648, 0.150256, 0.132808, 0.113926, 0.0942929, 0.0746229, 0.0556363, 0.0380297, 0.0224491, 0.00946469, -0.000450144, -0.00693469, -0.00973332
-0.00973332, -0.0125319, -0.0190157, -0.0289277, -0.0419057, -0.0574741, -0.0750613, -0.0940202, -0.113654, -0.133244, -0.152076, -0.169473, -0.184814, -0.19756, -0.20727, -0.213609, -0.216343
-0.216343, -0.219074, -0.225397, -0.235045, -0.247647, -0.262719, -0.279684, -0.297901, -0.316686, -0.335348, -0.353211, -0.369646, -0.384084, -0.396042, -0.405126, -0.411046, -0.413596
-0.413596, -0.416142, -0.42203, -0.430998, -0.442679, -0.456602, -0.472212, -0.488898, -0.506022, -0.522949, -0.539072, -0.553833, -0.566744, -0.577396, -0.585462, -0.590707, -0.592963
-0.592963, -0.595214, -0.600412, -0.608312, -0.618567, -0.63074, -0.644319, -0.658752, -0.673475, -0.687936, -0.70162, -0.71407, -0.724895, -0.73378, -0.740479, -0.744822, -0.746687
-0.746687, -0.748545, -0.752829, -0.759318, -0.767705, -0.7776, -0.788561, -0.800118, -0.811803, -0.823172, -0.833825, -0.843426, -0.851697, -0.85843, -0.863474, -0.866726, -0.868119
-0.868119, -0.869505, -0.872689, -0.877488, -0.883642, -0.890832, -0.898701, -0.906883, -0.915024, -0.922808, -0.929971, -0.936307, -0.941667, -0.945958, -0.949126, -0.951148, -0.952009
-0.952009, -0.952862, -0.954809, -0.957709, -0.961365, -0.965539, -0.969976, -0.974428, -0.978673, -0.982537, -0.9859, -0.988696, -0.990913, -0.992576, -0.993733, -0.994437, -0.994728
-0.994728, -0.995011, -0.995637, -0.996513, -0.997513, -0.99849, -0.999303, -0.999832, -0.999999, -0.999776, -0.999192, -0.998328, -0.997306, -0.996269, -0.995365, -0.99472, -0.994429
-0.994429, -0.99413, -0.993408, -0.992222, -0.990522, -0.988261, -0.985415, -0.981999, -0.978079, -0.973778, -0.969273, -0.964787, -0.96057, -0.956878, -0.953951, -0.951986, -0.951125
-0.951125, -0.950257, -0.948217, -0.945022, -0.940696, -0.935293, -0.928911, -0.921697, -0.91386, -0.905668, -0.897437, -0.889522, -0.882292, -0.876106, -0.871282, -0.868082, -0.866689
-0.866689, -0.865289, -0.862021, -0.856953, -0.850188, -0.841878, -0.832235, -0.821536, -0.810121, -0.798391, -0.78679, -0.775789, -0.76586, -0.757445, -0.750934, -0.746636, -0.744772
-0.744772, -0.742901, -0.738545, -0.731824, -0.722912, -0.712055, -0.699569, -0.685847, -0.671348, -0.656587, -0.642118, -0.628506, -0.616306, -0.606028, -0.598111, -0.592902, -0.590646
-0.590646, -0.588385, -0.58313, -0.575046, -0.564374, -0.551438, -0.536649, -0.520497, -0.503541, -0.486389, -0.469677, -0.454043, -0.4401, -0.428403, -0.419423, -0.413527, -0.410977
-0.410977, -0.408424, -0.402497, -0.393401, -0.381429, -0.366974, -0.350521, -0.332638, -0.313958, -0.295156, -0.276924, -0.259945, -0.244862, -0.232251, -0.222595, -0.216269, -0.213536
-0.213536, -0.2108, -0.204457, -0.194742, -0.181988, -0.166639, -0.149234, -0.130394, -0.110798, -0.0911583, -0.0721948, -0.0546044, -0.0390337, -0.0260545, -0.0161418, -0.00965776, -0.00685912
-0.00685912, -0.00406043, 0.00242416, 0.0123388, 0.0253226, 0.0409018, 0.0585059, 0.0774889, 0.097154, 0.116781, 0.135656, 0.153097, 0.168482, 0.181268, 0.19101, 0.197371, 0.200114
0.200114, 0.202855, 0.209201, 0.218886, 0.231538, 0.246674, 0.263716, 0.282021, 0.300904, 0.31967, 0.33764, 0.354178, 0.368712, 0.380752, 0.389901, 0.395864, 0.398433
0.398433, 0.400998, 0.40693, 0.415967, 0.427741, 0.441778, 0.457522, 0.474357, 0.491642, 0.508735, 0.525023, 0.539942, 0.552996, 0.563769, 0.571931, 0.577238, 0.579521
0.579521, 0.5818, 0.587061, 0.595059, 0.605445, 0.617777, 0.631541, 0.646179, 0.661118, 0.675799, 0.689701, 0.702356, 0.713366, 0.722406, 0.729226, 0.733648, 0.735547
0.735547, 0.73744, 0.741805, 0.748417, 0.756967, 0.76706, 0.778249, 0.790056, 0.802003, 0.813637, 0.824551, 0.834396, 0.842885, 0.849802, 0.854986, 0.858331, 0.859764
0.859764, 0.86119, 0.864468, 0.869409, 0.875752, 0.883171, 0.891301, 0.899766, 0.908205, 0.916289, 0.923744, 0.930351, 0.935953, 0.940447, 0.943771, 0.945895, 0.946799
0.946799, 0.947696, 0.949746, 0.952803, 0.956665, 0.961088, 0.965807, 0.970565, 0.97513, 0.979315, 0.982988, 0.986072, 0.988545, 0.990421, 0.991742, 0.992553, 0.99289
0.99289, 0.993219, 0.993952, 0.994992, 0.996206, 0.997441, 0.998546, 0.999391, 0.999885, 0.999989, 0.999721, 0.99915, 0.998386, 0.997564, 0.996823, 0.996286, 0.996041
0.996041, 0.995788, 0.995173, 0.994151, 0.992665, 0.99066, 0.988102, 0.984997, 0.981399, 0.977418, 0.973221, 0.969018, 0.965051, 0.961566, 0.958796, 0.956934, 0.956118
0.956118, 0.955294, 0.953357, 0.950317, 0.946195, 0.941036, 0.934927, 0.928007, 0.920471, 0.912578, 0.904633, 0.89698, 0.889981, 0.883984, 0.879305, 0.876199, 0.874846
0.874846, 0.873487, 0.870312, 0.865386, 0.858806, 0.850716, 0.84132, 0.830883, 0.819737, 0.808272, 0.796923, 0.786152, 0.776423, 0.768174, 0.761788, 0.757571, 0.755741
0.755741, 0.753905, 0.749629, 0.74303, 0.734277, 0.723606, 0.711329, 0.697827, 0.683552, 0.669011, 0.654749, 0.641325, 0.629288, 0.619142, 0.611326, 0.606181, 0.603953
0.603953, 0.60172, 0.596528, 0.588541, 0.577993, 0.565203, 0.550575, 0.534593, 0.517807, 0.500819, 0.48426, 0.468764, 0.454938, 0.443336, 0.434427, 0.428577, 0.426047
0.426047, 0.423513, 0.41763, 0.4086, 0.396714, 0.382357, 0.366012, 0.34824, 0.329668, 0.310968, 0.292828, 0.27593, 0.260915, 0.248357, 0.23874, 0.232438, 0.229715
0.229715, 0.226991, 0.22067, 0.210989, 0.198278, 0.182976, 0.16562, 0.146827, 0.127272, 0.107669, 0.0887335, 0.071164, 0.0556076, 0.0426372, 0.0327293, 0.0262475, 0.0234497
0.0234497, 0.0206516, 0.014168, 0.00425351, -0.00873254, -0.0243181, -0.0419344, -0.0609362, -0.0806272, -0.100287, -0.119199, -0.13668, -0.152104, -0.164926, -0.174697, -0.181078, -0.18383
-0.18383, -0.18658, -0.192947, -0.202666, -0.215365, -0.230561, -0.247675, -0.266064, -0.28504, -0.303905, -0.321976, -0.338613, -0.353238, -0.365357, -0.374569, -0.380573, -0.38316
-0.38316, -0.385744, -0.391718, -0.400821, -0.412685, -0.426832, -0.442705, -0.459685, -0.477126, -0.494381, -0.51083, -0.525902, -0.539096, -0.549988, -0.558242, -0.56361, -0.56592
-0.56592, -0.568225, -0.573549, -0.581643, -0.592157, -0.604645, -0.61859, -0.633427, -0.648578, -0.663476, -0.677592, -0.690449, -0.70164, -0.710834, -0.717773, -0.722273, -0.724205
-0.724205, -0.726133, -0.730576, -0.73731, -0.74602, -0.75631, -0.767723, -0.779776, -0.791982, -0.803879, -0.81505, -0.825136, -0.833841, -0.840939, -0.846263, -0.8497, -0.851172
-0.851172, -0.852638, -0.856008, -0.861092, -0.867622, -0.875267, -0.883655, -0.892402, -0.901135, -0.909518, -0.917262, -0.924139, -0.929982, -0.934677, -0.938156, -0.940381, -0.941329
-0.941329, -0.94227, -0.944422, -0.947635, -0.951702, -0.956372, -0.961373, -0.966436, -0.971319, -0.975823, -0.979805, -0.983177, -0.985905, -0.987994, -0.989477, -0.990395, -0.990778
-0.990778, -0.991153, -0.991993, -0.993196, -0.994625, -0.996118, -0.997515, -0.998675, -0.999496, -0.999928, -0.999975, -0.999696, -0.999191, -0.998584, -0.998008, -0.997578, -0.997379
-0.997379, -0.997173, -0.996664, -0.995806, -0.994534, -0.992786, -0.990518, -0.987725, -0.984449, -0.98079, -0.976901, -0.972983, -0.969266, -0.965989, -0.963378, -0.961619, -0.960847

0.60416, 0.606387, 0.611531, 0.619346, 0.629489, 0.641524, 0.654945, 0.669204, 0.683741, 0.698013, 0.711511, 0.723785, 0.734453, 0.743204, 0.749801, 0.754076, 0.755911
0.755911, 0.75774, 0.761956, 0.768339, 0.776586, 0.786312, 0.797079, 0.808424, 0.819885, 0.831027, 0.84146, 0.850852, 0.858938, 0.865516, 0.870439, 0.873613, 0.874972
0.874972, 0.876323, 0.879429, 0.884105, 0.890099, 0.897095, 0.904743, 0.912684, 0.920573, 0.928103, 0.935019, 0.941124, 0.946279, 0.950398, 0.953435, 0.955371, 0.956194
0.956194, 0.957009, 0.95887, 0.961637, 0.965118, 0.969082, 0.97328, 0.977473, 0.981449, 0.985042, 0.988142, 0.990695, 0.992696, 0.994179, 0.995198, 0.995812, 0.996064
0.996064, 0.996308, 0.996844, 0.997582, 0.9984, 0.99916, 0.999727, 0.999991, 0.999881, 0.999382, 0.998532, 0.997423, 0.996183, 0.994966, 0.993923, 0.993189, 0.992859
0.992859, 0.992521, 0.991708, 0.990386, 0.988506, 0.986029, 0.98294, 0.979263, 0.975073, 0.970503, 0.96574, 0.961016, 0.95659, 0.952724, 0.949665, 0.947614, 0.946716
0.946716, 0.945811, 0.943685, 0.940359, 0.935862, 0.930256, 0.923644, 0.916185, 0.908096, 0.899653, 0.891183, 0.883049, 0.875627, 0.869281, 0.864338, 0.861058, 0.859632
0.859632, 0.858199, 0.854852, 0.849665, 0.842746, 0.834253, 0.824405, 0.813487, 0.801848, 0.789897, 0.778086, 0.766894, 0.756797, 0.748246, 0.741631, 0.737266, 0.735372
0.735372, 0.733472, 0.729049, 0.722227, 0.713185, 0.702172, 0.689513, 0.675608, 0.660923, 0.645981, 0.63134, 0.617574, 0.605239, 0.594851, 0.586852, 0.581589, 0.57931
0.57931, 0.577026, 0.571718, 0.563555, 0.552781, 0.539724, 0.524803, 0.508512, 0.491416, 0.474129, 0.457291, 0.441546, 0.427507, 0.415731, 0.406694, 0.400761, 0.398195
0.398195, 0.395626, 0.389663, 0.380512, 0.368471, 0.353936, 0.337397, 0.319425, 0.300657, 0.281773, 0.263466, 0.246423, 0.231286, 0.218633, 0.208947, 0.202602, 0.19986
0.19986, 0.197117, 0.190756, 0.181014, 0.168227, 0.152841, 0.1354, 0.116524, 0.0968963, 0.0772307, 0.0582474, 0.040643, 0.0250637, 0.0120799, 0.0021652, -0.00431938, -0.00711807
-0.00711807, -0.0099167, -0.0164007, -0.0263134, -0.0392925, -0.0548629, -0.0724531, -0.0914162, -0.111055, -0.130651, -0.149491, -0.166894, -0.182243, -0.194996, -0.204711, -0.211054, -0.213788
-0.213788, -0.216522, -0.222848, -0.232502, -0.245113, -0.260195, -0.277172, -0.295403, -0.314204, -0.332883, -0.350764, -0.367214, -0.381668, -0.393639, -0.402734, -0.408661, -0.411213
-0.411213, -0.413763, -0.419658, -0.428637, -0.440333, -0.454274, -0.469905, -0.486615, -0.503765, -0.520718, -0.536867, -0.551654, -0.564588, -0.575258, -0.58334, -0.588595, -0.590855
-0.590855, -0.593111, -0.598319, -0.606234, -0.61651, -0.628708, -0.642316, -0.656782, -0.67154, -0.686035, -0.699754, -0.712236, -0.723091, -0.732, -0.738719, -0.743074, -0.744944
-0.744944, -0.746809, -0.751105, -0.757614, -0.766026, -0.775953, -0.78695, -0.798547, -0.810273, -0.821684, -0.832379, -0.842018, -0.850324, -0.857086, -0.862152, -0.865419, -0.866818
-0.866818, -0.86821, -0.871409, -0.87623, -0.882414, -0.88964, -0.897551, -0.905777, -0.913966, -0.921798, -0.929007, -0.935385, -0.940783, -0.945106, -0.9483, -0.950338, -0.951205
-0.951205, -0.952065, -0.954028, -0.956953, -0.960642, -0.964855, -0.969337, -0.973837, -0.978133, -0.982048, -0.985459, -0.9883, -0.990558, -0.992255, -0.993437, -0.994158, -0.994456
-0.994456, -0.994747, -0.99539, -0.996292, -0.997325, -0.998343, -0.999202, -0.999781, -0.999999, -0.999828, -0.999294, -0.998476, -0.997494, -0.996492, -0.995613, -0.994985, -0.994701
-0.994701, -0.99441, -0.993704, -0.992544, -0.990878, -0.988657, -0.985856, -0.982489, -0.97862, -0.974369, -0.969913, -0.965471, -0.961293, -0.957634, -0.954732, -0.952783, -0.95193
-0.95193, -0.951068, -0.949045, -0.945874, -0.94158, -0.936216, -0.929876, -0.922709, -0.914919, -0.906773, -0.898587, -0.890714, -0.88352, -0.877363, -0.872563, -0.869377, -0.86799
-0.86799, -0.866597, -0.863343, -0.858298, -0.851562, -0.843286, -0.833682, -0.823024, -0.811652, -0.799963, -0.788402, -0.777437, -0.767539, -0.75915, -0.752659, -0.748374, -0.746514
-0.746514, -0.744649, -0.740305, -0.733604, -0.724717, -0.713888, -0.701435, -0.687748, -0.673284, -0.658558, -0.644121, -0.630539, -0.618364, -0.608106, -0.600205, -0.595006, -0.592754
-0.592754, -0.590498, -0.585252, -0.577184, -0.566531, -0.553618, -0.538854, -0.522729, -0.505799, -0.488672, -0.471984, -0.456372, -0.442447, -0.430764, -0.421795, -0.415907, -0.41336
-0.41336, -0.41081, -0.404889, -0.395804, -0.383845, -0.369405, -0.352969, -0.335104, -0.31644, -0.297653, -0.279436, -0.262469, -0.247397, -0.234794, -0.225144, -0.218822, -0.21609
-0.21609, -0.213356, -0.207017, -0.197306, -0.184559, -0.169217, -0.15182, -0.132987, -0.113397, -0.0937624, -0.0748031, -0.0572156, -0.041647, -0.0286689, -0.0187568, -0.0122729, -0.00947438
-0.00947438, -0.00667574, -0.000191191, 0.00972363, 0.022708, 0.0382885, 0.0558948, 0.0748812, 0.0945507, 0.114183, 0.133064, 0.150512, 0.165904, 0.178696, 0.188442, 0.194806, 0.197551
0.197551, 0.200294, 0.206642, 0.216333, 0.228993, 0.244138, 0.261192, 0.279511, 0.298409, 0.317191, 0.335178, 0.351731, 0.36628, 0.378332, 0.387491, 0.393461, 0.396033
0.396033, 0.398601, 0.40454, 0.413587, 0.425375, 0.43943, 0.455194, 0.472053, 0.489363, 0.506482, 0.522795, 0.537739, 0.550815, 0.561607, 0.569783, 0.5751, 0.577388
0.577388, 0.57967, 0.584942, 0.592955, 0.603362, 0.615719, 0.629511, 0.64418, 0.659153, 0.673869, 0.687805, 0.700492, 0.711531, 0.720595, 0.727434, 0.731869, 0.733773
0.733773, 0.735672, 0.740048, 0.74668, 0.755255, 0.76538, 0.776604, 0.78845, 0.800438, 0.812114, 0.823069, 0.832951, 0.841475, 0.84842, 0.853627, 0.856987, 0.858425
0.858425, 0.859858, 0.86315, 0.868114, 0.874487, 0.881941, 0.890112, 0.898622, 0.907107, 0.915239, 0.922739, 0.929389, 0.935029, 0.939555, 0.942903, 0.945043, 0.945955
0.945955, 0.946858, 0.948924, 0.952006, 0.9559, 0.960362, 0.965126, 0.969932, 0.974547, 0.978783, 0.982504, 0.985634, 0.988147, 0.990057, 0.991403, 0.992231, 0.992575
0.992575, 0.992911, 0.993661, 0.994727, 0.995975, 0.997251, 0.998402, 0.999297, 0.999842, 0.999998, 0.99978, 0.999254, 0.998531, 0.997743, 0.997028, 0.996508, 0.99627
0.99627, 0.996025, 0.995426, 0.99443, 0.992978, 0.991013, 0.988501, 0.985445, 0.981898, 0.977968, 0.973819, 0.969661, 0.965733, 0.962281, 0.959536, 0.95769, 0.956881
0.956881, 0.956064, 0.954143, 0.951128, 0.947038, 0.941917, 0.935852, 0.928978, 0.92149, 0.913644, 0.905744, 0.898133, 0.89117, 0.885204, 0.880548, 0.877456, 0.87611
0.87611, 0.874757, 0.871597, 0.866694, 0.860143, 0.852088, 0.84273, 0.832335, 0.821232, 0.809809, 0.7985, 0.787765, 0.778068, 0.769845, 0.76348, 0.759276, 0.757451
0.757451, 0.755621, 0.751358, 0.744778, 0.73605, 0.725409, 0.713164, 0.699698, 0.685459, 0.670953, 0.656723, 0.64333, 0.631318, 0.621194, 0.613394, 0.608259, 0.606036
0.606036, 0.603807, 0.598625, 0.590654, 0.580125, 0.567359, 0.552757, 0.536801, 0.520042, 0.503081, 0.486546, 0.471072, 0.457266, 0.445679, 0.436781, 0.430939, 0.428411
0.428411, 0.425881, 0.420005, 0.410986, 0.399113, 0.384773, 0.368445, 0.35069, 0.332136, 0.313452, 0.295328, 0.278443, 0.263439, 0.250889, 0.241279, 0.234981, 0.23226
0.23226, 0.229537, 0.223221, 0.213545, 0.200841, 0.185547, 0.168199, 0.149413, 0.129866, 0.110268, 0.0913382, 0.0737725, 0.0582187, 0.04525, 0.0353432, 0.0288619, 0.0260642
0.0260642, 0.0232663, 0.0167831, 0.00686882, -0.00611726, -0.0217035, -0.0393212, -0.0583255, -0.0780201, -0.0976843, -0.116602, -0.134089, -0.149519, -0.162346, -0.172121, -0.178506, -0.181259
-0.181259, -0.18401, -0.19038, -0.200104, -0.212811, -0.228015, -0.245141, -0.263542, -0.282532, -0.301412, -0.319499, -0.336151, -0.35079, -0.362921, -0.372142, -0.378153, -0.380743
-0.380743, -0.383329, -0.38931, -0.398424, -0.410301, -0.424466, -0.440359, -0.457361, -0.474826, -0.492106, -0.50858, -0.523676, -0.536892, -0.547802, -0.55607, -0.561448, -0.563761
-0.563761, -0.566071, -0.571404, -0.579513, -0.590047, -0.60256, -0.616533, -0.631401, -0.646585, -0.661517, -0.675666, -0.688554, -0.699774, -0.708992, -0.715949, -0.720461, -0.722399
-0.722399, -0.724332, -0.728787, -0.735541, -0.744276, -0.754596, -0.766044, -0.778136, -0.790382, -0.802321, -0.813532, -0.823655, -0.832395, -0.839521, -0.844867, -0.848318, -0.849797
-0.849797, -0.851269, -0.854653, -0.859759, -0.866318, -0.873999, -0.882428, -0.891219, -0.899999, -0.908428, -0.916217, -0.923137, -0.929017, -0.933744, -0.937247, -0.939488, -0.940444

0.0210939, 0.0238919, 0.0303741, 0.0402828, 0.0532547, 0.0688134, 0.0863861, 0.105326, 0.124935, 0.144495, 0.163296, 0.180659, 0.195968, 0.208685, 0.218372, 0.224695, 0.227421
0.227421, 0.230146, 0.236451, 0.246073, 0.258639, 0.273665, 0.290575, 0.308727, 0.327442, 0.34603, 0.363818, 0.380179, 0.39455, 0.406449, 0.415488, 0.421377, 0.423914
0.423914, 0.426447, 0.432303, 0.441222, 0.452839, 0.466681, 0.482197, 0.498778, 0.515789, 0.5326, 0.548607, 0.563258, 0.576069, 0.586635, 0.594635, 0.599836, 0.602073
0.602073, 0.604306, 0.60946, 0.61729, 0.627455, 0.639515, 0.652966, 0.667258, 0.681831, 0.696137, 0.70967, 0.721978, 0.732675, 0.741451, 0.748068, 0.752355, 0.754196
0.754196, 0.756031, 0.760259, 0.766663, 0.774936, 0.784693, 0.795497, 0.806882, 0.818385, 0.829569, 0.840044, 0.849475, 0.857596, 0.864203, 0.869149, 0.872338, 0.873702
0.873702, 0.875061, 0.878181, 0.88288, 0.888904, 0.895936, 0.903626, 0.911612, 0.919548, 0.927126, 0.934088, 0.940236, 0.94543, 0.949581, 0.952643, 0.954595, 0.955425
0.955425, 0.956247, 0.958124, 0.960916, 0.96443, 0.968433, 0.972677, 0.976918, 0.980944, 0.984588, 0.987737, 0.990336, 0.992377, 0.993894, 0.994939, 0.99557, 0.995829
0.995829, 0.99608, 0.996633, 0.997397, 0.998249, 0.99905, 0.999663, 0.999976, 0.999918, 0.999471, 0.998671, 0.997607, 0.996408, 0.995225, 0.994208, 0.99349, 0.993167
0.993167, 0.992837, 0.992041, 0.990744, 0.988898, 0.986461, 0.983418, 0.979789, 0.97565, 0.97113, 0.966416, 0.961736, 0.957349, 0.953516, 0.950481, 0.948446, 0.947555
0.947555, 0.946657, 0.944548, 0.941245, 0.93678, 0.931212, 0.924644, 0.91723, 0.909188, 0.900792, 0.892367, 0.884274, 0.876887, 0.870571, 0.86565, 0.862385, 0.860965
0.860965, 0.859538, 0.856206, 0.851042, 0.844151, 0.835692, 0.825882, 0.815005, 0.803408, 0.791498, 0.779727, 0.76857, 0.758504, 0.749978, 0.743383, 0.73903, 0.737142
0.737142, 0.735248, 0.730837, 0.724034, 0.715015, 0.704031, 0.691405, 0.677534, 0.662884, 0.647975, 0.633366, 0.619629, 0.607319, 0.596951, 0.588967, 0.583715, 0.58144
0.58144, 0.57916, 0.573862, 0.565714, 0.554958, 0.541924, 0.527027, 0.510762, 0.493692, 0.47643, 0.459616, 0.443891, 0.42987, 0.418109, 0.409081, 0.403156, 0.400593
0.400593, 0.398027, 0.39207, 0.38293, 0.370901, 0.356381, 0.339858, 0.321902, 0.303151, 0.284281, 0.265988, 0.248957, 0.23383, 0.221184, 0.211504, 0.205162, 0.202422
0.202422, 0.19968, 0.193322, 0.183585, 0.170804, 0.155426, 0.13799, 0.119121, 0.099499, 0.079838, 0.0608581, 0.0432561, 0.0276782, 0.014695, 0.00478054, -0.00170405, -0.00450276
-0.00450276, -0.00730145, -0.0137857, -0.0236989, -0.036679, -0.0522513, -0.0698444, -0.0888114, -0.108456, -0.128058, -0.146904, -0.164315, -0.179671, -0.19243, -0.20215, -0.208496, -0.211233
-0.211233, -0.213968, -0.220297, -0.229958, -0.242576, -0.257669, -0.274659, -0.292903, -0.31172, -0.330415, -0.348313, -0.364781, -0.379249, -0.391233, -0.400338, -0.406272, -0.408828
-0.408828, -0.411381, -0.417282, -0.426272, -0.437983, -0.451943, -0.467595, -0.484328, -0.501504, -0.518484, -0.534659, -0.549471, -0.562427, -0.573117, -0.581214, -0.586478, -0.588743
-0.588743, -0.591003, -0.596221, -0.604152, -0.614449, -0.626672, -0.64031, -0.654808, -0.6696, -0.68413, -0.697883, -0.710398, -0.721282, -0.730216, -0.736954, -0.741322, -0.743197
-0.743197, -0.745067, -0.749376, -0.755904, -0.764342, -0.7743, -0.785333, -0.79697, -0.808738, -0.82019, -0.830927, -0.840604, -0.848945, -0.855736, -0.860824, -0.864106, -0.865511
-0.865511, -0.866909, -0.870123, -0.874967, -0.881181, -0.888443, -0.896395, -0.904666, -0.912901, -0.920781, -0.928036, -0.934457, -0.939894, -0.944248, -0.947466, -0.949521, -0.950395
-0.950395, -0.951262, -0.953241, -0.956191, -0.959912, -0.964164, -0.968691, -0.973239, -0.977585, -0.981551, -0.985011, -0.987898, -0.990196, -0.991926, -0.993135, -0.993872, -0.994178
-0.994178, -0.994476, -0.995135, -0.996063, -0.99713, -0.998189, -0.999094, -0.999723, -0.999993, -0.999873, -0.999388, -0.998617, -0.997676, -0.996707, -0.995854, -0.995243, -0.994967
-0.994967, -0.994683, -0.993994, -0.99286, -0.991227, -0.989047, -0.986291, -0.982973, -0.979155, -0.974954, -0.970546, -0.966149, -0.962011, -0.958384, -0.955507, -0.953574, -0.952727
-0.952727, -0.951873, -0.949866, -0.946719, -0.942457, -0.937131, -0.930835, -0.923714, -0.915972, -0.907873, -0.899732, -0.8919, -0.884742, -0.878615, -0.873838, -0.870666, -0.869286
-0.869286, -0.867899, -0.86466, -0.859637, -0.85293, -0.844689, -0.835124, -0.824507, -0.813177, -0.80153, -0.790008, -0.779079, -0.769212, -0.76085, -0.754378, -0.750106, -0.748252
-0.748252, -0.746392, -0.742061, -0.735378, -0.726516, -0.715717, -0.703297, -0.689644, -0.675215, -0.660523, -0.646119, -0.632566, -0.620417, -0.61018, -0.602295, -0.597106, -0.594859
-0.594859, -0.592607, -0.587371, -0.579318, -0.568684, -0.555794, -0.541055, -0.524957, -0.508053, -0.490952, -0.474288, -0.458698, -0.444791, -0.433123, -0.424165, -0.418284, -0.41574
-0.41574, -0.413193, -0.407279, -0.398204, -0.386259, -0.371834, -0.355415, -0.337567, -0.31892, -0.300149, -0.281946, -0.264992, -0.24993, -0.237335, -0.227692, -0.221373, -0.218643
-0.218643, -0.215911, -0.209575, -0.19987, -0.187129, -0.171794, -0.154405, -0.135579, -0.115995, -0.0963659, -0.0774108, -0.0598265, -0.0442599, -0.0312831, -0.0213716, -0.0148881, -0.0120896
-0.0120896, -0.00929101, -0.00280654, 0.00710837, 0.0200933, 0.0356749, 0.0532834, 0.0722729, 0.0919467, 0.111585, 0.130472, 0.147926, 0.163324, 0.176122, 0.185873, 0.192241, 0.194986
0.194986, 0.197731, 0.204083, 0.213779, 0.226447, 0.241601, 0.258667, 0.276999, 0.295912, 0.31471, 0.332712, 0.349282, 0.363845, 0.37591, 0.385079, 0.391055, 0.39363
0.39363, 0.396201, 0.402147, 0.411205, 0.423007, 0.43708, 0.452864, 0.469746, 0.48708, 0.504225, 0.520564, 0.535532, 0.548631, 0.559441, 0.567632, 0.572959, 0.57525
0.57525, 0.577537, 0.582819, 0.590847, 0.601274, 0.613656, 0.627477, 0.642178, 0.657184, 0.671934, 0.685904, 0.698623, 0.709691, 0.718779, 0.725637, 0.730084, 0.731994
0.731994, 0.733898, 0.738287, 0.744938, 0.753538, 0.763694, 0.774954, 0.786838, 0.798868, 0.810585, 0.821581, 0.831501, 0.840059, 0.847033, 0.852262, 0.855636, 0.857081
0.857081, 0.85852, 0.861827, 0.866813, 0.873215, 0.880705, 0.888917, 0.897471, 0.906003, 0.914182, 0.921728, 0.92842, 0.934099, 0.938656, 0.942029, 0.944185, 0.945103
0.945103, 0.946014, 0.948096, 0.951202, 0.955129, 0.95963, 0.964438, 0.969292, 0.973958, 0.978243, 0.982013, 0.985189, 0.987742, 0.989686, 0.991057, 0.991902, 0.992253
0.992253, 0.992597, 0.993364, 0.994455, 0.995737, 0.997054, 0.998251, 0.999195, 0.999792, 1, 0.999831, 0.999352, 0.998669, 0.997915, 0.997226, 0.996723, 0.996492
0.996492, 0.996254, 0.995673, 0.994702, 0.993284, 0.991359, 0.988893, 0.985887, 0.98239, 0.97851, 0.97441, 0.970297, 0.966408, 0.962989, 0.960269, 0.95844, 0.957637
0.957637, 0.956828, 0.954923, 0.951932, 0.947875, 0.942793, 0.93677, 0.929943, 0.922503, 0.914704, 0.90685, 0.89928, 0.892354, 0.886418, 0.881785, 0.878708, 0.877368
0.877368, 0.876022, 0.872876, 0.867995, 0.861474, 0.853454, 0.844136, 0.833782, 0.822722, 0.811341, 0.800071, 0.789374, 0.779709, 0.771512, 0.765166, 0.760975, 0.759156
0.759156, 0.757332, 0.753081, 0.746521, 0.737818, 0.727207, 0.714995, 0.701564, 0.687361, 0.67289, 0.658694, 0.64533, 0.633344, 0.623241, 0.615457, 0.610333, 0.608114
0.608114, 0.60589, 0.600718, 0.592762, 0.582254, 0.56951, 0.554934, 0.539006, 0.522274, 0.505339, 0.48883, 0.473378, 0.45959, 0.448018, 0.439132, 0.433297, 0.430773
0.430773, 0.428246, 0.422377, 0.413369, 0.40151, 0.387185, 0.370875, 0.353138, 0.334602, 0.315935, 0.297826, 0.280954, 0.265961, 0.25342, 0.243817, 0.237523, 0.234803
0.234803, 0.232082, 0.225769, 0.216099, 0.203402, 0.188116, 0.170776, 0.151999, 0.132459, 0.112867, 0.0939423, 0.0763804, 0.0608294, 0.0478625, 0.0379567, 0.0314761, 0.0286786
0.0286786, 0.0258809, 0.019398, 0.00948408, -0.00350195, -0.0190887, -0.0367077, -0.0557144, -0.0754125, -0.0950811, -0.114004, -0.131497, -0.146932, -0.159765, -0.169545, -0.175932, -0.178686
-0.178686, -0.181439, -0.187812, -0.197541, -0.210255, -0.225468, -0.242604, -0.261018, -0.280022, -0.298918, -0.31702, -0.333687, -0.34834, -0.360483, -0.369714, -0.375731, -0.378323
-0.378323, -0.380912, -0.3869, -0.396024, -0.407914, -0.422096, -0.438009, -0.455034, -0.472523, -0.489827, -0.506326, -0.521446, -0.534683, -0.545612, -0.553894, -0.559281, -0.561599

-0.570012, -0.56771, -0.56236, -0.554133, -0.543277, -0.530125, -0.515098, -0.498696, -0.481489, -0.464095, -0.447158, -0.431323, -0.417208, -0.405371, -0.396288, -0.390326, -0.387747
-0.387747, -0.385166, -0.379174, -0.369981, -0.357885, -0.343287, -0.326679, -0.308638, -0.289802, -0.270853, -0.252489, -0.235396, -0.220218, -0.207532, -0.197823, -0.191462, -0.188715
-0.188715, -0.185966, -0.17959, -0.169828, -0.157016, -0.141603, -0.124134, -0.105232, -0.0855818, -0.065898, -0.0469012, -0.0292881, -0.013704, -0.000718224, 0.00919662, 0.0156807, 0.018479
0.018479, 0.0212772, 0.0277598, 0.0376695, 0.0506429, 0.066204, 0.0837803, 0.102724, 0.12234, 0.141907, 0.160715, 0.178086, 0.193402, 0.206127, 0.215819, 0.222146, 0.224874
0.224874, 0.2276, 0.233909, 0.243538, 0.256112, 0.271148, 0.288071, 0.306239, 0.32497, 0.343575, 0.361381, 0.377759, 0.392145, 0.404058, 0.413107, 0.419004, 0.421543
0.421543, 0.42408, 0.429943, 0.438874, 0.450505, 0.464366, 0.479904, 0.496509, 0.513547, 0.530385, 0.546418, 0.561095, 0.573929, 0.584515, 0.592531, 0.597742, 0.599983
0.599983, 0.60222, 0.607384, 0.615231, 0.625416, 0.637503, 0.650983, 0.665308, 0.679915, 0.694257, 0.707825, 0.720166, 0.730893, 0.739694, 0.746329, 0.75063, 0.752476
0.752476, 0.754316, 0.758558, 0.764981, 0.77328, 0.783069, 0.793909, 0.805334, 0.816879, 0.828106, 0.838622, 0.848092, 0.856248, 0.862884, 0.867853, 0.871056, 0.872427
0.872427, 0.873792, 0.876927, 0.881649, 0.887703, 0.894771, 0.902503, 0.910533, 0.918517, 0.926143, 0.933151, 0.939342, 0.944574, 0.948758, 0.951844, 0.953812, 0.954649
0.954649, 0.955479, 0.957372, 0.960189, 0.963736, 0.967778, 0.972066, 0.976356, 0.980433, 0.984127, 0.987326, 0.98997, 0.992051, 0.993602, 0.994673, 0.99532, 0.995587
0.995587, 0.995846, 0.996415, 0.997205, 0.998091, 0.998932, 0.999591, 0.999954, 0.999948, 0.999552, 0.998802, 0.997784, 0.996626, 0.995476, 0.994486, 0.993785, 0.993469
0.993469, 0.993146, 0.992367, 0.991096, 0.989283, 0.986887, 0.983889, 0.980309, 0.97622, 0.971751, 0.967084, 0.962449, 0.958101, 0.954301, 0.951291, 0.949272, 0.948388
0.948388, 0.947497, 0.945403, 0.942125, 0.937692, 0.932162, 0.925636, 0.918269, 0.910274, 0.901925, 0.893544, 0.885492, 0.878142, 0.871855, 0.866956, 0.863706, 0.862292
0.862292, 0.860872, 0.857554, 0.852412, 0.84555, 0.837125, 0.827354, 0.816518, 0.804963, 0.793094, 0.781361, 0.770241, 0.760206, 0.751705, 0.74513, 0.740789, 0.738906
0.738906, 0.737018, 0.732619, 0.725835, 0.716841, 0.705886, 0.693292, 0.679455, 0.66484, 0.649965, 0.635388, 0.621679, 0.609395, 0.599047, 0.591079, 0.585836, 0.583566
0.583566, 0.581291, 0.576002, 0.567869, 0.557132, 0.54412, 0.529248, 0.513009, 0.495965, 0.478728, 0.461937, 0.446233, 0.43223, 0.420483, 0.411467, 0.405548, 0.402988
0.402988, 0.400425, 0.394474, 0.385344, 0.373329, 0.358823, 0.342316, 0.324377, 0.305642, 0.286787, 0.268509, 0.251489, 0.236372, 0.223734, 0.21406, 0.207721, 0.204983
0.204983, 0.202242, 0.195888, 0.186155, 0.173381, 0.158009, 0.14058, 0.121718, 0.102101, 0.0824447, 0.0634684, 0.0458688, 0.0302924, 0.01731, 0.00739584, 0.000911302, -0.00188743
-0.00188743, -0.00468614, -0.0111705, -0.0210842, -0.0340653, -0.0496394, -0.0672352, -0.0862061, -0.105855, -0.125463, -0.144317, -0.161735, -0.177097, -0.189863, -0.199588, -0.205938, -0.208676
-0.208676, -0.211412, -0.217746, -0.227412, -0.240038, -0.255141, -0.272143, -0.290402, -0.309234, -0.327946, -0.34586, -0.362344, -0.376828, -0.388825, -0.39794, -0.403881, -0.40644
-0.40644, -0.408995, -0.414904, -0.423905, -0.43563, -0.449608, -0.465281, -0.482039, -0.499239, -0.516246, -0.532447, -0.547284, -0.560263, -0.570972, -0.579084, -0.584358, -0.586627
-0.586627, -0.588891, -0.59412, -0.602066, -0.612383, -0.624632, -0.638299, -0.652829, -0.667655, -0.68222, -0.696008, -0.708555, -0.719468, -0.728426, -0.735184, -0.739564, -0.741445
-0.741445, -0.74332, -0.747642, -0.75419, -0.762653, -0.772642, -0.783712, -0.795387, -0.807197, -0.818691, -0.829469, -0.839184, -0.847559, -0.85438, -0.85949, -0.862786, -0.864198
-0.864198, -0.865603, -0.868832, -0.873698, -0.879941, -0.88724, -0.895232, -0.903548, -0.911831, -0.919757, -0.927058, -0.933522, -0.938997, -0.943384, -0.946627, -0.948697, -0.949578
-0.949578, -0.950452, -0.952448, -0.955422, -0.959175, -0.963467, -0.968038, -0.972635, -0.977031, -0.981047, -0.984556, -0.987489, -0.989827, -0.991591, -0.992826, -0.99358, -0.993893
-0.993893, -0.994198, -0.994874, -0.995828, -0.996929, -0.998029, -0.99898, -0.999658, -0.999979, -0.999911, -0.999476, -0.998751, -0.997851, -0.996916, -0.996089, -0.995495, -0.995226
-0.995226, -0.994948, -0.994277, -0.993168, -0.991569, -0.989429, -0.98672, -0.98345, -0.979682, -0.975533, -0.971173, -0.966821, -0.962722, -0.959128, -0.956275, -0.954358, -0.953519
-0.953519, -0.952672, -0.95068, -0.947558, -0.943328, -0.938041, -0.931788, -0.924712, -0.917018, -0.908966, -0.90087, -0.89308, -0.885958, -0.879861, -0.875106, -0.87195, -0.870576
-0.870576, -0.869196, -0.865971, -0.86097, -0.854292, -0.846086, -0.83656, -0.825984, -0.814696, -0.803091, -0.791609, -0.780716, -0.770881, -0.762544, -0.756093, -0.751833, -0.749984
-0.749984, -0.74813, -0.743812, -0.737148, -0.728311, -0.717542, -0.705154, -0.691536, -0.677142, -0.662485, -0.648113, -0.63459, -0.622466, -0.61225, -0.604381, -0.599202, -0.596959
-0.596959, -0.594711, -0.589486, -0.581448, -0.570834, -0.557966, -0.543253, -0.527181, -0.510304, -0.493229, -0.476589, -0.46102, -0.447132, -0.435479, -0.426532, -0.420658, -0.418117
-0.418117, -0.415573, -0.409667, -0.400602, -0.38867, -0.374261, -0.357858, -0.340027, -0.321398, -0.302643, -0.284454, -0.267513, -0.252461, -0.239875, -0.230238, -0.223922, -0.221194
-0.221194, -0.218464, -0.212131, -0.202432, -0.189698, -0.17437, -0.156988, -0.138169, -0.118592, -0.0989688, -0.0800181, -0.0624369, -0.0468725, -0.033897, -0.0239863, -0.0175031, -0.0147047
-0.0147047, -0.0119062, -0.00542186, 0.00449307, 0.0174784, 0.0330611, 0.0506716, 0.0696641, 0.0893422, 0.108985, 0.127878, 0.145339, 0.160743, 0.173547, 0.183302, 0.189673, 0.19242
0.19242, 0.195166, 0.201522, 0.211223, 0.223898, 0.239063, 0.25614, 0.274485, 0.293413, 0.312226, 0.330245, 0.34683, 0.361407, 0.373485, 0.382664, 0.388647, 0.391224
0.391224, 0.393798, 0.399751, 0.408819, 0.420636, 0.434726, 0.450531, 0.467435, 0.484794, 0.501965, 0.518329, 0.533322, 0.546442, 0.557272, 0.565477, 0.570813, 0.573109
0.573109, 0.5754, 0.580692, 0.588735, 0.599182, 0.611589, 0.625438, 0.640171, 0.655211, 0.669995, 0.683998, 0.696749, 0.707846, 0.716959, 0.723835, 0.728294, 0.730209
0.730209, 0.732119, 0.73652, 0.743191, 0.751816, 0.762003, 0.773298, 0.785222, 0.797292, 0.809051, 0.820087, 0.830045, 0.838637, 0.84564, 0.850891, 0.854279, 0.855731
0.855731, 0.857175, 0.860497, 0.865506, 0.871938, 0.879463, 0.887716, 0.896315, 0.904893, 0.913119, 0.92071, 0.927445, 0.933162, 0.937751, 0.941148, 0.94332, 0.944245
0.944245, 0.945163, 0.947261, 0.950392, 0.954351, 0.958891, 0.963743, 0.968646, 0.973361, 0.977697, 0.981516, 0.984737, 0.98733, 0.989308, 0.990705, 0.991566, 0.991925
0.991925, 0.992276, 0.99306, 0.994177, 0.995492, 0.99685, 0.998093, 0.999087, 0.999735, 0.999995, 0.999876, 0.999443, 0.998801, 0.998081, 0.997418, 0.996931, 0.996708
0.996708, 0.996477, 0.995912, 0.994968, 0.993583, 0.991699, 0.989279, 0.986321, 0.982875, 0.979046, 0.974995, 0.970926, 0.967077, 0.963691, 0.960996, 0.959182, 0.958387
0.958387, 0.957584, 0.955696, 0.95273, 0.948705, 0.943661, 0.937682, 0.930901, 0.923509, 0.915758, 0.907949, 0.900421, 0.893531, 0.887625, 0.883015, 0.879953, 0.87862
0.87862, 0.87728, 0.874149, 0.869291, 0.862799, 0.854814, 0.845535, 0.835223, 0.824206, 0.812867, 0.801638, 0.790977, 0.781344, 0.773173, 0.766847, 0.762669, 0.760856
0.760856, 0.759037, 0.754799, 0.748258, 0.73958, 0.728999, 0.716821, 0.703425, 0.689258, 0.674822, 0.660659, 0.647325, 0.635366, 0.625285, 0.617516, 0.612403, 0.610188
0.610188, 0.607968, 0.602807, 0.594867, 0.584378, 0.571658, 0.557108, 0.541207, 0.524503, 0.507594, 0.49111, 0.47568, 0.461911, 0.450355, 0.44148, 0.435653, 0.433132
0.433132, 0.430608, 0.424746, 0.415749, 0.403904, 0.389595, 0.373302, 0.355584, 0.337065, 0.318415, 0.300322, 0.283463, 0.268481, 0.255949, 0.246352, 0.240062, 0.237344
0.237344, 0.234625, 0.228316, 0.218652, 0.205962, 0.190684, 0.173353, 0.154583, 0.135051, 0.115466, 0.0965458, 0.0789879, 0.0634397, 0.0504747, 0.0405701, 0.03409, 0.0312928

-0.943863, -0.942935, -0.940756, -0.937347, -0.932744, -0.927011, -0.920257, -0.912645, -0.904399, -0.8958, -0.887181, -0.878911, -0.871369, -0.864925, -0.859906, -0.856578, -0.85513
-0.85513, -0.853676, -0.850281, -0.845021, -0.838005, -0.829398, -0.819423, -0.808369, -0.796591, -0.784503, -0.772562, -0.761252, -0.751051, -0.742414, -0.735735, -0.731328, -0.729417
-0.729417, -0.727499, -0.723035, -0.71615, -0.707026, -0.695917, -0.683152, -0.669134, -0.654334, -0.63928, -0.624533, -0.610671, -0.598253, -0.587797, -0.579747, -0.574452, -0.572158
-0.572158, -0.569861, -0.56452, -0.556309, -0.545471, -0.53234, -0.517337, -0.500962, -0.48378, -0.46641, -0.449495, -0.433681, -0.419583, -0.407761, -0.398688, -0.392732, -0.390157
-0.390157, -0.387578, -0.381593, -0.372409, -0.360326, -0.345742, -0.32915, -0.311125, -0.292304, -0.27337, -0.255019, -0.237937, -0.222768, -0.21009, -0.200386, -0.194029, -0.191282
-0.191282, -0.188535, -0.182162, -0.172405, -0.159599, -0.144192, -0.126728, -0.107833, -0.0881872, -0.0685074, -0.0495135, -0.0319022, -0.016319, -0.00333357, 0.00658135, 0.0130656, 0.0158641
0.0158641, 0.0186624, 0.0251454, 0.0350559, 0.0480307, 0.0635941, 0.0811738, 0.100123, 0.119743, 0.139318, 0.158133, 0.175512, 0.190836, 0.203567, 0.213264, 0.219595, 0.222325
0.222325, 0.225052, 0.231366, 0.241, 0.253583, 0.26863, 0.285566, 0.303748, 0.322496, 0.341118, 0.358941, 0.375336, 0.389738, 0.401664, 0.410724, 0.416628, 0.41917
0.41917, 0.42171, 0.427581, 0.436522, 0.448169, 0.462049, 0.477608, 0.494237, 0.511301, 0.528166, 0.544226, 0.558928, 0.571785, 0.582391, 0.590422, 0.595643, 0.597889
0.597889, 0.60013, 0.605304, 0.613167, 0.623373, 0.635485, 0.648995, 0.663353, 0.677995, 0.692373, 0.705976, 0.718349, 0.729105, 0.737931, 0.744586, 0.748899, 0.750751
0.750751, 0.752597, 0.756851, 0.763294, 0.771619, 0.78144, 0.792317, 0.803781, 0.815368, 0.826637, 0.837194, 0.846704, 0.854894, 0.861559, 0.86655, 0.869768, 0.871146
0.871146, 0.872517, 0.875667, 0.880412, 0.886495, 0.893601, 0.901373, 0.909449, 0.91748, 0.925153, 0.932208, 0.938442, 0.943712, 0.947928, 0.951039, 0.953024, 0.953867
0.953867, 0.954704, 0.956613, 0.959455, 0.963035, 0.967116, 0.971449, 0.975787, 0.979914, 0.98366, 0.986907, 0.989597, 0.991719, 0.993303, 0.9944, 0.995064, 0.995338
0.995338, 0.995604, 0.99619, 0.997006, 0.997926, 0.998808, 0.999513, 0.999926, 0.999971, 0.999627, 0.998927, 0.997955, 0.996838, 0.995722, 0.994756, 0.994072, 0.993764
0.993764, 0.993448, 0.992686, 0.99144, 0.989661, 0.987306, 0.984353, 0.980822, 0.976784, 0.972365, 0.967747, 0.963156, 0.958847, 0.955079, 0.952094, 0.950091, 0.949214
0.949214, 0.94833, 0.946252, 0.942999, 0.938598, 0.933106, 0.926623, 0.919302, 0.911354, 0.903051, 0.894715, 0.886704, 0.87939, 0.873133, 0.868257, 0.865022, 0.863614
0.863614, 0.8622, 0.858897, 0.853776, 0.846944, 0.838553, 0.82882, 0.818025, 0.806512, 0.794684, 0.782991, 0.771906, 0.761903, 0.753428, 0.746871, 0.742544, 0.740666
0.740666, 0.738783, 0.734397, 0.727632, 0.718662, 0.707736, 0.695175, 0.681372, 0.666791, 0.65195, 0.637406, 0.623726, 0.611466, 0.601139, 0.593187, 0.587954, 0.585687
0.585687, 0.583417, 0.578138, 0.57002, 0.559302, 0.546313, 0.531465, 0.515252, 0.498234, 0.481022, 0.464255, 0.448572, 0.434586, 0.422854, 0.413849, 0.407937, 0.40538
0.40538, 0.40282, 0.396876, 0.387756, 0.375754, 0.361263, 0.344772, 0.32685, 0.308131, 0.289292, 0.271027, 0.254019, 0.238912, 0.226283, 0.216614, 0.210279, 0.207542
0.207542, 0.204803, 0.198452, 0.188724, 0.175956, 0.160591, 0.143169, 0.124313, 0.104702, 0.0850509, 0.0660782, 0.0484813, 0.0329065, 0.0199249, 0.0100111, 0.00352664, 0.00072792
0.00072792, -0.00207081, -0.00855531, -0.0184693, -0.0314514, -0.0470271, -0.0646255, -0.0836002, -0.103254, -0.122868, -0.141728, -0.159153, -0.174523, -0.187294, -0.197025, -0.203378, -0.206117
-0.206117, -0.208855, -0.215192, -0.224864, -0.237499, -0.252611, -0.269625, -0.287898, -0.306746, -0.325474, -0.343405, -0.359905, -0.374404, -0.386414, -0.39554, -0.401487, -0.404049
-0.404049, -0.406607, -0.412523, -0.421535, -0.433275, -0.44727, -0.462965, -0.479745, -0.496972, -0.514004, -0.530231, -0.545093, -0.558094, -0.568823, -0.576949, -0.582234, -0.584507
-0.584507, -0.586775, -0.592014, -0.599975, -0.610314, -0.622587, -0.636283, -0.650846, -0.665705, -0.680306, -0.694127, -0.706707, -0.717649, -0.726632, -0.733408, -0.737801, -0.739687
-0.739687, -0.741568, -0.745902, -0.75247, -0.760959, -0.77098, -0.782085, -0.7938, -0.80565, -0.817187, -0.828005, -0.837759, -0.846169, -0.853018, -0.85815, -0.861461, -0.862879
-0.862879, -0.86429, -0.867534, -0.872422, -0.878696, -0.88603, -0.894064, -0.902425, -0.910754, -0.918728, -0.926075, -0.932581, -0.938095, -0.942513, -0.94578, -0.947867, -0.948755
-0.948755, -0.949636, -0.951648, -0.954647, -0.958432, -0.962763, -0.967379, -0.972024, -0.976471, -0.980537, -0.984095, -0.987073, -0.989452, -0.991249, -0.992509, -0.993281, -0.993601
-0.993601, -0.993913, -0.994606, -0.995586, -0.996721, -0.997861, -0.998858, -0.999586, -0.999959, -0.999943, -0.999558, -0.998878, -0.998019, -0.997118, -0.996316, -0.995739, -0.995477
-0.995477, -0.995208, -0.994553, -0.99347, -0.991905, -0.989805, -0.987141, -0.983921, -0.980204, -0.976104, -0.971793, -0.967486, -0.963426, -0.959865, -0.957037, -0.955136, -0.954304
-0.954304, -0.953463, -0.951488, -0.948391, -0.944193, -0.938944, -0.932734, -0.925705, -0.918058, -0.910053, -0.902003, -0.894253, -0.887168, -0.881101, -0.876369, -0.873227, -0.87186
-0.87186, -0.870486, -0.867276, -0.862297, -0.855649, -0.847477, -0.83799, -0.827456, -0.81621, -0.804646, -0.793204, -0.782348, -0.772544, -0.764234, -0.757802, -0.753555, -0.751712
-0.751712, -0.749863, -0.745557, -0.738913, -0.730101, -0.719361, -0.707006, -0.693422, -0.679064, -0.664442, -0.650102, -0.636609, -0.624511, -0.614316, -0.606462, -0.601294, -0.599055
-0.599055, -0.596812, -0.591596, -0.583573, -0.572979, -0.560135, -0.545447, -0.529401, -0.512552, -0.495502, -0.478886, -0.463339, -0.44947, -0.437832, -0.428896, -0.423029, -0.420492
-0.420492, -0.417951, -0.412051, -0.402997, -0.391078, -0.376685, -0.360299, -0.342486, -0.323873, -0.305135, -0.286961, -0.270032, -0.254991, -0.242413, -0.232782, -0.226471, -0.223744
-0.223744, -0.221015, -0.214686, -0.204992, -0.192265, -0.176945, -0.15957, -0.140759, -0.121189, -0.101571, -0.0826248, -0.065047, -0.0494848, -0.0365108, -0.0266008, -0.0201179, -0.0173197
-0.0173197, -0.0145213, -0.00803715, 0.00187773, 0.0148634, 0.0304471, 0.0480594, 0.0670549, 0.086737, 0.106385, 0.125284, 0.142751, 0.158161, 0.17097, 0.180731, 0.187105, 0.189853
0.189853, 0.1926, 0.19896, 0.208666, 0.221349, 0.236522, 0.253611, 0.271969, 0.290912, 0.309741, 0.327775, 0.344376, 0.358968, 0.371058, 0.380246, 0.386236, 0.388816
0.388816, 0.391393, 0.397352, 0.406431, 0.418262, 0.432369, 0.448194, 0.465122, 0.482505, 0.499701, 0.516091, 0.531107, 0.54425, 0.555098, 0.563318, 0.568664, 0.570964
0.570964, 0.573259, 0.578561, 0.586619, 0.597086, 0.609517, 0.623396, 0.638159, 0.653233, 0.668051, 0.682088, 0.694871, 0.705996, 0.715133, 0.722028, 0.726499, 0.72842
0.72842, 0.730334, 0.734749, 0.741438, 0.750089, 0.760307, 0.771637, 0.783599, 0.79571, 0.807511, 0.818588, 0.828584, 0.83721, 0.844241, 0.849514, 0.852917, 0.854375
0.854375, 0.855826, 0.859162, 0.864193, 0.870654, 0.878216, 0.886509, 0.895152, 0.903777, 0.912049, 0.919686, 0.926464, 0.932218, 0.936839, 0.940261, 0.942449, 0.943381
0.943381, 0.944306, 0.94642, 0.949575, 0.953567, 0.958145, 0.963042, 0.967993, 0.972758, 0.977145, 0.981012, 0.984278, 0.986912, 0.988923, 0.990346, 0.991224, 0.99159
0.99159, 0.991948, 0.992749, 0.993892, 0.995241, 0.996639, 0.997928, 0.998972, 0.999672, 0.999983, 0.999914, 0.999526, 0.998925, 0.998239, 0.997602, 0.997132, 0.996917
0.996917, 0.996693, 0.996145, 0.995226, 0.993875, 0.992032, 0.989657, 0.986749, 0.983354, 0.979575, 0.975572, 0.971549, 0.967739, 0.964386, 0.961716, 0.959919, 0.959131
0.959131, 0.958335, 0.956462, 0.953522, 0.949528, 0.944524, 0.938588, 0.931853, 0.924509, 0.916805, 0.909042, 0.901556, 0.894702, 0.888827, 0.88424, 0.881192, 0.879866
0.879866, 0.878532, 0.875416, 0.870581, 0.864118, 0.856168, 0.846928, 0.836659, 0.825684, 0.814387, 0.803198, 0.792574, 0.782973, 0.774829, 0.768523, 0.764358, 0.762551
0.762551, 0.760737, 0.756512, 0.749991, 0.741338, 0.730787, 0.718642, 0.705282, 0.691151, 0.67675, 0.66262, 0.649317, 0.637383, 0.627323, 0.619571, 0.614468, 0.612258

-0.957971, -0.95877, -0.960592, -0.963301, -0.966706, -0.970577, -0.97467, -0.978749, -0.982606, -0.98608, -0.989065, -0.991511, -0.993417, -0.994821, -0.99578, -0.996354, -0.996589
-0.996589, -0.996816, -0.997312, -0.997989, -0.998728, -0.999393, -0.999852, -0.999998, -0.999768, -0.999148, -0.998182, -0.996964, -0.995629, -0.994333, -0.99323, -0.992456, -0.992109
-0.992109, -0.991754, -0.990902, -0.989519, -0.98756, -0.984989, -0.981794, -0.978002, -0.973694, -0.969006, -0.964131, -0.959303, -0.954785, -0.950844, -0.947727, -0.945638, -0.944724
-0.944724, -0.943802, -0.941639, -0.938255, -0.933684, -0.927989, -0.921277, -0.913711, -0.905512, -0.896959, -0.888385, -0.880155, -0.87265, -0.866234, -0.861238, -0.857924, -0.856483
-0.856483, -0.855035, -0.851654, -0.846416, -0.83943, -0.830856, -0.820919, -0.809906, -0.79817, -0.786122, -0.77422, -0.762945, -0.752776, -0.744164, -0.737504, -0.733109, -0.731203
-0.731203, -0.729291, -0.724839, -0.717973, -0.708873, -0.697793, -0.68506, -0.671075, -0.65631, -0.641289, -0.626574, -0.61274, -0.600347, -0.589911, -0.581876, -0.57659, -0.574301
-0.574301, -0.572008, -0.566677, -0.55848, -0.547661, -0.534553, -0.519574, -0.503223, -0.486067, -0.468722, -0.45183, -0.436036, -0.421956, -0.410147, -0.401085, -0.395136, -0.392564
-0.392564, -0.389988, -0.384009, -0.374835, -0.362765, -0.348195, -0.331619, -0.313609, -0.294804, -0.275884, -0.257547, -0.240476, -0.225317, -0.212646, -0.202948, -0.196594, -0.193849
-0.193849, -0.191102, -0.184733, -0.17498, -0.16218, -0.146779, -0.129322, -0.110432, -0.0907921, -0.0711164, -0.0521255, -0.0345161, -0.018934, -0.00594889, 0.00396604, 0.0104505, 0.013249
0.013249, 0.0160474, 0.0225308, 0.032442, 0.0454182, 0.0609839, 0.0785668, 0.09752, 0.117146, 0.136727, 0.15555, 0.172937, 0.188268, 0.201006, 0.210708, 0.217043, 0.219774
0.219774, 0.222503, 0.228821, 0.238461, 0.251052, 0.26611, 0.283058, 0.301255, 0.320019, 0.338658, 0.356499, 0.37291, 0.387328, 0.399267, 0.408338, 0.414249, 0.416794
0.416794, 0.419337, 0.425215, 0.434168, 0.445829, 0.459728, 0.475308, 0.491962, 0.509052, 0.525943, 0.54203, 0.556757, 0.569638, 0.580263, 0.588309, 0.59354, 0.59579
0.59579, 0.598036, 0.60322, 0.611099, 0.621326, 0.633464, 0.647003, 0.661394, 0.67607, 0.690483, 0.704121, 0.716527, 0.727313, 0.736164, 0.742838, 0.747163, 0.749021
0.749021, 0.750872, 0.755139, 0.761602, 0.769953, 0.779806, 0.790718, 0.802222, 0.813851, 0.825163, 0.835761, 0.845309, 0.853534, 0.860229, 0.865242, 0.868475, 0.869859
0.869859, 0.871236, 0.874401, 0.879168, 0.885282, 0.892424, 0.900237, 0.908358, 0.916436, 0.924157, 0.931258, 0.937535, 0.942844, 0.947092, 0.950228, 0.952228, 0.953079
0.953079, 0.953923, 0.955848, 0.958715, 0.962327, 0.966448, 0.970825, 0.975212, 0.979389, 0.983186, 0.986482, 0.989217, 0.99138, 0.992997, 0.99412, 0.994801, 0.995082
0.995082, 0.995356, 0.995959, 0.9968, 0.997754, 0.998677, 0.999428, 0.999891, 0.999988, 0.999695, 0.999044, 0.998119, 0.997042, 0.99596, 0.99502, 0.994353, 0.994052
0.994052, 0.993744, 0.992999, 0.991779, 0.990033, 0.987718, 0.98481, 0.981328, 0.977341, 0.972972, 0.968402, 0.963856, 0.959586, 0.955851, 0.95289, 0.950903, 0.950034
0.950034, 0.949156, 0.947095, 0.943866, 0.939497, 0.934043, 0.927603, 0.920328, 0.912427, 0.904171, 0.89588, 0.88791, 0.880632, 0.874405, 0.869551, 0.866331, 0.86493
0.86493, 0.863521, 0.860233, 0.855135, 0.848331, 0.839975, 0.830281, 0.819526, 0.808055, 0.796269, 0.784615, 0.773566, 0.763594, 0.755145, 0.748608, 0.744293, 0.742421
0.742421, 0.740543, 0.73617, 0.729423, 0.720479, 0.709582, 0.697052, 0.683284, 0.668738, 0.653931, 0.639419, 0.625768, 0.613534, 0.603227, 0.59529, 0.590067, 0.587805
0.587805, 0.585539, 0.58027, 0.572166, 0.561468, 0.548501, 0.533679, 0.517492, 0.5005, 0.483314, 0.46657, 0.450908, 0.43694, 0.425223, 0.416228, 0.410323, 0.40777
0.40777, 0.405212, 0.399276, 0.390166, 0.378176, 0.363701, 0.347226, 0.329321, 0.310618, 0.291794, 0.273543, 0.256548, 0.241451, 0.228829, 0.219166, 0.212835, 0.210099
0.210099, 0.207362, 0.201014, 0.191292, 0.17853, 0.163171, 0.145757, 0.126908, 0.107303, 0.0876565, 0.0686876, 0.0510934, 0.0355203, 0.0225397, 0.0126263, 0.00614196, 0.00334326
0.00334326, 0.000544539, -0.00594003, -0.0158544, -0.0288372, -0.0444145, -0.0620154, -0.0809938, -0.100653, -0.120272, -0.139139, -0.156571, -0.171947, -0.184725, -0.19446, -0.200817, -0.203557
-0.203557, -0.206297, -0.212637, -0.222315, -0.234957, -0.25008, -0.267106, -0.285392, -0.304255, -0.323, -0.340948, -0.357464, -0.371978, -0.384001, -0.393136, -0.39909, -0.401655
-0.401655, -0.404217, -0.410139, -0.419162, -0.430916, -0.44493, -0.460645, -0.477449, -0.4947, -0.511759, -0.528012, -0.542898, -0.555922, -0.56667, -0.574811, -0.580105, -0.582383
-0.582383, -0.584656, -0.589904, -0.597881, -0.60824, -0.620538, -0.634263, -0.648858, -0.663752, -0.678386, -0.692242, -0.704854, -0.715825, -0.724833, -0.731628, -0.736033, -0.737925
-0.737925, -0.739811, -0.744158, -0.750744, -0.75926, -0.769311, -0.780452, -0.792206, -0.804098, -0.815676, -0.826536, -0.836328, -0.844772, -0.85165, -0.856804, -0.86013, -0.861554
-0.861554, -0.862972, -0.86623, -0.871141, -0.877444, -0.884815, -0.892889, -0.901295, -0.909671, -0.917692, -0.925085, -0.931634, -0.937185, -0.941636, -0.944928, -0.94703, -0.947925
-0.947925, -0.948813, -0.950841, -0.953865, -0.957683, -0.962053, -0.966713, -0.971406, -0.975903, -0.98002, -0.983627, -0.986651, -0.989069, -0.990901, -0.992186, -0.992975, -0.993302
-0.993302, -0.993621, -0.994332, -0.995337, -0.996506, -0.997687, -0.99873, -0.999508, -0.999932, -0.999967, -0.999632, -0.998999, -0.99818, -0.997313, -0.996537, -0.995977, -0.995722
-0.995722, -0.99546, -0.994822, -0.993765, -0.992234, -0.990174, -0.987556, -0.984385, -0.980718, -0.976669, -0.972407, -0.968144, -0.964123, -0.960595, -0.957792, -0.955908, -0.955082
-0.955082, -0.954249, -0.95229, -0.949217, -0.945051, -0.939841, -0.933674, -0.926691, -0.919092, -0.911134, -0.903129, -0.895421, -0.888372, -0.882335, -0.877626, -0.874499, -0.873138
-0.873138, -0.87177, -0.868575, -0.863619, -0.856999, -0.848863, -0.839414, -0.828921, -0.817718, -0.806197, -0.794794, -0.783974, -0.774202, -0.765918, -0.759505, -0.755271, -0.753434
-0.753434, -0.751591, -0.747298, -0.740673, -0.731885, -0.721175, -0.708853, -0.695304, -0.680982, -0.666394, -0.652087, -0.638624, -0.626551, -0.616378, -0.60854, -0.603381, -0.601147
-0.601147, -0.598908, -0.593703, -0.585695, -0.575121, -0.562299, -0.547637, -0.531618, -0.514796, -0.497772, -0.481181, -0.465655, -0.451805, -0.440182, -0.431257, -0.425398, -0.422863
-0.422863, -0.420325, -0.414433, -0.405389, -0.393484, -0.379106, -0.362738, -0.344942, -0.326347, -0.307624, -0.289465, -0.272549, -0.257519, -0.244949, -0.235325, -0.229017, -0.226292
-0.226292, -0.223565, -0.21724, -0.207551, -0.194831, -0.179518, -0.162152, -0.143348, -0.123784, -0.104172, -0.0852309, -0.0676566, -0.0520968, -0.0391242, -0.0292151, -0.0227327, -0.0199346
-0.0199346, -0.0171364, -0.0106524, -0.000737617, 0.0122483, 0.0278328, 0.0454469, 0.0644452, 0.0841312, 0.103784, 0.122689, 0.140162, 0.155578, 0.168393, 0.178158, 0.184535, 0.187285
0.187285, 0.190033, 0.196396, 0.206108, 0.218797, 0.23398, 0.25108, 0.269451, 0.288408, 0.307253, 0.325303, 0.341919, 0.356525, 0.368628, 0.377826, 0.383822, 0.386405
0.386405, 0.388985, 0.394951, 0.40404, 0.415885, 0.430009, 0.445855, 0.462805, 0.480213, 0.497434, 0.513849, 0.52889, 0.542054, 0.552921, 0.561155, 0.566511, 0.568815
0.568815, 0.571114, 0.576425, 0.584499, 0.594986, 0.607442, 0.621348, 0.636144, 0.65125, 0.666103, 0.680173, 0.692988, 0.704141, 0.713303, 0.720216, 0.7247, 0.726625
0.726625, 0.728545, 0.732972, 0.739681, 0.748357, 0.758605, 0.769971, 0.781972, 0.794124, 0.805966, 0.817083, 0.827117, 0.835777, 0.842837, 0.848131, 0.851549, 0.853013
0.853013, 0.85447, 0.857821, 0.862874, 0.869365, 0.876962, 0.885296, 0.893983, 0.902654, 0.910974, 0.918656, 0.925477, 0.931269, 0.935921, 0.939367, 0.941571, 0.94251
0.94251, 0.943442, 0.945572, 0.948752, 0.952776, 0.957393, 0.962335, 0.967333, 0.972149, 0.976585, 0.980502, 0.983813, 0.986487, 0.988531, 0.98998, 0.990875, 0.991248
0.991248, 0.991614, 0.992431, 0.9936, 0.994983, 0.996421, 0.997756, 0.99885, 0.999601, 0.999964, 0.999944, 0.999603, 0.999043, 0.998391, 0.99778, 0.997327, 0.997118
0.997118, 0.996902, 0.996371, 0.995478, 0.994161, 0.992358, 0.990029, 0.98717, 0.983826, 0.980098, 0.976144, 0.972165, 0.968395, 0.965074, 0.962429, 0.960648, 0.959867

-0.606958, -0.609179, -0.614309, -0.622102, -0.632217, -0.644217, -0.657597, -0.671812, -0.686303, -0.700526, -0.713977, -0.726206, -0.736834, -0.745551, -0.752122, -0.75638, -0.758208
-0.758208, -0.76003, -0.764228, -0.770585, -0.778796, -0.788479, -0.799197, -0.810489, -0.821893, -0.832978, -0.843354, -0.852694, -0.860734, -0.867271, -0.872165, -0.875319, -0.876669
-0.876669, -0.878012, -0.881097, -0.885743, -0.891696, -0.898643, -0.906235, -0.914115, -0.92194, -0.929406, -0.93626, -0.942306, -0.94741, -0.951486, -0.954489, -0.956403, -0.957217
-0.957217, -0.958023, -0.959862, -0.962596, -0.966033, -0.969944, -0.974082, -0.978209, -0.982117, -0.985642, -0.988676, -0.991167, -0.993114, -0.994552, -0.995536, -0.996127, -0.99637
-0.99637, -0.996604, -0.997117, -0.99782, -0.998593, -0.999298, -0.999803, -1, -0.999821, -0.999252, -0.998336, -0.997164, -0.99587, -0.994607, -0.99353, -0.992773, -0.992433
-0.992433, -0.992086, -0.991251, -0.989893, -0.987968, -0.985437, -0.982287, -0.978544, -0.974287, -0.969649, -0.964822, -0.960038, -0.955559, -0.95165, -0.948558, -0.946485, -0.945578
-0.945578, -0.944663, -0.942516, -0.939157, -0.934617, -0.92896, -0.922291, -0.914771, -0.906618, -0.898113, -0.889583, -0.881394, -0.873924, -0.867538, -0.862564, -0.859265, -0.85783
-0.85783, -0.856388, -0.853022, -0.847806, -0.840848, -0.832309, -0.82241, -0.811437, -0.799742, -0.787736, -0.775873, -0.764633, -0.754495, -0.745908, -0.739268, -0.734886, -0.732985
-0.732985, -0.731078, -0.726638, -0.719791, -0.710716, -0.699664, -0.686962, -0.673012, -0.658281, -0.643293, -0.62861, -0.614805, -0.602437, -0.592021, -0.584001, -0.578725, -0.576441
-0.576441, -0.574151, -0.56883, -0.560648, -0.549847, -0.536761, -0.521807, -0.505482, -0.488351, -0.47103, -0.454162, -0.438389, -0.424326, -0.412531, -0.403479, -0.397537, -0.394968
-0.394968, -0.392395, -0.386422, -0.377259, -0.3652, -0.350646, -0.334085, -0.316091, -0.297302, -0.278397, -0.260073, -0.243014, -0.227864, -0.215201, -0.205508, -0.199157, -0.196414
-0.196414, -0.193669, -0.187303, -0.177555, -0.16476, -0.149366, -0.131915, -0.113031, -0.0933963, -0.0737249, -0.0547371, -0.0371298, -0.0215488, -0.00856417, 0.0013507, 0.00783522, 0.0106338
0.0106338, 0.0134324, 0.0199161, 0.0298279, 0.0428054, 0.0583732, 0.0759593, 0.0949168, 0.114549, 0.134136, 0.152966, 0.17036, 0.185699, 0.198443, 0.208151, 0.214489, 0.217222
0.217222, 0.219953, 0.226274, 0.23592, 0.24852, 0.263588, 0.280549, 0.29876, 0.31754, 0.336196, 0.354054, 0.370482, 0.384915, 0.396868, 0.405949, 0.411867, 0.414416
0.414416, 0.416961, 0.422846, 0.43181, 0.443487, 0.457403, 0.473006, 0.489683, 0.506799, 0.523717, 0.53983, 0.554583, 0.567486, 0.578131, 0.586192, 0.591433, 0.593688
0.593688, 0.595938, 0.601132, 0.609026, 0.619275, 0.631438, 0.645007, 0.65943, 0.674141, 0.688589, 0.702261, 0.7147, 0.725515, 0.734391, 0.741084, 0.745423, 0.747285
0.747285, 0.749142, 0.753422, 0.759904, 0.768281, 0.778166, 0.789114, 0.800658, 0.812329, 0.823683, 0.834322, 0.843909, 0.852169, 0.858892, 0.863928, 0.867175, 0.868566
0.868566, 0.869949, 0.873129, 0.877919, 0.884063, 0.89124, 0.899096, 0.907262, 0.915387, 0.923155, 0.930302, 0.936622, 0.941969, 0.946249, 0.94941, 0.951426, 0.952284
0.952284, 0.953135, 0.955076, 0.957968, 0.961612, 0.965773, 0.970195, 0.97463, 0.978858, 0.982705, 0.98605, 0.988831, 0.991034, 0.992685, 0.993833, 0.994532, 0.99482
0.99482, 0.995101, 0.995721, 0.996588, 0.997576, 0.998539, 0.999336, 0.999849, 0.999997, 0.999756, 0.999155, 0.998276, 0.99724, 0.996191, 0.995278, 0.994627, 0.994334
0.994334, 0.994032, 0.993304, 0.99211, 0.990398, 0.988123, 0.985261, 0.981828, 0.977891, 0.973572, 0.969051, 0.96455, 0.960319, 0.956616, 0.95368, 0.95171, 0.950847
0.950847, 0.949976, 0.947931, 0.944727, 0.94039, 0.934974, 0.928577, 0.921348, 0.913494, 0.905285, 0.897039, 0.88911, 0.881868, 0.875671, 0.87084, 0.867634, 0.866239
0.866239, 0.864837, 0.861564, 0.856488, 0.849713, 0.841392, 0.831736, 0.821022, 0.809593, 0.797848, 0.786234, 0.775221, 0.76528, 0.756857, 0.750339, 0.746037, 0.74417
0.74417, 0.742298, 0.737937, 0.73121, 0.72229, 0.711422, 0.698925, 0.685191, 0.67068, 0.655908, 0.641427, 0.627806, 0.615597, 0.605311, 0.597389, 0.592177, 0.589919
0.589919, 0.587657, 0.582398, 0.574309, 0.56363, 0.550686, 0.535889, 0.519728, 0.502763, 0.485602, 0.468881, 0.453241, 0.439291, 0.427589, 0.418605, 0.412707, 0.410156
0.410156, 0.407602, 0.401672, 0.392573, 0.380596, 0.366136, 0.349677, 0.331789, 0.313103, 0.294295, 0.276058, 0.259075, 0.243988, 0.231374, 0.221717, 0.21539, 0.212656
0.212656, 0.20992, 0.203576, 0.193858, 0.181103, 0.165751, 0.148344, 0.129501, 0.109903, 0.0902614, 0.0712966, 0.0537051, 0.0381339, 0.0251543, 0.0152414, 0.00875724, 0.00595858
0.00595858, 0.00315988, -0.00332471, -0.0132393, -0.0262229, -0.0418016, -0.0594049, -0.0783867, -0.0980503, -0.117676, -0.136548, -0.153987, -0.16937, -0.182154, -0.191894, -0.198254, -0.200996
-0.200996, -0.203737, -0.210081, -0.219764, -0.232414, -0.247546, -0.264585, -0.282885, -0.301763, -0.320524, -0.338488, -0.35502, -0.369549, -0.381584, -0.39073, -0.396691, -0.399259
-0.399259, -0.401823, -0.407753, -0.416786, -0.428555, -0.442586, -0.458322, -0.475149, -0.492426, -0.50951, -0.525789, -0.5407, -0.553747, -0.564513, -0.572669, -0.577973, -0.580255
-0.580255, -0.582532, -0.58779, -0.595783, -0.606162, -0.618485, -0.632239, -0.646866, -0.661793, -0.676463, -0.690353, -0.702997, -0.713997, -0.723029, -0.729842, -0.73426, -0.736157
-0.736157, -0.738048, -0.742408, -0.749014, -0.757555, -0.767638, -0.778814, -0.790608, -0.80254, -0.814161, -0.825061, -0.834892, -0.84337, -0.850276, -0.855453, -0.858793, -0.860224
-0.860224, -0.861647, -0.86492, -0.869854, -0.876187, -0.883593, -0.891709, -0.900159, -0.908581, -0.91665, -0.924088, -0.930681, -0.93627, -0.940753, -0.944068, -0.946187, -0.947089
-0.947089, -0.947983, -0.950028, -0.953076, -0.956927, -0.961336, -0.96604, -0.970782, -0.975329, -0.979497, -0.983153, -0.986222, -0.98868, -0.990545, -0.991857, -0.992662, -0.992996
-0.992996, -0.993323, -0.99405, -0.995081, -0.996284, -0.997505, -0.998595, -0.999422, -0.999898, -0.999985, -0.9997, -0.999112, -0.998334, -0.997501, -0.996751, -0.996208, -0.995961
-0.995961, -0.995705, -0.995084, -0.994053, -0.992556, -0.990537, -0.987964, -0.984842, -0.981226, -0.977228, -0.973014, -0.968795, -0.964814, -0.961318, -0.95854, -0.956672, -0.955854
-0.955854, -0.955028, -0.953085, -0.950037, -0.945903, -0.940731, -0.934607, -0.927671, -0.920119, -0.912209, -0.904248, -0.896582, -0.88957, -0.883563, -0.878876, -0.875764, -0.87441
-0.87441, -0.873048, -0.869868, -0.864934, -0.858344, -0.850242, -0.840833, -0.830382, -0.819221, -0.807741, -0.796378, -0.785595, -0.775855, -0.767597, -0.761204, -0.756983, -0.755151
-0.755151, -0.753313, -0.749033, -0.742427, -0.733665, -0.722984, -0.710695, -0.697182, -0.682895, -0.668342, -0.654068, -0.640634, -0.628588, -0.618435, -0.610613, -0.605465, -0.603235
-0.603235, -0.601001, -0.595805, -0.587813, -0.577258, -0.56446, -0.549823, -0.533832, -0.517036, -0.500039, -0.483472, -0.467968, -0.454136, -0.442528, -0.433616, -0.427763, -0.425232
-0.425232, -0.422697, -0.416811, -0.407778, -0.395887, -0.381525, -0.365174, -0.347395, -0.328818, -0.310112, -0.291967, -0.275065, -0.260045, -0.247484, -0.237866, -0.231562, -0.228839
-0.228839, -0.226113, -0.219792, -0.210109, -0.197395, -0.182091, -0.164732, -0.145936, -0.126379, -0.106773, -0.0878364, -0.0702657, -0.0547084, -0.0417375, -0.0318292, -0.0253473, -0.0225494
-0.0225494, -0.0197513, -0.0132676, -0.00335296, 0.00963306, 0.0252184, 0.0428341, 0.0618351, 0.0815248, 0.101183, 0.120093, 0.137572, 0.152994, 0.165814, 0.175584, 0.181964, 0.184715
0.184715, 0.187465, 0.193831, 0.203548, 0.216245, 0.231437, 0.248548, 0.266932, 0.285903, 0.304763, 0.322829, 0.33946, 0.354081, 0.366195, 0.375403, 0.381406, 0.383992
0.383992, 0.386574, 0.392547, 0.401646, 0.413505, 0.427647, 0.443512, 0.460485, 0.477917, 0.495163, 0.511604, 0.526668, 0.539854, 0.55074, 0.558988, 0.564354, 0.566662
0.566662, 0.568966, 0.574286, 0.582375, 0.592882, 0.605362, 0.619297, 0.634124, 0.649263, 0.66415, 0.678254, 0.6911, 0.702282, 0.711467, 0.718399, 0.722895, 0.724826
0.724826, 0.726751, 0.73119, 0.737918, 0.74662, 0.756899, 0.7683, 0.780339, 0.792531, 0.804415, 0.815572, 0.825644, 0.834338, 0.841426, 0.846743, 0.850175, 0.851645
0.851645, 0.853108, 0.856474, 0.861549, 0.868069, 0.875702, 0.884076, 0.892808, 0.901526, 0.909892, 0.91762, 0.924483, 0.930313, 0.934997, 0.938467, 0.940687, 0.941633

-0.0246089, -0.0274066, -0.0338882, -0.0437956, -0.0567653, -0.0723205, -0.0898883, -0.108821, -0.128422, -0.147973, -0.166763, -0.184116, -0.199414, -0.212122, -0.221801, -0.22812, -0.230844
-0.230844, -0.233566, -0.239866, -0.24948, -0.262034, -0.277045, -0.293937, -0.312069, -0.330762, -0.349326, -0.367091, -0.383428, -0.397778, -0.409659, -0.418683, -0.424563, -0.427095
-0.427095, -0.429624, -0.435471, -0.444375, -0.455971, -0.469788, -0.485274, -0.501822, -0.518798, -0.535572, -0.551543, -0.566159, -0.578939, -0.589478, -0.597458, -0.602646, -0.604877
-0.604877, -0.607103, -0.612243, -0.620053, -0.630188, -0.642214, -0.655625, -0.669873, -0.684398, -0.698657, -0.712143, -0.724406, -0.735063, -0.743806, -0.750396, -0.754667, -0.7565
-0.7565, -0.758327, -0.762539, -0.768915, -0.777153, -0.786868, -0.797623, -0.808954, -0.820401, -0.831528, -0.841946, -0.851325, -0.859399, -0.865966, -0.870882, -0.874051, -0.875407
-0.875407, -0.876757, -0.879857, -0.884526, -0.890509, -0.897492, -0.905126, -0.913051, -0.920924, -0.928438, -0.935338, -0.941428, -0.946569, -0.950678, -0.953706, -0.955636, -0.956457
-0.956457, -0.95727, -0.959125, -0.961884, -0.965354, -0.969304, -0.973487, -0.977663, -0.981621, -0.985197, -0.98828, -0.990817, -0.992804, -0.994276, -0.995286, -0.995894, -0.996144
-0.996144, -0.996385, -0.996915, -0.997644, -0.998451, -0.999197, -0.999748, -0.999994, -0.999867, -0.99935, -0.998483, -0.997358, -0.996104, -0.994875, -0.993824, -0.993083, -0.992751
-0.992751, -0.992411, -0.991592, -0.990261, -0.988369, -0.985879, -0.982774, -0.97908, -0.974873, -0.970285, -0.965506, -0.960767, -0.956327, -0.95245, -0.949383, -0.947326, -0.946426
-0.946426, -0.945518, -0.943387, -0.940052, -0.935544, -0.929925, -0.923299, -0.915824, -0.907719, -0.89926, -0.890774, -0.882626, -0.875192, -0.868836, -0.863884, -0.8606, -0.859171
-0.859171, -0.857736, -0.854384, -0.84919, -0.842261, -0.833756, -0.823895, -0.812963, -0.80131, -0.789344, -0.77752, -0.766316, -0.756209, -0.747648, -0.741027, -0.736657, -0.734761
-0.734761, -0.73286, -0.728433, -0.721604, -0.712553, -0.70153, -0.688861, -0.674944, -0.660247, -0.645293, -0.630642, -0.616865, -0.604522, -0.594127, -0.586122, -0.580856, -0.578576
-0.578576, -0.576291, -0.570979, -0.562811, -0.55203, -0.538966, -0.524036, -0.507737, -0.490632, -0.473336, -0.45649, -0.440738, -0.426692, -0.414912, -0.405871, -0.399936, -0.397369
-0.397369, -0.394799, -0.388833, -0.379679, -0.367634, -0.353094, -0.336549, -0.318572, -0.299798, -0.280908, -0.262597, -0.24555, -0.23041, -0.217754, -0.208067, -0.20172, -0.198978
-0.198978, -0.196234, -0.189872, -0.180128, -0.167339, -0.151951, -0.134507, -0.11563, -0.0959999, -0.0763328, -0.0573483, -0.0397432, -0.0241634, -0.0111794, -0.00126465, 0.00521993, 0.0080186
0.0080186, 0.0108172, 0.0173012, 0.0272136, 0.0401923, 0.0557621, 0.0733512, 0.0923129, 0.11195, 0.131544, 0.150381, 0.167782, 0.183128, 0.195879, 0.205592, 0.211934, 0.214668
0.214668, 0.217401, 0.223726, 0.233378, 0.245986, 0.261064, 0.278038, 0.296263, 0.315059, 0.333732, 0.351607, 0.368052, 0.3825, 0.394466, 0.403558, 0.409482, 0.412034
0.412034, 0.414583, 0.420475, 0.42945, 0.441141, 0.455076, 0.4707, 0.487401, 0.504543, 0.521487, 0.537627, 0.552405, 0.565331, 0.575995, 0.584071, 0.589322, 0.591581
0.591581, 0.593835, 0.59904, 0.60695, 0.617219, 0.629408, 0.643006, 0.657461, 0.672207, 0.68669, 0.700397, 0.712868, 0.723713, 0.732613, 0.739326, 0.743677, 0.745545
0.745545, 0.747407, 0.7517, 0.758202, 0.766605, 0.77652, 0.787505, 0.799089, 0.810801, 0.822197, 0.832878, 0.842503, 0.850797, 0.85755, 0.862608, 0.86587, 0.867267
0.867267, 0.868657, 0.871851, 0.876664, 0.882838, 0.890051, 0.897948, 0.906159, 0.914331, 0.922146, 0.92934, 0.935703, 0.941088, 0.9454, 0.948585, 0.950618, 0.951483
0.951483, 0.95234, 0.954298, 0.957214, 0.960891, 0.965091, 0.969558, 0.974041, 0.97832, 0.982217, 0.985611, 0.988437, 0.990681, 0.992366, 0.99354, 0.994255, 0.994551
0.994551, 0.994839, 0.995476, 0.996369, 0.99739, 0.998395, 0.999238, 0.9998, 1, 0.999811, 0.999259, 0.998426, 0.99743, 0.996416, 0.995528, 0.994895, 0.994608
0.994608, 0.994314, 0.993603, 0.992434, 0.990756, 0.988521, 0.985705, 0.982321, 0.978434, 0.974166, 0.969693, 0.965236, 0.961045, 0.957375, 0.954464, 0.952509, 0.951653
0.951653, 0.95079, 0.948761, 0.945581, 0.941276, 0.935899, 0.929544, 0.922361, 0.914555, 0.906393, 0.898192, 0.890304, 0.883098, 0.876931, 0.872123, 0.868932, 0.867543
0.867543, 0.866148, 0.862888, 0.857835, 0.851089, 0.842802, 0.833185, 0.822513, 0.811126, 0.799422, 0.787847, 0.77687, 0.766961, 0.758563, 0.752066, 0.747776, 0.745915
0.745915, 0.744048, 0.7397, 0.732991, 0.724096, 0.713258, 0.700793, 0.687094, 0.672618, 0.65788, 0.643431, 0.629839, 0.617656, 0.607391, 0.599485, 0.594282, 0.592029
0.592029, 0.589771, 0.584522, 0.576448, 0.565789, 0.552868, 0.538095, 0.521961, 0.505022, 0.487886, 0.47119, 0.455571, 0.441639, 0.429951, 0.420979, 0.415088, 0.41254
0.41254, 0.409989, 0.404066, 0.394977, 0.383013, 0.368568, 0.352126, 0.334255, 0.315586, 0.296794, 0.278571, 0.2616, 0.246524, 0.233918, 0.224267, 0.217943, 0.21521
0.21521, 0.212476, 0.206135, 0.196423, 0.183674, 0.16833, 0.15093, 0.132094, 0.112502, 0.0928658, 0.073905, 0.0563165, 0.0407472, 0.0277687, 0.0178564, 0.0113725, 0.00857386
0.00857386, 0.00577521, -0.000709364, -0.0106241, -0.0236083, -0.0391883, -0.056794, -0.0757792, -0.0954472, -0.115078, -0.133957, -0.151403, -0.166792, -0.179582, -0.189326, -0.19569, -0.198433
-0.198433, -0.201176, -0.207524, -0.217212, -0.22987, -0.245012, -0.262062, -0.280375, -0.299269, -0.318045, -0.336026, -0.352574, -0.367117, -0.379166, -0.388321, -0.394289, -0.396859
-0.396859, -0.399427, -0.405363, -0.414407, -0.42619, -0.440239, -0.455996, -0.472847, -0.490148, -0.507258, -0.523563, -0.538498, -0.551567, -0.562352, -0.570523, -0.575837, -0.578123
-0.578123, -0.580404, -0.585672, -0.59368, -0.60408, -0.616428, -0.630211, -0.644869, -0.65983, -0.674534, -0.688458, -0.701134, -0.712163, -0.721219, -0.728052, -0.732482, -0.734384
-0.734384, -0.736281, -0.740654, -0.747279, -0.755845, -0.765959, -0.777171, -0.789003, -0.800977, -0.812639, -0.82358, -0.833449, -0.841961, -0.848897, -0.854096, -0.85745, -0.858887
-0.858887, -0.860317, -0.863605, -0.868561, -0.874923, -0.882365, -0.890522, -0.899017, -0.907486, -0.915601, -0.923086, -0.929721, -0.935348, -0.939863, -0.943203, -0.945337, -0.946246
-0.946246, -0.947148, -0.949208, -0.952281, -0.956164, -0.960613, -0.965361, -0.970151, -0.974749, -0.978967, -0.982671, -0.985786, -0.988285, -0.990183, -0.99152, -0.992342, -0.992684
-0.992684, -0.993018, -0.993762, -0.994819, -0.996055, -0.997317, -0.998453, -0.99933, -0.999858, -0.999996, -0.99976, -0.999219, -0.998482, -0.997682, -0.996959, -0.996432, -0.996192
-0.996192, -0.995944, -0.99534, -0.994335, -0.992871, -0.990892, -0.988365, -0.985292, -0.981727, -0.977779, -0.973614, -0.96944, -0.965499, -0.962036, -0.959282, -0.957431, -0.956619
-0.956619, -0.9558, -0.953873, -0.95085, -0.946748, -0.941615, -0.935534, -0.928644, -0.92114, -0.913278, -0.905362, -0.897737, -0.890761, -0.884785, -0.880121, -0.877024, -0.875676
-0.875676, -0.874321, -0.871155, -0.866244, -0.859683, -0.851616, -0.842245, -0.831836, -0.820718, -0.80928, -0.797957, -0.78721, -0.777502, -0.76927, -0.762898, -0.758689, -0.756863
-0.756863, -0.755031, -0.750763, -0.744177, -0.73544, -0.724789, -0.712533, -0.699054, -0.684803, -0.670285, -0.656044, -0.64264, -0.630619, -0.620488, -0.612682, -0.607544, -0.605319
-0.605319, -0.603089, -0.597904, -0.589927, -0.579392, -0.566617, -0.552006, -0.536041, -0.519273, -0.502302, -0.485759, -0.470278, -0.456465, -0.444872, -0.435971, -0.430126, -0.427597
-0.427597, -0.425066, -0.419187, -0.410165, -0.398287, -0.383941, -0.367607, -0.349847, -0.331286, -0.312597, -0.294468, -0.277578, -0.26257, -0.250017, -0.240405, -0.234106, -0.231384
-0.231384, -0.22866, -0.222343, -0.212665, -0.199958, -0.184662, -0.167311, -0.148523, -0.128973, -0.109373, -0.0904414, -0.0728743, -0.0573197, -0.0443504, -0.0344431, -0.0279617, -0.025164
-0.025164, -0.022366, -0.0158826, -0.00596828, 0.0070178, 0.0226038, 0.040221, 0.0592245, 0.0789179, 0.0985805, 0.117496, 0.134981, 0.150409, 0.163235, 0.173008, 0.179392, 0.182144
0.182144, 0.184895, 0.191264, 0.200987, 0.213691, 0.228892, 0.246014, 0.26441, 0.283396, 0.302271, 0.320352, 0.336999, 0.351634, 0.36376, 0.372978, 0.378987, 0.381575
0.381575, 0.384161, 0.39014, 0.39925, 0.411122, 0.425281, 0.441167, 0.458162, 0.475618, 0.492889, 0.509355, 0.524443, 0.537651, 0.548555, 0.556818, 0.562193, 0.564505

0.567119, 0.564812, 0.559449, 0.551203, 0.540322, 0.52714, 0.512081, 0.495646, 0.478405, 0.460978, 0.44401, 0.428149, 0.41401, 0.402155, 0.393057, 0.387086, 0.384504
0.384504, 0.381919, 0.375918, 0.366712, 0.3546, 0.339983, 0.323354, 0.305292, 0.286435, 0.267467, 0.249085, 0.231977, 0.216787, 0.204092, 0.194375, 0.18801, 0.185261
0.185261, 0.18251, 0.17613, 0.166362, 0.153543, 0.138122, 0.120644, 0.101735, 0.0820782, 0.0623893, 0.0433889, 0.0257735, 0.0101883, -0.00279768, -0.0127123, -0.0191961, -0.0219942
-0.0219942, -0.0247922, -0.0312742, -0.0411826, -0.054154, -0.0697118, -0.0872833, -0.106221, -0.125828, -0.145386, -0.164184, -0.181545, -0.196851, -0.209566, -0.21925, -0.225572, -0.228298
-0.228298, -0.231022, -0.237326, -0.246946, -0.259509, -0.274531, -0.291436, -0.309584, -0.328293, -0.346875, -0.364657, -0.381012, -0.395377, -0.407271, -0.416307, -0.422194, -0.424729
-0.424729, -0.427261, -0.433115, -0.44203, -0.453641, -0.467477, -0.482986, -0.499558, -0.516561, -0.533362, -0.549359, -0.564002, -0.576805, -0.587364, -0.595359, -0.600557, -0.602792
-0.602792, -0.605023, -0.610173, -0.617999, -0.628156, -0.640207, -0.653648, -0.667928, -0.682489, -0.696784, -0.710305, -0.722601, -0.733288, -0.742055, -0.748665, -0.752948, -0.754787
-0.754787, -0.75662, -0.760844, -0.767241, -0.775505, -0.785251, -0.796042, -0.807414, -0.818902, -0.830072, -0.840532, -0.84995, -0.858059, -0.864656, -0.869594, -0.872778, -0.87414
-0.87414, -0.875496, -0.878611, -0.883303, -0.889316, -0.896336, -0.904011, -0.911981, -0.919902, -0.927463, -0.934409, -0.940542, -0.945723, -0.949863, -0.952916, -0.954863, -0.95569
-0.95569, -0.95651, -0.958382, -0.961165, -0.964668, -0.968658, -0.972885, -0.97711, -0.981119, -0.984745, -0.987878, -0.99046, -0.992488, -0.993993, -0.995029, -0.995654, -0.995911
-0.995911, -0.99616, -0.996706, -0.997461, -0.998302, -0.999089, -0.999686, -0.999982, -0.999906, -0.999441, -0.998624, -0.997544, -0.996332, -0.995136, -0.994111, -0.993387, -0.993062
-0.993062, -0.992729, -0.991927, -0.990621, -0.988763, -0.986313, -0.983254, -0.979609, -0.975452, -0.970915, -0.966184, -0.961489, -0.957088, -0.953244, -0.950201, -0.94816, -0.947267
-0.947267, -0.946366, -0.944251, -0.940941, -0.936465, -0.930884, -0.9243, -0.916871, -0.908813, -0.9004, -0.89196, -0.883853, -0.876454, -0.870128, -0.865199, -0.861929, -0.860507
-0.860507, -0.859077, -0.85574, -0.850568, -0.843668, -0.835197, -0.825374, -0.814483, -0.802872, -0.790947, -0.779162, -0.767994, -0.757917, -0.749382, -0.74278, -0.738423, -0.736533
-0.736533, -0.734637, -0.730222, -0.723412, -0.714385, -0.703391, -0.690754, -0.676871, -0.662209, -0.647289, -0.632669, -0.618922, -0.606603, -0.596228, -0.588239, -0.582983, -0.580707
-0.580707, -0.578426, -0.573124, -0.564971, -0.554209, -0.541167, -0.526262, -0.509988, -0.492909, -0.475638, -0.458816, -0.443084, -0.429056, -0.41729, -0.40826, -0.402331, -0.399768
-0.399768, -0.397201, -0.391241, -0.382098, -0.370065, -0.355539, -0.33901, -0.32105, -0.302292, -0.283417, -0.26512, -0.248084, -0.232954, -0.220306, -0.210624, -0.204281, -0.20154
-0.20154, -0.198798, -0.192439, -0.1827, -0.169917, -0.154536, -0.137098, -0.118227, -0.0986029, -0.0789403, -0.0599592, -0.0423563, -0.0267779, -0.0137945, -0.00387999, 0.0026046, 0.00540331
0.00540331, 0.00820197, 0.0146861, 0.0245992, 0.037579, 0.0531506, 0.0707427, 0.0897084, 0.109351, 0.128951, 0.147795, 0.165203, 0.180556, 0.193314, 0.203032, 0.209377, 0.212113
0.212113, 0.214847, 0.221176, 0.230834, 0.24345, 0.258539, 0.275524, 0.293764, 0.312576, 0.331265, 0.349157, 0.365619, 0.380083, 0.392062, 0.401163, 0.407095, 0.40965
0.40965, 0.412201, 0.418101, 0.427087, 0.438793, 0.452746, 0.468391, 0.485116, 0.502283, 0.519254, 0.53542, 0.550223, 0.563172, 0.573855, 0.581946, 0.587208, 0.589471
0.589471, 0.591729, 0.596944, 0.604869, 0.615159, 0.627373, 0.641001, 0.655488, 0.670268, 0.684787, 0.698528, 0.711032, 0.721906, 0.730831, 0.737562, 0.741926, 0.743799
0.743799, 0.745667, 0.749972, 0.756494, 0.764923, 0.77487, 0.785891, 0.797514, 0.809267, 0.820705, 0.831427, 0.841091, 0.84942, 0.856201, 0.861282, 0.864559, 0.865962
0.865962, 0.867358, 0.870567, 0.875403, 0.881606, 0.888856, 0.896794, 0.905049, 0.913268, 0.921132, 0.928371, 0.934777, 0.940201, 0.944545, 0.947754, 0.949803, 0.950675
0.950675, 0.951539, 0.953513, 0.956454, 0.960164, 0.964403, 0.968914, 0.973445, 0.977775, 0.981723, 0.985166, 0.988037, 0.990321, 0.99204, 0.99324, 0.993972, 0.994275
0.994275, 0.99457, 0.995224, 0.996143, 0.997198, 0.998243, 0.999132, 0.999744, 0.999996, 0.999858, 0.999357, 0.998569, 0.997614, 0.996634, 0.995772, 0.995155, 0.994876
0.994876, 0.994589, 0.993895, 0.992752, 0.991108, 0.988913, 0.986142, 0.982807, 0.978971, 0.974754, 0.970329, 0.965917, 0.961765, 0.958127, 0.955241, 0.953302, 0.952453
0.952453, 0.951597, 0.949584, 0.946429, 0.942156, 0.936817, 0.930506, 0.923368, 0.91561, 0.907495, 0.899339, 0.891492, 0.884322, 0.878185, 0.873399, 0.870223, 0.868841
0.868841, 0.867452, 0.864207, 0.859176, 0.852459, 0.844207, 0.834628, 0.823997, 0.812652, 0.800991, 0.789455, 0.778514, 0.768637, 0.760265, 0.753787, 0.74951, 0.747654
0.747654, 0.745793, 0.741457, 0.734768, 0.725897, 0.715088, 0.702657, 0.688992, 0.674551, 0.659847, 0.645431, 0.631869, 0.619711, 0.609467, 0.601576, 0.596383, 0.594135
0.594135, 0.591881, 0.586642, 0.578584, 0.567943, 0.555045, 0.540298, 0.52419, 0.507277, 0.490167, 0.473495, 0.457897, 0.443984, 0.432311, 0.42335, 0.417466, 0.414921
0.414921, 0.412373, 0.406457, 0.397378, 0.385428, 0.370998, 0.354573, 0.336719, 0.318066, 0.29929, 0.281082, 0.264123, 0.249058, 0.23646, 0.226815, 0.220494, 0.217764
0.217764, 0.215031, 0.208694, 0.198987, 0.186244, 0.170907, 0.153515, 0.134686, 0.1151, 0.0954695, 0.076513, 0.0589275, 0.0433602, 0.0303829, 0.0204712, 0.0139876, 0.0111891
0.0111891, 0.00839049, 0.00190598, -0.0080089, -0.0209936, -0.0365749, -0.0541826, -0.0731711, -0.0928434, -0.11248, -0.131365, -0.148817, -0.164212, -0.177008, -0.186758, -0.193124, -0.195869
-0.195869, -0.198613, -0.204964, -0.214659, -0.227324, -0.242475, -0.259537, -0.277864, -0.296772, -0.315565, -0.333561, -0.350125, -0.364683, -0.376744, -0.38591, -0.391884, -0.394457
-0.394457, -0.397028, -0.402971, -0.412025, -0.423823, -0.437889, -0.453667, -0.47054, -0.487867, -0.505002, -0.521333, -0.536292, -0.549383, -0.560188, -0.568373, -0.573697, -0.575987
-0.575987, -0.578272, -0.583551, -0.591573, -0.601993, -0.614367, -0.628178, -0.642868, -0.657863, -0.672601, -0.686559, -0.699267, -0.710325, -0.719405, -0.726257, -0.730699, -0.732607
-0.732607, -0.734509, -0.738894, -0.745538, -0.75413, -0.764275, -0.775523, -0.787394, -0.799409, -0.811112, -0.822094, -0.832001, -0.840547, -0.847511, -0.852732, -0.856102, -0.857545
-0.857545, -0.858981, -0.862283, -0.867262, -0.873654, -0.881131, -0.889329, -0.897868, -0.906384, -0.914546, -0.922077, -0.928754, -0.93442, -0.938966, -0.942331, -0.944481, -0.945397
-0.945397, -0.946306, -0.948382, -0.95148, -0.955395, -0.959883, -0.964676, -0.969513, -0.974161, -0.97843, -0.982183, -0.985343, -0.987882, -0.989814, -0.991177, -0.992016, -0.992365
-0.992365, -0.992706, -0.993467, -0.99455, -0.99582, -0.997122, -0.998304, -0.999231, -0.99981, -1, -0.999814, -0.999319, -0.998622, -0.997857, -0.997159, -0.99665, -0.996417
-0.996417, -0.996176, -0.995589, -0.994609, -0.993179, -0.991241, -0.988759, -0.985735, -0.982221, -0.978324, -0.974207, -0.970079, -0.966176, -0.962746, -0.960018, -0.958182, -0.957378
-0.957378, -0.956565, -0.954655, -0.951656, -0.947587, -0.942492, -0.936455, -0.929611, -0.922155, -0.91434, -0.90647, -0.898886, -0.891947, -0.886, -0.881359, -0.878277, -0.876936
-0.876936, -0.875587, -0.872436, -0.867548, -0.861016, -0.852984, -0.843652, -0.833285, -0.822209, -0.810814, -0.799531, -0.788821, -0.779144, -0.770939, -0.764586, -0.76039, -0.75857
-0.75857, -0.756743, -0.752488, -0.745921, -0.737209, -0.726588, -0.714365, -0.700922, -0.686707, -0.672223, -0.658016, -0.644642, -0.632647, -0.622537, -0.614747, -0.60962, -0.607399
-0.607399, -0.605173, -0.599998, -0.592037, -0.581521, -0.56877, -0.554185, -0.538247, -0.521506, -0.504562, -0.488044, -0.472584, -0.45879, -0.447213, -0.438323, -0.432485, -0.42996
-0.42996, -0.427432, -0.42156, -0.412549, -0.400685, -0.386355, -0.370038, -0.352296, -0.333753, -0.31508, -0.296966, -0.28009, -0.265092, -0.252549, -0.242943, -0.236648, -0.233927
-0.233927, -0.231206, -0.224892, -0.21522, -0.20252, -0.187231, -0.169889, -0.151108, -0.131566, -0.111972, -0.0930457, -0.0754825, -0.0599305, -0.046963, -0.0370568, -0.0305759, -0.0277784

0.942696, 0.941758, 0.939558, 0.936117, 0.931471, 0.925687, 0.918876, 0.911202, 0.902893, 0.894232, 0.885554, 0.877229, 0.869639, 0.863155, 0.858106, 0.854758, 0.853302
0.853302, 0.85184, 0.848425, 0.843135, 0.836082, 0.827429, 0.817403, 0.806294, 0.794461, 0.782318, 0.770325, 0.758967, 0.748725, 0.740054, 0.73335, 0.728926, 0.727007
0.727007, 0.725082, 0.720601, 0.713692, 0.704535, 0.693388, 0.68058, 0.666517, 0.651671, 0.636572, 0.621783, 0.607883, 0.595432, 0.584949, 0.576879, 0.57157, 0.569271
0.569271, 0.566968, 0.561615, 0.553384, 0.542521, 0.529361, 0.514325, 0.497916, 0.4807, 0.463297, 0.446352, 0.430511, 0.416389, 0.404548, 0.395461, 0.389496, 0.386917
0.386917, 0.384335, 0.37834, 0.369144, 0.357044, 0.342441, 0.325828, 0.307781, 0.28894, 0.269986, 0.251618, 0.23452, 0.219339, 0.206651, 0.19694, 0.190579, 0.18783
0.18783, 0.185081, 0.178704, 0.16894, 0.156127, 0.140712, 0.12324, 0.104337, 0.0846845, 0.0649993, 0.0460016, 0.0283879, 0.0128035, -0.000182331, -0.0100971, -0.0165811, -0.0193794
-0.0193794, -0.0221776, -0.02866, -0.0385694, -0.0515423, -0.0671025, -0.0846776, -0.10362, -0.123233, -0.142798, -0.161604, -0.178972, -0.194286, -0.207008, -0.216698, -0.223024, -0.225751
-0.225751, -0.228477, -0.234785, -0.244411, -0.256982, -0.272015, -0.288933, -0.307096, -0.325822, -0.344421, -0.36222, -0.378592, -0.392973, -0.404881, -0.413927, -0.419821, -0.42236
-0.42236, -0.424895, -0.430756, -0.439683, -0.451309, -0.465164, -0.480694, -0.497291, -0.51432, -0.531148, -0.547172, -0.56184, -0.574666, -0.585245, -0.593256, -0.598464, -0.600703
-0.600703, -0.602939, -0.608099, -0.61594, -0.626118, -0.638196, -0.651666, -0.66598, -0.680575, -0.694905, -0.708461, -0.72079, -0.731507, -0.740299, -0.746929, -0.751224, -0.753069
-0.753069, -0.754907, -0.759144, -0.765561, -0.773851, -0.783629, -0.794457, -0.805868, -0.817399, -0.828611, -0.839112, -0.848569, -0.856713, -0.863339, -0.8683, -0.871498, -0.872867
-0.872867, -0.874229, -0.877359, -0.882074, -0.888117, -0.895173, -0.90289, -0.910905, -0.918873, -0.926482, -0.933475, -0.939651, -0.94487, -0.949042, -0.95212, -0.954083, -0.954917
-0.954917, -0.955744, -0.957632, -0.96044, -0.963976, -0.968005, -0.972277, -0.97655, -0.980609, -0.984287, -0.987468, -0.990096, -0.992164, -0.993703, -0.994765, -0.995407, -0.995671
-0.995671, -0.995927, -0.996491, -0.997272, -0.998146, -0.998974, -0.999617, -0.999963, -0.999939, -0.999525, -0.998758, -0.997724, -0.996552, -0.99539, -0.994391, -0.993684, -0.993366
-0.993366, -0.99304, -0.992256, -0.990975, -0.989151, -0.986741, -0.983727, -0.980131, -0.976024, -0.971538, -0.966855, -0.962204, -0.957843, -0.954031, -0.951013, -0.948988, -0.948102
-0.948102, -0.947208, -0.945109, -0.941823, -0.937379, -0.931836, -0.925295, -0.917912, -0.909901, -0.901535, -0.893139, -0.885073, -0.87771, -0.871414, -0.866507, -0.863252, -0.861836
-0.861836, -0.860413, -0.857091, -0.851941, -0.845069, -0.836632, -0.826848, -0.815998, -0.804428, -0.792545, -0.780799, -0.769666, -0.759621, -0.751111, -0.744529, -0.740184, -0.738299
-0.738299, -0.736409, -0.732006, -0.725215, -0.716213, -0.705248, -0.692643, -0.678794, -0.664167, -0.64928, -0.634692, -0.620974, -0.608681, -0.598326, -0.590352, -0.585106, -0.582834
-0.582834, -0.580558, -0.575265, -0.567127, -0.556384, -0.543364, -0.528484, -0.512236, -0.495183, -0.477937, -0.461138, -0.445427, -0.431417, -0.419666, -0.410646, -0.404724, -0.402164
-0.402164, -0.3996, -0.393647, -0.384513, -0.372493, -0.357983, -0.34147, -0.323525, -0.304784, -0.285925, -0.267641, -0.250617, -0.235497, -0.222856, -0.21318, -0.20684, -0.204101
-0.204101, -0.20136, -0.195004, -0.18527, -0.172494, -0.157119, -0.139689, -0.120824, -0.101205, -0.0815472, -0.0625696, -0.0449692, -0.0293923, -0.0164096, -0.0064953, -1.07468e-05, 0.00278798
0.00278798, 0.00558669, 0.012071, 0.0219845, 0.0349653, 0.0505388, 0.0681337, 0.0871033, 0.106751, 0.126357, 0.145208, 0.162623, 0.177983, 0.190747, 0.20047, 0.206819, 0.209556
0.209556, 0.212292, 0.218625, 0.228289, 0.240912, 0.256011, 0.273009, 0.291263, 0.31009, 0.328796, 0.346705, 0.363183, 0.377662, 0.389654, 0.398766, 0.404705, 0.407262
0.407262, 0.409817, 0.415723, 0.42472, 0.436441, 0.450412, 0.466078, 0.482827, 0.50002, 0.517017, 0.533209, 0.548037, 0.561008, 0.571711, 0.579817, 0.585089, 0.587356
0.587356, 0.589619, 0.594844, 0.602784, 0.613095, 0.625335, 0.638992, 0.653511, 0.668325, 0.682878, 0.696654, 0.70919, 0.720093, 0.729043, 0.735794, 0.74017, 0.742049
0.742049, 0.743922, 0.74824, 0.754781, 0.763235, 0.773214, 0.784271, 0.795933, 0.807728, 0.819208, 0.829971, 0.839674, 0.848037, 0.854847, 0.85995, 0.863241, 0.864651
0.864651, 0.866053, 0.869277, 0.874135, 0.880369, 0.887655, 0.895633, 0.903934, 0.9122, 0.92011, 0.927396, 0.933845, 0.939307, 0.943683, 0.946916, 0.948981, 0.94986
0.94986, 0.950731, 0.952722, 0.955687, 0.95943, 0.963708, 0.968263, 0.972843, 0.977223, 0.981221, 0.984714, 0.987631, 0.989955, 0.991707, 0.992933, 0.993681, 0.993992
0.993992, 0.994294, 0.994965, 0.99591, 0.996999, 0.998085, 0.99902, 0.999681, 0.999985, 0.999899, 0.999447, 0.998706, 0.997791, 0.996845, 0.996009, 0.995409, 0.995137
0.995137, 0.994858, 0.99418, 0.993063, 0.991452, 0.989298, 0.986573, 0.983287, 0.979501, 0.975334, 0.970958, 0.96659, 0.962478, 0.958873, 0.956011, 0.954089, 0.953247
0.953247, 0.952397, 0.950401, 0.94727, 0.943029, 0.937728, 0.93146, 0.924369, 0.916658, 0.908591, 0.900479, 0.892674, 0.88554, 0.879433, 0.87467, 0.871508, 0.870133
0.870133, 0.86875, 0.86552, 0.860512, 0.853824, 0.845606, 0.836066, 0.825476, 0.814174, 0.802554, 0.791058, 0.780153, 0.770307, 0.761961, 0.755503, 0.751239, 0.749388
0.749388, 0.747532, 0.743209, 0.736539, 0.727694, 0.716914, 0.704515, 0.690885, 0.676479, 0.66181, 0.647427, 0.633894, 0.621761, 0.611538, 0.603663, 0.598481, 0.596236
0.596236, 0.593987, 0.588758, 0.580715, 0.570094, 0.557219, 0.542497, 0.526415, 0.50953, 0.492445, 0.475797, 0.460221, 0.446326, 0.434668, 0.425717, 0.419841, 0.417299
0.417299, 0.414754, 0.408845, 0.399777, 0.38784, 0.373426, 0.357017, 0.33918, 0.320545, 0.301784, 0.283591, 0.266645, 0.25159, 0.239, 0.229361, 0.223045, 0.220316
0.220316, 0.217585, 0.211251, 0.20155, 0.188813, 0.173483, 0.156099, 0.137277, 0.117698, 0.0980726, 0.0791204, 0.0615381, 0.0459729, 0.032997, 0.023086, 0.0166026, 0.0138042
0.0138042, 0.0110057, 0.00452132, -0.00539361, -0.0183788, -0.0339612, -0.0515709, -0.0705625, -0.0902391, -0.109881, -0.128772, -0.14623, -0.161632, -0.174433, -0.184188, -0.190557, -0.193304
-0.193304, -0.196049, -0.202404, -0.212104, -0.224776, -0.239937, -0.25701, -0.275351, -0.294274, -0.313082, -0.331095, -0.347674, -0.362247, -0.37432, -0.383496, -0.389477, -0.392053
-0.392053, -0.394626, -0.400576, -0.409641, -0.421453, -0.435537, -0.451335, -0.468231, -0.485582, -0.502743, -0.519099, -0.534083, -0.547196, -0.558019, -0.566219, -0.571553, -0.573847
-0.573847, -0.576137, -0.581425, -0.589463, -0.599903, -0.612301, -0.626141, -0.640862, -0.655891, -0.670663, -0.684655, -0.697395, -0.708481, -0.717586, -0.724456, -0.728911, -0.730824
-0.730824, -0.732732, -0.737129, -0.743793, -0.75241, -0.762586, -0.773869, -0.785779, -0.797835, -0.80958, -0.820602, -0.830547, -0.839128, -0.84612, -0.851363, -0.854747, -0.856196
-0.856196, -0.857639, -0.860956, -0.865957, -0.872378, -0.879892, -0.88813, -0.896714, -0.905276, -0.913485, -0.921061, -0.927782, -0.933485, -0.938063, -0.941452, -0.943619, -0.944541
-0.944541, -0.945457, -0.947549, -0.950672, -0.95462, -0.959146, -0.963983, -0.968869, -0.973567, -0.977886, -0.981688, -0.984893, -0.987473, -0.989438, -0.990827, -0.991682, -0.992039
-0.992039, -0.992387, -0.993165, -0.994274, -0.995577, -0.996921, -0.998148, -0.999125, -0.999756, -0.999997, -0.999861, -0.999412, -0.998756, -0.998024, -0.997353, -0.99686, -0.996635
-0.996635, -0.996401, -0.995831, -0.994877, -0.993481, -0.991583, -0.989147, -0.986172, -0.982709, -0.978862, -0.974794, -0.97071, -0.966847, -0.96345, -0.960747, -0.958927, -0.95813
-0.95813, -0.957325, -0.95543, -0.952456, -0.94842, -0.943363, -0.937369, -0.930572, -0.923164, -0.915396, -0.907571, -0.900029, -0.893126, -0.88721, -0.882592, -0.879525, -0.87819
-0.87819, -0.876847, -0.873711, -0.868846, -0.862343, -0.854346, -0.845054, -0.834728, -0.823695, -0.812342, -0.801099, -0.790425, -0.780781, -0.772602, -0.766269, -0.762086, -0.760271
-0.760271, -0.75845, -0.754208, -0.747661, -0.738974, -0.728383, -0.716193, -0.702785, -0.688605, -0.674157, -0.659983, -0.646639, -0.63467, -0.624582, -0.616808, -0.611691, -0.609474

0.958973, 0.959763, 0.961564, 0.964239, 0.967599, 0.971417, 0.97545, 0.979464, 0.983253, 0.986659, 0.989578, 0.991962, 0.993814, 0.995172, 0.996096, 0.996648, 0.996873
0.996873, 0.99709, 0.997563, 0.998206, 0.998899, 0.999509, 0.999906, 0.999986, 0.999686, 0.998997, 0.997964, 0.996684, 0.995295, 0.993953, 0.992815, 0.992018, 0.991662
0.991662, 0.991297, 0.990423, 0.989005, 0.987001, 0.984376, 0.98112, 0.977263, 0.972887, 0.968132, 0.963192, 0.958304, 0.953734, 0.949749, 0.946599, 0.944488, 0.943565
0.943565, 0.942634, 0.94045, 0.937033, 0.932419, 0.926673, 0.919904, 0.912277, 0.904014, 0.895399, 0.886766, 0.878481, 0.870927, 0.864472, 0.859446, 0.856113, 0.854663
0.854663, 0.853207, 0.849806, 0.844539, 0.837514, 0.828895, 0.818906, 0.807838, 0.796047, 0.783944, 0.77199, 0.760667, 0.750457, 0.741811, 0.735125, 0.730714, 0.7288
0.7288, 0.726881, 0.722412, 0.715521, 0.706389, 0.69527, 0.682494, 0.668464, 0.653653, 0.638587, 0.62383, 0.609958, 0.597532, 0.587069, 0.579013, 0.573714, 0.57142
0.57142, 0.569121, 0.563777, 0.55556, 0.544716, 0.531578, 0.516567, 0.500182, 0.482992, 0.465613, 0.448691, 0.43287, 0.418766, 0.406938, 0.397861, 0.391904, 0.389328
0.389328, 0.386748, 0.38076, 0.371573, 0.359486, 0.344897, 0.3283, 0.310269, 0.291443, 0.272503, 0.254148, 0.237062, 0.22189, 0.209209, 0.199504, 0.193145, 0.190398
0.190398, 0.18765, 0.181277, 0.171517, 0.15871, 0.143301, 0.125835, 0.106937, 0.0872901, 0.0676089, 0.048614, 0.0310021, 0.0154186, 0.00243302, -0.00748189, -0.0139661, -0.0167645
-0.0167645, -0.0195628, -0.0260457, -0.0359558, -0.0489302, -0.0644929, -0.0820714, -0.101019, -0.120637, -0.140209, -0.159022, -0.176398, -0.19172, -0.204449, -0.214144, -0.220474, -0.223202
-0.223202, -0.22593, -0.232242, -0.241874, -0.254454, -0.269497, -0.286429, -0.304606, -0.323348, -0.341964, -0.359781, -0.37617, -0.390567, -0.402489, -0.411545, -0.417446, -0.419988
-0.419988, -0.422526, -0.428395, -0.437332, -0.448974, -0.462847, -0.478399, -0.49502, -0.512075, -0.52893, -0.544981, -0.559674, -0.572524, -0.583122, -0.591148, -0.596366, -0.59861
-0.59861, -0.60085, -0.606021, -0.613878, -0.624077, -0.636181, -0.64968, -0.664027, -0.678657, -0.693022, -0.706613, -0.718975, -0.729721, -0.738539, -0.745187, -0.749496, -0.751345
-0.751345, -0.753189, -0.757439, -0.763875, -0.772192, -0.782002, -0.792866, -0.804317, -0.815889, -0.827144, -0.837687, -0.847182, -0.855361, -0.862016, -0.866999, -0.870212, -0.871588
-0.871588, -0.872956, -0.876101, -0.880838, -0.886912, -0.894004, -0.901763, -0.909823, -0.917838, -0.925495, -0.932533, -0.938753, -0.94401, -0.948215, -0.951317, -0.953296, -0.954137
-0.954137, -0.954972, -0.956875, -0.959709, -0.963277, -0.967345, -0.971662, -0.975984, -0.980094, -0.983822, -0.987052, -0.989726, -0.991834, -0.993407, -0.994495, -0.995153, -0.995424
-0.995424, -0.995688, -0.996269, -0.997075, -0.997984, -0.998852, -0.999541, -0.999936, -0.999964, -0.999602, -0.998885, -0.997897, -0.996766, -0.995638, -0.994664, -0.993974, -0.993663
-0.993663, -0.993345, -0.992577, -0.991322, -0.989532, -0.987162, -0.984194, -0.980646, -0.97659, -0.972154, -0.967519, -0.962913, -0.958591, -0.954812, -0.951818, -0.949809, -0.94893
-0.94893, -0.948043, -0.945961, -0.942699, -0.938287, -0.932782, -0.926284, -0.918947, -0.910983, -0.902664, -0.894313, -0.886287, -0.878961, -0.872694, -0.86781, -0.864569, -0.86316
-0.86316, -0.861743, -0.858435, -0.853307, -0.846464, -0.838062, -0.828316, -0.817507, -0.805979, -0.794137, -0.78243, -0.771333, -0.761319, -0.752835, -0.746272, -0.74194, -0.740061
-0.740061, -0.738176, -0.733786, -0.727014, -0.718036, -0.7071, -0.694527, -0.680713, -0.66612, -0.651267, -0.636711, -0.623022, -0.610753, -0.60042, -0.592461, -0.587225, -0.584957
-0.584957, -0.582685, -0.577403, -0.569279, -0.558555, -0.545558, -0.530702, -0.51448, -0.497453, -0.480233, -0.463457, -0.447767, -0.433775, -0.422038, -0.413029, -0.407115, -0.404557
-0.404557, -0.401996, -0.39605, -0.386926, -0.374919, -0.360423, -0.343927, -0.325999, -0.307274, -0.28843, -0.27016, -0.253148, -0.238038, -0.225405, -0.215735, -0.209398, -0.206661
-0.206661, -0.203922, -0.197569, -0.18784, -0.175069, -0.159702, -0.142278, -0.123419, -0.103807, -0.0841536, -0.0651796, -0.0475817, -0.0320064, -0.0190245, -0.00911057, -0.00262609, 0.000172635
0.000172635, 0.00297136, 0.00945583, 0.0193697, 0.0323515, 0.0479266, 0.0655242, 0.0844976, 0.10415, 0.123762, 0.14262, 0.160042, 0.175409, 0.188179, 0.197907, 0.20426, 0.206998
0.206998, 0.209736, 0.216072, 0.225742, 0.238373, 0.253482, 0.270492, 0.28876, 0.307603, 0.326325, 0.344251, 0.360745, 0.375239, 0.387244, 0.396367, 0.402312, 0.404872
0.404872, 0.40743, 0.413343, 0.422351, 0.434086, 0.448076, 0.463763, 0.480535, 0.497753, 0.514776, 0.530995, 0.545848, 0.558842, 0.569563, 0.577685, 0.582966, 0.585237
0.585237, 0.587504, 0.592739, 0.600696, 0.611027, 0.623292, 0.636978, 0.651529, 0.666377, 0.680965, 0.694775, 0.707344, 0.718276, 0.727251, 0.73402, 0.738408, 0.740293
0.740293, 0.742172, 0.746502, 0.753062, 0.761543, 0.771553, 0.782645, 0.794347, 0.806183, 0.817705, 0.82851, 0.838251, 0.846648, 0.853487, 0.858612, 0.861918, 0.863334
0.863334, 0.864743, 0.867981, 0.872862, 0.879125, 0.886447, 0.894467, 0.902812, 0.911125, 0.919083, 0.926414, 0.932906, 0.938406, 0.942814, 0.946072, 0.948153, 0.949039
0.949039, 0.949917, 0.951924, 0.954914, 0.958689, 0.963006, 0.967606, 0.972235, 0.976665, 0.980714, 0.984255, 0.987217, 0.989582, 0.991368, 0.992619, 0.993385, 0.993702
0.993702, 0.994012, 0.994699, 0.99567, 0.996793, 0.997919, 0.998901, 0.999612, 0.999967, 0.999933, 0.99953, 0.998835, 0.997962, 0.997049, 0.996239, 0.995656, 0.995391
0.995391, 0.995119, 0.994458, 0.993367, 0.99179, 0.989676, 0.986997, 0.98376, 0.980025, 0.975908, 0.97158, 0.967257, 0.963184, 0.959612, 0.956775, 0.954869, 0.954034
0.954034, 0.953192, 0.951211, 0.948105, 0.943896, 0.938634, 0.932409, 0.925364, 0.917701, 0.90968, 0.901613, 0.89385, 0.886752, 0.880675, 0.875935, 0.872788, 0.871419
0.871419, 0.870042, 0.866827, 0.861841, 0.855182, 0.846999, 0.837498, 0.82695, 0.815689, 0.804111, 0.792655, 0.781786, 0.771972, 0.763653, 0.757214, 0.752962, 0.751118
0.751118, 0.749267, 0.744957, 0.738306, 0.729485, 0.718735, 0.706369, 0.692773, 0.678403, 0.663768, 0.649418, 0.635914, 0.623807, 0.613605, 0.605746, 0.600574, 0.598334
0.598334, 0.596089, 0.59087, 0.582842, 0.572241, 0.559388, 0.544692, 0.528637, 0.511778, 0.49472, 0.478096, 0.462541, 0.448665, 0.437022, 0.428083, 0.422213, 0.419675
0.419675, 0.417133, 0.41123, 0.402172, 0.390249, 0.37585, 0.359459, 0.34164, 0.323021, 0.304277, 0.286098, 0.269165, 0.25412, 0.241539, 0.231906, 0.225593, 0.222866
0.222866, 0.220137, 0.213807, 0.204111, 0.191381, 0.176059, 0.158681, 0.139867, 0.120295, 0.100675, 0.0817273, 0.0641483, 0.0485854, 0.0356108, 0.0257005, 0.0192176, 0.0164193
0.0164193, 0.0136209, 0.00713662, -0.00277829, -0.0157638, -0.0313472, -0.0489589, -0.0679534, -0.0876341, -0.107281, -0.126178, -0.143642, -0.15905, -0.171858, -0.181616, -0.187989, -0.190737
-0.190737, -0.193484, -0.199842, -0.209547, -0.222227, -0.237397, -0.254482, -0.272836, -0.291773, -0.310597, -0.328626, -0.345221, -0.359808, -0.371894, -0.381079, -0.387066, -0.389646
-0.389646, -0.392222, -0.398178, -0.407254, -0.419079, -0.433181, -0.448999, -0.465919, -0.483294, -0.500481, -0.516862, -0.53187, -0.545005, -0.555847, -0.564062, -0.569404, -0.571703
-0.571703, -0.573997, -0.579295, -0.587348, -0.597808, -0.610231, -0.624099, -0.638853, -0.653914, -0.668721, -0.682746, -0.695518, -0.706633, -0.715762, -0.722651, -0.727118, -0.729037
-0.729037, -0.730949, -0.735359, -0.742042, -0.750685, -0.760891, -0.77221, -0.784159, -0.796255, -0.808042, -0.819104, -0.829088, -0.837702, -0.844724, -0.849988, -0.853387, -0.854842
-0.854842, -0.856291, -0.859622, -0.864646, -0.871097, -0.878646, -0.886925, -0.895553, -0.904162, -0.912418, -0.92004, -0.926803, -0.932544, -0.937154, -0.940567, -0.94275, -0.943679
-0.943679, -0.944602, -0.94671, -0.949857, -0.953837, -0.958403, -0.963284, -0.968218, -0.972967, -0.977336, -0.981187, -0.984437, -0.987057, -0.989056, -0.99047, -0.991342, -0.991706
-0.991706, -0.992062, -0.992856, -0.993991, -0.995328, -0.996712, -0.997986, -0.999012, -0.999695, -0.999988, -0.999901, -0.999498, -0.998883, -0.998185, -0.997539, -0.997064, -0.996845
-0.996845, -0.996619, -0.996066, -0.995138, -0.993775, -0.991918, -0.989528, -0.986602, -0.98319, -0.979394, -0.975374, -0.971335, -0.967512, -0.964147, -0.961469, -0.959666, -0.958875

0.609748, 0.611964, 0.61708, 0.624851, 0.634937, 0.646902, 0.660242, 0.674412, 0.688856, 0.703031, 0.716434, 0.728619, 0.739207, 0.74789, 0.754435, 0.758675, 0.760496
0.760496, 0.76231, 0.766491, 0.772821, 0.780997, 0.790637, 0.801306, 0.812543, 0.823891, 0.834918, 0.845238, 0.854526, 0.862518, 0.869016, 0.873879, 0.877013, 0.878355
0.878355, 0.879689, 0.882754, 0.887369, 0.893282, 0.90018, 0.907716, 0.915535, 0.923296, 0.930698, 0.937489, 0.943477, 0.948529, 0.952561, 0.955532, 0.957424, 0.958229
0.958229, 0.959025, 0.960842, 0.963542, 0.966936, 0.970793, 0.974871, 0.978933, 0.982773, 0.986229, 0.989198, 0.991628, 0.99352, 0.994912, 0.995862, 0.99643, 0.996663
0.996663, 0.996887, 0.997378, 0.998046, 0.998773, 0.999424, 0.999867, 0.999996, 0.999748, 0.99911, 0.998127, 0.996894, 0.995545, 0.994237, 0.993125, 0.992345, 0.991995
0.991995, 0.991638, 0.99078, 0.989388, 0.987418, 0.984833, 0.981622, 0.977814, 0.973488, 0.968784, 0.963891, 0.959048, 0.954517, 0.950564, 0.947439, 0.945344, 0.944428
0.944428, 0.943504, 0.941336, 0.937943, 0.933361, 0.927653, 0.920927, 0.913345, 0.905129, 0.896561, 0.887971, 0.879728, 0.872209, 0.865784, 0.86078, 0.857461, 0.856018
0.856018, 0.854568, 0.851182, 0.845936, 0.83894, 0.830355, 0.820405, 0.809377, 0.797627, 0.785565, 0.77365, 0.762362, 0.752182, 0.743562, 0.736896, 0.732497, 0.730588
0.730588, 0.728675, 0.724218, 0.717346, 0.708238, 0.697148, 0.684403, 0.670407, 0.65563, 0.640597, 0.625872, 0.612028, 0.599627, 0.589184, 0.581144, 0.575854, 0.573564
0.573564, 0.571269, 0.565935, 0.557733, 0.546907, 0.533791, 0.518804, 0.502445, 0.48528, 0.467926, 0.451027, 0.435226, 0.421139, 0.409326, 0.40026, 0.394309, 0.391735
0.391735, 0.389159, 0.383177, 0.374, 0.361925, 0.347351, 0.330769, 0.312754, 0.293944, 0.275019, 0.256676, 0.239602, 0.22444, 0.211766, 0.202066, 0.195711, 0.192965
0.192965, 0.190218, 0.183848, 0.174093, 0.161291, 0.145889, 0.128429, 0.109537, 0.0898952, 0.0702181, 0.0512261, 0.0336161, 0.0180336, 0.00504835, -0.00486659, -0.011351, -0.0141495
-0.0141495, -0.0169479, -0.0234311, -0.0333421, -0.0463178, -0.0618827, -0.0794646, -0.0984162, -0.118041, -0.137619, -0.15644, -0.173823, -0.189152, -0.201888, -0.211588, -0.217922, -0.220652
-0.220652, -0.223381, -0.229697, -0.239336, -0.251924, -0.266978, -0.283922, -0.302114, -0.320872, -0.339505, -0.35734, -0.373746, -0.388158, -0.400093, -0.40916, -0.415068, -0.417613
-0.417613, -0.420154, -0.42603, -0.434979, -0.446635, -0.460527, -0.476101, -0.492746, -0.509827, -0.526709, -0.542787, -0.557505, -0.570378, -0.580996, -0.589037, -0.594265, -0.596513
-0.596513, -0.598757, -0.603938, -0.611811, -0.622031, -0.634161, -0.64769, -0.662069, -0.676733, -0.691134, -0.70476, -0.717155, -0.72793, -0.736773, -0.74344, -0.747762, -0.749617
-0.749617, -0.751466, -0.755729, -0.762185, -0.770527, -0.780369, -0.791269, -0.80276, -0.814374, -0.825671, -0.836255, -0.84579, -0.854003, -0.860687, -0.865693, -0.868921, -0.870303
-0.870303, -0.871678, -0.874837, -0.879597, -0.885701, -0.89283, -0.900629, -0.908735, -0.916796, -0.924501, -0.931586, -0.937848, -0.943144, -0.947381, -0.950508, -0.952503, -0.953351
-0.953351, -0.954192, -0.956112, -0.95897, -0.962571, -0.966679, -0.971041, -0.97541, -0.979571, -0.98335, -0.986629, -0.989348, -0.991497, -0.993103, -0.994217, -0.994893, -0.995171
-0.995171, -0.995442, -0.996039, -0.996872, -0.997814, -0.998723, -0.999458, -0.999904, -0.999983, -0.999672, -0.999005, -0.998063, -0.996972, -0.995879, -0.99493, -0.994257, -0.993954
-0.993954, -0.993643, -0.992892, -0.991663, -0.989906, -0.987577, -0.984654, -0.981155, -0.97715, -0.972763, -0.968177, -0.963616, -0.959332, -0.955586, -0.952617, -0.950624, -0.949752
-0.949752, -0.948872, -0.946805, -0.943568, -0.939188, -0.933721, -0.927266, -0.919975, -0.912058, -0.903786, -0.89548, -0.887496, -0.880205, -0.873968, -0.869106, -0.865881, -0.864477
-0.864477, -0.863067, -0.859774, -0.854668, -0.847854, -0.839486, -0.829779, -0.81901, -0.807524, -0.795724, -0.784056, -0.772995, -0.763012, -0.754554, -0.748011, -0.743691, -0.741817
-0.741817, -0.739937, -0.73556, -0.728807, -0.719854, -0.708947, -0.696406, -0.682626, -0.668068, -0.65325, -0.638726, -0.625065, -0.612822, -0.602509, -0.594566, -0.58934, -0.587076
-0.587076, -0.584809, -0.579536, -0.571428, -0.560723, -0.547748, -0.532917, -0.516721, -0.49972, -0.482525, -0.465773, -0.450104, -0.43613, -0.424408, -0.415409, -0.409502, -0.406947
-0.406947, -0.404389, -0.39845, -0.389336, -0.377342, -0.362862, -0.346381, -0.32847, -0.309762, -0.290933, -0.272677, -0.255677, -0.240577, -0.227953, -0.218288, -0.211955, -0.209219
-0.209219, -0.206481, -0.200132, -0.190408, -0.177644, -0.162283, -0.144866, -0.126014, -0.106408, -0.0867593, -0.0677892, -0.050194, -0.0346203, -0.0216393, -0.0117258, -0.00524142, -0.00244271
-0.00244271, 0.000356017, 0.00684057, 0.0167548, 0.0297374, 0.0453141, 0.0629142, 0.0818913, 0.101549, 0.121166, 0.14003, 0.15746, 0.172834, 0.18561, 0.195343, 0.201699, 0.204439
0.204439, 0.207178, 0.213517, 0.223193, 0.235832, 0.250951, 0.267974, 0.286255, 0.305113, 0.323852, 0.341794, 0.358305, 0.372814, 0.384832, 0.393964, 0.399916, 0.40248
0.40248, 0.40504, 0.41096, 0.419979, 0.431729, 0.445736, 0.461444, 0.47824, 0.495483, 0.512532, 0.528777, 0.543654, 0.556671, 0.567412, 0.575548, 0.580839, 0.583115
0.583115, 0.585386, 0.590631, 0.598603, 0.608954, 0.621244, 0.634959, 0.649543, 0.664425, 0.679048, 0.692892, 0.705493, 0.716454, 0.725453, 0.732241, 0.736642, 0.738532
0.738532, 0.740416, 0.744759, 0.751339, 0.759845, 0.769886, 0.781015, 0.792756, 0.804633, 0.816197, 0.827042, 0.836822, 0.845254, 0.852121, 0.857268, 0.860589, 0.862011
0.862011, 0.863426, 0.86668, 0.871583, 0.877876, 0.885234, 0.893295, 0.901685, 0.910044, 0.918049, 0.925426, 0.931961, 0.937499, 0.941939, 0.945222, 0.947319, 0.948212
0.948212, 0.949097, 0.951119, 0.954135, 0.957942, 0.962298, 0.966943, 0.971619, 0.976099, 0.980199, 0.983789, 0.986797, 0.989202, 0.991022, 0.992298, 0.993081, 0.993406
0.993406, 0.993723, 0.994427, 0.995424, 0.996581, 0.997747, 0.998775, 0.999536, 0.999942, 0.999959, 0.999607, 0.998958, 0.998125, 0.997246, 0.996462, 0.995896, 0.995639
0.995639, 0.995374, 0.99473, 0.993664, 0.992121, 0.990048, 0.987414, 0.984226, 0.980542, 0.976476, 0.972196, 0.967918, 0.963884, 0.960344, 0.957532, 0.955643, 0.954815
0.954815, 0.953979, 0.952014, 0.948933, 0.944756, 0.939533, 0.933351, 0.926352, 0.918736, 0.910763, 0.902742, 0.895019, 0.887958, 0.881911, 0.877193, 0.874062, 0.872698
0.872698, 0.871329, 0.868128, 0.863164, 0.856535, 0.848386, 0.838924, 0.828417, 0.8172, 0.805663, 0.794247, 0.783415, 0.773632, 0.765338, 0.758919, 0.754681, 0.752842
0.752842, 0.750997, 0.746699, 0.740067, 0.731271, 0.720551, 0.708218, 0.694657, 0.680322, 0.665722, 0.651404, 0.63793, 0.625849, 0.615668, 0.607825, 0.602663, 0.600427
0.600427, 0.598187, 0.592978, 0.584965, 0.574384, 0.561554, 0.546883, 0.530855, 0.514023, 0.496991, 0.480391, 0.464858, 0.451001, 0.439373, 0.430445, 0.424583, 0.422047
0.422047, 0.419508, 0.413613, 0.404566, 0.392656, 0.378273, 0.361898, 0.344096, 0.325495, 0.306767, 0.288603, 0.271683, 0.256649, 0.244076, 0.234449, 0.228141, 0.225415
0.225415, 0.222687, 0.216361, 0.20667, 0.193947, 0.178632, 0.161263, 0.142457, 0.122891, 0.103277, 0.0843336, 0.066758, 0.0511975, 0.0382244, 0.0283149, 0.0218324, 0.0190342
0.0190342, 0.0162359, 0.00975188, -0.000162939, -0.0131487, -0.028733, -0.0463465, -0.0653439, -0.0850285, -0.10468, -0.123583, -0.141054, -0.156468, -0.169281, -0.179044, -0.18542, -0.188169
-0.188169, -0.190917, -0.197279, -0.206989, -0.219676, -0.234856, -0.251952, -0.270318, -0.28927, -0.30811, -0.326155, -0.342765, -0.357367, -0.369465, -0.37866, -0.384654, -0.387236
-0.387236, -0.389814, -0.395778, -0.404864, -0.416703, -0.430822, -0.446661, -0.463603, -0.481003, -0.498215, -0.514621, -0.529654, -0.542811, -0.553671, -0.5619, -0.567253, -0.569555
-0.569555, -0.571853, -0.577161, -0.585229, -0.59571, -0.608157, -0.622054, -0.636838, -0.651933, -0.666774, -0.680833, -0.693637, -0.70478, -0.713933, -0.720841, -0.72532, -0.727244
-0.727244, -0.729162, -0.733584, -0.740286, -0.748954, -0.759192, -0.770545, -0.782533, -0.794671, -0.806498, -0.817601, -0.827623, -0.836271, -0.843321, -0.848608, -0.85202, -0.853482
-0.853482, -0.854937, -0.858283, -0.863329, -0.869809, -0.877394, -0.885714, -0.894386, -0.903041, -0.911345, -0.919012, -0.925817, -0.931596, -0.936238, -0.939676, -0.941874, -0.942811

0.0281235, 0.030921, 0.0374019, 0.0473079, 0.0602752, 0.0758267, 0.0933895, 0.112316, 0.131908, 0.15145, 0.170229, 0.187571, 0.202858, 0.215557, 0.225228, 0.231541, 0.234263
0.234263, 0.236983, 0.243278, 0.252883, 0.265425, 0.280421, 0.297296, 0.315408, 0.334078, 0.352619, 0.370359, 0.386673, 0.401001, 0.412863, 0.421873, 0.427744, 0.430272
0.430272, 0.432797, 0.438633, 0.447522, 0.459097, 0.472889, 0.488345, 0.50486, 0.521801, 0.538538, 0.554472, 0.569054, 0.581802, 0.592315, 0.600274, 0.605448, 0.607673
0.607673, 0.609893, 0.615019, 0.622807, 0.632914, 0.644905, 0.658276, 0.672479, 0.686957, 0.701168, 0.714607, 0.726825, 0.737443, 0.746151, 0.752716, 0.756969, 0.758795
0.758795, 0.760615, 0.764808, 0.771159, 0.779361, 0.789033, 0.799738, 0.811016, 0.822406, 0.833476, 0.843838, 0.853164, 0.861192, 0.867719, 0.872605, 0.875754, 0.877102
0.877102, 0.878442, 0.881523, 0.88616, 0.892103, 0.899037, 0.906615, 0.91448, 0.922289, 0.929738, 0.936576, 0.942607, 0.947697, 0.951762, 0.954758, 0.956666, 0.957477
0.957477, 0.958281, 0.960114, 0.962839, 0.966265, 0.970162, 0.974285, 0.978396, 0.982286, 0.985794, 0.988811, 0.991286, 0.993219, 0.994645, 0.995621, 0.996206, 0.996446
0.996446, 0.996678, 0.997185, 0.997879, 0.99864, 0.999332, 0.999821, 1, 0.999803, 0.999217, 0.998284, 0.997096, 0.995788, 0.994514, 0.993428, 0.992664, 0.992322
0.992322, 0.991972, 0.991131, 0.989765, 0.987828, 0.985284, 0.982118, 0.978358, 0.974083, 0.969429, 0.964585, 0.959786, 0.955293, 0.951373, 0.948272, 0.946194, 0.945284
0.945284, 0.944368, 0.942215, 0.938847, 0.934297, 0.928626, 0.921943, 0.914407, 0.906238, 0.897716, 0.889171, 0.880968, 0.873486, 0.86709, 0.862108, 0.858804, 0.857367
0.857367, 0.855923, 0.852552, 0.847328, 0.84036, 0.831809, 0.821897, 0.81091, 0.799201, 0.787181, 0.775305, 0.764052, 0.753903, 0.745308, 0.738661, 0.734275, 0.732372
0.732372, 0.730463, 0.726019, 0.719165, 0.710082, 0.69902, 0.686308, 0.672346, 0.657603, 0.642603, 0.627909, 0.614094, 0.601718, 0.591295, 0.58327, 0.577991, 0.575704
0.575704, 0.573414, 0.568089, 0.559902, 0.549095, 0.536001, 0.521038, 0.504704, 0.487565, 0.470236, 0.453359, 0.437579, 0.42351, 0.411711, 0.402655, 0.396711, 0.39414
0.39414, 0.391566, 0.385591, 0.376424, 0.364362, 0.349802, 0.333236, 0.315237, 0.296442, 0.277532, 0.259203, 0.24214, 0.226987, 0.214321, 0.204626, 0.198275, 0.195531
0.195531, 0.192785, 0.186418, 0.176668, 0.163872, 0.148475, 0.131022, 0.112137, 0.0924997, 0.0728267, 0.0538379, 0.0362298, 0.0206484, 0.00766364, -0.00225125, -0.00873575, -0.0115343
-0.0115343, -0.0143328, -0.0208164, -0.0307281, -0.0437051, -0.0592722, -0.0768572, -0.0958132, -0.115443, -0.135028, -0.153856, -0.171247, -0.186584, -0.199326, -0.209032, -0.215369, -0.218101
-0.218101, -0.220831, -0.227151, -0.236796, -0.249392, -0.264456, -0.281413, -0.299619, -0.318394, -0.337044, -0.354896, -0.371319, -0.385746, -0.397695, -0.406772, -0.412687, -0.415235
-0.415235, -0.41778, -0.423662, -0.432623, -0.444294, -0.458204, -0.473799, -0.490468, -0.507575, -0.524484, -0.540588, -0.555332, -0.568227, -0.578865, -0.586921, -0.592159, -0.594412
-0.594412, -0.596661, -0.601852, -0.60974, -0.619981, -0.632136, -0.645695, -0.660106, -0.674806, -0.689242, -0.702902, -0.71533, -0.726135, -0.735002, -0.741689, -0.746023, -0.747883
-0.747883, -0.749738, -0.754014, -0.760489, -0.768857, -0.778731, -0.789667, -0.801198, -0.812854, -0.824193, -0.834818, -0.844392, -0.85264, -0.859353, -0.864381, -0.867623, -0.869012
-0.869012, -0.870393, -0.873567, -0.87835, -0.884483, -0.891649, -0.899489, -0.90764, -0.915749, -0.923501, -0.930632, -0.936938, -0.942271, -0.94654, -0.949692, -0.951703, -0.952559
-0.952559, -0.953407, -0.955343, -0.958226, -0.961859, -0.966006, -0.970412, -0.974831, -0.979042, -0.982871, -0.9862, -0.988964, -0.991154, -0.992793, -0.993933, -0.994625, -0.994911
-0.994911, -0.995189, -0.995804, -0.996662, -0.997638, -0.998588, -0.999369, -0.999864, -0.999995, -0.999736, -0.999118, -0.998223, -0.997172, -0.996112, -0.99519, -0.994534, -0.994238
-0.994238, -0.993934, -0.9932, -0.991997, -0.990273, -0.987984, -0.985107, -0.981657, -0.977702, -0.973366, -0.968828, -0.964311, -0.960067, -0.956353, -0.953409, -0.951433, -0.950567
-0.950567, -0.949695, -0.947644, -0.944431, -0.940083, -0.934654, -0.928242, -0.920997, -0.913128, -0.904902, -0.896641, -0.888698, -0.881443, -0.875236, -0.870397, -0.867186, -0.865789
-0.865789, -0.864385, -0.861106, -0.856023, -0.849238, -0.840904, -0.831235, -0.820508, -0.809064, -0.797305, -0.785677, -0.774651, -0.7647, -0.756268, -0.749744, -0.745437, -0.743568
-0.743568, -0.741694, -0.737329, -0.730595, -0.721667, -0.710789, -0.698281, -0.684535, -0.670012, -0.655228, -0.640736, -0.627105, -0.614887, -0.604594, -0.596667, -0.591451, -0.589192
-0.589192, -0.586928, -0.581666, -0.573572, -0.562886, -0.549934, -0.535128, -0.518959, -0.501984, -0.484814, -0.468086, -0.452438, -0.438482, -0.426774, -0.417787, -0.411887, -0.409335
-0.409335, -0.40678, -0.400847, -0.391744, -0.379763, -0.365298, -0.348834, -0.330939, -0.312248, -0.293434, -0.275192, -0.258205, -0.243115, -0.230498, -0.220839, -0.21451, -0.211776
-0.211776, -0.20904, -0.202694, -0.192975, -0.180217, -0.164863, -0.147453, -0.128608, -0.109008, -0.0893645, -0.0703983, -0.0528058, -0.0372339, -0.024254, -0.0143409, -0.00785671, -0.00505804
-0.00505804, -0.00225933, 0.00422526, 0.0141398, 0.0271231, 0.0427013, 0.0603038, 0.0792845, 0.0989464, 0.11857, 0.13744, 0.154877, 0.170257, 0.183039, 0.192777, 0.199136, 0.201878
0.201878, 0.204619, 0.210962, 0.220643, 0.23329, 0.248419, 0.265453, 0.283749, 0.302622, 0.321377, 0.339335, 0.355862, 0.370386, 0.382417, 0.391559, 0.397518, 0.400084
0.400084, 0.402648, 0.408575, 0.417604, 0.429368, 0.443393, 0.459122, 0.475942, 0.493209, 0.510285, 0.526555, 0.541457, 0.554496, 0.565256, 0.573407, 0.578708, 0.580988
0.580988, 0.583264, 0.588519, 0.596506, 0.606878, 0.619193, 0.632937, 0.647552, 0.662468, 0.677126, 0.691004, 0.703637, 0.714627, 0.72365, 0.730458, 0.734871, 0.736766
0.736766, 0.738656, 0.743011, 0.749611, 0.758142, 0.768215, 0.779379, 0.791159, 0.803077, 0.814683, 0.825569, 0.835387, 0.843853, 0.85075, 0.855919, 0.859254, 0.860682
0.860682, 0.862104, 0.865372, 0.870298, 0.87662, 0.884014, 0.892116, 0.900551, 0.908957, 0.917009, 0.924432, 0.93101, 0.936586, 0.941058, 0.944365, 0.946478, 0.947378
0.947378, 0.94827, 0.950308, 0.953348, 0.957188, 0.961584, 0.966273, 0.970997, 0.975528, 0.979678, 0.983317, 0.98637, 0.988815, 0.990668, 0.991971, 0.99277, 0.993102
0.993102, 0.993427, 0.994148, 0.99517, 0.996361, 0.997569, 0.998642, 0.999452, 0.999911, 0.99998, 0.999677, 0.999074, 0.998282, 0.997437, 0.996678, 0.996129, 0.995879
0.995879, 0.995622, 0.994995, 0.993955, 0.992445, 0.990413, 0.987824, 0.984685, 0.981052, 0.977036, 0.972805, 0.968572, 0.964577, 0.96107, 0.958283, 0.95641, 0.955589
0.955589, 0.95476, 0.952812, 0.949755, 0.945611, 0.940425, 0.934286, 0.927334, 0.919766, 0.91184, 0.903864, 0.896183, 0.889158, 0.883141, 0.878446, 0.875329, 0.873972
0.873972, 0.872609, 0.869423, 0.864482, 0.857882, 0.849768, 0.840345, 0.829879, 0.818704, 0.80721, 0.795833, 0.785037, 0.775286, 0.767019, 0.76062, 0.756394, 0.75456
0.75456, 0.752721, 0.748436, 0.741824, 0.733053, 0.722362, 0.710062, 0.696536, 0.682237, 0.667671, 0.653386, 0.639942, 0.627887, 0.617727, 0.6099, 0.604748, 0.602517
0.602517, 0.600281, 0.595082, 0.587084, 0.576522, 0.563716, 0.549071, 0.53307, 0.516265, 0.499259, 0.482683, 0.467172, 0.453334, 0.441721, 0.432804, 0.426949, 0.424417
0.424417, 0.421881, 0.415993, 0.406956, 0.39506, 0.380692, 0.364335, 0.346551, 0.327967, 0.309255, 0.291106, 0.274199, 0.259176, 0.246612, 0.236991, 0.230686, 0.227962
0.227962, 0.225236, 0.218913, 0.209228, 0.196512, 0.181205, 0.163844, 0.145045, 0.125486, 0.105878, 0.0869393, 0.0693673, 0.0538092, 0.0408377, 0.0309291, 0.024447, 0.021649
0.021649, 0.0188509, 0.0123671, 0.00245241, -0.0105336, -0.0261187, -0.0437338, -0.0627339, -0.0824223, -0.102079, -0.120987, -0.138464, -0.153884, -0.166702, -0.17647, -0.182849, -0.1856
-0.1856, -0.18835, -0.194714, -0.20443, -0.217124, -0.232313, -0.24942, -0.2678, -0.286766, -0.305621, -0.323681, -0.340307, -0.354923, -0.367033, -0.376238, -0.382238, -0.384823
-0.384823, -0.387405, -0.393375, -0.402471, -0.414324, -0.428461, -0.444319, -0.461284, -0.478708, -0.495946, -0.512377, -0.527434, -0.540612, -0.551491, -0.559735, -0.565097, -0.567404

-0.56422, -0.561907, -0.556531, -0.548266, -0.53736, -0.524149, -0.509058, -0.492589, -0.475314, -0.457855, -0.440857, -0.424969, -0.410807, -0.398933, -0.389822, -0.383842, -0.381256
-0.381256, -0.378667, -0.372658, -0.363439, -0.35131, -0.336674, -0.320025, -0.301942, -0.283065, -0.264077, -0.245679, -0.228556, -0.213353, -0.200648, -0.190925, -0.184556, -0.181805
-0.181805, -0.179052, -0.172668, -0.162894, -0.150068, -0.134639, -0.117153, -0.0982369, -0.0785737, -0.0588799, -0.039876, -0.0222586, -0.00667254, 0.00631354, 0.0162278, 0.0227112, 0.0255091
0.0255091, 0.0283068, 0.0347882, 0.0446953, 0.0576644, 0.0732187, 0.0907852, 0.109716, 0.129315, 0.148864, 0.167651, 0.185001, 0.200297, 0.213002, 0.222679, 0.228996, 0.23172
0.23172, 0.234441, 0.24074, 0.250352, 0.262903, 0.27791, 0.294798, 0.312925, 0.331612, 0.35017, 0.367928, 0.38426, 0.398604, 0.41048, 0.419501, 0.425378, 0.42791
0.42791, 0.430437, 0.436281, 0.445181, 0.456772, 0.470583, 0.486061, 0.502601, 0.519568, 0.536333, 0.552294, 0.566901, 0.579673, 0.590206, 0.59818, 0.603364, 0.605594
0.605594, 0.607819, 0.612955, 0.620759, 0.630887, 0.642904, 0.656305, 0.670541, 0.685055, 0.699301, 0.712775, 0.725027, 0.735674, 0.744407, 0.750991, 0.755257, 0.757089
0.757089, 0.758914, 0.763121, 0.769491, 0.777719, 0.787423, 0.798165, 0.809483, 0.820915, 0.832028, 0.842431, 0.851797, 0.859859, 0.866416, 0.871325, 0.874488, 0.875842
0.875842, 0.87719, 0.880285, 0.884945, 0.890918, 0.897889, 0.905509, 0.913418, 0.921275, 0.928772, 0.935656, 0.941731, 0.946859, 0.950957, 0.953977, 0.955901, 0.956719
0.956719, 0.95753, 0.95938, 0.96213, 0.965588, 0.969525, 0.973692, 0.977852, 0.981793, 0.985351, 0.988417, 0.990939, 0.992912, 0.994371, 0.995373, 0.995975, 0.996222
0.996222, 0.996461, 0.996985, 0.997706, 0.998501, 0.999233, 0.999768, 0.999997, 0.999852, 0.999317, 0.998433, 0.997292, 0.996025, 0.994784, 0.993723, 0.992977, 0.992642
0.992642, 0.992299, 0.991475, 0.990135, 0.988232, 0.985727, 0.982607, 0.978896, 0.974671, 0.970067, 0.965271, 0.960517, 0.956063, 0.952176, 0.949099, 0.947037, 0.946134
0.946134, 0.945225, 0.943088, 0.939745, 0.935226, 0.929593, 0.922953, 0.915462, 0.907341, 0.898865, 0.890365, 0.882203, 0.874756, 0.86839, 0.86343, 0.860141, 0.85871
0.85871, 0.857273, 0.853916, 0.848714, 0.841775, 0.833258, 0.823384, 0.812438, 0.800771, 0.788791, 0.776954, 0.765737, 0.755619, 0.747049, 0.740422, 0.736048, 0.73415
0.73415, 0.732247, 0.727815, 0.72098, 0.711921, 0.700888, 0.688208, 0.674279, 0.659571, 0.644605, 0.629943, 0.616156, 0.603804, 0.593402, 0.585393, 0.580123, 0.577841
0.577841, 0.575554, 0.57024, 0.562067, 0.551279, 0.538207, 0.523269, 0.506961, 0.489847, 0.472542, 0.455689, 0.439929, 0.425878, 0.414093, 0.405047, 0.39911, 0.396542
0.396542, 0.393972, 0.388003, 0.378846, 0.366796, 0.352251, 0.335701, 0.317718, 0.298939, 0.280044, 0.261728, 0.244677, 0.229534, 0.216875, 0.207186, 0.200838, 0.198095
0.198095, 0.195351, 0.188987, 0.179242, 0.166451, 0.151061, 0.133615, 0.114735, 0.0951035, 0.0754349, 0.0564492, 0.0388433, 0.0232631, 0.0102789, 0.000364094, -0.00612047, -0.00891912
-0.00891912, -0.0117177, -0.0182016, -0.0281138, -0.0410921, -0.0566612, -0.0742493, -0.0932096, -0.112845, -0.132437, -0.151271, -0.16867, -0.184013, -0.196762, -0.206473, -0.212814, -0.215548
-0.215548, -0.21828, -0.224603, -0.234254, -0.246858, -0.261933, -0.278902, -0.297123, -0.315913, -0.334581, -0.35245, -0.368889, -0.383332, -0.395294, -0.404382, -0.410304, -0.412854
-0.412854, -0.415402, -0.421292, -0.430263, -0.441949, -0.455878, -0.471494, -0.488187, -0.50532, -0.522255, -0.538386, -0.553155, -0.566073, -0.576731, -0.584802, -0.59005, -0.592307
-0.592307, -0.59456, -0.599761, -0.607665, -0.617927, -0.630107, -0.643696, -0.65814, -0.672873, -0.687345, -0.701039, -0.7135, -0.724334, -0.733226, -0.739932, -0.744278, -0.746145
-0.746145, -0.748005, -0.752293, -0.758788, -0.767183, -0.777087, -0.78806, -0.79963, -0.811327, -0.822709, -0.833376, -0.842988, -0.85127, -0.858013, -0.863063, -0.86632, -0.867715
-0.867715, -0.869102, -0.872292, -0.877097, -0.88326, -0.890461, -0.898344, -0.906539, -0.914695, -0.922494, -0.929672, -0.93602, -0.941392, -0.945693, -0.94887, -0.950897, -0.951759
-0.951759, -0.952614, -0.954567, -0.957474, -0.96114, -0.965327, -0.969778, -0.974244, -0.978506, -0.982386, -0.985763, -0.988574, -0.990803, -0.992477, -0.993642, -0.994351, -0.994644
-0.994644, -0.99493, -0.995561, -0.996445, -0.997455, -0.998445, -0.999273, -0.999817, -1, -0.999793, -0.999224, -0.998375, -0.997365, -0.996339, -0.995443, -0.994803, -0.994515
-0.994515, -0.994218, -0.993501, -0.992323, -0.990634, -0.988385, -0.985553, -0.982152, -0.978248, -0.973963, -0.969473, -0.965001, -0.960796, -0.957114, -0.954195, -0.952235, -0.951376
-0.951376, -0.95051, -0.948476, -0.945288, -0.940971, -0.935581, -0.929212, -0.922013, -0.914191, -0.906013, -0.897796, -0.889894, -0.882675, -0.876498, -0.871682, -0.868485, -0.867095
-0.867095, -0.865697, -0.862433, -0.857372, -0.850616, -0.842317, -0.832686, -0.822, -0.810598, -0.798881, -0.787292, -0.776303, -0.766383, -0.757976, -0.751472, -0.747178, -0.745315
-0.745315, -0.743446, -0.739093, -0.732378, -0.723475, -0.712626, -0.70015, -0.686439, -0.671951, -0.657201, -0.642742, -0.62914, -0.616947, -0.606675, -0.598764, -0.593558, -0.591303
-0.591303, -0.589043, -0.583791, -0.575712, -0.565046, -0.552117, -0.537336, -0.521192, -0.504244, -0.4871, -0.470395, -0.454769, -0.440831, -0.429138, -0.420162, -0.414268, -0.411719
-0.411719, -0.409167, -0.403242, -0.394149, -0.382181, -0.367731, -0.351283, -0.333406, -0.314731, -0.295933, -0.277706, -0.260731, -0.245651, -0.233042, -0.223389, -0.217064, -0.214331
-0.214331, -0.211596, -0.205254, -0.19554, -0.182789, -0.167442, -0.15004, -0.131202, -0.111607, -0.0919691, -0.0730069, -0.0554174, -0.0398473, -0.0268685, -0.0169559, -0.010472, -0.00767334
-0.00767334, -0.00487466, 0.00160992, 0.0115246, 0.0245086, 0.0400882, 0.057693, 0.0766771, 0.0963436, 0.115973, 0.134849, 0.152293, 0.16768, 0.180467, 0.190211, 0.196573, 0.199316
0.199316, 0.202058, 0.208404, 0.218091, 0.230746, 0.245885, 0.262931, 0.28124, 0.300128, 0.318899, 0.336874, 0.353417, 0.367955, 0.379999, 0.389151, 0.395116, 0.397686
0.397686, 0.400252, 0.406186, 0.415226, 0.427005, 0.441048, 0.456797, 0.47364, 0.490933, 0.508034, 0.52433, 0.539257, 0.552318, 0.563097, 0.571263, 0.576573, 0.578857
0.578857, 0.581137, 0.586402, 0.594404, 0.604797, 0.617137, 0.63091, 0.645557, 0.660507, 0.675199, 0.689111, 0.701776, 0.712795, 0.721843, 0.728669, 0.733095, 0.734995
0.734995, 0.73689, 0.741258, 0.747877, 0.756434, 0.766538, 0.777737, 0.789556, 0.801516, 0.813164, 0.824091, 0.833946, 0.842447, 0.849372, 0.854564, 0.857913, 0.859348
0.859348, 0.860776, 0.864058, 0.869007, 0.875359, 0.882789, 0.890931, 0.899411, 0.907864, 0.915963, 0.923431, 0.930052, 0.935666, 0.94017, 0.943502, 0.945631, 0.946537
0.946537, 0.947436, 0.949491, 0.952556, 0.956428, 0.960862, 0.965596, 0.970369, 0.974949, 0.97915, 0.982838, 0.985936, 0.988422, 0.990309, 0.991637, 0.992453, 0.992792
0.992792, 0.993124, 0.993862, 0.99491, 0.996135, 0.997383, 0.998502, 0.999362, 0.999872, 0.999993, 0.99974, 0.999183, 0.998432, 0.997621, 0.996888, 0.996356, 0.996113
0.996113, 0.995863, 0.995253, 0.994239, 0.992763, 0.99077, 0.988227, 0.985138, 0.981555, 0.97759, 0.973408, 0.969219, 0.965264, 0.961789, 0.959027, 0.95717, 0.956356
0.956356, 0.955535, 0.953602, 0.95057, 0.946458, 0.941311, 0.935216, 0.92831, 0.920789, 0.91291, 0.904979, 0.89734, 0.890352, 0.884365, 0.879693, 0.876591, 0.87524
0.87524, 0.873883, 0.870713, 0.865794, 0.859223, 0.851144, 0.84176, 0.831336, 0.820203, 0.808751, 0.797414, 0.786655, 0.776936, 0.768695, 0.762315, 0.758102, 0.756274
0.756274, 0.75444, 0.750168, 0.743575, 0.734829, 0.724168, 0.711901, 0.69841, 0.684146, 0.669616, 0.655364, 0.64195, 0.62992, 0.619782, 0.61197, 0.606829, 0.604602
0.604602, 0.60237, 0.597182, 0.5892, 0.578657, 0.565875, 0.551255, 0.535281, 0.518503, 0.501523, 0.484972, 0.469483, 0.455663, 0.444066, 0.43516, 0.429313, 0.426783
0.426783, 0.42425, 0.418369, 0.409344, 0.397461, 0.38311, 0.36677, 0.349003, 0.330437, 0.311741, 0.293607, 0.276713, 0.261701, 0.249145, 0.239531, 0.23323, 0.230508
0.230508, 0.227783, 0.221465, 0.211785, 0.199076, 0.183777, 0.166423, 0.147632, 0.12808, 0.108478, 0.0895445, 0.0719761, 0.0564206, 0.0434507, 0.0335431, 0.0270615, 0.0242637

-0.941517, -0.94057, -0.938348, -0.934874, -0.930186, -0.924351, -0.917483, -0.909748, -0.901376, -0.892652, -0.883915, -0.875535, -0.867898, -0.861374, -0.856295, -0.852928, -0.851464
-0.851464, -0.849993, -0.846559, -0.84124, -0.834148, -0.825449, -0.815372, -0.80421, -0.792321, -0.780123, -0.768079, -0.756673, -0.74639, -0.737685, -0.730955, -0.726514, -0.724588
-0.724588, -0.722657, -0.718159, -0.711224, -0.702036, -0.69085, -0.678, -0.663892, -0.649001, -0.633857, -0.619026, -0.605088, -0.592604, -0.582094, -0.574004, -0.568682, -0.566377
-0.566377, -0.564069, -0.558702, -0.550452, -0.539564, -0.526375, -0.511307, -0.494863, -0.477614, -0.460178, -0.443203, -0.427335, -0.41319, -0.40133, -0.392229, -0.386256, -0.383673
-0.383673, -0.381087, -0.375083, -0.365874, -0.353758, -0.339135, -0.322502, -0.304434, -0.285572, -0.266599, -0.248213, -0.231101, -0.215908, -0.20321, -0.193492, -0.187126, -0.184376
-0.184376, -0.181624, -0.175244, -0.165474, -0.152653, -0.13723, -0.11975, -0.100839, -0.0811807, -0.0614905, -0.0424892, -0.0248732, -0.0092878, 0.00369823, 0.0136128, 0.0200965, 0.0228945
0.0228945, 0.0256924, 0.0321743, 0.0420824, 0.0550532, 0.0706101, 0.0881804, 0.107116, 0.126722, 0.146277, 0.165072, 0.18243, 0.197734, 0.210446, 0.220129, 0.22645, 0.229175
0.229175, 0.231898, 0.238201, 0.247819, 0.260379, 0.275397, 0.292297, 0.31044, 0.329144, 0.347719, 0.365495, 0.381844, 0.396204, 0.408094, 0.417125, 0.42301, 0.425544
0.425544, 0.428075, 0.433927, 0.442838, 0.454444, 0.468273, 0.483774, 0.500338, 0.517332, 0.534124, 0.550112, 0.564745, 0.57754, 0.588092, 0.596083, 0.601277, 0.603511
0.603511, 0.60574, 0.610887, 0.618706, 0.628856, 0.640899, 0.654329, 0.668598, 0.683147, 0.697429, 0.710938, 0.723223, 0.7339, 0.742659, 0.749262, 0.75354, 0.755377
0.755377, 0.757208, 0.761428, 0.767818, 0.776073, 0.785808, 0.796587, 0.807945, 0.819419, 0.830574, 0.841019, 0.850424, 0.858521, 0.865108, 0.870038, 0.873217, 0.874577
0.874577, 0.875931, 0.879041, 0.883724, 0.889727, 0.896735, 0.904396, 0.912351, 0.920254, 0.9278, 0.93473, 0.940848, 0.946015, 0.950144, 0.953189, 0.95513, 0.955955
0.955955, 0.956773, 0.958639, 0.961413, 0.964905, 0.968881, 0.973093, 0.977301, 0.981292, 0.984901, 0.988017, 0.990584, 0.992598, 0.994091, 0.995118, 0.995737, 0.995992
0.995992, 0.996238, 0.996779, 0.997525, 0.998354, 0.999127, 0.999708, 0.999987, 0.999893, 0.99941, 0.998576, 0.997481, 0.996254, 0.995047, 0.994013, 0.993283, 0.992956
0.992956, 0.99262, 0.991813, 0.990498, 0.988628, 0.986164, 0.983089, 0.979427, 0.975253, 0.970699, 0.965951, 0.961241, 0.956827, 0.952972, 0.94992, 0.947874, 0.946978
0.946978, 0.946075, 0.943955, 0.940636, 0.936149, 0.930554, 0.923956, 0.916511, 0.908437, 0.900008, 0.891552, 0.883431, 0.87602, 0.869684, 0.864747, 0.861472, 0.860048
0.860048, 0.858616, 0.855274, 0.850094, 0.843184, 0.834701, 0.824866, 0.81396, 0.802334, 0.790396, 0.778598, 0.767416, 0.757329, 0.748785, 0.742177, 0.737815, 0.735923
0.735923, 0.734026, 0.729606, 0.72279, 0.713755, 0.702751, 0.690103, 0.676208, 0.661534, 0.646602, 0.631972, 0.618214, 0.605887, 0.595505, 0.587511, 0.582251, 0.579973
0.579973, 0.577691, 0.572386, 0.564228, 0.553459, 0.54041, 0.525496, 0.509213, 0.492125, 0.474846, 0.458015, 0.442276, 0.428243, 0.416472, 0.407437, 0.401507, 0.398942
0.398942, 0.396374, 0.390412, 0.381265, 0.369228, 0.354697, 0.338163, 0.320197, 0.301434, 0.282554, 0.264252, 0.247212, 0.232078, 0.219428, 0.209744, 0.203399, 0.200658
0.200658, 0.197915, 0.191555, 0.181814, 0.16903, 0.153646, 0.136206, 0.117333, 0.0977066, 0.0780425, 0.0590602, 0.0414566, 0.0258777, 0.0128941, 0.00297944, -0.00350515, -0.00630385
-0.00630385, -0.0091025, -0.0155866, -0.0254994, -0.0384789, -0.0540499, -0.071641, -0.0906053, -0.110246, -0.129844, -0.148685, -0.166092, -0.181442, -0.194197, -0.203914, -0.210258, -0.212993
-0.212993, -0.215727, -0.222054, -0.23171, -0.244323, -0.259408, -0.27639, -0.294625, -0.313431, -0.332115, -0.350001, -0.366457, -0.380915, -0.39289, -0.401988, -0.407917, -0.410471
-0.410471, -0.413022, -0.418918, -0.427901, -0.439602, -0.453549, -0.469186, -0.485903, -0.503061, -0.520023, -0.53618, -0.550975, -0.563915, -0.574592, -0.582678, -0.587936, -0.590198
-0.590198, -0.592455, -0.597666, -0.605586, -0.615869, -0.628074, -0.641692, -0.656168, -0.670936, -0.685443, -0.699172, -0.711665, -0.722528, -0.731445, -0.73817, -0.742529, -0.744401
-0.744401, -0.746267, -0.750568, -0.757082, -0.765502, -0.775439, -0.786447, -0.798057, -0.809796, -0.821219, -0.831927, -0.841578, -0.849895, -0.856666, -0.861739, -0.865011, -0.866412
-0.866412, -0.867806, -0.87101, -0.875838, -0.882031, -0.889268, -0.897192, -0.905432, -0.913635, -0.921482, -0.928705, -0.935097, -0.940507, -0.94484, -0.948041, -0.950084, -0.950954
-0.950954, -0.951816, -0.953784, -0.956717, -0.960415, -0.964641, -0.969136, -0.973651, -0.977963, -0.981894, -0.98532, -0.988176, -0.990446, -0.992153, -0.993344, -0.99407, -0.99437
-0.99437, -0.994663, -0.995311, -0.996221, -0.997265, -0.998296, -0.999169, -0.999764, -0.999998, -0.999843, -0.999324, -0.998521, -0.997552, -0.996559, -0.995689, -0.995066, -0.994785
-0.994785, -0.994495, -0.993795, -0.992643, -0.990987, -0.988779, -0.985993, -0.982641, -0.978787, -0.974552, -0.970111, -0.965683, -0.961518, -0.957869, -0.954974, -0.95303, -0.952179
-0.952179, -0.95132, -0.949301, -0.946138, -0.941853, -0.936501, -0.930175, -0.923022, -0.915248, -0.907116, -0.898944, -0.891084, -0.883902, -0.877754, -0.87296, -0.869779, -0.868395
-0.868395, -0.867003, -0.863754, -0.858715, -0.851988, -0.843724, -0.834132, -0.823487, -0.812127, -0.800451, -0.788902, -0.777949, -0.76806, -0.75968, -0.753195, -0.748913, -0.747056
-0.747056, -0.745192, -0.740853, -0.734157, -0.725278, -0.714458, -0.702015, -0.688339, -0.673886, -0.65917, -0.644743, -0.63117, -0.619003, -0.608752, -0.600856, -0.59566, -0.59341
-0.59341, -0.591155, -0.585912, -0.577849, -0.567202, -0.554296, -0.53954, -0.523423, -0.506501, -0.489382, -0.472702, -0.457096, -0.443177, -0.431499, -0.422533, -0.416647, -0.414101
-0.414101, -0.411552, -0.405634, -0.396551, -0.384597, -0.370162, -0.353731, -0.335871, -0.317213, -0.298431, -0.280217, -0.263255, -0.248185, -0.235585, -0.225938, -0.219616, -0.216885
-0.216885, -0.214152, -0.207813, -0.198105, -0.185359, -0.17002, -0.152625, -0.133794, -0.114206, -0.0945731, -0.075615, -0.0580285, -0.0424605, -0.0294828, -0.0195708, -0.0130871, -0.0102886
-0.0102886, -0.00748996, -0.00100543, 0.00890943, 0.021894, 0.0374748, 0.0550818, 0.0740692, 0.0937401, 0.113374, 0.132257, 0.149707, 0.165101, 0.177894, 0.187642, 0.194008, 0.196753
0.196753, 0.199496, 0.205846, 0.215538, 0.228201, 0.243349, 0.260406, 0.278729, 0.297632, 0.316419, 0.33441, 0.350969, 0.365522, 0.377578, 0.386741, 0.392712, 0.395285
0.395285, 0.397854, 0.403795, 0.412846, 0.424638, 0.438699, 0.454469, 0.471335, 0.488652, 0.50578, 0.522101, 0.537052, 0.550136, 0.560933, 0.569114, 0.574434, 0.576723
0.576723, 0.579007, 0.584282, 0.592299, 0.602712, 0.615077, 0.628878, 0.643557, 0.658541, 0.673267, 0.687213, 0.699911, 0.710958, 0.72003, 0.726875, 0.731314, 0.73322
0.73322, 0.73512, 0.7395, 0.746138, 0.754721, 0.764855, 0.776091, 0.787949, 0.79995, 0.811639, 0.822606, 0.8325, 0.841035, 0.847989, 0.853202, 0.856567, 0.858008
0.858008, 0.859442, 0.862739, 0.86771, 0.874091, 0.881557, 0.889741, 0.898264, 0.906764, 0.91491, 0.922425, 0.929088, 0.93474, 0.939275, 0.942632, 0.944777, 0.94569
0.94569, 0.946596, 0.948667, 0.951756, 0.955661, 0.960135, 0.964912, 0.969734, 0.974364, 0.978615, 0.982352, 0.985496, 0.988021, 0.989942, 0.991296, 0.992129, 0.992475
0.992475, 0.992814, 0.993569, 0.994643, 0.995902, 0.99719, 0.998356, 0.999266, 0.999827, 0.999999, 0.999796, 0.999285, 0.998575, 0.997797, 0.997091, 0.996575, 0.99634
0.99634, 0.996097, 0.995504, 0.994516, 0.993074, 0.991122, 0.988624, 0.985584, 0.982052, 0.978137, 0.974004, 0.96986, 0.965944, 0.962502, 0.959765, 0.957924, 0.957117
0.957117, 0.956303, 0.954386, 0.951379, 0.947299, 0.942191, 0.936138, 0.929279, 0.921806, 0.913975, 0.906089, 0.898491, 0.891539, 0.885582, 0.880934, 0.877846, 0.876502
0.876502, 0.875152, 0.871996, 0.8671, 0.860558, 0.852514, 0.843169, 0.832786, 0.821697, 0.810286, 0.79899, 0.788267, 0.77858, 0.770365, 0.764005, 0.759805, 0.757983
0.757983, 0.756154, 0.751895, 0.745321, 0.736601, 0.725969, 0.713735, 0.700279, 0.686052, 0.671556, 0.657337, 0.643953, 0.631949, 0.621832, 0.614037, 0.608906, 0.606683

-0.959964, -0.960744, -0.962523, -0.965165, -0.968481, -0.972246, -0.976218, -0.980166, -0.983887, -0.987225, -0.990078, -0.992401, -0.994198, -0.995511, -0.9964, -0.996929, -0.997144
-0.997145, -0.997352, -0.997803, -0.99841, -0.999058, -0.999613, -0.999948, -0.999961, -0.999592, -0.998833, -0.997733, -0.996392, -0.994948, -0.993561, -0.992388, -0.991569, -0.991202
-0.991202, -0.990828, -0.989931, -0.988479, -0.98643, -0.983751, -0.980434, -0.976511, -0.972068, -0.967245, -0.962241, -0.957294, -0.952671, -0.948643, -0.945459, -0.943327, -0.942395
-0.942395, -0.941455, -0.939249, -0.9358, -0.931143, -0.925346, -0.91852, -0.910831, -0.902506, -0.893828, -0.885135, -0.876796, -0.869194, -0.8627, -0.857643, -0.85429, -0.852832
-0.852832, -0.851368, -0.847948, -0.842651, -0.835587, -0.826923, -0.816883, -0.805761, -0.793914, -0.781757, -0.769751, -0.75838, -0.748128, -0.739448, -0.732737, -0.728309, -0.726388
-0.726388, -0.724462, -0.719977, -0.71306, -0.703896, -0.692739, -0.67992, -0.665845, -0.650988, -0.635877, -0.621078, -0.607168, -0.594709, -0.584219, -0.576143, -0.570831, -0.568531
-0.568531, -0.566226, -0.560869, -0.552633, -0.541764, -0.528597, -0.513553, -0.497134, -0.47991, -0.462499, -0.445546, -0.429698, -0.415571, -0.403724, -0.394633, -0.388667, -0.386087
-0.386087, -0.383503, -0.377507, -0.368307, -0.356203, -0.341595, -0.324977, -0.306924, -0.288078, -0.269119, -0.250746, -0.233645, -0.218461, -0.20577, -0.196057, -0.189694, -0.186946
-0.186946, -0.184196, -0.177818, -0.168053, -0.155237, -0.13982, -0.122346, -0.103441, -0.0837871, -0.0641007, -0.045102, -0.0274877, -0.011903, 0.00108289, 0.0109976, 0.0174816, 0.0202798
0.0202798, 0.0230779, 0.0295602, 0.0394692, 0.0524416, 0.068001, 0.0855749, 0.104516, 0.124127, 0.14369, 0.162492, 0.179858, 0.195169, 0.207889, 0.217577, 0.223902, 0.226628
0.226628, 0.229353, 0.23566, 0.245284, 0.257853, 0.272881, 0.289795, 0.307953, 0.326673, 0.345266, 0.36306, 0.379426, 0.393801, 0.405705, 0.414747, 0.420639, 0.423176
0.423176, 0.42571, 0.431569, 0.440492, 0.452113, 0.465961, 0.481483, 0.498072, 0.515092, 0.531911, 0.547926, 0.562585, 0.575403, 0.585975, 0.593981, 0.599185, 0.601423
0.601423, 0.603657, 0.608814, 0.616649, 0.62682, 0.638889, 0.652349, 0.666651, 0.681235, 0.695553, 0.709097, 0.721414, 0.732121, 0.740905, 0.747527, 0.751819, 0.753661
0.753661, 0.755498, 0.75973, 0.76614, 0.774421, 0.784188, 0.795003, 0.806401, 0.817917, 0.829115, 0.839602, 0.849045, 0.857177, 0.863793, 0.868746, 0.871939, 0.873306
0.873306, 0.874666, 0.877791, 0.882497, 0.88853, 0.895574, 0.903277, 0.911277, 0.919228, 0.926821, 0.933797, 0.939959, 0.945164, 0.949326, 0.952395, 0.954352, 0.955184
0.955184, 0.956009, 0.957891, 0.960691, 0.964215, 0.96823, 0.972487, 0.976743, 0.980785, 0.984445, 0.98761, 0.990222, 0.992276, 0.993804, 0.994857, 0.995493, 0.995754
0.995754, 0.996008, 0.996566, 0.997338, 0.998201, 0.999014, 0.999641, 0.99997, 0.999928, 0.999497, 0.998712, 0.997663, 0.996477, 0.995304, 0.994295, 0.993582, 0.993262
0.993262, 0.992934, 0.992143, 0.990854, 0.989018, 0.986595, 0.983565, 0.979952, 0.975828, 0.971324, 0.966624, 0.961959, 0.957584, 0.953761, 0.950734, 0.948704, 0.947815
0.947815, 0.946919, 0.944815, 0.94152, 0.937065, 0.931509, 0.924953, 0.917554, 0.909527, 0.901145, 0.892734, 0.884654, 0.877279, 0.870972, 0.866057, 0.862797, 0.861379
0.861379, 0.859954, 0.856626, 0.851469, 0.844587, 0.836139, 0.826341, 0.815477, 0.803893, 0.791996, 0.780236, 0.769091, 0.759035, 0.750516, 0.743927, 0.739578, 0.737692
0.737692, 0.735799, 0.731392, 0.724595, 0.715584, 0.704609, 0.691993, 0.678133, 0.663493, 0.648595, 0.633996, 0.620268, 0.607966, 0.597604, 0.589625, 0.584375, 0.582102
0.582102, 0.579824, 0.574529, 0.566385, 0.555635, 0.542608, 0.527719, 0.511462, 0.4944, 0.477146, 0.460339, 0.44462, 0.430605, 0.418848, 0.409824, 0.403901, 0.401339
0.401339, 0.398774, 0.392819, 0.383682, 0.371657, 0.357142, 0.340623, 0.322673, 0.303927, 0.285062, 0.266773, 0.249745, 0.234622, 0.221978, 0.2123, 0.205959, 0.203219
0.203219, 0.200478, 0.194121, 0.184385, 0.171607, 0.15623, 0.138797, 0.11993, 0.100309, 0.0806496, 0.0616708, 0.0440695, 0.0284921, 0.0155091, 0.00559476, -0.000889809, -0.00368853
-0.00368853, -0.00648723, -0.0129715, -0.0228848, -0.0358653, -0.0514382, -0.0690321, -0.0880004, -0.107646, -0.12725, -0.146099, -0.163512, -0.17887, -0.191631, -0.201353, -0.2077, -0.210437
-0.210437, -0.213172, -0.219503, -0.229165, -0.241786, -0.256882, -0.273876, -0.292125, -0.310946, -0.329647, -0.34755, -0.364022, -0.378496, -0.390484, -0.399592, -0.405528, -0.408085
-0.408085, -0.410638, -0.416542, -0.425535, -0.437251, -0.451216, -0.466875, -0.483616, -0.500799, -0.517787, -0.533971, -0.54879, -0.561754, -0.57245, -0.580551, -0.585819, -0.588085
-0.588085, -0.590346, -0.595567, -0.603503, -0.613806, -0.626037, -0.639684, -0.654192, -0.668995, -0.683536, -0.6973, -0.709825, -0.720718, -0.729659, -0.736403, -0.740775, -0.742652
-0.742652, -0.744523, -0.748837, -0.755371, -0.763817, -0.773785, -0.784829, -0.796478, -0.808259, -0.819724, -0.830473, -0.840163, -0.848514, -0.855314, -0.860409, -0.863696, -0.865103
-0.865103, -0.866503, -0.869722, -0.874573, -0.880796, -0.888069, -0.896034, -0.904319, -0.912569, -0.920463, -0.927732, -0.934167, -0.939615, -0.94398, -0.947206, -0.949265, -0.950141
-0.950141, -0.95101, -0.952995, -0.955952, -0.959683, -0.963948, -0.968488, -0.973051, -0.977414, -0.981395, -0.98487, -0.987772, -0.990082, -0.991823, -0.993039, -0.993782, -0.99409
-0.99409, -0.99439, -0.995055, -0.995991, -0.997068, -0.99814, -0.999059, -0.999704, -0.999989, -0.999885, -0.999417, -0.998659, -0.997731, -0.996773, -0.995928, -0.995322, -0.995048
-0.995048, -0.994766, -0.994083, -0.992957, -0.991334, -0.989166, -0.986425, -0.983123, -0.97932, -0.975135, -0.970742, -0.966359, -0.962233, -0.958617, -0.955747, -0.953819, -0.952974
-0.952974, -0.952123, -0.95012, -0.946981, -0.942729, -0.937415, -0.931132, -0.924025, -0.916298, -0.908214, -0.900087, -0.892268, -0.885122, -0.879004, -0.874233, -0.871066, -0.869688
-0.869688, -0.868304, -0.865069, -0.860052, -0.853355, -0.845125, -0.835572, -0.824968, -0.813651, -0.802016, -0.790507, -0.779589, -0.769732, -0.761378, -0.754913, -0.750644, -0.748792
-0.748792, -0.746934, -0.742607, -0.73593, -0.727076, -0.716286, -0.703876, -0.690233, -0.675816, -0.661135, -0.64674, -0.633197, -0.621055, -0.610825, -0.602945, -0.597759, -0.595513
-0.595513, -0.593262, -0.58803, -0.579981, -0.569354, -0.556471, -0.54174, -0.525649, -0.508754, -0.491661, -0.475005, -0.459421, -0.44552, -0.433857, -0.424902, -0.419023, -0.416481
-0.416481, -0.413935, -0.408023, -0.398951, -0.38701, -0.37259, -0.356176, -0.338333, -0.319692, -0.300926, -0.282727, -0.265777, -0.250718, -0.238126, -0.228485, -0.222167, -0.219437
-0.219437, -0.216706, -0.210371, -0.200667, -0.187929, -0.172596, -0.155209, -0.136385, -0.116804, -0.0971764, -0.0782226, -0.0606392, -0.0450733, -0.0320969, -0.0221856, -0.0157022, -0.0129038
-0.0129038, -0.0101052, -0.00362077, 0.00629415, 0.0192792, 0.0348612, 0.0524703, 0.0714608, 0.0911359, 0.110776, 0.129665, 0.147121, 0.162521, 0.17532, 0.185073, 0.191441, 0.194188
0.194188, 0.196932, 0.203286, 0.212984, 0.225653, 0.240811, 0.25788, 0.276216, 0.295134, 0.313937, 0.331944, 0.348519, 0.363086, 0.375155, 0.384327, 0.390306, 0.392881
0.392881, 0.395453, 0.401401, 0.410462, 0.422269, 0.436347, 0.452138, 0.469027, 0.486369, 0.503522, 0.519869, 0.534844, 0.54795, 0.558766, 0.566962, 0.572291, 0.574584
0.574584, 0.576872, 0.582157, 0.59019, 0.600623, 0.613013, 0.626843, 0.641553, 0.65657, 0.671331, 0.685311, 0.69804, 0.709117, 0.718213, 0.725077, 0.729527, 0.731439
0.731439, 0.733344, 0.737737, 0.744394, 0.753003, 0.763168, 0.774439, 0.786336, 0.798377, 0.810108, 0.821116, 0.831049, 0.839617, 0.8466, 0.851835, 0.855214, 0.856661
0.856661, 0.858102, 0.861413, 0.866407, 0.872818, 0.880319, 0.888544, 0.897112, 0.905658, 0.913851, 0.921412, 0.928117, 0.933808, 0.938375, 0.941755, 0.943916, 0.944837
0.944837, 0.94575, 0.947837, 0.950951, 0.954887, 0.9594, 0.964222, 0.969092, 0.973773, 0.978074, 0.981859, 0.985049, 0.987614, 0.989569, 0.990948, 0.991798, 0.992152
0.992152, 0.992498, 0.99327, 0.994369, 0.995662, 0.996991, 0.998202, 0.999162, 0.999775, 0.999999, 0.999846, 0.999381, 0.998711, 0.997968, 0.997287, 0.996788, 0.99656
0.99656, 0.996324, 0.995748, 0.994786, 0.993377, 0.991466, 0.989014, 0.986023, 0.982542, 0.978678, 0.974593, 0.970494, 0.966617, 0.963208, 0.960496, 0.958671, 0.957871

-0.612531, -0.614741, -0.619842, -0.627592, -0.637649, -0.649579, -0.662879, -0.677004, -0.6914, -0.705527, -0.718882, -0.731023, -0.74157, -0.750219, -0.756738, -0.760961, -0.762774
-0.762774, -0.764581, -0.768744, -0.775047, -0.783188, -0.792785, -0.803404, -0.814587, -0.825879, -0.836848, -0.847112, -0.856347, -0.864292, -0.870751, -0.875583, -0.878697, -0.88003
-0.88003, -0.881356, -0.884401, -0.888985, -0.894857, -0.901705, -0.909185, -0.916943, -0.924641, -0.931978, -0.938707, -0.944637, -0.949637, -0.953626, -0.956563, -0.958433, -0.959228
-0.959228, -0.960015, -0.961811, -0.964477, -0.967826, -0.971631, -0.975648, -0.979645, -0.983416, -0.986805, -0.989707, -0.992075, -0.993913, -0.99526, -0.996175, -0.996721, -0.996944
-0.996944, -0.997158, -0.997626, -0.99826, -0.998941, -0.999537, -0.999918, -0.999981, -0.999663, -0.998956, -0.997906, -0.996611, -0.995207, -0.993854, -0.992707, -0.991904, -0.991545
-0.991545, -0.991178, -0.990298, -0.988871, -0.986856, -0.984217, -0.980945, -0.977071, -0.972678, -0.967906, -0.962949, -0.958046, -0.953462, -0.949467, -0.946308, -0.944192, -0.943266
-0.943266, -0.942333, -0.940143, -0.936718, -0.932093, -0.926334, -0.919551, -0.911908, -0.903629, -0.894998, -0.886349, -0.87805, -0.870484, -0.864019, -0.858985, -0.855647, -0.854195
-0.854195, -0.852737, -0.849331, -0.844056, -0.837021, -0.828391, -0.818389, -0.807307, -0.795501, -0.783385, -0.771418, -0.760082, -0.749861, -0.741206, -0.734514, -0.730099, -0.728183
-0.728183, -0.726262, -0.721789, -0.714892, -0.705751, -0.694623, -0.681836, -0.667794, -0.652971, -0.637894, -0.623126, -0.609244, -0.596809, -0.586339, -0.578279, -0.572976, -0.57068
-0.57068, -0.56838, -0.563033, -0.554811, -0.54396, -0.530815, -0.515795, -0.499402, -0.482203, -0.464816, -0.447886, -0.432058, -0.417948, -0.406115, -0.397035, -0.391075, -0.388498
-0.388498, -0.385917, -0.379927, -0.370737, -0.358645, -0.344052, -0.327449, -0.309412, -0.290581, -0.271637, -0.253277, -0.236187, -0.221012, -0.208329, -0.198621, -0.192262, -0.189514
-0.189514, -0.186766, -0.180391, -0.17063, -0.15782, -0.142409, -0.124942, -0.106042, -0.086393, -0.0667104, -0.0477145, -0.030102, -0.0145181, -0.00153246, 0.00838241, 0.0148666, 0.0176649
0.0176649, 0.0204631, 0.0269459, 0.0368558, 0.0498297, 0.0653915, 0.0829689, 0.101914, 0.121531, 0.141101, 0.159911, 0.177285, 0.192604, 0.20533, 0.215023, 0.221352, 0.22408
0.22408, 0.226807, 0.233118, 0.242748, 0.255325, 0.270364, 0.287291, 0.305463, 0.3242, 0.34281, 0.360621, 0.377005, 0.391396, 0.403313, 0.412366, 0.418264, 0.420805
0.420805, 0.423342, 0.429208, 0.438142, 0.449778, 0.463645, 0.479189, 0.495802, 0.512848, 0.529694, 0.545736, 0.560421, 0.573262, 0.583854, 0.591875, 0.597089, 0.599332
0.599332, 0.60157, 0.606737, 0.614588, 0.62478, 0.636875, 0.650365, 0.6647, 0.679318, 0.693671, 0.70725, 0.719601, 0.730337, 0.739146, 0.745787, 0.750092, 0.751939
0.751939, 0.753782, 0.758027, 0.764456, 0.772763, 0.782563, 0.793414, 0.804851, 0.81641, 0.82765, 0.838178, 0.847661, 0.855827, 0.862472, 0.867448, 0.870656, 0.872029
0.872029, 0.873395, 0.876535, 0.881264, 0.887327, 0.894408, 0.902152, 0.910197, 0.918195, 0.925835, 0.932858, 0.939063, 0.944307, 0.9485, 0.951594, 0.953568, 0.954407
0.954407, 0.955238, 0.957137, 0.959961, 0.963518, 0.967573, 0.971875, 0.976179, 0.980272, 0.983983, 0.987196, 0.989854, 0.991949, 0.99351, 0.994589, 0.995241, 0.99551
0.99551, 0.995771, 0.996346, 0.997144, 0.99804, 0.998895, 0.999568, 0.999946, 0.999956, 0.999576, 0.998842, 0.997838, 0.996693, 0.995553, 0.994571, 0.993875, 0.993562
0.993562, 0.993241, 0.992467, 0.991204, 0.989402, 0.987018, 0.984034, 0.980469, 0.976396, 0.971942, 0.967291, 0.96267, 0.958334, 0.954544, 0.951541, 0.949527, 0.948646
0.948646, 0.947757, 0.945668, 0.942398, 0.937975, 0.932457, 0.925944, 0.918591, 0.910611, 0.902276, 0.893909, 0.88587, 0.878531, 0.872254, 0.867362, 0.864116, 0.862705
0.862705, 0.861286, 0.857973, 0.852837, 0.845985, 0.837571, 0.827811, 0.816988, 0.805446, 0.79359, 0.781869, 0.77076, 0.760735, 0.752242, 0.745672, 0.741336, 0.739455
0.739455, 0.737568, 0.733173, 0.726395, 0.717409, 0.706463, 0.693879, 0.680053, 0.665448, 0.650584, 0.636017, 0.622317, 0.61004, 0.599699, 0.591736, 0.586496, 0.584227
0.584227, 0.581953, 0.576667, 0.568539, 0.557808, 0.544803, 0.529939, 0.513708, 0.496672, 0.479442, 0.462659, 0.446962, 0.432964, 0.421222, 0.412209, 0.406292, 0.403733
0.403733, 0.401171, 0.395223, 0.386096, 0.374084, 0.359583, 0.343081, 0.325147, 0.306417, 0.287567, 0.269293, 0.252277, 0.237163, 0.224528, 0.214855, 0.208517, 0.205779
0.205779, 0.20304, 0.196686, 0.186955, 0.174183, 0.158813, 0.141386, 0.122526, 0.102911, 0.0832562, 0.064281, 0.0466822, 0.0311063, 0.0181241, 0.00821005, 0.00172554, -0.00107319
-0.00107319, -0.00387191, -0.0103563, -0.0202701, -0.0332515, -0.0488261, -0.0664227, -0.0853949, -0.105046, -0.124656, -0.143511, -0.160931, -0.176296, -0.189063, -0.19879, -0.205141, -0.207879
-0.207879, -0.210616, -0.216951, -0.226619, -0.239248, -0.254353, -0.271359, -0.289622, -0.30846, -0.327176, -0.345096, -0.361585, -0.376074, -0.388075, -0.397193, -0.403136, -0.405696
-0.405696, -0.408252, -0.414163, -0.423167, -0.434897, -0.448881, -0.464561, -0.481325, -0.498534, -0.515548, -0.531758, -0.546602, -0.559588, -0.570303, -0.57842, -0.583697, -0.585967
-0.585967, -0.588233, -0.593465, -0.601415, -0.611739, -0.623996, -0.637672, -0.652212, -0.667048, -0.681625, -0.695423, -0.70798, -0.718902, -0.727868, -0.734631, -0.739015, -0.740898
-0.740898, -0.742775, -0.747101, -0.753655, -0.762126, -0.772125, -0.783206, -0.794894, -0.806716, -0.818223, -0.829014, -0.838741, -0.847127, -0.853956, -0.859073, -0.862374, -0.863788
-0.863788, -0.865195, -0.868428, -0.873301, -0.879554, -0.886864, -0.894869, -0.903199, -0.911496, -0.919437, -0.926753, -0.93323, -0.938717, -0.943114, -0.946364, -0.948439, -0.949322
-0.949322, -0.950198, -0.952199, -0.955181, -0.958945, -0.963249, -0.967833, -0.972445, -0.976858, -0.980889, -0.984414, -0.98736, -0.989711, -0.991485, -0.992728, -0.993488, -0.993803
-0.993803, -0.99411, -0.994792, -0.995753, -0.996865, -0.997977, -0.998943, -0.999636, -0.999974, -0.999922, -0.999502, -0.998791, -0.997904, -0.996979, -0.99616, -0.995572, -0.995305
-0.995305, -0.99503, -0.994363, -0.993263, -0.991675, -0.989547, -0.986851, -0.983598, -0.979845, -0.975711, -0.971367, -0.967029, -0.962941, -0.959358, -0.956513, -0.954601, -0.953764
-0.953764, -0.952919, -0.950933, -0.947818, -0.943598, -0.938323, -0.932083, -0.925022, -0.917342, -0.909305, -0.901224, -0.893446, -0.886336, -0.880248, -0.8755, -0.872348, -0.870976
-0.870976, -0.869598, -0.866378, -0.861384, -0.854715, -0.84652, -0.837005, -0.826443, -0.815168, -0.803576, -0.792106, -0.781225, -0.771399, -0.763071, -0.756625, -0.752369, -0.750523
-0.750523, -0.74867, -0.744356, -0.737698, -0.728869, -0.718108, -0.705731, -0.692124, -0.677741, -0.663094, -0.648733, -0.635219, -0.623103, -0.612894, -0.605029, -0.599854, -0.597612
-0.597612, -0.595366, -0.590143, -0.58211, -0.571502, -0.558642, -0.543936, -0.527872, -0.511004, -0.493937, -0.477304, -0.461742, -0.44786, -0.436212, -0.427269, -0.421397, -0.418857
-0.418857, -0.416314, -0.410409, -0.401348, -0.38942, -0.375016, -0.358619, -0.340793, -0.322169, -0.303419, -0.285235, -0.268297, -0.253249, -0.240665, -0.23103, -0.224716, -0.221988
-0.221988, -0.219258, -0.212927, -0.203229, -0.190497, -0.175172, -0.157792, -0.138976, -0.119401, -0.099779, -0.0808297, -0.0632496, -0.0476859, -0.0347108, -0.0248003, -0.0183172, -0.0155188
-0.0155188, -0.0127204, -0.00623609, 0.00367884, 0.0166642, 0.0322473, 0.0498584, 0.0688519, 0.0885311, 0.108176, 0.127071, 0.144534, 0.15994, 0.172745, 0.182502, 0.188874, 0.191621
0.191621, 0.194367, 0.200724, 0.210427, 0.223105, 0.238272, 0.255353, 0.273702, 0.292634, 0.311453, 0.329476, 0.346066, 0.360648, 0.37273, 0.381912, 0.387897, 0.390475
0.390475, 0.39305, 0.399004, 0.408076, 0.419897, 0.433992, 0.449804, 0.466715, 0.484082, 0.50126, 0.517633, 0.532633, 0.54576, 0.556596, 0.564805, 0.570145, 0.572442
0.572442, 0.574734, 0.580029, 0.588077, 0.59853, 0.610944, 0.624803, 0.639545, 0.654595, 0.66939, 0.683404, 0.696165, 0.70727, 0.716391, 0.723273, 0.727736, 0.729653
0.729653, 0.731564, 0.735969, 0.742646, 0.751279, 0.761475, 0.772782, 0.784717, 0.7968, 0.808572, 0.819621, 0.829591, 0.838194, 0.845205, 0.850462, 0.853856, 0.855309
0.855309, 0.856756, 0.860082, 0.865098, 0.871539, 0.879076, 0.887341, 0.895953, 0.904546, 0.912786, 0.920392, 0.927141, 0.932869, 0.937468, 0.940873, 0.94305, 0.943977

-0.0316379, -0.0344351, -0.0409151, -0.0508196, -0.0637843, -0.0793321, -0.0968894, -0.115809, -0.135393, -0.154924, -0.173693, -0.191023, -0.2063, -0.218989, -0.228652, -0.23496, -0.23768
-0.23768, -0.240397, -0.246687, -0.256283, -0.268813, -0.283794, -0.300651, -0.318742, -0.33739, -0.355907, -0.373623, -0.389913, -0.404219, -0.416063, -0.425058, -0.430919, -0.433443
-0.433443, -0.435963, -0.44179, -0.450663, -0.462218, -0.475984, -0.49141, -0.507892, -0.524797, -0.541497, -0.557395, -0.571942, -0.584658, -0.595144, -0.603082, -0.608242, -0.610462
-0.610462, -0.612676, -0.617788, -0.625554, -0.635633, -0.647589, -0.660918, -0.675077, -0.689508, -0.703671, -0.717062, -0.729236, -0.739813, -0.748487, -0.755026, -0.759262, -0.76108
-0.76108, -0.762892, -0.767069, -0.773392, -0.781559, -0.791188, -0.801844, -0.813068, -0.824401, -0.835413, -0.845719, -0.854993, -0.862973, -0.869462, -0.874317, -0.877446, -0.878785
-0.878785, -0.880117, -0.883177, -0.887784, -0.893686, -0.900571, -0.908093, -0.915897, -0.923642, -0.931027, -0.937802, -0.943776, -0.948814, -0.952835, -0.955797, -0.957684, -0.958486
-0.958486, -0.95928, -0.961091, -0.963783, -0.967165, -0.971009, -0.975071, -0.979116, -0.982939, -0.986378, -0.989329, -0.991743, -0.993622, -0.995002, -0.995943, -0.996506, -0.996736
-0.996736, -0.996958, -0.997442, -0.998102, -0.998818, -0.999454, -0.999881, -0.999993, -0.999727, -0.999072, -0.998071, -0.996822, -0.99546, -0.99414, -0.993019, -0.992233, -0.991881
-0.991881, -0.991521, -0.990658, -0.989257, -0.987275, -0.984677, -0.98145, -0.977625, -0.973282, -0.96856, -0.963651, -0.958793, -0.954248, -0.950284, -0.94715, -0.94505, -0.944132
-0.944132, -0.943205, -0.941031, -0.937631, -0.933037, -0.927316, -0.920575, -0.912978, -0.904746, -0.896162, -0.887557, -0.879299, -0.871769, -0.865333, -0.860321, -0.856998, -0.855552
-0.855552, -0.8541, -0.850709, -0.845456, -0.838449, -0.829853, -0.819889, -0.808848, -0.797083, -0.785008, -0.773079, -0.761779, -0.751589, -0.74296, -0.736287, -0.731883, -0.729973
-0.729973, -0.728058, -0.723597, -0.716718, -0.707602, -0.696502, -0.683746, -0.669739, -0.65495, -0.639906, -0.625169, -0.611316, -0.598906, -0.588456, -0.580411, -0.575118, -0.572826
-0.572826, -0.57053, -0.565192, -0.556985, -0.546153, -0.53303, -0.518034, -0.501666, -0.484492, -0.46713, -0.450223, -0.434415, -0.420322, -0.408504, -0.399434, -0.393481, -0.390906
-0.390906, -0.388329, -0.382345, -0.373165, -0.361086, -0.346506, -0.329919, -0.311898, -0.293083, -0.274153, -0.255806, -0.238727, -0.223562, -0.210886, -0.201184, -0.194827, -0.192082
-0.192082, -0.189334, -0.182963, -0.173207, -0.160402, -0.144998, -0.127536, -0.108642, -0.0889983, -0.0693197, -0.0503267, -0.032716, -0.0171331, -0.0041478, 0.00576713, 0.0122515, 0.0150499
0.0150499, 0.0178483, 0.0243314, 0.0342421, 0.0472174, 0.0627815, 0.0803622, 0.0993124, 0.118935, 0.138511, 0.157329, 0.17471, 0.190037, 0.20277, 0.212469, 0.218801, 0.221531
0.221531, 0.224259, 0.230574, 0.24021, 0.252795, 0.267846, 0.284785, 0.302972, 0.321725, 0.340352, 0.358181, 0.374581, 0.388988, 0.400918, 0.409982, 0.415887, 0.418431
0.418431, 0.420971, 0.426844, 0.43579, 0.447441, 0.461326, 0.476892, 0.493529, 0.510601, 0.527474, 0.543543, 0.558253, 0.571117, 0.581729, 0.589764, 0.594989, 0.597236
0.597236, 0.599478, 0.604656, 0.612523, 0.622736, 0.634857, 0.648376, 0.662743, 0.677396, 0.691785, 0.705399, 0.717782, 0.728548, 0.737381, 0.744042, 0.748359, 0.750213
0.750213, 0.75206, 0.756318, 0.762768, 0.771101, 0.780932, 0.791819, 0.803296, 0.814896, 0.826179, 0.836749, 0.84627, 0.854472, 0.861146, 0.866144, 0.869366, 0.870746
0.870746, 0.872119, 0.875273, 0.880025, 0.886118, 0.893235, 0.90102, 0.90911, 0.917156, 0.924844, 0.931913, 0.938161, 0.943443, 0.947669, 0.950787, 0.952777, 0.953623
0.953623, 0.954461, 0.956376, 0.959225, 0.962815, 0.966909, 0.971255, 0.975609, 0.979752, 0.983513, 0.986776, 0.989479, 0.991614, 0.993209, 0.994313, 0.994983, 0.995259
0.995259, 0.995527, 0.996119, 0.996943, 0.997873, 0.998768, 0.999488, 0.999916, 0.999977, 0.999649, 0.998964, 0.998007, 0.996902, 0.995796, 0.994839, 0.99416, 0.993855
0.993855, 0.993541, 0.992784, 0.991546, 0.989778, 0.987435, 0.984496, 0.98098, 0.976958, 0.972554, 0.967951, 0.963375, 0.959078, 0.95532, 0.952342, 0.950344, 0.94947
0.94947, 0.948588, 0.946515, 0.94327, 0.938878, 0.933398, 0.926929, 0.919622, 0.911689, 0.9034, 0.895079, 0.88708, 0.879777, 0.87353, 0.868661, 0.86543, 0.864024
0.864024, 0.862612, 0.859313, 0.8542, 0.847376, 0.838997, 0.829276, 0.818493, 0.806993, 0.795178, 0.783497, 0.772423, 0.76243, 0.753963, 0.747413, 0.743089, 0.741213
0.741213, 0.739331, 0.734949, 0.72819, 0.719228, 0.708311, 0.69576, 0.681968, 0.667398, 0.652568, 0.638033, 0.624362, 0.61211, 0.60179, 0.593842, 0.588612, 0.586347
0.586347, 0.584078, 0.578802, 0.570688, 0.559977, 0.546995, 0.532155, 0.51595, 0.49894, 0.481736, 0.464976, 0.4493, 0.43532, 0.423592, 0.41459, 0.40868, 0.406124
0.406124, 0.403565, 0.397624, 0.388507, 0.376508, 0.362022, 0.345536, 0.32762, 0.308906, 0.290071, 0.271811, 0.254807, 0.239703, 0.227076, 0.217409, 0.211075, 0.208338
0.208338, 0.2056, 0.19925, 0.189524, 0.176757, 0.161394, 0.143975, 0.125121, 0.105512, 0.0858621, 0.0668907, 0.0492945, 0.0337202, 0.020739, 0.0108253, 0.00434088, 0.00154216
0.00154216, -0.00125657, -0.0077411, -0.0176552, -0.0306375, -0.0462137, -0.0638129, -0.0827888, -0.102444, -0.12206, -0.140922, -0.158349, -0.173721, -0.186495, -0.196226, -0.202581, -0.205321
-0.205321, -0.208059, -0.214397, -0.224071, -0.236708, -0.251823, -0.268841, -0.287118, -0.305971, -0.324704, -0.34264, -0.359146, -0.373649, -0.385663, -0.394792, -0.400741, -0.403304
-0.403304, -0.405863, -0.411781, -0.420796, -0.432541, -0.446542, -0.462243, -0.479031, -0.496265, -0.513305, -0.529541, -0.54441, -0.557419, -0.568153, -0.576284, -0.581571, -0.583846
-0.583846, -0.586116, -0.591357, -0.599324, -0.609669, -0.62195, -0.635655, -0.650227, -0.665098, -0.679709, -0.693541, -0.706131, -0.717082, -0.726073, -0.732854, -0.737251, -0.739139
-0.739139, -0.741021, -0.74536, -0.751933, -0.76043, -0.770461, -0.781577, -0.793304, -0.805167, -0.816717, -0.827548, -0.837314, -0.845734, -0.852592, -0.857732, -0.861047, -0.862467
-0.862467, -0.86388, -0.867128, -0.872024, -0.878307, -0.885652, -0.893699, -0.902074, -0.910417, -0.918406, -0.925767, -0.932287, -0.937812, -0.942241, -0.945516, -0.947607, -0.948497
-0.948497, -0.94938, -0.951397, -0.954404, -0.9582, -0.962543, -0.967172, -0.971832, -0.976295, -0.980377, -0.98395, -0.986943, -0.989333, -0.991142, -0.99241, -0.993186, -0.993508
-0.993508, -0.993823, -0.994522, -0.995509, -0.996655, -0.997807, -0.998819, -0.999563, -0.999952, -0.999951, -0.999582, -0.998916, -0.99807, -0.997179, -0.996386, -0.995814, -0.995554
-0.995554, -0.995287, -0.994637, -0.993563, -0.992008, -0.989921, -0.987271, -0.984066, -0.980364, -0.976281, -0.971985, -0.967691, -0.963644, -0.960093, -0.957272, -0.955377, -0.954547
-0.954547, -0.953709, -0.951738, -0.948649, -0.944461, -0.939224, -0.933027, -0.926012, -0.918381, -0.910391, -0.902354, -0.894617, -0.887544, -0.881486, -0.876761, -0.873624, -0.872258
-0.872258, -0.870886, -0.867681, -0.862709, -0.85607, -0.847909, -0.838434, -0.827913, -0.81668, -0.80513, -0.793699, -0.782855, -0.773061, -0.764759, -0.758333, -0.75409, -0.752249
-0.752249, -0.750402, -0.7461, -0.739461, -0.730657, -0.719926, -0.707581, -0.694009, -0.679662, -0.66505, -0.650721, -0.637237, -0.625147, -0.614958, -0.60711, -0.601944, -0.599707
-0.599707, -0.597465, -0.592252, -0.584234, -0.573646, -0.560809, -0.546129, -0.530092, -0.513251, -0.496209, -0.479601, -0.464061, -0.450197, -0.438564, -0.429632, -0.423767, -0.42123
-0.42123, -0.41869, -0.412793, -0.403742, -0.391827, -0.377439, -0.361059, -0.343251, -0.324644, -0.30591, -0.28774, -0.270816, -0.255778, -0.243203, -0.233574, -0.227264, -0.224537
-0.224537, -0.221809, -0.215481, -0.205789, -0.193064, -0.177746, -0.160374, -0.141565, -0.121997, -0.102381, -0.0834362, -0.0658595, -0.0502981, -0.0373244, -0.0274147, -0.020932, -0.0181338
-0.0181338, -0.0153355, -0.00885136, 0.00106349, 0.0140492, 0.0296332, 0.0472461, 0.0662425, 0.0859258, 0.105576, 0.124476, 0.141945, 0.157357, 0.170168, 0.17993, 0.186305, 0.189054
0.189054, 0.191801, 0.198161, 0.20787, 0.220555, 0.235731, 0.252823, 0.271185, 0.290132, 0.308966, 0.327006, 0.343611, 0.358208, 0.370301, 0.379493, 0.385485, 0.388066
0.388066, 0.390644, 0.396605, 0.405687, 0.417522, 0.431635, 0.447466, 0.464401, 0.481792, 0.498996, 0.515393, 0.530417, 0.543567, 0.554421, 0.562645, 0.567994, 0.570295

0.561314, 0.558995, 0.553607, 0.545323, 0.534392, 0.521152, 0.506028, 0.489526, 0.472218, 0.454726, 0.437699, 0.421783, 0.407599, 0.395707, 0.386582, 0.380593, 0.378004
0.378004, 0.375411, 0.369393, 0.360161, 0.348016, 0.333361, 0.316692, 0.298588, 0.279691, 0.260685, 0.242269, 0.225131, 0.209917, 0.197203, 0.187473, 0.181099, 0.178346
0.178346, 0.175592, 0.169204, 0.159424, 0.146591, 0.131154, 0.113661, 0.0947374, 0.0750682, 0.0553697, 0.0363627, 0.0187435, 0.00315668, -0.00982933, -0.0197432, -0.0262261, -0.0290237
-0.0290237, -0.0318212, -0.0383018, -0.0482074, -0.0611741, -0.0767247, -0.094286, -0.11321, -0.132801, -0.15234, -0.171116, -0.188455, -0.20374, -0.216436, -0.226106, -0.232417, -0.235139
-0.235139, -0.237858, -0.244151, -0.253754, -0.266293, -0.281286, -0.298155, -0.316262, -0.334927, -0.353461, -0.371195, -0.387504, -0.401826, -0.413683, -0.42269, -0.428558, -0.431085
-0.431085, -0.433608, -0.439442, -0.448327, -0.459897, -0.473682, -0.489131, -0.505637, -0.522569, -0.539297, -0.555222, -0.569794, -0.582534, -0.59304, -0.600994, -0.606164, -0.608388
-0.608388, -0.610607, -0.615729, -0.623511, -0.633611, -0.645593, -0.658953, -0.673145, -0.687612, -0.70181, -0.715237, -0.727443, -0.738051, -0.74675, -0.753308, -0.757557, -0.759381
-0.759381, -0.761199, -0.765388, -0.771732, -0.779925, -0.789586, -0.800279, -0.811542, -0.822918, -0.833973, -0.844321, -0.853634, -0.861649, -0.868167, -0.873044, -0.876188, -0.877534
-0.877534, -0.878872, -0.881947, -0.886577, -0.89251, -0.899431, -0.906995, -0.914844, -0.922636, -0.930069, -0.936891, -0.942908, -0.947985, -0.952038, -0.955025, -0.956928, -0.957737
-0.957737, -0.958538, -0.960366, -0.963082, -0.966497, -0.97038, -0.974488, -0.978581, -0.982454, -0.985944, -0.988945, -0.991405, -0.993323, -0.994738, -0.995705, -0.996284, -0.996521
-0.996521, -0.996751, -0.997252, -0.997938, -0.998687, -0.999364, -0.999837, -1, -0.999785, -0.999181, -0.99823, -0.997027, -0.995705, -0.994419, -0.993324, -0.992555, -0.99221
-0.99221, -0.991858, -0.991011, -0.989636, -0.987688, -0.985129, -0.981948, -0.978172, -0.973879, -0.969207, -0.964347, -0.959532, -0.955027, -0.951095, -0.947986, -0.945902, -0.94499
-0.94499, -0.944071, -0.941913, -0.938537, -0.933975, -0.928292, -0.921594, -0.914042, -0.905857, -0.897319, -0.888759, -0.880542, -0.873047, -0.866641, -0.861651, -0.858342, -0.856903
-0.856903, -0.855457, -0.852081, -0.84685, -0.839872, -0.831309, -0.821384, -0.810383, -0.79866, -0.786625, -0.774736, -0.763471, -0.753311, -0.744708, -0.738054, -0.733663, -0.731758
-0.731758, -0.729848, -0.7254, -0.718539, -0.709447, -0.698376, -0.685652, -0.671679, -0.656924, -0.641913, -0.627208, -0.613383, -0.600998, -0.590569, -0.582538, -0.577255, -0.574968
-0.574968, -0.572676, -0.567348, -0.559155, -0.548342, -0.535241, -0.520269, -0.503927, -0.486779, -0.469441, -0.452556, -0.436769, -0.422694, -0.41089, -0.40183, -0.395884, -0.393312
-0.393312, -0.390738, -0.38476, -0.37559, -0.363523, -0.348958, -0.332387, -0.314382, -0.295582, -0.276667, -0.258333, -0.241266, -0.22611, -0.213442, -0.203745, -0.197392, -0.194648
-0.194648, -0.191902, -0.185534, -0.175782, -0.162983, -0.147585, -0.13013, -0.111242, -0.0916029, -0.0719285, -0.0529386, -0.0353299, -0.0197481, -0.00676311, 0.00315181, 0.00963626, 0.0124348
0.0124348, 0.0152333, 0.0217168, 0.0316282, 0.0446048, 0.0601711, 0.0777551, 0.0967096, 0.116338, 0.135921, 0.154746, 0.172135, 0.187468, 0.200208, 0.209912, 0.216248, 0.21898
0.21898, 0.221709, 0.228028, 0.23767, 0.250264, 0.265325, 0.282277, 0.300479, 0.319247, 0.337892, 0.355738, 0.372155, 0.386577, 0.398521, 0.407595, 0.413508, 0.416054
0.416054, 0.418598, 0.424478, 0.433434, 0.4451, 0.459004, 0.474592, 0.491253, 0.508351, 0.52525, 0.541346, 0.556081, 0.568968, 0.579599, 0.58765, 0.592885, 0.595136
0.595136, 0.597383, 0.602571, 0.610454, 0.620688, 0.632834, 0.646382, 0.660783, 0.67547, 0.689894, 0.703542, 0.715959, 0.726754, 0.735612, 0.742292, 0.746622, 0.748481
0.748481, 0.750334, 0.754605, 0.761074, 0.769433, 0.779296, 0.790219, 0.801736, 0.813378, 0.824702, 0.835314, 0.844874, 0.85311, 0.859813, 0.864833, 0.868071, 0.869457
0.869457, 0.870836, 0.874005, 0.87878, 0.884903, 0.892056, 0.899883, 0.908018, 0.91611, 0.923846, 0.930961, 0.937252, 0.942573, 0.94683, 0.949974, 0.951979, 0.952832
0.952832, 0.953678, 0.955609, 0.958483, 0.962105, 0.966238, 0.970629, 0.975031, 0.979225, 0.983037, 0.986348, 0.989097, 0.991273, 0.992901, 0.994031, 0.994718, 0.995001
0.995001, 0.995277, 0.995886, 0.996735, 0.9977, 0.998635, 0.9994, 0.999878, 0.999991, 0.999715, 0.99908, 0.998168, 0.997104, 0.996033, 0.995101, 0.994439, 0.994141
0.994141, 0.993834, 0.993094, 0.991882, 0.990148, 0.987845, 0.984951, 0.981485, 0.977513, 0.97316, 0.968605, 0.964073, 0.959815, 0.95609, 0.953137, 0.951155, 0.950287
0.950287, 0.949412, 0.947356, 0.944135, 0.939776, 0.934334, 0.927907, 0.920646, 0.91276, 0.904519, 0.896242, 0.888285, 0.881017, 0.8748, 0.869953, 0.866737, 0.865338
0.865338, 0.863932, 0.860648, 0.855557, 0.848762, 0.840417, 0.830734, 0.819993, 0.808535, 0.796761, 0.78512, 0.774082, 0.76412, 0.755678, 0.749148, 0.744836, 0.742966
0.742966, 0.74109, 0.73672, 0.72998, 0.721043, 0.710155, 0.697636, 0.683878, 0.669343, 0.654547, 0.640044, 0.626403, 0.614176, 0.603877, 0.595944, 0.590724, 0.588464
0.588464, 0.586199, 0.580933, 0.572834, 0.562142, 0.549182, 0.534367, 0.518189, 0.501205, 0.484026, 0.46729, 0.451635, 0.437673, 0.42596, 0.416969, 0.411066, 0.408513
0.408513, 0.405957, 0.400022, 0.390915, 0.37893, 0.364459, 0.347989, 0.330089, 0.311392, 0.292573, 0.274327, 0.257335, 0.242241, 0.229622, 0.219961, 0.21363, 0.210895
0.210895, 0.208159, 0.201812, 0.192091, 0.179331, 0.163975, 0.146562, 0.127715, 0.108112, 0.0884675, 0.0694999, 0.0519065, 0.036334, 0.0233537, 0.0134404, 0.00695618, 0.0041575
0.0041575, 0.00135878, -0.0051258, -0.0150402, -0.0280233, -0.043601, -0.0612027, -0.0801822, -0.0998425, -0.119464, -0.138332, -0.155767, -0.171145, -0.183924, -0.193661, -0.200019, -0.20276
-0.20276, -0.2055, -0.211842, -0.221521, -0.234166, -0.249291, -0.266321, -0.284612, -0.30348, -0.322229, -0.340182, -0.356703, -0.371222, -0.383249, -0.392387, -0.398344, -0.400909
-0.400909, -0.403472, -0.409397, -0.418422, -0.430181, -0.4442, -0.459922, -0.476733, -0.493993, -0.511059, -0.527321, -0.542214, -0.555245, -0.565999, -0.574145, -0.579442, -0.581721
-0.581721, -0.583995, -0.589246, -0.597228, -0.607593, -0.6199, -0.633634, -0.648238, -0.663142, -0.677788, -0.691654, -0.704276, -0.715257, -0.724272, -0.731072, -0.735482, -0.737375
-0.737375, -0.739263, -0.743614, -0.750206, -0.758729, -0.768791, -0.779943, -0.791709, -0.803614, -0.815205, -0.826077, -0.835882, -0.844336, -0.851223, -0.856384, -0.859714, -0.861141
-0.861141, -0.86256, -0.865823, -0.870741, -0.877053, -0.884435, -0.892522, -0.900942, -0.909332, -0.917368, -0.924775, -0.931338, -0.936901, -0.941362, -0.944661, -0.946768, -0.947665
-0.947665, -0.948555, -0.950588, -0.95362, -0.957448, -0.961831, -0.966504, -0.971212, -0.975725, -0.979858, -0.98348, -0.986518, -0.988949, -0.990791, -0.992085, -0.992878, -0.993208
-0.993208, -0.993529, -0.994245, -0.995258, -0.996437, -0.997631, -0.998688, -0.999482, -0.999922, -0.999973, -0.999654, -0.999035, -0.998229, -0.997372, -0.996605, -0.99605, -0.995797
-0.995797, -0.995537, -0.994904, -0.993856, -0.992335, -0.990288, -0.987683, -0.984528, -0.980877, -0.976844, -0.972596, -0.968347, -0.964339, -0.960821, -0.958025, -0.956146, -0.955323
-0.955323, -0.954492, -0.952538, -0.949473, -0.945317, -0.940119, -0.933965, -0.926997, -0.919412, -0.91147, -0.903478, -0.895783, -0.888746, -0.882718, -0.878016, -0.874893, -0.873534
-0.873534, -0.872169, -0.868978, -0.864029, -0.857419, -0.849293, -0.839856, -0.829377, -0.818187, -0.806678, -0.795288, -0.784479, -0.774717, -0.766441, -0.760035, -0.755805, -0.753969
-0.753969, -0.752128, -0.747838, -0.741219, -0.73244, -0.721739, -0.709427, -0.695889, -0.681578, -0.667001, -0.652704, -0.63925, -0.627186, -0.617019, -0.609186, -0.604031, -0.601798
-0.601798, -0.59956, -0.594358, -0.586355, -0.575786, -0.562972, -0.548318, -0.532308, -0.515494, -0.498478, -0.481894, -0.466376, -0.452531, -0.440913, -0.431992, -0.426134, -0.423601
-0.423601, -0.421064, -0.415173, -0.406133, -0.394232, -0.37986, -0.363496, -0.345706, -0.327116, -0.308399, -0.290244, -0.273333, -0.258306, -0.245739, -0.236116, -0.22981, -0.227085
-0.227085, -0.224359, -0.218035, -0.208348, -0.195629, -0.180319, -0.162955, -0.144154, -0.124592, -0.104982, -0.0860421, -0.0684689, -0.0529099, -0.0399378, -0.030029, -0.0235467, -0.0207487

0.940326, 0.93937, 0.937127, 0.933621, 0.92889, 0.923004, 0.916078, 0.908283, 0.899848, 0.891062, 0.882265, 0.873831, 0.866146, 0.859583, 0.854474, 0.851087, 0.849615
0.849615, 0.848135, 0.844682, 0.839333, 0.832203, 0.82346, 0.813332, 0.802115, 0.790171, 0.777919, 0.765822, 0.75437, 0.744046, 0.735307, 0.728551, 0.724094, 0.722161
0.722161, 0.720222, 0.715708, 0.708748, 0.699528, 0.688304, 0.675411, 0.661258, 0.646322, 0.631133, 0.616261, 0.602285, 0.589768, 0.579232, 0.571121, 0.565786, 0.563476
0.563476, 0.561162, 0.555783, 0.547513, 0.5366, 0.523382, 0.508282, 0.491805, 0.474522, 0.457054, 0.440049, 0.424153, 0.409986, 0.398107, 0.388992, 0.38301, 0.380424
0.380424, 0.377834, 0.371822, 0.3626, 0.350467, 0.335826, 0.319172, 0.301083, 0.282201, 0.263209, 0.244806, 0.227679, 0.212473, 0.199766, 0.190041, 0.183671, 0.180919
0.180919, 0.178166, 0.171781, 0.162005, 0.149177, 0.133747, 0.116259, 0.0973407, 0.0776759, 0.0579809, 0.0389762, 0.0213583, 0.005772, -0.00721408, -0.0171283, -0.0236115, -0.0264094
-0.0264094, -0.029207, -0.0356882, -0.0455949, -0.0585634, -0.0741168, -0.091682, -0.110611, -0.130208, -0.149754, -0.168539, -0.185886, -0.201179, -0.213882, -0.223557, -0.229873, -0.232596
-0.232596, -0.235317, -0.241614, -0.251224, -0.263772, -0.278775, -0.295658, -0.31378, -0.332462, -0.351014, -0.368766, -0.385091, -0.39943, -0.411301, -0.420318, -0.426193, -0.428723
-0.428723, -0.43125, -0.437092, -0.445988, -0.457573, -0.471377, -0.486848, -0.503379, -0.520337, -0.537093, -0.553044, -0.567643, -0.580407, -0.590932, -0.598902, -0.604082, -0.60631
-0.60631, -0.608533, -0.613666, -0.621465, -0.631586, -0.643594, -0.656984, -0.671209, -0.68571, -0.699945, -0.713406, -0.725646, -0.736283, -0.745008, -0.751586, -0.755847, -0.757677
-0.757677, -0.7595, -0.763703, -0.770066, -0.778285, -0.787978, -0.798708, -0.810011, -0.821429, -0.832527, -0.842916, -0.852269, -0.860319, -0.866866, -0.871766, -0.874925, -0.876277
-0.876277, -0.877622, -0.880712, -0.885364, -0.891327, -0.898285, -0.90589, -0.913784, -0.921624, -0.929105, -0.935973, -0.942033, -0.947149, -0.951235, -0.954246, -0.956165, -0.956981
-0.956981, -0.957789, -0.959633, -0.962375, -0.965822, -0.969745, -0.973897, -0.97804, -0.981963, -0.985504, -0.988553, -0.991059, -0.993018, -0.994466, -0.995459, -0.996055, -0.9963
-0.9963, -0.996537, -0.997055, -0.997766, -0.99855, -0.999267, -0.999787, -0.999999, -0.999836, -0.999284, -0.998383, -0.997225, -0.995944, -0.994691, -0.993622, -0.99287, -0.992533
-0.992533, -0.992188, -0.991358, -0.990008, -0.988094, -0.985575, -0.98244, -0.978712, -0.97447, -0.969848, -0.965035, -0.960266, -0.955799, -0.9519, -0.948815, -0.946747, -0.945843
-0.945843, -0.94493, -0.942788, -0.939436, -0.934907, -0.929261, -0.922606, -0.915099, -0.906962, -0.89847, -0.889954, -0.881778, -0.874319, -0.867943, -0.862976, -0.859681, -0.858248
-0.858248, -0.856809, -0.853447, -0.848238, -0.841289, -0.83276, -0.822873, -0.811913, -0.800231, -0.788237, -0.776387, -0.765157, -0.755029, -0.74645, -0.739816, -0.735438, -0.733538
-0.733538, -0.731633, -0.727197, -0.720356, -0.711288, -0.700245, -0.687554, -0.673614, -0.658894, -0.643916, -0.629243, -0.615447, -0.603086, -0.592677, -0.584662, -0.579389, -0.577106
-0.577106, -0.574818, -0.5695, -0.561322, -0.550527, -0.537448, -0.522501, -0.506184, -0.489062, -0.471748, -0.454887, -0.43912, -0.425063, -0.413273, -0.404224, -0.398284, -0.395716
-0.395716, -0.393144, -0.387173, -0.378013, -0.365958, -0.351408, -0.334852, -0.316864, -0.29808, -0.279179, -0.260859, -0.243804, -0.228657, -0.215996, -0.206305, -0.199955, -0.197212
-0.197212, -0.194468, -0.188103, -0.178356, -0.165563, -0.150171, -0.132722, -0.11384, -0.094207, -0.0745368, -0.0555501, -0.0379434, -0.0223628, -0.00937837, 0.000536462, 0.00702101, 0.00981964
0.00981964, 0.0126182, 0.019102, 0.029014, 0.0419919, 0.0575603, 0.0751474, 0.0941062, 0.11374, 0.133329, 0.152161, 0.169558, 0.184899, 0.197645, 0.207354, 0.213694, 0.216427
0.216427, 0.219158, 0.225481, 0.235129, 0.247731, 0.262802, 0.279767, 0.297983, 0.316768, 0.335429, 0.353292, 0.369726, 0.384164, 0.396121, 0.405205, 0.411125, 0.413675
0.413675, 0.416221, 0.422108, 0.431076, 0.442757, 0.456679, 0.472288, 0.488973, 0.506097, 0.523023, 0.539145, 0.553905, 0.566816, 0.577466, 0.585532, 0.590777, 0.593032
0.593032, 0.595284, 0.600482, 0.60838, 0.618635, 0.630806, 0.644385, 0.658817, 0.673539, 0.687998, 0.701681, 0.71413, 0.724955, 0.733838, 0.740537, 0.74488, 0.746744
0.746744, 0.748603, 0.752886, 0.759375, 0.76776, 0.777654, 0.788614, 0.80017, 0.811854, 0.823221, 0.833873, 0.843472, 0.851742, 0.858475, 0.863517, 0.86677, 0.868162
0.868162, 0.869547, 0.872732, 0.877529, 0.883682, 0.890871, 0.898739, 0.906919, 0.915059, 0.922842, 0.930003, 0.936337, 0.941696, 0.945986, 0.949154, 0.951175, 0.952035
0.952035, 0.952888, 0.954835, 0.957734, 0.961389, 0.965561, 0.969997, 0.974447, 0.978691, 0.982554, 0.985914, 0.988709, 0.990925, 0.992587, 0.993743, 0.994446, 0.994737
0.994737, 0.99502, 0.995645, 0.99652, 0.997519, 0.998495, 0.999306, 0.999834, 0.999999, 0.999774, 0.999188, 0.998323, 0.9973, 0.996262, 0.995356, 0.994711, 0.99442
0.99442, 0.994121, 0.993398, 0.992212, 0.99051, 0.988248, 0.9854, 0.981982, 0.978061, 0.973758, 0.969252, 0.964764, 0.960546, 0.956853, 0.953925, 0.951959, 0.951098
0.951098, 0.95023, 0.94819, 0.944993, 0.940666, 0.935263, 0.928879, 0.921664, 0.913825, 0.905631, 0.897399, 0.889483, 0.882252, 0.876064, 0.87124, 0.868039, 0.866646
0.866646, 0.865246, 0.861977, 0.856908, 0.850142, 0.841831, 0.832187, 0.821487, 0.810071, 0.798339, 0.786737, 0.775735, 0.765804, 0.757389, 0.750877, 0.746579, 0.744714
0.744714, 0.742843, 0.738486, 0.731765, 0.722853, 0.711994, 0.699507, 0.685784, 0.671284, 0.656522, 0.642052, 0.628439, 0.616238, 0.605959, 0.598042, 0.592833, 0.590576
0.590576, 0.588316, 0.58306, 0.574976, 0.564303, 0.551366, 0.536576, 0.520424, 0.503466, 0.486313, 0.4696, 0.453966, 0.440023, 0.428325, 0.419344, 0.413449, 0.410899
0.410899, 0.408345, 0.402418, 0.393321, 0.381349, 0.366893, 0.35044, 0.332557, 0.313876, 0.295073, 0.276841, 0.259861, 0.244778, 0.232167, 0.222511, 0.216185, 0.213451
0.213451, 0.210716, 0.204373, 0.194657, 0.181903, 0.166554, 0.149149, 0.130309, 0.110712, 0.0910723, 0.0721087, 0.0545182, 0.0389475, 0.0259682, 0.0160555, 0.00957144, 0.00677281
0.00677281, 0.00397412, -0.00251047, -0.0124251, -0.0254089, -0.040988, -0.0585921, -0.077575, -0.0972399, -0.116867, -0.135742, -0.153183, -0.168567, -0.181353, -0.191095, -0.197456, -0.200198
-0.200198, -0.20294, -0.209285, -0.21897, -0.231622, -0.246757, -0.263799, -0.282104, -0.300987, -0.319752, -0.337722, -0.354259, -0.368792, -0.380832, -0.389981, -0.395943, -0.398512
-0.398512, -0.401077, -0.407009, -0.416045, -0.427819, -0.441856, -0.457598, -0.474433, -0.491717, -0.508809, -0.525097, -0.540015, -0.553068, -0.563841, -0.572001, -0.577308, -0.579591
-0.579591, -0.58187, -0.587131, -0.595128, -0.605514, -0.617845, -0.631608, -0.646245, -0.661182, -0.675863, -0.689763, -0.702417, -0.713426, -0.722466, -0.729286, -0.733707, -0.735606
-0.735606, -0.737499, -0.741863, -0.748475, -0.757023, -0.767116, -0.778303, -0.790109, -0.802054, -0.813688, -0.8246, -0.834443, -0.842932, -0.849847, -0.855031, -0.858376, -0.859808
-0.859808, -0.861234, -0.864511, -0.869452, -0.875794, -0.883211, -0.89134, -0.899804, -0.908241, -0.916324, -0.923777, -0.930382, -0.935984, -0.940476, -0.9438, -0.945923, -0.946827
-0.946827, -0.947724, -0.949773, -0.952829, -0.95669, -0.961112, -0.96583, -0.970586, -0.975149, -0.979333, -0.983003, -0.986087, -0.988558, -0.990433, -0.991753, -0.992563, -0.9929
-0.9929, -0.993229, -0.993961, -0.995, -0.996213, -0.997448, -0.998551, -0.999394, -0.999886, -0.999989, -0.999719, -0.999146, -0.998381, -0.997558, -0.996817, -0.996279, -0.996033
-0.996033, -0.995781, -0.995165, -0.994142, -0.992654, -0.990648, -0.988089, -0.984983, -0.981383, -0.9774, -0.973201, -0.968997, -0.965028, -0.961542, -0.958772, -0.956909, -0.956093
-0.956093, -0.955269, -0.953331, -0.95029, -0.946167, -0.941007, -0.934896, -0.927974, -0.920438, -0.912542, -0.904596, -0.896942, -0.889941, -0.883944, -0.879264, -0.876157, -0.874805
-0.874805, -0.873445, -0.870269, -0.865343, -0.858762, -0.850671, -0.841273, -0.830835, -0.819688, -0.808221, -0.79687, -0.786098, -0.776368, -0.768118, -0.761732, -0.757515, -0.755685
-0.755685, -0.753849, -0.749572, -0.742972, -0.734218, -0.723547, -0.711268, -0.697765, -0.683489, -0.668947, -0.654684, -0.641259, -0.629221, -0.619075, -0.611258, -0.606113, -0.603884

0.960943, 0.961714, 0.963471, 0.966079, 0.969351, 0.973062, 0.976975, 0.980857, 0.98451, 0.987779, 0.990566, 0.992827, 0.99457, 0.995838, 0.996692, 0.997198, 0.997404
0.997404, 0.997601, 0.998029, 0.998602, 0.999205, 0.999705, 0.999978, 0.999924, 0.999485, 0.998657, 0.99749, 0.996088, 0.994589, 0.993156, 0.991949, 0.991107, 0.990731
0.990731, 0.990347, 0.989427, 0.987941, 0.985847, 0.983114, 0.979736, 0.975748, 0.971236, 0.966347, 0.961278, 0.956271, 0.951596, 0.947524, 0.944308, 0.942155, 0.941213
0.941213, 0.940264, 0.938036, 0.934554, 0.929855, 0.924007, 0.917124, 0.909374, 0.900986, 0.892246, 0.883493, 0.8751, 0.86745, 0.860916, 0.85583, 0.852458, 0.850991
0.850991, 0.849518, 0.846079, 0.840752, 0.833651, 0.824941, 0.81485, 0.803674, 0.791771, 0.779559, 0.767502, 0.756084, 0.745791, 0.737077, 0.73034, 0.725895, 0.723967
0.723967, 0.722034, 0.717532, 0.710591, 0.701394, 0.690199, 0.677338, 0.663218, 0.648315, 0.63316, 0.618319, 0.60437, 0.591878, 0.581362, 0.573266, 0.567941, 0.565635
0.565635, 0.563325, 0.557955, 0.5497, 0.538805, 0.525609, 0.510533, 0.494081, 0.476822, 0.459379, 0.442396, 0.42652, 0.41237, 0.400505, 0.3914, 0.385425, 0.382841
0.382841, 0.380254, 0.374248, 0.365036, 0.352915, 0.338288, 0.32165, 0.303576, 0.284709, 0.265731, 0.247341, 0.230225, 0.215028, 0.202328, 0.192608, 0.186241, 0.183491
0.183491, 0.180739, 0.174357, 0.164586, 0.151763, 0.136338, 0.118856, 0.0999433, 0.0802831, 0.0605916, 0.0415894, 0.023973, 0.00838728, -0.00459878, -0.0145133, -0.0209968, -0.0237949
-0.0237949, -0.0265927, -0.0330744, -0.0429822, -0.0559523, -0.0715084, -0.0890774, -0.108012, -0.127615, -0.147168, -0.16596, -0.183316, -0.198616, -0.211327, -0.221007, -0.227327, -0.230051
-0.230051, -0.232774, -0.239076, -0.248691, -0.261248, -0.276262, -0.293159, -0.311296, -0.329994, -0.348563, -0.366333, -0.382676, -0.397031, -0.408916, -0.417943, -0.423826, -0.426359
-0.426359, -0.428889, -0.434738, -0.443645, -0.455246, -0.469069, -0.484562, -0.501117, -0.518102, -0.534885, -0.550864, -0.565488, -0.578275, -0.588821, -0.596805, -0.601996, -0.604228
-0.604228, -0.606456, -0.611599, -0.619413, -0.629556, -0.64159, -0.65501, -0.669268, -0.683804, -0.698074, -0.711571, -0.723844, -0.734511, -0.743261, -0.749858, -0.754132, -0.755967
-0.755967, -0.757796, -0.762012, -0.768395, -0.77664, -0.786365, -0.797131, -0.808475, -0.819935, -0.831075, -0.841506, -0.850898, -0.858983, -0.865559, -0.870482, -0.873655, -0.875014
-0.875014, -0.876365, -0.87947, -0.884146, -0.890138, -0.897133, -0.90478, -0.912719, -0.920606, -0.928135, -0.935049, -0.941153, -0.946307, -0.950425, -0.953461, -0.955396, -0.956219
-0.956219, -0.957034, -0.958895, -0.961661, -0.965141, -0.969103, -0.9733, -0.977491, -0.981465, -0.985057, -0.988156, -0.990707, -0.992706, -0.994188, -0.995207, -0.99582, -0.996072
-0.996072, -0.996316, -0.996851, -0.997588, -0.998405, -0.999164, -0.999729, -0.999991, -0.99988, -0.999379, -0.998528, -0.997417, -0.996176, -0.994957, -0.993914, -0.993179, -0.992848
-0.992848, -0.99251, -0.991697, -0.990374, -0.988493, -0.986015, -0.982924, -0.979245, -0.975054, -0.970482, -0.965718, -0.960992, -0.956564, -0.952698, -0.949638, -0.947586, -0.946688
-0.946688, -0.945783, -0.943657, -0.940329, -0.935832, -0.930224, -0.923611, -0.916151, -0.90806, -0.899615, -0.891144, -0.883009, -0.875586, -0.869239, -0.864294, -0.861014, -0.859588
-0.859588, -0.858154, -0.854807, -0.84962, -0.842699, -0.834205, -0.824356, -0.813437, -0.801797, -0.789844, -0.778032, -0.766839, -0.756741, -0.748188, -0.741573, -0.737207, -0.735313
-0.735313, -0.733414, -0.72899, -0.722167, -0.713124, -0.70211, -0.689451, -0.675545, -0.660859, -0.645915, -0.631273, -0.617506, -0.605171, -0.594782, -0.586782, -0.581519, -0.57924
-0.57924, -0.576956, -0.571647, -0.563484, -0.552709, -0.539652, -0.524729, -0.508438, -0.491341, -0.474053, -0.457215, -0.441468, -0.427429, -0.415653, -0.406615, -0.400682, -0.398116
-0.398116, -0.395547, -0.389583, -0.380432, -0.368391, -0.353855, -0.337315, -0.319343, -0.300575, -0.28169, -0.263383, -0.246339, -0.231202, -0.218549, -0.208863, -0.202517, -0.199776
-0.199776, -0.197032, -0.190671, -0.180929, -0.168142, -0.152756, -0.135314, -0.116438, -0.0968104, -0.0771447, -0.0581612, -0.0405568, -0.0249774, -0.0119936, -0.00207889, 0.0044057, 0.00720438
0.00720438, 0.010003, 0.016487, 0.0263997, 0.0393787, 0.0549491, 0.0725392, 0.0915021, 0.111141, 0.130737, 0.149576, 0.16698, 0.182328, 0.19508, 0.204795, 0.211138, 0.213873
0.213873, 0.216606, 0.222932, 0.232586, 0.245196, 0.260278, 0.277255, 0.295485, 0.314286, 0.332964, 0.350844, 0.367295, 0.381748, 0.393718, 0.402813, 0.408739, 0.411292
0.411292, 0.413841, 0.419736, 0.428715, 0.44041, 0.454351, 0.469981, 0.48669, 0.503839, 0.520792, 0.53694, 0.551726, 0.564659, 0.575329, 0.58341, 0.588664, 0.590925
0.590925, 0.59318, 0.598388, 0.606303, 0.616578, 0.628775, 0.642382, 0.656848, 0.671604, 0.686098, 0.699816, 0.712297, 0.723151, 0.732059, 0.738777, 0.743132, 0.745002
0.745002, 0.746866, 0.751162, 0.75767, 0.766081, 0.776007, 0.787003, 0.798599, 0.810324, 0.821733, 0.832427, 0.842064, 0.850369, 0.85713, 0.862195, 0.865462, 0.866861
0.866861, 0.868253, 0.871452, 0.876272, 0.882455, 0.88968, 0.897589, 0.905814, 0.914001, 0.921831, 0.929039, 0.935415, 0.940813, 0.945135, 0.948327, 0.950365, 0.951232
0.951232, 0.952091, 0.954054, 0.956978, 0.960666, 0.964878, 0.969358, 0.973856, 0.978151, 0.982064, 0.985473, 0.988314, 0.99057, 0.992265, 0.993447, 0.994167, 0.994465
0.994465, 0.994756, 0.995398, 0.996299, 0.997331, 0.998348, 0.999206, 0.999783, 0.999999, 0.999826, 0.99929, 0.998471, 0.997488, 0.996484, 0.995605, 0.994977, 0.994692
0.994692, 0.994401, 0.993694, 0.992534, 0.990866, 0.988644, 0.985842, 0.982473, 0.978602, 0.97435, 0.969892, 0.965449, 0.96127, 0.95761, 0.954706, 0.952757, 0.951903
0.951903, 0.951042, 0.949018, 0.945846, 0.94155, 0.936185, 0.929844, 0.922675, 0.914884, 0.906737, 0.89855, 0.890675, 0.88348, 0.877322, 0.872521, 0.869334, 0.867948
0.867948, 0.866554, 0.8633, 0.858253, 0.851516, 0.84324, 0.833635, 0.822975, 0.811601, 0.799911, 0.788349, 0.777383, 0.767483, 0.759094, 0.752602, 0.748316, 0.746457
0.746457, 0.744592, 0.740247, 0.733545, 0.724657, 0.713828, 0.701374, 0.687685, 0.67322, 0.658493, 0.644055, 0.630472, 0.618296, 0.608038, 0.600136, 0.594937, 0.592685
0.592685, 0.590428, 0.585182, 0.577114, 0.56646, 0.553546, 0.538781, 0.522655, 0.505724, 0.488597, 0.471908, 0.456295, 0.44237, 0.430686, 0.421717, 0.415828, 0.413282
0.413282, 0.410731, 0.40481, 0.395724, 0.383765, 0.369325, 0.352888, 0.335022, 0.316358, 0.297571, 0.279353, 0.262386, 0.247313, 0.23471, 0.22506, 0.218737, 0.216006
0.216006, 0.213272, 0.206932, 0.197222, 0.184474, 0.169132, 0.151735, 0.132901, 0.113311, 0.0936765, 0.074717, 0.0571294, 0.0415607, 0.0285826, 0.0186705, 0.0121866, 0.00938807
0.00938807, 0.00658943, 0.000104874, -0.00980994, -0.0227943, -0.0383747, -0.055981, -0.0749672, -0.0946366, -0.114269, -0.13315, -0.150598, -0.165989, -0.17878, -0.188527, -0.194891, -0.197635
-0.197635, -0.200378, -0.206727, -0.216417, -0.229077, -0.244222, -0.261276, -0.279594, -0.298492, -0.317273, -0.335259, -0.351812, -0.36636, -0.378412, -0.387571, -0.393541, -0.396112
-0.396112, -0.39868, -0.404619, -0.413666, -0.425453, -0.439508, -0.455271, -0.472129, -0.489438, -0.506556, -0.522869, -0.537812, -0.550888, -0.561679, -0.569854, -0.575171, -0.577458
-0.577458, -0.579741, -0.585012, -0.593025, -0.603431, -0.615787, -0.629578, -0.644246, -0.659218, -0.673933, -0.687867, -0.700553, -0.711591, -0.720655, -0.727494, -0.731927, -0.733832
-0.733832, -0.73573, -0.740106, -0.746738, -0.755312, -0.765435, -0.776658, -0.788503, -0.80049, -0.812165, -0.823118, -0.832999, -0.841522, -0.848466, -0.853672, -0.857031, -0.85847
-0.85847, -0.859902, -0.863194, -0.868157, -0.874529, -0.881982, -0.890151, -0.89866, -0.907143, -0.915273, -0.922772, -0.929421, -0.93506, -0.939584, -0.942932, -0.945071, -0.945983
-0.945983, -0.946886, -0.948952, -0.952032, -0.955926, -0.960386, -0.965149, -0.969953, -0.974567, -0.9788, -0.98252, -0.985648, -0.98816, -0.990069, -0.991414, -0.992241, -0.992585
-0.992585, -0.992922, -0.993671, -0.994736, -0.995983, -0.997257, -0.998407, -0.9993, -0.999844, -0.999998, -0.999778, -0.999251, -0.998526, -0.997737, -0.997022, -0.996501, -0.996263
-0.996263, -0.996017, -0.995418, -0.994421, -0.992967, -0.991001, -0.988488, -0.985431, -0.981881, -0.97795, -0.973799, -0.96964, -0.96571, -0.962257, -0.959512, -0.957665, -0.956856

0.615306, 0.61751, 0.622598, 0.630326, 0.640354, 0.652248, 0.665507, 0.679588, 0.693936, 0.708014, 0.721322, 0.733417, 0.743924, 0.752539, 0.759032, 0.763237, 0.765043
0.765043, 0.766842, 0.770988, 0.777264, 0.785369, 0.794923, 0.805493, 0.816622, 0.827856, 0.838767, 0.848975, 0.858157, 0.866055, 0.872474, 0.877276, 0.88037, 0.881694
0.881694, 0.883011, 0.886036, 0.890589, 0.89642, 0.90322, 0.910644, 0.91834, 0.925974, 0.933247, 0.939913, 0.945785, 0.950732, 0.954678, 0.957582, 0.959431, 0.960216
0.960216, 0.960994, 0.962767, 0.9654, 0.968705, 0.972456, 0.976413, 0.980345, 0.984048, 0.987368, 0.990204, 0.992511, 0.994295, 0.995596, 0.996476, 0.996999, 0.997212
0.997212, 0.997417, 0.997862, 0.998461, 0.999097, 0.999638, 0.999957, 0.999953, 0.999566, 0.998789, 0.997672, 0.996315, 0.994857, 0.993458, 0.992277, 0.991452, 0.991083
0.991083, 0.990706, 0.989803, 0.988342, 0.986282, 0.983589, 0.980256, 0.976317, 0.971856, 0.967016, 0.961995, 0.957033, 0.952397, 0.948357, 0.945166, 0.943028, 0.942093
0.942093, 0.941151, 0.938939, 0.935482, 0.930814, 0.925004, 0.918163, 0.910459, 0.902117, 0.893424, 0.884716, 0.876362, 0.868748, 0.862244, 0.85718, 0.853822, 0.852362
0.852362, 0.850895, 0.84747, 0.842165, 0.835092, 0.826416, 0.816364, 0.805228, 0.793366, 0.781195, 0.769176, 0.757793, 0.74753, 0.738842, 0.732124, 0.727692, 0.725769
0.725769, 0.723841, 0.719351, 0.712429, 0.703256, 0.692089, 0.679259, 0.665173, 0.650304, 0.635182, 0.620372, 0.606452, 0.593984, 0.583488, 0.575407, 0.570091, 0.56779
0.56779, 0.565484, 0.560124, 0.551882, 0.541007, 0.527832, 0.51278, 0.496353, 0.47912, 0.4617, 0.44474, 0.428884, 0.414751, 0.4029, 0.393806, 0.387837, 0.385256
0.385256, 0.382672, 0.376672, 0.367469, 0.355361, 0.340748, 0.324125, 0.306067, 0.287215, 0.268251, 0.249874, 0.232769, 0.217582, 0.204889, 0.195174, 0.18881, 0.186061
0.186061, 0.18331, 0.176932, 0.167165, 0.154348, 0.138928, 0.121453, 0.102545, 0.0828897, 0.0632019, 0.0442023, 0.0265875, 0.0110025, -0.00198344, -0.0118981, -0.018382, -0.0211802
-0.0211802, -0.0239782, -0.0304604, -0.0403691, -0.0533409, -0.0688995, -0.0864721, -0.105411, -0.12502, -0.144581, -0.163381, -0.180744, -0.196052, -0.20877, -0.218456, -0.224779, -0.227505
-0.227505, -0.23023, -0.236535, -0.246157, -0.258723, -0.273748, -0.290657, -0.308809, -0.327524, -0.346111, -0.363898, -0.380259, -0.394629, -0.406528, -0.415566, -0.421455, -0.423992
-0.423992, -0.426525, -0.432381, -0.4413, -0.452916, -0.466757, -0.482272, -0.498852, -0.515863, -0.532673, -0.548679, -0.563329, -0.576139, -0.586705, -0.594705, -0.599906, -0.602142
-0.602142, -0.604374, -0.609528, -0.617358, -0.627522, -0.639582, -0.653031, -0.667322, -0.681894, -0.696199, -0.709731, -0.722037, -0.732734, -0.741509, -0.748125, -0.752412, -0.754253
-0.754253, -0.756087, -0.760315, -0.766718, -0.77499, -0.784747, -0.795549, -0.806933, -0.818435, -0.829618, -0.84009, -0.849521, -0.857641, -0.864246, -0.869192, -0.87238, -0.873744
-0.873744, -0.875102, -0.878222, -0.882921, -0.888943, -0.895975, -0.903663, -0.911647, -0.919582, -0.927158, -0.934119, -0.940266, -0.945458, -0.949608, -0.952669, -0.954621, -0.95545
-0.95545, -0.956273, -0.958149, -0.96094, -0.964453, -0.968455, -0.972697, -0.976936, -0.980961, -0.984603, -0.987751, -0.990348, -0.992388, -0.993903, -0.994948, -0.995578, -0.995837
-0.995837, -0.996088, -0.99664, -0.997403, -0.998254, -0.999054, -0.999665, -0.999977, -0.999917, -0.999468, -0.998666, -0.997601, -0.996401, -0.995216, -0.994199, -0.99348, -0.993157
-0.993157, -0.992826, -0.99203, -0.990732, -0.988885, -0.986447, -0.983402, -0.979772, -0.975631, -0.971109, -0.966393, -0.961712, -0.957324, -0.95349, -0.950454, -0.948419, -0.947528
-0.947528, -0.946629, -0.944519, -0.941216, -0.93675, -0.931181, -0.924611, -0.917196, -0.909152, -0.900754, -0.892328, -0.884233, -0.876846, -0.870529, -0.865607, -0.862342, -0.860921
-0.860921, -0.859494, -0.856161, -0.850996, -0.844105, -0.835645, -0.825834, -0.814955, -0.803357, -0.791445, -0.779673, -0.768515, -0.758448, -0.749921, -0.743325, -0.738972, -0.737083
-0.737083, -0.735189, -0.730778, -0.723974, -0.714955, -0.70397, -0.691343, -0.677471, -0.662819, -0.647909, -0.6333, -0.619561, -0.607251, -0.596882, -0.588898, -0.583644, -0.58137
-0.58137, -0.57909, -0.573791, -0.565643, -0.554886, -0.541852, -0.526954, -0.510688, -0.493617, -0.476354, -0.459539, -0.443814, -0.429792, -0.41803, -0.409003, -0.403077, -0.400514
-0.400514, -0.397948, -0.39199, -0.38285, -0.370821, -0.3563, -0.339776, -0.321821, -0.303068, -0.284198, -0.265905, -0.248873, -0.233746, -0.2211, -0.21142, -0.205078, -0.202338
-0.202338, -0.199596, -0.193238, -0.1835, -0.170719, -0.15534, -0.137905, -0.119035, -0.0994131, -0.079752, -0.0607719, -0.0431698, -0.0275919, -0.0146087, -0.00469422, 0.00179036, 0.00458908
0.00458908, 0.00738776, 0.013872, 0.0237852, 0.0367653, 0.0523375, 0.0699305, 0.0888974, 0.108541, 0.128143, 0.146989, 0.1644, 0.179756, 0.192515, 0.202235, 0.208581, 0.211317
0.211317, 0.214052, 0.220382, 0.230042, 0.24266, 0.257752, 0.274742, 0.292986, 0.311802, 0.330497, 0.348394, 0.364861, 0.379329, 0.391313, 0.400418, 0.406351, 0.408907
0.408907, 0.411459, 0.417361, 0.42635, 0.438061, 0.45202, 0.467671, 0.484404, 0.501578, 0.518558, 0.534732, 0.549543, 0.562499, 0.573188, 0.581284, 0.586548, 0.588813
0.588813, 0.591073, 0.596291, 0.604221, 0.614517, 0.626739, 0.640376, 0.654873, 0.669664, 0.684193, 0.697945, 0.710459, 0.721342, 0.730275, 0.737012, 0.74138, 0.743255
0.743255, 0.745124, 0.749433, 0.755961, 0.764398, 0.774355, 0.785387, 0.797022, 0.808788, 0.82024, 0.830975, 0.840651, 0.84899, 0.85578, 0.860868, 0.864149, 0.865554
0.865554, 0.866952, 0.870166, 0.875009, 0.881222, 0.888483, 0.896433, 0.904703, 0.912936, 0.920814, 0.928068, 0.934488, 0.939923, 0.944277, 0.947494, 0.949548, 0.950422
0.950422, 0.951288, 0.953267, 0.956216, 0.959936, 0.964187, 0.968712, 0.973259, 0.977604, 0.981567, 0.985026, 0.987912, 0.990208, 0.991937, 0.993145, 0.993882, 0.994187
0.994187, 0.994485, 0.995144, 0.996071, 0.997137, 0.998194, 0.999098, 0.999725, 0.999993, 0.999871, 0.999385, 0.998612, 0.99767, 0.9967, 0.995846, 0.995235, 0.994958
0.994958, 0.994674, 0.993984, 0.99285, 0.991216, 0.989034, 0.986277, 0.982957, 0.979137, 0.974935, 0.970526, 0.966127, 0.961987, 0.95836, 0.955481, 0.953548, 0.952701
0.952701, 0.951847, 0.949839, 0.946691, 0.942428, 0.937101, 0.930804, 0.923681, 0.915937, 0.907837, 0.899694, 0.891861, 0.884702, 0.878574, 0.873796, 0.870624, 0.869244
0.869244, 0.867857, 0.864617, 0.859593, 0.852885, 0.844643, 0.835076, 0.824458, 0.813127, 0.801478, 0.789955, 0.779025, 0.769157, 0.760794, 0.754322, 0.750049, 0.748195
0.748195, 0.746335, 0.742003, 0.73532, 0.726457, 0.715657, 0.703236, 0.689582, 0.675152, 0.660459, 0.646053, 0.632499, 0.620349, 0.610112, 0.602226, 0.597037, 0.594789
0.594789, 0.592537, 0.587301, 0.579248, 0.568613, 0.555722, 0.540983, 0.524883, 0.507979, 0.490877, 0.474212, 0.458621, 0.444714, 0.433045, 0.424087, 0.418206, 0.415662
0.415662, 0.413115, 0.407201, 0.398125, 0.386179, 0.371754, 0.355334, 0.337485, 0.318838, 0.300067, 0.281863, 0.264909, 0.249846, 0.237251, 0.227608, 0.221289, 0.218558
0.218558, 0.215826, 0.20949, 0.199785, 0.187044, 0.171709, 0.154319, 0.135493, 0.115909, 0.09628, 0.0773248, 0.0597403, 0.0441737, 0.0311968, 0.0212853, 0.0148017, 0.0120033
0.0120033, 0.0092047, 0.00272022, -0.00719469, -0.0201796, -0.0357612, -0.0533696, -0.072359, -0.0920327, -0.111671, -0.130558, -0.148012, -0.163409, -0.176207, -0.185958, -0.192325, -0.195071
-0.195071, -0.197815, -0.204167, -0.213863, -0.226531, -0.241685, -0.25875, -0.277082, -0.295994, -0.314792, -0.332794, -0.349363, -0.363925, -0.37599, -0.385159, -0.391135, -0.393709
-0.393709, -0.39628, -0.402226, -0.411283, -0.423085, -0.437157, -0.452941, -0.469822, -0.487156, -0.5043, -0.520638, -0.535605, -0.548703, -0.559513, -0.567703, -0.57303, -0.575321
-0.575321, -0.577608, -0.582889, -0.590917, -0.601343, -0.613724, -0.627544, -0.642244, -0.657249, -0.671998, -0.685967, -0.698685, -0.709751, -0.718839, -0.725697, -0.730143, -0.732052
-0.732052, -0.733956, -0.738345, -0.744995, -0.753595, -0.76375, -0.775008, -0.786892, -0.798919, -0.810636, -0.82163, -0.831549, -0.840106, -0.847079, -0.852307, -0.85568, -0.857126
-0.857126, -0.858564, -0.86187, -0.866856, -0.873257, -0.880746, -0.888956, -0.897509, -0.90604, -0.914217, -0.921761, -0.928452, -0.934129, -0.938686, -0.942058, -0.944213, -0.945131

0.0351518, 0.0379487, 0.0444278, 0.0543306, 0.0672926, 0.0828364, 0.100388, 0.1193, 0.138875, 0.158397, 0.177154, 0.194473, 0.209739, 0.222418, 0.232074, 0.238376, 0.241093
0.241093, 0.243809, 0.250092, 0.25968, 0.272198, 0.287164, 0.304002, 0.322073, 0.340698, 0.35919, 0.376882, 0.393149, 0.407433, 0.419258, 0.428238, 0.434089, 0.436609
0.436609, 0.439125, 0.444942, 0.453799, 0.465332, 0.479073, 0.494469, 0.510917, 0.527786, 0.54445, 0.56031, 0.574822, 0.587507, 0.597966, 0.605883, 0.611029, 0.613242
0.613242, 0.615451, 0.620549, 0.628293, 0.638343, 0.650264, 0.663553, 0.677667, 0.69205, 0.706165, 0.719508, 0.731637, 0.742174, 0.750814, 0.757326, 0.761545, 0.763356
0.763356, 0.765161, 0.76932, 0.775616, 0.783747, 0.793333, 0.80394, 0.81511, 0.826386, 0.83734, 0.84759, 0.856811, 0.864744, 0.871193, 0.876018, 0.879127, 0.880457
0.880457, 0.881781, 0.884821, 0.889397, 0.895258, 0.902094, 0.90956, 0.917302, 0.924984, 0.932305, 0.939017, 0.944932, 0.949918, 0.953896, 0.956825, 0.95869, 0.959482
0.959482, 0.960267, 0.962057, 0.964715, 0.968052, 0.971843, 0.975845, 0.979825, 0.983579, 0.98695, 0.989835, 0.992188, 0.994012, 0.995347, 0.996254, 0.996793, 0.997014
0.997014, 0.997226, 0.997687, 0.998312, 0.998982, 0.999564, 0.999929, 0.999975, 0.999639, 0.998914, 0.997847, 0.996536, 0.995119, 0.993753, 0.992598, 0.99179, 0.991428
0.991428, 0.991058, 0.990172, 0.988737, 0.98671, 0.984058, 0.98077, 0.976879, 0.972469, 0.967679, 0.962706, 0.957788, 0.953191, 0.949184, 0.946017, 0.943895, 0.942967
0.942967, 0.942032, 0.939836, 0.936403, 0.931767, 0.925994, 0.919196, 0.911538, 0.903243, 0.894596, 0.885932, 0.877619, 0.870041, 0.863566, 0.858524, 0.855181, 0.853726
0.853726, 0.852266, 0.848856, 0.843573, 0.836528, 0.827886, 0.817871, 0.806776, 0.794955, 0.782825, 0.770844, 0.759497, 0.749265, 0.740602, 0.733903, 0.729483, 0.727566
0.727566, 0.725643, 0.721166, 0.714262, 0.705113, 0.693974, 0.681177, 0.667124, 0.652289, 0.6372, 0.622421, 0.608529, 0.596086, 0.58561, 0.577544, 0.572238, 0.569941
0.569941, 0.567639, 0.562288, 0.554062, 0.543205, 0.530051, 0.515024, 0.498622, 0.481414, 0.464018, 0.44708, 0.431245, 0.41713, 0.405292, 0.396208, 0.390246, 0.387668
0.387668, 0.385086, 0.379094, 0.369901, 0.357805, 0.343206, 0.326598, 0.308556, 0.289719, 0.27077, 0.252405, 0.235312, 0.220134, 0.207448, 0.197738, 0.191378, 0.18863
0.18863, 0.185881, 0.179505, 0.169743, 0.156931, 0.141518, 0.124048, 0.105146, 0.0854958, 0.0658118, 0.046815, 0.0292018, 0.0136177, 0.000631907, -0.00928293, -0.015767, -0.0185653
-0.0185653, -0.0213635, -0.0278461, -0.0377557, -0.0507291, -0.0662901, -0.0838663, -0.10281, -0.122425, -0.141992, -0.1608, -0.178171, -0.193487, -0.206211, -0.215903, -0.22223, -0.224958
-0.224958, -0.227684, -0.233993, -0.243621, -0.256195, -0.271231, -0.288154, -0.306321, -0.325052, -0.343656, -0.361461, -0.377839, -0.392224, -0.404137, -0.413186, -0.419082, -0.421622
-0.421622, -0.424158, -0.430021, -0.438951, -0.450582, -0.464443, -0.47998, -0.496584, -0.513621, -0.530458, -0.546491, -0.561166, -0.574, -0.584585, -0.5926, -0.597811, -0.600052
-0.600052, -0.602289, -0.607453, -0.615299, -0.625483, -0.637569, -0.651048, -0.665372, -0.679978, -0.69432, -0.707886, -0.720226, -0.730952, -0.739752, -0.746387, -0.750687, -0.752533
-0.752533, -0.754373, -0.758614, -0.765037, -0.773335, -0.783123, -0.793962, -0.805386, -0.816929, -0.828155, -0.838669, -0.848138, -0.856293, -0.862928, -0.867895, -0.871098, -0.872469
-0.872469, -0.873834, -0.876968, -0.88169, -0.887742, -0.89481, -0.90254, -0.910569, -0.918551, -0.926175, -0.933182, -0.939372, -0.944603, -0.948785, -0.951871, -0.953838, -0.954675
-0.954675, -0.955504, -0.957397, -0.960213, -0.963759, -0.9678, -0.972086, -0.976374, -0.98045, -0.984143, -0.987339, -0.989982, -0.992062, -0.993612, -0.994682, -0.995329, -0.995595
-0.995595, -0.995853, -0.996422, -0.997211, -0.998096, -0.998936, -0.999594, -0.999955, -0.999947, -0.99955, -0.998798, -0.997779, -0.996619, -0.995468, -0.994476, -0.993775, -0.993459
-0.993459, -0.993136, -0.992356, -0.991084, -0.98927, -0.986873, -0.983873, -0.980292, -0.976201, -0.97173, -0.967062, -0.962426, -0.958076, -0.954275, -0.951264, -0.949244, -0.94836
-0.94836, -0.947469, -0.945375, -0.942096, -0.937662, -0.932131, -0.925604, -0.918235, -0.910238, -0.901887, -0.893505, -0.885452, -0.8781, -0.871813, -0.866913, -0.863663, -0.862249
-0.862249, -0.860828, -0.85751, -0.852367, -0.845504, -0.837078, -0.827306, -0.816468, -0.804911, -0.793041, -0.781308, -0.770186, -0.76015, -0.751648, -0.745072, -0.740731, -0.738848
-0.738848, -0.736959, -0.732561, -0.725776, -0.716781, -0.705825, -0.69323, -0.679392, -0.664775, -0.649899, -0.635321, -0.621612, -0.609326, -0.598978, -0.591009, -0.585766, -0.583495
-0.583495, -0.58122, -0.575931, -0.567798, -0.55706, -0.544048, -0.529175, -0.512935, -0.49589, -0.478652, -0.46186, -0.446156, -0.432152, -0.420405, -0.411388, -0.405469, -0.402909
-0.402909, -0.400346, -0.394395, -0.385265, -0.373249, -0.358743, -0.342235, -0.324296, -0.30556, -0.286705, -0.268425, -0.251405, -0.236288, -0.22365, -0.213976, -0.207637, -0.204898
-0.204898, -0.202158, -0.195803, -0.186071, -0.173296, -0.157923, -0.140495, -0.121632, -0.102015, -0.0823587, -0.0633822, -0.0457826, -0.0302061, -0.0172237, -0.00730952, -0.000824985, 0.00197375
0.00197375, 0.00477246, 0.0112568, 0.0211705, 0.0341516, 0.0497256, 0.0673213, 0.0862921, 0.105941, 0.125549, 0.144402, 0.16182, 0.177182, 0.189948, 0.199673, 0.206022, 0.20876
0.20876, 0.211496, 0.21783, 0.227496, 0.240122, 0.255224, 0.272226, 0.290484, 0.309316, 0.328027, 0.345941, 0.362425, 0.376908, 0.388904, 0.39802, 0.40396, 0.406519
0.406519, 0.409074, 0.414983, 0.423983, 0.435708, 0.449685, 0.465358, 0.482114, 0.499314, 0.51632, 0.53252, 0.547356, 0.560334, 0.571043, 0.579154, 0.584428, 0.586697
0.586697, 0.588961, 0.594189, 0.602135, 0.612452, 0.624699, 0.638365, 0.652895, 0.667719, 0.682283, 0.69607, 0.708616, 0.719528, 0.728486, 0.735242, 0.739622, 0.741503
0.741503, 0.743377, 0.747699, 0.754246, 0.762709, 0.772697, 0.783765, 0.79544, 0.807248, 0.818741, 0.829517, 0.839231, 0.847605, 0.854424, 0.859534, 0.86283, 0.864241
0.864241, 0.865646, 0.868874, 0.87374, 0.879982, 0.887279, 0.895271, 0.903585, 0.911866, 0.919791, 0.927091, 0.933553, 0.939027, 0.943413, 0.946654, 0.948724, 0.949605
0.949605, 0.950479, 0.952474, 0.955447, 0.9592, 0.96349, 0.96806, 0.972655, 0.97705, 0.981064, 0.984572, 0.987503, 0.989839, 0.991602, 0.992836, 0.99359, 0.993902
0.993902, 0.994207, 0.994883, 0.995836, 0.996936, 0.998034, 0.998984, 0.99966, 0.99998, 0.99991, 0.999474, 0.998747, 0.997845, 0.996909, 0.996081, 0.995487, 0.995217
0.995217, 0.99494, 0.994267, 0.993158, 0.991558, 0.989417, 0.986705, 0.983435, 0.979665, 0.975514, 0.971153, 0.966799, 0.962698, 0.959103, 0.95625, 0.954333, 0.953493
0.953493, 0.952645, 0.950654, 0.947531, 0.9433, 0.938011, 0.931756, 0.92468, 0.916984, 0.90893, 0.900833, 0.893041, 0.885918, 0.87982, 0.875064, 0.871907, 0.870534
0.870534, 0.869153, 0.865928, 0.860926, 0.854247, 0.84604, 0.836512, 0.825936, 0.814646, 0.803039, 0.791556, 0.780662, 0.770826, 0.762488, 0.756036, 0.751776, 0.749927
0.749927, 0.748073, 0.743754, 0.73709, 0.728252, 0.717481, 0.705093, 0.691473, 0.677079, 0.66242, 0.648047, 0.634523, 0.622399, 0.612182, 0.604312, 0.599133, 0.59689
0.59689, 0.594642, 0.589416, 0.581377, 0.570763, 0.557894, 0.54318, 0.527107, 0.51023, 0.493154, 0.476513, 0.460943, 0.447055, 0.435401, 0.426454, 0.42058, 0.418039
0.418039, 0.415495, 0.409588, 0.400523, 0.38859, 0.374181, 0.357778, 0.339946, 0.321316, 0.302561, 0.284371, 0.26743, 0.252378, 0.239791, 0.230154, 0.223838, 0.22111
0.22111, 0.218379, 0.212047, 0.202347, 0.189613, 0.174285, 0.156903, 0.138084, 0.118506, 0.0988829, 0.079932, 0.0623508, 0.0467863, 0.0338108, 0.0239, 0.0174168, 0.0146184
0.0146184, 0.0118199, 0.00533555, -0.00457938, -0.0175647, -0.0331474, -0.0507578, -0.0697502, -0.0894281, -0.109071, -0.127964, -0.145425, -0.160828, -0.173632, -0.183387, -0.189758, -0.192505
-0.192505, -0.195251, -0.201606, -0.211308, -0.223983, -0.239147, -0.256223, -0.274568, -0.293495, -0.312308, -0.330326, -0.346911, -0.361488, -0.373565, -0.382744, -0.388727, -0.391304
-0.391304, -0.393878, -0.39983, -0.408898, -0.420714, -0.434804, -0.450608, -0.467512, -0.48487, -0.502039, -0.518403, -0.533395, -0.546515, -0.557343, -0.565548, -0.570884, -0.57318

-0.5584, -0.556076, -0.550675, -0.542372, -0.531416, -0.518148, -0.502993, -0.486457, -0.469116, -0.451592, -0.434535, -0.418593, -0.404386, -0.392475, -0.383337, -0.377339, -0.374746
-0.374746, -0.37215, -0.366123, -0.356879, -0.344718, -0.330044, -0.313356, -0.295231, -0.276314, -0.257289, -0.238857, -0.221704, -0.206478, -0.193755, -0.184018, -0.177641, -0.174886
-0.174886, -0.172129, -0.165738, -0.155952, -0.143112, -0.127668, -0.110167, -0.0912367, -0.0715617, -0.0518589, -0.0328489, -0.0152281, 0.000359223, 0.013345, 0.0232583, 0.0297406, 0.032538
0.032538, 0.0353351, 0.0418148, 0.0517189, 0.064683, 0.0802297, 0.0977857, 0.116703, 0.136285, 0.155814, 0.174579, 0.191907, 0.207181, 0.219868, 0.229529, 0.235836, 0.238554
0.238554, 0.241271, 0.247559, 0.257153, 0.269681, 0.284658, 0.30151, 0.319596, 0.338238, 0.356748, 0.374458, 0.390742, 0.405043, 0.416882, 0.425873, 0.431732, 0.434254
0.434254, 0.436774, 0.442598, 0.451467, 0.463016, 0.476775, 0.492194, 0.508667, 0.525563, 0.542254, 0.558142, 0.57268, 0.585389, 0.595867, 0.603801, 0.608957, 0.611175
0.611175, 0.613387, 0.618496, 0.626256, 0.636328, 0.648275, 0.661594, 0.675741, 0.69016, 0.70431, 0.717689, 0.729851, 0.740418, 0.749084, 0.755616, 0.759847, 0.761664
0.761664, 0.763474, 0.767646, 0.773963, 0.78212, 0.791738, 0.802382, 0.813592, 0.82491, 0.835908, 0.846199, 0.85546, 0.863428, 0.869906, 0.874754, 0.877877, 0.879214
0.879214, 0.880544, 0.883599, 0.888198, 0.89409, 0.900963, 0.90847, 0.916258, 0.923987, 0.931355, 0.938114, 0.944073, 0.949098, 0.953108, 0.956062, 0.957943, 0.958742
0.958742, 0.959534, 0.96134, 0.964023, 0.967393, 0.971224, 0.975271, 0.979299, 0.983104, 0.986526, 0.98946, 0.991858, 0.993723, 0.995092, 0.996024, 0.996581, 0.996808
0.996808, 0.997028, 0.997506, 0.998157, 0.998861, 0.999483, 0.999895, 0.99999, 0.999706, 0.999033, 0.998015, 0.99675, 0.995374, 0.994042, 0.992912, 0.992121, 0.991766
0.991766, 0.991404, 0.990535, 0.989125, 0.987132, 0.984519, 0.981277, 0.977435, 0.973075, 0.968335, 0.96341, 0.958536, 0.953978, 0.950004, 0.946861, 0.944755, 0.943834
0.943834, 0.942906, 0.940726, 0.937317, 0.932713, 0.926979, 0.920223, 0.91261, 0.904362, 0.895762, 0.887142, 0.87887, 0.871327, 0.864881, 0.859862, 0.856533, 0.855085
0.855085, 0.853631, 0.850235, 0.844974, 0.837958, 0.82935, 0.819373, 0.808318, 0.796539, 0.78445, 0.772508, 0.761196, 0.750994, 0.742356, 0.735677, 0.731269, 0.729357
0.729357, 0.72744, 0.722975, 0.71609, 0.706965, 0.695855, 0.683089, 0.66907, 0.654269, 0.639213, 0.624466, 0.610603, 0.598184, 0.587728, 0.579677, 0.574381, 0.572088
0.572088, 0.56979, 0.564449, 0.556237, 0.545398, 0.532267, 0.517264, 0.500887, 0.483704, 0.466333, 0.449418, 0.433604, 0.419505, 0.407682, 0.398608, 0.392653, 0.390077
0.390077, 0.387499, 0.381513, 0.372329, 0.360246, 0.345661, 0.329069, 0.311043, 0.292222, 0.273287, 0.254935, 0.237853, 0.222684, 0.210006, 0.200301, 0.193944, 0.191198
0.191198, 0.18845, 0.182078, 0.17232, 0.159513, 0.144106, 0.126643, 0.107747, 0.0881012, 0.0684213, 0.0494273, 0.0318159, 0.0162327, 0.00324725, -0.00666767, -0.0131519, -0.0159504
-0.0159504, -0.0187487, -0.0252317, -0.0351421, -0.0481169, -0.0636803, -0.0812599, -0.100208, -0.119829, -0.139403, -0.158218, -0.175597, -0.190921, -0.203651, -0.213348, -0.219679, -0.222409
-0.222409, -0.225136, -0.23145, -0.241084, -0.253667, -0.268713, -0.285648, -0.30383, -0.322577, -0.341199, -0.359021, -0.375416, -0.389817, -0.401743, -0.410803, -0.416706, -0.419249
-0.419249, -0.421788, -0.427659, -0.4366, -0.448246, -0.462125, -0.477684, -0.494312, -0.511375, -0.528239, -0.544298, -0.559, -0.571856, -0.582461, -0.590491, -0.595712, -0.597958
-0.597958, -0.600199, -0.605373, -0.613235, -0.623441, -0.635552, -0.649061, -0.663417, -0.678058, -0.692435, -0.706037, -0.718409, -0.729164, -0.737989, -0.744644, -0.748956, -0.750808
-0.750808, -0.752654, -0.756907, -0.76335, -0.771674, -0.781494, -0.792369, -0.803833, -0.815418, -0.826686, -0.837242, -0.84675, -0.854939, -0.861603, -0.866593, -0.869811, -0.871188
-0.871188, -0.872559, -0.875708, -0.880453, -0.886535, -0.893639, -0.90141, -0.909485, -0.917514, -0.925186, -0.932239, -0.938472, -0.943741, -0.947956, -0.951066, -0.95305, -0.953893
-0.953893, -0.95473, -0.956639, -0.95948, -0.963058, -0.967138, -0.971469, -0.975806, -0.979932, -0.983675, -0.986921, -0.989609, -0.99173, -0.993313, -0.994409, -0.995073, -0.995346
-0.995346, -0.995612, -0.996198, -0.997013, -0.997932, -0.998812, -0.999516, -0.999927, -0.999971, -0.999625, -0.998923, -0.99795, -0.996831, -0.995714, -0.994748, -0.994063, -0.993755
-0.993755, -0.993438, -0.992676, -0.991429, -0.989649, -0.987292, -0.984338, -0.980805, -0.976765, -0.972344, -0.967725, -0.963133, -0.958822, -0.955053, -0.952067, -0.950064, -0.949187
-0.949187, -0.948302, -0.946224, -0.94297, -0.938568, -0.933075, -0.926591, -0.919268, -0.911318, -0.903014, -0.894677, -0.886664, -0.879349, -0.873091, -0.868214, -0.864978, -0.86357
-0.86357, -0.862156, -0.858852, -0.853732, -0.846898, -0.838506, -0.828772, -0.817975, -0.806461, -0.794632, -0.782937, -0.771851, -0.761847, -0.753371, -0.746814, -0.742486, -0.740608
-0.740608, -0.738725, -0.734338, -0.727572, -0.718602, -0.707675, -0.695113, -0.681309, -0.666727, -0.651885, -0.637339, -0.623658, -0.611398, -0.601071, -0.593117, -0.587884, -0.585617
-0.585617, -0.583347, -0.578067, -0.569949, -0.55923, -0.54624, -0.531392, -0.515178, -0.49816, -0.480947, -0.464178, -0.448495, -0.434509, -0.422776, -0.41377, -0.407858, -0.405301
-0.405301, -0.402741, -0.396797, -0.387677, -0.375674, -0.361183, -0.344691, -0.326769, -0.308049, -0.289209, -0.270944, -0.253936, -0.238829, -0.226198, -0.21653, -0.210194, -0.207457
-0.207457, -0.204719, -0.198367, -0.18864, -0.175871, -0.160505, -0.143084, -0.124227, -0.104616, -0.0849649, -0.0659921, -0.048395, -0.0328202, -0.0198386, -0.00992477, -0.00344033, -0.000641603
-0.000641603, 0.00215713, 0.00864162, 0.0185556, 0.0315376, 0.0471133, 0.0647116, 0.0836862, 0.10334, 0.122954, 0.141814, 0.159239, 0.174608, 0.187379, 0.197109, 0.203462, 0.206202
0.206202, 0.20894, 0.215277, 0.224948, 0.237582, 0.252694, 0.269708, 0.287981, 0.306828, 0.325556, 0.343486, 0.359986, 0.374484, 0.386494, 0.395619, 0.401566, 0.404128
0.404128, 0.406686, 0.412602, 0.421613, 0.433353, 0.447348, 0.463041, 0.479821, 0.497047, 0.514078, 0.530305, 0.545165, 0.558166, 0.568894, 0.57702, 0.582304, 0.584577
0.584577, 0.586845, 0.592083, 0.600044, 0.610382, 0.622655, 0.63635, 0.650911, 0.66577, 0.680369, 0.694189, 0.706768, 0.717709, 0.726691, 0.733467, 0.737859, 0.739745
0.739745, 0.741626, 0.74596, 0.752526, 0.761015, 0.771034, 0.782138, 0.793852, 0.805701, 0.817236, 0.828053, 0.837806, 0.846215, 0.853063, 0.858194, 0.861505, 0.862923
0.862923, 0.864334, 0.867577, 0.872465, 0.878737, 0.88607, 0.894103, 0.902462, 0.910789, 0.918762, 0.926107, 0.932613, 0.938124, 0.942542, 0.945808, 0.947894, 0.948782
0.948782, 0.949663, 0.951674, 0.954672, 0.958457, 0.962787, 0.967401, 0.972044, 0.976489, 0.980554, 0.984111, 0.987087, 0.989464, 0.991261, 0.99252, 0.993291, 0.99361
0.99361, 0.993922, 0.994615, 0.995594, 0.996728, 0.997867, 0.998862, 0.999589, 0.99996, 0.999942, 0.999555, 0.998874, 0.998013, 0.997111, 0.996309, 0.995731, 0.995469
0.995469, 0.995199, 0.994544, 0.99346, 0.991894, 0.989793, 0.987127, 0.983905, 0.980187, 0.976086, 0.971773, 0.967464, 0.963403, 0.95984, 0.957012, 0.955111, 0.954278
0.954278, 0.953437, 0.951462, 0.948363, 0.944165, 0.938914, 0.932703, 0.925672, 0.918024, 0.910018, 0.901965, 0.894214, 0.887128, 0.88106, 0.876327, 0.873185, 0.871818
0.871818, 0.870443, 0.867233, 0.862254, 0.855604, 0.847432, 0.837943, 0.827407, 0.81616, 0.804595, 0.793151, 0.782294, 0.772489, 0.764178, 0.757745, 0.753498, 0.751655
0.751655, 0.749806, 0.7455, 0.738855, 0.730042, 0.719301, 0.706945, 0.69336, 0.679001, 0.664377, 0.650037, 0.636542, 0.624443, 0.614248, 0.606394, 0.601225, 0.598986
0.598986, 0.596743, 0.591527, 0.583503, 0.572908, 0.560063, 0.545374, 0.529328, 0.512478, 0.495427, 0.478811, 0.463263, 0.449393, 0.437754, 0.428818, 0.422951, 0.420413
0.420413, 0.417872, 0.411972, 0.402918, 0.390999, 0.376605, 0.360219, 0.342405, 0.323792, 0.305052, 0.286878, 0.269949, 0.254908, 0.242329, 0.232698, 0.226387, 0.22366
0.22366, 0.220931, 0.214602, 0.204908, 0.19218, 0.17686, 0.159485, 0.140674, 0.121103, 0.101485, 0.0825387, 0.0649608, 0.0493986, 0.0364245, 0.0265145, 0.0200316, 0.0172334

-0.939124, -0.938159, -0.935894, -0.932355, -0.927582, -0.921645, -0.914663, -0.906807, -0.898309, -0.889461, -0.880605, -0.872116, -0.864383, -0.857781, -0.852642, -0.849236, -0.847755
-0.847755, -0.846267, -0.842795, -0.837417, -0.830249, -0.82146, -0.811281, -0.80001, -0.788011, -0.775705, -0.763557, -0.752057, -0.741692, -0.732919, -0.726138, -0.721664, -0.719724
-0.719724, -0.717778, -0.713248, -0.706264, -0.697011, -0.685749, -0.672814, -0.658617, -0.643635, -0.628402, -0.613488, -0.599474, -0.586925, -0.576362, -0.568231, -0.562884, -0.560568
-0.560568, -0.558248, -0.552856, -0.544567, -0.53363, -0.520383, -0.505251, -0.488741, -0.471424, -0.453924, -0.436889, -0.420967, -0.406777, -0.394879, -0.385751, -0.37976, -0.37717
-0.37717, -0.374576, -0.368556, -0.359321, -0.347172, -0.332512, -0.315838, -0.297729, -0.278826, -0.259815, -0.241395, -0.224254, -0.209036, -0.19632, -0.186588, -0.180214, -0.17746
-0.17746, -0.174705, -0.168317, -0.158535, -0.1457, -0.130261, -0.112766, -0.0938409, -0.0741701, -0.0544705, -0.0354627, -0.0178431, -0.00225612, 0.0107298, 0.0206436, 0.0271263, 0.0299239
0.0299239, 0.0327212, 0.0392016, 0.0491069, 0.0620729, 0.0776225, 0.0951825, 0.114105, 0.133694, 0.15323, 0.172004, 0.189339, 0.204622, 0.217315, 0.226983, 0.233293, 0.236014
0.236014, 0.238733, 0.245025, 0.254625, 0.267161, 0.28215, 0.299015, 0.317117, 0.335775, 0.354304, 0.372031, 0.388334, 0.40265, 0.414503, 0.423506, 0.429371, 0.431897
0.431897, 0.43442, 0.440251, 0.449132, 0.460696, 0.474475, 0.489916, 0.506414, 0.523336, 0.540055, 0.55597, 0.570534, 0.583266, 0.593765, 0.601714, 0.60688, 0.609102
0.609102, 0.61132, 0.616439, 0.624215, 0.634308, 0.646281, 0.65963, 0.673811, 0.688265, 0.702451, 0.715866, 0.728061, 0.738658, 0.747349, 0.7539, 0.758145, 0.759967
0.759967, 0.761783, 0.765968, 0.772304, 0.780488, 0.790138, 0.800818, 0.812068, 0.823429, 0.834469, 0.844803, 0.854102, 0.862106, 0.868613, 0.873483, 0.876622, 0.877965
0.877965, 0.879302, 0.882371, 0.886994, 0.892915, 0.899825, 0.907374, 0.915207, 0.922983, 0.9304, 0.937206, 0.943207, 0.948271, 0.952313, 0.955292, 0.957189, 0.957995
0.957995, 0.958794, 0.960616, 0.963324, 0.966728, 0.970597, 0.974689, 0.978766, 0.982622, 0.986094, 0.989078, 0.991522, 0.993427, 0.99483, 0.995788, 0.996361, 0.996596
0.996596, 0.996823, 0.997318, 0.997995, 0.998733, 0.999396, 0.999853, 0.999998, 0.999766, 0.999144, 0.998176, 0.996957, 0.995621, 0.994324, 0.99322, 0.992445, 0.992098
0.992098, 0.991743, 0.99089, 0.989506, 0.987547, 0.984974, 0.981777, 0.977984, 0.973674, 0.968985, 0.964108, 0.959278, 0.954759, 0.950817, 0.947699, 0.945609, 0.944695
0.944695, 0.943774, 0.94161, 0.938226, 0.933653, 0.927957, 0.921244, 0.913676, 0.905475, 0.896921, 0.888346, 0.880114, 0.872607, 0.866191, 0.861194, 0.85788, 0.856439
0.856439, 0.85499, 0.851609, 0.84637, 0.839383, 0.830808, 0.82087, 0.809855, 0.798118, 0.786069, 0.774166, 0.762889, 0.752719, 0.744106, 0.737446, 0.733051, 0.731144
0.731144, 0.729232, 0.724779, 0.717913, 0.708812, 0.697731, 0.684997, 0.671011, 0.656245, 0.641222, 0.626506, 0.612672, 0.600278, 0.589842, 0.581806, 0.57652, 0.574231
0.574231, 0.571937, 0.566606, 0.558408, 0.547589, 0.53448, 0.5195, 0.503149, 0.485992, 0.468645, 0.451753, 0.435959, 0.421878, 0.410069, 0.401006, 0.395057, 0.392484
0.392484, 0.389909, 0.383929, 0.374755, 0.362684, 0.348114, 0.331537, 0.313527, 0.294722, 0.275802, 0.257463, 0.240392, 0.225233, 0.212562, 0.202863, 0.196509, 0.193764
0.193764, 0.191018, 0.184649, 0.174895, 0.162095, 0.146694, 0.129237, 0.110347, 0.0907061, 0.0710303, 0.0520393, 0.0344298, 0.0188477, 0.00586257, -0.00405236, -0.0105368, -0.0133353
-0.0133353, -0.0161337, -0.0226171, -0.0325283, -0.0455045, -0.06107, -0.0786529, -0.0976059, -0.117232, -0.136813, -0.155635, -0.173022, -0.188353, -0.20109, -0.210793, -0.217127, -0.219858
-0.219858, -0.222588, -0.228905, -0.238545, -0.251136, -0.266193, -0.283141, -0.301337, -0.320101, -0.338739, -0.356579, -0.37299, -0.387408, -0.399347, -0.408417, -0.414327, -0.416873
-0.416873, -0.419415, -0.425293, -0.434246, -0.445907, -0.459804, -0.475384, -0.492037, -0.509126, -0.526016, -0.542103, -0.556829, -0.569709, -0.580333, -0.588379, -0.59361, -0.59586
-0.59586, -0.598105, -0.603289, -0.611167, -0.621394, -0.633531, -0.647069, -0.661458, -0.676134, -0.690546, -0.704182, -0.716587, -0.727372, -0.736222, -0.742896, -0.747221, -0.749078
-0.749078, -0.750929, -0.755196, -0.761658, -0.770008, -0.77986, -0.790771, -0.802274, -0.813901, -0.825211, -0.835809, -0.845355, -0.853579, -0.860273, -0.865285, -0.868518, -0.869901
-0.869901, -0.871278, -0.874443, -0.87921, -0.885322, -0.892463, -0.900275, -0.908395, -0.916471, -0.92419, -0.93129, -0.937565, -0.942873, -0.94712, -0.950255, -0.952254, -0.953105
-0.953105, -0.953948, -0.955874, -0.958739, -0.96235, -0.96647, -0.970846, -0.975231, -0.979407, -0.983201, -0.986496, -0.98923, -0.991391, -0.993008, -0.994129, -0.99481, -0.995091
-0.995091, -0.995364, -0.995967, -0.996807, -0.99776, -0.998682, -0.999431, -0.999892, -0.999987, -0.999693, -0.999041, -0.998114, -0.997035, -0.995952, -0.995012, -0.994344, -0.994043
-0.994043, -0.993734, -0.992988, -0.991767, -0.990021, -0.987704, -0.984795, -0.981312, -0.977322, -0.972952, -0.968381, -0.963833, -0.959562, -0.955825, -0.952864, -0.950877, -0.950007
-0.950007, -0.949129, -0.947067, -0.943838, -0.939467, -0.934012, -0.927571, -0.920294, -0.912392, -0.904134, -0.895842, -0.887871, -0.880591, -0.874363, -0.869509, -0.866288, -0.864886
-0.864886, -0.863478, -0.860189, -0.85509, -0.848286, -0.839928, -0.830233, -0.819477, -0.808004, -0.796217, -0.784562, -0.773511, -0.763538, -0.755088, -0.748551, -0.744235, -0.742363
-0.742363, -0.740485, -0.736111, -0.729364, -0.720419, -0.709521, -0.69699, -0.683221, -0.668674, -0.653866, -0.639352, -0.625701, -0.613466, -0.603159, -0.595221, -0.589997, -0.587735
-0.587735, -0.585469, -0.5802, -0.572096, -0.561397, -0.548429, -0.533606, -0.517418, -0.500426, -0.483238, -0.466493, -0.450831, -0.436863, -0.425145, -0.41615, -0.410245, -0.407691
-0.407691, -0.405134, -0.399196, -0.390086, -0.378096, -0.36362, -0.347145, -0.329239, -0.310536, -0.291712, -0.27346, -0.256465, -0.241367, -0.228745, -0.219082, -0.21275, -0.210015
-0.210015, -0.207278, -0.20093, -0.191207, -0.178445, -0.163086, -0.145672, -0.126822, -0.107217, -0.0875705, -0.0686015, -0.0510072, -0.035434, -0.0224534, -0.01254, -0.00605565, -0.00325695
-0.00325695, -0.000458221, 0.00602634, 0.0159407, 0.0289235, 0.0445007, 0.0621016, 0.0810798, 0.100739, 0.120358, 0.139224, 0.156656, 0.172032, 0.18481, 0.194544, 0.200901, 0.203642
0.203642, 0.206381, 0.212722, 0.222399, 0.235041, 0.250163, 0.267189, 0.285475, 0.304338, 0.323082, 0.341029, 0.357545, 0.372058, 0.38408, 0.393216, 0.39917, 0.401734
0.401734, 0.404296, 0.410218, 0.41924, 0.430994, 0.445007, 0.460722, 0.477525, 0.494775, 0.511833, 0.528086, 0.542971, 0.555994, 0.566741, 0.574882, 0.580176, 0.582453
0.582453, 0.584726, 0.589974, 0.59795, 0.608308, 0.620606, 0.63433, 0.648924, 0.663816, 0.67845, 0.692305, 0.704916, 0.715886, 0.724892, 0.731687, 0.736091, 0.737983
0.737983, 0.739869, 0.744216, 0.750802, 0.759316, 0.769366, 0.780506, 0.792259, 0.804149, 0.815726, 0.826584, 0.836376, 0.844818, 0.851695, 0.856849, 0.860174, 0.861598
0.861598, 0.863015, 0.866273, 0.871184, 0.877486, 0.884855, 0.892928, 0.901332, 0.909706, 0.917726, 0.925117, 0.931666, 0.937216, 0.941665, 0.944956, 0.947058, 0.947953
0.947953, 0.94884, 0.950868, 0.95389, 0.957708, 0.962077, 0.966735, 0.971426, 0.975922, 0.980038, 0.983643, 0.986665, 0.989082, 0.990912, 0.992197, 0.992985, 0.993312
0.993312, 0.993631, 0.994341, 0.995345, 0.996513, 0.997692, 0.998734, 0.99951, 0.999933, 0.999966, 0.99963, 0.998995, 0.998175, 0.997306, 0.99653, 0.995969, 0.995714
0.995714, 0.995452, 0.994813, 0.993756, 0.992223, 0.990162, 0.987542, 0.984369, 0.980701, 0.976651, 0.972387, 0.968122, 0.9641, 0.960571, 0.957767, 0.955882, 0.955056
0.955056, 0.954223, 0.952263, 0.94919, 0.945023, 0.939811, 0.933643, 0.926658, 0.919058, 0.911099, 0.903092, 0.895382, 0.888332, 0.882294, 0.877584, 0.874457, 0.873096
0.873096, 0.871728, 0.868532, 0.863575, 0.856955, 0.848817, 0.839367, 0.828873, 0.817669, 0.806145, 0.794741, 0.78392, 0.774148, 0.765862, 0.759449, 0.755215, 0.753377
0.753377, 0.751534, 0.74724, 0.740615, 0.731827, 0.721115, 0.708792, 0.695242, 0.680919, 0.66633, 0.652022, 0.638557, 0.626484, 0.61631, 0.608471, 0.603313, 0.601078

-0.96191, -0.962671, -0.964406, -0.966981, -0.970209, -0.973867, -0.977719, -0.981536, -0.98512, -0.988321, -0.991041, -0.993241, -0.99493, -0.996152, -0.996972, -0.997455, -0.997651
-0.997651, -0.997839, -0.998244, -0.998782, -0.999339, -0.999784, -0.999995, -0.999874, -0.999366, -0.998469, -0.997235, -0.995771, -0.994218, -0.992739, -0.991498, -0.990633, -0.990247
-0.990247, -0.989853, -0.988911, -0.98739, -0.985251, -0.982464, -0.979025, -0.974972, -0.970393, -0.965436, -0.960303, -0.955237, -0.950509, -0.946395, -0.943146, -0.94097, -0.940019
-0.940019, -0.939061, -0.936812, -0.933298, -0.928556, -0.922657, -0.915717, -0.907906, -0.899455, -0.890653, -0.881841, -0.873393, -0.865696, -0.859122, -0.854006, -0.850614, -0.849139
-0.849139, -0.847658, -0.8442, -0.838844, -0.831704, -0.822948, -0.812807, -0.801577, -0.789618, -0.777352, -0.765243, -0.753778, -0.743444, -0.734696, -0.727934, -0.723472, -0.721537
-0.721537, -0.719597, -0.715079, -0.708113, -0.698884, -0.68765, -0.674747, -0.660583, -0.645634, -0.630434, -0.615551, -0.601565, -0.589041, -0.578497, -0.570382, -0.565043, -0.562732
-0.562732, -0.560416, -0.555034, -0.546759, -0.53584, -0.522614, -0.507507, -0.491021, -0.473729, -0.456253, -0.43924, -0.423337, -0.409164, -0.397281, -0.388163, -0.382178, -0.379591
-0.379591, -0.377, -0.370986, -0.36176, -0.349623, -0.334977, -0.318318, -0.300224, -0.281337, -0.26234, -0.243933, -0.226802, -0.211593, -0.198884, -0.189157, -0.182786, -0.180033
-0.180033, -0.17728, -0.170894, -0.161117, -0.148287, -0.132854, -0.115364, -0.0964443, -0.076778, -0.0570818, -0.0380763, -0.0204579, -0.00487146, 0.00811461, 0.0180287, 0.0245118, 0.0273096
0.0273096, 0.0301072, 0.0365882, 0.0464945, 0.0594624, 0.0750148, 0.0925787, 0.111506, 0.131101, 0.150645, 0.169427, 0.186771, 0.202061, 0.214762, 0.224435, 0.230749, 0.233472
0.233472, 0.236192, 0.242488, 0.252095, 0.26464, 0.27964, 0.296518, 0.314635, 0.333311, 0.351857, 0.369602, 0.385922, 0.400255, 0.412122, 0.421135, 0.427008, 0.429537
0.429537, 0.432062, 0.437901, 0.446793, 0.458373, 0.472171, 0.487634, 0.504157, 0.521106, 0.537852, 0.553795, 0.568384, 0.58114, 0.591659, 0.599623, 0.6048, 0.607026
0.607026, 0.609248, 0.614377, 0.62217, 0.632284, 0.644283, 0.657662, 0.671876, 0.686366, 0.700588, 0.714037, 0.726266, 0.736892, 0.745609, 0.752179, 0.756437, 0.758264
0.758264, 0.760086, 0.764284, 0.77064, 0.77885, 0.788532, 0.799249, 0.810539, 0.821942, 0.833025, 0.843401, 0.852739, 0.860777, 0.867314, 0.872207, 0.87536, 0.87671
0.87671, 0.878053, 0.881138, 0.885783, 0.891735, 0.898681, 0.906272, 0.91415, 0.921974, 0.929438, 0.93629, 0.942335, 0.947437, 0.951512, 0.954515, 0.956429, 0.957242
0.957242, 0.958048, 0.959886, 0.962619, 0.966055, 0.969965, 0.974101, 0.978227, 0.982133, 0.985656, 0.988689, 0.991179, 0.993124, 0.994561, 0.995544, 0.996135, 0.996377
0.996377, 0.996611, 0.997124, 0.997826, 0.998598, 0.999302, 0.999805, 1, 0.999819, 0.999249, 0.998331, 0.997158, 0.995862, 0.994598, 0.99352, 0.992763, 0.992423
0.992423, 0.992075, 0.991239, 0.989881, 0.987955, 0.985423, 0.982271, 0.978527, 0.974267, 0.969628, 0.964799, 0.960014, 0.955534, 0.951624, 0.948531, 0.946457, 0.94555
0.94555, 0.944635, 0.942488, 0.939127, 0.934587, 0.928928, 0.922258, 0.914736, 0.906582, 0.898075, 0.889543, 0.881353, 0.873882, 0.867495, 0.86252, 0.859221, 0.857786
0.857786, 0.856344, 0.852977, 0.84776, 0.840801, 0.832261, 0.822361, 0.811387, 0.799691, 0.787683, 0.775819, 0.764577, 0.754438, 0.745851, 0.73921, 0.734827, 0.732926
0.732926, 0.731019, 0.726579, 0.719731, 0.710655, 0.699602, 0.6869, 0.672948, 0.658216, 0.643227, 0.628543, 0.614737, 0.602368, 0.591951, 0.583931, 0.578655, 0.57637
0.57637, 0.574081, 0.568759, 0.560576, 0.549775, 0.536688, 0.521733, 0.505407, 0.488276, 0.470954, 0.454085, 0.438311, 0.424248, 0.412453, 0.4034, 0.397458, 0.394888
0.394888, 0.392316, 0.386343, 0.377179, 0.36512, 0.350565, 0.334004, 0.316009, 0.29722, 0.278314, 0.25999, 0.24293, 0.22778, 0.215117, 0.205423, 0.199073, 0.196329
0.196329, 0.193584, 0.187218, 0.17747, 0.164675, 0.149281, 0.13183, 0.112946, 0.0933104, 0.0736388, 0.0546509, 0.0370435, 0.0214625, 0.00847785, -0.00143702, -0.00792154, -0.0107201
-0.0107201, -0.0135187, -0.0200024, -0.0299142, -0.0428917, -0.0584594, -0.0760454, -0.0950027, -0.114634, -0.134222, -0.153051, -0.170445, -0.185784, -0.198528, -0.208235, -0.214573, -0.217306
-0.217306, -0.220037, -0.226358, -0.236004, -0.248603, -0.263671, -0.280632, -0.298843, -0.317622, -0.336277, -0.354135, -0.370563, -0.384995, -0.396948, -0.406028, -0.411946, -0.414494
-0.414494, -0.41704, -0.422925, -0.431888, -0.443564, -0.45748, -0.473082, -0.489759, -0.506873, -0.52379, -0.539903, -0.554655, -0.567557, -0.578201, -0.586262, -0.591503, -0.593757
-0.593757, -0.596007, -0.601201, -0.609095, -0.619342, -0.631505, -0.645073, -0.659495, -0.674204, -0.688652, -0.702323, -0.71476, -0.725575, -0.73445, -0.741142, -0.74548, -0.747343
-0.747343, -0.749199, -0.753479, -0.75996, -0.768337, -0.77822, -0.789167, -0.80071, -0.812379, -0.823731, -0.83437, -0.843955, -0.852214, -0.858936, -0.863971, -0.867218, -0.868608
-0.868608, -0.869992, -0.873171, -0.877961, -0.884103, -0.89128, -0.899133, -0.907298, -0.915421, -0.923188, -0.930334, -0.936653, -0.941998, -0.946277, -0.949437, -0.951453, -0.95231
-0.95231, -0.953161, -0.955102, -0.957993, -0.961636, -0.965795, -0.970216, -0.974649, -0.978875, -0.982721, -0.986064, -0.988843, -0.991045, -0.992696, -0.993843, -0.994541, -0.994829
-0.994829, -0.995109, -0.995729, -0.996595, -0.997582, -0.998544, -0.99934, -0.99985, -0.999997, -0.999754, -0.999152, -0.998271, -0.997233, -0.996184, -0.995269, -0.994618, -0.994325
-0.994325, -0.994023, -0.993294, -0.992099, -0.990386, -0.98811, -0.985246, -0.981812, -0.977873, -0.973553, -0.96903, -0.964527, -0.960295, -0.956591, -0.953654, -0.951683, -0.95082
-0.95082, -0.949949, -0.947904, -0.944698, -0.94036, -0.934944, -0.928545, -0.921314, -0.913459, -0.905249, -0.897001, -0.889071, -0.881827, -0.875629, -0.870798, -0.867591, -0.866196
-0.866196, -0.864794, -0.86152, -0.856444, -0.849668, -0.841345, -0.831688, -0.820973, -0.809542, -0.797796, -0.786181, -0.775166, -0.765225, -0.7568, -0.750282, -0.745979, -0.744113
-0.744113, -0.74224, -0.737879, -0.731151, -0.72223, -0.711361, -0.698863, -0.685128, -0.670616, -0.655843, -0.641361, -0.627739, -0.615529, -0.605243, -0.59732, -0.592107, -0.589849
-0.589849, -0.587587, -0.582328, -0.574239, -0.563559, -0.550614, -0.535816, -0.519654, -0.502688, -0.485526, -0.468805, -0.453164, -0.439214, -0.427511, -0.418527, -0.412628, -0.410077
-0.410077, -0.407523, -0.401593, -0.392493, -0.380516, -0.366055, -0.349597, -0.331708, -0.313021, -0.294213, -0.275975, -0.258992, -0.243905, -0.231291, -0.221633, -0.215305, -0.212571
-0.212571, -0.209836, -0.203491, -0.193774, -0.181018, -0.165666, -0.148259, -0.129416, -0.109817, -0.0901755, -0.0712105, -0.0536189, -0.0380476, -0.025068, -0.0151551, -0.00867093, -0.00587227
-0.00587227, -0.00307357, 0.00341102, 0.0133256, 0.0263091, 0.0418878, 0.059491, 0.0784728, 0.0981362, 0.117761, 0.136634, 0.154073, 0.169455, 0.182239, 0.191978, 0.198338, 0.201081
0.201081, 0.203821, 0.210166, 0.219849, 0.232498, 0.24763, 0.264668, 0.282968, 0.301845, 0.320605, 0.338569, 0.355101, 0.369629, 0.381664, 0.39081, 0.39677, 0.399338
0.399338, 0.401902, 0.407831, 0.416864, 0.428633, 0.442663, 0.458399, 0.475225, 0.492501, 0.509585, 0.525863, 0.540773, 0.553818, 0.564584, 0.57274, 0.578043, 0.580325
0.580325, 0.582602, 0.58786, 0.595852, 0.60623, 0.618553, 0.632306, 0.646932, 0.661858, 0.676526, 0.690415, 0.703058, 0.714057, 0.723088, 0.729901, 0.734319, 0.736216
0.736216, 0.738107, 0.742466, 0.749071, 0.757611, 0.767693, 0.778868, 0.79066, 0.802592, 0.814211, 0.825109, 0.834939, 0.843416, 0.850322, 0.855498, 0.858837, 0.860268
0.860268, 0.861691, 0.864964, 0.869897, 0.876228, 0.883633, 0.891748, 0.900196, 0.908617, 0.916684, 0.924121, 0.930712, 0.9363, 0.940782, 0.944097, 0.946215, 0.947117
0.947117, 0.948011, 0.950055, 0.953102, 0.956952, 0.96136, 0.966063, 0.970802, 0.975348, 0.979514, 0.983168, 0.986236, 0.988693, 0.990557, 0.991868, 0.992672, 0.993007
0.993007, 0.993333, 0.99406, 0.99509, 0.996291, 0.997511, 0.998599, 0.999425, 0.9999, 0.999984, 0.999697, 0.999109, 0.998329, 0.997495, 0.996744, 0.996201, 0.995953
0.995953, 0.995697, 0.995076, 0.994044, 0.992545, 0.990525, 0.98795, 0.984827, 0.981209, 0.977209, 0.972994, 0.968774, 0.964791, 0.961295, 0.958516, 0.956647, 0.955828

-0.618074, -0.620272, -0.625345, -0.633051, -0.64305, -0.654909, -0.668127, -0.682163, -0.696463, -0.710492, -0.723753, -0.735803, -0.746269, -0.75485, -0.761316, -0.765504, -0.767302
-0.767302, -0.769094, -0.773222, -0.779472, -0.787541, -0.797051, -0.807571, -0.818646, -0.829823, -0.840676, -0.850828, -0.859957, -0.867807, -0.874187, -0.878958, -0.882032, -0.883348
-0.883348, -0.884656, -0.887661, -0.892183, -0.897973, -0.904723, -0.912091, -0.919726, -0.927296, -0.934505, -0.941108, -0.946921, -0.951817, -0.955719, -0.958589, -0.960416, -0.961192
-0.961192, -0.96196, -0.963711, -0.966311, -0.969572, -0.97327, -0.977166, -0.981032, -0.984667, -0.987919, -0.990689, -0.992934, -0.994663, -0.995919, -0.996765, -0.997265, -0.997468
-0.997468, -0.997663, -0.998085, -0.99865, -0.99924, -0.999726, -0.999983, -0.999912, -0.999456, -0.99861, -0.997426, -0.996008, -0.994495, -0.993051, -0.991835, -0.990987, -0.990608
-0.990608, -0.990222, -0.989296, -0.987801, -0.985695, -0.982949, -0.979555, -0.97555, -0.971022, -0.966115, -0.961029, -0.956007, -0.951319, -0.947236, -0.944012, -0.941852, -0.940908
-0.940908, -0.939957, -0.937724, -0.934234, -0.929523, -0.923662, -0.916765, -0.908999, -0.900595, -0.891839, -0.883071, -0.874664, -0.867002, -0.860458, -0.855364, -0.851986, -0.850518
-0.850518, -0.849042, -0.845599, -0.840264, -0.833153, -0.824431, -0.814328, -0.803138, -0.791221, -0.778995, -0.766924, -0.755494, -0.74519, -0.736468, -0.729725, -0.725275, -0.723346
-0.723346, -0.72141, -0.716905, -0.709957, -0.700752, -0.689547, -0.676675, -0.662544, -0.647629, -0.632462, -0.61761, -0.603653, -0.591152, -0.580629, -0.572528, -0.567199, -0.564892
-0.564892, -0.56258, -0.557207, -0.548947, -0.538047, -0.524842, -0.509758, -0.493297, -0.476031, -0.458578, -0.441588, -0.425705, -0.411549, -0.39968, -0.390572, -0.384594, -0.382009
-0.382009, -0.379421, -0.373413, -0.364197, -0.352073, -0.337441, -0.320797, -0.302718, -0.283846, -0.264863, -0.246468, -0.229348, -0.214149, -0.201446, -0.191725, -0.185356, -0.182605
-0.182605, -0.179853, -0.17347, -0.163697, -0.150873, -0.135446, -0.117962, -0.0990472, -0.0793854, -0.0596927, -0.0406896, -0.0230727, -0.00748676, 0.00549932, 0.0154137, 0.0218972, 0.0246951
0.0246951, 0.0274929, 0.0339744, 0.0438819, 0.0568515, 0.0724066, 0.0899743, 0.108907, 0.128508, 0.148059, 0.166848, 0.184201, 0.199499, 0.212207, 0.221885, 0.228204, 0.230928
0.230928, 0.23365, 0.23995, 0.249563, 0.262117, 0.277128, 0.294019, 0.312151, 0.330844, 0.349407, 0.367171, 0.383508, 0.397857, 0.409737, 0.418761, 0.424641, 0.427173
0.427173, 0.429702, 0.435549, 0.444452, 0.456047, 0.469864, 0.485349, 0.501897, 0.518872, 0.535645, 0.551615, 0.56623, 0.579009, 0.589548, 0.597528, 0.602715, 0.604946
0.604946, 0.607172, 0.612312, 0.62012, 0.630255, 0.642281, 0.65569, 0.669937, 0.684461, 0.698719, 0.712204, 0.724465, 0.735122, 0.743863, 0.750453, 0.754723, 0.756556
0.756556, 0.758384, 0.762594, 0.768971, 0.777207, 0.786921, 0.797675, 0.809005, 0.82045, 0.831576, 0.841992, 0.85137, 0.859443, 0.86601, 0.870925, 0.874093, 0.875449
0.875449, 0.876798, 0.879898, 0.884566, 0.890548, 0.89753, 0.905163, 0.913086, 0.920958, 0.92847, 0.935368, 0.941457, 0.946597, 0.950704, 0.953732, 0.955662, 0.956482
0.956482, 0.957295, 0.95915, 0.961907, 0.965376, 0.969325, 0.973507, 0.977681, 0.981638, 0.985212, 0.988293, 0.990829, 0.992815, 0.994285, 0.995294, 0.995902, 0.996151
0.996151, 0.996393, 0.996922, 0.99765, 0.998456, 0.9992, 0.99975, 0.999994, 0.999866, 0.999347, 0.998479, 0.997352, 0.996097, 0.994866, 0.993814, 0.993073, 0.99274
0.99274, 0.9924, 0.991581, 0.990249, 0.988356, 0.985864, 0.982758, 0.979062, 0.974853, 0.970264, 0.965484, 0.960743, 0.956302, 0.952424, 0.949356, 0.947298, 0.946398
0.946398, 0.94549, 0.943359, 0.940023, 0.935514, 0.929893, 0.923266, 0.91579, 0.907683, 0.899222, 0.890735, 0.882586, 0.87515, 0.868793, 0.863841, 0.860556, 0.859127
0.859127, 0.857692, 0.854339, 0.849144, 0.842214, 0.833708, 0.823846, 0.812913, 0.801258, 0.789291, 0.777466, 0.76626, 0.756152, 0.74759, 0.740969, 0.736598, 0.734703
0.734703, 0.732801, 0.728373, 0.721544, 0.712492, 0.701469, 0.688798, 0.67488, 0.660182, 0.645227, 0.630575, 0.616797, 0.604453, 0.594057, 0.586052, 0.580786, 0.578505
0.578505, 0.57622, 0.570908, 0.56274, 0.551958, 0.538893, 0.523962, 0.507662, 0.490557, 0.47326, 0.456413, 0.44066, 0.426614, 0.414834, 0.405792, 0.399857, 0.39729
0.39729, 0.39472, 0.388754, 0.3796, 0.367554, 0.353013, 0.336468, 0.31849, 0.299716, 0.280826, 0.262514, 0.245466, 0.230326, 0.21767, 0.207982, 0.201635, 0.198893
0.198893, 0.19615, 0.189787, 0.180043, 0.167254, 0.151866, 0.134422, 0.115544, 0.095914, 0.0762468, 0.0572622, 0.039657, 0.0240772, 0.0110931, 0.00117833, -0.00530625, -0.00810491
-0.00810491, -0.0109035, -0.0173875, -0.0272999, -0.0402786, -0.0558483, -0.0734373, -0.0923989, -0.112036, -0.131629, -0.150466, -0.167867, -0.183213, -0.195964, -0.205677, -0.212018, -0.214752
-0.214752, -0.217485, -0.22381, -0.233462, -0.246069, -0.261147, -0.27812, -0.296346, -0.315141, -0.333813, -0.351688, -0.368132, -0.38258, -0.394546, -0.403637, -0.409561, -0.412113
-0.412113, -0.414661, -0.420553, -0.429528, -0.441219, -0.455153, -0.470776, -0.487477, -0.504617, -0.521561, -0.5377, -0.552477, -0.565402, -0.576065, -0.584141, -0.589392, -0.591651
-0.591651, -0.593905, -0.599109, -0.607018, -0.617287, -0.629475, -0.643072, -0.657526, -0.672271, -0.686753, -0.700459, -0.712929, -0.723773, -0.732672, -0.739384, -0.743734, -0.745602
-0.745602, -0.747465, -0.751756, -0.758258, -0.76666, -0.776575, -0.787558, -0.799141, -0.810851, -0.822246, -0.832925, -0.84255, -0.850843, -0.857594, -0.862651, -0.865913, -0.86731
-0.86731, -0.868699, -0.871893, -0.876705, -0.882878, -0.890091, -0.897986, -0.906195, -0.914366, -0.92218, -0.929371, -0.935733, -0.941117, -0.945428, -0.948612, -0.950644, -0.951509
-0.951509, -0.952366, -0.954324, -0.957239, -0.960915, -0.965114, -0.969579, -0.97406, -0.978337, -0.982233, -0.985626, -0.98845, -0.990693, -0.992377, -0.99355, -0.994264, -0.99456
-0.99456, -0.994847, -0.995484, -0.996376, -0.997397, -0.998399, -0.999241, -0.999801, -1, -0.999809, -0.999256, -0.998421, -0.997424, -0.996409, -0.99552, -0.994886, -0.994599
-0.994599, -0.994305, -0.993593, -0.992424, -0.990745, -0.988508, -0.985691, -0.982305, -0.978417, -0.974147, -0.969672, -0.965214, -0.961021, -0.95735, -0.954438, -0.952483, -0.951627
-0.951627, -0.950763, -0.948733, -0.945553, -0.941247, -0.935868, -0.929513, -0.922328, -0.91452, -0.906357, -0.898154, -0.890265, -0.883058, -0.87689, -0.87208, -0.868889, -0.8675
-0.8675, -0.866104, -0.862845, -0.857791, -0.851044, -0.842756, -0.833137, -0.822464, -0.811075, -0.799371, -0.787794, -0.776816, -0.766906, -0.758507, -0.752009, -0.747719, -0.745857
-0.745857, -0.74399, -0.739642, -0.732933, -0.724036, -0.713197, -0.700732, -0.687031, -0.672554, -0.657815, -0.643365, -0.629772, -0.617588, -0.607322, -0.599416, -0.594213, -0.591959
-0.591959, -0.589701, -0.584452, -0.576378, -0.565718, -0.552796, -0.538022, -0.521887, -0.504947, -0.487811, -0.471114, -0.455494, -0.441562, -0.429873, -0.4209, -0.415009, -0.412461
-0.412461, -0.40991, -0.403987, -0.394897, -0.382934, -0.368488, -0.352046, -0.334174, -0.315504, -0.296711, -0.278488, -0.261517, -0.24644, -0.233834, -0.224183, -0.217858, -0.215126
-0.215126, -0.212392, -0.206051, -0.196339, -0.183589, -0.168245, -0.150844, -0.132009, -0.112416, -0.0927799, -0.0738189, -0.0562303, -0.0406609, -0.0276824, -0.0177701, -0.0112861, -0.00848755
-0.00848755, -0.00568889, 0.000795682, 0.0107105, 0.0236946, 0.0392746, 0.0568801, 0.0758652, 0.0955331, 0.115164, 0.134043, 0.151488, 0.166877, 0.179666, 0.189411, 0.195774, 0.198518
0.198518, 0.20126, 0.207608, 0.217297, 0.229954, 0.245095, 0.262145, 0.280458, 0.299351, 0.318127, 0.336107, 0.352655, 0.367198, 0.379245, 0.388401, 0.394368, 0.396939
0.396939, 0.399506, 0.405442, 0.414485, 0.426268, 0.440317, 0.456073, 0.472923, 0.490223, 0.507332, 0.523636, 0.538571, 0.551639, 0.562424, 0.570594, 0.575907, 0.578193
0.578193, 0.580474, 0.585742, 0.593749, 0.604148, 0.616496, 0.630278, 0.644935, 0.659895, 0.674598, 0.688521, 0.701196, 0.712224, 0.721279, 0.728111, 0.732541, 0.734443
0.734443, 0.73634, 0.740712, 0.747336, 0.755902, 0.766014, 0.777225, 0.789056, 0.801029, 0.81269, 0.823629, 0.833497, 0.842008, 0.848942, 0.85414, 0.857495, 0.858931
0.858931, 0.860361, 0.863648, 0.868604, 0.874965, 0.882406, 0.890561, 0.899054, 0.907522, 0.915636, 0.923119, 0.929752, 0.935379, 0.939892, 0.943231, 0.945365, 0.946274

-0.0386653, -0.0414618, -0.0479399, -0.057841, -0.0708002, -0.0863397, -0.103886, -0.12279, -0.142356, -0.161867, -0.180613, -0.19792, -0.213175, -0.225845, -0.235492, -0.241789, -0.244504
-0.244504, -0.247217, -0.253495, -0.263074, -0.27558, -0.29053, -0.30735, -0.325399, -0.344001, -0.362469, -0.380136, -0.396379, -0.410641, -0.422447, -0.431413, -0.437254, -0.439769
-0.439769, -0.442281, -0.448088, -0.456929, -0.468442, -0.482156, -0.497522, -0.513937, -0.53077, -0.547396, -0.563219, -0.577696, -0.590348, -0.60078, -0.608677, -0.613809, -0.616016
-0.616016, -0.618218, -0.623302, -0.631025, -0.641045, -0.652931, -0.666179, -0.680248, -0.694584, -0.70865, -0.721945, -0.734029, -0.744526, -0.753132, -0.759618, -0.763819, -0.765622
-0.765622, -0.76742, -0.771561, -0.777831, -0.785926, -0.795469, -0.806026, -0.817141, -0.828361, -0.839257, -0.849451, -0.858619, -0.866505, -0.872914, -0.877708, -0.880797, -0.882119
-0.882119, -0.883434, -0.886453, -0.890999, -0.896819, -0.903606, -0.911016, -0.918697, -0.926314, -0.93357, -0.94022, -0.946077, -0.951011, -0.954946, -0.957841, -0.959684, -0.960467
-0.960467, -0.961242, -0.96301, -0.965634, -0.968928, -0.972666, -0.976607, -0.980522, -0.984208, -0.98751, -0.990329, -0.992621, -0.99439, -0.99568, -0.996552, -0.997069, -0.997279
-0.997279, -0.997481, -0.99792, -0.99851, -0.999135, -0.999662, -0.999965, -0.999943, -0.999539, -0.998744, -0.99761, -0.996238, -0.994766, -0.993355, -0.992165, -0.991334, -0.990962
-0.990962, -0.990583, -0.989674, -0.988205, -0.986133, -0.983426, -0.980078, -0.976121, -0.971643, -0.966787, -0.961749, -0.956771, -0.952122, -0.948071, -0.944871, -0.942728, -0.941791
-0.941791, -0.940846, -0.938629, -0.935163, -0.930485, -0.924661, -0.917806, -0.910086, -0.901728, -0.893019, -0.884295, -0.875928, -0.868302, -0.861787, -0.856716, -0.853353, -0.85189
-0.85189, -0.850421, -0.846992, -0.84168, -0.834596, -0.825909, -0.815843, -0.804693, -0.792817, -0.780632, -0.7686, -0.757205, -0.746932, -0.738235, -0.73151, -0.727074, -0.725149
-0.725149, -0.723219, -0.718726, -0.711797, -0.702616, -0.691439, -0.678598, -0.6645, -0.64962, -0.634486, -0.619665, -0.605736, -0.59326, -0.582756, -0.57467, -0.569351, -0.567048
-0.567048, -0.564741, -0.559377, -0.551131, -0.540249, -0.527067, -0.512007, -0.495571, -0.478329, -0.460901, -0.443933, -0.428071, -0.413932, -0.402076, -0.392978, -0.387007, -0.384425
-0.384425, -0.381839, -0.375838, -0.366632, -0.354519, -0.339901, -0.323273, -0.30521, -0.286352, -0.267384, -0.249002, -0.231893, -0.216703, -0.204007, -0.194291, -0.187926, -0.185176
-0.185176, -0.182425, -0.176045, -0.166277, -0.153458, -0.138037, -0.120559, -0.101649, -0.0819922, -0.0623032, -0.0433026, -0.0256872, -0.010102, 0.00288399, 0.0127986, 0.0192824, 0.0220805
0.0220805, 0.0248785, 0.0313605, 0.0412689, 0.0542402, 0.0697979, 0.0873693, 0.106307, 0.125914, 0.145472, 0.164269, 0.18163, 0.196935, 0.20965, 0.219334, 0.225657, 0.228382
0.228382, 0.231106, 0.23741, 0.24703, 0.259592, 0.274614, 0.291519, 0.309666, 0.328375, 0.346956, 0.364737, 0.381092, 0.395456, 0.40735, 0.416385, 0.422272, 0.424807
0.424807, 0.427339, 0.433193, 0.442108, 0.453718, 0.467554, 0.483061, 0.499633, 0.516635, 0.533435, 0.549432, 0.564073, 0.576875, 0.587434, 0.595429, 0.600626, 0.602861
0.602861, 0.605092, 0.610242, 0.618066, 0.628223, 0.640274, 0.653713, 0.667993, 0.682552, 0.696845, 0.710365, 0.72266, 0.733346, 0.742113, 0.748722, 0.753005, 0.754844
0.754844, 0.756676, 0.7609, 0.767296, 0.775559, 0.785305, 0.796095, 0.807465, 0.818952, 0.83012, 0.840579, 0.849995, 0.858103, 0.864699, 0.869637, 0.87282, 0.874182
0.874182, 0.875538, 0.878652, 0.883343, 0.889355, 0.896374, 0.904048, 0.912017, 0.919935, 0.927495, 0.93444, 0.940572, 0.945751, 0.94989, 0.952943, 0.954888, 0.955716
0.955716, 0.956536, 0.958407, 0.961189, 0.964691, 0.968679, 0.972905, 0.977128, 0.981135, 0.98476, 0.987891, 0.990472, 0.992498, 0.994002, 0.995038, 0.995662, 0.995918
0.995918, 0.996167, 0.996713, 0.997468, 0.998307, 0.999092, 0.999688, 0.999982, 0.999905, 0.999438, 0.998619, 0.997538, 0.996324, 0.995128, 0.994101, 0.993377, 0.993052
0.993052, 0.992718, 0.991916, 0.99061, 0.988751, 0.986299, 0.983238, 0.979591, 0.975433, 0.970894, 0.966161, 0.961465, 0.957063, 0.953218, 0.950174, 0.948133, 0.947239
0.947239, 0.946339, 0.944223, 0.940912, 0.936435, 0.930852, 0.924267, 0.916837, 0.908777, 0.900363, 0.891921, 0.883812, 0.876413, 0.870085, 0.865155, 0.861885, 0.860463
0.860463, 0.859033, 0.855696, 0.850523, 0.843621, 0.83515, 0.825326, 0.814433, 0.80282, 0.790895, 0.779108, 0.767938, 0.757861, 0.749325, 0.742722, 0.738365, 0.736474
0.736474, 0.734578, 0.730163, 0.723352, 0.714325, 0.70333, 0.690692, 0.676808, 0.662145, 0.647223, 0.632602, 0.618854, 0.606535, 0.596159, 0.58817, 0.582913, 0.580637
0.580637, 0.578356, 0.573054, 0.5649, 0.554137, 0.541094, 0.526188, 0.509914, 0.492834, 0.475562, 0.458739, 0.443006, 0.428978, 0.417212, 0.408181, 0.402252, 0.399689
0.399689, 0.397121, 0.391162, 0.382018, 0.369985, 0.355459, 0.338929, 0.320968, 0.30221, 0.283335, 0.265037, 0.248001, 0.23287, 0.220222, 0.21054, 0.204196, 0.201456
0.201456, 0.198713, 0.192354, 0.182615, 0.169832, 0.154451, 0.137013, 0.118141, 0.098517, 0.0788542, 0.059873, 0.0422701, 0.0266917, 0.0137082, 0.00379367, -0.00269092, -0.00548962
-0.00548962, -0.00828829, -0.0147724, -0.0246855, -0.0376652, -0.0532368, -0.0708288, -0.0897944, -0.109437, -0.129036, -0.14788, -0.165289, -0.180641, -0.193398, -0.203116, -0.209462, -0.212197
-0.212197, -0.214932, -0.22126, -0.230918, -0.243534, -0.258622, -0.275607, -0.293847, -0.312658, -0.331347, -0.349238, -0.365699, -0.380162, -0.392141, -0.401243, -0.407174, -0.409728
-0.409728, -0.41228, -0.418179, -0.427165, -0.43887, -0.452823, -0.468467, -0.485191, -0.502357, -0.519327, -0.535493, -0.550295, -0.563243, -0.573925, -0.582017, -0.587277, -0.58954
-0.58954, -0.591799, -0.597013, -0.604938, -0.615227, -0.627441, -0.641067, -0.655554, -0.670332, -0.68485, -0.69859, -0.711092, -0.721965, -0.73089, -0.737621, -0.741984, -0.743857
-0.743857, -0.745725, -0.750029, -0.75655, -0.764978, -0.774924, -0.785944, -0.797566, -0.809318, -0.820754, -0.831475, -0.841138, -0.849466, -0.856246, -0.861326, -0.864602, -0.866005
-0.866005, -0.867401, -0.870609, -0.875444, -0.881647, -0.888896, -0.896832, -0.905086, -0.913304, -0.921165, -0.928403, -0.934808, -0.94023, -0.944573, -0.947782, -0.94983, -0.950701
-0.950701, -0.951566, -0.953539, -0.956479, -0.960188, -0.964426, -0.968935, -0.973465, -0.977793, -0.981739, -0.985181, -0.988051, -0.990333, -0.992051, -0.99325, -0.993981, -0.994284
-0.994284, -0.994579, -0.995232, -0.99615, -0.997205, -0.998248, -0.999136, -0.999746, -0.999996, -0.999857, -0.999353, -0.998565, -0.997608, -0.996627, -0.995764, -0.995147, -0.994867
-0.994867, -0.99458, -0.993885, -0.992742, -0.991096, -0.9889, -0.986128, -0.982791, -0.978954, -0.974734, -0.970308, -0.965894, -0.961741, -0.958102, -0.955215, -0.953276, -0.952427
-0.952427, -0.95157, -0.949557, -0.946401, -0.942127, -0.936787, -0.930474, -0.923335, -0.915575, -0.907459, -0.899301, -0.891453, -0.884282, -0.878144, -0.873357, -0.87018, -0.868798
-0.868798, -0.867409, -0.864164, -0.859132, -0.852414, -0.844161, -0.834581, -0.823948, -0.812602, -0.800939, -0.789402, -0.77846, -0.768581, -0.760209, -0.75373, -0.749453, -0.747597
-0.747597, -0.745735, -0.741399, -0.734709, -0.725838, -0.715028, -0.702595, -0.688929, -0.674487, -0.659782, -0.645365, -0.631802, -0.619643, -0.609398, -0.601507, -0.596314, -0.594065
-0.594065, -0.591811, -0.586572, -0.578513, -0.567872, -0.554973, -0.540225, -0.524116, -0.507203, -0.490092, -0.473419, -0.45782, -0.443907, -0.432233, -0.423271, -0.417387, -0.414842
-0.414842, -0.412294, -0.406378, -0.397299, -0.385348, -0.370918, -0.354492, -0.336638, -0.317985, -0.299208, -0.280999, -0.26404, -0.248974, -0.236376, -0.226731, -0.22041, -0.21768
-0.21768, -0.214947, -0.20861, -0.198903, -0.186159, -0.170822, -0.153429, -0.134601, -0.115015, -0.0953836, -0.0764269, -0.0588413, -0.043274, -0.0302967, -0.0203849, -0.0139013, -0.0111028
-0.0111028, -0.00830417, -0.00181967, 0.00809522, 0.0210799, 0.0366611, 0.0542688, 0.0732572, 0.0929294, 0.112565, 0.13145, 0.148902, 0.164298, 0.177093, 0.186842, 0.193209, 0.195954
0.195954, 0.198698, 0.205049, 0.214743, 0.227408, 0.242559, 0.25962, 0.277947, 0.296855, 0.315646, 0.333643, 0.350206, 0.364764, 0.376824, 0.38599, 0.391964, 0.394537
0.394537, 0.397107, 0.40305, 0.412104, 0.423901, 0.437967, 0.453744, 0.470617, 0.487942, 0.505077, 0.521407, 0.536365, 0.549456, 0.560259, 0.568444, 0.573767, 0.576057

0.55548, 0.553151, 0.547737, 0.539415, 0.528435, 0.515137, 0.499951, 0.483383, 0.466008, 0.448452, 0.431365, 0.415397, 0.401168, 0.389239, 0.380087, 0.374081, 0.371484
0.371484, 0.368884, 0.362849, 0.353592, 0.341416, 0.326723, 0.310015, 0.29187, 0.272933, 0.25389, 0.235441, 0.218275, 0.203037, 0.190304, 0.180561, 0.174179, 0.171423
0.171423, 0.168665, 0.16227, 0.152478, 0.139631, 0.12418, 0.106672, 0.0877349, 0.0680544, 0.0483474, 0.0293347, 0.0117125, -0.00387512, -0.0168605, -0.0267731, -0.0332547, -0.0360518
-0.0360518, -0.0388486, -0.0453274, -0.0552298, -0.0681911, -0.0837338, -0.101284, -0.120194, -0.139767, -0.159286, -0.17804, -0.195356, -0.210619, -0.223296, -0.23295, -0.239251, -0.241967
-0.241967, -0.244682, -0.250964, -0.260549, -0.273065, -0.288026, -0.30486, -0.322925, -0.341544, -0.36003, -0.377715, -0.393976, -0.408255, -0.420075, -0.429052, -0.4349, -0.437419
-0.437419, -0.439934, -0.445748, -0.454601, -0.466129, -0.479863, -0.495252, -0.511691, -0.528551, -0.545205, -0.561056, -0.575559, -0.588235, -0.598687, -0.6066, -0.611742, -0.613954
-0.613954, -0.61616, -0.621255, -0.628994, -0.639036, -0.650948, -0.664226, -0.678329, -0.6927, -0.706802, -0.720133, -0.73225, -0.742777, -0.751409, -0.757914, -0.762128, -0.763937
-0.763937, -0.76574, -0.769895, -0.776184, -0.784306, -0.793881, -0.804475, -0.815631, -0.826893, -0.837832, -0.848068, -0.857275, -0.865196, -0.871635, -0.876452, -0.879556, -0.880884
-0.880884, -0.882205, -0.88524, -0.889808, -0.895659, -0.902482, -0.909934, -0.91766, -0.925325, -0.93263, -0.939326, -0.945226, -0.950199, -0.954166, -0.957087, -0.958946, -0.959736
-0.959736, -0.960518, -0.962302, -0.964951, -0.968278, -0.972055, -0.976042, -0.980005, -0.983741, -0.987095, -0.989963, -0.9923, -0.99411, -0.995434, -0.996331, -0.996865, -0.997083
-0.997083, -0.997292, -0.997748, -0.998364, -0.999023, -0.99959, -0.999939, -0.999968, -0.999615, -0.998872, -0.997788, -0.996461, -0.99503, -0.993653, -0.992488, -0.991674, -0.99131
-0.99131, -0.990938, -0.990046, -0.988602, -0.986563, -0.983897, -0.980594, -0.976686, -0.972258, -0.967452, -0.962462, -0.957529, -0.952918, -0.9489, -0.945724, -0.943597, -0.942667
-0.942667, -0.941729, -0.939528, -0.936086, -0.931439, -0.925654, -0.918841, -0.911167, -0.902856, -0.894193, -0.885514, -0.877187, -0.869596, -0.863111, -0.858062, -0.854713, -0.853257
-0.853257, -0.851794, -0.848379, -0.843089, -0.836034, -0.82738, -0.817353, -0.806243, -0.794408, -0.782264, -0.77027, -0.758911, -0.748668, -0.739996, -0.733291, -0.728867, -0.726948
-0.726948, -0.725023, -0.720542, -0.713631, -0.704474, -0.693326, -0.680517, -0.666453, -0.651606, -0.636505, -0.621716, -0.607814, -0.595363, -0.584879, -0.576809, -0.571499, -0.5692
-0.5692, -0.566897, -0.561543, -0.553312, -0.542448, -0.529288, -0.514251, -0.497841, -0.480624, -0.46322, -0.446275, -0.430433, -0.416311, -0.404469, -0.395381, -0.389417, -0.386838
-0.386838, -0.384255, -0.37826, -0.369064, -0.356964, -0.34236, -0.325747, -0.307699, -0.288857, -0.269903, -0.251534, -0.234436, -0.219255, -0.206567, -0.196856, -0.190494, -0.187746
-0.187746, -0.184996, -0.178619, -0.168855, -0.156042, -0.140626, -0.123154, -0.104251, -0.0845985, -0.0649132, -0.0459154, -0.0283016, -0.0127172, 0.000268649, 0.0101834, 0.0166675, 0.0194657
0.0194657, 0.0222638, 0.0287463, 0.0386556, 0.0516285, 0.0671887, 0.0847636, 0.103706, 0.123319, 0.142884, 0.161689, 0.179057, 0.194371, 0.207092, 0.216782, 0.223108, 0.225835
0.225835, 0.228561, 0.234869, 0.244495, 0.257066, 0.272098, 0.289016, 0.307178, 0.325903, 0.344502, 0.362301, 0.378672, 0.393053, 0.40496, 0.414006, 0.4199, 0.422438
0.422438, 0.424973, 0.430834, 0.43976, 0.451386, 0.46524, 0.48077, 0.497366, 0.514394, 0.531221, 0.547245, 0.561911, 0.574737, 0.585315, 0.593325, 0.598533, 0.600772
0.600772, 0.603007, 0.608168, 0.616008, 0.626186, 0.638263, 0.651732, 0.666044, 0.680638, 0.694967, 0.708522, 0.72085, 0.731566, 0.740357, 0.746986, 0.751281, 0.753126
0.753126, 0.754964, 0.7592, 0.765616, 0.773905, 0.783683, 0.794509, 0.805919, 0.817448, 0.828659, 0.839159, 0.848615, 0.856758, 0.863382, 0.868342, 0.87154, 0.872909
0.872909, 0.874271, 0.877401, 0.882114, 0.888157, 0.895212, 0.902927, 0.910941, 0.918907, 0.926515, 0.933506, 0.93968, 0.944898, 0.949069, 0.952146, 0.954108, 0.954943
0.954943, 0.95577, 0.957657, 0.960464, 0.963999, 0.968026, 0.972297, 0.976569, 0.980626, 0.984302, 0.987482, 0.990108, 0.992175, 0.993713, 0.994774, 0.995415, 0.995679
0.995679, 0.995935, 0.996498, 0.997278, 0.998152, 0.998978, 0.999619, 0.999963, 0.999938, 0.999522, 0.998753, 0.997718, 0.996545, 0.995382, 0.994382, 0.993674, 0.993356
0.993356, 0.99303, 0.992245, 0.990964, 0.989138, 0.986727, 0.983712, 0.980114, 0.976006, 0.971517, 0.966833, 0.962181, 0.957818, 0.954005, 0.950986, 0.948961, 0.948074
0.948074, 0.947181, 0.945081, 0.941794, 0.937349, 0.931805, 0.925263, 0.917878, 0.909865, 0.901498, 0.8931, 0.885033, 0.877669, 0.871371, 0.866464, 0.863209, 0.861792
0.861792, 0.860369, 0.857046, 0.851895, 0.845023, 0.836585, 0.8268, 0.815948, 0.804377, 0.792492, 0.780745, 0.769611, 0.759565, 0.751054, 0.744471, 0.740126, 0.738241
0.738241, 0.73635, 0.731947, 0.725156, 0.716153, 0.705187, 0.692581, 0.678731, 0.664102, 0.649215, 0.634626, 0.620906, 0.608612, 0.598257, 0.590283, 0.585036, 0.582764
0.582764, 0.580487, 0.575195, 0.567056, 0.556312, 0.543292, 0.52841, 0.512162, 0.495108, 0.477861, 0.461061, 0.44535, 0.431339, 0.419587, 0.410567, 0.404645, 0.402085
0.402085, 0.39952, 0.393567, 0.384433, 0.372413, 0.357902, 0.341389, 0.323444, 0.304702, 0.285842, 0.267558, 0.250534, 0.235413, 0.222772, 0.213096, 0.206756, 0.204017
0.204017, 0.201276, 0.19492, 0.185186, 0.172409, 0.157034, 0.139603, 0.120738, 0.101119, 0.0814612, 0.0624835, 0.044883, 0.029306, 0.0163233, 0.00640899, -7.55708e-05, -0.0028743
-0.0028743, -0.005673, -0.0121573, -0.0220708, -0.0350516, -0.050625, -0.0682198, -0.0871893, -0.106837, -0.126442, -0.145293, -0.162709, -0.178068, -0.190832, -0.200555, -0.206903, -0.209641
-0.209641, -0.212377, -0.218709, -0.228373, -0.240996, -0.256095, -0.273092, -0.291346, -0.310172, -0.328878, -0.346786, -0.363264, -0.377742, -0.389734, -0.398846, -0.404784, -0.407341
-0.407341, -0.409896, -0.415802, -0.424798, -0.436519, -0.450489, -0.466155, -0.482903, -0.500094, -0.517091, -0.533282, -0.548109, -0.56108, -0.571782, -0.579888, -0.585159, -0.587426
-0.587426, -0.589688, -0.594913, -0.602853, -0.613163, -0.625402, -0.639058, -0.653576, -0.668389, -0.682941, -0.696716, -0.709251, -0.720153, -0.729102, -0.735852, -0.740228, -0.742107
-0.742107, -0.74398, -0.748297, -0.754837, -0.763291, -0.773269, -0.784324, -0.795985, -0.807779, -0.819258, -0.830019, -0.839721, -0.848083, -0.854892, -0.859994, -0.863285, -0.864694
-0.864694, -0.866096, -0.86932, -0.874177, -0.88041, -0.887694, -0.895672, -0.903971, -0.912235, -0.920144, -0.927428, -0.933876, -0.939336, -0.943711, -0.946944, -0.949008, -0.949887
-0.949887, -0.950758, -0.952748, -0.955713, -0.959454, -0.963731, -0.968285, -0.972863, -0.977241, -0.981238, -0.984729, -0.987644, -0.989967, -0.991718, -0.992943, -0.993691, -0.994001
-0.994001, -0.994303, -0.994974, -0.995918, -0.997006, -0.99809, -0.999024, -0.999683, -0.999985, -0.999897, -0.999444, -0.998701, -0.997786, -0.996838, -0.996001, -0.995401, -0.995129
-0.995129, -0.994849, -0.994171, -0.993053, -0.991441, -0.989286, -0.986559, -0.983271, -0.979484, -0.975315, -0.970937, -0.966568, -0.962454, -0.958848, -0.955986, -0.954063, -0.953221
-0.953221, -0.952371, -0.950374, -0.947242, -0.943, -0.937699, -0.931429, -0.924336, -0.916624, -0.908554, -0.900442, -0.892635, -0.8855, -0.879392, -0.874628, -0.871466, -0.87009
-0.87009, -0.868707, -0.865477, -0.860468, -0.853779, -0.84556, -0.836019, -0.825428, -0.814124, -0.802502, -0.791005, -0.780099, -0.770252, -0.761905, -0.755446, -0.751182, -0.749331
-0.749331, -0.747475, -0.743152, -0.736481, -0.727635, -0.716854, -0.704454, -0.690822, -0.676416, -0.661745, -0.647361, -0.633827, -0.621693, -0.61147, -0.603594, -0.598412, -0.596167
-0.596167, -0.593918, -0.588688, -0.580644, -0.570023, -0.557147, -0.542424, -0.526342, -0.509455, -0.49237, -0.475721, -0.460144, -0.446249, -0.43459, -0.425639, -0.419763, -0.417221
-0.417221, -0.414676, -0.408766, -0.399697, -0.38776, -0.373345, -0.356937, -0.339099, -0.320463, -0.301702, -0.283508, -0.266562, -0.251506, -0.238917, -0.229277, -0.222961, -0.220231
-0.220231, -0.217501, -0.211167, -0.201465, -0.188728, -0.173398, -0.156013, -0.137192, -0.117612, -0.0979867, -0.0790343, -0.061452, -0.0458867, -0.0329107, -0.0229997, -0.0165163, -0.0137179

0.93791, 0.936936, 0.93465, 0.931078, 0.926262, 0.920275, 0.913236, 0.905319, 0.896758, 0.887849, 0.878933, 0.87039, 0.86261, 0.855968, 0.8508, 0.847375, 0.845885
0.845885, 0.844389, 0.840897, 0.83549, 0.828284, 0.81945, 0.80922, 0.797896, 0.785842, 0.773481, 0.761282, 0.749735, 0.739329, 0.730523, 0.723716, 0.719226, 0.717279
0.717279, 0.715326, 0.710779, 0.70377, 0.694486, 0.683186, 0.670209, 0.655967, 0.64094, 0.625663, 0.610708, 0.596656, 0.584075, 0.573485, 0.565335, 0.559974, 0.557653
0.557653, 0.555328, 0.549923, 0.541615, 0.530653, 0.517377, 0.502214, 0.48567, 0.468321, 0.450788, 0.433723, 0.417775, 0.403562, 0.391647, 0.382505, 0.376505, 0.373911
0.373911, 0.371314, 0.365285, 0.356038, 0.343873, 0.329194, 0.3125, 0.29437, 0.275448, 0.256418, 0.237982, 0.220826, 0.205597, 0.192871, 0.183133, 0.176754, 0.173999
0.173999, 0.171242, 0.16485, 0.155063, 0.142221, 0.126775, 0.109272, 0.0903399, 0.0706635, 0.0509595, 0.0319488, 0.0143276, -0.00125978, -0.0142455, -0.0241586, -0.0306407, -0.033438
-0.033438, -0.0362351, -0.0427146, -0.0526183, -0.0655816, -0.0811274, -0.0986819, -0.117597, -0.137177, -0.156703, -0.175466, -0.192791, -0.208062, -0.220746, -0.230405, -0.236711, -0.239429
-0.239429, -0.242145, -0.248432, -0.258024, -0.270548, -0.285521, -0.302368, -0.320449, -0.339085, -0.357589, -0.375293, -0.391571, -0.405866, -0.4177, -0.426688, -0.432544, -0.435065
-0.435065, -0.437584, -0.443405, -0.45227, -0.463814, -0.477567, -0.492978, -0.509442, -0.526329, -0.543011, -0.558889, -0.573418, -0.586118, -0.59659, -0.604518, -0.609671, -0.611887
-0.611887, -0.614098, -0.619203, -0.626958, -0.637022, -0.64896, -0.662269, -0.676405, -0.690812, -0.704949, -0.718316, -0.730467, -0.741023, -0.749681, -0.756205, -0.760433, -0.762247
-0.762247, -0.764056, -0.768223, -0.774533, -0.782681, -0.792288, -0.802919, -0.814115, -0.825419, -0.836402, -0.846679, -0.855926, -0.863882, -0.87035, -0.87519, -0.878308, -0.879643
-0.879643, -0.880971, -0.88402, -0.888612, -0.894493, -0.901353, -0.908846, -0.916618, -0.924331, -0.931683, -0.938426, -0.944369, -0.949381, -0.95338, -0.956325, -0.958201, -0.958998
-0.958998, -0.959787, -0.961587, -0.964262, -0.967621, -0.971438, -0.975469, -0.979481, -0.983268, -0.986673, -0.98959, -0.991973, -0.993823, -0.995181, -0.996104, -0.996655, -0.99688
-0.99688, -0.997097, -0.997569, -0.998211, -0.998903, -0.999512, -0.999907, -0.999985, -0.999684, -0.998993, -0.997958, -0.996677, -0.995287, -0.993943, -0.992805, -0.992008, -0.991651
-0.991651, -0.991286, -0.990411, -0.988992, -0.986987, -0.984361, -0.981103, -0.977244, -0.972867, -0.96811, -0.963168, -0.958279, -0.953708, -0.949722, -0.946571, -0.94446, -0.943536
-0.943536, -0.942606, -0.940421, -0.937003, -0.932388, -0.926641, -0.91987, -0.912241, -0.903977, -0.895361, -0.886726, -0.87844, -0.870885, -0.864429, -0.859402, -0.856068, -0.854618
-0.854618, -0.853162, -0.849761, -0.844492, -0.837466, -0.828846, -0.818857, -0.807788, -0.795994, -0.783891, -0.771936, -0.760611, -0.750399, -0.741753, -0.735067, -0.730655, -0.728741
-0.728741, -0.726822, -0.722353, -0.715461, -0.706328, -0.695208, -0.682431, -0.6684, -0.653588, -0.63852, -0.623762, -0.609889, -0.597462, -0.586999, -0.578943, -0.573644, -0.571349
-0.571349, -0.56905, -0.563705, -0.555488, -0.544643, -0.531505, -0.516493, -0.500107, -0.482916, -0.465537, -0.448614, -0.432792, -0.418687, -0.406859, -0.397782, -0.391824, -0.389248
-0.389248, -0.386668, -0.38068, -0.371493, -0.359405, -0.344816, -0.328218, -0.310187, -0.29136, -0.27242, -0.254064, -0.236978, -0.221806, -0.209125, -0.199419, -0.193061, -0.190314
-0.190314, -0.187565, -0.181192, -0.171432, -0.158624, -0.143215, -0.125749, -0.106852, -0.0872042, -0.0675228, -0.0485278, -0.0309158, -0.0153323, -0.0023467, 0.0075682, 0.0140524, 0.0168508
0.0168508, 0.0196491, 0.026132, 0.0360421, 0.0490164, 0.064579, 0.0821574, 0.101104, 0.120723, 0.140295, 0.159107, 0.176483, 0.191805, 0.204533, 0.214228, 0.220558, 0.223287
0.223287, 0.226014, 0.232326, 0.241958, 0.254538, 0.26958, 0.286511, 0.304688, 0.32343, 0.342045, 0.359862, 0.37625, 0.390646, 0.402568, 0.411624, 0.417525, 0.420066
0.420066, 0.422604, 0.428473, 0.43741, 0.449051, 0.462924, 0.478475, 0.495095, 0.512149, 0.529003, 0.545054, 0.559746, 0.572595, 0.583193, 0.591218, 0.596435, 0.59868
0.59868, 0.600919, 0.60609, 0.613946, 0.624144, 0.636247, 0.649746, 0.664091, 0.67872, 0.693084, 0.706674, 0.719035, 0.72978, 0.738597, 0.745245, 0.749553, 0.751402
0.751402, 0.753246, 0.757496, 0.763931, 0.772246, 0.782056, 0.792918, 0.804368, 0.815939, 0.827192, 0.837734, 0.847228, 0.855406, 0.86206, 0.867042, 0.870255, 0.87163
0.87163, 0.872999, 0.876143, 0.880879, 0.886952, 0.894043, 0.9018, 0.909859, 0.917872, 0.925527, 0.932565, 0.938783, 0.944038, 0.948242, 0.951344, 0.953322, 0.954163
0.954163, 0.954997, 0.956901, 0.959733, 0.9633, 0.967367, 0.971683, 0.976002, 0.980111, 0.983837, 0.987066, 0.989738, 0.991845, 0.993417, 0.994504, 0.995162, 0.995433
0.995433, 0.995696, 0.996276, 0.997082, 0.997989, 0.998856, 0.999544, 0.999937, 0.999963, 0.9996, 0.99888, 0.997892, 0.996759, 0.99563, 0.994655, 0.993965, 0.993654
0.993654, 0.993335, 0.992567, 0.991311, 0.989519, 0.987148, 0.984178, 0.980629, 0.976572, 0.972134, 0.967497, 0.96289, 0.958566, 0.954786, 0.951792, 0.949782, 0.948903
0.948903, 0.948016, 0.945933, 0.94267, 0.938257, 0.932751, 0.926251, 0.918913, 0.910947, 0.902627, 0.894274, 0.886247, 0.87892, 0.872652, 0.867767, 0.864526, 0.863116
0.863116, 0.861699, 0.858391, 0.853262, 0.846418, 0.838015, 0.828268, 0.817457, 0.805928, 0.794085, 0.782377, 0.771278, 0.761263, 0.752778, 0.746215, 0.741882, 0.740003
0.740003, 0.738117, 0.733727, 0.726954, 0.717976, 0.707039, 0.694465, 0.680649, 0.666055, 0.651202, 0.636645, 0.622954, 0.610685, 0.600351, 0.592392, 0.587155, 0.584887
0.584887, 0.582615, 0.577332, 0.569208, 0.558484, 0.545486, 0.530629, 0.514406, 0.497379, 0.480157, 0.463381, 0.44769, 0.433697, 0.42196, 0.41295, 0.407036, 0.404478
0.404478, 0.401917, 0.39597, 0.386847, 0.374839, 0.360343, 0.343846, 0.325917, 0.307192, 0.288347, 0.270077, 0.253065, 0.237954, 0.225321, 0.21565, 0.209314, 0.206576
0.206576, 0.203837, 0.197484, 0.187755, 0.174984, 0.159616, 0.142192, 0.123334, 0.103721, 0.0840675, 0.0650935, 0.0474955, 0.0319201, 0.0189382, 0.00902426, 0.00253978, -0.000258953
-0.000258953, -0.00305768, -0.00954214, -0.019456, -0.0324377, -0.0480128, -0.0656103, -0.0845836, -0.104236, -0.123848, -0.142705, -0.160128, -0.175494, -0.188264, -0.197992, -0.204344, -0.207083
-0.207083, -0.20982, -0.216156, -0.225826, -0.238457, -0.253566, -0.270576, -0.288843, -0.307685, -0.326407, -0.344332, -0.360826, -0.375319, -0.387324, -0.396446, -0.402391, -0.404951
-0.404951, -0.407509, -0.413422, -0.422429, -0.434164, -0.448153, -0.463839, -0.480611, -0.497828, -0.51485, -0.531068, -0.54592, -0.558913, -0.569634, -0.577755, -0.583036, -0.585307
-0.585307, -0.587574, -0.592809, -0.600765, -0.611095, -0.623359, -0.637044, -0.651595, -0.666442, -0.681029, -0.694837, -0.707405, -0.718336, -0.72731, -0.734079, -0.738467, -0.740351
-0.740351, -0.742229, -0.746559, -0.753119, -0.761599, -0.771608, -0.782699, -0.794399, -0.806234, -0.817755, -0.828558, -0.838298, -0.846694, -0.853532, -0.858656, -0.861962, -0.863377
-0.863377, -0.864786, -0.868024, -0.872904, -0.879166, -0.886487, -0.894506, -0.902849, -0.911161, -0.919117, -0.926447, -0.932937, -0.938436, -0.942843, -0.9461, -0.948181, -0.949066
-0.949066, -0.949944, -0.95195, -0.95494, -0.958714, -0.96303, -0.967628, -0.972255, -0.976683, -0.980731, -0.98427, -0.987231, -0.989594, -0.991379, -0.992629, -0.993394, -0.993712
-0.993712, -0.994021, -0.994708, -0.995678, -0.9968, -0.997925, -0.998905, -0.999614, -0.999968, -0.999932, -0.999528, -0.998831, -0.997956, -0.997042, -0.996231, -0.995648, -0.995383
-0.995383, -0.995111, -0.994449, -0.993357, -0.991779, -0.989664, -0.986983, -0.983744, -0.980008, -0.975889, -0.97156, -0.967236, -0.963161, -0.959587, -0.95675, -0.954843, -0.954008
-0.954008, -0.953165, -0.951184, -0.948077, -0.943868, -0.938604, -0.932378, -0.925331, -0.917666, -0.909644, -0.901576, -0.893811, -0.886712, -0.880634, -0.875893, -0.872746, -0.871376
-0.871376, -0.87, -0.866784, -0.861797, -0.855137, -0.846953, -0.837451, -0.826901, -0.81564, -0.80406, -0.792603, -0.781733, -0.771917, -0.763597, -0.757157, -0.752905, -0.751061
-0.751061, -0.74921, -0.744899, -0.738248, -0.729426, -0.718675, -0.706308, -0.692711, -0.67834, -0.663704, -0.649352, -0.635847, -0.62374, -0.613537, -0.605678, -0.600505, -0.598265

0.962865, 0.963617, 0.96533, 0.967871, 0.971054, 0.97466, 0.978451, 0.982202, 0.985718, 0.988851, 0.991505, 0.993643, 0.995277, 0.996454, 0.997239, 0.9977, 0.997886
0.997886, 0.998064, 0.998446, 0.998949, 0.99946, 0.999851, 1, 0.999812, 0.999235, 0.998268, 0.996968, 0.995441, 0.993834, 0.99231, 0.991034, 0.990147, 0.989751
0.989751, 0.989348, 0.988383, 0.986827, 0.984643, 0.981803, 0.978303, 0.974184, 0.969538, 0.964514, 0.959316, 0.954191, 0.949411, 0.945253, 0.941971, 0.939774, 0.938814
0.938814, 0.937847, 0.935576, 0.932029, 0.927245, 0.921295, 0.914298, 0.906427, 0.897913, 0.889049, 0.880178, 0.871675, 0.86393, 0.857318, 0.852171, 0.84876, 0.847277
0.847277, 0.845787, 0.84231, 0.836924, 0.829746, 0.820946, 0.810754, 0.79947, 0.787456, 0.775136, 0.762975, 0.751463, 0.741088, 0.732306, 0.725519, 0.721041, 0.719099
0.719099, 0.717151, 0.712617, 0.705626, 0.696365, 0.685094, 0.672148, 0.657939, 0.642945, 0.627701, 0.612777, 0.598753, 0.586196, 0.575626, 0.56749, 0.562139, 0.559822
0.559822, 0.557501, 0.552106, 0.543812, 0.532868, 0.519614, 0.504474, 0.487955, 0.47063, 0.453121, 0.436078, 0.42015, 0.405954, 0.394052, 0.38492, 0.378927, 0.376335
0.376335, 0.373741, 0.367718, 0.35848, 0.346327, 0.331663, 0.314983, 0.296869, 0.277961, 0.258945, 0.240521, 0.223376, 0.208156, 0.195437, 0.185703, 0.179328, 0.176574
0.176574, 0.173818, 0.167429, 0.157646, 0.144809, 0.129368, 0.111871, 0.0929442, 0.073272, 0.0535713, 0.0345627, 0.0169426, 0.00135557, -0.0116303, -0.0215439, -0.0280265, -0.030824
-0.030824, -0.0336213, -0.0401015, -0.0500064, -0.0629717, -0.0785204, -0.096079, -0.115, -0.134586, -0.15412, -0.172891, -0.190224, -0.205503, -0.218194, -0.22786, -0.234169, -0.236889
-0.236889, -0.239607, -0.245898, -0.255496, -0.268029, -0.283013, -0.299874, -0.31797, -0.336624, -0.355146, -0.372867, -0.389163, -0.403475, -0.415322, -0.424321, -0.430184, -0.432709
-0.432709, -0.435231, -0.44106, -0.449936, -0.461495, -0.475267, -0.490701, -0.50719, -0.524104, -0.540813, -0.556719, -0.571273, -0.583997, -0.594489, -0.602433, -0.607596, -0.609816
-0.609816, -0.612032, -0.617147, -0.624919, -0.635004, -0.646968, -0.660307, -0.674476, -0.688918, -0.703092, -0.716494, -0.728678, -0.739265, -0.747947, -0.754491, -0.758731, -0.760552
-0.760552, -0.762366, -0.766546, -0.772876, -0.781051, -0.79069, -0.801357, -0.812593, -0.82394, -0.834965, -0.845284, -0.85457, -0.862562, -0.869059, -0.873921, -0.877055, -0.878396
-0.878396, -0.87973, -0.882795, -0.887409, -0.89332, -0.900217, -0.907752, -0.915569, -0.923329, -0.93073, -0.937519, -0.943506, -0.948556, -0.952588, -0.955558, -0.957449, -0.958253
-0.958253, -0.95905, -0.960866, -0.963565, -0.966958, -0.970814, -0.97489, -0.978951, -0.982789, -0.986244, -0.98921, -0.991639, -0.99353, -0.994921, -0.99587, -0.996438, -0.99667
-0.99667, -0.996894, -0.997384, -0.998052, -0.998778, -0.999427, -0.999868, -0.999996, -0.999746, -0.999107, -0.998122, -0.996887, -0.995537, -0.994227, -0.993115, -0.992334, -0.991984
-0.991984, -0.991627, -0.990769, -0.989376, -0.987405, -0.984818, -0.981606, -0.977796, -0.973469, -0.968762, -0.963868, -0.959024, -0.954491, -0.950538, -0.947411, -0.945316, -0.9444
-0.9444, -0.943476, -0.941307, -0.937914, -0.93333, -0.927621, -0.920893, -0.91331, -0.905092, -0.896523, -0.887932, -0.879687, -0.872167, -0.865741, -0.860736, -0.857417, -0.855973
-0.855973, -0.854523, -0.851137, -0.84589, -0.838893, -0.830307, -0.820355, -0.809327, -0.797575, -0.785512, -0.773595, -0.762307, -0.752126, -0.743504, -0.736837, -0.732438, -0.73053
-0.73053, -0.728615, -0.724159, -0.717286, -0.708177, -0.697086, -0.68434, -0.670343, -0.655565, -0.640531, -0.625804, -0.61196, -0.599558, -0.589114, -0.581073, -0.575784, -0.573493
-0.573493, -0.571198, -0.565864, -0.557661, -0.546835, -0.533718, -0.51873, -0.50237, -0.485205, -0.46785, -0.45095, -0.435148, -0.421061, -0.409247, -0.40018, -0.394229, -0.391656
-0.391656, -0.389079, -0.383097, -0.37392, -0.361845, -0.34727, -0.330687, -0.312672, -0.293861, -0.274936, -0.256593, -0.239518, -0.224355, -0.211682, -0.201981, -0.195626, -0.192881
-0.192881, -0.190134, -0.183763, -0.174008, -0.161206, -0.145803, -0.128344, -0.109452, -0.0898092, -0.070132, -0.0511399, -0.0335298, -0.0179473, -0.00496203, 0.0049529, 0.0114373, 0.0142358
0.0142358, 0.0170342, 0.0235174, 0.0334283, 0.0464041, 0.0619689, 0.0795506, 0.0985021, 0.118126, 0.137705, 0.156525, 0.173908, 0.189237, 0.201972, 0.211673, 0.218006, 0.220737
0.220737, 0.223465, 0.229781, 0.239419, 0.252007, 0.267061, 0.284005, 0.302196, 0.320954, 0.339586, 0.35742, 0.373826, 0.388238, 0.400172, 0.409239, 0.415147, 0.417691
0.417691, 0.420233, 0.426108, 0.435057, 0.446712, 0.460604, 0.476176, 0.492821, 0.509901, 0.526782, 0.542859, 0.557577, 0.570448, 0.581066, 0.589107, 0.594334, 0.596583
0.596583, 0.598826, 0.604007, 0.611879, 0.622099, 0.634227, 0.647756, 0.662133, 0.676797, 0.691197, 0.704821, 0.717215, 0.72799, 0.736831, 0.743498, 0.747819, 0.749674
0.749674, 0.751523, 0.755786, 0.762241, 0.770582, 0.780423, 0.791322, 0.802811, 0.814424, 0.82572, 0.836303, 0.845836, 0.854048, 0.860731, 0.865736, 0.868964, 0.870345
0.870345, 0.87172, 0.874879, 0.879638, 0.885741, 0.892868, 0.900667, 0.908771, 0.916831, 0.924534, 0.931617, 0.937878, 0.943173, 0.947408, 0.950535, 0.952529, 0.953377
0.953377, 0.954218, 0.956138, 0.958995, 0.962595, 0.966701, 0.971061, 0.975429, 0.979588, 0.983365, 0.986643, 0.989361, 0.991509, 0.993114, 0.994226, 0.994901, 0.99518
0.99518, 0.99545, 0.996047, 0.996879, 0.99782, 0.998727, 0.999461, 0.999905, 0.999982, 0.99967, 0.999001, 0.998058, 0.996966, 0.995871, 0.994922, 0.994248, 0.993944
0.993944, 0.993633, 0.992881, 0.991652, 0.989894, 0.987563, 0.984638, 0.981138, 0.977131, 0.972743, 0.968155, 0.963593, 0.959308, 0.95556, 0.952591, 0.950598, 0.949725
0.949725, 0.948845, 0.946778, 0.94354, 0.939158, 0.93369, 0.927234, 0.919941, 0.912023, 0.903749, 0.895441, 0.887456, 0.880164, 0.873926, 0.869064, 0.865837, 0.864434
0.864434, 0.863023, 0.859729, 0.854623, 0.847808, 0.839439, 0.82973, 0.818961, 0.807473, 0.795672, 0.784003, 0.77294, 0.762956, 0.754497, 0.747953, 0.743633, 0.741759
0.741759, 0.739879, 0.735501, 0.728748, 0.719794, 0.708886, 0.696344, 0.682563, 0.668004, 0.653184, 0.638659, 0.624998, 0.612754, 0.60244, 0.594497, 0.58927, 0.587007
0.587007, 0.584738, 0.579466, 0.571357, 0.560651, 0.547676, 0.532844, 0.516647, 0.499646, 0.482449, 0.465697, 0.450027, 0.436053, 0.42433, 0.415331, 0.409423, 0.406868
0.406868, 0.40431, 0.398371, 0.389257, 0.377262, 0.362781, 0.3463, 0.328389, 0.30968, 0.29085, 0.272594, 0.255594, 0.240493, 0.227869, 0.218203, 0.21187, 0.209134
0.209134, 0.206397, 0.200047, 0.190323, 0.177559, 0.162198, 0.144781, 0.125929, 0.106322, 0.0866733, 0.0677031, 0.0501078, 0.034534, 0.021553, 0.0116395, 0.00515511, 0.00235639
0.00235639, -0.000442335, -0.00692688, -0.0168411, -0.0298237, -0.0454003, -0.0630003, -0.0819773, -0.101634, -0.121252, -0.140116, -0.157545, -0.172919, -0.185695, -0.195428, -0.201783, -0.204524
-0.204524, -0.207262, -0.213602, -0.223277, -0.235916, -0.251035, -0.268057, -0.286338, -0.305195, -0.323934, -0.341875, -0.358385, -0.372894, -0.384912, -0.394044, -0.399995, -0.402559
-0.402559, -0.405119, -0.411039, -0.420057, -0.431807, -0.445813, -0.461521, -0.478316, -0.495558, -0.512607, -0.52885, -0.543727, -0.556742, -0.567483, -0.575618, -0.580909, -0.583185
-0.583185, -0.585456, -0.590701, -0.598672, -0.609023, -0.621312, -0.635026, -0.649609, -0.664489, -0.679111, -0.692954, -0.705554, -0.716514, -0.725512, -0.7323, -0.736701, -0.73859
-0.73859, -0.740474, -0.744817, -0.751396, -0.759901, -0.769941, -0.781069, -0.792808, -0.804684, -0.816247, -0.827091, -0.836869, -0.8453, -0.852167, -0.857313, -0.860633, -0.862055
-0.862055, -0.86347, -0.866723, -0.871625, -0.877917, -0.885274, -0.893333, -0.901722, -0.91008, -0.918083, -0.925459, -0.931992, -0.937529, -0.941968, -0.94525, -0.947346, -0.948239
-0.948239, -0.949124, -0.951146, -0.95416, -0.957967, -0.962322, -0.966965, -0.97164, -0.976118, -0.980216, -0.983805, -0.986811, -0.989214, -0.991033, -0.992309, -0.993091, -0.993415
-0.993415, -0.993732, -0.994436, -0.995432, -0.996588, -0.997753, -0.998779, -0.999538, -0.999943, -0.999959, -0.999605, -0.998954, -0.99812, -0.99724, -0.996455, -0.995888, -0.995631
-0.995631, -0.995366, -0.994721, -0.993655, -0.99211, -0.990036, -0.9874, -0.98421, -0.980525, -0.976457, -0.972176, -0.967896, -0.963861, -0.96032, -0.957508, -0.955617, -0.954789

0.620834, 0.623026, 0.628085, 0.635769, 0.645739, 0.657562, 0.670739, 0.684729, 0.698982, 0.712962, 0.726174, 0.738179, 0.748605, 0.757151, 0.763591, 0.767762, 0.769552
0.769552, 0.771336, 0.775447, 0.781669, 0.789703, 0.799169, 0.80964, 0.82066, 0.83178, 0.842575, 0.85267, 0.861746, 0.869549, 0.875889, 0.88063, 0.883684, 0.88499
0.88499, 0.88629, 0.889274, 0.893765, 0.899515, 0.906215, 0.913527, 0.921101, 0.928606, 0.93575, 0.942291, 0.948045, 0.952889, 0.956747, 0.959585, 0.961389, 0.962156
0.962156, 0.962915, 0.964644, 0.96721, 0.970426, 0.974071, 0.977907, 0.981708, 0.985275, 0.988458, 0.991161, 0.993345, 0.99502, 0.99623, 0.997042, 0.997519, 0.997712
0.997712, 0.997897, 0.998297, 0.998826, 0.999371, 0.999802, 0.999997, 0.999859, 0.999334, 0.998418, 0.997168, 0.995688, 0.994121, 0.992631, 0.99138, 0.99051, 0.990121
0.990121, 0.989725, 0.988777, 0.987247, 0.985097, 0.982296, 0.978842, 0.974771, 0.970175, 0.965201, 0.960051, 0.95497, 0.950229, 0.946103, 0.942846, 0.940665, 0.939712
0.939712, 0.938751, 0.936497, 0.932974, 0.928221, 0.922309, 0.915355, 0.907528, 0.899061, 0.890243, 0.881416, 0.872954, 0.865244, 0.858661, 0.853537, 0.85014, 0.848663
0.848663, 0.84718, 0.843717, 0.838353, 0.831203, 0.822436, 0.812282, 0.801038, 0.789066, 0.776786, 0.764663, 0.753186, 0.742841, 0.734085, 0.727316, 0.72285, 0.720914
0.720914, 0.718971, 0.714449, 0.707477, 0.69824, 0.686996, 0.674082, 0.659906, 0.644946, 0.629735, 0.614841, 0.600846, 0.588313, 0.577763, 0.569642, 0.5643, 0.561987
0.561987, 0.55967, 0.554285, 0.546005, 0.53508, 0.521846, 0.50673, 0.490236, 0.472936, 0.455451, 0.43843, 0.422521, 0.408343, 0.396454, 0.387332, 0.381346, 0.378757
0.378757, 0.376166, 0.370149, 0.360921, 0.34878, 0.334129, 0.317465, 0.299365, 0.280473, 0.261471, 0.243059, 0.225925, 0.210713, 0.198001, 0.188273, 0.1819, 0.179147
0.179147, 0.176393, 0.170007, 0.160228, 0.147396, 0.131961, 0.11447, 0.095548, 0.0758801, 0.0561827, 0.0371764, 0.0195575, 0.00397091, -0.00901513, -0.0189291, -0.0254121, -0.0282098
-0.0282098, -0.0310073, -0.0374881, -0.0473941, -0.0603613, -0.0759128, -0.0934754, -0.112401, -0.131994, -0.151535, -0.170314, -0.187655, -0.202943, -0.215641, -0.225312, -0.231625, -0.234347
-0.234347, -0.237067, -0.243362, -0.252966, -0.265509, -0.280504, -0.297378, -0.31549, -0.33416, -0.352699, -0.370439, -0.386753, -0.40108, -0.412942, -0.421952, -0.427822, -0.43035
-0.43035, -0.432874, -0.438711, -0.447599, -0.459174, -0.472965, -0.48842, -0.504934, -0.521874, -0.538611, -0.554544, -0.569125, -0.581872, -0.592384, -0.600343, -0.605517, -0.607742
-0.607742, -0.609962, -0.615087, -0.622875, -0.632981, -0.644971, -0.658341, -0.672543, -0.68702, -0.70123, -0.714667, -0.726885, -0.737501, -0.746209, -0.752772, -0.757025, -0.758851
-0.758851, -0.760671, -0.764864, -0.771213, -0.779415, -0.789086, -0.79979, -0.811066, -0.822455, -0.833523, -0.843884, -0.853209, -0.861235, -0.867762, -0.872647, -0.875796, -0.877143
-0.877143, -0.878484, -0.881563, -0.8862, -0.892142, -0.899075, -0.906652, -0.914514, -0.922322, -0.92977, -0.936606, -0.942636, -0.947725, -0.951789, -0.954783, -0.956691, -0.957502
-0.957502, -0.958306, -0.960138, -0.962863, -0.966288, -0.970183, -0.974304, -0.978413, -0.982302, -0.985808, -0.988824, -0.991298, -0.993229, -0.994654, -0.995629, -0.996214, -0.996453
-0.996453, -0.996685, -0.997191, -0.997885, -0.998645, -0.999335, -0.999822, -1, -0.999802, -0.999214, -0.998279, -0.99709, -0.99578, -0.994505, -0.993418, -0.992654, -0.992311
-0.992311, -0.991961, -0.99112, -0.989753, -0.987815, -0.985269, -0.982102, -0.97834, -0.974064, -0.969407, -0.964562, -0.959761, -0.955268, -0.951347, -0.948245, -0.946166, -0.945256
-0.945256, -0.944339, -0.942186, -0.938818, -0.934266, -0.928594, -0.921909, -0.914372, -0.906201, -0.897678, -0.889132, -0.880927, -0.873444, -0.867047, -0.862064, -0.85876, -0.857323
-0.857323, -0.855878, -0.852507, -0.847282, -0.840314, -0.831762, -0.821848, -0.81086, -0.79915, -0.787128, -0.77525, -0.763997, -0.753847, -0.745251, -0.738603, -0.734216, -0.732313
-0.732313, -0.730404, -0.72596, -0.719105, -0.710021, -0.698958, -0.686245, -0.672282, -0.657538, -0.642537, -0.627842, -0.614026, -0.601649, -0.591225, -0.5832, -0.57792, -0.575634
-0.575634, -0.573343, -0.568018, -0.55983, -0.549023, -0.535928, -0.520965, -0.50463, -0.48749, -0.47016, -0.453282, -0.437501, -0.423432, -0.411632, -0.402576, -0.396632, -0.394061
-0.394061, -0.391487, -0.385512, -0.376344, -0.364282, -0.349721, -0.333155, -0.315155, -0.29636, -0.277449, -0.25912, -0.242056, -0.226903, -0.214237, -0.204542, -0.19819, -0.195446
-0.195446, -0.192701, -0.186334, -0.176583, -0.163787, -0.14839, -0.130937, -0.112051, -0.0924137, -0.0727406, -0.0537517, -0.0361436, -0.0205621, -0.00757733, 0.00233757, 0.00882206, 0.0116206
0.0116206, 0.0144191, 0.0209027, 0.0308143, 0.0437914, 0.0593583, 0.0769433, 0.0958991, 0.115529, 0.135114, 0.153941, 0.171332, 0.186668, 0.19941, 0.209116, 0.215453, 0.218185
0.218185, 0.220915, 0.227235, 0.236879, 0.249476, 0.26454, 0.281496, 0.299702, 0.318476, 0.337125, 0.354977, 0.371399, 0.385826, 0.397774, 0.406851, 0.412766, 0.415314
0.415314, 0.417858, 0.42374, 0.4327, 0.444371, 0.458281, 0.473875, 0.490544, 0.507649, 0.524557, 0.540661, 0.555404, 0.568298, 0.578936, 0.586991, 0.592229, 0.594482
0.594482, 0.59673, 0.601921, 0.609809, 0.620049, 0.632203, 0.645761, 0.660171, 0.674869, 0.689304, 0.702964, 0.71539, 0.726194, 0.735061, 0.741747, 0.74608, 0.747941
0.747941, 0.749796, 0.75407, 0.760545, 0.768913, 0.778785, 0.78972, 0.801249, 0.812904, 0.824242, 0.834866, 0.844438, 0.852685, 0.859397, 0.864424, 0.867666, 0.869054
0.869054, 0.870436, 0.873609, 0.878391, 0.884524, 0.891688, 0.899527, 0.907676, 0.915784, 0.923534, 0.930664, 0.936968, 0.9423, 0.946568, 0.949719, 0.951729, 0.952585
0.952585, 0.953433, 0.955368, 0.95825, 0.961883, 0.966028, 0.970433, 0.97485, 0.979059, 0.982887, 0.986214, 0.988977, 0.991165, 0.992804, 0.993942, 0.994634, 0.99492
0.99492, 0.995198, 0.995811, 0.996669, 0.997644, 0.998592, 0.999372, 0.999865, 0.999994, 0.999734, 0.999114, 0.998217, 0.997166, 0.996105, 0.995181, 0.994525, 0.994228
0.994228, 0.993924, 0.99319, 0.991986, 0.990261, 0.987971, 0.985092, 0.98164, 0.977684, 0.973347, 0.968807, 0.964289, 0.960043, 0.956328, 0.953383, 0.951406, 0.950541
0.950541, 0.949668, 0.947616, 0.944403, 0.940054, 0.934624, 0.92821, 0.920963, 0.913093, 0.904866, 0.896603, 0.888658, 0.881402, 0.875194, 0.870354, 0.867143, 0.865746
0.865746, 0.864342, 0.861062, 0.855978, 0.849192, 0.840858, 0.831187, 0.820459, 0.809013, 0.797253, 0.785624, 0.774597, 0.764645, 0.756211, 0.749687, 0.745379, 0.743511
0.743511, 0.741636, 0.737271, 0.730536, 0.721607, 0.710728, 0.698219, 0.684472, 0.669948, 0.655162, 0.64067, 0.627037, 0.614819, 0.604525, 0.596598, 0.591381, 0.589122
0.589122, 0.586858, 0.581595, 0.573501, 0.562815, 0.549862, 0.535055, 0.518885, 0.501909, 0.484739, 0.468009, 0.452361, 0.438405, 0.426696, 0.417708, 0.411808, 0.409256
0.409256, 0.406701, 0.400768, 0.391665, 0.379683, 0.365217, 0.348753, 0.330858, 0.312166, 0.293352, 0.275109, 0.258122, 0.243031, 0.230414, 0.220755, 0.214426, 0.211691
0.211691, 0.208955, 0.202609, 0.19289, 0.180132, 0.164778, 0.147368, 0.128523, 0.108922, 0.0892786, 0.0703122, 0.0527196, 0.0371477, 0.0241677, 0.0142546, 0.0077704, 0.00497173
0.00497173, 0.00217301, -0.00431157, -0.0142261, -0.0272094, -0.0427875, -0.06039, -0.0793705, -0.0990323, -0.118656, -0.137526, -0.154962, -0.170342, -0.183124, -0.192862, -0.199221, -0.201963
-0.201963, -0.204703, -0.211046, -0.220727, -0.233374, -0.248502, -0.265536, -0.283831, -0.302704, -0.321458, -0.339416, -0.355943, -0.370466, -0.382496, -0.391638, -0.397597, -0.400163
-0.400163, -0.402727, -0.408653, -0.417683, -0.429446, -0.443471, -0.459199, -0.476018, -0.493284, -0.510359, -0.526629, -0.54153, -0.554568, -0.565327, -0.573478, -0.578778, -0.581058
-0.581058, -0.583334, -0.588588, -0.596575, -0.606946, -0.619261, -0.633003, -0.647618, -0.662533, -0.677189, -0.691066, -0.703698, -0.714687, -0.72371, -0.730517, -0.73493, -0.736825
-0.736825, -0.738714, -0.743069, -0.749668, -0.758199, -0.76827, -0.779433, -0.791211, -0.803129, -0.814733, -0.825618, -0.835434, -0.843899, -0.850795, -0.855964, -0.859298, -0.860726
-0.860726, -0.862148, -0.865415, -0.87034, -0.876662, -0.884055, -0.892155, -0.900588, -0.908993, -0.917044, -0.924465, -0.931041, -0.936616, -0.941087, -0.944393, -0.946506, -0.947405

0.0421783, 0.0449744, 0.0514515, 0.0613506, 0.0743068, 0.0898419, 0.107382, 0.126279, 0.145836, 0.165336, 0.18407, 0.201366, 0.216609, 0.229268, 0.238908, 0.245199, 0.247912
0.247912, 0.250622, 0.256895, 0.266464, 0.278958, 0.293892, 0.310694, 0.328722, 0.3473, 0.365744, 0.383385, 0.399604, 0.413844, 0.425631, 0.434582, 0.440413, 0.442924
0.442924, 0.445432, 0.451228, 0.460054, 0.471545, 0.485233, 0.500569, 0.516949, 0.533746, 0.550335, 0.566121, 0.580562, 0.593183, 0.603587, 0.611462, 0.616581, 0.618782
0.618782, 0.620978, 0.626048, 0.633748, 0.64374, 0.65559, 0.668797, 0.682821, 0.697109, 0.711126, 0.724374, 0.736412, 0.746868, 0.75544, 0.7619, 0.766084, 0.767879
0.767879, 0.769669, 0.773793, 0.780035, 0.788095, 0.797594, 0.808102, 0.819163, 0.830325, 0.841164, 0.851301, 0.860416, 0.868254, 0.874624, 0.879388, 0.882456, 0.883769
0.883769, 0.885076, 0.888075, 0.892589, 0.898369, 0.905106, 0.91246, 0.920079, 0.927633, 0.934825, 0.941412, 0.94721, 0.952092, 0.955983, 0.958845, 0.960666, 0.96144
0.96144, 0.962206, 0.963951, 0.966542, 0.969792, 0.973476, 0.977357, 0.981206, 0.984824, 0.988058, 0.990811, 0.993041, 0.994756, 0.996, 0.996837, 0.997332, 0.997532
0.997532, 0.997725, 0.998141, 0.998696, 0.999275, 0.999747, 0.999988, 0.9999, 0.999426, 0.998562, 0.997361, 0.995927, 0.9944, 0.992944, 0.99172, 0.990866, 0.990485
0.990485, 0.990096, 0.989164, 0.98766, 0.985543, 0.982783, 0.979373, 0.975352, 0.970806, 0.965882, 0.96078, 0.955743, 0.951041, 0.946947, 0.943714, 0.941549, 0.940603
0.940603, 0.939649, 0.937411, 0.933912, 0.929191, 0.923317, 0.916405, 0.908623, 0.900203, 0.891431, 0.882648, 0.874227, 0.866553, 0.859999, 0.854897, 0.851515, 0.850044
0.850044, 0.848566, 0.845118, 0.839776, 0.832655, 0.823921, 0.813805, 0.802601, 0.79067, 0.77843, 0.766346, 0.754904, 0.744589, 0.735858, 0.729109, 0.724655, 0.722724
0.722724, 0.720787, 0.716277, 0.709323, 0.700109, 0.688894, 0.676012, 0.661869, 0.646943, 0.631765, 0.616902, 0.602934, 0.590426, 0.579895, 0.571789, 0.566457, 0.564149
0.564149, 0.561836, 0.556459, 0.548194, 0.537287, 0.524076, 0.508983, 0.492514, 0.475239, 0.457778, 0.44078, 0.42489, 0.410729, 0.398854, 0.389742, 0.383762, 0.381176
0.381176, 0.378587, 0.372578, 0.363358, 0.35123, 0.336593, 0.319944, 0.30186, 0.282982, 0.263994, 0.245595, 0.228472, 0.213269, 0.200564, 0.190841, 0.184471, 0.18172
0.18172, 0.178967, 0.172583, 0.162809, 0.149983, 0.134553, 0.117068, 0.098151, 0.0784876, 0.0587937, 0.0397898, 0.0221723, 0.00658622, -0.00639986, -0.0163142, -0.0227975, -0.0255954
-0.0255954, -0.0283931, -0.0348745, -0.0447815, -0.0577505, -0.0733048, -0.0908712, -0.109802, -0.129401, -0.148949, -0.167736, -0.185086, -0.200381, -0.213087, -0.222763, -0.22908, -0.231804
-0.231804, -0.234525, -0.240824, -0.250435, -0.262986, -0.277993, -0.29488, -0.313007, -0.331694, -0.350251, -0.368009, -0.38434, -0.398683, -0.410559, -0.419579, -0.425456, -0.427988
-0.427988, -0.430515, -0.436359, -0.445259, -0.456849, -0.470659, -0.486137, -0.502675, -0.519642, -0.536406, -0.552366, -0.566972, -0.579743, -0.590275, -0.59825, -0.603433, -0.605663
-0.605663, -0.607887, -0.613023, -0.620826, -0.630954, -0.642971, -0.65637, -0.670605, -0.685117, -0.699363, -0.712836, -0.725086, -0.735732, -0.744465, -0.751048, -0.755314, -0.757145
-0.757145, -0.75897, -0.763177, -0.769546, -0.777774, -0.787476, -0.798217, -0.809534, -0.820965, -0.832075, -0.842478, -0.851842, -0.859903, -0.86646, -0.871367, -0.87453, -0.875884
-0.875884, -0.877231, -0.880326, -0.884986, -0.890957, -0.897927, -0.905545, -0.913453, -0.921308, -0.928804, -0.935686, -0.94176, -0.946887, -0.950983, -0.954003, -0.955927, -0.956745
-0.956745, -0.957555, -0.959404, -0.962153, -0.965611, -0.969546, -0.973712, -0.97787, -0.981809, -0.985366, -0.98843, -0.99095, -0.992922, -0.994381, -0.995381, -0.995983, -0.99623
-0.99623, -0.996469, -0.996992, -0.997711, -0.998505, -0.999236, -0.99977, -0.999997, -0.99985, -0.999314, -0.998428, -0.997286, -0.996017, -0.994775, -0.993714, -0.992967, -0.992632
-0.992632, -0.992289, -0.991464, -0.990123, -0.988219, -0.985713, -0.982591, -0.978879, -0.974652, -0.970046, -0.965249, -0.960493, -0.956038, -0.952149, -0.949072, -0.947009, -0.946107
-0.946107, -0.945196, -0.943059, -0.939715, -0.935195, -0.929562, -0.922919, -0.915427, -0.907304, -0.898827, -0.890326, -0.882162, -0.874714, -0.868347, -0.863387, -0.860097, -0.858666
-0.858666, -0.857228, -0.853871, -0.848668, -0.841728, -0.833211, -0.823335, -0.812388, -0.800719, -0.788738, -0.776899, -0.765681, -0.755562, -0.746992, -0.740364, -0.735989, -0.734091
-0.734091, -0.732188, -0.727756, -0.72092, -0.71186, -0.700826, -0.688145, -0.674215, -0.659506, -0.644539, -0.629876, -0.616088, -0.603736, -0.593333, -0.585323, -0.580053, -0.57777
-0.57777, -0.575484, -0.570169, -0.561995, -0.551207, -0.538134, -0.523195, -0.506886, -0.489772, -0.472466, -0.455612, -0.439852, -0.4258, -0.414014, -0.404969, -0.399031, -0.396463
-0.396463, -0.393892, -0.387924, -0.378766, -0.366716, -0.35217, -0.335619, -0.317636, -0.298857, -0.279961, -0.261645, -0.244593, -0.22945, -0.216791, -0.207101, -0.200753, -0.19801
-0.19801, -0.195266, -0.188903, -0.179157, -0.166366, -0.150976, -0.133529, -0.114649, -0.0950176, -0.0753488, -0.0563631, -0.0387571, -0.0231768, -0.0101926, -0.000277776, 0.00620679, 0.00900544
0.00900544, 0.011804, 0.0182879, 0.0282001, 0.0411784, 0.0567474, 0.0743354, 0.0932955, 0.112931, 0.132522, 0.151356, 0.168755, 0.184098, 0.196847, 0.206558, 0.212898, 0.215632
0.215632, 0.218364, 0.224687, 0.234338, 0.246942, 0.262017, 0.278985, 0.297206, 0.315995, 0.334662, 0.35253, 0.368969, 0.383412, 0.395373, 0.404461, 0.410383, 0.412933
0.412933, 0.41548, 0.42137, 0.430341, 0.442027, 0.455955, 0.47157, 0.488263, 0.505394, 0.522329, 0.538459, 0.553227, 0.566145, 0.576801, 0.584872, 0.590119, 0.592377
0.592377, 0.594629, 0.59983, 0.607734, 0.617995, 0.630174, 0.643762, 0.658205, 0.672937, 0.687407, 0.701101, 0.71356, 0.724394, 0.733285, 0.73999, 0.744336, 0.746202
0.746202, 0.748062, 0.75235, 0.758845, 0.767238, 0.777142, 0.788113, 0.799682, 0.811378, 0.822758, 0.833423, 0.843034, 0.851316, 0.858057, 0.863106, 0.866363, 0.867758
0.867758, 0.869145, 0.872334, 0.877138, 0.883301, 0.890501, 0.898382, 0.906576, 0.91473, 0.922528, 0.929704, 0.936051, 0.941422, 0.945721, 0.948897, 0.950923, 0.951786
0.951786, 0.952641, 0.954592, 0.957499, 0.961164, 0.965349, 0.969799, 0.974264, 0.978523, 0.982402, 0.985778, 0.988587, 0.990815, 0.992487, 0.993651, 0.99436, 0.994653
0.994653, 0.994938, 0.995569, 0.996452, 0.997461, 0.99845, 0.999276, 0.999819, 1, 0.999791, 0.999221, 0.99837, 0.997359, 0.996332, 0.995435, 0.994795, 0.994506
0.994506, 0.994209, 0.993491, 0.992313, 0.990622, 0.988372, 0.985538, 0.982136, 0.97823, 0.973943, 0.969452, 0.964978, 0.960772, 0.957089, 0.954169, 0.952208, 0.95135
0.95135, 0.950484, 0.948448, 0.945259, 0.940942, 0.935551, 0.92918, 0.921979, 0.914156, 0.905976, 0.897758, 0.889854, 0.882635, 0.876456, 0.871639, 0.868443, 0.867052
0.867052, 0.865654, 0.862389, 0.857328, 0.850571, 0.84227, 0.832639, 0.821951, 0.810548, 0.798829, 0.787239, 0.776248, 0.766327, 0.75792, 0.751415, 0.74712, 0.745257
0.745257, 0.743388, 0.739035, 0.73232, 0.723415, 0.712566, 0.700089, 0.686376, 0.671887, 0.657136, 0.642676, 0.629072, 0.616879, 0.606607, 0.598695, 0.593488, 0.591233
0.591233, 0.588974, 0.583721, 0.575642, 0.564975, 0.552045, 0.537263, 0.521119, 0.50417, 0.487024, 0.470319, 0.454692, 0.440754, 0.42906, 0.420083, 0.41419, 0.411641
0.411641, 0.409089, 0.403163, 0.39407, 0.382101, 0.367651, 0.351203, 0.333325, 0.314649, 0.295851, 0.277623, 0.260647, 0.245567, 0.232958, 0.223305, 0.216979, 0.214247
0.214247, 0.211512, 0.20517, 0.195456, 0.182704, 0.167357, 0.149954, 0.131116, 0.111521, 0.0918832, 0.0729208, 0.0553312, 0.0397611, 0.0267822, 0.0168696, 0.0103856, 0.00758702
0.00758702, 0.00478835, -0.00169624, -0.011611, -0.0245949, -0.0401744, -0.0577792, -0.0767632, -0.0964295, -0.116058, -0.134935, -0.152378, -0.167765, -0.180552, -0.190295, -0.196657, -0.199401
-0.199401, -0.202142, -0.208489, -0.218176, -0.23083, -0.245968, -0.263014, -0.281323, -0.30021, -0.318981, -0.336955, -0.353497, -0.368035, -0.380079, -0.389231, -0.395196, -0.397765
-0.397765, -0.400331, -0.406265, -0.415305, -0.427083, -0.441125, -0.456874, -0.473716, -0.491008, -0.508108, -0.524403, -0.539329, -0.55239, -0.563168, -0.571333, -0.576643, -0.578928

-0.552553, -0.550218, -0.544792, -0.536451, -0.525447, -0.512121, -0.496903, -0.480302, -0.462894, -0.445307, -0.428191, -0.412196, -0.397945, -0.385998, -0.376833, -0.370818, -0.368218
-0.368218, -0.365614, -0.359571, -0.350301, -0.338109, -0.323399, -0.30667, -0.288505, -0.269549, -0.250487, -0.232022, -0.214842, -0.199593, -0.186851, -0.177102, -0.170716, -0.167958
-0.167958, -0.165198, -0.158799, -0.149003, -0.136149, -0.120691, -0.103175, -0.0842321, -0.0645462, -0.0448353, -0.0258201, -0.00819675, 0.00739097, 0.0203758, 0.0302875, 0.0367685, 0.0395652
0.0395652, 0.0423616, 0.0488394, 0.05874, 0.0716984, 0.0872368, 0.104781, 0.123684, 0.143248, 0.162756, 0.181499, 0.198803, 0.214055, 0.226722, 0.236367, 0.242663, 0.245377
0.245377, 0.248089, 0.254366, 0.263942, 0.276445, 0.291392, 0.308207, 0.326251, 0.344847, 0.363308, 0.380969, 0.397206, 0.411462, 0.423263, 0.432225, 0.438064, 0.440578
0.440578, 0.443089, 0.448892, 0.45773, 0.469237, 0.482945, 0.498303, 0.514709, 0.531533, 0.548149, 0.563963, 0.57843, 0.591075, 0.6015, 0.609391, 0.61452, 0.616725
0.616725, 0.618926, 0.624006, 0.631723, 0.641736, 0.653613, 0.66685, 0.680908, 0.695232, 0.709285, 0.722568, 0.73464, 0.745126, 0.753724, 0.760203, 0.7644, 0.766201
0.766201, 0.767997, 0.772134, 0.778396, 0.786483, 0.796014, 0.806559, 0.81766, 0.828865, 0.839747, 0.849925, 0.85908, 0.866954, 0.873353, 0.878139, 0.881223, 0.882543
0.882543, 0.883855, 0.88687, 0.891407, 0.897217, 0.903991, 0.911387, 0.919052, 0.926653, 0.933893, 0.940527, 0.946368, 0.951289, 0.955213, 0.9581, 0.959937, 0.960717
0.960717, 0.96149, 0.963252, 0.965868, 0.96915, 0.972874, 0.976801, 0.980698, 0.984367, 0.987652, 0.990454, 0.992729, 0.994485, 0.995763, 0.996626, 0.997137, 0.997345
0.997345, 0.997545, 0.997978, 0.998559, 0.999172, 0.999685, 0.999972, 0.999933, 0.999511, 0.998699, 0.997548, 0.996159, 0.994673, 0.993251, 0.992052, 0.991215, 0.990841
0.990841, 0.990459, 0.989545, 0.988066, 0.985983, 0.983262, 0.979898, 0.975925, 0.97143, 0.966556, 0.961502, 0.956509, 0.951846, 0.947784, 0.944576, 0.942427, 0.941488
0.941488, 0.940541, 0.938318, 0.934844, 0.930154, 0.924318, 0.917448, 0.909713, 0.901339, 0.892614, 0.883875, 0.875494, 0.867855, 0.86133, 0.856251, 0.852883, 0.851418
0.851418, 0.849947, 0.846513, 0.841193, 0.8341, 0.825401, 0.815322, 0.804158, 0.792268, 0.780069, 0.768023, 0.756616, 0.746333, 0.737627, 0.730896, 0.726455, 0.724529
0.724529, 0.722597, 0.718099, 0.711164, 0.701974, 0.690788, 0.677937, 0.663827, 0.648935, 0.63379, 0.618958, 0.605019, 0.592535, 0.582024, 0.573933, 0.568611, 0.566306
0.566306, 0.563997, 0.558631, 0.55038, 0.539491, 0.526301, 0.511233, 0.494788, 0.477538, 0.460102, 0.443126, 0.427256, 0.413112, 0.401251, 0.39215, 0.386176, 0.383593
0.383593, 0.381007, 0.375003, 0.365794, 0.353677, 0.339054, 0.32242, 0.304352, 0.285489, 0.266516, 0.24813, 0.231017, 0.215823, 0.203125, 0.193407, 0.187041, 0.184291
0.184291, 0.18154, 0.175159, 0.165389, 0.152568, 0.137145, 0.119665, 0.100753, 0.0810947, 0.0614043, 0.0424029, 0.024787, 0.00920149, -0.00378455, -0.0136991, -0.0201828, -0.0229808
-0.0229808, -0.0257787, -0.0322606, -0.0421687, -0.0551394, -0.0706962, -0.0882663, -0.107202, -0.126807, -0.146363, -0.165157, -0.182515, -0.197818, -0.210531, -0.220213, -0.226534, -0.229259
-0.229259, -0.231982, -0.238285, -0.247902, -0.260462, -0.27548, -0.29238, -0.310522, -0.329225, -0.3478, -0.365576, -0.381924, -0.396283, -0.408172, -0.417204, -0.423088, -0.425622
-0.425622, -0.428153, -0.434004, -0.442915, -0.454521, -0.46835, -0.483849, -0.500413, -0.517405, -0.534197, -0.550184, -0.564816, -0.57761, -0.588162, -0.596152, -0.601346, -0.603579
-0.603579, -0.605808, -0.610955, -0.618774, -0.628923, -0.640965, -0.654394, -0.668663, -0.68321, -0.697491, -0.710999, -0.723282, -0.733958, -0.742716, -0.749319, -0.753597, -0.755434
-0.755434, -0.757265, -0.761484, -0.767873, -0.776127, -0.785862, -0.796639, -0.807996, -0.819468, -0.830622, -0.841066, -0.850469, -0.858565, -0.865151, -0.870081, -0.873259, -0.874619
-0.874619, -0.875972, -0.879082, -0.883765, -0.889767, -0.896773, -0.904433, -0.912386, -0.920288, -0.927832, -0.934761, -0.940877, -0.946043, -0.950171, -0.953215, -0.955155, -0.95598
-0.95598, -0.956798, -0.958663, -0.961437, -0.964928, -0.968902, -0.973113, -0.977319, -0.981309, -0.984916, -0.98803, -0.990596, -0.992608, -0.9941, -0.995127, -0.995745, -0.995999
-0.995999, -0.996246, -0.996786, -0.997531, -0.998359, -0.99913, -0.99971, -0.999987, -0.999892, -0.999407, -0.998572, -0.997475, -0.996247, -0.995039, -0.994003, -0.993273, -0.992945
-0.992945, -0.99261, -0.991802, -0.990486, -0.988615, -0.98615, -0.983074, -0.97941, -0.975234, -0.970678, -0.965929, -0.961217, -0.956802, -0.952945, -0.949893, -0.947846, -0.94695
-0.94695, -0.946047, -0.943926, -0.940606, -0.936118, -0.930523, -0.923923, -0.916477, -0.908401, -0.899971, -0.891513, -0.883391, -0.875979, -0.869641, -0.864704, -0.861428, -0.860003
-0.860003, -0.858572, -0.855229, -0.850049, -0.843138, -0.834654, -0.824817, -0.81391, -0.802283, -0.790343, -0.778543, -0.767361, -0.757273, -0.748728, -0.742119, -0.737757, -0.735865
-0.735865, -0.733967, -0.729547, -0.72273, -0.713695, -0.70269, -0.69004, -0.676145, -0.661469, -0.646536, -0.631905, -0.618146, -0.605819, -0.595436, -0.587441, -0.582181, -0.579903
-0.579903, -0.577621, -0.572315, -0.564157, -0.553387, -0.540337, -0.525422, -0.509139, -0.49205, -0.47477, -0.457939, -0.442199, -0.428165, -0.416393, -0.407358, -0.401428, -0.398863
-0.398863, -0.396295, -0.390333, -0.381185, -0.369148, -0.354617, -0.338082, -0.320115, -0.301352, -0.282471, -0.264168, -0.247128, -0.231994, -0.219343, -0.209659, -0.203314, -0.200573
-0.200573, -0.197831, -0.19147, -0.181729, -0.168944, -0.153561, -0.136121, -0.117247, -0.0976207, -0.0779565, -0.0589741, -0.0413703, -0.0257914, -0.0128077, -0.00289312, 0.00359147, 0.00639016
0.00639016, 0.00918881, 0.0156729, 0.0255857, 0.0385651, 0.0541361, 0.0717271, 0.0906913, 0.110332, 0.129929, 0.148771, 0.166177, 0.181527, 0.194282, 0.203998, 0.210342, 0.213077
0.213077, 0.215811, 0.222138, 0.231794, 0.244407, 0.259492, 0.276473, 0.294707, 0.313513, 0.332196, 0.350082, 0.366537, 0.380995, 0.392969, 0.402067, 0.407996, 0.41055
0.41055, 0.4131, 0.418997, 0.427979, 0.439679, 0.453625, 0.469262, 0.485979, 0.503136, 0.520097, 0.536253, 0.551047, 0.563987, 0.574663, 0.582749, 0.588006, 0.590268
0.590268, 0.592524, 0.597736, 0.605655, 0.615937, 0.628142, 0.641758, 0.656233, 0.671, 0.685505, 0.699234, 0.711725, 0.722588, 0.731504, 0.738228, 0.742587, 0.744459
0.744459, 0.746324, 0.750625, 0.757139, 0.765558, 0.775493, 0.786501, 0.798109, 0.809846, 0.821269, 0.831975, 0.841625, 0.849941, 0.856711, 0.861783, 0.865054, 0.866455
0.866455, 0.867849, 0.871052, 0.875879, 0.882072, 0.889308, 0.89723, 0.905469, 0.91367, 0.921515, 0.928737, 0.935127, 0.940536, 0.944868, 0.948068, 0.950111, 0.95098
0.95098, 0.951842, 0.95381, 0.956742, 0.960439, 0.964663, 0.969157, 0.973671, 0.977981, 0.98191, 0.985335, 0.988189, 0.990458, 0.992164, 0.993354, 0.994079, 0.99438
0.99438, 0.994672, 0.99532, 0.996229, 0.997272, 0.998301, 0.999173, 0.999766, 0.999998, 0.999841, 0.999321, 0.998516, 0.997546, 0.996552, 0.995681, 0.995058, 0.994776
0.994776, 0.994486, 0.993785, 0.992633, 0.990976, 0.988766, 0.985978, 0.982625, 0.978769, 0.974533, 0.97009, 0.965661, 0.961494, 0.957844, 0.954948, 0.953004, 0.952152
0.952152, 0.951293, 0.949274, 0.94611, 0.941824, 0.936471, 0.930144, 0.922989, 0.915213, 0.90708, 0.898907, 0.891045, 0.883861, 0.877712, 0.872918, 0.869736, 0.868352
0.868352, 0.86696, 0.86371, 0.858671, 0.851943, 0.843677, 0.834084, 0.823438, 0.812077, 0.8004, 0.788849, 0.777894, 0.768005, 0.759624, 0.753138, 0.748856, 0.746998
0.746998, 0.745135, 0.740795, 0.734098, 0.725218, 0.714398, 0.701954, 0.688276, 0.673822, 0.659105, 0.644677, 0.631103, 0.618936, 0.608684, 0.600787, 0.595591, 0.59334
0.59334, 0.591085, 0.585842, 0.577778, 0.567131, 0.554224, 0.539467, 0.523349, 0.506427, 0.489307, 0.472625, 0.45702, 0.4431, 0.431421, 0.422455, 0.416569, 0.414023
0.414023, 0.411474, 0.405555, 0.396472, 0.384517, 0.370082, 0.35365, 0.33579, 0.317131, 0.298348, 0.280135, 0.263172, 0.248102, 0.235501, 0.225854, 0.219532, 0.2168
0.2168, 0.214067, 0.207729, 0.19802, 0.185275, 0.169935, 0.152539, 0.133708, 0.11412, 0.0944871, 0.0755289, 0.0579423, 0.0423742, 0.0293965, 0.0194845, 0.0130008, 0.0102023

-0.936685, -0.935701, -0.933394, -0.92979, -0.924931, -0.918894, -0.911798, -0.90382, -0.895197, -0.886225, -0.877251, -0.868654, -0.860826, -0.854145, -0.848947, -0.845502, -0.844005
-0.844005, -0.8425, -0.838989, -0.833553, -0.826309, -0.817429, -0.80715, -0.795772, -0.783662, -0.771248, -0.758997, -0.747404, -0.736957, -0.728117, -0.721286, -0.716779, -0.714825
-0.714825, -0.712865, -0.708302, -0.701268, -0.691952, -0.680614, -0.667596, -0.653309, -0.638237, -0.622917, -0.60792, -0.593831, -0.581218, -0.570602, -0.562431, -0.557058, -0.554731
-0.554731, -0.5524, -0.546983, -0.538656, -0.52767, -0.514365, -0.499171, -0.482594, -0.465211, -0.447647, -0.430553, -0.414578, -0.400343, -0.388409, -0.379254, -0.373246, -0.370648
-0.370648, -0.368047, -0.36201, -0.35275, -0.340569, -0.325872, -0.309158, -0.291008, -0.272066, -0.253018, -0.234566, -0.217396, -0.202155, -0.18942, -0.179675, -0.173293, -0.170536
-0.170536, -0.167777, -0.161381, -0.151588, -0.13874, -0.123286, -0.105776, -0.0868378, -0.0671559, -0.0474478, -0.0284345, -0.010812, 0.00477567, 0.0177609, 0.0276733, 0.0341548, 0.0369518
0.0369518, 0.0397484, 0.046227, 0.056129, 0.0690896, 0.0846312, 0.10218, 0.121088, 0.140659, 0.160175, 0.178926, 0.196239, 0.2115, 0.224174, 0.233825, 0.240125, 0.242841
0.242841, 0.245555, 0.251836, 0.261419, 0.273931, 0.288889, 0.305718, 0.323777, 0.342391, 0.36087, 0.378549, 0.394804, 0.409077, 0.420892, 0.429865, 0.435711, 0.438228
0.438228, 0.440742, 0.446554, 0.455403, 0.466926, 0.480653, 0.496034, 0.512465, 0.529315, 0.54596, 0.561801, 0.576295, 0.588963, 0.599408, 0.607315, 0.612454, 0.614664
0.614664, 0.616869, 0.62196, 0.629693, 0.639728, 0.651631, 0.664899, 0.67899, 0.693349, 0.707439, 0.720758, 0.732863, 0.74338, 0.752003, 0.758501, 0.762711, 0.764518
0.764518, 0.766319, 0.770469, 0.776752, 0.784865, 0.794428, 0.80501, 0.816152, 0.827399, 0.838324, 0.848544, 0.857739, 0.865648, 0.872076, 0.876885, 0.879984, 0.88131
0.88131, 0.882629, 0.885658, 0.890219, 0.896059, 0.90287, 0.910307, 0.918018, 0.925667, 0.932954, 0.939635, 0.94552, 0.95048, 0.954435, 0.957347, 0.959201, 0.959988
0.959988, 0.960768, 0.962547, 0.965187, 0.968502, 0.972266, 0.976237, 0.980184, 0.983903, 0.987239, 0.99009, 0.992411, 0.994207, 0.995519, 0.996408, 0.996936, 0.997151
0.997151, 0.997358, 0.997808, 0.998415, 0.999062, 0.999616, 0.999949, 0.99996, 0.999589, 0.998829, 0.997727, 0.996385, 0.994939, 0.993551, 0.992378, 0.991558, 0.991191
0.991191, 0.990816, 0.989919, 0.988466, 0.986416, 0.983736, 0.980417, 0.976493, 0.972047, 0.967223, 0.962217, 0.957269, 0.952644, 0.948615, 0.945431, 0.943299, 0.942366
0.942366, 0.941426, 0.939219, 0.935769, 0.931111, 0.925313, 0.918486, 0.910795, 0.902468, 0.89379, 0.885095, 0.876754, 0.869151, 0.862656, 0.857599, 0.854246, 0.852787
0.852787, 0.851322, 0.847902, 0.842604, 0.83554, 0.826874, 0.816834, 0.80571, 0.793861, 0.781703, 0.769696, 0.758324, 0.748071, 0.73939, 0.732678, 0.72825, 0.726329
0.726329, 0.724402, 0.719917, 0.713, 0.703835, 0.692677, 0.679857, 0.665781, 0.650923, 0.635811, 0.62101, 0.607099, 0.594639, 0.584149, 0.576073, 0.57076, 0.56846
0.56846, 0.566155, 0.560798, 0.552561, 0.541691, 0.528523, 0.513479, 0.497059, 0.479834, 0.462422, 0.445469, 0.42962, 0.415492, 0.403645, 0.394554, 0.388587, 0.386007
0.386007, 0.383424, 0.377427, 0.368227, 0.356122, 0.341514, 0.324895, 0.306842, 0.287995, 0.269036, 0.250662, 0.233561, 0.218376, 0.205685, 0.195973, 0.18961, 0.186861
0.186861, 0.184111, 0.177733, 0.167968, 0.155152, 0.139735, 0.122261, 0.103355, 0.0837011, 0.0640145, 0.0450158, 0.0274014, 0.0118167, -0.0011692, -0.011084, -0.0175679, -0.0203661
-0.0203661, -0.0231642, -0.0296465, -0.0395555, -0.0525278, -0.0680871, -0.0856609, -0.104602, -0.124213, -0.143775, -0.162578, -0.179943, -0.195254, -0.207973, -0.217661, -0.223986, -0.226712
-0.226712, -0.229437, -0.235744, -0.245368, -0.257936, -0.272964, -0.289878, -0.308035, -0.326754, -0.345347, -0.36314, -0.379506, -0.393881, -0.405783, -0.414825, -0.420717, -0.423254
-0.423254, -0.425788, -0.431647, -0.440569, -0.45219, -0.466037, -0.481559, -0.498147, -0.515166, -0.531984, -0.547998, -0.562656, -0.575474, -0.586045, -0.59405, -0.599254, -0.601492
-0.601492, -0.603726, -0.608882, -0.616717, -0.626888, -0.638956, -0.652414, -0.666716, -0.681298, -0.695615, -0.709157, -0.721474, -0.732179, -0.740963, -0.747584, -0.751875, -0.753718
-0.753718, -0.755554, -0.759786, -0.766195, -0.774475, -0.784242, -0.795056, -0.806452, -0.817967, -0.829163, -0.839648, -0.849091, -0.857222, -0.863836, -0.868789, -0.871981, -0.873348
-0.873348, -0.874708, -0.877832, -0.882538, -0.88857, -0.895613, -0.903314, -0.911312, -0.919262, -0.926853, -0.933828, -0.939988, -0.945192, -0.949353, -0.952421, -0.954378, -0.95521
-0.95521, -0.956034, -0.957916, -0.960715, -0.964238, -0.968252, -0.972507, -0.976762, -0.980802, -0.984461, -0.987623, -0.990234, -0.992287, -0.993813, -0.994866, -0.995501, -0.995762
-0.995762, -0.996016, -0.996573, -0.997344, -0.998206, -0.999018, -0.999644, -0.999971, -0.999927, -0.999494, -0.998708, -0.997657, -0.99647, -0.995295, -0.994286, -0.993573, -0.993252
-0.993252, -0.992924, -0.992133, -0.990843, -0.989006, -0.98658, -0.983549, -0.979935, -0.975809, -0.971303, -0.966602, -0.961935, -0.957559, -0.953735, -0.950707, -0.948676, -0.947788
-0.947788, -0.946891, -0.944786, -0.941491, -0.937035, -0.931477, -0.924921, -0.91752, -0.909491, -0.901108, -0.892695, -0.884613, -0.877237, -0.870929, -0.866014, -0.862754, -0.861335
-0.861335, -0.85991, -0.856582, -0.851424, -0.844541, -0.836092, -0.826293, -0.815427, -0.803841, -0.791943, -0.780182, -0.769035, -0.758979, -0.750459, -0.74387, -0.73952, -0.737633
-0.737633, -0.735741, -0.731334, -0.724535, -0.715524, -0.704548, -0.691931, -0.678069, -0.663429, -0.648529, -0.63393, -0.6202, -0.607897, -0.597535, -0.589556, -0.584305, -0.582032
-0.582032, -0.579754, -0.574458, -0.566314, -0.555564, -0.542536, -0.527646, -0.511388, -0.494325, -0.47707, -0.460262, -0.444543, -0.430527, -0.41877, -0.409746, -0.403822, -0.40126
-0.40126, -0.398695, -0.392739, -0.383602, -0.371577, -0.357061, -0.340542, -0.322591, -0.303844, -0.284979, -0.26669, -0.249662, -0.234538, -0.221894, -0.212216, -0.205874, -0.203135
-0.203135, -0.200394, -0.194036, -0.184301, -0.171522, -0.156145, -0.138711, -0.119844, -0.100223, -0.0805636, -0.0615846, -0.0439833, -0.0284058, -0.0154228, -0.00550845, 0.000976126, 0.00377485
0.00377485, 0.00657354, 0.0130578, 0.0229711, 0.0359516, 0.0515244, 0.0691182, 0.0880864, 0.107732, 0.127336, 0.146184, 0.163597, 0.178955, 0.191716, 0.201437, 0.207784, 0.210521
0.210521, 0.213256, 0.219587, 0.229249, 0.24187, 0.256965, 0.273959, 0.292207, 0.311028, 0.329728, 0.347631, 0.364103, 0.378576, 0.390563, 0.399671, 0.405607, 0.408164
0.408164, 0.410717, 0.416621, 0.425614, 0.437329, 0.451293, 0.466951, 0.483691, 0.500874, 0.517861, 0.534044, 0.548862, 0.561825, 0.57252, 0.580621, 0.585889, 0.588154
0.588154, 0.590416, 0.595637, 0.603572, 0.613874, 0.626104, 0.63975, 0.654258, 0.669059, 0.683599, 0.697362, 0.709886, 0.720778, 0.729718, 0.736462, 0.740833, 0.74271
0.74271, 0.744581, 0.748894, 0.755428, 0.763873, 0.773839, 0.784883, 0.79653, 0.808309, 0.819774, 0.830521, 0.840209, 0.84856, 0.855359, 0.860453, 0.863739, 0.865146
0.865146, 0.866546, 0.869764, 0.874614, 0.880836, 0.888109, 0.896072, 0.904356, 0.912604, 0.920496, 0.927764, 0.934197, 0.939645, 0.944009, 0.947233, 0.949292, 0.950168
0.950168, 0.951037, 0.953021, 0.955978, 0.959707, 0.963971, 0.96851, 0.973071, 0.977432, 0.981411, 0.984885, 0.987785, 0.990094, 0.991834, 0.993049, 0.993792, 0.994099
0.994099, 0.994399, 0.995063, 0.995998, 0.997075, 0.998145, 0.999063, 0.999706, 0.99999, 0.999884, 0.999414, 0.998655, 0.997725, 0.996766, 0.99592, 0.995314, 0.99504
0.99504, 0.994757, 0.994073, 0.992946, 0.991323, 0.989154, 0.986411, 0.983107, 0.979302, 0.975116, 0.970721, 0.966337, 0.962209, 0.958592, 0.955721, 0.953793, 0.952948
0.952948, 0.952096, 0.950093, 0.946953, 0.9427, 0.937385, 0.931101, 0.923992, 0.916264, 0.908178, 0.900049, 0.892229, 0.885081, 0.878963, 0.874191, 0.871024, 0.869646
0.869646, 0.868261, 0.865025, 0.860008, 0.853309, 0.845079, 0.835524, 0.824919, 0.8136, 0.801965, 0.790454, 0.779535, 0.769677, 0.761322, 0.754856, 0.750587, 0.748735
0.748735, 0.746877, 0.742549, 0.735871, 0.727016, 0.716226, 0.703814, 0.690171, 0.675752, 0.66107, 0.646674, 0.63313, 0.620988, 0.610757, 0.602876, 0.59769, 0.595444

-0.963809, -0.964551, -0.966242, -0.968749, -0.971888, -0.97544, -0.979171, -0.982857, -0.986304, -0.989368, -0.991956, -0.994033, -0.995612, -0.996744, -0.997494, -0.997932, -0.998108
-0.998108, -0.998276, -0.998636, -0.999104, -0.99957, -0.999905, -0.999993, -0.999738, -0.999091, -0.998055, -0.996688, -0.9951, -0.993438, -0.991869, -0.990558, -0.989649, -0.989243
-0.989243, -0.98883, -0.987842, -0.986253, -0.984024, -0.981129, -0.977569, -0.973384, -0.968671, -0.96358, -0.958317, -0.953133, -0.948301, -0.9441, -0.940785, -0.938567, -0.937597
-0.937597, -0.936621, -0.934329, -0.930749, -0.925923, -0.919923, -0.912869, -0.904936, -0.89636, -0.887434, -0.878503, -0.869947, -0.862154, -0.855502, -0.850326, -0.846896, -0.845404
-0.845404, -0.843906, -0.84041, -0.834995, -0.827779, -0.818933, -0.808691, -0.797353, -0.785284, -0.77291, -0.760698, -0.749139, -0.738722, -0.729908, -0.723095, -0.7186, -0.716651
-0.716651, -0.714696, -0.710146, -0.70313, -0.693837, -0.682528, -0.669541, -0.655287, -0.640249, -0.624961, -0.609995, -0.595933, -0.583344, -0.572747, -0.564592, -0.559228, -0.556905
-0.556905, -0.554579, -0.549171, -0.540858, -0.52989, -0.516606, -0.501435, -0.484883, -0.467525, -0.449984, -0.432912, -0.416956, -0.402738, -0.390818, -0.381673, -0.375671, -0.373076
-0.373076, -0.370478, -0.364447, -0.355196, -0.343027, -0.328344, -0.311645, -0.29351, -0.274582, -0.255548, -0.237107, -0.219948, -0.204715, -0.191987, -0.182248, -0.175868, -0.173112
-0.173112, -0.170355, -0.163962, -0.154173, -0.141329, -0.125881, -0.108377, -0.089443, -0.0697651, -0.0500601, -0.0310487, -0.0134271, 0.00216033, 0.0151459, 0.0250589, 0.0315409, 0.0343381
0.0343381, 0.037135, 0.0436143, 0.0535175, 0.0664802, 0.0820249, 0.099578, 0.118492, 0.138069, 0.157593, 0.176353, 0.193674, 0.208943, 0.221624, 0.231282, 0.237585, 0.240303
0.240303, 0.243019, 0.249304, 0.258893, 0.271415, 0.286384, 0.303226, 0.321302, 0.339932, 0.35843, 0.376127, 0.3924, 0.406689, 0.418518, 0.427502, 0.433356, 0.435876
0.435876, 0.438393, 0.444212, 0.453073, 0.464612, 0.478358, 0.493761, 0.510217, 0.527095, 0.543767, 0.559636, 0.574156, 0.586848, 0.597313, 0.605235, 0.610385, 0.612599
0.612599, 0.614809, 0.61991, 0.62766, 0.637716, 0.649645, 0.662943, 0.677068, 0.691462, 0.705588, 0.718942, 0.731082, 0.741628, 0.750276, 0.756794, 0.761017, 0.76283
0.76283, 0.764636, 0.768799, 0.775102, 0.783242, 0.792837, 0.803455, 0.814638, 0.825927, 0.836895, 0.847158, 0.856391, 0.864335, 0.870793, 0.875625, 0.878738, 0.880071
0.880071, 0.881396, 0.884441, 0.889024, 0.894895, 0.901743, 0.909221, 0.916978, 0.924674, 0.93201, 0.938737, 0.944665, 0.949664, 0.953652, 0.956588, 0.958458, 0.959253
0.959253, 0.96004, 0.961834, 0.9645, 0.967848, 0.971651, 0.975667, 0.979662, 0.983432, 0.986819, 0.989719, 0.992086, 0.993923, 0.995268, 0.996183, 0.996728, 0.99695
0.99695, 0.997165, 0.997632, 0.998265, 0.998945, 0.99954, 0.999919, 0.99998, 0.999661, 0.998952, 0.9979, 0.996604, 0.995199, 0.993844, 0.992697, 0.991894, 0.991534
0.991534, 0.991167, 0.990286, 0.988859, 0.986842, 0.984202, 0.980929, 0.977053, 0.972658, 0.967884, 0.962926, 0.958022, 0.953436, 0.94944, 0.94628, 0.944164, 0.943238
0.943238, 0.942305, 0.940114, 0.936688, 0.932062, 0.926302, 0.919517, 0.911872, 0.903592, 0.894959, 0.886309, 0.878009, 0.870442, 0.863976, 0.858941, 0.855602, 0.85415
0.85415, 0.852691, 0.849286, 0.84401, 0.836974, 0.828342, 0.81834, 0.807256, 0.795449, 0.783331, 0.771363, 0.760026, 0.749804, 0.741148, 0.734456, 0.73004, 0.728124
0.728124, 0.726203, 0.72173, 0.714831, 0.70569, 0.69456, 0.681772, 0.66773, 0.652906, 0.637827, 0.623058, 0.609175, 0.59674, 0.586269, 0.578208, 0.572906, 0.570609
0.570609, 0.568309, 0.562961, 0.554739, 0.543888, 0.530742, 0.515721, 0.499327, 0.482127, 0.464739, 0.447809, 0.43198, 0.417869, 0.406037, 0.396956, 0.390996, 0.388418
0.388418, 0.385838, 0.379847, 0.370657, 0.358565, 0.34397, 0.327367, 0.30933, 0.290499, 0.271554, 0.253193, 0.236103, 0.220928, 0.208244, 0.198537, 0.192177, 0.18943
0.18943, 0.186681, 0.180306, 0.170545, 0.157735, 0.142324, 0.124856, 0.105956, 0.086307, 0.0666243, 0.0476283, 0.0300157, 0.0144318, 0.00144614, -0.00846873, -0.0149529, -0.0177512
-0.0177512, -0.0205494, -0.0270322, -0.0369421, -0.0499159, -0.0654776, -0.0830549, -0.102, -0.121617, -0.141186, -0.159996, -0.17737, -0.192688, -0.205414, -0.215108, -0.221436, -0.224164
-0.224164, -0.226891, -0.233202, -0.242832, -0.255408, -0.270448, -0.287374, -0.305546, -0.324282, -0.342891, -0.360702, -0.377085, -0.391475, -0.403392, -0.412444, -0.418343, -0.420883
-0.420883, -0.42342, -0.429286, -0.43822, -0.449855, -0.463722, -0.479265, -0.495877, -0.512922, -0.529767, -0.545808, -0.560492, -0.573333, -0.583924, -0.591944, -0.597158, -0.599401
-0.599401, -0.601639, -0.606806, -0.614657, -0.624848, -0.636942, -0.65043, -0.664764, -0.679381, -0.693733, -0.707311, -0.71966, -0.730396, -0.739204, -0.745845, -0.750149, -0.751996
-0.751996, -0.753838, -0.758083, -0.764512, -0.772818, -0.782616, -0.793467, -0.804903, -0.816459, -0.827698, -0.838225, -0.847706, -0.855872, -0.862516, -0.867491, -0.870698, -0.872071
-0.872071, -0.873437, -0.876577, -0.881305, -0.887367, -0.894446, -0.902189, -0.910232, -0.918229, -0.925868, -0.932889, -0.939092, -0.944335, -0.948528, -0.951621, -0.953593, -0.954432
-0.954432, -0.955264, -0.957162, -0.959986, -0.963541, -0.967595, -0.971895, -0.976198, -0.980289, -0.983998, -0.98721, -0.989866, -0.99196, -0.993519, -0.994597, -0.99525, -0.995518
-0.995518, -0.995779, -0.996353, -0.99715, -0.998046, -0.998899, -0.99957, -0.999947, -0.999955, -0.999574, -0.998837, -0.997833, -0.996686, -0.995545, -0.994562, -0.993865, -0.993552
-0.993552, -0.993231, -0.992457, -0.991192, -0.989389, -0.987004, -0.984018, -0.980452, -0.976378, -0.971922, -0.967269, -0.962647, -0.958309, -0.954518, -0.951515, -0.9495, -0.948618
-0.948618, -0.947729, -0.94564, -0.942369, -0.937945, -0.932426, -0.925912, -0.918557, -0.910575, -0.902239, -0.893871, -0.88583, -0.87849, -0.872211, -0.867319, -0.864073, -0.862661
-0.862661, -0.861242, -0.857928, -0.852792, -0.845939, -0.837523, -0.827763, -0.816938, -0.805394, -0.793537, -0.781816, -0.770705, -0.760679, -0.752185, -0.745615, -0.741278, -0.739397
-0.739397, -0.737509, -0.733115, -0.726336, -0.717349, -0.706402, -0.693817, -0.679989, -0.665383, -0.650518, -0.63595, -0.622249, -0.609972, -0.59963, -0.591666, -0.586426, -0.584157
-0.584157, -0.581883, -0.576597, -0.568468, -0.557736, -0.544731, -0.529866, -0.513634, -0.496597, -0.479367, -0.462582, -0.446884, -0.432886, -0.421143, -0.41213, -0.406213, -0.403654
-0.403654, -0.401092, -0.395143, -0.386016, -0.374004, -0.359503, -0.343, -0.325066, -0.306335, -0.287485, -0.26921, -0.252193, -0.237079, -0.224444, -0.214771, -0.208433, -0.205695
-0.205695, -0.202955, -0.196601, -0.18687, -0.174098, -0.158727, -0.141301, -0.12244, -0.102825, -0.0831701, -0.0641948, -0.046596, -0.03102, -0.0180378, -0.00812374, -0.00163922, 0.00115951
0.00115951, 0.00395823, 0.0104427, 0.0203564, 0.0333378, 0.0489123, 0.0665089, 0.0854809, 0.105132, 0.124741, 0.143596, 0.161016, 0.176381, 0.189148, 0.198875, 0.205226, 0.207964
0.207964, 0.210701, 0.217035, 0.226703, 0.239332, 0.254437, 0.271442, 0.289705, 0.308542, 0.327258, 0.345177, 0.361666, 0.376154, 0.388154, 0.397273, 0.403215, 0.405775
0.405775, 0.408331, 0.414242, 0.423245, 0.434975, 0.448958, 0.464637, 0.481401, 0.498609, 0.515622, 0.531831, 0.546674, 0.55966, 0.570374, 0.57849, 0.583767, 0.586037
0.586037, 0.588303, 0.593534, 0.601484, 0.611808, 0.624063, 0.637738, 0.652278, 0.667113, 0.681688, 0.695485, 0.708041, 0.718962, 0.727928, 0.73469, 0.739074, 0.740956
0.740956, 0.742833, 0.747158, 0.753711, 0.762182, 0.77218, 0.783259, 0.794946, 0.806767, 0.818273, 0.829062, 0.838788, 0.847173, 0.854001, 0.859118, 0.862418, 0.863831
0.863831, 0.865238, 0.868471, 0.873343, 0.879595, 0.886904, 0.894908, 0.903236, 0.911531, 0.919471, 0.926785, 0.933261, 0.938747, 0.943142, 0.946392, 0.948466, 0.94935
0.94935, 0.950225, 0.952226, 0.955207, 0.958969, 0.963272, 0.967855, 0.972465, 0.976876, 0.980906, 0.984429, 0.987374, 0.989723, 0.991497, 0.992738, 0.993497, 0.993812
0.993812, 0.994119, 0.9948, 0.995761, 0.996872, 0.997983, 0.998947, 0.999639, 0.999975, 0.999921, 0.9995, 0.998787, 0.997898, 0.996973, 0.996153, 0.995564, 0.995296
0.995296, 0.995021, 0.994354, 0.993253, 0.991663, 0.989534, 0.986837, 0.983582, 0.979828, 0.975692, 0.971346, 0.967007, 0.962918, 0.959333, 0.956488, 0.954576, 0.953738

-0.623587, -0.625772, -0.630817, -0.638479, -0.64842, -0.660207, -0.673343, -0.687287, -0.701492, -0.715423, -0.728587, -0.740546, -0.750931, -0.759443, -0.765856, -0.77001, -0.771793
-0.771793, -0.773569, -0.777662, -0.783857, -0.791855, -0.801278, -0.811698, -0.822664, -0.833726, -0.844464, -0.854501, -0.863524, -0.87128, -0.87758, -0.88229, -0.885324, -0.886622
-0.886622, -0.887913, -0.890877, -0.895337, -0.901045, -0.907696, -0.914951, -0.922464, -0.929905, -0.936984, -0.943462, -0.949158, -0.953949, -0.957764, -0.960568, -0.962351, -0.963108
-0.963108, -0.963857, -0.965565, -0.968097, -0.971269, -0.974861, -0.978636, -0.982371, -0.98587, -0.988984, -0.991622, -0.993744, -0.995364, -0.996529, -0.997306, -0.99776, -0.997944
-0.997944, -0.998119, -0.998496, -0.99899, -0.999489, -0.999866, -0.999999, -0.999794, -0.999199, -0.998215, -0.996897, -0.995355, -0.993734, -0.992198, -0.990914, -0.990021, -0.989622
-0.989622, -0.989216, -0.988246, -0.986681, -0.984486, -0.981631, -0.978116, -0.97398, -0.969317, -0.964276, -0.959061, -0.953921, -0.949128, -0.944959, -0.941668, -0.939466, -0.938504
-0.938504, -0.937534, -0.935258, -0.931702, -0.926907, -0.920945, -0.913933, -0.906046, -0.897516, -0.888636, -0.87975, -0.871233, -0.863476, -0.856854, -0.8517, -0.848284, -0.846798
-0.846798, -0.845306, -0.841824, -0.836431, -0.829243, -0.820431, -0.810227, -0.798928, -0.786901, -0.774567, -0.762393, -0.750869, -0.740483, -0.731693, -0.724899, -0.720416, -0.718473
-0.718473, -0.716523, -0.711985, -0.704988, -0.695718, -0.684437, -0.671481, -0.65726, -0.642255, -0.627, -0.612065, -0.598032, -0.585466, -0.574889, -0.566748, -0.561394, -0.559076
-0.559076, -0.556753, -0.551355, -0.543056, -0.532106, -0.518844, -0.503696, -0.487169, -0.469835, -0.452318, -0.435268, -0.419332, -0.405131, -0.393224, -0.384089, -0.378093, -0.375501
-0.375501, -0.372906, -0.366881, -0.357639, -0.345482, -0.330813, -0.314129, -0.296009, -0.277096, -0.258076, -0.239647, -0.222498, -0.207275, -0.194553, -0.184819, -0.178442, -0.175687
-0.175687, -0.172931, -0.166541, -0.156756, -0.143918, -0.128475, -0.110976, -0.0920476, -0.0723739, -0.052672, -0.0336627, -0.0160422, -0.000455015, 0.0125308, 0.0224442, 0.0289267, 0.0317241
0.0317241, 0.0345213, 0.0410013, 0.0509058, 0.0638704, 0.0794181, 0.0969753, 0.115894, 0.135478, 0.155009, 0.173778, 0.191108, 0.206384, 0.219073, 0.228736, 0.235044, 0.237764
0.237764, 0.240481, 0.24677, 0.256366, 0.268897, 0.283877, 0.300733, 0.318824, 0.337471, 0.355987, 0.373703, 0.389993, 0.404298, 0.416142, 0.425137, 0.430997, 0.433521
0.433521, 0.436041, 0.441868, 0.45074, 0.462294, 0.47606, 0.491485, 0.507966, 0.52487, 0.54157, 0.557466, 0.572012, 0.584728, 0.595213, 0.603151, 0.608311, 0.61053
0.61053, 0.612744, 0.617856, 0.625621, 0.635699, 0.647654, 0.660983, 0.675141, 0.689571, 0.703732, 0.717122, 0.729295, 0.739871, 0.748545, 0.755082, 0.759318, 0.761136
0.761136, 0.762948, 0.767124, 0.773447, 0.781613, 0.791241, 0.801896, 0.813118, 0.82445, 0.835461, 0.845765, 0.855038, 0.863017, 0.869504, 0.874359, 0.877487, 0.878826
0.878826, 0.880158, 0.883218, 0.887824, 0.893725, 0.900609, 0.908129, 0.915931, 0.923675, 0.931059, 0.937832, 0.943804, 0.948841, 0.952861, 0.955823, 0.957709, 0.95851
0.95851, 0.959304, 0.961115, 0.963806, 0.967187, 0.971029, 0.97509, 0.979134, 0.982955, 0.986392, 0.989342, 0.991754, 0.993632, 0.995011, 0.995951, 0.996513, 0.996743
0.996743, 0.996965, 0.997449, 0.998107, 0.998822, 0.999457, 0.999882, 0.999993, 0.999725, 0.999068, 0.998066, 0.996815, 0.995451, 0.99413, 0.993009, 0.992222, 0.99187
0.99187, 0.99151, 0.990646, 0.989244, 0.987262, 0.984662, 0.981434, 0.977607, 0.973262, 0.968538, 0.963628, 0.958768, 0.954222, 0.950257, 0.947123, 0.945022, 0.944103
0.944103, 0.943177, 0.941002, 0.937601, 0.933006, 0.927284, 0.920542, 0.912943, 0.904709, 0.896123, 0.887517, 0.879258, 0.871726, 0.86529, 0.860277, 0.856953, 0.855507
0.855507, 0.854055, 0.850664, 0.84541, 0.838402, 0.829805, 0.81984, 0.808797, 0.797031, 0.784954, 0.773024, 0.761723, 0.751532, 0.742902, 0.736228, 0.731824, 0.729914
0.729914, 0.727998, 0.723537, 0.716658, 0.707541, 0.69644, 0.683683, 0.669675, 0.654885, 0.639839, 0.625102, 0.611247, 0.598837, 0.588386, 0.58034, 0.575047, 0.572755
0.572755, 0.570459, 0.565121, 0.556913, 0.546081, 0.532957, 0.51796, 0.501591, 0.484417, 0.467054, 0.450146, 0.434337, 0.420244, 0.408425, 0.399355, 0.393402, 0.390827
0.390827, 0.388249, 0.382265, 0.373085, 0.361005, 0.346425, 0.329837, 0.311816, 0.293, 0.27407, 0.255723, 0.238644, 0.223478, 0.210802, 0.201099, 0.194743, 0.191997
0.191997, 0.18925, 0.182878, 0.173122, 0.160317, 0.144912, 0.12745, 0.108556, 0.0889123, 0.0692336, 0.0502405, 0.0326297, 0.0170468, 0.00406148, -0.00585345, -0.0123378, -0.0151362
-0.0151362, -0.0179346, -0.0244177, -0.0343284, -0.0473036, -0.0628677, -0.0804483, -0.0993982, -0.119021, -0.138597, -0.157414, -0.174795, -0.190121, -0.202854, -0.212553, -0.218885, -0.221615
-0.221615, -0.224343, -0.230658, -0.240294, -0.252879, -0.267929, -0.284868, -0.303054, -0.321806, -0.340433, -0.358261, -0.374661, -0.389067, -0.400997, -0.41006, -0.415966, -0.418509
-0.418509, -0.42105, -0.426923, -0.435867, -0.447518, -0.461403, -0.476968, -0.493604, -0.510675, -0.527547, -0.543615, -0.558324, -0.571188, -0.581799, -0.589834, -0.595058, -0.597305
-0.597305, -0.599547, -0.604725, -0.612591, -0.622804, -0.634923, -0.648441, -0.662808, -0.67746, -0.691847, -0.70546, -0.717842, -0.728607, -0.73744, -0.7441, -0.748417, -0.75027
-0.75027, -0.752117, -0.756375, -0.762823, -0.771156, -0.780986, -0.791872, -0.803348, -0.814946, -0.826227, -0.836796, -0.846316, -0.854516, -0.861189, -0.866187, -0.869409, -0.870788
-0.870788, -0.872161, -0.875315, -0.880066, -0.886158, -0.893274, -0.901058, -0.909146, -0.91719, -0.924877, -0.931944, -0.93819, -0.943471, -0.947696, -0.950814, -0.952803, -0.953649
-0.953649, -0.954487, -0.956401, -0.95925, -0.962838, -0.966931, -0.971276, -0.975627, -0.979769, -0.983529, -0.98679, -0.989492, -0.991625, -0.993219, -0.994323, -0.994992, -0.995268
-0.995268, -0.995536, -0.996127, -0.99695, -0.997879, -0.998772, -0.99949, -0.999917, -0.999977, -0.999647, -0.99896, -0.998001, -0.996895, -0.995789, -0.994831, -0.994151, -0.993845
-0.993845, -0.993531, -0.992774, -0.991535, -0.989766, -0.987421, -0.984481, -0.980964, -0.976939, -0.972534, -0.96793, -0.963351, -0.959053, -0.955294, -0.952316, -0.950318, -0.949443
-0.949443, -0.94856, -0.946487, -0.943241, -0.938849, -0.933368, -0.926896, -0.919588, -0.911653, -0.903363, -0.89504, -0.88704, -0.879736, -0.873488, -0.868618, -0.865387, -0.863981
-0.863981, -0.862568, -0.859269, -0.854155, -0.84733, -0.83895, -0.829227, -0.818443, -0.806942, -0.795126, -0.783444, -0.772368, -0.762374, -0.753906, -0.747355, -0.743031, -0.741155
-0.741155, -0.739273, -0.734891, -0.728131, -0.719168, -0.70825, -0.695698, -0.681905, -0.667333, -0.652502, -0.637966, -0.624295, -0.612042, -0.601721, -0.593772, -0.588542, -0.586277
-0.586277, -0.584008, -0.578732, -0.570617, -0.559905, -0.546922, -0.532082, -0.515876, -0.498865, -0.48166, -0.464899, -0.449222, -0.435242, -0.423514, -0.414511, -0.408601, -0.406045
-0.406045, -0.403486, -0.397544, -0.388427, -0.376428, -0.361942, -0.345455, -0.327538, -0.308824, -0.289989, -0.271728, -0.254723, -0.239619, -0.226992, -0.217324, -0.21099, -0.208254
-0.208254, -0.205516, -0.199165, -0.189439, -0.176672, -0.161309, -0.143889, -0.125035, -0.105426, -0.0857761, -0.0668045, -0.0492083, -0.033634, -0.0206527, -0.010739, -0.00425456, -0.00145584
-0.00145584, 0.00134289, 0.00782741, 0.0177415, 0.0307238, 0.0463, 0.0638991, 0.0828748, 0.10253, 0.122146, 0.141007, 0.158435, 0.173806, 0.186579, 0.196311, 0.202665, 0.205405
0.205405, 0.208143, 0.214481, 0.224155, 0.236791, 0.251907, 0.268924, 0.287201, 0.306053, 0.324786, 0.342722, 0.359226, 0.373729, 0.385743, 0.394871, 0.40082, 0.403383
0.403383, 0.405942, 0.41186, 0.420874, 0.432619, 0.446619, 0.46232, 0.479107, 0.49634, 0.51338, 0.529614, 0.544482, 0.55749, 0.568224, 0.576355, 0.581642, 0.583916
0.583916, 0.586186, 0.591427, 0.599393, 0.609737, 0.622017, 0.635721, 0.650293, 0.665162, 0.679772, 0.693603, 0.706192, 0.717142, 0.726132, 0.732913, 0.737309, 0.739197
0.739197, 0.741079, 0.745417, 0.75199, 0.760486, 0.770516, 0.781631, 0.793357, 0.805219, 0.816767, 0.827597, 0.837361, 0.84578, 0.852638, 0.857776, 0.861091, 0.862511
0.862511, 0.863924, 0.867171, 0.872066, 0.878348, 0.885692, 0.893738, 0.902111, 0.910453, 0.91844, 0.9258, 0.932318, 0.937842, 0.94227, 0.945544, 0.947634, 0.948525

-0.0456909, -0.0484865, -0.0549624, -0.0648595, -0.0778125, -0.093343, -0.110877, -0.129766, -0.149313, -0.168802, -0.187525, -0.204808, -0.22004, -0.232689, -0.24232, -0.248607, -0.251316
-0.251316, -0.254024, -0.260291, -0.269851, -0.282332, -0.297251, -0.314034, -0.33204, -0.350595, -0.369014, -0.38663, -0.402825, -0.417043, -0.42881, -0.437746, -0.443567, -0.446074
-0.446074, -0.448577, -0.454363, -0.463173, -0.474643, -0.488304, -0.50361, -0.519956, -0.536716, -0.553267, -0.569016, -0.583421, -0.59601, -0.606387, -0.614241, -0.619345, -0.62154
-0.62154, -0.62373, -0.628785, -0.636464, -0.646426, -0.658241, -0.671407, -0.685385, -0.699626, -0.713593, -0.726793, -0.738786, -0.749201, -0.757739, -0.764172, -0.768339, -0.770127
-0.770127, -0.771909, -0.776015, -0.782231, -0.790255, -0.79971, -0.810168, -0.821174, -0.832279, -0.84306, -0.85314, -0.862202, -0.869993, -0.876323, -0.881056, -0.884105, -0.885409
-0.885409, -0.886707, -0.889686, -0.894169, -0.899908, -0.906596, -0.913893, -0.921451, -0.92894, -0.936067, -0.942592, -0.948331, -0.953162, -0.957009, -0.959838, -0.961637, -0.962401
-0.962401, -0.963157, -0.964881, -0.967438, -0.970643, -0.974275, -0.978095, -0.981879, -0.985428, -0.988594, -0.99128, -0.993449, -0.995109, -0.996308, -0.99711, -0.997582, -0.997773
-0.997773, -0.997955, -0.998349, -0.998869, -0.999402, -0.99982, -0.999999, -0.999844, -0.9993, -0.998367, -0.9971, -0.995604, -0.994023, -0.992521, -0.991262, -0.990386, -0.989995
-0.989995, -0.989596, -0.988642, -0.987103, -0.984941, -0.982127, -0.978657, -0.97457, -0.969957, -0.964965, -0.959799, -0.954702, -0.949948, -0.945811, -0.942545, -0.940359, -0.939403
-0.939403, -0.93844, -0.936181, -0.932649, -0.927886, -0.921961, -0.914992, -0.90715, -0.898666, -0.889833, -0.88099, -0.872514, -0.864793, -0.858199, -0.853067, -0.849666, -0.848187
-0.848187, -0.846701, -0.843233, -0.837862, -0.830702, -0.821924, -0.811757, -0.800499, -0.788512, -0.776218, -0.764082, -0.752593, -0.742238, -0.733473, -0.726698, -0.722228, -0.720289
-0.720289, -0.718345, -0.713819, -0.70684, -0.697595, -0.686342, -0.673417, -0.659229, -0.644258, -0.629035, -0.614131, -0.600126, -0.587584, -0.577027, -0.568901, -0.563556, -0.561242
-0.561242, -0.558924, -0.553535, -0.54525, -0.534319, -0.521078, -0.505954, -0.489451, -0.472142, -0.454649, -0.437621, -0.421705, -0.40752, -0.395627, -0.386502, -0.380513, -0.377924
-0.377924, -0.375331, -0.369313, -0.360081, -0.347935, -0.33328, -0.316611, -0.298506, -0.279608, -0.260601, -0.242185, -0.225047, -0.209833, -0.197118, -0.187388, -0.181015, -0.178261
-0.178261, -0.175507, -0.169119, -0.159339, -0.146506, -0.131069, -0.113575, -0.0946515, -0.0749821, -0.0552835, -0.0362764, -0.0186572, -0.00307036, 0.00991565, 0.0198295, 0.0263123, 0.02911
0.02911, 0.0319074, 0.038388, 0.0482936, 0.0612602, 0.0768107, 0.094372, 0.113296, 0.132887, 0.152425, 0.171201, 0.18854, 0.203825, 0.216521, 0.22619, 0.232501, 0.235222
0.235222, 0.237942, 0.244235, 0.253838, 0.266377, 0.281368, 0.298238, 0.316344, 0.335008, 0.353542, 0.371275, 0.387583, 0.401905, 0.413762, 0.422768, 0.428636, 0.431162
0.431162, 0.433686, 0.43952, 0.448404, 0.459973, 0.473758, 0.489206, 0.505712, 0.522642, 0.53937, 0.555293, 0.569865, 0.582605, 0.59311, 0.601063, 0.606233, 0.608456
0.608456, 0.610675, 0.615797, 0.623579, 0.633678, 0.645659, 0.659018, 0.673209, 0.687674, 0.701872, 0.715297, 0.727503, 0.738109, 0.746808, 0.753365, 0.757613, 0.759437
0.759437, 0.761255, 0.765444, 0.771786, 0.779979, 0.789639, 0.80033, 0.811593, 0.822967, 0.83402, 0.844367, 0.853679, 0.861693, 0.86821, 0.873087, 0.87623, 0.877575
0.877575, 0.878913, 0.881988, 0.886617, 0.892548, 0.899469, 0.907031, 0.914878, 0.92267, 0.930101, 0.936921, 0.942936, 0.948012, 0.952065, 0.955051, 0.956953, 0.957761
0.957761, 0.958563, 0.96039, 0.963105, 0.966519, 0.970401, 0.974507, 0.978599, 0.98247, 0.985959, 0.988957, 0.991416, 0.993333, 0.994747, 0.995713, 0.996292, 0.996528
0.996528, 0.996758, 0.997258, 0.997943, 0.998691, 0.999367, 0.999839, 0.999999, 0.999783, 0.999178, 0.998225, 0.997021, 0.995697, 0.99441, 0.993314, 0.992545, 0.9922
0.9922, 0.991847, 0.991, 0.989624, 0.987674, 0.985115, 0.981932, 0.978154, 0.97386, 0.969186, 0.964324, 0.959508, 0.955001, 0.951069, 0.947959, 0.945874, 0.944962
0.944962, 0.944043, 0.941884, 0.938507, 0.933944, 0.92826, 0.92156, 0.914007, 0.90582, 0.897281, 0.888719, 0.880501, 0.873005, 0.866598, 0.861608, 0.858298, 0.856859
0.856859, 0.855412, 0.852036, 0.846804, 0.839825, 0.831261, 0.821335, 0.810333, 0.798608, 0.786572, 0.774681, 0.763415, 0.753255, 0.74465, 0.737996, 0.733604, 0.731699
0.731699, 0.729789, 0.72534, 0.718479, 0.709386, 0.698314, 0.68559, 0.671615, 0.656859, 0.641847, 0.627141, 0.613315, 0.600929, 0.590499, 0.582468, 0.577185, 0.574897
0.574897, 0.572605, 0.567277, 0.559084, 0.54827, 0.535168, 0.520196, 0.503852, 0.486703, 0.469365, 0.452479, 0.436691, 0.422616, 0.410811, 0.401751, 0.395805, 0.393233
0.393233, 0.390658, 0.384681, 0.37551, 0.363443, 0.348877, 0.332305, 0.3143, 0.2955, 0.276584, 0.25825, 0.241183, 0.226026, 0.213357, 0.20366, 0.197307, 0.194563
0.194563, 0.191817, 0.185449, 0.175697, 0.162898, 0.147499, 0.130044, 0.111156, 0.091517, 0.0718424, 0.0528524, 0.0352436, 0.0196618, 0.00667679, -0.00323812, -0.00972258, -0.0125211
-0.0125211, -0.0153196, -0.0218031, -0.0317145, -0.0446911, -0.0602573, -0.0778411, -0.0967955, -0.116424, -0.136006, -0.154831, -0.17222, -0.187553, -0.200293, -0.209997, -0.216332, -0.219064
-0.219064, -0.221794, -0.228112, -0.237754, -0.250348, -0.265408, -0.28236, -0.300561, -0.319329, -0.337973, -0.355818, -0.372235, -0.386657, -0.3986, -0.407674, -0.413586, -0.416133
-0.416133, -0.418676, -0.424556, -0.433512, -0.445178, -0.459081, -0.474668, -0.491328, -0.508425, -0.525324, -0.541418, -0.556153, -0.569039, -0.57967, -0.58772, -0.592954, -0.595206
-0.595206, -0.597452, -0.60264, -0.610522, -0.620755, -0.632901, -0.646448, -0.660847, -0.675534, -0.689957, -0.703604, -0.716019, -0.726813, -0.735671, -0.74235, -0.746679, -0.748538
-0.748538, -0.750391, -0.754662, -0.76113, -0.769488, -0.77935, -0.790272, -0.801788, -0.813428, -0.824751, -0.835361, -0.84492, -0.853155, -0.859857, -0.864877, -0.868114, -0.8695
-0.8695, -0.870878, -0.874047, -0.878821, -0.884943, -0.892095, -0.89992, -0.908054, -0.916145, -0.923879, -0.930993, -0.937282, -0.942601, -0.946858, -0.950001, -0.952006, -0.952858
-0.952858, -0.953704, -0.955634, -0.958508, -0.962129, -0.966261, -0.97065, -0.97505, -0.979242, -0.983052, -0.986362, -0.98911, -0.991284, -0.992911, -0.994041, -0.994727, -0.99501
-0.99501, -0.995285, -0.995893, -0.996742, -0.997705, -0.998639, -0.999403, -0.99988, -0.999991, -0.999713, -0.999076, -0.998163, -0.997098, -0.996025, -0.995093, -0.99443, -0.994131
-0.994131, -0.993825, -0.993084, -0.991871, -0.990135, -0.987831, -0.984936, -0.981468, -0.977494, -0.97314, -0.968583, -0.96405, -0.959791, -0.956064, -0.953111, -0.951128, -0.95026
-0.95026, -0.949385, -0.947328, -0.944106, -0.939746, -0.934303, -0.927875, -0.920612, -0.912725, -0.904482, -0.896203, -0.888245, -0.880977, -0.874758, -0.869911, -0.866694, -0.865295
-0.865295, -0.863888, -0.860604, -0.855512, -0.848716, -0.84037, -0.830686, -0.819943, -0.808484, -0.796709, -0.785066, -0.774027, -0.764064, -0.755622, -0.74909, -0.744779, -0.742908
-0.742908, -0.741032, -0.736662, -0.729921, -0.720983, -0.710094, -0.697574, -0.683815, -0.669279, -0.654482, -0.639978, -0.626336, -0.614108, -0.603808, -0.595875, -0.590655, -0.588394
-0.588394, -0.586129, -0.580862, -0.572763, -0.56207, -0.54911, -0.534294, -0.518115, -0.50113, -0.483951, -0.467213, -0.451558, -0.437595, -0.425882, -0.41689, -0.410987, -0.408434
-0.408434, -0.405878, -0.399943, -0.390836, -0.37885, -0.364379, -0.347909, -0.330008, -0.31131, -0.292491, -0.274244, -0.257251, -0.242158, -0.229538, -0.219876, -0.213546, -0.210811
-0.210811, -0.208074, -0.201727, -0.192006, -0.179246, -0.163889, -0.146477, -0.12763, -0.108027, -0.0883816, -0.0694138, -0.0518203, -0.0362477, -0.0232674, -0.0133541, -0.00686987, -0.00407118
-0.00407118, -0.00127246, 0.00521212, 0.0151265, 0.0281096, 0.0436873, 0.0612889, 0.0802682, 0.0999284, 0.11955, 0.138418, 0.155852, 0.17123, 0.184009, 0.193746, 0.200103, 0.202845
0.202845, 0.205584, 0.211926, 0.221605, 0.23425, 0.249375, 0.266404, 0.284695, 0.303562, 0.322311, 0.340263, 0.356784, 0.371302, 0.383328, 0.392467, 0.398423, 0.400988
0.400988, 0.403551, 0.409475, 0.418501, 0.430259, 0.444278, 0.459999, 0.476809, 0.494068, 0.511133, 0.527394, 0.542287, 0.555317, 0.56607, 0.574215, 0.579512, 0.581791

0.549619, 0.547279, 0.54184, 0.533481, 0.522452, 0.509098, 0.493849, 0.477215, 0.459775, 0.442156, 0.425011, 0.408991, 0.394717, 0.382752, 0.373574, 0.367551, 0.364946
0.364946, 0.362339, 0.356288, 0.347006, 0.334798, 0.32007, 0.303322, 0.285137, 0.266161, 0.247082, 0.228601, 0.211407, 0.196146, 0.183396, 0.173641, 0.167251, 0.164491
0.164491, 0.16173, 0.155327, 0.145525, 0.132665, 0.1172, 0.0996776, 0.0807281, 0.0610373, 0.0413226, 0.0223052, 0.00468092, -0.0109067, -0.0238908, -0.0338016, -0.0402818, -0.0430781
-0.0430781, -0.045874, -0.0523508, -0.0622495, -0.0752048, -0.0907388, -0.108277, -0.127172, -0.146726, -0.166224, -0.184955, -0.202248, -0.217488, -0.230145, -0.239782, -0.246072, -0.248784
-0.248784, -0.251494, -0.257765, -0.267332, -0.279823, -0.294753, -0.311549, -0.329572, -0.348145, -0.366582, -0.384217, -0.40043, -0.414664, -0.426446, -0.435393, -0.441221, -0.443731
-0.443731, -0.446238, -0.452031, -0.460853, -0.472339, -0.48602, -0.501348, -0.51772, -0.534507, -0.551086, -0.566863, -0.581295, -0.593907, -0.604305, -0.612175, -0.617289, -0.619489
-0.619489, -0.621683, -0.62675, -0.634445, -0.644429, -0.656269, -0.669466, -0.683478, -0.697755, -0.711759, -0.724994, -0.737021, -0.747467, -0.75603, -0.762483, -0.766662, -0.768456
-0.768456, -0.770244, -0.774363, -0.780599, -0.788649, -0.798137, -0.808632, -0.819679, -0.830827, -0.84165, -0.851773, -0.860874, -0.868701, -0.87506, -0.879816, -0.88288, -0.88419
-0.88419, -0.885494, -0.888489, -0.892995, -0.898764, -0.905489, -0.912828, -0.920432, -0.927969, -0.935144, -0.941715, -0.947498, -0.952367, -0.956247, -0.959101, -0.960916, -0.961687
-0.961687, -0.962451, -0.964191, -0.966773, -0.970011, -0.973682, -0.977548, -0.98138, -0.98498, -0.988196, -0.990932, -0.993146, -0.994848, -0.99608, -0.996908, -0.997397, -0.997595
-0.997595, -0.997785, -0.998195, -0.998742, -0.999309, -0.999767, -0.999992, -0.999887, -0.999395, -0.998513, -0.997295, -0.995845, -0.994305, -0.992837, -0.991604, -0.990744, -0.99036
-0.99036, -0.989969, -0.989032, -0.987519, -0.98539, -0.982616, -0.979191, -0.975153, -0.97059, -0.965648, -0.96053, -0.955477, -0.950762, -0.946657, -0.943416, -0.941246, -0.940297
-0.940297, -0.939341, -0.937097, -0.93359, -0.928858, -0.922971, -0.916044, -0.908247, -0.89981, -0.891023, -0.882225, -0.873789, -0.866103, -0.859539, -0.854429, -0.851042, -0.849569
-0.849569, -0.84809, -0.844636, -0.839287, -0.832156, -0.823411, -0.813281, -0.802063, -0.790118, -0.777864, -0.765767, -0.754313, -0.743988, -0.735248, -0.728492, -0.724034, -0.722101
-0.722101, -0.720162, -0.715648, -0.708688, -0.699466, -0.688241, -0.675348, -0.661194, -0.646256, -0.631066, -0.616193, -0.602216, -0.589699, -0.579161, -0.57105, -0.565715, -0.563405
-0.563405, -0.56109, -0.555711, -0.547441, -0.536527, -0.523308, -0.508208, -0.49173, -0.474446, -0.456977, -0.439971, -0.424075, -0.409907, -0.398028, -0.388913, -0.382931, -0.380344
-0.380344, -0.377754, -0.371742, -0.362519, -0.350386, -0.335745, -0.31909, -0.301001, -0.282118, -0.263125, -0.244722, -0.227595, -0.212389, -0.199682, -0.189957, -0.183586, -0.180834
-0.180834, -0.178081, -0.171696, -0.16192, -0.149092, -0.133661, -0.116173, -0.0972548, -0.0775898, -0.0578947, -0.0388899, -0.021272, -0.00568568, 0.00730039, 0.0172146, 0.0236978, 0.0264957
0.0264957, 0.0292933, 0.0357745, 0.0456812, 0.0586496, 0.0742029, 0.091768, 0.110697, 0.130294, 0.14984, 0.168624, 0.185971, 0.201263, 0.213967, 0.223641, 0.229957, 0.23268
0.23268, 0.235401, 0.241698, 0.251307, 0.263855, 0.278858, 0.29574, 0.313862, 0.332543, 0.351094, 0.368846, 0.385171, 0.399509, 0.41138, 0.420396, 0.426271, 0.428801
0.428801, 0.431328, 0.437169, 0.446065, 0.45765, 0.471453, 0.486923, 0.503454, 0.520411, 0.537165, 0.553116, 0.567714, 0.580477, 0.591002, 0.598971, 0.604151, 0.606379
0.606379, 0.608602, 0.613735, 0.621532, 0.631653, 0.64366, 0.657049, 0.671273, 0.685773, 0.700006, 0.713467, 0.725706, 0.736342, 0.745066, 0.751642, 0.755904, 0.757733
0.757733, 0.759556, 0.763758, 0.770121, 0.778339, 0.788031, 0.79876, 0.810062, 0.821478, 0.832575, 0.842963, 0.852314, 0.860363, 0.866909, 0.871808, 0.874967, 0.876318
0.876318, 0.877663, 0.880752, 0.885405, 0.891366, 0.898323, 0.905927, 0.913819, 0.921658, 0.929137, 0.936004, 0.942062, 0.947176, 0.951261, 0.954272, 0.956191, 0.957006
0.957006, 0.957814, 0.959658, 0.962398, 0.965845, 0.969766, 0.973917, 0.978058, 0.98198, 0.985519, 0.988567, 0.991071, 0.993029, 0.994476, 0.995467, 0.996063, 0.996307
0.996307, 0.996544, 0.997061, 0.997772, 0.998554, 0.999271, 0.999789, 0.999999, 0.999834, 0.99928, 0.998378, 0.997219, 0.995936, 0.994683, 0.993613, 0.99286, 0.992522
0.992522, 0.992177, 0.991346, 0.989996, 0.98808, 0.985561, 0.982423, 0.978694, 0.97445, 0.969827, 0.965013, 0.960242, 0.955773, 0.951874, 0.948788, 0.94672, 0.945814
0.945814, 0.944902, 0.942759, 0.939407, 0.934876, 0.929229, 0.922572, 0.915065, 0.906925, 0.898432, 0.889915, 0.881738, 0.874277, 0.8679, 0.862932, 0.859637, 0.858204
0.858204, 0.856764, 0.853402, 0.848192, 0.841242, 0.832712, 0.822824, 0.811862, 0.800179, 0.788184, 0.776332, 0.765102, 0.754972, 0.746393, 0.739758, 0.735379, 0.73348
0.73348, 0.731574, 0.727138, 0.720296, 0.711227, 0.700184, 0.687491, 0.67355, 0.658829, 0.64385, 0.629176, 0.615379, 0.603018, 0.592608, 0.584592, 0.579319, 0.577035
0.577035, 0.574747, 0.569429, 0.56125, 0.550455, 0.537375, 0.522428, 0.50611, 0.488986, 0.471672, 0.45481, 0.439043, 0.424985, 0.413194, 0.404145, 0.398205, 0.395636
0.395636, 0.393064, 0.387093, 0.377933, 0.365878, 0.351327, 0.334771, 0.316782, 0.297997, 0.279096, 0.260776, 0.24372, 0.228573, 0.215912, 0.20622, 0.199871, 0.197128
0.197128, 0.194383, 0.188018, 0.178271, 0.165478, 0.150086, 0.132637, 0.113755, 0.094121, 0.0744508, 0.0554639, 0.0378572, 0.0222765, 0.00929206, -0.000622779, -0.00710732, -0.00990595
-0.00990595, -0.0127045, -0.0191883, -0.0291003, -0.0420782, -0.0576465, -0.0752335, -0.0941921, -0.113826, -0.133415, -0.152247, -0.169643, -0.184983, -0.197729, -0.207439, -0.213778, -0.216511
-0.216511, -0.219243, -0.225565, -0.235213, -0.247815, -0.262886, -0.27985, -0.298065, -0.31685, -0.33551, -0.353373, -0.369806, -0.384244, -0.3962, -0.405284, -0.411204, -0.413753
-0.413753, -0.416299, -0.422187, -0.431154, -0.442834, -0.456756, -0.472364, -0.489049, -0.506171, -0.523097, -0.539217, -0.553977, -0.566887, -0.577536, -0.585602, -0.590846, -0.593102
-0.593102, -0.595353, -0.600551, -0.608449, -0.618703, -0.630873, -0.644451, -0.658882, -0.673603, -0.688061, -0.701743, -0.714191, -0.725014, -0.733897, -0.740595, -0.744937, -0.746801
-0.746801, -0.74866, -0.752943, -0.759431, -0.767815, -0.777708, -0.788667, -0.800222, -0.811904, -0.82327, -0.833921, -0.843518, -0.851788, -0.858519, -0.863561, -0.866813, -0.868205
-0.868205, -0.86959, -0.872774, -0.87757, -0.883722, -0.89091, -0.898777, -0.906955, -0.915093, -0.922875, -0.930035, -0.936367, -0.941725, -0.946014, -0.949181, -0.951202, -0.952062
-0.952062, -0.952914, -0.95486, -0.957759, -0.961412, -0.965584, -0.970018, -0.974466, -0.978709, -0.98257, -0.985929, -0.988722, -0.990936, -0.992597, -0.993752, -0.994455, -0.994746
-0.994746, -0.995028, -0.995653, -0.996528, -0.997525, -0.9985, -0.99931, -0.999836, -0.999999, -0.999772, -0.999185, -0.998318, -0.997293, -0.996254, -0.995348, -0.994702, -0.994411
-0.994411, -0.994112, -0.993388, -0.992201, -0.990498, -0.988235, -0.985385, -0.981966, -0.978043, -0.973738, -0.96923, -0.964741, -0.960522, -0.956828, -0.953899, -0.951933, -0.951072
-0.951072, -0.950203, -0.948163, -0.944965, -0.940637, -0.935232, -0.928847, -0.92163, -0.91379, -0.905594, -0.897361, -0.889443, -0.882211, -0.876022, -0.871198, -0.867996, -0.866603
-0.866603, -0.865203, -0.861933, -0.856864, -0.850097, -0.841785, -0.83214, -0.821438, -0.81002, -0.798287, -0.786684, -0.77568, -0.765749, -0.757332, -0.75082, -0.746521, -0.744656
-0.744656, -0.742785, -0.738428, -0.731706, -0.722793, -0.711933, -0.699446, -0.685721, -0.67122, -0.656457, -0.641985, -0.628372, -0.61617, -0.605891, -0.597973, -0.592763, -0.590507
-0.590507, -0.588246, -0.582989, -0.574905, -0.564231, -0.551294, -0.536503, -0.52035, -0.503392, -0.486238, -0.469524, -0.45389, -0.439945, -0.428247, -0.419266, -0.41337, -0.41082
-0.41082, -0.408267, -0.402339, -0.393242, -0.381269, -0.366813, -0.350359, -0.332476, -0.313794, -0.294991, -0.276758, -0.259778, -0.244694, -0.232083, -0.222427, -0.2161, -0.213367
-0.213367, -0.210632, -0.204288, -0.194572, -0.181818, -0.166469, -0.149064, -0.130223, -0.110626, -0.0909864, -0.0720226, -0.054432, -0.0388612, -0.025882, -0.0159692, -0.00948513, -0.00668649

0.935448, 0.934455, 0.932126, 0.92849, 0.923589, 0.917501, 0.910349, 0.90231, 0.893625, 0.884591, 0.875558, 0.866907, 0.859032, 0.852311, 0.847084, 0.84362, 0.842114
0.842114, 0.840601, 0.837071, 0.831605, 0.824323, 0.815399, 0.805069, 0.793637, 0.781473, 0.769005, 0.756703, 0.745063, 0.734576, 0.725703, 0.718846, 0.714323, 0.712361
0.712361, 0.710394, 0.705816, 0.698757, 0.689409, 0.678034, 0.664974, 0.650643, 0.635527, 0.620162, 0.605125, 0.590999, 0.578353, 0.567711, 0.559521, 0.554134, 0.551802
0.551802, 0.549466, 0.544037, 0.535691, 0.52468, 0.511347, 0.496121, 0.479512, 0.462096, 0.4445, 0.427377, 0.411376, 0.397119, 0.385167, 0.375998, 0.369982, 0.36738
0.36738, 0.364776, 0.35873, 0.349458, 0.337261, 0.322546, 0.305813, 0.287643, 0.268681, 0.249615, 0.231146, 0.213963, 0.19871, 0.185967, 0.176216, 0.169829, 0.16707
0.16707, 0.16431, 0.15791, 0.148112, 0.135257, 0.119797, 0.10228, 0.0833347, 0.0636475, 0.0439356, 0.0249198, 0.00729622, -0.00829149, -0.0212762, -0.0311877, -0.0376684, -0.040465
-0.040465, -0.0432613, -0.0497389, -0.059639, -0.0725966, -0.0881339, -0.105677, -0.124577, -0.144139, -0.163644, -0.182384, -0.199686, -0.214935, -0.227599, -0.237242, -0.243537, -0.24625
-0.24625, -0.248962, -0.255237, -0.264811, -0.277311, -0.292253, -0.309063, -0.327102, -0.345692, -0.364147, -0.381801, -0.398032, -0.412283, -0.424079, -0.433037, -0.438873, -0.441386
-0.441386, -0.443896, -0.449697, -0.458531, -0.470032, -0.483733, -0.499084, -0.515481, -0.532295, -0.548902, -0.564706, -0.579165, -0.591801, -0.602219, -0.610105, -0.61523, -0.617434
-0.617434, -0.619633, -0.624709, -0.632421, -0.642427, -0.654294, -0.667521, -0.681567, -0.695879, -0.709919, -0.723191, -0.735251, -0.745727, -0.754316, -0.760788, -0.76498, -0.76678
-0.76678, -0.768573, -0.772706, -0.778961, -0.787039, -0.796559, -0.807091, -0.818178, -0.829368, -0.840235, -0.8504, -0.859541, -0.867402, -0.873791, -0.87857, -0.881648, -0.882966
-0.882966, -0.884276, -0.887286, -0.891815, -0.897614, -0.904376, -0.911757, -0.919406, -0.926991, -0.934214, -0.940832, -0.946659, -0.951566, -0.955479, -0.958357, -0.960189, -0.960967
-0.960967, -0.961737, -0.963494, -0.966101, -0.969372, -0.973082, -0.976993, -0.980874, -0.984525, -0.987792, -0.990577, -0.992837, -0.994579, -0.995846, -0.996699, -0.997205, -0.99741
-0.99741, -0.997607, -0.998035, -0.998607, -0.999208, -0.999707, -0.999978, -0.999923, -0.999482, -0.998652, -0.997484, -0.99608, -0.99458, -0.993146, -0.991938, -0.991096, -0.990719
-0.990719, -0.990335, -0.989415, -0.987927, -0.985832, -0.983098, -0.979718, -0.975729, -0.971216, -0.966325, -0.961254, -0.956246, -0.951569, -0.947497, -0.94428, -0.942126, -0.941184
-0.941184, -0.940234, -0.938006, -0.934524, -0.929823, -0.923974, -0.91709, -0.909338, -0.900948, -0.892207, -0.883453, -0.875058, -0.867407, -0.860872, -0.855785, -0.852412, -0.850946
-0.850946, -0.849472, -0.846033, -0.840706, -0.833603, -0.824892, -0.8148, -0.803623, -0.791718, -0.779505, -0.767446, -0.756027, -0.745733, -0.737018, -0.730281, -0.725836, -0.723908
-0.723908, -0.721974, -0.717472, -0.71053, -0.701333, -0.690136, -0.677274, -0.663153, -0.64825, -0.633093, -0.618251, -0.604302, -0.591809, -0.581291, -0.573195, -0.56787, -0.565564
-0.565564, -0.563253, -0.557883, -0.549627, -0.538733, -0.525535, -0.510459, -0.494006, -0.476747, -0.459302, -0.442318, -0.426442, -0.412291, -0.400426, -0.391321, -0.385345, -0.382761
-0.382761, -0.380174, -0.374168, -0.364955, -0.352835, -0.338207, -0.321568, -0.303494, -0.284626, -0.265648, -0.247257, -0.230141, -0.214944, -0.202244, -0.192524, -0.186156, -0.183406
-0.183406, -0.180654, -0.174272, -0.164501, -0.151678, -0.136252, -0.11877, -0.0998574, -0.080197, -0.0605054, -0.0415032, -0.0238867, -0.00830097, 0.00468509, 0.0145996, 0.0210831, 0.0238811
0.0238811, 0.026679, 0.0331607, 0.0430684, 0.0560385, 0.0715945, 0.0891633, 0.108098, 0.1277, 0.147253, 0.166046, 0.1834, 0.198701, 0.211411, 0.221091, 0.227411, 0.230135
0.230135, 0.232858, 0.239159, 0.248775, 0.261331, 0.276345, 0.293241, 0.311378, 0.330075, 0.348644, 0.366414, 0.382756, 0.39711, 0.408994, 0.418022, 0.423904, 0.426437
0.426437, 0.428967, 0.434816, 0.443723, 0.455323, 0.469145, 0.484637, 0.501192, 0.518176, 0.534958, 0.550936, 0.565559, 0.578345, 0.58889, 0.596875, 0.602065, 0.604297
0.604297, 0.606525, 0.611668, 0.619481, 0.629623, 0.641656, 0.655075, 0.669332, 0.683867, 0.698136, 0.711632, 0.723904, 0.73457, 0.743319, 0.749915, 0.754189, 0.756024
0.756024, 0.757853, 0.762067, 0.76845, 0.776695, 0.786418, 0.797183, 0.808526, 0.819984, 0.831123, 0.841553, 0.850943, 0.859027, 0.865602, 0.870524, 0.873697, 0.875055
0.875055, 0.876407, 0.879511, 0.884186, 0.890177, 0.897171, 0.904817, 0.912754, 0.92064, 0.928167, 0.93508, 0.941182, 0.946334, 0.950452, 0.953487, 0.955422, 0.956244
0.956244, 0.957059, 0.958919, 0.961685, 0.965164, 0.969125, 0.97332, 0.977509, 0.981482, 0.985072, 0.988169, 0.990718, 0.992717, 0.994198, 0.995215, 0.995828, 0.996079
0.996079, 0.996323, 0.996858, 0.997594, 0.99841, 0.999168, 0.999731, 0.999991, 0.999879, 0.999376, 0.998523, 0.99741, 0.996168, 0.994949, 0.993904, 0.993169, 0.992838
0.992838, 0.9925, 0.991686, 0.990362, 0.98848, 0.986, 0.982908, 0.979228, 0.975034, 0.970461, 0.965695, 0.960968, 0.956539, 0.952672, 0.949611, 0.947559, 0.94666
0.94666, 0.945755, 0.943628, 0.9403, 0.935801, 0.930192, 0.923578, 0.916116, 0.908024, 0.899578, 0.891105, 0.882968, 0.875544, 0.869196, 0.864251, 0.860971, 0.859544
0.859544, 0.85811, 0.854762, 0.849574, 0.842653, 0.834158, 0.824307, 0.813386, 0.801745, 0.789791, 0.777978, 0.766783, 0.756685, 0.748131, 0.741515, 0.737149, 0.735255
0.735255, 0.733355, 0.728931, 0.722108, 0.713063, 0.702049, 0.689388, 0.675481, 0.660794, 0.645849, 0.631206, 0.617438, 0.605102, 0.594712, 0.586712, 0.581449, 0.579169
0.579169, 0.576885, 0.571577, 0.563413, 0.552637, 0.539579, 0.524656, 0.508364, 0.491266, 0.473977, 0.457138, 0.441391, 0.427351, 0.415574, 0.406536, 0.400603, 0.398037
0.398037, 0.395468, 0.389504, 0.380353, 0.368311, 0.353775, 0.337234, 0.319261, 0.300493, 0.281607, 0.2633, 0.246256, 0.231118, 0.218465, 0.208779, 0.202433, 0.199691
0.199691, 0.196948, 0.190586, 0.180844, 0.168057, 0.152671, 0.135228, 0.116353, 0.0967244, 0.0770586, 0.058075, 0.0404705, 0.0248911, 0.0119073, 0.00199257, -0.00449202, -0.0072907
-0.0072907, -0.0100893, -0.0165733, -0.026486, -0.039465, -0.0550353, -0.0726253, -0.0915881, -0.111227, -0.130822, -0.149661, -0.167065, -0.182413, -0.195165, -0.20488, -0.211222, -0.213957
-0.213957, -0.21669, -0.223016, -0.23267, -0.24528, -0.260361, -0.277338, -0.295568, -0.314368, -0.333045, -0.350925, -0.367375, -0.381828, -0.393797, -0.402892, -0.408818, -0.411371
-0.411371, -0.41392, -0.419814, -0.428792, -0.440488, -0.454428, -0.470058, -0.486766, -0.503914, -0.520866, -0.537013, -0.551798, -0.56473, -0.575399, -0.58348, -0.588734, -0.590994
-0.590994, -0.59325, -0.598457, -0.606371, -0.616646, -0.628842, -0.642449, -0.656913, -0.671668, -0.686161, -0.699877, -0.712358, -0.72321, -0.732118, -0.738836, -0.74319, -0.74506
-0.74506, -0.746923, -0.751219, -0.757727, -0.766137, -0.776061, -0.787056, -0.798651, -0.810374, -0.821782, -0.832475, -0.842111, -0.850415, -0.857175, -0.862239, -0.865506, -0.866904
-0.866904, -0.868296, -0.871494, -0.876314, -0.882495, -0.889719, -0.897627, -0.905851, -0.914036, -0.921865, -0.929071, -0.935446, -0.940842, -0.945163, -0.948354, -0.950391, -0.951258
-0.951258, -0.952118, -0.95408, -0.957003, -0.96069, -0.9649, -0.969379, -0.973876, -0.978169, -0.98208, -0.985488, -0.988327, -0.990581, -0.992276, -0.993457, -0.994177, -0.994474
-0.994474, -0.994764, -0.995406, -0.996307, -0.997338, -0.998353, -0.999209, -0.999785, -0.999999, -0.999825, -0.999287, -0.998466, -0.997482, -0.996477, -0.995597, -0.994968, -0.994684
-0.994684, -0.994392, -0.993685, -0.992523, -0.990855, -0.988631, -0.985827, -0.982457, -0.978584, -0.974331, -0.969871, -0.965426, -0.961246, -0.957585, -0.954681, -0.952731, -0.951877
-0.951877, -0.951015, -0.94899, -0.945818, -0.941521, -0.936155, -0.929813, -0.922642, -0.91485, -0.906701, -0.898512, -0.890636, -0.88344, -0.877281, -0.872479, -0.869292, -0.867905
-0.867905, -0.866511, -0.863256, -0.858209, -0.851471, -0.843194, -0.833587, -0.822926, -0.811551, -0.799859, -0.788295, -0.777328, -0.767428, -0.759038, -0.752545, -0.748259, -0.746399
-0.746399, -0.744534, -0.740189, -0.733486, -0.724598, -0.713768, -0.701312, -0.687622, -0.673156, -0.658428, -0.643989, -0.630405, -0.618228, -0.607969, -0.600067, -0.594867, -0.592615

0.96474, 0.965473, 0.967142, 0.969615, 0.97271, 0.976208, 0.979879, 0.983499, 0.986878, 0.989873, 0.992395, 0.99441, 0.995935, 0.997021, 0.997737, 0.998152, 0.998318
0.998318, 0.998476, 0.998813, 0.999247, 0.999667, 0.999948, 0.999973, 0.999651, 0.998935, 0.99783, 0.996396, 0.994746, 0.99303, 0.991415, 0.99007, 0.989138, 0.988723
0.988723, 0.9883, 0.98729, 0.985666, 0.983392, 0.980443, 0.976822, 0.972573, 0.967792, 0.962634, 0.957307, 0.952063, 0.947179, 0.942935, 0.939587, 0.937348, 0.936369
0.936369, 0.935383, 0.93307, 0.929458, 0.924589, 0.918538, 0.911428, 0.903434, 0.894795, 0.885808, 0.876818, 0.868207, 0.860368, 0.853676, 0.848471, 0.845021, 0.843521
0.843521, 0.842015, 0.838499, 0.833055, 0.825801, 0.81691, 0.806618, 0.795226, 0.783103, 0.770674, 0.758411, 0.746805, 0.736348, 0.7275, 0.720661, 0.716151, 0.714194
0.714194, 0.712233, 0.707666, 0.700626, 0.691301, 0.679954, 0.666925, 0.652627, 0.637544, 0.622212, 0.607205, 0.593106, 0.580485, 0.569862, 0.561686, 0.55631, 0.553982
0.553982, 0.551649, 0.546229, 0.537897, 0.526905, 0.513593, 0.49839, 0.481805, 0.464414, 0.446842, 0.42974, 0.413758, 0.399517, 0.387579, 0.37842, 0.37241, 0.369811
0.369811, 0.36721, 0.36117, 0.351907, 0.339722, 0.325021, 0.308302, 0.290147, 0.2712, 0.252147, 0.23369, 0.216517, 0.201273, 0.188536, 0.178789, 0.172406, 0.169648
0.169648, 0.166889, 0.160492, 0.150698, 0.137848, 0.122393, 0.104881, 0.0859406, 0.0662574, 0.0465483, 0.0275343, 0.00991147, -0.00567621, -0.0186613, -0.0285735, -0.0350548, -0.0378517
-0.0378517, -0.0406483, -0.0471266, -0.0570281, -0.0699879, -0.0855285, -0.103076, -0.121982, -0.14155, -0.161064, -0.179812, -0.197122, -0.21238, -0.225051, -0.234701, -0.240999, -0.243715
-0.243715, -0.246428, -0.252707, -0.262288, -0.274797, -0.289751, -0.306575, -0.324629, -0.343237, -0.36171, -0.379383, -0.395631, -0.409899, -0.421709, -0.430678, -0.436521, -0.439038
-0.439038, -0.441551, -0.447359, -0.456205, -0.467722, -0.481442, -0.496816, -0.513238, -0.530079, -0.546714, -0.562546, -0.577031, -0.589691, -0.600129, -0.60803, -0.613166, -0.615374
-0.615374, -0.617578, -0.622665, -0.630393, -0.64042, -0.652314, -0.665571, -0.679651, -0.693998, -0.708075, -0.721382, -0.733476, -0.743982, -0.752596, -0.759088, -0.763293, -0.765098
-0.765098, -0.766897, -0.771043, -0.777319, -0.785423, -0.794975, -0.805544, -0.816672, -0.827904, -0.838814, -0.849021, -0.858201, -0.866098, -0.872516, -0.877318, -0.880411, -0.881735
-0.881735, -0.883052, -0.886076, -0.890629, -0.896459, -0.903257, -0.910679, -0.918375, -0.926007, -0.933278, -0.939943, -0.945813, -0.950759, -0.954704, -0.957607, -0.959455, -0.96024
-0.96024, -0.961018, -0.96279, -0.965422, -0.968726, -0.972476, -0.976432, -0.980362, -0.984063, -0.987382, -0.990216, -0.992522, -0.994304, -0.995604, -0.996484, -0.997006, -0.997219
-0.997219, -0.997423, -0.997867, -0.998466, -0.999101, -0.99964, -0.999958, -0.999952, -0.999563, -0.998785, -0.997666, -0.996308, -0.994849, -0.993448, -0.992266, -0.991441, -0.991071
-0.991071, -0.990694, -0.989791, -0.988329, -0.986268, -0.983573, -0.980239, -0.976298, -0.971836, -0.966994, -0.961971, -0.957008, -0.95237, -0.94833, -0.945138, -0.942999, -0.942064
-0.942064, -0.941122, -0.93891, -0.935451, -0.930782, -0.924971, -0.918129, -0.910423, -0.90208, -0.893385, -0.884675, -0.876321, -0.868706, -0.8622, -0.857135, -0.853777, -0.852317
-0.852317, -0.850849, -0.847424, -0.842119, -0.835045, -0.826367, -0.816314, -0.805176, -0.793313, -0.781141, -0.76912, -0.757737, -0.747473, -0.738784, -0.732065, -0.727632, -0.72571
-0.72571, -0.723781, -0.719292, -0.712368, -0.703195, -0.692027, -0.679196, -0.665109, -0.650239, -0.635115, -0.620304, -0.606383, -0.593915, -0.583418, -0.575336, -0.57002, -0.567719
-0.567719, -0.565412, -0.560052, -0.551811, -0.540934, -0.527759, -0.512706, -0.496278, -0.479044, -0.461623, -0.444662, -0.428806, -0.414673, -0.402821, -0.393726, -0.387757, -0.385176
-0.385176, -0.382592, -0.376593, -0.367389, -0.35528, -0.340667, -0.324043, -0.305985, -0.287132, -0.268168, -0.24979, -0.232685, -0.217497, -0.204804, -0.195089, -0.188725, -0.185976
-0.185976, -0.183226, -0.176847, -0.16708, -0.154262, -0.138843, -0.121367, -0.102459, -0.0828037, -0.0631158, -0.0441161, -0.0265012, -0.0109162, 0.00206976, 0.0119844, 0.0184683, 0.0212665
0.0212665, 0.0240645, 0.0305466, 0.0404553, 0.0534271, 0.0689856, 0.0865581, 0.105497, 0.125106, 0.144666, 0.163466, 0.180829, 0.196137, 0.208854, 0.21854, 0.224863, 0.227589
0.227589, 0.230314, 0.236619, 0.246241, 0.258806, 0.273831, 0.29074, 0.308891, 0.327605, 0.346192, 0.363979, 0.380339, 0.394708, 0.406606, 0.415645, 0.421534, 0.42407
0.42407, 0.426603, 0.432459, 0.441377, 0.452993, 0.466834, 0.482348, 0.498927, 0.515937, 0.532746, 0.548751, 0.5634, 0.57621, 0.586775, 0.594774, 0.599975, 0.602211
0.602211, 0.604443, 0.609596, 0.617426, 0.627589, 0.639648, 0.653097, 0.667387, 0.681957, 0.696261, 0.709792, 0.722097, 0.732793, 0.741567, 0.748182, 0.752469, 0.754309
0.754309, 0.756144, 0.760371, 0.766774, 0.775045, 0.7848, 0.795602, 0.806984, 0.818484, 0.829666, 0.840137, 0.849566, 0.857685, 0.86429, 0.869234, 0.872422, 0.873786
0.873786, 0.875144, 0.878263, 0.882961, 0.888983, 0.896013, 0.9037, 0.911683, 0.919616, 0.927191, 0.93415, 0.940295, 0.945486, 0.949635, 0.952695, 0.954646, 0.955476
0.955476, 0.956298, 0.958174, 0.960964, 0.964476, 0.968477, 0.972717, 0.976955, 0.980978, 0.984618, 0.987764, 0.99036, 0.992398, 0.993913, 0.994956, 0.995586, 0.995845
0.995845, 0.996096, 0.996647, 0.997409, 0.998259, 0.999057, 0.999667, 0.999977, 0.999916, 0.999465, 0.998662, 0.997595, 0.996394, 0.995208, 0.994189, 0.99347, 0.993147
0.993147, 0.992816, 0.992019, 0.990721, 0.988872, 0.986433, 0.983386, 0.979755, 0.975612, 0.971089, 0.966371, 0.961689, 0.957299, 0.953464, 0.950428, 0.948391, 0.9475
0.9475, 0.946601, 0.944491, 0.941187, 0.93672, 0.931149, 0.924578, 0.917162, 0.909116, 0.900717, 0.892289, 0.884193, 0.876804, 0.870486, 0.865564, 0.862298, 0.860877
0.860877, 0.85945, 0.856117, 0.850951, 0.844058, 0.835597, 0.825785, 0.814905, 0.803305, 0.791393, 0.779619, 0.76846, 0.758392, 0.749864, 0.743267, 0.738914, 0.737025
0.737025, 0.735131, 0.730719, 0.723914, 0.714895, 0.703909, 0.69128, 0.677407, 0.662755, 0.647844, 0.633233, 0.619493, 0.607182, 0.596813, 0.588828, 0.583574, 0.581299
0.581299, 0.57902, 0.573721, 0.565572, 0.554815, 0.541779, 0.52688, 0.510614, 0.493542, 0.476278, 0.459462, 0.443736, 0.429714, 0.417952, 0.408924, 0.402998, 0.400435
0.400435, 0.397869, 0.391911, 0.38277, 0.370741, 0.35622, 0.339695, 0.321739, 0.302986, 0.284115, 0.265822, 0.24879, 0.233662, 0.221016, 0.211336, 0.204993, 0.202253
0.202253, 0.199511, 0.193153, 0.183415, 0.170634, 0.155255, 0.137819, 0.11895, 0.0993272, 0.0796659, 0.0606858, 0.0430836, 0.0275056, 0.0145224, 0.0046079, -0.00187668, -0.0046754
-0.0046754, -0.00747408, -0.0139583, -0.0238715, -0.0368515, -0.0524237, -0.0700166, -0.0889834, -0.108627, -0.128229, -0.147075, -0.164486, -0.17984, -0.192599, -0.202319, -0.208665, -0.211402
-0.211402, -0.214136, -0.220466, -0.230126, -0.242744, -0.257835, -0.274825, -0.293068, -0.311884, -0.330578, -0.348475, -0.364941, -0.379409, -0.391392, -0.400497, -0.40643, -0.408986
-0.408986, -0.411538, -0.417439, -0.426428, -0.438138, -0.452097, -0.467747, -0.484479, -0.501653, -0.518631, -0.534805, -0.549615, -0.56257, -0.573258, -0.581354, -0.586618, -0.588882
-0.588882, -0.591142, -0.59636, -0.604289, -0.614585, -0.626806, -0.640442, -0.654939, -0.669728, -0.684256, -0.698007, -0.71052, -0.721402, -0.730334, -0.737071, -0.741437, -0.743313
-0.743313, -0.745182, -0.74949, -0.756017, -0.764454, -0.774409, -0.78544, -0.797074, -0.808839, -0.820289, -0.831023, -0.840697, -0.849036, -0.855825, -0.860912, -0.864193, -0.865597
-0.865597, -0.866995, -0.870209, -0.875051, -0.881262, -0.888522, -0.896471, -0.90474, -0.912972, -0.920848, -0.9281, -0.934518, -0.939952, -0.944305, -0.947522, -0.949575, -0.950449
-0.950449, -0.951315, -0.953294, -0.956241, -0.95996, -0.96421, -0.968733, -0.973279, -0.977622, -0.981584, -0.985041, -0.987925, -0.99022, -0.991948, -0.993155, -0.993892, -0.994197
-0.994197, -0.994494, -0.995152, -0.996079, -0.997143, -0.9982, -0.999102, -0.999727, -0.999993, -0.99987, -0.999382, -0.998608, -0.997664, -0.996693, -0.995838, -0.995227, -0.99495
-0.99495, -0.994665, -0.993975, -0.992839, -0.991204, -0.989021, -0.986263, -0.982941, -0.979119, -0.974916, -0.970505, -0.966105, -0.961964, -0.958335, -0.955456, -0.953522, -0.952675

0.626331, 0.628511, 0.633541, 0.641181, 0.651092, 0.662844, 0.675938, 0.689837, 0.703993, 0.717875, 0.730991, 0.742905, 0.753248, 0.761726, 0.768112, 0.772248, 0.774023
0.774023, 0.775792, 0.779868, 0.786036, 0.793997, 0.803376, 0.813747, 0.824658, 0.835663, 0.846342, 0.856322, 0.865292, 0.873, 0.87926, 0.88394, 0.886953, 0.888242
0.888242, 0.889525, 0.892469, 0.896897, 0.902565, 0.909166, 0.916365, 0.923816, 0.931193, 0.938207, 0.944622, 0.950259, 0.954998, 0.958769, 0.96154, 0.963301, 0.964048
0.964048, 0.964788, 0.966473, 0.968972, 0.9721, 0.975638, 0.979353, 0.983022, 0.986453, 0.989499, 0.99207, 0.994131, 0.995696, 0.996816, 0.997557, 0.997989, 0.998163
0.998163, 0.998329, 0.998682, 0.999142, 0.999596, 0.999917, 0.999989, 0.999717, 0.999052, 0.997998, 0.996614, 0.995011, 0.993335, 0.991754, 0.990435, 0.989519, 0.989111
0.989111, 0.988695, 0.987702, 0.986103, 0.983863, 0.980954, 0.977379, 0.973178, 0.968447, 0.963339, 0.95806, 0.95286, 0.948015, 0.943803, 0.940479, 0.938256, 0.937284
0.937284, 0.936305, 0.934008, 0.93042, 0.925582, 0.919569, 0.912501, 0.904552, 0.89596, 0.887018, 0.878073, 0.869502, 0.861698, 0.855036, 0.849852, 0.846417, 0.844923
0.844923, 0.843423, 0.839921, 0.834499, 0.827273, 0.818416, 0.808161, 0.796809, 0.784726, 0.772338, 0.760113, 0.748542, 0.738115, 0.729292, 0.722472, 0.717974, 0.716023
0.716023, 0.714066, 0.709511, 0.70249, 0.693188, 0.68187, 0.668871, 0.654607, 0.639557, 0.624257, 0.609281, 0.59521, 0.582612, 0.572009, 0.563848, 0.558481, 0.556157
0.556157, 0.553829, 0.548418, 0.5401, 0.529126, 0.515835, 0.500656, 0.484095, 0.466728, 0.44918, 0.4321, 0.416138, 0.401914, 0.389989, 0.38084, 0.374836, 0.37224
0.37224, 0.369641, 0.363608, 0.354354, 0.342181, 0.327493, 0.310789, 0.292649, 0.273716, 0.254677, 0.236232, 0.219069, 0.203834, 0.191104, 0.181362, 0.174981, 0.172225
0.172225, 0.169467, 0.163073, 0.153283, 0.140438, 0.124988, 0.107481, 0.088546, 0.0688667, 0.0491606, 0.0301486, 0.0125267, -0.00306089, -0.0160464, -0.0259591, -0.0324409, -0.0352381
-0.0352381, -0.0380349, -0.044514, -0.0544168, -0.0673788, -0.0829224, -0.100474, -0.119386, -0.138961, -0.158482, -0.177239, -0.194558, -0.209823, -0.222502, -0.232158, -0.23846, -0.241177
-0.241177, -0.243892, -0.250176, -0.259763, -0.272281, -0.287247, -0.304084, -0.322155, -0.340779, -0.359271, -0.376961, -0.393228, -0.407512, -0.419336, -0.428316, -0.434167, -0.436686
-0.436686, -0.439202, -0.445019, -0.453876, -0.465409, -0.479149, -0.494544, -0.510992, -0.52786, -0.544522, -0.560382, -0.574893, -0.587577, -0.598035, -0.605952, -0.611098, -0.613311
-0.613311, -0.615519, -0.620617, -0.62836, -0.638409, -0.650329, -0.663617, -0.67773, -0.692113, -0.706226, -0.719568, -0.731696, -0.742232, -0.750871, -0.757383, -0.761601, -0.763412
-0.763412, -0.765216, -0.769375, -0.775671, -0.783801, -0.793386, -0.803991, -0.81516, -0.826435, -0.837388, -0.847636, -0.856856, -0.864788, -0.871236, -0.87606, -0.879168, -0.880498
-0.880498, -0.881821, -0.884861, -0.889436, -0.895297, -0.902131, -0.909596, -0.917337, -0.925016, -0.932336, -0.939047, -0.94496, -0.949945, -0.953922, -0.95685, -0.958714, -0.959507
-0.959507, -0.960291, -0.96208, -0.964737, -0.968074, -0.971864, -0.975864, -0.979842, -0.983595, -0.986964, -0.989848, -0.992199, -0.994022, -0.995356, -0.996261, -0.9968, -0.99702
-0.99702, -0.997232, -0.997693, -0.998317, -0.998986, -0.999567, -0.99993, -0.999974, -0.999637, -0.99891, -0.997841, -0.996529, -0.99511, -0.993744, -0.992588, -0.991779, -0.991417
-0.991417, -0.991047, -0.99016, -0.988724, -0.986696, -0.984042, -0.980753, -0.976861, -0.972449, -0.967657, -0.962683, -0.957763, -0.953164, -0.949157, -0.945989, -0.943866, -0.942938
-0.942938, -0.942003, -0.939807, -0.936372, -0.931735, -0.925962, -0.919162, -0.911502, -0.903206, -0.894557, -0.885892, -0.877578, -0.869998, -0.863522, -0.858479, -0.855136, -0.853682
-0.853682, -0.852221, -0.84881, -0.843526, -0.836481, -0.827837, -0.817822, -0.806725, -0.794903, -0.782771, -0.770789, -0.759441, -0.749208, -0.740544, -0.733844, -0.729424, -0.727507
-0.727507, -0.725583, -0.721106, -0.714201, -0.705052, -0.693912, -0.681113, -0.667059, -0.652223, -0.637133, -0.622353, -0.608461, -0.596017, -0.58554, -0.577473, -0.572167, -0.56987
-0.56987, -0.567568, -0.562217, -0.55399, -0.543132, -0.529978, -0.51495, -0.498547, -0.481338, -0.463942, -0.447003, -0.431167, -0.417051, -0.405213, -0.396129, -0.390167, -0.387588
-0.387588, -0.385007, -0.379014, -0.36982, -0.357724, -0.343125, -0.326516, -0.308474, -0.289637, -0.270687, -0.252322, -0.235228, -0.220049, -0.207363, -0.197654, -0.191293, -0.188545
-0.188545, -0.185796, -0.17942, -0.169658, -0.156846, -0.141432, -0.123962, -0.105061, -0.0854098, -0.0657257, -0.0467288, -0.0291155, -0.0135314, -0.000545589, 0.00936925, 0.0158533, 0.0186516
0.0186516, 0.0214498, 0.0279324, 0.037842, 0.0508153, 0.0663762, 0.0839523, 0.102896, 0.122511, 0.142078, 0.160885, 0.178256, 0.193572, 0.206296, 0.215987, 0.222314, 0.225042
0.225042, 0.227768, 0.234077, 0.243705, 0.256279, 0.271314, 0.288236, 0.306403, 0.325133, 0.343737, 0.361542, 0.377918, 0.392304, 0.404216, 0.413264, 0.419161, 0.4217
0.4217, 0.424236, 0.430099, 0.439029, 0.450659, 0.464519, 0.480055, 0.496659, 0.513695, 0.530531, 0.546563, 0.561238, 0.57407, 0.584655, 0.59267, 0.59788, 0.600121
0.600121, 0.602358, 0.607521, 0.615367, 0.625551, 0.637636, 0.651114, 0.665437, 0.680042, 0.694382, 0.707947, 0.720285, 0.73101, 0.73981, 0.746444, 0.750744, 0.75259
0.75259, 0.75443, 0.75867, 0.765092, 0.773389, 0.783177, 0.794014, 0.805437, 0.816979, 0.828203, 0.838716, 0.848184, 0.856337, 0.862971, 0.867938, 0.871141, 0.872512
0.872512, 0.873876, 0.87701, 0.88173, 0.887782, 0.894849, 0.902577, 0.910605, 0.918585, 0.926208, 0.933213, 0.939402, 0.944631, 0.948812, 0.951897, 0.953864, 0.954701
0.954701, 0.95553, 0.957422, 0.960237, 0.963782, 0.967822, 0.972107, 0.976393, 0.980466, 0.984158, 0.987353, 0.989994, 0.992073, 0.993621, 0.994691, 0.995337, 0.995603
0.995603, 0.995861, 0.99643, 0.997218, 0.998102, 0.99894, 0.999596, 0.999956, 0.999946, 0.999547, 0.998794, 0.997773, 0.996612, 0.99546, 0.994467, 0.993765, 0.993449
0.993449, 0.993126, 0.992346, 0.991073, 0.989258, 0.986859, 0.983858, 0.980275, 0.976183, 0.97171, 0.96704, 0.962402, 0.958052, 0.954249, 0.951238, 0.949217, 0.948333
0.948333, 0.947441, 0.945347, 0.942067, 0.937632, 0.9321, 0.925571, 0.918201, 0.910203, 0.90185, 0.893466, 0.885412, 0.878059, 0.871771, 0.86687, 0.863619, 0.862205
0.862205, 0.860784, 0.857465, 0.852322, 0.845458, 0.837031, 0.827257, 0.816418, 0.80486, 0.792989, 0.781254, 0.77013, 0.760094, 0.751592, 0.745015, 0.740673, 0.73879
0.73879, 0.736901, 0.732502, 0.725716, 0.716721, 0.705764, 0.693168, 0.679329, 0.664711, 0.649834, 0.635255, 0.621544, 0.609258, 0.598909, 0.59094, 0.585696, 0.583425
0.583425, 0.58115, 0.575861, 0.567727, 0.556989, 0.543975, 0.529102, 0.512861, 0.495815, 0.478576, 0.461784, 0.446079, 0.432074, 0.420326, 0.411309, 0.40539, 0.40283
0.40283, 0.400267, 0.394316, 0.385185, 0.373169, 0.358662, 0.342154, 0.324214, 0.305478, 0.286622, 0.268342, 0.251322, 0.236204, 0.223566, 0.213891, 0.207552, 0.204814
0.204814, 0.202073, 0.195718, 0.185986, 0.173211, 0.157838, 0.140409, 0.121546, 0.101929, 0.0822727, 0.0632961, 0.0456964, 0.0301199, 0.0171374, 0.00722321, 0.000738667, -0.00206006
-0.00206006, -0.00485878, -0.0113432, -0.0212568, -0.0342379, -0.0498118, -0.0674074, -0.0863781, -0.106027, -0.125635, -0.144487, -0.161905, -0.177267, -0.190032, -0.199757, -0.206107, -0.208845
-0.208845, -0.211581, -0.217914, -0.22758, -0.240206, -0.255308, -0.272309, -0.290567, -0.309398, -0.328109, -0.346022, -0.362505, -0.376988, -0.388984, -0.398099, -0.404039, -0.406598
-0.406598, -0.409153, -0.415061, -0.424061, -0.435786, -0.449762, -0.465434, -0.48219, -0.499389, -0.516394, -0.532593, -0.547428, -0.560406, -0.571114, -0.579224, -0.584498, -0.586767
-0.586767, -0.589031, -0.594259, -0.602204, -0.61252, -0.624766, -0.638431, -0.65296, -0.667783, -0.682346, -0.696132, -0.708677, -0.719588, -0.728545, -0.735301, -0.73968, -0.74156
-0.74156, -0.743435, -0.747757, -0.754303, -0.762765, -0.772752, -0.783819, -0.795492, -0.807299, -0.81879, -0.829565, -0.839278, -0.847651, -0.854469, -0.859578, -0.862874, -0.864285
-0.864285, -0.865689, -0.868917, -0.873782, -0.880023, -0.887319, -0.895309, -0.903622, -0.911901, -0.919825, -0.927123, -0.933584, -0.939057, -0.943441, -0.946682, -0.948751, -0.949632

0.0492028, 0.0519979, 0.0584726, 0.0683676, 0.0813173, 0.096843, 0.11437, 0.133251, 0.152789, 0.172267, 0.190977, 0.208248, 0.223469, 0.236107, 0.24573, 0.252011, 0.254718
0.254718, 0.257423, 0.263684, 0.273235, 0.285704, 0.300606, 0.31737, 0.335355, 0.353886, 0.372279, 0.38987, 0.40604, 0.420236, 0.431984, 0.440904, 0.446715, 0.449218
0.449218, 0.451716, 0.457492, 0.466286, 0.477734, 0.49137, 0.506644, 0.522956, 0.539679, 0.556192, 0.571903, 0.586273, 0.598829, 0.609179, 0.617011, 0.622101, 0.62429
0.62429, 0.626474, 0.631515, 0.639172, 0.649105, 0.660883, 0.674008, 0.687941, 0.702133, 0.716052, 0.729204, 0.741151, 0.751526, 0.760029, 0.766435, 0.770584, 0.772365
0.772365, 0.77414, 0.778228, 0.784416, 0.792404, 0.801816, 0.812224, 0.823176, 0.834223, 0.844946, 0.854969, 0.863978, 0.871722, 0.878011, 0.882714, 0.885742, 0.887038
0.887038, 0.888327, 0.891286, 0.895738, 0.901435, 0.908074, 0.915314, 0.922811, 0.930236, 0.937299, 0.94376, 0.949441, 0.954219, 0.958023, 0.960818, 0.962595, 0.96335
0.96335, 0.964097, 0.965799, 0.968322, 0.971483, 0.975061, 0.978821, 0.982539, 0.98602, 0.989117, 0.991737, 0.993844, 0.995451, 0.996604, 0.997371, 0.99782, 0.998001
0.998001, 0.998174, 0.998545, 0.99903, 0.999518, 0.99988, 0.999998, 0.999776, 0.999163, 0.99816, 0.996826, 0.995268, 0.993633, 0.992086, 0.990792, 0.989893, 0.989492
0.989492, 0.989084, 0.988108, 0.986535, 0.984327, 0.981459, 0.977928, 0.973776, 0.969095, 0.964037, 0.958806, 0.95365, 0.948844, 0.944664, 0.941365, 0.939157, 0.938192
0.938192, 0.93722, 0.934939, 0.931375, 0.926569, 0.920594, 0.913567, 0.905664, 0.897118, 0.888223, 0.879321, 0.870791, 0.863022, 0.856389, 0.851228, 0.847807, 0.846319
0.846319, 0.844825, 0.841338, 0.835937, 0.82874, 0.819916, 0.809698, 0.798386, 0.786345, 0.773997, 0.761809, 0.750273, 0.739877, 0.731079, 0.724278, 0.719792, 0.717846
0.717846, 0.715895, 0.711352, 0.704349, 0.695071, 0.68378, 0.670813, 0.656581, 0.641565, 0.626298, 0.611352, 0.59731, 0.584736, 0.574152, 0.566006, 0.560648, 0.558329
0.558329, 0.556005, 0.550603, 0.5423, 0.531343, 0.518074, 0.502918, 0.486382, 0.46904, 0.451515, 0.434457, 0.418514, 0.404307, 0.392396, 0.383257, 0.37726, 0.374666
0.374666, 0.37207, 0.366043, 0.356798, 0.344637, 0.329963, 0.313274, 0.295148, 0.276231, 0.257205, 0.238773, 0.22162, 0.206394, 0.19367, 0.183933, 0.177556, 0.174801
0.174801, 0.172044, 0.165653, 0.155867, 0.143027, 0.127582, 0.110081, 0.0911508, 0.0714756, 0.0517727, 0.0327626, 0.0151418, -0.000445541, -0.0134313, -0.0233446, -0.0298269, -0.0326242
-0.0326242, -0.0354213, -0.0419011, -0.0518051, -0.0647691, -0.0803158, -0.0978716, -0.116789, -0.13637, -0.155899, -0.174664, -0.191992, -0.207265, -0.219952, -0.229613, -0.235919, -0.238638
-0.238638, -0.241355, -0.247643, -0.257237, -0.269764, -0.28474, -0.301592, -0.319678, -0.338319, -0.356829, -0.374538, -0.390822, -0.405122, -0.41696, -0.425952, -0.431809, -0.434332
-0.434332, -0.436851, -0.442675, -0.451544, -0.463092, -0.476851, -0.49227, -0.508742, -0.525637, -0.542327, -0.558214, -0.572751, -0.585459, -0.595937, -0.603869, -0.609025, -0.611243
-0.611243, -0.613456, -0.618564, -0.626324, -0.636394, -0.64834, -0.661659, -0.675805, -0.690223, -0.704372, -0.71775, -0.72991, -0.740476, -0.749141, -0.755672, -0.759903, -0.76172
-0.76172, -0.76353, -0.767702, -0.774017, -0.782174, -0.791791, -0.802433, -0.813642, -0.824959, -0.835955, -0.846245, -0.855504, -0.863472, -0.869949, -0.874795, -0.877919, -0.879255
-0.879255, -0.880585, -0.88364, -0.888238, -0.894128, -0.901, -0.908506, -0.916292, -0.92402, -0.931387, -0.938144, -0.944101, -0.949125, -0.953134, -0.956087, -0.957967, -0.958767
-0.958767, -0.959558, -0.961364, -0.964046, -0.967415, -0.971244, -0.97529, -0.979317, -0.98312, -0.98654, -0.989472, -0.991869, -0.993733, -0.9951, -0.996032, -0.996588, -0.996815
-0.996815, -0.997034, -0.997512, -0.998162, -0.998865, -0.999486, -0.999896, -0.999989, -0.999704, -0.999029, -0.99801, -0.996743, -0.995365, -0.994032, -0.992902, -0.99211, -0.991755
-0.991755, -0.991393, -0.990523, -0.989112, -0.987118, -0.984504, -0.98126, -0.977417, -0.973055, -0.968314, -0.963387, -0.958512, -0.953952, -0.949977, -0.946833, -0.944727, -0.943806
-0.943806, -0.942877, -0.940697, -0.937287, -0.932682, -0.926946, -0.920189, -0.912575, -0.904325, -0.895723, -0.887102, -0.878829, -0.871285, -0.864838, -0.859818, -0.856489, -0.855041
-0.855041, -0.853586, -0.85019, -0.844928, -0.837911, -0.829302, -0.819324, -0.808267, -0.796487, -0.784396, -0.772453, -0.76114, -0.750937, -0.742299, -0.735619, -0.73121, -0.729298
-0.729298, -0.727381, -0.722915, -0.716029, -0.706904, -0.695793, -0.683026, -0.669006, -0.654204, -0.639147, -0.624398, -0.610534, -0.598115, -0.587658, -0.579607, -0.57431, -0.572017
-0.572017, -0.569719, -0.564378, -0.556165, -0.545326, -0.532194, -0.51719, -0.500812, -0.483629, -0.466257, -0.449341, -0.433526, -0.419427, -0.407603, -0.398529, -0.392573, -0.389998
-0.389998, -0.387419, -0.381433, -0.372249, -0.360165, -0.34558, -0.328987, -0.31096, -0.292139, -0.273204, -0.254852, -0.237769, -0.2226, -0.209921, -0.200217, -0.193859, -0.191113
-0.191113, -0.188365, -0.181993, -0.172235, -0.159428, -0.144021, -0.126557, -0.107661, -0.0880153, -0.0683352, -0.0493411, -0.0317297, -0.0161464, -0.00316093, 0.00675398, 0.0132382, 0.0160367
0.0160367, 0.018835, 0.025318, 0.0352284, 0.0482032, 0.0637664, 0.0813459, 0.100294, 0.119915, 0.139489, 0.158303, 0.175682, 0.191005, 0.203736, 0.213433, 0.219763, 0.222493
0.222493, 0.225221, 0.231534, 0.241168, 0.25375, 0.268796, 0.285731, 0.303912, 0.322659, 0.34128, 0.359102, 0.375496, 0.389897, 0.401822, 0.410881, 0.416785, 0.419327
0.419327, 0.421866, 0.427737, 0.436678, 0.448323, 0.462202, 0.477759, 0.494387, 0.511449, 0.528312, 0.544371, 0.559071, 0.571927, 0.582531, 0.590561, 0.595782, 0.598027
0.598027, 0.600268, 0.605442, 0.613303, 0.623508, 0.635619, 0.649127, 0.663482, 0.678122, 0.692497, 0.706098, 0.718469, 0.729223, 0.738048, 0.744701, 0.749014, 0.750865
0.750865, 0.75271, 0.756964, 0.763405, 0.771729, 0.781548, 0.792422, 0.803884, 0.815468, 0.826734, 0.837289, 0.846796, 0.854984, 0.861647, 0.866636, 0.869854, 0.871231
0.871231, 0.872601, 0.87575, 0.880494, 0.886575, 0.893678, 0.901448, 0.909521, 0.917549, 0.925219, 0.93227, 0.938502, 0.94377, 0.947983, 0.951093, 0.953076, 0.953919
0.953919, 0.954755, 0.956664, 0.959504, 0.963081, 0.96716, 0.97149, 0.975825, 0.979949, 0.983691, 0.986935, 0.989621, 0.991741, 0.993323, 0.994418, 0.995081, 0.995355
0.995355, 0.99562, 0.996206, 0.997019, 0.997937, 0.998817, 0.999519, 0.999928, 0.99997, 0.999622, 0.998919, 0.997944, 0.996824, 0.995706, 0.994739, 0.994054, 0.993745
0.993745, 0.993428, 0.992665, 0.991418, 0.989637, 0.987278, 0.984322, 0.980788, 0.976747, 0.972324, 0.967703, 0.963109, 0.958798, 0.955028, 0.952041, 0.950037, 0.94916
0.94916, 0.948275, 0.946196, 0.942941, 0.938538, 0.933044, 0.926558, 0.919234, 0.911283, 0.902977, 0.894638, 0.886624, 0.879308, 0.873049, 0.868171, 0.864935, 0.863527
0.863527, 0.862112, 0.858808, 0.853687, 0.846852, 0.838459, 0.828724, 0.817926, 0.80641, 0.794579, 0.782884, 0.771796, 0.761791, 0.753314, 0.746757, 0.742428, 0.74055
0.74055, 0.738666, 0.73428, 0.727513, 0.718542, 0.707614, 0.69505, 0.681246, 0.666662, 0.651819, 0.637272, 0.623591, 0.61133, 0.601002, 0.593048, 0.587814, 0.585547
0.585547, 0.583276, 0.577997, 0.569878, 0.559159, 0.546168, 0.531319, 0.515104, 0.498085, 0.480871, 0.464102, 0.448418, 0.434431, 0.422698, 0.413692, 0.407779, 0.405222
0.405222, 0.402662, 0.396718, 0.387597, 0.375594, 0.361102, 0.34461, 0.326687, 0.307967, 0.289127, 0.270861, 0.253852, 0.238745, 0.226114, 0.216445, 0.21011, 0.207373
0.207373, 0.204634, 0.198282, 0.188555, 0.175786, 0.16042, 0.142998, 0.124142, 0.104531, 0.0848789, 0.065906, 0.0483088, 0.0327339, 0.0197523, 0.00983846, 0.00335401, 0.000555285
0.000555285, -0.00224344, -0.00872794, -0.0186419, -0.0316239, -0.0471995, -0.0647978, -0.0837723, -0.103426, -0.12304, -0.141899, -0.159324, -0.174693, -0.187464, -0.197194, -0.203547, -0.206286
-0.206286, -0.209024, -0.215361, -0.225032, -0.237666, -0.252778, -0.269792, -0.288063, -0.30691, -0.325637, -0.343567, -0.360066, -0.374564, -0.386573, -0.395698, -0.401645, -0.404207
-0.404207, -0.406765, -0.41268, -0.421691, -0.43343, -0.447425, -0.463118, -0.479897, -0.497121, -0.514152, -0.530378, -0.545237, -0.558238, -0.568965, -0.57709, -0.582374, -0.584647

-0.546679, -0.544333, -0.538882, -0.530503, -0.519451, -0.506068, -0.490788, -0.474122, -0.45665, -0.439, -0.421826, -0.40578, -0.391484, -0.379502, -0.37031, -0.364279, -0.361671
-0.361671, -0.35906, -0.353, -0.343707, -0.331483, -0.316737, -0.29997, -0.281765, -0.262771, -0.243674, -0.225177, -0.207969, -0.192698, -0.179939, -0.170177, -0.163784, -0.161022
-0.161022, -0.158259, -0.151853, -0.142046, -0.12918, -0.113707, -0.0961786, -0.0772232, -0.0575276, -0.0378095, -0.0187901, -0.00116503, 0.0144223, 0.0274056, 0.0373153, 0.0437946, 0.0465905
0.0465905, 0.049386, 0.0558616, 0.0657581, 0.0787103, 0.0942396, 0.111772, 0.130659, 0.150203, 0.16969, 0.188409, 0.20569, 0.220919, 0.233565, 0.243194, 0.249479, 0.252188
0.252188, 0.254895, 0.26116, 0.270718, 0.283196, 0.298111, 0.314888, 0.33289, 0.351439, 0.369851, 0.387461, 0.403649, 0.417861, 0.429623, 0.438555, 0.444374, 0.446879
0.446879, 0.449381, 0.455165, 0.463971, 0.475435, 0.48909, 0.504388, 0.520725, 0.537476, 0.554017, 0.569756, 0.584152, 0.596732, 0.607102, 0.614951, 0.620052, 0.622245
0.622245, 0.624434, 0.629485, 0.637158, 0.647113, 0.658918, 0.672074, 0.686041, 0.700269, 0.714224, 0.727412, 0.739393, 0.749798, 0.758327, 0.764753, 0.768915, 0.770701
0.770701, 0.772481, 0.776583, 0.782791, 0.790806, 0.800251, 0.810696, 0.821688, 0.832778, 0.843544, 0.853609, 0.862658, 0.870437, 0.876756, 0.881482, 0.884525, 0.885827
0.885827, 0.887123, 0.890097, 0.894572, 0.9003, 0.906975, 0.914258, 0.921801, 0.929273, 0.936384, 0.942892, 0.948617, 0.953434, 0.95727, 0.96009, 0.961884, 0.962645
0.962645, 0.963399, 0.965117, 0.967666, 0.97086, 0.974477, 0.978282, 0.982049, 0.985581, 0.988729, 0.991399, 0.993551, 0.995198, 0.996385, 0.997178, 0.997644, 0.997832
0.997832, 0.998013, 0.9984, 0.998912, 0.999433, 0.999837, 1, 0.999828, 0.999266, 0.998315, 0.997031, 0.995519, 0.993924, 0.992411, 0.991143, 0.990261, 0.989867
0.989867, 0.989466, 0.988506, 0.986959, 0.984785, 0.981957, 0.978471, 0.974368, 0.969737, 0.964729, 0.959546, 0.954434, 0.949667, 0.945519, 0.942244, 0.940052, 0.939094
0.939094, 0.938129, 0.935864, 0.932324, 0.927549, 0.921612, 0.914628, 0.90677, 0.898271, 0.889421, 0.880564, 0.872074, 0.86434, 0.857736, 0.852597, 0.849191, 0.847709
0.847709, 0.846221, 0.842748, 0.83737, 0.830201, 0.82141, 0.811231, 0.799959, 0.787958, 0.77565, 0.763501, 0.752, 0.741634, 0.732861, 0.726079, 0.721605, 0.719664
0.719664, 0.717718, 0.713188, 0.706203, 0.696949, 0.685686, 0.672751, 0.658552, 0.643569, 0.628335, 0.61342, 0.599405, 0.586856, 0.576292, 0.56816, 0.562812, 0.560497
0.560497, 0.558177, 0.552785, 0.544495, 0.533557, 0.520309, 0.505177, 0.488665, 0.471348, 0.453847, 0.436811, 0.420888, 0.406698, 0.3948, 0.385671, 0.37968, 0.37709
0.37709, 0.374496, 0.368476, 0.35924, 0.347091, 0.332431, 0.315756, 0.297646, 0.278743, 0.259732, 0.241312, 0.22417, 0.208952, 0.196235, 0.186504, 0.180129, 0.177375
0.177375, 0.17462, 0.168232, 0.15845, 0.145615, 0.130176, 0.11268, 0.0937549, 0.0740841, 0.0543843, 0.0353764, 0.0177567, 0.00216981, -0.0108162, -0.0207299, -0.0272126, -0.0300102
-0.0300102, -0.0328075, -0.0392879, -0.0491931, -0.0621591, -0.0777086, -0.0952685, -0.114191, -0.133779, -0.153315, -0.172089, -0.189424, -0.204706, -0.2174, -0.227067, -0.233377, -0.236098
-0.236098, -0.238816, -0.245108, -0.254709, -0.267245, -0.282232, -0.299097, -0.317198, -0.335857, -0.354384, -0.372111, -0.388413, -0.402729, -0.414582, -0.423584, -0.429449, -0.431975
-0.431975, -0.434497, -0.440329, -0.449209, -0.460773, -0.474551, -0.489991, -0.506488, -0.52341, -0.540128, -0.556042, -0.570605, -0.583336, -0.593835, -0.601783, -0.606949, -0.609171
-0.609171, -0.611388, -0.616507, -0.624283, -0.634375, -0.646347, -0.659695, -0.673875, -0.688328, -0.702513, -0.715926, -0.72812, -0.738716, -0.747406, -0.753957, -0.758201, -0.760023
-0.760023, -0.761839, -0.766023, -0.772359, -0.780542, -0.790191, -0.80087, -0.812119, -0.823478, -0.834517, -0.844849, -0.854147, -0.862149, -0.868656, -0.873525, -0.876663, -0.878007
-0.878007, -0.879343, -0.882412, -0.887033, -0.892954, -0.899862, -0.90741, -0.915242, -0.923016, -0.930432, -0.937236, -0.943236, -0.948298, -0.95234, -0.955317, -0.957214, -0.95802
-0.95802, -0.958819, -0.96064, -0.963347, -0.96675, -0.970618, -0.974709, -0.978784, -0.982638, -0.986109, -0.989091, -0.991533, -0.993437, -0.994838, -0.995796, -0.996369, -0.996603
-0.996603, -0.99683, -0.997325, -0.998, -0.998737, -0.999399, -0.999855, -0.999998, -0.999764, -0.999141, -0.998171, -0.996951, -0.995613, -0.994314, -0.99321, -0.992434, -0.992087
-0.992087, -0.991732, -0.990879, -0.989494, -0.987533, -0.984959, -0.981761, -0.977966, -0.973655, -0.968964, -0.964085, -0.959254, -0.954733, -0.95079, -0.947671, -0.945581, -0.944667
-0.944667, -0.943745, -0.941581, -0.938196, -0.933622, -0.927924, -0.92121, -0.913641, -0.905438, -0.896883, -0.888306, -0.880074, -0.872565, -0.866148, -0.86115, -0.857836, -0.856394
-0.856394, -0.854946, -0.851564, -0.846324, -0.839336, -0.83076, -0.820821, -0.809804, -0.798066, -0.786016, -0.774111, -0.762833, -0.752662, -0.744049, -0.737388, -0.732992, -0.731085
-0.731085, -0.729173, -0.72472, -0.717853, -0.708751, -0.697669, -0.684934, -0.670947, -0.65618, -0.641156, -0.626439, -0.612603, -0.600209, -0.589772, -0.581736, -0.576449, -0.57416
-0.57416, -0.571866, -0.566535, -0.558337, -0.547517, -0.534407, -0.519426, -0.503074, -0.485916, -0.468569, -0.451676, -0.435881, -0.4218, -0.40999, -0.400927, -0.394978, -0.392405
-0.392405, -0.389829, -0.383849, -0.374675, -0.362604, -0.348033, -0.331456, -0.313445, -0.294639, -0.275719, -0.25738, -0.240309, -0.225149, -0.212477, -0.202779, -0.196425, -0.19368
-0.19368, -0.190933, -0.184564, -0.17481, -0.16201, -0.146609, -0.129151, -0.110261, -0.0906202, -0.0709442, -0.0519531, -0.0343436, -0.0187614, -0.00577626, 0.00413867, 0.0106231, 0.0134216
0.0134216, 0.01622, 0.0227034, 0.0326145, 0.0455907, 0.0611562, 0.0787389, 0.0976918, 0.117318, 0.136898, 0.155721, 0.173107, 0.188437, 0.201175, 0.210877, 0.217211, 0.219942
0.219942, 0.222672, 0.228989, 0.238629, 0.251219, 0.266276, 0.283224, 0.30142, 0.320182, 0.33882, 0.35666, 0.373071, 0.387487, 0.399426, 0.408496, 0.414406, 0.416951
0.416951, 0.419494, 0.425371, 0.434323, 0.445984, 0.459881, 0.47546, 0.492112, 0.5092, 0.52609, 0.542175, 0.556901, 0.56978, 0.580403, 0.588449, 0.593679, 0.595929
0.595929, 0.598174, 0.603358, 0.611235, 0.621461, 0.633598, 0.647135, 0.661523, 0.676197, 0.690608, 0.704243, 0.716647, 0.727431, 0.73628, 0.742953, 0.747278, 0.749135
0.749135, 0.750986, 0.755252, 0.761713, 0.770063, 0.779914, 0.790824, 0.802326, 0.813951, 0.82526, 0.835856, 0.845401, 0.853624, 0.860317, 0.865328, 0.86856, 0.869944
0.869944, 0.871321, 0.874484, 0.879251, 0.885362, 0.892501, 0.900313, 0.908431, 0.916505, 0.924223, 0.931321, 0.937596, 0.942902, 0.947147, 0.950282, 0.952281, 0.953131
0.953131, 0.953974, 0.955899, 0.958764, 0.962374, 0.966492, 0.970866, 0.97525, 0.979424, 0.983217, 0.98651, 0.989242, 0.991402, 0.993018, 0.994139, 0.994819, 0.995099
0.995099, 0.995372, 0.995974, 0.996814, 0.997766, 0.998686, 0.999434, 0.999893, 0.999987, 0.999691, 0.999037, 0.998108, 0.997029, 0.995944, 0.995003, 0.994335, 0.994034
0.994034, 0.993724, 0.992978, 0.991756, 0.990009, 0.987691, 0.98478, 0.981295, 0.977304, 0.972932, 0.968359, 0.96381, 0.959538, 0.9558, 0.952838, 0.95085, 0.94998
0.94998, 0.949102, 0.947039, 0.943809, 0.939438, 0.933982, 0.927539, 0.92026, 0.912357, 0.904098, 0.895804, 0.887831, 0.88055, 0.874321, 0.869466, 0.866245, 0.864843
0.864843, 0.863434, 0.860145, 0.855046, 0.84824, 0.839882, 0.830185, 0.819427, 0.807953, 0.796165, 0.784508, 0.773456, 0.763483, 0.755032, 0.748493, 0.744178, 0.742305
0.742305, 0.740427, 0.736053, 0.729305, 0.720359, 0.70946, 0.696928, 0.683158, 0.66861, 0.653801, 0.639286, 0.625633, 0.613397, 0.60309, 0.595151, 0.589928, 0.587666
0.587666, 0.585399, 0.580129, 0.572025, 0.561325, 0.548357, 0.533533, 0.517344, 0.500351, 0.483162, 0.466417, 0.450754, 0.436785, 0.425067, 0.416071, 0.410166, 0.407612
0.407612, 0.405055, 0.399117, 0.390007, 0.378016, 0.36354, 0.347064, 0.329158, 0.310454, 0.291629, 0.273377, 0.256381, 0.241284, 0.228661, 0.218998, 0.212666, 0.209931
0.209931, 0.207193, 0.200845, 0.191123, 0.17836, 0.163001, 0.145586, 0.126736, 0.107131, 0.0874845, 0.0685154, 0.050921, 0.0353478, 0.0223671, 0.0124536, 0.00596933, 0.00317063

-0.934199, -0.933197, -0.930847, -0.927179, -0.922236, -0.916097, -0.908888, -0.900789, -0.892041, -0.882946, -0.873854, -0.865149, -0.857226, -0.850467, -0.84521, -0.841727, -0.840212
-0.840212, -0.838691, -0.835142, -0.829648, -0.822328, -0.813359, -0.802979, -0.791494, -0.779275, -0.766753, -0.7544, -0.742714, -0.732186, -0.72328, -0.716397, -0.711858, -0.70989
-0.70989, -0.707916, -0.703321, -0.696238, -0.686858, -0.675446, -0.662344, -0.647969, -0.632808, -0.6174, -0.602322, -0.588159, -0.575481, -0.564813, -0.556603, -0.551204, -0.548867
-0.548867, -0.546525, -0.541083, -0.532719, -0.521684, -0.508322, -0.493065, -0.476423, -0.458975, -0.441348, -0.424195, -0.408169, -0.393889, -0.38192, -0.372738, -0.366713, -0.364108
-0.364108, -0.3615, -0.355446, -0.346161, -0.333949, -0.319216, -0.302464, -0.284274, -0.265293, -0.246209, -0.227724, -0.210527, -0.195263, -0.182511, -0.172754, -0.166363, -0.163603
-0.163603, -0.160841, -0.154437, -0.144634, -0.131773, -0.116305, -0.0987815, -0.0798305, -0.0601384, -0.0404228, -0.0214049, -0.00378037, 0.0118072, 0.0247911, 0.0347017, 0.0411816, 0.0439778
0.0439778, 0.0467736, 0.0532501, 0.0631482, 0.0761028, 0.0916356, 0.109172, 0.128065, 0.147617, 0.167112, 0.18584, 0.203129, 0.218367, 0.231021, 0.240656, 0.246945, 0.249656
0.249656, 0.252365, 0.258635, 0.2682, 0.280687, 0.295614, 0.312405, 0.330422, 0.348989, 0.367419, 0.385048, 0.401255, 0.415483, 0.42726, 0.436204, 0.442029, 0.444538
0.444538, 0.447043, 0.452835, 0.461652, 0.473133, 0.486807, 0.502127, 0.51849, 0.535268, 0.551838, 0.567605, 0.582027, 0.594632, 0.605022, 0.612887, 0.617998, 0.620196
0.620196, 0.622389, 0.627451, 0.63514, 0.645117, 0.656949, 0.670135, 0.684136, 0.698399, 0.712391, 0.725614, 0.73763, 0.748065, 0.756619, 0.763065, 0.76724, 0.769032
0.769032, 0.770818, 0.774933, 0.781161, 0.789203, 0.79868, 0.809162, 0.820195, 0.831328, 0.842136, 0.852244, 0.861332, 0.869147, 0.875496, 0.880244, 0.883302, 0.884611
0.884611, 0.885912, 0.888902, 0.8934, 0.899159, 0.905871, 0.913195, 0.920784, 0.928304, 0.935463, 0.942018, 0.947786, 0.952642, 0.95651, 0.959355, 0.961165, 0.961934
0.961934, 0.962695, 0.964429, 0.967003, 0.970229, 0.973887, 0.977737, 0.981552, 0.985135, 0.988334, 0.991053, 0.993251, 0.994939, 0.99616, 0.996979, 0.997461, 0.997657
0.997657, 0.997844, 0.998249, 0.998786, 0.999342, 0.999786, 0.999995, 0.999873, 0.999363, 0.998464, 0.997229, 0.995763, 0.994208, 0.992729, 0.991487, 0.990621, 0.990235
0.990235, 0.989841, 0.988898, 0.987377, 0.985236, 0.982448, 0.979008, 0.974953, 0.970372, 0.965414, 0.960279, 0.955211, 0.950483, 0.946367, 0.943117, 0.940941, 0.93999
0.93999, 0.939031, 0.936782, 0.933267, 0.928524, 0.922624, 0.915682, 0.90787, 0.899417, 0.890614, 0.8818, 0.873351, 0.865652, 0.859078, 0.853961, 0.850569, 0.849094
0.849094, 0.847612, 0.844153, 0.838797, 0.831656, 0.822899, 0.812757, 0.801525, 0.789566, 0.777298, 0.765187, 0.753721, 0.743386, 0.734638, 0.727875, 0.723413, 0.721478
0.721478, 0.719537, 0.715019, 0.708052, 0.698822, 0.687588, 0.674683, 0.660518, 0.645568, 0.630367, 0.615483, 0.601496, 0.588971, 0.578427, 0.570311, 0.564972, 0.562661
0.562661, 0.560345, 0.554962, 0.546687, 0.535767, 0.522541, 0.507432, 0.490946, 0.473653, 0.456176, 0.439162, 0.423259, 0.409086, 0.397202, 0.388083, 0.382099, 0.379511
0.379511, 0.37692, 0.370906, 0.36168, 0.349543, 0.334896, 0.318237, 0.300142, 0.281254, 0.262257, 0.243849, 0.226718, 0.211509, 0.198799, 0.189072, 0.182701, 0.179948
0.179948, 0.177195, 0.170809, 0.161031, 0.148202, 0.132768, 0.115279, 0.0963584, 0.076692, 0.0569956, 0.03799, 0.0203716, 0.00478514, -0.00820092, -0.018115, -0.0245981, -0.0273959
-0.0273959, -0.0301935, -0.0366744, -0.0465808, -0.0595486, -0.0751009, -0.0926647, -0.111592, -0.131187, -0.15073, -0.169512, -0.186856, -0.202146, -0.214846, -0.224519, -0.230833, -0.233555
-0.233555, -0.236276, -0.242572, -0.252179, -0.264723, -0.279722, -0.296601, -0.314717, -0.333392, -0.351937, -0.369683, -0.386002, -0.400334, -0.4122, -0.421213, -0.427086, -0.429615
-0.429615, -0.43214, -0.437979, -0.446871, -0.45845, -0.472247, -0.48771, -0.504232, -0.52118, -0.537925, -0.553866, -0.568455, -0.58121, -0.591728, -0.599692, -0.604868, -0.607095
-0.607095, -0.609316, -0.614445, -0.622237, -0.632351, -0.644349, -0.657727, -0.67194, -0.686428, -0.700649, -0.714098, -0.726325, -0.736951, -0.745666, -0.752236, -0.756493, -0.75832
-0.75832, -0.760142, -0.764339, -0.770695, -0.778905, -0.788585, -0.799301, -0.81059, -0.821992, -0.833073, -0.843447, -0.852784, -0.860821, -0.867357, -0.872249, -0.875402, -0.876752
-0.876752, -0.878094, -0.881179, -0.885823, -0.891774, -0.898718, -0.906308, -0.914185, -0.922007, -0.92947, -0.93632, -0.942364, -0.947465, -0.951539, -0.954541, -0.956454, -0.957267
-0.957267, -0.958073, -0.95991, -0.962642, -0.966078, -0.969986, -0.974121, -0.978245, -0.982149, -0.985671, -0.988702, -0.99119, -0.993134, -0.99457, -0.995553, -0.996143, -0.996384
-0.996384, -0.996618, -0.99713, -0.997832, -0.998602, -0.999305, -0.999807, -1, -0.999818, -0.999246, -0.998326, -0.997151, -0.995855, -0.994589, -0.993511, -0.992752, -0.992412
-0.992412, -0.992064, -0.991228, -0.989869, -0.987941, -0.985408, -0.982255, -0.978509, -0.974248, -0.969607, -0.964776, -0.95999, -0.955508, -0.951597, -0.948503, -0.946429, -0.945522
-0.945522, -0.944607, -0.942459, -0.939098, -0.934556, -0.928896, -0.922225, -0.914701, -0.906545, -0.898037, -0.889504, -0.881312, -0.87384, -0.867452, -0.862477, -0.859177, -0.857741
-0.857741, -0.856299, -0.852932, -0.847714, -0.840755, -0.832213, -0.822312, -0.811336, -0.799639, -0.78763, -0.775764, -0.764522, -0.754381, -0.745793, -0.739152, -0.734769, -0.732867
-0.732867, -0.73096, -0.72652, -0.719671, -0.710594, -0.699541, -0.686837, -0.672884, -0.658151, -0.643161, -0.628476, -0.614669, -0.602299, -0.591882, -0.583861, -0.578584, -0.576299
-0.576299, -0.57401, -0.568688, -0.560505, -0.549703, -0.536615, -0.521659, -0.505333, -0.488201, -0.470878, -0.454008, -0.438233, -0.424169, -0.412374, -0.403321, -0.397379, -0.394809
-0.394809, -0.392236, -0.386263, -0.377099, -0.36504, -0.350484, -0.333922, -0.315928, -0.297137, -0.278232, -0.259906, -0.242846, -0.227696, -0.215032, -0.205339, -0.198988, -0.196245
-0.196245, -0.1935, -0.187134, -0.177385, -0.16459, -0.149195, -0.131744, -0.11286, -0.0932244, -0.0735527, -0.0545647, -0.0369573, -0.0213762, -0.00839154, 0.00152333, 0.00800785, 0.0108065
0.0108065, 0.013605, 0.0200887, 0.0300005, 0.0429779, 0.0585455, 0.0761314, 0.0950886, 0.11472, 0.134307, 0.153137, 0.17053, 0.185868, 0.198612, 0.20832, 0.214658, 0.21739
0.21739, 0.220121, 0.226442, 0.236088, 0.248687, 0.263754, 0.280715, 0.298925, 0.317704, 0.336359, 0.354215, 0.370643, 0.385075, 0.397027, 0.406107, 0.412024, 0.414573
0.414573, 0.417118, 0.423003, 0.431966, 0.443641, 0.457557, 0.473158, 0.489834, 0.506948, 0.523864, 0.539976, 0.554727, 0.567628, 0.578271, 0.586332, 0.591573, 0.593827
0.593827, 0.596076, 0.60127, 0.609163, 0.61941, 0.631572, 0.645139, 0.659559, 0.674268, 0.688714, 0.702384, 0.714821, 0.725634, 0.734508, 0.7412, 0.745538, 0.7474
0.7474, 0.749257, 0.753535, 0.760016, 0.768392, 0.778274, 0.78922, 0.800762, 0.812429, 0.82378, 0.834417, 0.844002, 0.852259, 0.85898, 0.864015, 0.867261, 0.868651
0.868651, 0.870034, 0.873213, 0.878002, 0.884144, 0.891319, 0.899171, 0.907334, 0.915456, 0.923221, 0.930365, 0.936683, 0.942027, 0.946305, 0.949464, 0.951479, 0.952337
0.952337, 0.953187, 0.955128, 0.958017, 0.96166, 0.965818, 0.970236, 0.974668, 0.978893, 0.982737, 0.986079, 0.988856, 0.991057, 0.992706, 0.993853, 0.99455, 0.994837
0.994837, 0.995118, 0.995737, 0.996602, 0.997588, 0.998549, 0.999343, 0.999852, 0.999997, 0.999752, 0.999148, 0.998266, 0.997227, 0.996176, 0.995261, 0.99461, 0.994315
0.994315, 0.994014, 0.993284, 0.992088, 0.990374, 0.988096, 0.985232, 0.981795, 0.977855, 0.973533, 0.969008, 0.964504, 0.960271, 0.956566, 0.953628, 0.951657, 0.950793
0.950793, 0.949922, 0.947876, 0.94467, 0.940331, 0.934913, 0.928513, 0.92128, 0.913424, 0.905212, 0.896963, 0.889031, 0.881787, 0.875588, 0.870755, 0.867548, 0.866153
0.866153, 0.864751, 0.861476, 0.856399, 0.849622, 0.841298, 0.83164, 0.820924, 0.809492, 0.797744, 0.786127, 0.775112, 0.765169, 0.756744, 0.750225, 0.745922, 0.744055
0.744055, 0.742182, 0.737821, 0.731092, 0.72217, 0.711301, 0.698802, 0.685065, 0.670552, 0.655777, 0.641295, 0.627671, 0.615461, 0.605174, 0.597251, 0.592038, 0.58978

-0.965659, -0.966383, -0.96803, -0.970469, -0.97352, -0.976965, -0.980574, -0.984129, -0.98744, -0.990366, -0.992822, -0.994775, -0.996246, -0.997286, -0.997967, -0.998359, -0.998516
-0.998516, -0.998664, -0.998978, -0.999377, -0.999751, -0.999977, -0.999941, -0.999552, -0.998767, -0.997592, -0.996092, -0.99438, -0.992609, -0.99095, -0.98957, -0.988615, -0.98819
-0.98819, -0.987757, -0.986725, -0.985066, -0.982747, -0.979745, -0.976063, -0.971749, -0.966901, -0.961676, -0.956285, -0.950982, -0.946046, -0.941758, -0.938378, -0.936117, -0.935129
-0.935129, -0.934134, -0.9318, -0.928155, -0.923244, -0.917143, -0.909975, -0.901921, -0.89322, -0.884171, -0.875122, -0.866458, -0.85857, -0.85184, -0.846605, -0.843136, -0.841628
-0.841628, -0.840113, -0.836578, -0.831105, -0.823813, -0.814877, -0.804535, -0.793089, -0.780911, -0.768429, -0.756114, -0.744462, -0.733965, -0.725083, -0.718219, -0.713692, -0.711729
-0.711729, -0.70976, -0.705177, -0.698113, -0.688756, -0.677372, -0.664301, -0.649959, -0.634831, -0.619456, -0.604407, -0.590272, -0.577618, -0.566969, -0.558774, -0.553384, -0.551051
-0.551051, -0.548714, -0.543281, -0.53493, -0.523913, -0.510573, -0.495339, -0.478721, -0.461297, -0.443693, -0.426562, -0.410555, -0.396292, -0.384336, -0.375164, -0.369145, -0.366542
-0.366542, -0.363937, -0.35789, -0.348614, -0.336413, -0.321694, -0.304955, -0.28678, -0.267814, -0.248743, -0.23027, -0.213083, -0.197828, -0.185082, -0.175329, -0.168941, -0.166182
-0.166182, -0.163422, -0.157021, -0.147221, -0.134365, -0.118902, -0.101384, -0.0824372, -0.0627488, -0.0430359, -0.0240196, -0.00639568, 0.00919202, 0.0221765, 0.0320878, 0.0385683, 0.0413648
0.0413648, 0.044161, 0.0506383, 0.0605379, 0.0734948, 0.0890309, 0.106572, 0.125471, 0.14503, 0.164533, 0.18327, 0.200568, 0.215814, 0.228476, 0.238117, 0.24441, 0.247123
0.247123, 0.249834, 0.256108, 0.265679, 0.278176, 0.293114, 0.30992, 0.327953, 0.346537, 0.364986, 0.382633, 0.398858, 0.413103, 0.424894, 0.433849, 0.439682, 0.442194
0.442194, 0.444702, 0.450501, 0.459331, 0.470827, 0.484521, 0.499864, 0.516252, 0.533057, 0.549655, 0.565449, 0.579899, 0.592527, 0.602938, 0.610818, 0.615939, 0.618142
0.618142, 0.620339, 0.625412, 0.633118, 0.643116, 0.654975, 0.668191, 0.682226, 0.696525, 0.710553, 0.723812, 0.735861, 0.746326, 0.754907, 0.761372, 0.76556, 0.767358
0.767358, 0.769149, 0.773277, 0.779526, 0.787594, 0.797103, 0.807622, 0.818696, 0.829871, 0.840723, 0.850873, 0.860001, 0.86785, 0.874229, 0.879, 0.882073, 0.883388
0.883388, 0.884696, 0.887701, 0.892222, 0.898011, 0.90476, 0.912126, 0.91976, 0.927328, 0.934535, 0.941137, 0.946949, 0.951843, 0.955744, 0.958614, 0.96044, 0.961216
0.961216, 0.961984, 0.963735, 0.966333, 0.969593, 0.97329, 0.977185, 0.981049, 0.984682, 0.987932, 0.9907, 0.992945, 0.994672, 0.995927, 0.996772, 0.997272, 0.997474
0.997474, 0.997669, 0.998091, 0.998654, 0.999243, 0.999728, 0.999984, 0.999911, 0.999453, 0.998605, 0.99742, 0.996, 0.994486, 0.99304, 0.991824, 0.990975, 0.990596
0.990596, 0.99021, 0.989284, 0.987787, 0.985681, 0.982933, 0.979538, 0.975531, 0.971001, 0.966093, 0.961005, 0.955982, 0.951292, 0.947209, 0.943983, 0.941823, 0.940879
0.940879, 0.939927, 0.937694, 0.934203, 0.929491, 0.923629, 0.91673, 0.908963, 0.900557, 0.8918, 0.883031, 0.874622, 0.866959, 0.860414, 0.855319, 0.851941, 0.850472
0.850472, 0.848997, 0.845553, 0.840218, 0.833105, 0.824382, 0.814278, 0.803086, 0.791168, 0.778941, 0.766869, 0.755438, 0.745133, 0.736409, 0.729666, 0.725216, 0.723286
0.723286, 0.721351, 0.716845, 0.709896, 0.700691, 0.689484, 0.676611, 0.662479, 0.647564, 0.632396, 0.617543, 0.603584, 0.591083, 0.580558, 0.572457, 0.567128, 0.564821
0.564821, 0.562509, 0.557136, 0.548875, 0.537974, 0.524769, 0.509684, 0.493222, 0.475955, 0.458502, 0.44151, 0.425627, 0.411471, 0.399601, 0.390492, 0.384514, 0.381929
0.381929, 0.379341, 0.373333, 0.364117, 0.351992, 0.337359, 0.320715, 0.302636, 0.283763, 0.264779, 0.246384, 0.229264, 0.214064, 0.201361, 0.19164, 0.185271, 0.18252
0.18252, 0.179768, 0.173385, 0.163612, 0.150788, 0.13536, 0.117876, 0.0989613, 0.0792993, 0.0596065, 0.0406034, 0.0229864, 0.00740044, -0.00558564, -0.0155, -0.0219835, -0.0247814
-0.0247814, -0.0275792, -0.0340607, -0.0439681, -0.0569376, -0.0724927, -0.0900603, -0.108993, -0.128594, -0.148144, -0.166934, -0.184286, -0.199583, -0.212291, -0.22197, -0.228288, -0.231012
-0.231012, -0.233734, -0.240034, -0.249647, -0.262201, -0.277211, -0.294102, -0.312233, -0.330925, -0.349488, -0.367251, -0.383588, -0.397936, -0.409816, -0.41884, -0.424719, -0.427251
-0.427251, -0.42978, -0.435626, -0.44453, -0.456124, -0.46994, -0.485425, -0.501971, -0.518946, -0.535718, -0.551687, -0.566302, -0.57908, -0.589618, -0.597597, -0.602784, -0.605014
-0.605014, -0.60724, -0.61238, -0.620188, -0.630322, -0.642347, -0.655755, -0.670001, -0.684524, -0.698781, -0.712264, -0.724525, -0.73518, -0.743921, -0.75051, -0.75478, -0.756613
-0.756613, -0.75844, -0.76265, -0.769026, -0.777262, -0.786974, -0.797727, -0.809055, -0.820499, -0.831624, -0.842039, -0.851416, -0.859487, -0.866053, -0.870967, -0.874135, -0.875491
-0.875491, -0.87684, -0.879939, -0.884606, -0.890587, -0.897568, -0.9052, -0.913122, -0.920991, -0.928502, -0.935399, -0.941486, -0.946625, -0.950731, -0.953758, -0.955687, -0.956507
-0.956507, -0.95732, -0.959174, -0.961931, -0.965399, -0.969346, -0.973526, -0.977699, -0.981654, -0.985226, -0.988306, -0.99084, -0.992825, -0.994294, -0.995303, -0.99591, -0.996159
-0.996159, -0.9964, -0.996929, -0.997656, -0.998461, -0.999204, -0.999752, -0.999995, -0.999864, -0.999344, -0.998474, -0.997345, -0.996089, -0.994858, -0.993805, -0.993063, -0.99273
-0.99273, -0.992389, -0.99157, -0.990237, -0.988343, -0.98585, -0.982742, -0.979045, -0.974834, -0.970244, -0.965461, -0.960719, -0.956276, -0.952398, -0.949328, -0.94727, -0.94637
-0.94637, -0.945462, -0.94333, -0.939993, -0.935483, -0.929862, -0.923233, -0.915755, -0.907646, -0.899184, -0.890696, -0.882545, -0.875108, -0.86875, -0.863797, -0.860512, -0.859083
-0.859083, -0.857647, -0.854294, -0.849099, -0.842168, -0.833661, -0.823797, -0.812862, -0.801206, -0.789238, -0.777412, -0.766205, -0.756096, -0.747533, -0.740911, -0.73654, -0.734644
-0.734644, -0.732742, -0.728314, -0.721484, -0.712432, -0.701407, -0.688736, -0.674817, -0.660118, -0.645161, -0.630508, -0.616729, -0.604385, -0.593988, -0.585983, -0.580716, -0.578435
-0.578435, -0.57615, -0.570837, -0.562669, -0.551886, -0.53882, -0.523889, -0.507588, -0.490481, -0.473184, -0.456337, -0.440583, -0.426536, -0.414755, -0.405713, -0.399777, -0.397211
-0.397211, -0.394641, -0.388674, -0.37952, -0.367473, -0.352932, -0.336386, -0.318408, -0.299634, -0.280743, -0.262431, -0.245383, -0.230242, -0.217586, -0.207898, -0.201551, -0.198809
-0.198809, -0.196065, -0.189702, -0.179958, -0.167169, -0.151781, -0.134336, -0.115458, -0.0958281, -0.0761607, -0.057176, -0.0395707, -0.0239909, -0.0110068, -0.00109201, 0.00539256, 0.00819123
0.00819123, 0.0109898, 0.0174738, 0.0273862, 0.0403648, 0.0559345, 0.0735234, 0.0924848, 0.112122, 0.131715, 0.150552, 0.167953, 0.183298, 0.196048, 0.205761, 0.212103, 0.214837
0.214837, 0.217569, 0.223894, 0.233546, 0.246153, 0.261231, 0.278203, 0.296428, 0.315223, 0.333894, 0.351768, 0.368212, 0.38266, 0.394625, 0.403716, 0.40964, 0.412191
0.412191, 0.41474, 0.420632, 0.429606, 0.441296, 0.45523, 0.470852, 0.487552, 0.504692, 0.521634, 0.537773, 0.552549, 0.565473, 0.576136, 0.584211, 0.589462, 0.59172
0.59172, 0.593974, 0.599179, 0.607087, 0.617355, 0.629542, 0.643138, 0.657591, 0.672335, 0.686816, 0.70052, 0.712989, 0.723832, 0.732731, 0.739442, 0.743792, 0.74566
0.74566, 0.747522, 0.751813, 0.758314, 0.766715, 0.776629, 0.787612, 0.799192, 0.810902, 0.822295, 0.832973, 0.842596, 0.850888, 0.857638, 0.862695, 0.865956, 0.867353
0.867353, 0.868742, 0.871935, 0.876747, 0.882919, 0.89013, 0.898024, 0.906232, 0.914401, 0.922213, 0.929403, 0.935764, 0.941147, 0.945456, 0.94864, 0.950671, 0.951536
0.951536, 0.952393, 0.95435, 0.957264, 0.960939, 0.965136, 0.9696, 0.97408, 0.978355, 0.982249, 0.985641, 0.988464, 0.990704, 0.992387, 0.99356, 0.994273, 0.994569
0.994569, 0.994856, 0.995492, 0.996383, 0.997403, 0.998404, 0.999245, 0.999803, 1, 0.999807, 0.999253, 0.998416, 0.997418, 0.996401, 0.995512, 0.994877, 0.99459
0.99459, 0.994296, 0.993583, 0.992413, 0.990733, 0.988495, 0.985676, 0.982289, 0.978399, 0.974127, 0.969651, 0.965191, 0.960997, 0.957325, 0.954412, 0.952457, 0.9516

-0.629068, -0.631241, -0.636257, -0.643875, -0.653757, -0.665472, -0.678525, -0.692378, -0.706486, -0.720319, -0.733386, -0.745253, -0.755556, -0.763999, -0.770359, -0.774477, -0.776245
-0.776245, -0.778006, -0.782064, -0.788204, -0.796129, -0.805465, -0.815785, -0.826642, -0.837588, -0.848209, -0.858133, -0.867049, -0.87471, -0.880929, -0.885578, -0.888572, -0.889852
-0.889852, -0.891125, -0.894049, -0.898447, -0.904073, -0.910625, -0.917766, -0.925156, -0.932469, -0.939418, -0.94577, -0.951348, -0.956035, -0.959763, -0.9625, -0.964239, -0.964977
-0.964977, -0.965707, -0.96737, -0.969835, -0.972918, -0.976403, -0.980058, -0.983661, -0.987023, -0.990001, -0.992505, -0.994505, -0.996016, -0.99709, -0.997797, -0.998206, -0.99837
-0.99837, -0.998526, -0.998857, -0.999281, -0.999689, -0.999956, -0.999966, -0.999627, -0.998893, -0.99777, -0.996319, -0.994654, -0.992923, -0.991297, -0.989943, -0.989005, -0.988587
-0.988587, -0.988162, -0.987146, -0.985513, -0.983228, -0.980265, -0.976629, -0.972363, -0.967565, -0.962389, -0.957046, -0.951787, -0.94689, -0.942635, -0.939279, -0.937034, -0.936053
-0.936053, -0.935064, -0.932746, -0.929125, -0.924245, -0.918182, -0.911057, -0.903048, -0.894393, -0.885389, -0.876385, -0.86776, -0.859908, -0.853207, -0.847994, -0.844539, -0.843037
-0.843037, -0.841529, -0.838008, -0.832557, -0.825293, -0.816391, -0.806085, -0.79468, -0.782542, -0.7701, -0.757823, -0.746206, -0.735739, -0.726882, -0.720037, -0.715522, -0.713564
-0.713564, -0.7116, -0.707029, -0.699983, -0.69065, -0.679294, -0.666254, -0.651945, -0.63685, -0.621507, -0.606489, -0.592381, -0.579751, -0.569121, -0.560941, -0.555561, -0.553232
-0.553232, -0.550898, -0.545475, -0.537138, -0.526139, -0.51282, -0.497609, -0.481016, -0.463616, -0.446036, -0.428926, -0.412938, -0.398692, -0.386749, -0.377587, -0.371574, -0.368974
-0.368974, -0.366372, -0.36033, -0.351064, -0.338875, -0.324169, -0.307445, -0.289285, -0.270333, -0.251276, -0.232814, -0.215637, -0.200391, -0.187651, -0.177903, -0.171518, -0.168761
-0.168761, -0.166001, -0.159603, -0.149808, -0.136956, -0.121499, -0.103985, -0.0850434, -0.0653588, -0.0456487, -0.0266341, -0.00901096, 0.00657675, 0.0195617, 0.0294737, 0.0359548, 0.0387516
0.0387516, 0.041548, 0.0480261, 0.0579271, 0.0708863, 0.0864257, 0.103972, 0.122876, 0.142442, 0.161952, 0.180698, 0.198005, 0.21326, 0.225929, 0.235576, 0.241873, 0.244588
0.244588, 0.247301, 0.253579, 0.263157, 0.275663, 0.290613, 0.307432, 0.325481, 0.344082, 0.36255, 0.380216, 0.396458, 0.41072, 0.422525, 0.431491, 0.437331, 0.439847
0.439847, 0.442358, 0.448165, 0.457006, 0.468518, 0.482232, 0.497597, 0.514011, 0.530843, 0.547468, 0.56329, 0.577766, 0.590418, 0.600849, 0.608745, 0.613877, 0.616084
0.616084, 0.618286, 0.62337, 0.631092, 0.641112, 0.652996, 0.666243, 0.680311, 0.694646, 0.708711, 0.722005, 0.734088, 0.744583, 0.753189, 0.759674, 0.763875, 0.765678
0.765678, 0.767475, 0.771616, 0.777885, 0.78598, 0.795521, 0.806077, 0.817191, 0.828409, 0.839304, 0.849496, 0.858663, 0.866548, 0.872956, 0.877749, 0.880838, 0.882159
0.882159, 0.883474, 0.886493, 0.891038, 0.896857, 0.903643, 0.911051, 0.918731, 0.926346, 0.933601, 0.94025, 0.946105, 0.951038, 0.954971, 0.957866, 0.959708, 0.960491
0.960491, 0.961266, 0.963033, 0.965657, 0.968949, 0.972686, 0.976626, 0.980539, 0.984223, 0.987524, 0.990341, 0.992631, 0.994399, 0.995688, 0.996559, 0.997075, 0.997285
0.997285, 0.997487, 0.997926, 0.998515, 0.999138, 0.999664, 0.999966, 0.999942, 0.999536, 0.99874, 0.997604, 0.99623, 0.994757, 0.993345, 0.992154, 0.991323, 0.990951
0.990951, 0.990571, 0.989662, 0.988191, 0.986118, 0.98341, 0.980061, 0.976103, 0.971623, 0.966765, 0.961725, 0.956746, 0.952095, 0.948044, 0.944843, 0.942699, 0.941762
0.941762, 0.940817, 0.938599, 0.935133, 0.930453, 0.924628, 0.917772, 0.91005, 0.901691, 0.89298, 0.884255, 0.875887, 0.868259, 0.861744, 0.856671, 0.853308, 0.851845
0.851845, 0.850376, 0.846946, 0.841633, 0.834549, 0.82586, 0.815793, 0.804642, 0.792765, 0.780578, 0.768545, 0.757149, 0.746874, 0.738176, 0.731451, 0.727014, 0.72509
0.72509, 0.72316, 0.718666, 0.711736, 0.702554, 0.691376, 0.678535, 0.664436, 0.649554, 0.634419, 0.619598, 0.605667, 0.59319, 0.582686, 0.574599, 0.56928, 0.566977
0.566977, 0.564669, 0.559306, 0.551059, 0.540177, 0.526993, 0.511932, 0.495496, 0.478253, 0.460824, 0.443855, 0.427993, 0.413853, 0.401997, 0.392898, 0.386927, 0.384345
0.384345, 0.38176, 0.375758, 0.366551, 0.354439, 0.33982, 0.323191, 0.305127, 0.28627, 0.267301, 0.248918, 0.231809, 0.216618, 0.203923, 0.194206, 0.187841, 0.185091
0.185091, 0.18234, 0.17596, 0.166192, 0.153372, 0.137951, 0.120473, 0.101563, 0.0819062, 0.062217, 0.0432164, 0.0256009, 0.0100157, -0.00297031, -0.0128849, -0.0193687, -0.0221668
-0.0221668, -0.0249648, -0.0314468, -0.0413551, -0.0543263, -0.069884, -0.0874553, -0.106393, -0.125999, -0.145557, -0.164354, -0.181714, -0.19702, -0.209735, -0.219419, -0.225741, -0.228466
-0.228466, -0.23119, -0.237494, -0.247114, -0.259676, -0.274697, -0.291601, -0.309748, -0.328456, -0.347037, -0.364818, -0.381171, -0.395535, -0.407429, -0.416464, -0.42235, -0.424885
-0.424885, -0.427417, -0.433271, -0.442185, -0.453795, -0.46763, -0.483137, -0.499708, -0.516708, -0.533508, -0.549504, -0.564144, -0.576946, -0.587504, -0.595498, -0.600695, -0.60293
-0.60293, -0.60516, -0.61031, -0.618134, -0.62829, -0.64034, -0.653778, -0.668057, -0.682615, -0.696907, -0.710426, -0.72272, -0.733405, -0.742171, -0.748779, -0.753062, -0.7549
-0.7549, -0.756733, -0.760956, -0.767351, -0.775613, -0.785358, -0.796147, -0.807516, -0.819001, -0.830168, -0.840625, -0.850041, -0.858148, -0.864742, -0.869679, -0.872862, -0.874224
-0.874224, -0.875579, -0.878694, -0.883384, -0.889395, -0.896412, -0.904085, -0.912052, -0.919969, -0.927528, -0.934471, -0.940601, -0.945779, -0.949917, -0.952969, -0.954914, -0.955741
-0.955741, -0.956561, -0.958431, -0.961213, -0.964714, -0.9687, -0.972925, -0.977146, -0.981152, -0.984775, -0.987904, -0.990484, -0.992509, -0.994012, -0.995046, -0.99567, -0.995926
-0.995926, -0.996175, -0.99672, -0.997474, -0.998312, -0.999096, -0.99969, -0.999983, -0.999904, -0.999435, -0.998615, -0.997532, -0.996317, -0.995119, -0.994092, -0.993367, -0.993041
-0.993041, -0.992708, -0.991905, -0.990598, -0.988738, -0.986285, -0.983222, -0.979574, -0.975414, -0.970873, -0.966139, -0.961441, -0.957038, -0.953192, -0.950147, -0.948105, -0.947212
-0.947212, -0.946311, -0.944195, -0.940882, -0.936404, -0.930821, -0.924234, -0.916802, -0.908741, -0.900325, -0.891882, -0.883772, -0.876371, -0.870043, -0.865112, -0.861842, -0.860419
-0.860419, -0.858989, -0.855651, -0.850477, -0.843575, -0.835102, -0.825277, -0.814383, -0.802769, -0.790842, -0.779054, -0.767883, -0.757805, -0.749268, -0.742665, -0.738307, -0.736416
-0.736416, -0.73452, -0.730104, -0.723293, -0.714265, -0.703269, -0.690629, -0.676744, -0.66208, -0.647157, -0.632536, -0.618786, -0.606466, -0.59609, -0.5881, -0.582843, -0.580566
-0.580566, -0.578285, -0.572983, -0.564829, -0.554065, -0.541022, -0.526115, -0.509839, -0.492759, -0.475486, -0.458662, -0.442929, -0.4289, -0.417133, -0.408102, -0.402173, -0.399609
-0.399609, -0.397042, -0.391082, -0.381938, -0.369904, -0.355378, -0.338848, -0.320886, -0.302128, -0.283252, -0.264954, -0.247917, -0.232786, -0.220138, -0.210455, -0.204112, -0.201371
-0.201371, -0.198629, -0.192269, -0.18253, -0.169747, -0.154365, -0.136927, -0.118056, -0.0984311, -0.0787682, -0.0597869, -0.0421839, -0.0266054, -0.0136219, -0.00370736, 0.00277723, 0.00557594
0.00557594, 0.0083746, 0.0148588, 0.0247717, 0.0377515, 0.053323, 0.0709149, 0.0898803, 0.109522, 0.129122, 0.147965, 0.165374, 0.180726, 0.193483, 0.203201, 0.209546, 0.212282
0.212282, 0.215016, 0.221344, 0.231002, 0.243617, 0.258705, 0.27569, 0.293929, 0.31274, 0.331428, 0.349319, 0.36578, 0.380242, 0.392221, 0.401322, 0.407253, 0.409807
0.409807, 0.412358, 0.418257, 0.427243, 0.438948, 0.4529, 0.468543, 0.485267, 0.502432, 0.519401, 0.535566, 0.550367, 0.563314, 0.573996, 0.582087, 0.587347, 0.58961
0.58961, 0.591868, 0.597083, 0.605007, 0.615295, 0.627508, 0.641134, 0.655619, 0.670396, 0.684912, 0.698651, 0.711153, 0.722025, 0.730949, 0.737679, 0.742041, 0.743915
0.743915, 0.745782, 0.750086, 0.756607, 0.765034, 0.774979, 0.785997, 0.797618, 0.809368, 0.820804, 0.831523, 0.841185, 0.849511, 0.856291, 0.861369, 0.864645, 0.866048
0.866048, 0.867444, 0.870652, 0.875486, 0.881688, 0.888935, 0.89687, 0.905123, 0.913339, 0.921199, 0.928435, 0.934838, 0.940259, 0.944601, 0.947809, 0.949857, 0.950728

-0.0527141, -0.0555088, -0.0619822, -0.0718749, -0.084821, -0.100342, -0.117862, -0.136735, -0.156262, -0.175729, -0.194427, -0.211686, -0.226894, -0.239522, -0.249137, -0.255411, -0.258116
-0.258116, -0.260819, -0.267074, -0.276615, -0.289071, -0.303958, -0.320702, -0.338665, -0.357172, -0.37554, -0.393106, -0.409251, -0.423423, -0.435152, -0.444057, -0.449858, -0.452356
-0.452356, -0.45485, -0.460616, -0.469393, -0.48082, -0.494429, -0.509672, -0.525949, -0.542636, -0.559111, -0.574784, -0.589117, -0.601641, -0.611963, -0.619774, -0.62485, -0.627033
-0.627033, -0.629211, -0.634238, -0.641872, -0.651775, -0.663518, -0.676601, -0.690489, -0.704633, -0.718502, -0.731605, -0.743507, -0.75384, -0.762309, -0.768689, -0.77282, -0.774593
-0.774593, -0.77636, -0.780431, -0.786592, -0.794544, -0.803912, -0.81427, -0.825167, -0.836157, -0.846821, -0.856787, -0.865743, -0.873439, -0.879689, -0.88436, -0.887369, -0.888656
-0.888656, -0.889936, -0.892874, -0.897295, -0.902952, -0.909541, -0.916725, -0.92416, -0.931521, -0.938518, -0.944917, -0.950539, -0.955265, -0.959025, -0.961787, -0.963542, -0.964287
-0.964287, -0.965025, -0.966704, -0.969194, -0.972311, -0.975835, -0.979535, -0.983187, -0.9866, -0.989628, -0.992182, -0.994228, -0.995779, -0.996887, -0.99762, -0.998046, -0.998217
-0.998217, -0.99838, -0.998728, -0.999179, -0.999621, -0.999929, -0.999984, -0.999695, -0.999013, -0.997941, -0.99654, -0.99492, -0.99323, -0.991638, -0.99031, -0.989389, -0.988978
-0.988978, -0.98856, -0.987561, -0.985953, -0.983701, -0.980779, -0.977188, -0.97297, -0.968222, -0.963097, -0.957801, -0.952586, -0.947728, -0.943505, -0.940173, -0.937944, -0.93697
-0.93697, -0.935988, -0.933686, -0.930089, -0.925241, -0.919215, -0.912132, -0.904168, -0.89556, -0.886602, -0.877641, -0.869057, -0.86124, -0.854568, -0.849377, -0.845937, -0.844441
-0.844441, -0.842939, -0.839432, -0.834002, -0.826767, -0.817898, -0.80763, -0.796264, -0.784168, -0.771766, -0.759527, -0.747944, -0.737507, -0.728675, -0.721849, -0.717346, -0.715394
-0.715394, -0.713435, -0.708877, -0.701848, -0.692539, -0.681211, -0.668202, -0.653926, -0.638864, -0.623554, -0.608566, -0.594486, -0.58188, -0.57127, -0.563104, -0.557734, -0.555408
-0.555408, -0.553079, -0.547665, -0.539342, -0.528362, -0.515063, -0.499876, -0.483307, -0.465932, -0.448375, -0.431287, -0.415319, -0.401089, -0.38916, -0.380007, -0.374001, -0.371404
-0.371404, -0.368804, -0.362769, -0.353512, -0.341334, -0.326642, -0.309933, -0.291787, -0.27285, -0.253806, -0.235357, -0.21819, -0.202952, -0.190219, -0.180476, -0.174094, -0.171338
-0.171338, -0.16858, -0.162185, -0.152393, -0.139546, -0.124094, -0.106586, -0.087649, -0.0679683, -0.0482612, -0.0292484, -0.0116262, 0.00396144, 0.0169468, 0.0268594, 0.033341, 0.0361381
0.0361381, 0.0389348, 0.0454136, 0.055316, 0.0682772, 0.0838198, 0.10137, 0.12028, 0.139853, 0.159371, 0.178125, 0.195441, 0.210704, 0.22338, 0.233034, 0.239335, 0.242051
0.242051, 0.244766, 0.251048, 0.260633, 0.273148, 0.288109, 0.304942, 0.323007, 0.341626, 0.360111, 0.377795, 0.394056, 0.408334, 0.420153, 0.42913, 0.434978, 0.437496
0.437496, 0.440011, 0.445825, 0.454678, 0.466206, 0.479939, 0.495327, 0.511765, 0.528624, 0.545277, 0.561128, 0.575629, 0.588305, 0.598756, 0.606668, 0.61181, 0.614022
0.614022, 0.616228, 0.621322, 0.629061, 0.639102, 0.651013, 0.664291, 0.678392, 0.692762, 0.706863, 0.720193, 0.732309, 0.742835, 0.751466, 0.75797, 0.762184, 0.763993
0.763993, 0.765796, 0.76995, 0.776239, 0.78436, 0.793934, 0.804526, 0.815681, 0.826941, 0.837879, 0.848113, 0.85732, 0.86524, 0.871677, 0.876493, 0.879597, 0.880925
0.880925, 0.882246, 0.88528, 0.889848, 0.895697, 0.90252, 0.90997, 0.917695, 0.925358, 0.932661, 0.939356, 0.945254, 0.950226, 0.954192, 0.957112, 0.95897, 0.95976
0.95976, 0.960542, 0.962325, 0.964974, 0.968299, 0.972075, 0.97606, 0.980022, 0.983757, 0.987109, 0.989975, 0.992311, 0.994119, 0.995442, 0.996339, 0.996872, 0.997089
0.997089, 0.997299, 0.997754, 0.998369, 0.999026, 0.999593, 0.99994, 0.999967, 0.999612, 0.998868, 0.997782, 0.996454, 0.995021, 0.993643, 0.992478, 0.991663, 0.991299
0.991299, 0.990926, 0.990034, 0.988589, 0.986549, 0.983882, 0.980577, 0.976668, 0.972238, 0.96743, 0.962438, 0.957504, 0.952892, 0.948873, 0.945696, 0.943569, 0.942638
0.942638, 0.9417, 0.939499, 0.936056, 0.931408, 0.925621, 0.918807, 0.911131, 0.902819, 0.894154, 0.885473, 0.877146, 0.869554, 0.863067, 0.858017, 0.854669, 0.853212
0.853212, 0.851749, 0.848334, 0.843042, 0.835987, 0.827332, 0.817303, 0.806192, 0.794356, 0.78221, 0.770215, 0.758855, 0.748611, 0.739938, 0.733232, 0.728808, 0.726888
0.726888, 0.724963, 0.720482, 0.713571, 0.704413, 0.693264, 0.680454, 0.666388, 0.651541, 0.636439, 0.621648, 0.607746, 0.595294, 0.584809, 0.576738, 0.571428, 0.569129
0.569129, 0.566826, 0.561472, 0.55324, 0.542376, 0.529214, 0.514177, 0.497766, 0.480549, 0.463144, 0.446197, 0.430355, 0.416232, 0.40439, 0.395302, 0.389337, 0.386758
0.386758, 0.384176, 0.378181, 0.368983, 0.356883, 0.342279, 0.325665, 0.307617, 0.288775, 0.26982, 0.25145, 0.234352, 0.219171, 0.206482, 0.196771, 0.190409, 0.187661
0.187661, 0.184911, 0.178534, 0.16877, 0.155956, 0.140541, 0.123069, 0.104165, 0.0845125, 0.0648271, 0.0458292, 0.0282153, 0.0126309, -0.000354966, -0.0102698, -0.0167538, -0.019552
-0.019552, -0.0223501, -0.0288326, -0.0387419, -0.0517147, -0.0672748, -0.0848496, -0.103792, -0.123405, -0.142969, -0.161774, -0.179142, -0.194455, -0.207177, -0.216866, -0.223192, -0.225919
-0.225919, -0.228645, -0.234953, -0.244578, -0.257149, -0.272181, -0.289099, -0.30726, -0.325985, -0.344583, -0.362381, -0.378752, -0.393132, -0.405039, -0.414084, -0.419978, -0.422516
-0.422516, -0.425051, -0.430912, -0.439838, -0.451463, -0.465317, -0.480845, -0.49744, -0.514468, -0.531294, -0.547317, -0.561983, -0.574807, -0.585385, -0.593395, -0.598602, -0.600841
-0.600841, -0.603076, -0.608236, -0.616076, -0.626253, -0.638329, -0.651797, -0.666109, -0.680702, -0.695029, -0.708583, -0.72091, -0.731625, -0.740415, -0.747043, -0.751338, -0.753182
-0.753182, -0.75502, -0.759257, -0.765672, -0.77396, -0.783736, -0.794562, -0.80597, -0.817498, -0.828707, -0.839206, -0.84866, -0.856802, -0.863426, -0.868385, -0.871583, -0.872951
-0.872951, -0.874313, -0.877442, -0.882155, -0.888196, -0.89525, -0.902964, -0.910977, -0.918941, -0.926547, -0.933537, -0.93971, -0.944926, -0.949096, -0.952173, -0.954134, -0.954968
-0.954968, -0.955795, -0.957682, -0.960488, -0.964022, -0.968048, -0.972317, -0.976587, -0.980643, -0.984317, -0.987495, -0.990121, -0.992186, -0.993722, -0.994783, -0.995423, -0.995687
-0.995687, -0.995943, -0.996505, -0.997285, -0.998157, -0.998981, -0.999622, -0.999964, -0.999937, -0.99952, -0.998749, -0.997713, -0.996538, -0.995374, -0.994372, -0.993665, -0.993346
-0.993346, -0.99302, -0.992234, -0.990952, -0.989126, -0.986713, -0.983696, -0.980096, -0.975987, -0.971497, -0.966811, -0.962157, -0.957793, -0.953979, -0.950959, -0.948934, -0.948047
-0.948047, -0.947153, -0.945053, -0.941765, -0.937319, -0.931773, -0.92523, -0.917844, -0.909829, -0.901461, -0.893062, -0.884993, -0.877628, -0.871329, -0.866421, -0.863165, -0.861748
-0.861748, -0.860325, -0.857002, -0.85185, -0.844977, -0.836538, -0.826751, -0.815898, -0.804325, -0.79244, -0.780691, -0.769556, -0.759508, -0.750997, -0.744414, -0.740068, -0.738183
-0.738183, -0.736292, -0.731889, -0.725096, -0.716093, -0.705126, -0.692518, -0.678668, -0.664038, -0.649149, -0.634559, -0.620838, -0.608544, -0.598188, -0.590213, -0.584966, -0.582694
-0.582694, -0.580417, -0.575124, -0.566985, -0.55624, -0.54322, -0.528337, -0.512088, -0.495033, -0.477785, -0.460985, -0.445272, -0.431262, -0.419509, -0.410488, -0.404567, -0.402005
-0.402005, -0.399441, -0.393488, -0.384354, -0.372333, -0.357821, -0.341307, -0.323362, -0.30462, -0.285759, -0.267475, -0.25045, -0.235329, -0.222688, -0.213011, -0.206671, -0.203932
-0.203932, -0.201191, -0.194835, -0.185101, -0.172324, -0.156949, -0.139518, -0.120652, -0.101033, -0.0813751, -0.0623973, -0.0447967, -0.0292197, -0.016237, -0.00632267, 0.000161888, 0.00296062
0.00296062, 0.00575932, 0.0122436, 0.0221571, 0.0351379, 0.0507112, 0.0683059, 0.0872753, 0.106923, 0.126528, 0.145378, 0.162794, 0.178153, 0.190916, 0.200639, 0.206988, 0.209725
0.209725, 0.212461, 0.218793, 0.228457, 0.24108, 0.256178, 0.273175, 0.291428, 0.310254, 0.328959, 0.346867, 0.363344, 0.377822, 0.389813, 0.398925, 0.404863, 0.40742
0.40742, 0.409974, 0.41588, 0.424877, 0.436596, 0.450566, 0.466231, 0.482979, 0.500169, 0.517165, 0.533355, 0.548181, 0.561151, 0.571853, 0.579958, 0.585229, 0.587496

0.543731, 0.54138, 0.535917, 0.52752, 0.516443, 0.503033, 0.487722, 0.471024, 0.453519, 0.435838, 0.418635, 0.402564, 0.388246, 0.376246, 0.367042, 0.361002, 0.358391
0.358391, 0.355776, 0.349709, 0.340403, 0.328164, 0.3134, 0.296614, 0.27839, 0.259377, 0.240262, 0.22175, 0.204529, 0.189246, 0.176479, 0.166711, 0.160314, 0.157551
0.157551, 0.154787, 0.148377, 0.138565, 0.125692, 0.110213, 0.0926784, 0.0737173, 0.0540171, 0.0342959, 0.0152747, -0.00235087, -0.0179378, -0.03092, -0.0408285, -0.0473068, -0.0501022
-0.0501022, -0.0528973, -0.0593716, -0.069266, -0.0822148, -0.0977393, -0.115265, -0.134143, -0.153678, -0.173154, -0.191861, -0.209129, -0.224346, -0.236982, -0.246603, -0.252882, -0.255589
-0.255589, -0.258293, -0.264553, -0.274101, -0.286566, -0.301465, -0.318224, -0.336203, -0.354728, -0.373115, -0.3907, -0.406863, -0.421053, -0.432796, -0.441712, -0.447521, -0.450022
-0.450022, -0.452519, -0.458293, -0.467082, -0.478525, -0.492154, -0.50742, -0.523723, -0.540437, -0.55694, -0.572642, -0.587002, -0.59955, -0.609892, -0.61772, -0.622806, -0.624994
-0.624994, -0.627176, -0.632213, -0.639864, -0.64979, -0.661559, -0.674673, -0.688595, -0.702774, -0.71668, -0.72982, -0.741756, -0.752119, -0.760614, -0.767013, -0.771158, -0.772937
-0.772937, -0.774709, -0.778793, -0.784974, -0.792953, -0.802354, -0.812749, -0.823687, -0.83472, -0.845427, -0.855436, -0.864431, -0.872163, -0.878442, -0.883136, -0.88616, -0.887453
-0.887453, -0.88874, -0.891694, -0.896138, -0.901825, -0.908451, -0.915677, -0.923158, -0.930566, -0.937612, -0.944057, -0.949723, -0.954488, -0.958281, -0.961067, -0.962839, -0.963591
-0.963591, -0.964336, -0.966032, -0.968546, -0.971696, -0.97526, -0.979005, -0.982706, -0.98617, -0.989249, -0.991853, -0.993944, -0.995536, -0.996678, -0.997436, -0.997879, -0.998058
-0.998058, -0.998228, -0.998593, -0.99907, -0.999545, -0.999894, -0.999995, -0.999756, -0.999125, -0.998105, -0.996754, -0.99518, -0.993531, -0.991972, -0.99067, -0.989765, -0.989362
-0.989362, -0.988951, -0.987969, -0.986387, -0.984168, -0.981286, -0.97774, -0.973571, -0.968873, -0.963797, -0.95855, -0.953379, -0.948559, -0.944368, -0.941061, -0.938848, -0.93788
-0.93788, -0.936906, -0.934619, -0.931047, -0.92623, -0.920241, -0.913201, -0.905282, -0.89672, -0.887809, -0.878892, -0.870348, -0.862566, -0.855924, -0.850755, -0.847329, -0.845839
-0.845839, -0.844343, -0.840851, -0.835443, -0.828236, -0.8194, -0.80917, -0.797844, -0.785788, -0.773426, -0.761226, -0.749678, -0.739271, -0.730464, -0.723657, -0.719166, -0.717219
-0.717219, -0.715266, -0.710719, -0.703709, -0.694423, -0.683123, -0.670145, -0.655902, -0.640874, -0.625596, -0.61064, -0.596587, -0.584005, -0.573415, -0.565264, -0.559903, -0.557581
-0.557581, -0.555256, -0.549851, -0.541543, -0.53058, -0.517303, -0.502139, -0.485595, -0.468244, -0.450711, -0.433646, -0.417696, -0.403483, -0.391567, -0.382425, -0.376425, -0.373831
-0.373831, -0.371234, -0.365205, -0.355957, -0.343792, -0.329113, -0.312418, -0.294288, -0.275365, -0.256335, -0.237898, -0.220742, -0.205512, -0.192786, -0.183048, -0.176669, -0.173914
-0.173914, -0.171157, -0.164765, -0.154977, -0.142135, -0.126689, -0.109186, -0.0902539, -0.0705774, -0.0508733, -0.0318625, -0.0142413, 0.0013461, 0.0143318, 0.0242449, 0.030727, 0.0335243
0.0335243, 0.0363213, 0.0428008, 0.0527045, 0.0656678, 0.0812134, 0.0987678, 0.117683, 0.137263, 0.156788, 0.175551, 0.192875, 0.208146, 0.22083, 0.230489, 0.236794, 0.239513
0.239513, 0.242229, 0.248515, 0.258107, 0.270631, 0.285604, 0.30245, 0.320531, 0.339166, 0.35767, 0.375373, 0.391651, 0.405945, 0.417779, 0.426766, 0.432622, 0.435143
0.435143, 0.437661, 0.443483, 0.452347, 0.46389, 0.477643, 0.493053, 0.509517, 0.526403, 0.543083, 0.558961, 0.573489, 0.586188, 0.59666, 0.604587, 0.609739, 0.611955
0.611955, 0.614166, 0.619271, 0.627025, 0.637089, 0.649026, 0.662333, 0.676468, 0.690874, 0.705011, 0.718376, 0.730526, 0.741081, 0.749738, 0.756262, 0.760489, 0.762303
0.762303, 0.764111, 0.768278, 0.774587, 0.782735, 0.792341, 0.80297, 0.814165, 0.825468, 0.836449, 0.846725, 0.85597, 0.863925, 0.870392, 0.875231, 0.87835, 0.879684
0.879684, 0.881011, 0.884061, 0.888651, 0.894531, 0.90139, 0.908882, 0.916653, 0.924364, 0.931714, 0.938456, 0.944398, 0.949408, 0.953406, 0.956351, 0.958225, 0.959022
0.959022, 0.959811, 0.961611, 0.964285, 0.967643, 0.971458, 0.975488, 0.979498, 0.983284, 0.986687, 0.989602, 0.991984, 0.993833, 0.995189, 0.996112, 0.996662, 0.996886
0.996886, 0.997103, 0.997575, 0.998216, 0.998908, 0.999515, 0.999908, 0.999985, 0.999682, 0.998989, 0.997953, 0.99667, 0.995278, 0.993934, 0.992795, 0.991997, 0.991639
0.991639, 0.991274, 0.990399, 0.988979, 0.986973, 0.984346, 0.981087, 0.977226, 0.972847, 0.968089, 0.963145, 0.958255, 0.953682, 0.949695, 0.946543, 0.944432, 0.943508
0.943508, 0.942577, 0.940391, 0.936973, 0.932357, 0.926608, 0.919837, 0.912206, 0.90394, 0.895322, 0.886686, 0.878399, 0.870842, 0.864386, 0.859358, 0.856023, 0.854573
0.854573, 0.853117, 0.849715, 0.844446, 0.837419, 0.828798, 0.818807, 0.807737, 0.795942, 0.783837, 0.771881, 0.760555, 0.750342, 0.741695, 0.735008, 0.730596, 0.728682
0.728682, 0.726762, 0.722293, 0.7154, 0.706267, 0.695146, 0.682368, 0.668336, 0.653522, 0.638454, 0.623695, 0.609821, 0.597393, 0.586929, 0.578873, 0.573573, 0.571278
0.571278, 0.568979, 0.563634, 0.555417, 0.544571, 0.531432, 0.516419, 0.500032, 0.48284, 0.46546, 0.448537, 0.432714, 0.418609, 0.406781, 0.397703, 0.391745, 0.389168
0.389168, 0.386589, 0.3806, 0.371413, 0.359325, 0.344735, 0.328137, 0.310104, 0.291278, 0.272337, 0.253981, 0.236894, 0.221722, 0.209041, 0.199334, 0.192976, 0.190229
0.190229, 0.187481, 0.181107, 0.171347, 0.158539, 0.14313, 0.125664, 0.106766, 0.0871182, 0.0674367, 0.0484416, 0.0308295, 0.015246, 0.00226038, -0.00765452, -0.0141387, -0.0169371
-0.0169371, -0.0197354, -0.0262183, -0.0361284, -0.0491027, -0.0646651, -0.0822434, -0.10119, -0.120809, -0.14038, -0.159193, -0.176568, -0.191889, -0.204618, -0.214313, -0.220642, -0.223371
-0.223371, -0.226098, -0.23241, -0.242042, -0.254621, -0.269664, -0.286594, -0.30477, -0.323511, -0.342126, -0.359942, -0.37633, -0.390726, -0.402647, -0.411702, -0.417603, -0.420145
-0.420145, -0.422683, -0.428551, -0.437488, -0.449128, -0.463, -0.47855, -0.49517, -0.512223, -0.529077, -0.545126, -0.559818, -0.572665, -0.583263, -0.591288, -0.596505, -0.598749
-0.598749, -0.600988, -0.606158, -0.614014, -0.624212, -0.636314, -0.649812, -0.664156, -0.678783, -0.693147, -0.706735, -0.719095, -0.729839, -0.738655, -0.745302, -0.74961, -0.751459
-0.751459, -0.753303, -0.757552, -0.763987, -0.772301, -0.782109, -0.792971, -0.804419, -0.815989, -0.827241, -0.837781, -0.847274, -0.855451, -0.862104, -0.867085, -0.870297, -0.871672
-0.871672, -0.873041, -0.876184, -0.88092, -0.886992, -0.894082, -0.901837, -0.909895, -0.917906, -0.92556, -0.932596, -0.938812, -0.944067, -0.948269, -0.95137, -0.953348, -0.954189
-0.954189, -0.955023, -0.956926, -0.959757, -0.963323, -0.967389, -0.971703, -0.976021, -0.980128, -0.983852, -0.98708, -0.98975, -0.991856, -0.993426, -0.994513, -0.99517, -0.995441
-0.995441, -0.995704, -0.996283, -0.997089, -0.997995, -0.99886, -0.999546, -0.999938, -0.999963, -0.999597, -0.998876, -0.997886, -0.996752, -0.995622, -0.994646, -0.993955, -0.993644
-0.993644, -0.993325, -0.992556, -0.9913, -0.989507, -0.987135, -0.984163, -0.980612, -0.976553, -0.972113, -0.967476, -0.962867, -0.958542, -0.95476, -0.951765, -0.949755, -0.948876
-0.948876, -0.947989, -0.945905, -0.942641, -0.938227, -0.93272, -0.926219, -0.918879, -0.910912, -0.90259, -0.894235, -0.886207, -0.878878, -0.872609, -0.867724, -0.864483, -0.863072
-0.863072, -0.861655, -0.858346, -0.853217, -0.846372, -0.837968, -0.828219, -0.817407, -0.805877, -0.794032, -0.782323, -0.771223, -0.761207, -0.752722, -0.746157, -0.741824, -0.739945
-0.739945, -0.738059, -0.733668, -0.726895, -0.717916, -0.706978, -0.694403, -0.680586, -0.665991, -0.651136, -0.636578, -0.622887, -0.610617, -0.600282, -0.592322, -0.587085, -0.584817
-0.584817, -0.582545, -0.577262, -0.569137, -0.558412, -0.545414, -0.530556, -0.514332, -0.497304, -0.480081, -0.463304, -0.447613, -0.43362, -0.421882, -0.412872, -0.406957, -0.404399
-0.404399, -0.401838, -0.395891, -0.386767, -0.374759, -0.360262, -0.343765, -0.325836, -0.30711, -0.288264, -0.269994, -0.252981, -0.23787, -0.225237, -0.215566, -0.209229, -0.206492
-0.206492, -0.203753, -0.1974, -0.18767, -0.174899, -0.159531, -0.142107, -0.123248, -0.103635, -0.0839815, -0.0650074, -0.0474093, -0.0318338, -0.0188519, -0.00893794, -0.00245346, 0.00034527

0.932939, 0.931928, 0.929557, 0.925856, 0.920871, 0.914682, 0.907416, 0.899256, 0.890447, 0.88129, 0.872139, 0.86338, 0.855411, 0.848613, 0.843326, 0.839823, 0.838301
0.838301, 0.836771, 0.833203, 0.82768, 0.820322, 0.811308, 0.800878, 0.78934, 0.777067, 0.764491, 0.752088, 0.740355, 0.729787, 0.720847, 0.71394, 0.709384, 0.707409
0.707409, 0.705428, 0.700817, 0.69371, 0.684298, 0.672849, 0.659706, 0.645288, 0.630082, 0.614631, 0.599511, 0.585312, 0.572602, 0.561908, 0.553679, 0.548267, 0.545924
0.545924, 0.543577, 0.538123, 0.52974, 0.518681, 0.505292, 0.490003, 0.473329, 0.455849, 0.43819, 0.421009, 0.404956, 0.390655, 0.378668, 0.369473, 0.36344, 0.360831
0.360831, 0.358219, 0.352158, 0.342861, 0.330633, 0.315882, 0.29911, 0.280901, 0.261902, 0.2428, 0.224299, 0.207088, 0.191814, 0.179053, 0.16929, 0.162895, 0.160133
0.160133, 0.15737, 0.150963, 0.141154, 0.128286, 0.112812, 0.0952822, 0.0763253, 0.0566285, 0.0369096, 0.0178897, 0.000264473, -0.0153228, -0.0283058, -0.0382152, -0.0446943, -0.04749
-0.04749, -0.0502854, -0.0567607, -0.0666567, -0.079608, -0.0951361, -0.112667, -0.131551, -0.151094, -0.170577, -0.189294, -0.206571, -0.221797, -0.23444, -0.244067, -0.250351, -0.253059
-0.253059, -0.255766, -0.262029, -0.271585, -0.28406, -0.29897, -0.315743, -0.333739, -0.352282, -0.370687, -0.388291, -0.404473, -0.418679, -0.430436, -0.439365, -0.44518, -0.447685
-0.447685, -0.450186, -0.455967, -0.464768, -0.476227, -0.489875, -0.505165, -0.521494, -0.538235, -0.554766, -0.570496, -0.584883, -0.597455, -0.607818, -0.615661, -0.620758, -0.62295
-0.62295, -0.625137, -0.630185, -0.637852, -0.647799, -0.659595, -0.67274, -0.686696, -0.700911, -0.714854, -0.728029, -0.739999, -0.750393, -0.758913, -0.765333, -0.76949, -0.771275
-0.771275, -0.773053, -0.77715, -0.783351, -0.791357, -0.80079, -0.811222, -0.822201, -0.833276, -0.844027, -0.854078, -0.863113, -0.87088, -0.877189, -0.881907, -0.884945, -0.886245
-0.886245, -0.887538, -0.890507, -0.894974, -0.900692, -0.907354, -0.914622, -0.922149, -0.929606, -0.9367, -0.943192, -0.948901, -0.953705, -0.95753, -0.960342, -0.962129, -0.962889
-0.962889, -0.96364, -0.965353, -0.967892, -0.971075, -0.974679, -0.978469, -0.982218, -0.985733, -0.988863, -0.991516, -0.993653, -0.995286, -0.996461, -0.997246, -0.997706, -0.997891
-0.997891, -0.998069, -0.998451, -0.998953, -0.999463, -0.999852, -1, -0.99981, -0.999231, -0.998263, -0.996961, -0.995433, -0.993824, -0.9923, -0.991023, -0.990135, -0.989739
-0.989739, -0.989335, -0.98837, -0.986814, -0.984628, -0.981786, -0.978285, -0.974165, -0.969517, -0.964491, -0.959292, -0.954165, -0.949384, -0.945225, -0.941942, -0.939745, -0.938784
-0.938784, -0.937817, -0.935546, -0.931998, -0.927212, -0.921262, -0.914264, -0.90639, -0.897875, -0.889009, -0.880137, -0.871633, -0.863887, -0.857273, -0.852126, -0.848715, -0.847231
-0.847231, -0.845741, -0.842263, -0.836877, -0.829698, -0.820896, -0.810704, -0.799418, -0.787403, -0.775081, -0.762919, -0.751406, -0.74103, -0.732248, -0.725459, -0.720981, -0.719039
-0.719039, -0.717091, -0.712556, -0.705565, -0.696303, -0.685031, -0.672084, -0.657874, -0.642879, -0.627634, -0.612709, -0.598684, -0.586126, -0.575555, -0.567419, -0.562068, -0.559751
-0.559751, -0.557429, -0.552034, -0.54374, -0.532795, -0.51954, -0.504399, -0.48788, -0.470554, -0.453044, -0.436001, -0.420071, -0.405875, -0.393973, -0.38484, -0.378847, -0.376255
-0.376255, -0.373661, -0.367638, -0.3584, -0.346246, -0.331581, -0.314902, -0.296786, -0.277878, -0.258862, -0.240438, -0.223292, -0.208071, -0.195352, -0.185619, -0.179243, -0.176489
-0.176489, -0.173733, -0.167344, -0.15756, -0.144724, -0.129283, -0.111785, -0.0928583, -0.0731859, -0.0534851, -0.0344764, -0.0168563, -0.00126925, 0.0117167, 0.0216302, 0.0281128, 0.0309103
0.0309103, 0.0337076, 0.0401877, 0.0500926, 0.0630578, 0.0786064, 0.0961649, 0.115085, 0.134671, 0.154205, 0.172976, 0.190308, 0.205588, 0.218279, 0.227944, 0.234253, 0.236973
0.236973, 0.239691, 0.245981, 0.255579, 0.268112, 0.283096, 0.299957, 0.318052, 0.336705, 0.355226, 0.372947, 0.389243, 0.403554, 0.415401, 0.424399, 0.430262, 0.432787
0.432787, 0.435308, 0.441137, 0.450013, 0.461572, 0.475343, 0.490776, 0.507265, 0.524177, 0.540885, 0.55679, 0.571344, 0.584067, 0.594559, 0.602502, 0.607664, 0.609885
0.609885, 0.6121, 0.617215, 0.624986, 0.63507, 0.647034, 0.660372, 0.67454, 0.688981, 0.703153, 0.716554, 0.728737, 0.739323, 0.748004, 0.754548, 0.758788, 0.760608
0.760608, 0.762422, 0.766602, 0.77293, 0.781105, 0.790742, 0.801409, 0.812644, 0.823989, 0.835013, 0.84533, 0.854615, 0.862605, 0.869102, 0.873963, 0.877096, 0.878437
0.878437, 0.879771, 0.882835, 0.887449, 0.893359, 0.900255, 0.907788, 0.915604, 0.923363, 0.930761, 0.937549, 0.943535, 0.948584, 0.952614, 0.955583, 0.957474, 0.958278
0.958278, 0.959074, 0.96089, 0.963589, 0.96698, 0.970835, 0.974909, 0.978968, 0.982805, 0.986258, 0.989223, 0.99165, 0.993539, 0.994929, 0.995878, 0.996445, 0.996677
0.996677, 0.996901, 0.99739, 0.998057, 0.998782, 0.99943, 0.99987, 0.999996, 0.999744, 0.999103, 0.998116, 0.99688, 0.995529, 0.994218, 0.993105, 0.992323, 0.991973
0.991973, 0.991616, 0.990757, 0.989363, 0.987391, 0.984803, 0.981589, 0.977778, 0.973449, 0.968741, 0.963845, 0.958999, 0.954465, 0.950511, 0.947384, 0.945288, 0.944371
0.944371, 0.943447, 0.941277, 0.937884, 0.933299, 0.927588, 0.920859, 0.913274, 0.905056, 0.896484, 0.887892, 0.879646, 0.872125, 0.865698, 0.860692, 0.857373, 0.855929
0.855929, 0.854478, 0.851091, 0.845844, 0.838846, 0.830259, 0.820306, 0.809276, 0.797523, 0.785459, 0.773541, 0.762251, 0.752069, 0.743447, 0.736779, 0.732379, 0.730471
0.730471, 0.728556, 0.724099, 0.717225, 0.708116, 0.697024, 0.684277, 0.670279, 0.6555, 0.640465, 0.625737, 0.611891, 0.599489, 0.589044, 0.581003, 0.575713, 0.573423
0.573423, 0.571127, 0.565793, 0.557589, 0.546763, 0.533645, 0.518657, 0.502296, 0.485129, 0.467773, 0.450872, 0.43507, 0.420983, 0.409168, 0.400101, 0.39415, 0.391576
0.391576, 0.389, 0.383018, 0.37384, 0.361764, 0.347189, 0.330606, 0.31259, 0.293779, 0.274853, 0.25651, 0.239434, 0.224271, 0.211597, 0.201897, 0.195541, 0.192796
0.192796, 0.190049, 0.183679, 0.173923, 0.161121, 0.145718, 0.128258, 0.109366, 0.0897233, 0.0700459, 0.0510537, 0.0334435, 0.017861, 0.00487571, -0.00503922, -0.0115236, -0.0143221
-0.0143221, -0.0171205, -0.0236037, -0.0335146, -0.0464903, -0.062055, -0.0796367, -0.098588, -0.118212, -0.13779, -0.15661, -0.173993, -0.189322, -0.202057, -0.211757, -0.21809, -0.220821
-0.220821, -0.22355, -0.229865, -0.239503, -0.252091, -0.267144, -0.284087, -0.302278, -0.321035, -0.339668, -0.357501, -0.373906, -0.388317, -0.400251, -0.409318, -0.415225, -0.41777
-0.41777, -0.420311, -0.426186, -0.435134, -0.44679, -0.46068, -0.476252, -0.492896, -0.509975, -0.526856, -0.542932, -0.557648, -0.570519, -0.581136, -0.589176, -0.594404, -0.596652
-0.596652, -0.598896, -0.604076, -0.611948, -0.622167, -0.634294, -0.647821, -0.662198, -0.67686, -0.691259, -0.704882, -0.717275, -0.728049, -0.73689, -0.743556, -0.747876, -0.749731
-0.749731, -0.75158, -0.755842, -0.762297, -0.770637, -0.780477, -0.791375, -0.802863, -0.814474, -0.825768, -0.83635, -0.845882, -0.854093, -0.860775, -0.865779, -0.869006, -0.870388
-0.870388, -0.871762, -0.874921, -0.879679, -0.885781, -0.892907, -0.900704, -0.908807, -0.916865, -0.924567, -0.931649, -0.937908, -0.943201, -0.947436, -0.950562, -0.952555, -0.953403
-0.953403, -0.954244, -0.956163, -0.959019, -0.962618, -0.966723, -0.971082, -0.975448, -0.979606, -0.983381, -0.986657, -0.989374, -0.99152, -0.993124, -0.994236, -0.99491, -0.995188
-0.995188, -0.995458, -0.996055, -0.996886, -0.997826, -0.998732, -0.999464, -0.999906, -0.999982, -0.999668, -0.998997, -0.998052, -0.996959, -0.995863, -0.994913, -0.994239, -0.993935
-0.993935, -0.993623, -0.992871, -0.991641, -0.989881, -0.987549, -0.984623, -0.981121, -0.977113, -0.972723, -0.968134, -0.96357, -0.959284, -0.955535, -0.952564, -0.950571, -0.949698
-0.949698, -0.948818, -0.94675, -0.943511, -0.939129, -0.933659, -0.927202, -0.919907, -0.911988, -0.903712, -0.895403, -0.887416, -0.880123, -0.873884, -0.869021, -0.865794, -0.86439
-0.86439, -0.86298, -0.859685, -0.854578, -0.847763, -0.839392, -0.829682, -0.818911, -0.807422, -0.795619, -0.783949, -0.772885, -0.762901, -0.754441, -0.747896, -0.743576, -0.741701
-0.741701, -0.739821, -0.735443, -0.728689, -0.719734, -0.708825, -0.696282, -0.6825, -0.66794, -0.653119, -0.638593, -0.62493, -0.612686, -0.602371, -0.594427, -0.5892, -0.586937

0.966567, 0.967281, 0.968906, 0.971311, 0.974317, 0.977709, 0.981258, 0.984747, 0.987989, 0.990847, 0.993236, 0.995128, 0.996544, 0.997539, 0.998185, 0.998554, 0.998701
0.998701, 0.99884, 0.999131, 0.999495, 0.999823, 0.999995, 0.999896, 0.999441, 0.998586, 0.997342, 0.995775, 0.994002, 0.992176, 0.990471, 0.989057, 0.98808, 0.987645
0.987645, 0.987203, 0.986148, 0.984455, 0.982091, 0.979035, 0.975293, 0.970913, 0.965998, 0.960706, 0.955251, 0.949889, 0.944901, 0.94057, 0.937157, 0.934875, 0.933878
0.933878, 0.932873, 0.930518, 0.926841, 0.921887, 0.915736, 0.908512, 0.900397, 0.891634, 0.882523, 0.873416, 0.864697, 0.856762, 0.849993, 0.844728, 0.84124, 0.839724
0.839724, 0.838201, 0.834647, 0.829145, 0.821815, 0.812834, 0.802442, 0.790943, 0.77871, 0.766174, 0.753809, 0.74211, 0.731572, 0.722657, 0.715769, 0.711225, 0.709255
0.709255, 0.707279, 0.70268, 0.695591, 0.686203, 0.674781, 0.661669, 0.647283, 0.632111, 0.616692, 0.601603, 0.58743, 0.574745, 0.564069, 0.555855, 0.550453, 0.548114
0.548114, 0.545771, 0.540326, 0.531956, 0.520915, 0.507547, 0.492282, 0.475631, 0.458175, 0.44054, 0.42338, 0.407346, 0.393061, 0.381088, 0.371902, 0.365875, 0.363269
0.363269, 0.36066, 0.354604, 0.345316, 0.3331, 0.318363, 0.301605, 0.28341, 0.264425, 0.245336, 0.226847, 0.209646, 0.19438, 0.181625, 0.171867, 0.165475, 0.162714
0.162714, 0.159952, 0.153548, 0.143743, 0.13088, 0.115411, 0.0978853, 0.0789328, 0.0592394, 0.039523, 0.0205045, 0.00287982, -0.0127077, -0.0256914, -0.0356017, -0.0420814, -0.0448775
-0.0448775, -0.0476732, -0.0541494, -0.064047, -0.0770007, -0.0925323, -0.110068, -0.128958, -0.148508, -0.168, -0.186725, -0.204011, -0.219246, -0.231897, -0.24153, -0.247818, -0.250528
-0.250528, -0.253237, -0.259505, -0.269067, -0.281551, -0.296474, -0.31326, -0.331272, -0.349833, -0.368257, -0.385879, -0.402079, -0.416302, -0.428074, -0.437014, -0.442837, -0.445345
-0.445345, -0.447849, -0.453637, -0.462451, -0.473926, -0.487594, -0.502906, -0.51926, -0.536029, -0.552588, -0.568346, -0.582759, -0.595356, -0.605739, -0.613598, -0.618705, -0.620902
-0.620902, -0.623093, -0.628152, -0.635836, -0.645805, -0.657627, -0.670803, -0.684792, -0.699044, -0.713023, -0.726234, -0.738237, -0.748662, -0.757208, -0.763647, -0.767817, -0.769607
-0.769607, -0.771391, -0.775502, -0.781723, -0.789756, -0.799221, -0.80969, -0.820709, -0.831828, -0.842622, -0.852715, -0.861789, -0.869592, -0.87593, -0.880671, -0.883724, -0.88503
-0.88503, -0.88633, -0.889314, -0.893804, -0.899552, -0.906252, -0.913562, -0.921134, -0.928638, -0.935781, -0.94232, -0.948073, -0.952915, -0.956772, -0.959609, -0.961413, -0.962179
-0.962179, -0.962938, -0.964667, -0.967232, -0.970447, -0.974091, -0.977925, -0.981724, -0.985289, -0.988471, -0.991173, -0.993355, -0.995029, -0.996238, -0.997048, -0.997525, -0.997718
-0.997718, -0.997903, -0.998302, -0.99883, -0.999374, -0.999804, -0.999998, -0.999858, -0.99933, -0.998413, -0.997161, -0.995679, -0.994111, -0.99262, -0.991369, -0.990498, -0.990109
-0.990109, -0.989713, -0.988764, -0.987233, -0.985082, -0.98228, -0.978824, -0.974752, -0.970154, -0.965179, -0.960027, -0.954944, -0.950202, -0.946075, -0.942817, -0.940636, -0.939682
-0.939682, -0.938721, -0.936466, -0.932943, -0.928189, -0.922276, -0.91532, -0.907492, -0.899023, -0.890204, -0.881375, -0.872912, -0.865201, -0.858617, -0.853492, -0.850095, -0.848618
-0.848618, -0.847134, -0.84367, -0.838306, -0.831155, -0.822387, -0.812232, -0.800986, -0.789013, -0.776731, -0.764607, -0.753129, -0.742783, -0.734026, -0.727257, -0.722791, -0.720854
-0.720854, -0.718911, -0.714389, -0.707416, -0.698178, -0.686934, -0.674018, -0.659841, -0.64488, -0.629668, -0.614773, -0.600777, -0.588243, -0.577692, -0.569571, -0.564229, -0.561916
-0.561916, -0.559599, -0.554213, -0.545933, -0.535007, -0.521773, -0.506656, -0.490161, -0.47286, -0.455374, -0.438353, -0.422443, -0.408264, -0.396375, -0.387253, -0.381266, -0.378677
-0.378677, -0.376086, -0.370069, -0.36084, -0.348699, -0.334047, -0.317383, -0.299283, -0.28039, -0.261387, -0.242975, -0.225841, -0.210629, -0.197916, -0.188188, -0.181815, -0.179062
-0.179062, -0.176308, -0.169922, -0.160143, -0.147311, -0.131876, -0.114384, -0.095462, -0.075794, -0.0560965, -0.0370901, -0.0194712, -0.00388459, 0.00910145, 0.0190154, 0.0254984, 0.0282961
0.0282961, 0.0310936, 0.0375744, 0.0474803, 0.0604475, 0.0759989, 0.0935613, 0.112487, 0.132079, 0.15162, 0.170399, 0.18774, 0.203027, 0.215726, 0.225396, 0.231709, 0.234431
0.234431, 0.237151, 0.243445, 0.25305, 0.265592, 0.280587, 0.297461, 0.315572, 0.334241, 0.35278, 0.370519, 0.386832, 0.401159, 0.413021, 0.42203, 0.4279, 0.430428
0.430428, 0.432952, 0.438788, 0.447676, 0.45925, 0.473041, 0.488496, 0.505009, 0.521948, 0.538684, 0.554616, 0.569196, 0.581943, 0.592454, 0.600412, 0.605585, 0.60781
0.60781, 0.61003, 0.615156, 0.622942, 0.633048, 0.645037, 0.658406, 0.672607, 0.687083, 0.701291, 0.714728, 0.726944, 0.737559, 0.746266, 0.752829, 0.757082, 0.758907
0.758907, 0.760727, 0.76492, 0.771268, 0.779469, 0.789139, 0.799842, 0.811117, 0.822504, 0.833571, 0.84393, 0.853254, 0.861279, 0.867805, 0.872689, 0.875837, 0.877184
0.877184, 0.878525, 0.881604, 0.88624, 0.892181, 0.899113, 0.906688, 0.914549, 0.922355, 0.929802, 0.936636, 0.942665, 0.947753, 0.951815, 0.954809, 0.956716, 0.957527
0.957527, 0.95833, 0.960163, 0.962886, 0.96631, 0.970204, 0.974324, 0.978431, 0.982318, 0.985823, 0.988836, 0.991309, 0.993239, 0.994663, 0.995637, 0.996221, 0.99646
0.99646, 0.996692, 0.997198, 0.997891, 0.998649, 0.999338, 0.999824, 1, 0.9998, 0.99921, 0.998273, 0.997083, 0.995772, 0.994496, 0.993408, 0.992644, 0.992301
0.992301, 0.99195, 0.991108, 0.98974, 0.987801, 0.985254, 0.982086, 0.978323, 0.974044, 0.969386, 0.964539, 0.959737, 0.955242, 0.95132, 0.948218, 0.946138, 0.945228
0.945228, 0.944311, 0.942157, 0.938788, 0.934235, 0.928562, 0.921876, 0.914337, 0.906165, 0.89764, 0.889092, 0.880886, 0.873402, 0.867004, 0.862021, 0.858716, 0.857278
0.857278, 0.855834, 0.852462, 0.847236, 0.840267, 0.831714, 0.821799, 0.810809, 0.799098, 0.787074, 0.775196, 0.763941, 0.75379, 0.745193, 0.738545, 0.734157, 0.732254
0.732254, 0.730345, 0.725901, 0.719045, 0.70996, 0.698897, 0.686182, 0.672218, 0.657473, 0.642471, 0.627775, 0.613958, 0.60158, 0.591156, 0.58313, 0.57785, 0.575563
0.575563, 0.573272, 0.567947, 0.559759, 0.548951, 0.535855, 0.520891, 0.504555, 0.487414, 0.470083, 0.453205, 0.437424, 0.423354, 0.411553, 0.402497, 0.396552, 0.393981
0.393981, 0.391408, 0.385432, 0.376264, 0.364201, 0.34964, 0.333073, 0.315073, 0.296277, 0.277366, 0.259037, 0.241973, 0.226819, 0.214153, 0.204457, 0.198106, 0.195362
0.195362, 0.192616, 0.186249, 0.176498, 0.163702, 0.148305, 0.130851, 0.111965, 0.0923278, 0.0726545, 0.0536655, 0.0360573, 0.0204758, 0.00749101, -0.00242389, -0.00890838, -0.011707
-0.011707, -0.0145054, -0.020989, -0.0309006, -0.0438776, -0.0594445, -0.0770293, -0.0959851, -0.115615, -0.135199, -0.154026, -0.171417, -0.186753, -0.199495, -0.2092, -0.215537, -0.218269
-0.218269, -0.221, -0.227319, -0.236963, -0.249559, -0.264623, -0.281579, -0.299784, -0.318557, -0.337207, -0.355057, -0.371479, -0.385906, -0.397853, -0.40693, -0.412845, -0.415392
-0.415392, -0.417936, -0.423819, -0.432778, -0.444448, -0.458357, -0.473951, -0.490619, -0.507724, -0.524631, -0.540733, -0.555476, -0.568369, -0.579006, -0.587061, -0.592298, -0.594551
-0.594551, -0.596799, -0.60199, -0.609877, -0.620117, -0.63227, -0.645827, -0.660236, -0.674933, -0.689367, -0.703025, -0.71545, -0.726253, -0.735119, -0.741805, -0.746138, -0.747998
-0.747998, -0.749853, -0.754127, -0.760601, -0.768968, -0.778839, -0.789773, -0.801301, -0.812954, -0.824291, -0.834913, -0.844484, -0.85273, -0.859441, -0.864468, -0.867709, -0.869097
-0.869097, -0.870478, -0.873651, -0.878433, -0.884564, -0.891727, -0.899565, -0.907712, -0.915818, -0.923567, -0.930695, -0.936998, -0.942329, -0.946596, -0.949746, -0.951756, -0.952611
-0.952611, -0.953459, -0.955394, -0.958275, -0.961906, -0.966051, -0.970454, -0.974869, -0.979077, -0.982903, -0.986228, -0.98899, -0.991176, -0.992814, -0.993952, -0.994643, -0.994928
-0.994928, -0.995206, -0.995819, -0.996676, -0.99765, -0.998597, -0.999375, -0.999867, -0.999994, -0.999732, -0.999111, -0.998212, -0.997159, -0.996097, -0.995173, -0.994516, -0.994219
-0.994219, -0.993915, -0.99318, -0.991975, -0.990249, -0.987957, -0.985077, -0.981624, -0.977666, -0.973327, -0.968786, -0.964266, -0.960019, -0.956303, -0.953357, -0.95138, -0.950514

0.631797, 0.633964, 0.638966, 0.646561, 0.656413, 0.668092, 0.681103, 0.694911, 0.70897, 0.722753, 0.735771, 0.747593, 0.757855, 0.766263, 0.772596, 0.776697, 0.778457
0.778457, 0.78021, 0.78425, 0.790363, 0.798252, 0.807544, 0.817814, 0.828615, 0.839504, 0.850066, 0.859933, 0.868795, 0.876408, 0.882588, 0.887206, 0.890179, 0.891451
0.891451, 0.892715, 0.895619, 0.899985, 0.90557, 0.912072, 0.919157, 0.926485, 0.933733, 0.940617, 0.946906, 0.952425, 0.95706, 0.960744, 0.963447, 0.965164, 0.965893
0.965893, 0.966614, 0.968255, 0.970686, 0.973725, 0.977157, 0.98075, 0.984288, 0.987582, 0.99049, 0.992929, 0.994867, 0.996323, 0.997352, 0.998024, 0.99841, 0.998564
0.998564, 0.99871, 0.999018, 0.999409, 0.999771, 0.999983, 0.99993, 0.999525, 0.998721, 0.997529, 0.996012, 0.994284, 0.992499, 0.990828, 0.98944, 0.988479, 0.988052
0.988052, 0.987616, 0.986578, 0.984911, 0.98258, 0.979564, 0.975867, 0.971536, 0.96667, 0.961428, 0.956021, 0.950703, 0.945754, 0.941455, 0.938066, 0.9358, 0.93481
0.93481, 0.933812, 0.931472, 0.92782, 0.922897, 0.916783, 0.909602, 0.901532, 0.892815, 0.88375, 0.874686, 0.866008, 0.858108, 0.851368, 0.846125, 0.842651, 0.841141
0.841141, 0.839624, 0.836084, 0.830604, 0.823302, 0.814355, 0.803999, 0.79254, 0.780348, 0.767852, 0.755525, 0.743861, 0.733353, 0.724463, 0.717593, 0.713061, 0.711096
0.711096, 0.709126, 0.704539, 0.697468, 0.688103, 0.676709, 0.663628, 0.649275, 0.634135, 0.618749, 0.60369, 0.589545, 0.576883, 0.566227, 0.558027, 0.552634, 0.550299
0.550299, 0.54796, 0.542525, 0.534169, 0.523146, 0.509798, 0.494556, 0.47793, 0.460498, 0.442886, 0.425748, 0.409733, 0.395465, 0.383504, 0.374329, 0.368308, 0.365704
0.365704, 0.363098, 0.357048, 0.34777, 0.335565, 0.320841, 0.304098, 0.285917, 0.266946, 0.247871, 0.229394, 0.212203, 0.196945, 0.184197, 0.174442, 0.168054, 0.165294
0.165294, 0.162533, 0.156131, 0.146331, 0.133472, 0.118008, 0.100488, 0.0815397, 0.06185, 0.0421362, 0.0231193, 0.00549514, -0.0100925, -0.0230768, -0.0329879, -0.0394682, -0.0422646
-0.0422646, -0.0450607, -0.0515377, -0.0614368, -0.0743929, -0.0899279, -0.107468, -0.126364, -0.145921, -0.165421, -0.184155, -0.20145, -0.216693, -0.229352, -0.238992, -0.245283, -0.247995
-0.247995, -0.250706, -0.256978, -0.266547, -0.279041, -0.293975, -0.310776, -0.328804, -0.347381, -0.365824, -0.383465, -0.399683, -0.413923, -0.425709, -0.43466, -0.440491, -0.443001
-0.443001, -0.445509, -0.451305, -0.46013, -0.471621, -0.485309, -0.500644, -0.517023, -0.533819, -0.550407, -0.566192, -0.580632, -0.593252, -0.603656, -0.611531, -0.616649, -0.618849
-0.618849, -0.621045, -0.626115, -0.633815, -0.643806, -0.655655, -0.668861, -0.682884, -0.697171, -0.711187, -0.724433, -0.736471, -0.746925, -0.755497, -0.761955, -0.766139, -0.767935
-0.767935, -0.769724, -0.773848, -0.780089, -0.788149, -0.797646, -0.808153, -0.819212, -0.830373, -0.84121, -0.851346, -0.86046, -0.868297, -0.874666, -0.879429, -0.882497, -0.88381
-0.88381, -0.885116, -0.888115, -0.892628, -0.898407, -0.905143, -0.912495, -0.920113, -0.927665, -0.934855, -0.941441, -0.947238, -0.952119, -0.956009, -0.95887, -0.96069, -0.961464
-0.961464, -0.962229, -0.963974, -0.966564, -0.969813, -0.973496, -0.977376, -0.981223, -0.984839, -0.988071, -0.990823, -0.993051, -0.994765, -0.996008, -0.996844, -0.997338, -0.997538
-0.997538, -0.99773, -0.998146, -0.9987, -0.999278, -0.999749, -0.999989, -0.999899, -0.999423, -0.998557, -0.997355, -0.995919, -0.994391, -0.992934, -0.991708, -0.990854, -0.990473
-0.990473, -0.990084, -0.989152, -0.987647, -0.985529, -0.982767, -0.979356, -0.975333, -0.970785, -0.96586, -0.960756, -0.955717, -0.951014, -0.946919, -0.943686, -0.94152, -0.940574
-0.940574, -0.939619, -0.937381, -0.933881, -0.929159, -0.923284, -0.91637, -0.908587, -0.900165, -0.891392, -0.882608, -0.874185, -0.86651, -0.859954, -0.854852, -0.851469, -0.849998
-0.849998, -0.848521, -0.845071, -0.839729, -0.832607, -0.823872, -0.813755, -0.802549, -0.790617, -0.778376, -0.76629, -0.754847, -0.744532, -0.7358, -0.729049, -0.724596, -0.722664
-0.722664, -0.720727, -0.716216, -0.709262, -0.700048, -0.688832, -0.675948, -0.661804, -0.646877, -0.631698, -0.616834, -0.602866, -0.590356, -0.579825, -0.571718, -0.566386, -0.564077
-0.564077, -0.561764, -0.556388, -0.548122, -0.537214, -0.524002, -0.508909, -0.492439, -0.475163, -0.457701, -0.440702, -0.424812, -0.41065, -0.398775, -0.389663, -0.383683, -0.381097
-0.381097, -0.378508, -0.372498, -0.363278, -0.351149, -0.336511, -0.319862, -0.301777, -0.282899, -0.263911, -0.245511, -0.228388, -0.213185, -0.200479, -0.190756, -0.184386, -0.181635
-0.181635, -0.178882, -0.172498, -0.162724, -0.149897, -0.134468, -0.116982, -0.0980651, -0.0784016, -0.0587075, -0.0397035, -0.022086, -0.00649991, 0.00648618, 0.0164005, 0.0228838, 0.0256817
0.0256817, 0.0284794, 0.0349607, 0.0448678, 0.0578367, 0.0733908, 0.0909571, 0.109888, 0.129487, 0.149035, 0.167821, 0.185171, 0.200466, 0.213171, 0.222848, 0.229164, 0.231888
0.231888, 0.234609, 0.240908, 0.250519, 0.263069, 0.278076, 0.294963, 0.313089, 0.331775, 0.350332, 0.368089, 0.384419, 0.398762, 0.410637, 0.419657, 0.425535, 0.428066
0.428066, 0.430593, 0.436437, 0.445336, 0.456925, 0.470735, 0.486212, 0.50275, 0.519715, 0.536478, 0.552438, 0.567044, 0.579814, 0.590345, 0.598319, 0.603502, 0.605731
0.605731, 0.607956, 0.613091, 0.620894, 0.631021, 0.643037, 0.656435, 0.670669, 0.68518, 0.699425, 0.712896, 0.725145, 0.735791, 0.744523, 0.751105, 0.75537, 0.757201
0.757201, 0.759027, 0.763232, 0.769601, 0.777828, 0.78753, 0.798269, 0.809584, 0.821014, 0.832123, 0.842524, 0.851888, 0.859947, 0.866503, 0.871409, 0.874572, 0.875926
0.875926, 0.877272, 0.880367, 0.885026, 0.890997, 0.897965, 0.905582, 0.913488, 0.921342, 0.928836, 0.935717, 0.941789, 0.946915, 0.95101, 0.954028, 0.955952, 0.95677
0.95677, 0.95758, 0.959428, 0.962177, 0.965633, 0.969567, 0.973732, 0.977888, 0.981825, 0.98538, 0.988443, 0.990962, 0.992932, 0.99439, 0.99539, 0.995991, 0.996237
0.996237, 0.996476, 0.996999, 0.997717, 0.99851, 0.999239, 0.999771, 0.999997, 0.999849, 0.999311, 0.998424, 0.997279, 0.996009, 0.994766, 0.993704, 0.992957, 0.992621
0.992621, 0.992278, 0.991453, 0.990111, 0.988205, 0.985698, 0.982575, 0.978861, 0.974633, 0.970025, 0.965226, 0.960469, 0.956013, 0.952123, 0.949045, 0.946981, 0.946079
0.946079, 0.945168, 0.943031, 0.939686, 0.935165, 0.92953, 0.922886, 0.915393, 0.907268, 0.89879, 0.890286, 0.882121, 0.874672, 0.868304, 0.863343, 0.860053, 0.858622
0.858622, 0.857184, 0.853826, 0.848623, 0.841682, 0.833163, 0.823286, 0.812337, 0.800667, 0.788685, 0.776845, 0.765626, 0.755506, 0.746935, 0.740306, 0.735931, 0.734033
0.734033, 0.732129, 0.727697, 0.720861, 0.7118, 0.700765, 0.688082, 0.674152, 0.659441, 0.644473, 0.629808, 0.61602, 0.603667, 0.593263, 0.585253, 0.579982, 0.5777
0.5777, 0.575413, 0.570098, 0.561924, 0.551135, 0.538062, 0.523122, 0.506812, 0.489696, 0.47239, 0.455535, 0.439774, 0.425722, 0.413935, 0.40489, 0.398952, 0.396384
0.396384, 0.393813, 0.387844, 0.378686, 0.366636, 0.352089, 0.335538, 0.317554, 0.298774, 0.279878, 0.261562, 0.24451, 0.229366, 0.216707, 0.207017, 0.200668, 0.197926
0.197926, 0.195182, 0.188818, 0.179072, 0.166281, 0.150891, 0.133444, 0.114564, 0.0949316, 0.0752627, 0.0562769, 0.0386708, 0.0230906, 0.0101063, 0.000191459, -0.0062931, -0.00909175
-0.00909175, -0.0118903, -0.0183742, -0.0282864, -0.0412646, -0.0568336, -0.0744215, -0.0933815, -0.113017, -0.132608, -0.151442, -0.16884, -0.184183, -0.196931, -0.206642, -0.212982, -0.215716
-0.215716, -0.218448, -0.224772, -0.234422, -0.247026, -0.2621, -0.279068, -0.297288, -0.316077, -0.334743, -0.352611, -0.36905, -0.383492, -0.395452, -0.404539, -0.410461, -0.413012
-0.413012, -0.415559, -0.421448, -0.430419, -0.442104, -0.456031, -0.471646, -0.488338, -0.505469, -0.522402, -0.538532, -0.553299, -0.566216, -0.576872, -0.584942, -0.590189, -0.592446
-0.592446, -0.594699, -0.599899, -0.607802, -0.618063, -0.630242, -0.643828, -0.65827, -0.673001, -0.68747, -0.701163, -0.71362, -0.724453, -0.733343, -0.740048, -0.744394, -0.74626
-0.74626, -0.74812, -0.752407, -0.758901, -0.767293, -0.777196, -0.788166, -0.799733, -0.811428, -0.822807, -0.833471, -0.843081, -0.851361, -0.858101, -0.86315, -0.866406, -0.8678
-0.8678, -0.869188, -0.872376, -0.87718, -0.883341, -0.89054, -0.898419, -0.906612, -0.914765, -0.922561, -0.929735, -0.936081, -0.941451, -0.945749, -0.948924, -0.95095, -0.951812

0.0562248, 0.0590189, 0.0654909, 0.0753812, 0.0883237, 0.103839, 0.121353, 0.140217, 0.159734, 0.179189, 0.197875, 0.215121, 0.230317, 0.242934, 0.25254, 0.258809, 0.261511
0.261511, 0.264212, 0.27046, 0.279992, 0.292435, 0.307305, 0.32403, 0.341971, 0.360454, 0.378796, 0.396336, 0.412456, 0.426606, 0.438315, 0.447205, 0.452995, 0.455489
0.455489, 0.457979, 0.463733, 0.472495, 0.4839, 0.497482, 0.512694, 0.528937, 0.545586, 0.562022, 0.577657, 0.591955, 0.604446, 0.61474, 0.62253, 0.627592, 0.629768
0.629768, 0.63194, 0.636952, 0.644564, 0.654438, 0.666144, 0.679186, 0.693028, 0.707123, 0.720943, 0.733997, 0.745854, 0.756146, 0.76458, 0.770933, 0.775047, 0.776812
0.776812, 0.778572, 0.782625, 0.788758, 0.796674, 0.805998, 0.816306, 0.827148, 0.83808, 0.848686, 0.858595, 0.867497, 0.875146, 0.881355, 0.885996, 0.888984, 0.890262
0.890262, 0.891534, 0.894452, 0.898842, 0.904457, 0.910996, 0.918124, 0.925497, 0.932794, 0.939726, 0.946062, 0.951625, 0.956299, 0.960015, 0.962744, 0.964477, 0.965212
0.965212, 0.96594, 0.967598, 0.970054, 0.973126, 0.976597, 0.980236, 0.983823, 0.987167, 0.990127, 0.992615, 0.994599, 0.996096, 0.997158, 0.997856, 0.99826, 0.998421
0.998421, 0.998574, 0.998899, 0.999315, 0.999711, 0.999964, 0.999958, 0.999602, 0.99885, 0.997709, 0.996242, 0.99456, 0.992816, 0.991178, 0.989815, 0.988872, 0.988451
0.988451, 0.988023, 0.987002, 0.98536, 0.983063, 0.980087, 0.976435, 0.972152, 0.967337, 0.962144, 0.956785, 0.951511, 0.9466, 0.942334, 0.938969, 0.936719, 0.935735
0.935735, 0.934745, 0.932421, 0.928792, 0.923901, 0.917825, 0.910685, 0.902661, 0.89399, 0.884971, 0.875951, 0.867312, 0.859448, 0.852737, 0.847516, 0.844057, 0.842553
0.842553, 0.841042, 0.837516, 0.832057, 0.824784, 0.81587, 0.805552, 0.794133, 0.781981, 0.769525, 0.757235, 0.745606, 0.735128, 0.726263, 0.719412, 0.714892, 0.712933
0.712933, 0.710967, 0.706392, 0.69934, 0.689999, 0.678632, 0.665582, 0.651262, 0.636155, 0.620801, 0.605773, 0.591655, 0.579017, 0.568381, 0.560195, 0.554812, 0.552481
0.552481, 0.550146, 0.54472, 0.536378, 0.525373, 0.512047, 0.496828, 0.480226, 0.462818, 0.44523, 0.428113, 0.412118, 0.397866, 0.385918, 0.376753, 0.370738, 0.368137
0.368137, 0.365534, 0.35949, 0.350221, 0.338028, 0.323317, 0.306588, 0.288423, 0.269466, 0.250404, 0.231938, 0.214758, 0.199508, 0.186767, 0.177017, 0.170631, 0.167873
0.167873, 0.165113, 0.158714, 0.148917, 0.136064, 0.120605, 0.10309, 0.084146, 0.0644601, 0.0447491, 0.0257338, 0.00811043, -0.00747728, -0.0204621, -0.0303738, -0.0368548, -0.0396514
-0.0396514, -0.0424478, -0.0489256, -0.0588262, -0.0717845, -0.0873228, -0.104867, -0.123769, -0.143333, -0.162841, -0.181584, -0.198888, -0.214139, -0.226806, -0.236451, -0.242747, -0.245461
-0.245461, -0.248173, -0.25445, -0.264026, -0.276528, -0.291474, -0.308289, -0.326332, -0.344928, -0.363389, -0.381048, -0.397285, -0.411541, -0.423341, -0.432303, -0.438141, -0.440655
-0.440655, -0.443166, -0.44897, -0.457807, -0.469313, -0.48302, -0.498378, -0.514783, -0.531606, -0.548221, -0.564034, -0.578501, -0.591145, -0.601569, -0.609459, -0.614588, -0.616793
-0.616793, -0.618994, -0.624073, -0.63179, -0.641802, -0.653678, -0.666915, -0.680971, -0.695294, -0.709346, -0.722628, -0.734699, -0.745184, -0.753781, -0.760259, -0.764456, -0.766257
-0.766257, -0.768052, -0.772189, -0.77845, -0.786536, -0.796066, -0.80661, -0.81771, -0.828913, -0.839793, -0.849971, -0.859124, -0.866997, -0.873395, -0.878181, -0.881264, -0.882583
-0.882583, -0.883896, -0.88691, -0.891446, -0.897255, -0.904028, -0.911422, -0.919086, -0.926685, -0.933924, -0.940556, -0.946396, -0.951316, -0.955238, -0.958124, -0.959961, -0.960741
-0.960741, -0.961514, -0.963275, -0.96589, -0.969172, -0.972894, -0.976819, -0.980715, -0.984382, -0.987665, -0.990466, -0.99274, -0.994494, -0.995771, -0.996633, -0.997144, -0.997351
-0.997351, -0.997551, -0.997983, -0.998564, -0.999175, -0.999687, -0.999973, -0.999932, -0.999508, -0.998694, -0.997542, -0.996152, -0.994664, -0.993241, -0.992041, -0.991204, -0.99083
-0.99083, -0.990448, -0.989533, -0.988053, -0.985968, -0.983247, -0.979881, -0.975907, -0.97141, -0.966534, -0.961478, -0.956484, -0.951819, -0.947757, -0.944548, -0.942398, -0.941459
-0.941459, -0.940511, -0.938288, -0.934813, -0.930123, -0.924285, -0.917414, -0.909677, -0.901301, -0.892575, -0.883834, -0.875452, -0.867812, -0.861286, -0.856206, -0.852838, -0.851373
-0.851373, -0.849902, -0.846467, -0.841146, -0.834052, -0.825352, -0.815272, -0.804107, -0.792215, -0.780015, -0.767968, -0.75656, -0.746275, -0.737568, -0.730837, -0.726396, -0.724469
-0.724469, -0.722537, -0.718039, -0.711103, -0.701913, -0.690725, -0.677873, -0.663763, -0.648869, -0.633723, -0.61889, -0.60495, -0.592465, -0.581954, -0.573862, -0.56854, -0.566235
-0.566235, -0.563926, -0.558559, -0.550308, -0.539418, -0.526228, -0.511159, -0.494713, -0.477462, -0.460025, -0.443048, -0.427178, -0.413033, -0.401172, -0.39207, -0.386097, -0.383513
-0.383513, -0.380927, -0.374923, -0.365713, -0.353596, -0.338973, -0.322339, -0.30427, -0.285407, -0.266433, -0.248046, -0.230933, -0.215739, -0.203041, -0.193323, -0.186956, -0.184206
-0.184206, -0.181455, -0.175074, -0.165304, -0.152483, -0.137059, -0.119579, -0.100668, -0.0810086, -0.0613182, -0.0423167, -0.0247007, -0.00911518, 0.00387086, 0.0137854, 0.0202691, 0.0230671
0.0230671, 0.025865, 0.0323469, 0.0422549, 0.0552255, 0.0707823, 0.0883523, 0.107288, 0.126893, 0.146448, 0.165243, 0.1826, 0.197903, 0.210615, 0.220297, 0.226618, 0.229343
0.229343, 0.232066, 0.238369, 0.247986, 0.260545, 0.275563, 0.292463, 0.310604, 0.329307, 0.347881, 0.365656, 0.382004, 0.396362, 0.408251, 0.417282, 0.423166, 0.4257
0.4257, 0.428231, 0.434082, 0.442993, 0.454598, 0.468426, 0.483925, 0.500487, 0.517479, 0.53427, 0.550256, 0.564887, 0.577681, 0.588232, 0.596221, 0.601415, 0.603648
0.603648, 0.605877, 0.611023, 0.618842, 0.62899, 0.641032, 0.65446, 0.668727, 0.683273, 0.697553, 0.71106, 0.723342, 0.734017, 0.742774, 0.749376, 0.753654, 0.755491
0.755491, 0.757321, 0.76154, 0.767928, 0.776182, 0.785915, 0.796691, 0.808046, 0.819518, 0.83067, 0.841113, 0.850515, 0.85861, 0.865194, 0.870123, 0.873301, 0.874661
0.874661, 0.876014, 0.879123, 0.883805, 0.889806, 0.896811, 0.904469, 0.912421, 0.920322, 0.927864, 0.934791, 0.940906, 0.946071, 0.950198, 0.953241, 0.955181, 0.956006
0.956006, 0.956823, 0.958688, 0.961461, 0.96495, 0.968924, 0.973133, 0.977337, 0.981326, 0.984931, 0.988044, 0.990607, 0.992618, 0.99411, 0.995135, 0.995753, 0.996007
0.996007, 0.996253, 0.996793, 0.997537, 0.998364, 0.999134, 0.999712, 0.999988, 0.999891, 0.999404, 0.998567, 0.997469, 0.996239, 0.99503, 0.993994, 0.993263, 0.992935
0.992935, 0.992599, 0.991791, 0.990474, 0.988602, 0.986136, 0.983058, 0.979392, 0.975215, 0.970657, 0.965906, 0.961193, 0.956776, 0.952919, 0.949866, 0.947819, 0.946923
0.946923, 0.946019, 0.943898, 0.940577, 0.936088, 0.930491, 0.92389, 0.916442, 0.908365, 0.899933, 0.891474, 0.88335, 0.875937, 0.869598, 0.86466, 0.861384, 0.859959
0.859959, 0.858528, 0.855185, 0.850003, 0.843091, 0.834606, 0.824768, 0.81386, 0.802231, 0.79029, 0.778489, 0.767306, 0.757217, 0.748671, 0.742061, 0.737699, 0.735806
0.735806, 0.733908, 0.729488, 0.722671, 0.713634, 0.702628, 0.689978, 0.676081, 0.661405, 0.646471, 0.631838, 0.618078, 0.60575, 0.595367, 0.587371, 0.582111, 0.579833
0.579833, 0.57755, 0.572244, 0.564085, 0.553315, 0.540264, 0.525349, 0.509065, 0.491975, 0.474694, 0.457862, 0.442121, 0.428087, 0.416315, 0.40728, 0.401349, 0.398784
0.398784, 0.396216, 0.390253, 0.381106, 0.369068, 0.354536, 0.338001, 0.320033, 0.301269, 0.282388, 0.264085, 0.247045, 0.231911, 0.219259, 0.209575, 0.20323, 0.200489
0.200489, 0.197746, 0.191385, 0.181644, 0.168859, 0.153475, 0.136035, 0.117161, 0.0975348, 0.0778704, 0.0588879, 0.0412841, 0.0257051, 0.0127214, 0.0028068, -0.00367779, -0.00647648
-0.00647648, -0.00927512, -0.0157592, -0.025672, -0.0386514, -0.0542223, -0.0718132, -0.0907772, -0.110418, -0.130015, -0.148856, -0.166262, -0.181612, -0.194366, -0.204083, -0.210426, -0.213162
-0.213162, -0.215895, -0.222222, -0.231878, -0.244491, -0.259575, -0.276556, -0.29479, -0.313595, -0.332278, -0.350163, -0.366618, -0.381075, -0.393049, -0.402146, -0.408075, -0.410628
-0.410628, -0.413179, -0.419075, -0.428057, -0.439757, -0.453702, -0.469339, -0.486054, -0.50321, -0.520171, -0.536326, -0.551119, -0.564058, -0.574733, -0.582819, -0.588076, -0.590337

-0.540777, -0.538421, -0.532945, -0.52453, -0.513429, -0.499991, -0.484649, -0.467919, -0.450383, -0.432671, -0.41544, -0.399343, -0.385004, -0.372987, -0.363769, -0.357721, -0.355106
-0.355106, -0.352488, -0.346413, -0.337095, -0.32484, -0.310059, -0.293254, -0.275012, -0.25598, -0.236848, -0.21832, -0.201086, -0.185793, -0.173017, -0.163244, -0.156843, -0.154078
-0.154078, -0.151312, -0.144899, -0.135082, -0.122203, -0.106718, -0.0891771, -0.0702105, -0.050506, -0.0307818, -0.0117591, 0.00586675, 0.021453, 0.034434, 0.0443413, 0.0508185, 0.0536134
0.0536134, 0.0564079, 0.062881, 0.0727731, 0.0857183, 0.101238, 0.118757, 0.137627, 0.157152, 0.176615, 0.19531, 0.212566, 0.227771, 0.240396, 0.250009, 0.256282, 0.258986
0.258986, 0.261688, 0.267942, 0.277481, 0.289933, 0.304816, 0.321555, 0.339512, 0.358013, 0.376375, 0.393934, 0.410072, 0.424239, 0.435963, 0.444864, 0.450662, 0.453159
0.453159, 0.455652, 0.461415, 0.470188, 0.481609, 0.495211, 0.510447, 0.526715, 0.543392, 0.559857, 0.575521, 0.589845, 0.60236, 0.612675, 0.620481, 0.625553, 0.627734
0.627734, 0.62991, 0.634934, 0.642562, 0.652458, 0.664191, 0.677264, 0.69114, 0.705271, 0.719128, 0.732219, 0.744109, 0.754432, 0.762892, 0.769264, 0.773391, 0.775163
0.775163, 0.776928, 0.780994, 0.787148, 0.795091, 0.804448, 0.814792, 0.825675, 0.83665, 0.8473, 0.857251, 0.866193, 0.873877, 0.880116, 0.88478, 0.887784, 0.889068
0.889068, 0.890346, 0.89328, 0.897692, 0.903339, 0.909915, 0.917084, 0.924504, 0.931848, 0.938829, 0.945211, 0.950818, 0.955531, 0.95928, 0.962033, 0.963783, 0.964525
0.964525, 0.96526, 0.966934, 0.969415, 0.972521, 0.976032, 0.979716, 0.983351, 0.986746, 0.989757, 0.992294, 0.994324, 0.995862, 0.996958, 0.997682, 0.998102, 0.99827
0.99827, 0.998431, 0.998773, 0.999215, 0.999645, 0.999939, 0.999978, 0.999672, 0.998972, 0.997883, 0.996465, 0.994829, 0.993125, 0.991522, 0.990184, 0.989257, 0.988844
0.988844, 0.988424, 0.987419, 0.985803, 0.983539, 0.980603, 0.976996, 0.972762, 0.967996, 0.962854, 0.957542, 0.952312, 0.94744, 0.943206, 0.939866, 0.937631, 0.936655
0.936655, 0.935671, 0.933363, 0.929758, 0.924899, 0.91886, 0.911762, 0.903783, 0.895159, 0.886185, 0.877209, 0.868611, 0.860782, 0.8541, 0.848902, 0.845456, 0.843958
0.843958, 0.842454, 0.838942, 0.833505, 0.82626, 0.81738, 0.807099, 0.795719, 0.783609, 0.771193, 0.758941, 0.747346, 0.736899, 0.728058, 0.721226, 0.716719, 0.714764
0.714764, 0.712804, 0.708241, 0.701207, 0.691889, 0.680551, 0.667531, 0.653244, 0.638171, 0.622849, 0.607851, 0.593762, 0.581147, 0.570531, 0.56236, 0.556986, 0.554659
0.554659, 0.552328, 0.546911, 0.538584, 0.527597, 0.514291, 0.499096, 0.482518, 0.465135, 0.44757, 0.430475, 0.414499, 0.400264, 0.38833, 0.379174, 0.373166, 0.370568
0.370568, 0.367967, 0.361929, 0.352669, 0.340488, 0.325791, 0.309076, 0.290926, 0.271983, 0.252935, 0.234482, 0.217311, 0.20207, 0.189335, 0.179591, 0.173208, 0.170451
0.170451, 0.167692, 0.161296, 0.151503, 0.138654, 0.123201, 0.105691, 0.0867518, 0.0670698, 0.0473616, 0.0283482, 0.0107257, -0.00486198, -0.0178472, -0.0277596, -0.0342411, -0.037038
-0.037038, -0.0398347, -0.0463132, -0.0562151, -0.0691757, -0.0847172, -0.102266, -0.121174, -0.140744, -0.16026, -0.179011, -0.196324, -0.211584, -0.224258, -0.233909, -0.240209, -0.242925
-0.242925, -0.245639, -0.251919, -0.261502, -0.274014, -0.288971, -0.3058, -0.323859, -0.342472, -0.360951, -0.378629, -0.394883, -0.409156, -0.42097, -0.429943, -0.435789, -0.438306
-0.438306, -0.44082, -0.446631, -0.45548, -0.467002, -0.480729, -0.496109, -0.512539, -0.529389, -0.546032, -0.561873, -0.576365, -0.589033, -0.599478, -0.607384, -0.612522, -0.614732
-0.614732, -0.616937, -0.622028, -0.62976, -0.639795, -0.651696, -0.664964, -0.679053, -0.693412, -0.7075, -0.720818, -0.732922, -0.743437, -0.75206, -0.758557, -0.762767, -0.764574
-0.764574, -0.766375, -0.770524, -0.776806, -0.784918, -0.794481, -0.805061, -0.816201, -0.827447, -0.838371, -0.84859, -0.857783, -0.865691, -0.872118, -0.876927, -0.880025, -0.881351
-0.881351, -0.882669, -0.885699, -0.890258, -0.896097, -0.902907, -0.910343, -0.918052, -0.925699, -0.932985, -0.939664, -0.945548, -0.950506, -0.954461, -0.957372, -0.959225, -0.960012
-0.960012, -0.960792, -0.96257, -0.96521, -0.968524, -0.972286, -0.976256, -0.980201, -0.983918, -0.987252, -0.990102, -0.992422, -0.994217, -0.995527, -0.996415, -0.996943, -0.997158
-0.997158, -0.997364, -0.997814, -0.99842, -0.999066, -0.999618, -0.99995, -0.999959, -0.999587, -0.998825, -0.997722, -0.996377, -0.994931, -0.993541, -0.992367, -0.991547, -0.99118
-0.99118, -0.990805, -0.989907, -0.988453, -0.986402, -0.98372, -0.9804, -0.976474, -0.972027, -0.967202, -0.962194, -0.957244, -0.952618, -0.948588, -0.945403, -0.94327, -0.942337
-0.942337, -0.941397, -0.93919, -0.935739, -0.93108, -0.92528, -0.918452, -0.91076, -0.902431, -0.893751, -0.885055, -0.876713, -0.869109, -0.862612, -0.857554, -0.854201, -0.852742
-0.852742, -0.851277, -0.847856, -0.842558, -0.835492, -0.826826, -0.816784, -0.805659, -0.793809, -0.781649, -0.769641, -0.758268, -0.748014, -0.739332, -0.73262, -0.728191, -0.72627
-0.72627, -0.724343, -0.719857, -0.712939, -0.703773, -0.692614, -0.679793, -0.665717, -0.650857, -0.635744, -0.620943, -0.607031, -0.59457, -0.584079, -0.576002, -0.570689, -0.568389
-0.568389, -0.566084, -0.560726, -0.552489, -0.541619, -0.52845, -0.513405, -0.496985, -0.479759, -0.462346, -0.445391, -0.429542, -0.415413, -0.403566, -0.394475, -0.388508, -0.385927
-0.385927, -0.383344, -0.377347, -0.368146, -0.356041, -0.341432, -0.324813, -0.30676, -0.287912, -0.268953, -0.250579, -0.233477, -0.218292, -0.205601, -0.195888, -0.189525, -0.186776
-0.186776, -0.184026, -0.177648, -0.167882, -0.155067, -0.139649, -0.122175, -0.103269, -0.0836151, -0.0639284, -0.0449295, -0.0273151, -0.0117304, 0.00125552, 0.0111703, 0.0176542, 0.0204524
0.0204524, 0.0232505, 0.0297328, 0.0396417, 0.052614, 0.0681733, 0.0857469, 0.104687, 0.124298, 0.14386, 0.162663, 0.180028, 0.195339, 0.208058, 0.217745, 0.22407, 0.226796
0.226796, 0.229521, 0.235828, 0.245452, 0.258019, 0.273048, 0.289961, 0.308117, 0.326836, 0.345428, 0.36322, 0.379585, 0.39396, 0.405862, 0.414904, 0.420795, 0.423332
0.423332, 0.425866, 0.431725, 0.440647, 0.452267, 0.466114, 0.481635, 0.498221, 0.51524, 0.532057, 0.54807, 0.562727, 0.575544, 0.586115, 0.594119, 0.599323, 0.601561
0.601561, 0.603794, 0.608951, 0.616785, 0.626955, 0.639022, 0.65248, 0.66678, 0.681361, 0.695677, 0.709218, 0.721534, 0.732238, 0.74102, 0.747642, 0.751932, 0.753774
0.753774, 0.755611, 0.759842, 0.766251, 0.77453, 0.784295, 0.795108, 0.806503, 0.818016, 0.829211, 0.839695, 0.849136, 0.857266, 0.86388, 0.868831, 0.872024, 0.87339
0.87339, 0.87475, 0.877874, 0.882579, 0.88861, 0.895651, 0.903351, 0.911348, 0.919296, 0.926885, 0.933859, 0.940017, 0.94522, 0.94938, 0.952448, 0.954403, 0.955235
0.955235, 0.956059, 0.95794, 0.960739, 0.964261, 0.968273, 0.972527, 0.97678, 0.980819, 0.984476, 0.987637, 0.990246, 0.992298, 0.993823, 0.994874, 0.995509, 0.99577
0.99577, 0.996023, 0.99658, 0.99735, 0.998211, 0.999022, 0.999646, 0.999971, 0.999926, 0.999491, 0.998704, 0.997651, 0.996462, 0.995287, 0.994277, 0.993563, 0.993242
0.993242, 0.992913, 0.992122, 0.990831, 0.988993, 0.986566, 0.983534, 0.979917, 0.97579, 0.971283, 0.96658, 0.961912, 0.957534, 0.953709, 0.95068, 0.948649, 0.94776
0.94776, 0.946864, 0.944758, 0.941462, 0.937005, 0.931446, 0.924888, 0.917486, 0.909455, 0.90107, 0.892656, 0.884573, 0.877196, 0.870887, 0.865971, 0.86271, 0.861291
0.861291, 0.859866, 0.856537, 0.851378, 0.844495, 0.836044, 0.826244, 0.815377, 0.80379, 0.79189, 0.780128, 0.76898, 0.758922, 0.750402, 0.743812, 0.739462, 0.737575
0.737575, 0.735682, 0.731275, 0.724476, 0.715464, 0.704487, 0.691868, 0.678006, 0.663364, 0.648464, 0.633863, 0.620132, 0.607829, 0.597466, 0.589486, 0.584235, 0.581962
0.581962, 0.579683, 0.574387, 0.566243, 0.555492, 0.542463, 0.527572, 0.511314, 0.49425, 0.476994, 0.460185, 0.444466, 0.430449, 0.418691, 0.409667, 0.403743, 0.401181
0.401181, 0.398616, 0.39266, 0.383522, 0.371497, 0.35698, 0.340461, 0.32251, 0.303762, 0.284896, 0.266607, 0.249578, 0.234454, 0.22181, 0.212131, 0.20579, 0.20305
0.20305, 0.200309, 0.193952, 0.184216, 0.171437, 0.156059, 0.138626, 0.119758, 0.100137, 0.0804775, 0.0614985, 0.0438971, 0.0283195, 0.0153365, 0.00542213, -0.00106244, -0.00386117

-0.931668, -0.930647, -0.928255, -0.924521, -0.919494, -0.913255, -0.905933, -0.897713, -0.888841, -0.879623, -0.870413, -0.861601, -0.853584, -0.846747, -0.841431, -0.837909, -0.836379
-0.836379, -0.834841, -0.831254, -0.825701, -0.818306, -0.809248, -0.798768, -0.787176, -0.774849, -0.76222, -0.749766, -0.737987, -0.727378, -0.718406, -0.711474, -0.706902, -0.704919
-0.704919, -0.702932, -0.698305, -0.691173, -0.68173, -0.670244, -0.657059, -0.642598, -0.627348, -0.611854, -0.596694, -0.582457, -0.569716, -0.558996, -0.550748, -0.545323, -0.542975
-0.542975, -0.540623, -0.535156, -0.526755, -0.515672, -0.502254, -0.486935, -0.470229, -0.452716, -0.435027, -0.417817, -0.401739, -0.387416, -0.375412, -0.366204, -0.360162, -0.35755
-0.35755, -0.354935, -0.348865, -0.339556, -0.327313, -0.312544, -0.295754, -0.277525, -0.258507, -0.239388, -0.220872, -0.203647, -0.188362, -0.175593, -0.165823, -0.159425, -0.156662
-0.156662, -0.153897, -0.147486, -0.137673, -0.124799, -0.109318, -0.0917817, -0.0728192, -0.0531179, -0.0333958, -0.0143742, 0.00325143, 0.0188382, 0.0318201, 0.0417283, 0.0482064, 0.0510017
0.0510017, 0.0537965, 0.0602706, 0.0701644, 0.0831123, 0.0986355, 0.116159, 0.135036, 0.154568, 0.17404, 0.192745, 0.21001, 0.225224, 0.237857, 0.247475, 0.253753, 0.256459
0.256459, 0.259163, 0.265421, 0.274967, 0.287429, 0.302324, 0.319077, 0.337051, 0.35557, 0.37395, 0.391528, 0.407686, 0.421869, 0.433607, 0.44252, 0.448326, 0.450826
0.450826, 0.453322, 0.459093, 0.467878, 0.479316, 0.492938, 0.508196, 0.52449, 0.541195, 0.557688, 0.57338, 0.587731, 0.600271, 0.610606, 0.618428, 0.623511, 0.625696
0.625696, 0.627877, 0.632911, 0.640556, 0.650474, 0.662234, 0.675338, 0.689247, 0.703415, 0.717308, 0.730435, 0.742359, 0.752713, 0.761198, 0.767591, 0.771731, 0.773508
0.773508, 0.775278, 0.779358, 0.785532, 0.793502, 0.802891, 0.813273, 0.824197, 0.835215, 0.845908, 0.855902, 0.864883, 0.872603, 0.878872, 0.883559, 0.886577, 0.887868
0.887868, 0.889152, 0.892101, 0.896537, 0.902214, 0.908827, 0.916038, 0.923504, 0.930896, 0.937925, 0.944354, 0.950005, 0.954756, 0.958538, 0.961316, 0.963082, 0.963832
0.963832, 0.964574, 0.966264, 0.96877, 0.971908, 0.975459, 0.979188, 0.982872, 0.986319, 0.989381, 0.991967, 0.994042, 0.995621, 0.996751, 0.9975, 0.997937, 0.998113
0.998113, 0.998281, 0.99864, 0.999108, 0.999572, 0.999907, 0.999992, 0.999736, 0.999087, 0.998049, 0.996681, 0.995091, 0.993428, 0.991858, 0.990547, 0.989636, 0.98923
0.98923, 0.988817, 0.987829, 0.986238, 0.984008, 0.981112, 0.97755, 0.973365, 0.968649, 0.963557, 0.958293, 0.953107, 0.948274, 0.944071, 0.940756, 0.938537, 0.937567
0.937567, 0.93659, 0.934298, 0.930718, 0.92589, 0.919889, 0.912834, 0.904899, 0.896321, 0.887394, 0.878462, 0.869904, 0.86211, 0.855458, 0.850281, 0.84685, 0.845358
0.845358, 0.84386, 0.840363, 0.834947, 0.827731, 0.818884, 0.80864, 0.797301, 0.785231, 0.772855, 0.760641, 0.749082, 0.738664, 0.729849, 0.723035, 0.71854, 0.716591
0.716591, 0.714636, 0.710085, 0.703069, 0.693775, 0.682465, 0.669476, 0.655222, 0.640182, 0.624893, 0.609926, 0.595864, 0.583274, 0.572677, 0.56452, 0.559156, 0.556834
0.556834, 0.554507, 0.549099, 0.540785, 0.529817, 0.516533, 0.50136, 0.484807, 0.467448, 0.449907, 0.432834, 0.416878, 0.402659, 0.390739, 0.381593, 0.375591, 0.372996
0.372996, 0.370397, 0.364366, 0.355115, 0.342946, 0.328262, 0.311563, 0.293427, 0.274499, 0.255464, 0.237023, 0.219864, 0.204631, 0.191903, 0.182163, 0.175783, 0.173027
0.173027, 0.17027, 0.163876, 0.154088, 0.141244, 0.125796, 0.108291, 0.089357, 0.069679, 0.0499739, 0.0309624, 0.0133408, -0.00224665, -0.0152322, -0.0251451, -0.0316271, -0.0344243
-0.0344243, -0.0372213, -0.0437005, -0.0536037, -0.0665664, -0.0821109, -0.0996639, -0.118577, -0.138154, -0.157678, -0.176437, -0.193759, -0.209027, -0.221708, -0.231366, -0.237669, -0.240387
-0.240387, -0.243103, -0.249388, -0.258977, -0.271498, -0.286467, -0.303309, -0.321384, -0.340013, -0.358511, -0.376207, -0.392479, -0.406768, -0.418597, -0.42758, -0.433433, -0.435954
-0.435954, -0.438471, -0.44429, -0.45315, -0.464688, -0.478434, -0.493837, -0.510291, -0.527168, -0.543839, -0.559707, -0.574226, -0.586918, -0.597382, -0.605304, -0.610453, -0.612667
-0.612667, -0.614877, -0.619978, -0.627727, -0.637782, -0.64971, -0.663008, -0.677131, -0.691525, -0.705649, -0.719002, -0.73114, -0.741686, -0.750333, -0.756851, -0.761073, -0.762885
-0.762885, -0.764692, -0.768855, -0.775156, -0.783295, -0.79289, -0.803507, -0.814688, -0.825976, -0.836942, -0.847204, -0.856436, -0.864379, -0.870836, -0.875667, -0.87878, -0.880112
-0.880112, -0.881437, -0.884481, -0.889064, -0.894934, -0.90178, -0.909257, -0.917012, -0.924707, -0.932041, -0.938766, -0.944694, -0.949691, -0.953678, -0.956613, -0.958483, -0.959277
-0.959277, -0.960064, -0.961858, -0.964523, -0.96787, -0.971671, -0.975686, -0.979679, -0.983448, -0.986833, -0.989731, -0.992097, -0.993932, -0.995277, -0.99619, -0.996735, -0.996957
-0.996957, -0.997171, -0.997638, -0.99827, -0.998949, -0.999542, -0.99992, -0.99998, -0.999659, -0.998948, -0.997895, -0.996596, -0.99519, -0.993834, -0.992686, -0.991883, -0.991523
-0.991523, -0.991155, -0.990274, -0.988846, -0.986828, -0.984187, -0.980912, -0.977035, -0.972638, -0.967863, -0.962903, -0.957997, -0.95341, -0.949413, -0.946252, -0.944135, -0.943209
-0.943209, -0.942276, -0.940085, -0.936658, -0.932031, -0.926269, -0.919483, -0.911837, -0.903555, -0.894921, -0.886269, -0.877968, -0.870399, -0.863932, -0.858897, -0.855558, -0.854105
-0.854105, -0.852646, -0.84924, -0.843963, -0.836927, -0.828294, -0.81829, -0.807205, -0.795397, -0.783278, -0.771308, -0.75997, -0.749747, -0.741091, -0.734397, -0.729981, -0.728065
-0.728065, -0.726144, -0.72167, -0.714771, -0.705629, -0.694498, -0.681709, -0.667666, -0.65284, -0.637761, -0.622991, -0.609107, -0.596671, -0.5862, -0.578138, -0.572835, -0.570539
-0.570539, -0.568238, -0.56289, -0.554667, -0.543816, -0.530669, -0.515647, -0.499252, -0.482052, -0.464663, -0.447731, -0.431902, -0.417791, -0.405958, -0.396877, -0.390916, -0.388339
-0.388339, -0.385758, -0.379767, -0.370577, -0.358484, -0.343889, -0.327286, -0.309248, -0.290416, -0.271471, -0.25311, -0.236019, -0.220844, -0.20816, -0.198452, -0.192092, -0.189345
-0.189345, -0.186596, -0.180221, -0.17046, -0.15765, -0.142238, -0.12477, -0.10587, -0.086221, -0.0665382, -0.0475421, -0.0299294, -0.0143455, -0.00135983, 0.00855504, 0.0150392, 0.0178375
0.0178375, 0.0206357, 0.0271185, 0.0370283, 0.0500021, 0.0655638, 0.0831409, 0.102086, 0.121703, 0.141272, 0.160082, 0.177455, 0.192773, 0.205499, 0.215192, 0.22152, 0.224248
0.224248, 0.226975, 0.233286, 0.242915, 0.255492, 0.270531, 0.287457, 0.305628, 0.324363, 0.342972, 0.360782, 0.377165, 0.391555, 0.403471, 0.412523, 0.418421, 0.420962
0.420962, 0.423499, 0.429364, 0.438297, 0.449932, 0.463798, 0.479341, 0.495952, 0.512996, 0.529841, 0.545881, 0.560564, 0.573403, 0.583994, 0.592014, 0.597227, 0.59947
0.59947, 0.601708, 0.606874, 0.614725, 0.624915, 0.637008, 0.650496, 0.664829, 0.679444, 0.693795, 0.707372, 0.71972, 0.730455, 0.739262, 0.745902, 0.750206, 0.752053
0.752053, 0.753895, 0.758139, 0.764568, 0.772873, 0.78267, 0.793519, 0.804954, 0.816509, 0.827746, 0.838272, 0.847752, 0.855917, 0.86256, 0.867534, 0.870741, 0.872113
0.872113, 0.873479, 0.876618, 0.881346, 0.887407, 0.894485, 0.902226, 0.910268, 0.918263, 0.925901, 0.93292, 0.939122, 0.944364, 0.948555, 0.951647, 0.953619, 0.954458
0.954458, 0.955289, 0.957187, 0.96001, 0.963564, 0.967616, 0.971915, 0.976217, 0.980306, 0.984013, 0.987224, 0.989879, 0.991971, 0.993529, 0.994606, 0.995258, 0.995526
0.995526, 0.995787, 0.996361, 0.997157, 0.998051, 0.998903, 0.999573, 0.999948, 0.999954, 0.999571, 0.998833, 0.997827, 0.996679, 0.995537, 0.994553, 0.993856, 0.993542
0.993542, 0.993221, 0.992446, 0.991181, 0.989376, 0.98699, 0.984003, 0.980435, 0.976359, 0.971902, 0.967247, 0.962623, 0.958285, 0.954492, 0.951488, 0.949473, 0.948591
0.948591, 0.947702, 0.945612, 0.94234, 0.937915, 0.932394, 0.925879, 0.918523, 0.91054, 0.902201, 0.893832, 0.88579, 0.878448, 0.872169, 0.867276, 0.86403, 0.862617
0.862617, 0.861198, 0.857884, 0.852747, 0.845893, 0.837476, 0.827714, 0.816888, 0.805343, 0.793485, 0.781762, 0.77065, 0.760623, 0.752128, 0.745557, 0.74122, 0.739339
0.739339, 0.737451, 0.733056, 0.726276, 0.717289, 0.706341, 0.693754, 0.679926, 0.665319, 0.650452, 0.635883, 0.622182, 0.609903, 0.599561, 0.591596, 0.586356, 0.584087

-0.967462, -0.968167, -0.969769, -0.972141, -0.975103, -0.978441, -0.981929, -0.985352, -0.988526, -0.991315, -0.993638, -0.995469, -0.99683, -0.997779, -0.99839, -0.998737, -0.998874
-0.998874, -0.999003, -0.999271, -0.999601, -0.999883, -1, -0.999839, -0.999317, -0.998393, -0.997079, -0.995446, -0.993611, -0.991731, -0.989981, -0.988533, -0.987533, -0.987088
-0.987088, -0.986636, -0.985559, -0.983831, -0.981423, -0.978313, -0.97451, -0.970065, -0.965083, -0.959724, -0.954205, -0.948784, -0.943744, -0.93937, -0.935924, -0.933621, -0.932615
-0.932615, -0.931601, -0.929224, -0.925515, -0.920519, -0.914317, -0.907037, -0.898862, -0.890036, -0.880864, -0.871698, -0.862925, -0.854944, -0.848136, -0.842841, -0.839334, -0.837809
-0.837809, -0.836278, -0.832705, -0.827174, -0.819807, -0.810781, -0.800339, -0.788787, -0.7765, -0.76391, -0.751494, -0.739749, -0.729171, -0.720223, -0.713309, -0.708749, -0.706772
-0.706772, -0.704789, -0.700174, -0.693061, -0.683641, -0.672182, -0.659029, -0.644599, -0.629382, -0.61392, -0.59879, -0.584581, -0.571864, -0.561163, -0.552929, -0.547514, -0.54517
-0.54517, -0.542821, -0.537364, -0.528976, -0.517911, -0.504514, -0.489218, -0.472536, -0.455047, -0.437381, -0.420192, -0.404133, -0.389826, -0.377835, -0.368636, -0.362601, -0.359991
-0.359991, -0.357378, -0.351315, -0.342015, -0.329783, -0.315028, -0.298251, -0.280037, -0.261032, -0.241926, -0.223422, -0.206207, -0.19093, -0.178167, -0.168402, -0.162006, -0.159244
-0.159244, -0.15648, -0.150072, -0.140263, -0.127393, -0.111918, -0.0943857, -0.0754274, -0.0557293, -0.0360096, -0.0169892, 0.000636083, 0.0162232, 0.029206, 0.0391151, 0.0455939, 0.0483895
0.0483895, 0.0511848, 0.0576598, 0.0675553, 0.0805057, 0.0960326, 0.113561, 0.132444, 0.151984, 0.171464, 0.190178, 0.207452, 0.222675, 0.235316, 0.244941, 0.251222, 0.25393
0.25393, 0.256636, 0.262898, 0.272452, 0.284923, 0.29983, 0.316597, 0.334588, 0.353124, 0.371523, 0.38912, 0.405296, 0.419497, 0.431249, 0.440173, 0.445987, 0.44849
0.44849, 0.45099, 0.456768, 0.465565, 0.477019, 0.49066, 0.505942, 0.522262, 0.538994, 0.555515, 0.571235, 0.585613, 0.598177, 0.608533, 0.61637, 0.621464, 0.623654
0.623654, 0.625839, 0.630884, 0.638545, 0.648485, 0.660272, 0.673406, 0.68735, 0.701553, 0.715484, 0.728646, 0.740604, 0.750988, 0.7595, 0.765912, 0.770065, 0.771847
0.771847, 0.773624, 0.777717, 0.783911, 0.791907, 0.801329, 0.811749, 0.822713, 0.833774, 0.84451, 0.854546, 0.863568, 0.871322, 0.877621, 0.882331, 0.885364, 0.886662
0.886662, 0.887952, 0.890916, 0.895375, 0.901083, 0.907733, 0.914986, 0.922497, 0.929937, 0.937015, 0.943491, 0.949185, 0.953975, 0.957789, 0.960592, 0.962375, 0.963131
0.963131, 0.96388, 0.965587, 0.968118, 0.97129, 0.97488, 0.978654, 0.982387, 0.985884, 0.988997, 0.991633, 0.993754, 0.995373, 0.996536, 0.997312, 0.997766, 0.997949
0.997949, 0.998124, 0.9985, 0.998994, 0.999492, 0.999867, 0.999999, 0.999793, 0.999196, 0.998209, 0.996891, 0.995347, 0.993724, 0.992188, 0.990902, 0.990008, 0.98961
0.98961, 0.989204, 0.988232, 0.986667, 0.984471, 0.981615, 0.978098, 0.973961, 0.969296, 0.964253, 0.959037, 0.953895, 0.949101, 0.944931, 0.941639, 0.939437, 0.938474
0.938474, 0.937504, 0.935227, 0.931671, 0.926875, 0.920911, 0.913898, 0.906009, 0.897478, 0.888597, 0.879709, 0.871191, 0.863433, 0.856809, 0.851655, 0.848238, 0.846753
0.846753, 0.84526, 0.841777, 0.836384, 0.829195, 0.820382, 0.810176, 0.798876, 0.786848, 0.774512, 0.762337, 0.750812, 0.740425, 0.731634, 0.724839, 0.720357, 0.718413
0.718413, 0.716463, 0.711924, 0.704926, 0.695656, 0.684374, 0.671417, 0.657195, 0.642189, 0.626933, 0.611997, 0.597962, 0.585396, 0.574819, 0.566677, 0.561323, 0.559004
0.559004, 0.556681, 0.551283, 0.542983, 0.532033, 0.51877, 0.503622, 0.487093, 0.469759, 0.452241, 0.43519, 0.419254, 0.405052, 0.393145, 0.384009, 0.378013, 0.375421
0.375421, 0.372825, 0.366801, 0.357559, 0.345401, 0.330731, 0.314047, 0.295926, 0.277013, 0.257992, 0.239563, 0.222414, 0.20719, 0.194469, 0.184734, 0.178357, 0.175602
0.175602, 0.172846, 0.166456, 0.156671, 0.143832, 0.12839, 0.110891, 0.0919616, 0.0722878, 0.0525858, 0.0335764, 0.0159559, 0.000368698, -0.0126171, -0.0225305, -0.029013, -0.0318104
-0.0318104, -0.0346076, -0.0410875, -0.050992, -0.0639566, -0.0795041, -0.0970612, -0.11598, -0.135564, -0.155095, -0.173863, -0.191192, -0.206469, -0.219157, -0.22882, -0.235128, -0.237847
-0.237847, -0.240565, -0.246854, -0.25645, -0.26898, -0.28396, -0.300815, -0.318906, -0.337553, -0.356068, -0.373783, -0.390072, -0.404377, -0.41622, -0.425215, -0.431075, -0.433599
-0.433599, -0.436119, -0.441945, -0.450817, -0.462371, -0.476135, -0.491561, -0.50804, -0.524944, -0.541643, -0.557538, -0.572083, -0.584798, -0.595283, -0.60322, -0.608379, -0.610598
-0.610598, -0.612812, -0.617924, -0.625689, -0.635766, -0.64772, -0.661048, -0.675204, -0.689633, -0.703793, -0.717182, -0.729354, -0.739929, -0.748602, -0.755139, -0.759374, -0.761192
-0.761192, -0.763004, -0.76718, -0.773502, -0.781667, -0.791293, -0.801947, -0.813168, -0.824499, -0.835508, -0.845811, -0.855083, -0.863061, -0.869547, -0.874401, -0.877529, -0.878867
-0.878867, -0.880199, -0.883258, -0.887864, -0.893764, -0.900646, -0.908166, -0.915966, -0.923708, -0.93109, -0.937862, -0.943833, -0.948868, -0.952888, -0.955848, -0.957734, -0.958535
-0.958535, -0.959329, -0.961139, -0.963829, -0.967209, -0.97105, -0.975109, -0.979152, -0.98297, -0.986406, -0.989354, -0.991766, -0.993641, -0.99502, -0.995959, -0.99652, -0.99675
-0.99675, -0.996971, -0.997455, -0.998113, -0.998826, -0.99946, -0.999884, -0.999993, -0.999723, -0.999064, -0.998061, -0.996809, -0.995443, -0.994121, -0.992999, -0.992212, -0.991859
-0.991859, -0.991499, -0.990634, -0.989232, -0.987248, -0.984647, -0.981417, -0.977588, -0.973242, -0.968517, -0.963605, -0.958744, -0.954196, -0.950231, -0.947095, -0.944994, -0.944075
-0.944075, -0.943148, -0.940973, -0.937571, -0.932975, -0.927252, -0.920508, -0.912907, -0.904672, -0.896085, -0.887477, -0.879217, -0.871684, -0.865247, -0.860233, -0.856909, -0.855463
-0.855463, -0.85401, -0.850618, -0.845363, -0.838355, -0.829756, -0.81979, -0.808746, -0.796979, -0.784901, -0.77297, -0.761667, -0.751475, -0.742844, -0.73617, -0.731766, -0.729855
-0.729855, -0.727939, -0.723478, -0.716598, -0.70748, -0.696378, -0.68362, -0.669611, -0.654819, -0.639773, -0.625034, -0.611179, -0.598767, -0.588316, -0.58027, -0.574977, -0.572685
-0.572685, -0.570388, -0.56505, -0.556842, -0.546008, -0.532883, -0.517886, -0.501517, -0.484341, -0.466977, -0.450068, -0.434259, -0.420166, -0.408346, -0.399276, -0.393322, -0.390748
-0.390748, -0.38817, -0.382186, -0.373005, -0.360925, -0.346344, -0.329756, -0.311734, -0.292918, -0.273987, -0.255639, -0.23856, -0.223394, -0.210717, -0.201015, -0.194658, -0.191912
-0.191912, -0.189165, -0.182793, -0.173037, -0.160232, -0.144827, -0.127365, -0.108471, -0.0888263, -0.0691475, -0.0501543, -0.0325435, -0.0169605, -0.00397517, 0.00593976, 0.0124241, 0.0152225
0.0152225, 0.0180209, 0.024504, 0.0344146, 0.0473899, 0.0629538, 0.0805343, 0.0994841, 0.119106, 0.138682, 0.157499, 0.17488, 0.190206, 0.202939, 0.212637, 0.218969, 0.221699
0.221699, 0.224427, 0.230742, 0.240378, 0.252962, 0.268012, 0.284951, 0.303136, 0.321888, 0.340514, 0.358342, 0.374741, 0.389147, 0.401076, 0.410139, 0.416044, 0.418588
0.418588, 0.421128, 0.427001, 0.435945, 0.447595, 0.461479, 0.477044, 0.493679, 0.51075, 0.527621, 0.543688, 0.558396, 0.571259, 0.581869, 0.589904, 0.595128, 0.597374
0.597374, 0.599617, 0.604793, 0.61266, 0.622871, 0.63499, 0.648507, 0.662873, 0.677523, 0.69191, 0.705521, 0.717902, 0.728666, 0.737498, 0.744158, 0.748474, 0.750327
0.750327, 0.752174, 0.756431, 0.762879, 0.771211, 0.78104, 0.791925, 0.803399, 0.814996, 0.826276, 0.836843, 0.846362, 0.854561, 0.861233, 0.86623, 0.869452, 0.870831
0.870831, 0.872203, 0.875357, 0.880107, 0.886198, 0.893312, 0.901095, 0.909182, 0.917224, 0.924909, 0.931976, 0.93822, 0.9435, 0.947724, 0.950841, 0.952829, 0.953675
0.953675, 0.954513, 0.956426, 0.959274, 0.962861, 0.966953, 0.971296, 0.975646, 0.979786, 0.983544, 0.986804, 0.989504, 0.991636, 0.993229, 0.994332, 0.995, 0.995276
0.995276, 0.995544, 0.996134, 0.996956, 0.997885, 0.998777, 0.999493, 0.999918, 0.999976, 0.999644, 0.998956, 0.997996, 0.996888, 0.995781, 0.994822, 0.994142, 0.993835
0.993835, 0.993521, 0.992763, 0.991524, 0.989753, 0.987407, 0.984466, 0.980947, 0.976921, 0.972514, 0.967908, 0.963328, 0.959029, 0.955269, 0.95229, 0.950291, 0.949416

-0.634519, -0.636679, -0.641666, -0.649239, -0.659062, -0.670704, -0.683673, -0.697435, -0.711445, -0.725178, -0.738148, -0.749924, -0.760144, -0.768517, -0.774823, -0.778907, -0.780659
-0.780659, -0.782405, -0.786427, -0.792512, -0.800365, -0.809612, -0.819832, -0.830578, -0.841409, -0.851913, -0.861722, -0.870531, -0.878096, -0.884235, -0.888822, -0.891775, -0.893038
-0.893038, -0.894294, -0.897177, -0.901512, -0.907056, -0.913508, -0.920536, -0.927802, -0.934986, -0.941805, -0.94803, -0.953491, -0.958074, -0.961713, -0.964383, -0.966078, -0.966797
-0.966797, -0.967509, -0.969128, -0.971525, -0.97452, -0.977898, -0.981431, -0.984903, -0.988128, -0.990968, -0.99334, -0.995217, -0.996618, -0.997601, -0.998239, -0.998602, -0.998746
-0.998746, -0.998883, -0.999168, -0.999523, -0.99984, -0.999997, -0.999883, -0.99941, -0.998538, -0.997276, -0.995692, -0.993903, -0.992063, -0.990347, -0.988924, -0.987941, -0.987504
-0.987504, -0.987059, -0.985998, -0.984296, -0.981921, -0.978851, -0.975093, -0.970697, -0.965764, -0.960455, -0.954984, -0.949607, -0.944606, -0.940264, -0.936842, -0.934555, -0.933555
-0.933555, -0.932548, -0.930188, -0.926502, -0.921538, -0.915373, -0.908135, -0.900005, -0.891226, -0.882099, -0.872977, -0.864244, -0.856298, -0.849518, -0.844246, -0.840753, -0.839234
-0.839234, -0.837709, -0.83415, -0.828641, -0.821302, -0.81231, -0.801904, -0.790391, -0.778145, -0.765595, -0.753217, -0.741506, -0.730958, -0.722035, -0.715139, -0.710592, -0.70862
-0.70862, -0.706642, -0.702039, -0.694944, -0.685548, -0.674116, -0.660993, -0.646597, -0.631413, -0.615983, -0.600883, -0.586701, -0.574007, -0.563326, -0.555106, -0.5497, -0.54736
-0.54736, -0.545016, -0.539568, -0.531193, -0.520146, -0.506771, -0.491497, -0.474839, -0.457374, -0.439731, -0.422564, -0.406524, -0.392233, -0.380255, -0.371066, -0.365037, -0.36243
-0.36243, -0.35982, -0.353762, -0.344471, -0.332251, -0.317509, -0.300746, -0.282546, -0.263556, -0.244463, -0.22597, -0.208766, -0.193496, -0.18074, -0.170979, -0.164587, -0.161825
-0.161825, -0.159063, -0.152658, -0.142852, -0.129987, -0.114516, -0.096989, -0.078035, -0.0583404, -0.0386231, -0.0196042, -0.00197927, 0.0136082, 0.0265916, 0.0365016, 0.0429811, 0.0457771
0.0457771, 0.0485727, 0.0550486, 0.0649457, 0.0778986, 0.093429, 0.110963, 0.129851, 0.149398, 0.168887, 0.18761, 0.204893, 0.220124, 0.232773, 0.242404, 0.24869, 0.2514
0.2514, 0.254108, 0.260374, 0.269934, 0.282415, 0.297334, 0.314116, 0.332122, 0.350676, 0.369094, 0.38671, 0.402904, 0.417121, 0.428888, 0.437824, 0.443644, 0.446151
0.446151, 0.448654, 0.45444, 0.463249, 0.474719, 0.48838, 0.503684, 0.52003, 0.536789, 0.553339, 0.569087, 0.583491, 0.596079, 0.606455, 0.614309, 0.619413, 0.621607
0.621607, 0.623797, 0.628852, 0.636531, 0.646492, 0.658305, 0.671471, 0.685448, 0.699687, 0.713654, 0.726853, 0.738845, 0.749259, 0.757796, 0.764228, 0.768394, 0.770182
0.770182, 0.771964, 0.77607, 0.782284, 0.790308, 0.799762, 0.810219, 0.821224, 0.832327, 0.843106, 0.853185, 0.862246, 0.870036, 0.876364, 0.881097, 0.884145, 0.885449
0.885449, 0.886746, 0.889725, 0.894208, 0.899945, 0.906632, 0.913928, 0.921485, 0.928972, 0.936098, 0.942621, 0.948359, 0.953188, 0.957034, 0.959862, 0.961661, 0.962424
0.962424, 0.963181, 0.964904, 0.96746, 0.970664, 0.974294, 0.978113, 0.981895, 0.985443, 0.988607, 0.991292, 0.993459, 0.995118, 0.996316, 0.997117, 0.997588, 0.997778
0.997778, 0.997961, 0.998354, 0.998873, 0.999405, 0.999821, 0.999999, 0.999842, 0.999297, 0.998362, 0.997093, 0.995595, 0.994013, 0.992511, 0.991251, 0.990374, 0.989983
0.989983, 0.989583, 0.988629, 0.98709, 0.984926, 0.982111, 0.978639, 0.974551, 0.969936, 0.964943, 0.959775, 0.954677, 0.949921, 0.945783, 0.942517, 0.94033, 0.939374
0.939374, 0.93841, 0.93615, 0.932618, 0.927853, 0.921927, 0.914957, 0.907113, 0.898628, 0.889793, 0.880949, 0.872472, 0.864749, 0.858155, 0.853022, 0.84962, 0.848141
0.848141, 0.846655, 0.843186, 0.837815, 0.830654, 0.821875, 0.811706, 0.800447, 0.788459, 0.776164, 0.764027, 0.752536, 0.74218, 0.733414, 0.726638, 0.722168, 0.720229
0.720229, 0.718285, 0.713758, 0.706779, 0.697533, 0.686279, 0.673353, 0.659164, 0.644192, 0.628968, 0.614063, 0.600057, 0.587515, 0.576957, 0.56883, 0.563485, 0.561171
0.561171, 0.558852, 0.553463, 0.545178, 0.534246, 0.521004, 0.505879, 0.489376, 0.472066, 0.454572, 0.437543, 0.421627, 0.407441, 0.395548, 0.386422, 0.380433, 0.377844
0.377844, 0.375251, 0.369232, 0.36, 0.347855, 0.333198, 0.316529, 0.298423, 0.279525, 0.260518, 0.242102, 0.224963, 0.209748, 0.197034, 0.187303, 0.18093, 0.178176
0.178176, 0.175422, 0.169034, 0.159254, 0.14642, 0.130983, 0.113489, 0.0945655, 0.074896, 0.0551973, 0.0361902, 0.0185709, 0.00298404, -0.010002, -0.0199158, -0.0263986, -0.0291963
-0.0291963, -0.0319937, -0.0384743, -0.0483798, -0.0613464, -0.0768968, -0.0944579, -0.113382, -0.132972, -0.15251, -0.171286, -0.188625, -0.203909, -0.216605, -0.226274, -0.232585, -0.235306
-0.235306, -0.238026, -0.244319, -0.253921, -0.26646, -0.281451, -0.29832, -0.316426, -0.33509, -0.353623, -0.371356, -0.387663, -0.401984, -0.413841, -0.422846, -0.428714, -0.43124
-0.43124, -0.433764, -0.439597, -0.448481, -0.46005, -0.473834, -0.489281, -0.505786, -0.522716, -0.539442, -0.555365, -0.569936, -0.582675, -0.593179, -0.601132, -0.606302, -0.608525
-0.608525, -0.610743, -0.615865, -0.623646, -0.633745, -0.645725, -0.659083, -0.673273, -0.687737, -0.701933, -0.715357, -0.727562, -0.738167, -0.746865, -0.753422, -0.75767, -0.759493
-0.759493, -0.761311, -0.765499, -0.771841, -0.780033, -0.789692, -0.800382, -0.811643, -0.823016, -0.834068, -0.844413, -0.853724, -0.861737, -0.868252, -0.873129, -0.876271, -0.877616
-0.877616, -0.878955, -0.882029, -0.886657, -0.892587, -0.899507, -0.907068, -0.914913, -0.922703, -0.930133, -0.936951, -0.942965, -0.948039, -0.952091, -0.955076, -0.956978, -0.957786
-0.957786, -0.958587, -0.960414, -0.963129, -0.966541, -0.970422, -0.974526, -0.978617, -0.982487, -0.985973, -0.98897, -0.991427, -0.993343, -0.994755, -0.995721, -0.996299, -0.996536
-0.996536, -0.996765, -0.997265, -0.997949, -0.998696, -0.99937, -0.99984, -0.999999, -0.999782, -0.999174, -0.99822, -0.997014, -0.995689, -0.994401, -0.993304, -0.992534, -0.992189
-0.992189, -0.991836, -0.990988, -0.989611, -0.987661, -0.9851, -0.981916, -0.978136, -0.97384, -0.969165, -0.964301, -0.959484, -0.954975, -0.951042, -0.947931, -0.945846, -0.944934
-0.944934, -0.944014, -0.941855, -0.938477, -0.933914, -0.928228, -0.921527, -0.913972, -0.905784, -0.897243, -0.88868, -0.88046, -0.872963, -0.866555, -0.861564, -0.858254, -0.856814
-0.856814, -0.855368, -0.851991, -0.846758, -0.839778, -0.831213, -0.821285, -0.810282, -0.798556, -0.786519, -0.774626, -0.763359, -0.753198, -0.744592, -0.737937, -0.733546, -0.731641
-0.731641, -0.72973, -0.725281, -0.718419, -0.709326, -0.698252, -0.685527, -0.671551, -0.656794, -0.641781, -0.627074, -0.613247, -0.60086, -0.590429, -0.582398, -0.577114, -0.574827
-0.574827, -0.572534, -0.567206, -0.559012, -0.548198, -0.535095, -0.520122, -0.503778, -0.486628, -0.469288, -0.452402, -0.436614, -0.422538, -0.410732, -0.401672, -0.395725, -0.393154
-0.393154, -0.390579, -0.384601, -0.37543, -0.363362, -0.348796, -0.332224, -0.314218, -0.295417, -0.276501, -0.258167, -0.241099, -0.225942, -0.213273, -0.203576, -0.197223, -0.194478
-0.194478, -0.191732, -0.185364, -0.175612, -0.162813, -0.147414, -0.129958, -0.11107, -0.091431, -0.0717563, -0.0527662, -0.0351573, -0.0195755, -0.00659048, 0.00332444, 0.00980889, 0.0126074
0.0126074, 0.0154059, 0.0218894, 0.0318007, 0.0447773, 0.0603435, 0.0779272, 0.0968814, 0.116509, 0.136092, 0.154916, 0.172305, 0.187638, 0.200377, 0.210081, 0.216416, 0.219148
0.219148, 0.221878, 0.228196, 0.237838, 0.250431, 0.265491, 0.282443, 0.300643, 0.319411, 0.338054, 0.355899, 0.372315, 0.386736, 0.398679, 0.407752, 0.413665, 0.416211
0.416211, 0.418754, 0.424634, 0.43359, 0.445255, 0.459158, 0.474744, 0.491403, 0.508499, 0.525397, 0.541491, 0.556224, 0.56911, 0.57974, 0.58779, 0.593024, 0.595275
0.595275, 0.597521, 0.602709, 0.610591, 0.620823, 0.632967, 0.646514, 0.660912, 0.675597, 0.690019, 0.703665, 0.716079, 0.726872, 0.735729, 0.742408, 0.746737, 0.748595
0.748595, 0.750448, 0.754718, 0.761186, 0.769543, 0.779404, 0.790325, 0.801839, 0.813478, 0.8248, 0.835409, 0.844966, 0.8532, 0.859901, 0.86492, 0.868157, 0.869542
0.869542, 0.870921, 0.874089, 0.878863, 0.884984, 0.892134, 0.899958, 0.90809, 0.916179, 0.923912, 0.931024, 0.937312, 0.94263, 0.946886, 0.950028, 0.952032, 0.952885

-0.0597348, -0.0625283, -0.0689989, -0.0788866, -0.0918253, -0.107336, -0.124842, -0.143697, -0.163204, -0.182647, -0.20132, -0.218553, -0.233737, -0.246343, -0.25594, -0.262204, -0.264903
-0.264903, -0.267601, -0.273844, -0.283366, -0.295796, -0.310649, -0.327354, -0.345273, -0.363731, -0.382048, -0.399562, -0.415657, -0.429783, -0.441472, -0.450347, -0.456127, -0.458616
-0.458616, -0.461101, -0.466846, -0.475591, -0.486974, -0.500529, -0.515709, -0.531917, -0.548529, -0.564927, -0.580524, -0.594785, -0.607243, -0.617509, -0.625277, -0.630325, -0.632495
-0.632495, -0.63466, -0.639658, -0.647248, -0.657092, -0.668762, -0.681762, -0.695558, -0.709605, -0.723375, -0.736381, -0.748191, -0.758442, -0.766841, -0.773167, -0.777264, -0.779022
-0.779022, -0.780773, -0.784808, -0.790915, -0.798794, -0.808074, -0.818332, -0.829119, -0.839993, -0.85054, -0.860392, -0.869241, -0.876841, -0.883011, -0.887621, -0.890589, -0.891858
-0.891858, -0.893121, -0.896019, -0.900377, -0.905951, -0.912441, -0.919511, -0.926823, -0.934055, -0.940923, -0.947195, -0.952699, -0.957321, -0.960993, -0.963688, -0.9654, -0.966126
-0.966126, -0.966844, -0.96848, -0.970902, -0.97393, -0.977347, -0.980926, -0.984447, -0.987723, -0.990614, -0.993035, -0.994958, -0.9964, -0.997417, -0.99808, -0.998461, -0.998612
-0.998612, -0.998756, -0.999058, -0.999439, -0.99979, -0.999988, -0.999919, -0.999497, -0.998676, -0.997465, -0.995931, -0.994188, -0.992389, -0.990706, -0.989309, -0.988342, -0.987912
-0.987912, -0.987475, -0.986431, -0.984755, -0.982413, -0.979383, -0.97567, -0.971322, -0.966439, -0.96118, -0.955756, -0.950423, -0.945461, -0.941151, -0.937754, -0.935482, -0.934489
-0.934489, -0.933489, -0.931144, -0.927483, -0.92255, -0.916423, -0.909227, -0.901142, -0.892409, -0.883328, -0.874249, -0.865557, -0.857645, -0.850895, -0.845645, -0.842166, -0.840654
-0.840654, -0.839135, -0.83559, -0.830102, -0.822791, -0.813832, -0.803464, -0.791991, -0.779785, -0.767275, -0.754934, -0.743259, -0.73274, -0.723842, -0.716965, -0.71243, -0.710463
-0.710463, -0.70849, -0.703899, -0.696822, -0.687449, -0.676046, -0.662954, -0.648589, -0.633439, -0.618041, -0.602972, -0.588817, -0.576147, -0.565484, -0.557279, -0.551883, -0.549547
-0.549547, -0.547207, -0.541768, -0.533408, -0.522378, -0.509023, -0.493773, -0.477139, -0.459698, -0.442079, -0.424933, -0.408912, -0.394638, -0.382672, -0.373494, -0.36747, -0.364866
-0.364866, -0.362259, -0.356207, -0.346925, -0.334717, -0.319988, -0.30324, -0.285054, -0.266078, -0.246998, -0.228517, -0.211323, -0.196062, -0.183311, -0.173556, -0.167166, -0.164406
-0.164406, -0.161645, -0.155242, -0.14544, -0.13258, -0.117114, -0.0995917, -0.0806421, -0.0609511, -0.0412364, -0.0222189, -0.0045946, 0.010993, 0.0239771, 0.0338879, 0.040368, 0.0431643
0.0431643, 0.0459603, 0.052437, 0.0623356, 0.0752909, 0.0908248, 0.108363, 0.127258, 0.146812, 0.166309, 0.18504, 0.202332, 0.217572, 0.230229, 0.239866, 0.246156, 0.248868
0.248868, 0.251577, 0.257848, 0.267415, 0.279905, 0.294836, 0.311632, 0.329654, 0.348226, 0.366662, 0.384297, 0.400509, 0.414743, 0.426524, 0.435471, 0.441299, 0.443809
0.443809, 0.446315, 0.452108, 0.46093, 0.472415, 0.486096, 0.501423, 0.517794, 0.53458, 0.551158, 0.566934, 0.581365, 0.593977, 0.604374, 0.612243, 0.617357, 0.619557
0.619557, 0.621751, 0.626817, 0.634511, 0.644495, 0.656335, 0.66953, 0.683541, 0.697816, 0.711819, 0.725054, 0.73708, 0.747524, 0.756087, 0.762538, 0.766717, 0.768511
0.768511, 0.770299, 0.774418, 0.780653, 0.788702, 0.798189, 0.808683, 0.819729, 0.830875, 0.841697, 0.851818, 0.860918, 0.868744, 0.875102, 0.879857, 0.88292, 0.884231
0.884231, 0.885534, 0.888528, 0.893034, 0.898802, 0.905526, 0.912863, 0.920466, 0.928001, 0.935175, 0.941744, 0.947526, 0.952394, 0.956272, 0.959125, 0.96094, 0.961711
0.961711, 0.962474, 0.964214, 0.966795, 0.970032, 0.973701, 0.977566, 0.981396, 0.984995, 0.98821, 0.990944, 0.993157, 0.994856, 0.996088, 0.996915, 0.997403, 0.997601
0.997601, 0.997791, 0.9982, 0.998746, 0.999312, 0.999769, 0.999992, 0.999885, 0.999392, 0.998509, 0.997289, 0.995837, 0.994296, 0.992827, 0.991592, 0.990732, 0.990348
0.990348, 0.989957, 0.989019, 0.987505, 0.985375, 0.9826, 0.979173, 0.975133, 0.970569, 0.965626, 0.960506, 0.955452, 0.950735, 0.94663, 0.943387, 0.941217, 0.940267
0.940267, 0.939311, 0.937067, 0.933559, 0.928826, 0.922937, 0.916009, 0.908211, 0.899773, 0.890984, 0.882184, 0.873747, 0.86606, 0.859494, 0.854384, 0.850997, 0.849524
0.849524, 0.848044, 0.84459, 0.83924, 0.832108, 0.823362, 0.813231, 0.802012, 0.790065, 0.77781, 0.765711, 0.754256, 0.74393, 0.73519, 0.728433, 0.723975, 0.722041
0.722041, 0.720102, 0.715588, 0.708627, 0.699404, 0.688179, 0.675284, 0.661129, 0.64619, 0.630999, 0.616125, 0.602147, 0.589629, 0.579091, 0.570979, 0.565644, 0.563334
0.563334, 0.561019, 0.555639, 0.547368, 0.536455, 0.523235, 0.508134, 0.491655, 0.47437, 0.4569, 0.439893, 0.423997, 0.409829, 0.397949, 0.388833, 0.382851, 0.380264
0.380264, 0.377674, 0.371662, 0.362439, 0.350305, 0.335663, 0.319008, 0.300919, 0.282035, 0.263042, 0.244638, 0.227511, 0.212305, 0.199597, 0.189872, 0.183501, 0.180749
0.180749, 0.177996, 0.171611, 0.161835, 0.149007, 0.133575, 0.116087, 0.0971689, 0.0775038, 0.0578085, 0.0388037, 0.0211857, 0.00559937, -0.00738671, -0.0173009, -0.0237841, -0.026582
-0.026582, -0.0293796, -0.0358607, -0.0457674, -0.0587357, -0.0742889, -0.0918539, -0.110783, -0.13038, -0.149925, -0.168709, -0.186056, -0.201348, -0.214051, -0.223725, -0.230041, -0.232764
-0.232764, -0.235485, -0.241782, -0.251391, -0.263938, -0.278941, -0.295823, -0.313944, -0.332624, -0.351175, -0.368926, -0.385251, -0.399588, -0.411458, -0.420475, -0.426349, -0.428879
-0.428879, -0.431406, -0.437247, -0.446142, -0.457726, -0.471529, -0.486999, -0.503528, -0.520485, -0.537238, -0.553188, -0.567785, -0.580547, -0.591072, -0.59904, -0.60422, -0.606448
-0.606448, -0.60867, -0.613803, -0.6216, -0.63172, -0.643726, -0.657114, -0.671337, -0.685836, -0.700068, -0.713527, -0.725765, -0.7364, -0.745124, -0.751699, -0.75596, -0.757789
-0.757789, -0.759613, -0.763814, -0.770176, -0.778394, -0.788084, -0.798811, -0.810113, -0.821528, -0.832622, -0.843009, -0.852359, -0.860407, -0.866952, -0.871851, -0.875008, -0.87636
-0.87636, -0.877704, -0.880793, -0.885445, -0.891405, -0.898361, -0.905964, -0.913854, -0.921691, -0.929169, -0.936034, -0.942091, -0.947204, -0.951288, -0.954298, -0.956216, -0.957031
-0.957031, -0.957839, -0.959682, -0.962422, -0.965867, -0.969787, -0.973936, -0.978076, -0.981996, -0.985533, -0.98858, -0.991082, -0.993039, -0.994485, -0.995476, -0.996071, -0.996315
-0.996315, -0.996551, -0.997068, -0.997778, -0.998559, -0.999274, -0.99979, -0.999999, -0.999833, -0.999277, -0.998373, -0.997213, -0.995928, -0.994674, -0.993603, -0.99285, -0.992512
-0.992512, -0.992166, -0.991335, -0.989984, -0.988067, -0.985546, -0.982407, -0.978676, -0.974431, -0.969806, -0.96499, -0.960217, -0.955748, -0.951847, -0.948761, -0.946692, -0.945786
-0.945786, -0.944874, -0.942731, -0.939377, -0.934845, -0.929197, -0.922539, -0.91503, -0.906889, -0.898394, -0.889876, -0.881697, -0.874235, -0.867857, -0.862889, -0.859593, -0.85816
-0.85816, -0.85672, -0.853357, -0.848146, -0.841195, -0.832664, -0.822775, -0.811812, -0.800127, -0.788131, -0.776278, -0.765046, -0.754916, -0.746336, -0.7397, -0.735321, -0.733421
-0.733421, -0.731516, -0.727079, -0.720236, -0.711167, -0.700122, -0.687429, -0.673486, -0.658764, -0.643784, -0.629109, -0.615311, -0.602949, -0.592538, -0.584522, -0.579248, -0.576965
-0.576965, -0.574677, -0.569358, -0.561179, -0.550383, -0.537302, -0.522354, -0.506035, -0.488911, -0.471596, -0.454733, -0.438965, -0.424907, -0.413116, -0.404066, -0.398126, -0.395557
-0.395557, -0.392985, -0.387014, -0.377853, -0.365798, -0.351246, -0.33469, -0.3167, -0.297915, -0.279014, -0.260692, -0.243636, -0.228489, -0.215827, -0.206136, -0.199786, -0.197043
-0.197043, -0.194298, -0.187933, -0.178186, -0.165393, -0.15, -0.132551, -0.113669, -0.0940351, -0.0743647, -0.0553777, -0.0377709, -0.0221902, -0.00920575, 0.000709097, 0.00719364, 0.00999226
0.00999226, 0.0127908, 0.0192746, 0.0291866, 0.0421644, 0.0577327, 0.0753195, 0.094278, 0.113911, 0.1335, 0.152332, 0.169728, 0.185068, 0.197814, 0.207523, 0.213862, 0.216595
0.216595, 0.219327, 0.225649, 0.235297, 0.247898, 0.262969, 0.279933, 0.298148, 0.316931, 0.335592, 0.353454, 0.369886, 0.384323, 0.396279, 0.405363, 0.411282, 0.413832
0.413832, 0.416378, 0.422265, 0.431232, 0.442912, 0.456833, 0.47244, 0.489124, 0.506246, 0.52317, 0.53929, 0.554049, 0.566958, 0.577607, 0.585672, 0.590916, 0.593171

0.537816, 0.535455, 0.529967, 0.521533, 0.510409, 0.496943, 0.481571, 0.464809, 0.447241, 0.429499, 0.412239, 0.396117, 0.381757, 0.369722, 0.360492, 0.354436, 0.351817
0.351817, 0.349196, 0.343112, 0.333782, 0.321513, 0.306715, 0.289891, 0.27163, 0.252579, 0.23343, 0.214888, 0.197641, 0.182337, 0.169554, 0.159774, 0.153369, 0.150603
0.150603, 0.147836, 0.141419, 0.131597, 0.118713, 0.103222, 0.0856746, 0.0667029, 0.0469943, 0.0272674, 0.00824336, -0.00938255, -0.024968, -0.0379476, -0.0478534, -0.0543295, -0.0571239
-0.0571239, -0.0599179, -0.0663895, -0.0762792, -0.0892207, -0.104735, -0.122247, -0.141108, -0.160623, -0.180075, -0.198757, -0.216, -0.231193, -0.243808, -0.253411, -0.259679, -0.262381
-0.262381, -0.26508, -0.271327, -0.280857, -0.293296, -0.308162, -0.324882, -0.342817, -0.361294, -0.37963, -0.397163, -0.413277, -0.42742, -0.439124, -0.44801, -0.453798, -0.45629
-0.45629, -0.458779, -0.464531, -0.473288, -0.484688, -0.498263, -0.513467, -0.529701, -0.54634, -0.562767, -0.578392, -0.59268, -0.605163, -0.61545, -0.623234, -0.628292, -0.630467
-0.630467, -0.632637, -0.637646, -0.645252, -0.655119, -0.666816, -0.679847, -0.693677, -0.70776, -0.721567, -0.734609, -0.746453, -0.756735, -0.76516, -0.771506, -0.775616, -0.777379
-0.777379, -0.779136, -0.783185, -0.789311, -0.797218, -0.806531, -0.816826, -0.827654, -0.838571, -0.849162, -0.859056, -0.867945, -0.875581, -0.88178, -0.886413, -0.889396, -0.890672
-0.890672, -0.891941, -0.894854, -0.899236, -0.904841, -0.911367, -0.91848, -0.925838, -0.933118, -0.940034, -0.946353, -0.951901, -0.956562, -0.960267, -0.962987, -0.964714, -0.965447
-0.965447, -0.966173, -0.967825, -0.970272, -0.973333, -0.976791, -0.980414, -0.983984, -0.987311, -0.990253, -0.992724, -0.994692, -0.996175, -0.997226, -0.997915, -0.998312, -0.998471
-0.998471, -0.998622, -0.998941, -0.999348, -0.999733, -0.999972, -0.999949, -0.999576, -0.998807, -0.997648, -0.996163, -0.994466, -0.992708, -0.991059, -0.989687, -0.988737, -0.988314
-0.988314, -0.987884, -0.986857, -0.985206, -0.982898, -0.979908, -0.97624, -0.971941, -0.967108, -0.961899, -0.956523, -0.951233, -0.94631, -0.942032, -0.938659, -0.936403, -0.935417
-0.935417, -0.934424, -0.932095, -0.928458, -0.923556, -0.917467, -0.910313, -0.902273, -0.893586, -0.884551, -0.875516, -0.866864, -0.858987, -0.852266, -0.847038, -0.843573, -0.842067
-0.842067, -0.840554, -0.837024, -0.831558, -0.824275, -0.815349, -0.805018, -0.793585, -0.78142, -0.76895, -0.756647, -0.745006, -0.734518, -0.725644, -0.718786, -0.714262, -0.712301
-0.712301, -0.710334, -0.705755, -0.698696, -0.689346, -0.677971, -0.664909, -0.650578, -0.63546, -0.620095, -0.605056, -0.590929, -0.578283, -0.56764, -0.559449, -0.554062, -0.55173
-0.55173, -0.549394, -0.543964, -0.535618, -0.524607, -0.511273, -0.496046, -0.479436, -0.462019, -0.444423, -0.427299, -0.411297, -0.397039, -0.385087, -0.375918, -0.369902, -0.3673
-0.3673, -0.364695, -0.35865, -0.349377, -0.33718, -0.322465, -0.305731, -0.28756, -0.268598, -0.249532, -0.231062, -0.213878, -0.198626, -0.185882, -0.176131, -0.169744, -0.166985
-0.166985, -0.164225, -0.157825, -0.148027, -0.135171, -0.119711, -0.102194, -0.0832487, -0.0635614, -0.0438494, -0.0248336, -0.0072099, 0.00837781, 0.0213625, 0.031274, 0.0377547, 0.0405513
0.0405513, 0.0433475, 0.0498251, 0.0597251, 0.0726827, 0.0882199, 0.105763, 0.124663, 0.144224, 0.163729, 0.182469, 0.19977, 0.215019, 0.227683, 0.237326, 0.24362, 0.246334
0.246334, 0.249045, 0.25532, 0.264894, 0.277394, 0.292335, 0.309145, 0.327184, 0.345773, 0.364228, 0.381881, 0.398111, 0.412361, 0.424157, 0.433115, 0.438951, 0.441463
0.441463, 0.443973, 0.449774, 0.458607, 0.470108, 0.483809, 0.499159, 0.515555, 0.532368, 0.548974, 0.564778, 0.579235, 0.591871, 0.602288, 0.610173, 0.615298, 0.617502
0.617502, 0.619701, 0.624777, 0.632488, 0.642493, 0.654359, 0.667585, 0.68163, 0.695941, 0.70998, 0.72325, 0.73531, 0.745784, 0.754372, 0.760844, 0.765036, 0.766835
0.766835, 0.768629, 0.772761, 0.779015, 0.787092, 0.796611, 0.807142, 0.818228, 0.829417, 0.840282, 0.850445, 0.859585, 0.867445, 0.873833, 0.878611, 0.881689, 0.883006
0.883006, 0.884316, 0.887325, 0.891854, 0.897652, 0.904413, 0.911792, 0.91944, 0.927023, 0.934245, 0.940861, 0.946687, 0.951593, 0.955504, 0.958382, 0.960213, 0.960991
0.960991, 0.961761, 0.963517, 0.966123, 0.969393, 0.973102, 0.977011, 0.980891, 0.98454, 0.987806, 0.990589, 0.992848, 0.994588, 0.995853, 0.996706, 0.997211, 0.997416
0.997416, 0.997613, 0.99804, 0.998612, 0.999211, 0.999709, 0.999979, 0.999922, 0.999479, 0.998648, 0.997478, 0.996072, 0.994571, 0.993136, 0.991927, 0.991084, 0.990707
0.990707, 0.990323, 0.989402, 0.987914, 0.985818, 0.983082, 0.979701, 0.97571, 0.971195, 0.966302, 0.96123, 0.956221, 0.951543, 0.947469, 0.944251, 0.942097, 0.941155
0.941155, 0.940205, 0.937976, 0.934493, 0.929791, 0.923941, 0.917055, 0.909302, 0.900911, 0.892168, 0.883413, 0.875016, 0.867364, 0.860828, 0.85574, 0.852367, 0.8509
0.8509, 0.849427, 0.845987, 0.840659, 0.833555, 0.824843, 0.81475, 0.803571, 0.791666, 0.779451, 0.767391, 0.755971, 0.745676, 0.73696, 0.730222, 0.725776, 0.723848
0.723848, 0.721914, 0.717412, 0.71047, 0.701271, 0.690074, 0.677211, 0.663089, 0.648184, 0.633026, 0.618183, 0.604233, 0.591739, 0.581221, 0.573124, 0.567799, 0.565492
0.565492, 0.563182, 0.557812, 0.549555, 0.53866, 0.525462, 0.510384, 0.493931, 0.476671, 0.459225, 0.442241, 0.426364, 0.412213, 0.400347, 0.391242, 0.385266, 0.382681
0.382681, 0.380094, 0.374088, 0.364875, 0.352754, 0.338126, 0.321486, 0.303412, 0.284544, 0.265565, 0.247173, 0.230057, 0.21486, 0.202159, 0.192439, 0.186072, 0.183321
0.183321, 0.180569, 0.174187, 0.164415, 0.151592, 0.136167, 0.118685, 0.0997715, 0.080111, 0.0604193, 0.0414169, 0.0238004, 0.00821465, -0.00477141, -0.0146859, -0.0211694, -0.0239674
-0.0239674, -0.0267653, -0.0332469, -0.0431546, -0.0561247, -0.0716806, -0.0892493, -0.108183, -0.127786, -0.147339, -0.166131, -0.183485, -0.198786, -0.211495, -0.221176, -0.227495, -0.230219
-0.230219, -0.232942, -0.239243, -0.248858, -0.261415, -0.276428, -0.293324, -0.31146, -0.330157, -0.348725, -0.366494, -0.382836, -0.397189, -0.409073, -0.4181, -0.423982, -0.426515
-0.426515, -0.429045, -0.434893, -0.4438, -0.455399, -0.469221, -0.484713, -0.501267, -0.51825, -0.535031, -0.551008, -0.56563, -0.578416, -0.58896, -0.596944, -0.602134, -0.604366
-0.604366, -0.606593, -0.611736, -0.619549, -0.62969, -0.641722, -0.65514, -0.669396, -0.68393, -0.698198, -0.711693, -0.723964, -0.734628, -0.743377, -0.749972, -0.754246, -0.75608
-0.75608, -0.757909, -0.762123, -0.768505, -0.776749, -0.786472, -0.797235, -0.808577, -0.820034, -0.831171, -0.8416, -0.850988, -0.859071, -0.865645, -0.870567, -0.873739, -0.875097
-0.875097, -0.876448, -0.879552, -0.884226, -0.890217, -0.897209, -0.904853, -0.912789, -0.920674, -0.928199, -0.935111, -0.941211, -0.946362, -0.950478, -0.953513, -0.955447, -0.956269
-0.956269, -0.957084, -0.958943, -0.961708, -0.965186, -0.969146, -0.97334, -0.977528, -0.981498, -0.985087, -0.988182, -0.99073, -0.992727, -0.994207, -0.995224, -0.995836, -0.996087
-0.996087, -0.99633, -0.996865, -0.9976, -0.998415, -0.999171, -0.999733, -0.999992, -0.999877, -0.999373, -0.998518, -0.997404, -0.996161, -0.99494, -0.993895, -0.993158, -0.992828
-0.992828, -0.992489, -0.991675, -0.99035, -0.988467, -0.985986, -0.982892, -0.97921, -0.975015, -0.97044, -0.965673, -0.960945, -0.956514, -0.952646, -0.949584, -0.947531, -0.946633
-0.946633, -0.945727, -0.9436, -0.940271, -0.935771, -0.930161, -0.923545, -0.916082, -0.907988, -0.89954, -0.891066, -0.882928, -0.875502, -0.869153, -0.864207, -0.860927, -0.859499
-0.859499, -0.858066, -0.854717, -0.849529, -0.842607, -0.83411, -0.824258, -0.813336, -0.801693, -0.789738, -0.777924, -0.766728, -0.756628, -0.748074, -0.741457, -0.737091, -0.735196
-0.735196, -0.733296, -0.728872, -0.722048, -0.713003, -0.701987, -0.689326, -0.675417, -0.660729, -0.645783, -0.63114, -0.61737, -0.605033, -0.594643, -0.586642, -0.581378, -0.579099
-0.579099, -0.576815, -0.571506, -0.563342, -0.552565, -0.539506, -0.524582, -0.508289, -0.491191, -0.473901, -0.457061, -0.441314, -0.427273, -0.415496, -0.406457, -0.400524, -0.397958
-0.397958, -0.395389, -0.389424, -0.380273, -0.368231, -0.353694, -0.337153, -0.31918, -0.30041, -0.281524, -0.263216, -0.246172, -0.231034, -0.21838, -0.208694, -0.202348, -0.199606
-0.199606, -0.196863, -0.190501, -0.180759, -0.167972, -0.152586, -0.135143, -0.116267, -0.0966385, -0.0769725, -0.0579889, -0.0403843, -0.0248049, -0.011821, -0.00190625, 0.00457833, 0.00737701

0.930384, 0.929355, 0.926941, 0.923176, 0.918106, 0.911817, 0.904439, 0.896158, 0.887224, 0.877945, 0.868677, 0.859811, 0.851747, 0.844872, 0.839526, 0.835985, 0.834446
0.834446, 0.832901, 0.829294, 0.823713, 0.816281, 0.807177, 0.796648, 0.785003, 0.772622, 0.759939, 0.747435, 0.735609, 0.724961, 0.715956, 0.708998, 0.704411, 0.702421
0.702421, 0.700427, 0.695784, 0.688628, 0.679154, 0.66763, 0.654405, 0.6399, 0.624606, 0.609069, 0.593869, 0.579596, 0.566823, 0.556077, 0.547809, 0.542373, 0.54002
0.54002, 0.537662, 0.532183, 0.523763, 0.512656, 0.499211, 0.483862, 0.467123, 0.449579, 0.431859, 0.41462, 0.398517, 0.384173, 0.372151, 0.36293, 0.35688, 0.354264
0.354264, 0.351645, 0.345568, 0.336247, 0.323989, 0.309203, 0.292393, 0.274146, 0.255109, 0.235973, 0.217441, 0.200204, 0.184908, 0.17213, 0.162355, 0.155953, 0.153188
0.153188, 0.150422, 0.144008, 0.134189, 0.12131, 0.105823, 0.0882801, 0.0693122, 0.0496066, 0.0298817, 0.0108586, -0.00676729, -0.0223533, -0.035334, -0.0452409, -0.0517179, -0.0545127
-0.0545127, -0.057307, -0.0637797, -0.0736712, -0.0866155, -0.102134, -0.119651, -0.138519, -0.158041, -0.177502, -0.196194, -0.213446, -0.228648, -0.24127, -0.25088, -0.257152, -0.259856
-0.259856, -0.262558, -0.268809, -0.278346, -0.290795, -0.305673, -0.322407, -0.340359, -0.358854, -0.377209, -0.394761, -0.410894, -0.425054, -0.436773, -0.44567, -0.451466, -0.453962
-0.453962, -0.456453, -0.462213, -0.470983, -0.482399, -0.495994, -0.511221, -0.52748, -0.544148, -0.560603, -0.576257, -0.590572, -0.603079, -0.613387, -0.621187, -0.626256, -0.628435
-0.628435, -0.63061, -0.635629, -0.643252, -0.65314, -0.664864, -0.677926, -0.69179, -0.705909, -0.719754, -0.732832, -0.74471, -0.755023, -0.763474, -0.76984, -0.773962, -0.775731
-0.775731, -0.777494, -0.781556, -0.787703, -0.795636, -0.804982, -0.815314, -0.826183, -0.837143, -0.847777, -0.857715, -0.866643, -0.874315, -0.880544, -0.8852, -0.888198, -0.88948
-0.88948, -0.890756, -0.893684, -0.898089, -0.903724, -0.910288, -0.917443, -0.924847, -0.932174, -0.939138, -0.945505, -0.951097, -0.955796, -0.959534, -0.962278, -0.964022, -0.964763
-0.964763, -0.965495, -0.967164, -0.969636, -0.97273, -0.976227, -0.979896, -0.983514, -0.986892, -0.989885, -0.992405, -0.994419, -0.995943, -0.997028, -0.997742, -0.998157, -0.998323
-0.998323, -0.998481, -0.998817, -0.99925, -0.999669, -0.999948, -0.999972, -0.999649, -0.998931, -0.997824, -0.996389, -0.994737, -0.993019, -0.991404, -0.990058, -0.989125, -0.98871
-0.98871, -0.988286, -0.987276, -0.985651, -0.983376, -0.980426, -0.976804, -0.972553, -0.96777, -0.96261, -0.957282, -0.952037, -0.947152, -0.942906, -0.939558, -0.937318, -0.936339
-0.936339, -0.935352, -0.933039, -0.929426, -0.924556, -0.918504, -0.911392, -0.903397, -0.894757, -0.885768, -0.876777, -0.868165, -0.860324, -0.853632, -0.848425, -0.844975, -0.843475
-0.843475, -0.841968, -0.838452, -0.833007, -0.825753, -0.816861, -0.806567, -0.795174, -0.783049, -0.770619, -0.758354, -0.746748, -0.73629, -0.727441, -0.720602, -0.71609, -0.714134
-0.714134, -0.712172, -0.707605, -0.700564, -0.691239, -0.679891, -0.666861, -0.652562, -0.637477, -0.622144, -0.607136, -0.593037, -0.580414, -0.569791, -0.561615, -0.556238, -0.55391
-0.55391, -0.551577, -0.546157, -0.537825, -0.526832, -0.513519, -0.498315, -0.481729, -0.464337, -0.446764, -0.429662, -0.41368, -0.399438, -0.3875, -0.378341, -0.37233, -0.369731
-0.369731, -0.367129, -0.36109, -0.351826, -0.339641, -0.324939, -0.30822, -0.290064, -0.271117, -0.252064, -0.233606, -0.216432, -0.201188, -0.188451, -0.178705, -0.172321, -0.169563
-0.169563, -0.166804, -0.160407, -0.150613, -0.137762, -0.122307, -0.104795, -0.0858546, -0.0661712, -0.0464621, -0.027448, -0.00982516, 0.00576253, 0.0187476, 0.0286598, 0.0351411, 0.0379379
0.0379379, 0.0407345, 0.0472128, 0.0571142, 0.070074, 0.0856145, 0.103162, 0.122068, 0.141636, 0.161149, 0.179897, 0.197207, 0.212464, 0.225135, 0.234785, 0.241083, 0.243798
0.243798, 0.246512, 0.252791, 0.262371, 0.27488, 0.289833, 0.306657, 0.324711, 0.343318, 0.361791, 0.379462, 0.39571, 0.409977, 0.421787, 0.430756, 0.436599, 0.439115
0.439115, 0.441628, 0.447437, 0.456282, 0.467798, 0.481518, 0.496891, 0.513312, 0.530152, 0.546786, 0.562618, 0.577101, 0.589761, 0.600198, 0.608099, 0.613234, 0.615442
0.615442, 0.617646, 0.622733, 0.63046, 0.640486, 0.652379, 0.665636, 0.679714, 0.69406, 0.708136, 0.721442, 0.733535, 0.744039, 0.752653, 0.759144, 0.763349, 0.765154
0.765154, 0.766953, 0.771098, 0.777373, 0.785476, 0.795027, 0.805595, 0.816721, 0.827953, 0.838861, 0.849066, 0.858245, 0.866141, 0.872558, 0.877359, 0.880452, 0.881776
0.881776, 0.883092, 0.886116, 0.890668, 0.896497, 0.903294, 0.910715, 0.918409, 0.926039, 0.933309, 0.939972, 0.945841, 0.950786, 0.954729, 0.957632, 0.959479, 0.960264
0.960264, 0.961041, 0.962814, 0.965445, 0.968748, 0.972496, 0.976451, 0.980379, 0.984079, 0.987395, 0.990228, 0.992532, 0.994313, 0.995612, 0.996491, 0.997013, 0.997225
0.997225, 0.997429, 0.997873, 0.99847, 0.999104, 0.999642, 0.999958, 0.999951, 0.99956, 0.99878, 0.99766, 0.9963, 0.99484, 0.993438, 0.992256, 0.991429, 0.99106
0.99106, 0.990683, 0.989779, 0.988316, 0.986253, 0.983558, 0.980222, 0.976279, 0.971815, 0.966972, 0.961948, 0.956983, 0.952344, 0.948303, 0.945109, 0.942971, 0.942035
0.942035, 0.941093, 0.93888, 0.935421, 0.930751, 0.924938, 0.918095, 0.910388, 0.902043, 0.893347, 0.884635, 0.876279, 0.868663, 0.862156, 0.857091, 0.853732, 0.852271
0.852271, 0.850804, 0.847379, 0.842072, 0.834997, 0.826319, 0.816264, 0.805125, 0.793261, 0.781087, 0.769065, 0.75768, 0.747416, 0.738725, 0.732006, 0.727573, 0.72565
0.72565, 0.723722, 0.719232, 0.712308, 0.703133, 0.691964, 0.679133, 0.665044, 0.650173, 0.635049, 0.620236, 0.606315, 0.593846, 0.583347, 0.575266, 0.569949, 0.567648
0.567648, 0.565341, 0.559981, 0.551739, 0.540862, 0.527685, 0.512632, 0.496203, 0.478968, 0.461547, 0.444585, 0.428728, 0.414594, 0.402742, 0.393647, 0.387678, 0.385096
0.385096, 0.382512, 0.376513, 0.367309, 0.3552, 0.340586, 0.323961, 0.305903, 0.28705, 0.268085, 0.249707, 0.232601, 0.217413, 0.20472, 0.195005, 0.188641, 0.185891
0.185891, 0.183141, 0.176762, 0.166995, 0.154177, 0.138757, 0.121281, 0.102373, 0.0827177, 0.0630296, 0.0440299, 0.0264149, 0.0108299, -0.00215608, -0.0120708, -0.0185546, -0.0213528
-0.0213528, -0.0241508, -0.0306329, -0.0405416, -0.0535133, -0.0690717, -0.0866441, -0.105583, -0.125192, -0.144752, -0.163551, -0.180914, -0.196222, -0.208939, -0.218624, -0.224947, -0.227673
-0.227673, -0.230398, -0.236703, -0.246324, -0.258889, -0.273914, -0.290822, -0.308974, -0.327687, -0.346273, -0.364059, -0.380418, -0.394788, -0.406685, -0.415723, -0.421612, -0.424148
-0.424148, -0.426681, -0.432537, -0.441455, -0.45307, -0.46691, -0.482424, -0.499002, -0.516011, -0.532819, -0.548823, -0.563472, -0.57628, -0.586844, -0.594844, -0.600044, -0.60228
-0.60228, -0.604512, -0.609665, -0.617494, -0.627656, -0.639714, -0.653162, -0.667451, -0.68202, -0.696323, -0.709853, -0.722157, -0.732851, -0.741625, -0.748239, -0.752526, -0.754366
-0.754366, -0.7562, -0.760427, -0.766829, -0.775099, -0.784854, -0.795654, -0.807035, -0.818534, -0.829714, -0.840184, -0.849612, -0.857729, -0.864333, -0.869277, -0.872464, -0.873828
-0.873828, -0.875186, -0.878305, -0.883002, -0.889022, -0.896051, -0.903737, -0.911718, -0.91965, -0.927223, -0.934181, -0.940324, -0.945514, -0.949662, -0.952722, -0.954672, -0.955501
-0.955501, -0.956323, -0.958199, -0.960988, -0.964499, -0.968498, -0.972737, -0.976973, -0.980994, -0.984633, -0.987778, -0.990372, -0.992409, -0.993922, -0.994965, -0.995594, -0.995852
-0.995852, -0.996103, -0.996654, -0.997416, -0.998264, -0.999061, -0.99967, -0.999978, -0.999915, -0.999462, -0.998657, -0.997589, -0.996386, -0.995199, -0.99418, -0.99346, -0.993137
-0.993137, -0.992806, -0.992009, -0.990709, -0.988859, -0.986419, -0.983371, -0.979737, -0.975593, -0.971068, -0.966349, -0.961665, -0.957274, -0.953438, -0.950401, -0.948364, -0.947472
-0.947472, -0.946574, -0.944462, -0.941158, -0.93669, -0.931118, -0.924545, -0.917127, -0.90908, -0.900679, -0.89225, -0.884153, -0.876763, -0.870444, -0.86552, -0.862254, -0.860833
-0.860833, -0.859406, -0.856072, -0.850906, -0.844012, -0.83555, -0.825736, -0.814855, -0.803254, -0.79134, -0.779564, -0.768404, -0.758336, -0.749807, -0.74321, -0.738855, -0.736967
-0.736967, -0.735072, -0.73066, -0.723855, -0.714834, -0.703847, -0.691218, -0.677344, -0.66269, -0.647778, -0.633166, -0.619425, -0.607113, -0.596743, -0.588758, -0.583504, -0.581229

0.968346, 0.969041, 0.970621, 0.972959, 0.975877, 0.979161, 0.982589, 0.985946, 0.989051, 0.991772, 0.994028, 0.995797, 0.997103, 0.998007, 0.998584, 0.998908, 0.999035
0.999035, 0.999154, 0.999399, 0.999694, 0.999931, 0.999993, 0.99977, 0.999181, 0.998187, 0.996805, 0.995105, 0.993208, 0.991274, 0.989479, 0.987995, 0.986973, 0.986519
0.986519, 0.986057, 0.984957, 0.983195, 0.980742, 0.977578, 0.973715, 0.969205, 0.964156, 0.95873, 0.953147, 0.947667, 0.942576, 0.938159, 0.93468, 0.932356, 0.93134
0.93134, 0.930317, 0.927919, 0.924178, 0.91914, 0.912888, 0.905551, 0.897316, 0.888428, 0.879194, 0.86997, 0.861143, 0.853115, 0.846268, 0.840944, 0.837418, 0.835885
0.835885, 0.834345, 0.830753, 0.825193, 0.817789, 0.808718, 0.798226, 0.786621, 0.774279, 0.761637, 0.74917, 0.737379, 0.72676, 0.717779, 0.71084, 0.706265, 0.70428
0.70428, 0.702291, 0.69766, 0.690522, 0.681071, 0.669575, 0.65638, 0.641907, 0.626646, 0.611141, 0.595971, 0.581725, 0.568976, 0.558249, 0.549996, 0.544568, 0.542219
0.542219, 0.539865, 0.534395, 0.525989, 0.5149, 0.501475, 0.486149, 0.469434, 0.451913, 0.434216, 0.416999, 0.400914, 0.386586, 0.374577, 0.365366, 0.359322, 0.356709
0.356709, 0.354093, 0.348021, 0.338709, 0.326462, 0.311689, 0.294893, 0.27666, 0.257637, 0.238513, 0.219993, 0.202766, 0.187477, 0.174706, 0.164935, 0.158536, 0.155772
0.155772, 0.153007, 0.146595, 0.136781, 0.123905, 0.108423, 0.0908849, 0.071921, 0.0522186, 0.0324958, 0.0134737, -0.00415198, -0.0197386, -0.0327202, -0.0426281, -0.0491059, -0.051901
-0.051901, -0.0546958, -0.0611695, -0.0710627, -0.0840097, -0.0995316, -0.117054, -0.135928, -0.155458, -0.174927, -0.193628, -0.21089, -0.226101, -0.238731, -0.248348, -0.254624, -0.25733
-0.25733, -0.260033, -0.266289, -0.275833, -0.288292, -0.303182, -0.319931, -0.337899, -0.356412, -0.374785, -0.392357, -0.408508, -0.422686, -0.434419, -0.443328, -0.449131, -0.45163
-0.45163, -0.454125, -0.459893, -0.468674, -0.480106, -0.493721, -0.508971, -0.525257, -0.541952, -0.558435, -0.574117, -0.588459, -0.600991, -0.611319, -0.619135, -0.624214, -0.626399
-0.626399, -0.628578, -0.633608, -0.641247, -0.651158, -0.662908, -0.676001, -0.689899, -0.704055, -0.717935, -0.73105, -0.742962, -0.753305, -0.761782, -0.768168, -0.772303, -0.774078
-0.774078, -0.775847, -0.779922, -0.786089, -0.794049, -0.803428, -0.813797, -0.824707, -0.83571, -0.846388, -0.856367, -0.865335, -0.873042, -0.879301, -0.88398, -0.886993, -0.888282
-0.888282, -0.889564, -0.892507, -0.896936, -0.902602, -0.909202, -0.916399, -0.923849, -0.931224, -0.938237, -0.94465, -0.950286, -0.955024, -0.958794, -0.961564, -0.963324, -0.964071
-0.964071, -0.964811, -0.966496, -0.968993, -0.97212, -0.975657, -0.979371, -0.983038, -0.986467, -0.989511, -0.99208, -0.99414, -0.995704, -0.996823, -0.997563, -0.997995, -0.998168
-0.998168, -0.998334, -0.998687, -0.999146, -0.999598, -0.999919, -0.999988, -0.999715, -0.999048, -0.997993, -0.996607, -0.995002, -0.993325, -0.991743, -0.990423, -0.989506, -0.989098
-0.989098, -0.988682, -0.987689, -0.986089, -0.983847, -0.980938, -0.97736, -0.973158, -0.968425, -0.963315, -0.958035, -0.952834, -0.947988, -0.943774, -0.94045, -0.938226, -0.937254
-0.937254, -0.936274, -0.933977, -0.930388, -0.925549, -0.919535, -0.912465, -0.904516, -0.895922, -0.886979, -0.878031, -0.86946, -0.861654, -0.854991, -0.849807, -0.846371, -0.844877
-0.844877, -0.843376, -0.839874, -0.834451, -0.827225, -0.818366, -0.80811, -0.796757, -0.784673, -0.772283, -0.760057, -0.748485, -0.738057, -0.729233, -0.722413, -0.717913, -0.715962
-0.715962, -0.714006, -0.709451, -0.702428, -0.693126, -0.681807, -0.668807, -0.654541, -0.63949, -0.62419, -0.609212, -0.595141, -0.582542, -0.571938, -0.563777, -0.558409, -0.556085
-0.556085, -0.553757, -0.548346, -0.540028, -0.529053, -0.515761, -0.500581, -0.48402, -0.466652, -0.449103, -0.432022, -0.416059, -0.401835, -0.389909, -0.38076, -0.374756, -0.37216
-0.37216, -0.369561, -0.363527, -0.354273, -0.3421, -0.327411, -0.310707, -0.292566, -0.273633, -0.254594, -0.236148, -0.218985, -0.203749, -0.191019, -0.181277, -0.174896, -0.17214
-0.17214, -0.169382, -0.162988, -0.153198, -0.140352, -0.124902, -0.107396, -0.08846, -0.0687806, -0.0490744, -0.0300623, -0.0124403, 0.0031472, 0.0161327, 0.0260454, 0.0325272, 0.0353243
0.0353243, 0.0381212, 0.0446002, 0.054503, 0.0674649, 0.0830084, 0.10056, 0.119471, 0.139046, 0.158567, 0.177324, 0.194642, 0.209908, 0.222586, 0.232242, 0.238544, 0.241261
0.241261, 0.243976, 0.25026, 0.259847, 0.272364, 0.287329, 0.304167, 0.322236, 0.34086, 0.359351, 0.377041, 0.393307, 0.40759, 0.419414, 0.428394, 0.434245, 0.436764
0.436764, 0.43928, 0.445096, 0.453953, 0.465485, 0.479224, 0.494619, 0.511066, 0.527933, 0.544595, 0.560453, 0.574963, 0.587647, 0.598104, 0.606021, 0.611166, 0.613379
0.613379, 0.615587, 0.620684, 0.628427, 0.638476, 0.650395, 0.663682, 0.677794, 0.692175, 0.706287, 0.719628, 0.731755, 0.742289, 0.750928, 0.757439, 0.761657, 0.763467
0.763467, 0.765272, 0.76943, 0.775725, 0.783855, 0.793438, 0.804043, 0.81521, 0.826483, 0.837435, 0.847682, 0.8569, 0.864831, 0.871278, 0.876101, 0.879209, 0.880539
0.880539, 0.881862, 0.884901, 0.889476, 0.895335, 0.902169, 0.909632, 0.917371, 0.925049, 0.932367, 0.939076, 0.944988, 0.949972, 0.953948, 0.956875, 0.958739, 0.959531
0.959531, 0.960315, 0.962104, 0.96476, 0.968096, 0.971884, 0.975883, 0.97986, 0.98361, 0.986978, 0.98986, 0.99221, 0.994031, 0.995364, 0.996269, 0.996807, 0.997027
0.997027, 0.997239, 0.997699, 0.998322, 0.99899, 0.999569, 0.999931, 0.999973, 0.999635, 0.998906, 0.997836, 0.996522, 0.995102, 0.993734, 0.992577, 0.991768, 0.991405
0.991405, 0.991035, 0.990148, 0.988711, 0.986682, 0.984027, 0.980736, 0.976842, 0.972428, 0.967636, 0.962659, 0.957738, 0.953138, 0.949129, 0.945961, 0.943838, 0.94291
0.94291, 0.941974, 0.939777, 0.936342, 0.931704, 0.925929, 0.919128, 0.911467, 0.903169, 0.894519, 0.885852, 0.877536, 0.869956, 0.863478, 0.858435, 0.855091, 0.853637
0.853637, 0.852175, 0.848764, 0.84348, 0.836434, 0.827789, 0.817772, 0.806674, 0.79485, 0.782717, 0.770734, 0.759385, 0.749151, 0.740486, 0.733786, 0.729365, 0.727447
0.727447, 0.725524, 0.721046, 0.714141, 0.704991, 0.69385, 0.68105, 0.666995, 0.652158, 0.637067, 0.622286, 0.608392, 0.595948, 0.58547, 0.577403, 0.572096, 0.569799
0.569799, 0.567497, 0.562145, 0.553918, 0.54306, 0.529905, 0.514876, 0.498472, 0.481262, 0.463865, 0.446926, 0.43109, 0.416973, 0.405134, 0.39605, 0.390087, 0.387509
0.387509, 0.384927, 0.378934, 0.36974, 0.357643, 0.343044, 0.326435, 0.308392, 0.289554, 0.270604, 0.252238, 0.235144, 0.219965, 0.207279, 0.197569, 0.191208, 0.18846
0.18846, 0.185711, 0.179336, 0.169573, 0.156761, 0.141347, 0.123877, 0.104975, 0.0853238, 0.0656396, 0.0466425, 0.0290292, 0.013445, 0.000459272, -0.00945556, -0.0159396, -0.0187379
-0.0187379, -0.0215361, -0.0280187, -0.0379282, -0.0509015, -0.0664624, -0.0840383, -0.102982, -0.122597, -0.142163, -0.16097, -0.178341, -0.193657, -0.20638, -0.216071, -0.222398, -0.225126
-0.225126, -0.227852, -0.234161, -0.243789, -0.256362, -0.271397, -0.288319, -0.306485, -0.325215, -0.343818, -0.361622, -0.377998, -0.392383, -0.404295, -0.413343, -0.419239, -0.421778
-0.421778, -0.424314, -0.430177, -0.439107, -0.450736, -0.464596, -0.480131, -0.496734, -0.513769, -0.530604, -0.546635, -0.561309, -0.574141, -0.584725, -0.592739, -0.597949, -0.60019
-0.60019, -0.602427, -0.60759, -0.615435, -0.625618, -0.637702, -0.651179, -0.665501, -0.680105, -0.694444, -0.708008, -0.720345, -0.731069, -0.739868, -0.746502, -0.750801, -0.752647
-0.752647, -0.754486, -0.758726, -0.765148, -0.773444, -0.78323, -0.794067, -0.805488, -0.817029, -0.828251, -0.838763, -0.848229, -0.856382, -0.863015, -0.867981, -0.871183, -0.872554
-0.872554, -0.873918, -0.877051, -0.881771, -0.887822, -0.894887, -0.902614, -0.910641, -0.918619, -0.92624, -0.933244, -0.939431, -0.944659, -0.94884, -0.951924, -0.95389, -0.954726
-0.954726, -0.955555, -0.957447, -0.960261, -0.963805, -0.967843, -0.972127, -0.976412, -0.980483, -0.984173, -0.987367, -0.990006, -0.992084, -0.993631, -0.994699, -0.995345, -0.995611
-0.995611, -0.995869, -0.996437, -0.997224, -0.998107, -0.998944, -0.999599, -0.999957, -0.999945, -0.999545, -0.998789, -0.997767, -0.996605, -0.995452, -0.994458, -0.993756, -0.99344
-0.99344, -0.993116, -0.992335, -0.991061, -0.989245, -0.986845, -0.983842, -0.980258, -0.976164, -0.971689, -0.967018, -0.962379, -0.958027, -0.954223, -0.951211, -0.94919, -0.948306

0.637232, 0.639387, 0.644359, 0.65191, 0.661702, 0.673308, 0.686235, 0.69995, 0.713911, 0.727595, 0.740515, 0.752245, 0.762424, 0.770762, 0.777041, 0.781107, 0.782851
0.782851, 0.784589, 0.788593, 0.794651, 0.802468, 0.811671, 0.82184, 0.832531, 0.843304, 0.853748, 0.863501, 0.872256, 0.879773, 0.885872, 0.890428, 0.893361, 0.894615
0.894615, 0.895862, 0.898724, 0.903028, 0.90853, 0.914933, 0.921904, 0.929108, 0.936227, 0.942981, 0.949143, 0.954545, 0.959075, 0.962671, 0.965307, 0.96698, 0.96769
0.96769, 0.968392, 0.969989, 0.972352, 0.975302, 0.978627, 0.982099, 0.985505, 0.988662, 0.991433, 0.993739, 0.995554, 0.996901, 0.997839, 0.998441, 0.998782, 0.998916
0.998916, 0.999043, 0.999305, 0.999626, 0.999897, 0.999999, 0.999823, 0.999283, 0.998341, 0.99701, 0.99536, 0.993509, 0.991615, 0.989854, 0.988396, 0.98739, 0.986943
0.986943, 0.986489, 0.985406, 0.98367, 0.981249, 0.978126, 0.974308, 0.969846, 0.964846, 0.95947, 0.953935, 0.948499, 0.943446, 0.939061, 0.935607, 0.933298, 0.932289
0.932289, 0.931273, 0.928891, 0.925174, 0.920167, 0.913952, 0.906658, 0.898467, 0.889625, 0.880437, 0.871256, 0.86247, 0.854476, 0.847658, 0.842356, 0.838844, 0.837317
0.837317, 0.835784, 0.832206, 0.826668, 0.819291, 0.810254, 0.799798, 0.788233, 0.775932, 0.763329, 0.750899, 0.739143, 0.728554, 0.719598, 0.712677, 0.708114, 0.706135
0.706135, 0.70415, 0.699531, 0.692411, 0.682984, 0.671515, 0.658351, 0.643911, 0.628682, 0.613209, 0.598069, 0.58385, 0.571125, 0.560417, 0.552178, 0.54676, 0.544415
0.544415, 0.542065, 0.536604, 0.528211, 0.51714, 0.503736, 0.488433, 0.471742, 0.454245, 0.436571, 0.419374, 0.403309, 0.388997, 0.377001, 0.367799, 0.361761, 0.359151
0.359151, 0.356537, 0.350471, 0.341168, 0.328933, 0.314173, 0.297391, 0.279172, 0.260163, 0.241052, 0.222544, 0.205326, 0.190046, 0.177281, 0.167514, 0.161118, 0.158355
0.158355, 0.155591, 0.149182, 0.139371, 0.1265, 0.111023, 0.0934891, 0.0745293, 0.0548302, 0.0351096, 0.0160888, -0.00153664, -0.0171237, -0.0301061, -0.040015, -0.0464935, -0.049289
-0.049289, -0.0520841, -0.0585588, -0.0684537, -0.0814033, -0.0969289, -0.114456, -0.133337, -0.152874, -0.172352, -0.191062, -0.208333, -0.223553, -0.236191, -0.245814, -0.252094, -0.254801
-0.254801, -0.257507, -0.263767, -0.273318, -0.285786, -0.300689, -0.317452, -0.335436, -0.353967, -0.372359, -0.38995, -0.406119, -0.420314, -0.432061, -0.440982, -0.446793, -0.449295
-0.449295, -0.451793, -0.457569, -0.466362, -0.47781, -0.491445, -0.506718, -0.523029, -0.539752, -0.556264, -0.571974, -0.586343, -0.598898, -0.609247, -0.617079, -0.622169, -0.624358
-0.624358, -0.626541, -0.631582, -0.639238, -0.649171, -0.660948, -0.674072, -0.688004, -0.702195, -0.716112, -0.729263, -0.741209, -0.751582, -0.760085, -0.766491, -0.770639, -0.77242
-0.77242, -0.774194, -0.778282, -0.78447, -0.792457, -0.801868, -0.812274, -0.823225, -0.834271, -0.844992, -0.855014, -0.864021, -0.871764, -0.878052, -0.882754, -0.885782, -0.887078
-0.887078, -0.888366, -0.891325, -0.895776, -0.901473, -0.90811, -0.915349, -0.922845, -0.930268, -0.937329, -0.943789, -0.949468, -0.954245, -0.958048, -0.960842, -0.962619, -0.963373
-0.963373, -0.96412, -0.965821, -0.968344, -0.971503, -0.97508, -0.978839, -0.982555, -0.986035, -0.98913, -0.991749, -0.993854, -0.995459, -0.996611, -0.997378, -0.997826, -0.998006
-0.998006, -0.998179, -0.998549, -0.999034, -0.99952, -0.999882, -0.999997, -0.999774, -0.999159, -0.998155, -0.996819, -0.99526, -0.993623, -0.992075, -0.99078, -0.989881, -0.98948
-0.98948, -0.989071, -0.988094, -0.98652, -0.984312, -0.981443, -0.97791, -0.973756, -0.969074, -0.964014, -0.958781, -0.953624, -0.948817, -0.944636, -0.941336, -0.939128, -0.938162
-0.938162, -0.93719, -0.934908, -0.931344, -0.926536, -0.92056, -0.913532, -0.905628, -0.89708, -0.888183, -0.87928, -0.870749, -0.862978, -0.856344, -0.851182, -0.847761, -0.846273
-0.846273, -0.844779, -0.841291, -0.83589, -0.828692, -0.819867, -0.809648, -0.798334, -0.786292, -0.773942, -0.761754, -0.750216, -0.739819, -0.73102, -0.724218, -0.719732, -0.717786
-0.717786, -0.715834, -0.711291, -0.704287, -0.695009, -0.683717, -0.670749, -0.656516, -0.641499, -0.626231, -0.611284, -0.59724, -0.584666, -0.574082, -0.565935, -0.560577, -0.558257
-0.558257, -0.555933, -0.550531, -0.542227, -0.53127, -0.518, -0.502843, -0.486307, -0.468964, -0.451438, -0.434379, -0.418436, -0.404228, -0.392316, -0.383177, -0.37718, -0.374586
-0.374586, -0.37199, -0.365963, -0.356718, -0.344556, -0.329881, -0.313192, -0.295066, -0.276148, -0.257122, -0.238689, -0.221536, -0.206309, -0.193585, -0.183849, -0.177471, -0.174716
-0.174716, -0.171959, -0.165568, -0.155782, -0.142941, -0.127497, -0.109995, -0.0910648, -0.0713895, -0.0516865, -0.0326763, -0.0150554, 0.000531858, 0.0135176, 0.0234309, 0.0299131, 0.0327105
0.0327105, 0.0355076, 0.0419873, 0.0518913, 0.0648553, 0.0804018, 0.0979575, 0.116874, 0.136456, 0.155984, 0.174749, 0.192076, 0.20735, 0.220036, 0.229697, 0.236003, 0.238722
0.238722, 0.241439, 0.247727, 0.25732, 0.269847, 0.284823, 0.301674, 0.319759, 0.3384, 0.356909, 0.374618, 0.390901, 0.405201, 0.417039, 0.42603, 0.431887, 0.43441
0.43441, 0.436929, 0.442753, 0.451621, 0.463169, 0.476927, 0.492345, 0.508816, 0.52571, 0.542399, 0.558286, 0.572822, 0.585529, 0.596006, 0.603938, 0.609094, 0.611311
0.611311, 0.613524, 0.618631, 0.626391, 0.636461, 0.648406, 0.661723, 0.675868, 0.690285, 0.704433, 0.71781, 0.729969, 0.740534, 0.749199, 0.755729, 0.75996, 0.761776
0.761776, 0.763586, 0.767757, 0.774072, 0.782228, 0.791844, 0.802485, 0.813692, 0.825008, 0.836002, 0.846291, 0.855549, 0.863515, 0.869991, 0.874837, 0.87796, 0.879296
0.879296, 0.880626, 0.88368, 0.888278, 0.894167, 0.901037, 0.908542, 0.916327, 0.924053, 0.931418, 0.938174, 0.94413, 0.949152, 0.95316, 0.956112, 0.957992, 0.958791
0.958791, 0.959583, 0.961387, 0.964069, 0.967437, 0.971265, 0.975309, 0.979334, 0.983136, 0.986554, 0.989485, 0.99188, 0.993742, 0.995109, 0.996039, 0.996595, 0.996822
0.996822, 0.997041, 0.997518, 0.998168, 0.998869, 0.999489, 0.999897, 0.999989, 0.999702, 0.999025, 0.998004, 0.996736, 0.995357, 0.994023, 0.992892, 0.992099, 0.991744
0.991744, 0.991381, 0.990511, 0.9891, 0.987104, 0.984489, 0.981244, 0.977398, 0.973035, 0.968292, 0.963364, 0.958487, 0.953926, 0.94995, 0.946806, 0.944699, 0.943777
0.943777, 0.942848, 0.940668, 0.937257, 0.932651, 0.926914, 0.920156, 0.912539, 0.904288, 0.895685, 0.887062, 0.878787, 0.871242, 0.864795, 0.859774, 0.856444, 0.854996
0.854996, 0.853541, 0.850144, 0.844882, 0.837864, 0.829253, 0.819274, 0.808216, 0.796435, 0.784342, 0.772398, 0.761084, 0.75088, 0.742241, 0.73556, 0.731152, 0.729239
0.729239, 0.727321, 0.722856, 0.715969, 0.706843, 0.695731, 0.682963, 0.668941, 0.654138, 0.63908, 0.624331, 0.610466, 0.598046, 0.587588, 0.579536, 0.57424, 0.571946
0.571946, 0.569648, 0.564306, 0.556093, 0.545254, 0.532121, 0.517116, 0.500737, 0.483553, 0.466181, 0.449264, 0.433448, 0.419348, 0.407524, 0.39845, 0.392494, 0.389918
0.389918, 0.38734, 0.381353, 0.372169, 0.360085, 0.345499, 0.328906, 0.310878, 0.292056, 0.273121, 0.254768, 0.237685, 0.222516, 0.209837, 0.200132, 0.193775, 0.191028
0.191028, 0.18828, 0.181908, 0.17215, 0.159343, 0.143936, 0.126472, 0.107575, 0.0879293, 0.0682491, 0.0492549, 0.0316434, 0.0160601, 0.00307462, -0.0068403, -0.0133246, -0.016123
-0.016123, -0.0189213, -0.0254043, -0.0353146, -0.0482894, -0.0638526, -0.0814319, -0.10038, -0.12, -0.139574, -0.158389, -0.175767, -0.19109, -0.20382, -0.213517, -0.219848, -0.222577
-0.222577, -0.225305, -0.231618, -0.241252, -0.253833, -0.268879, -0.285814, -0.303995, -0.322741, -0.341361, -0.359183, -0.375576, -0.389976, -0.401901, -0.41096, -0.416863, -0.419406
-0.419406, -0.421945, -0.427815, -0.436755, -0.4484, -0.462278, -0.477835, -0.494462, -0.511524, -0.528386, -0.544443, -0.559143, -0.571998, -0.582601, -0.590631, -0.595851, -0.598096
-0.598096, -0.600337, -0.60551, -0.613371, -0.623576, -0.635685, -0.649192, -0.663547, -0.678185, -0.692559, -0.706159, -0.718529, -0.729282, -0.738106, -0.744759, -0.749071, -0.750922
-0.750922, -0.752767, -0.75702, -0.763461, -0.771784, -0.781602, -0.792474, -0.803935, -0.815518, -0.826783, -0.837336, -0.846841, -0.855029, -0.861691, -0.866679, -0.869896, -0.871273
-0.871273, -0.872643, -0.875792, -0.880534, -0.886615, -0.893717, -0.901485, -0.909557, -0.917583, -0.925251, -0.932302, -0.938532, -0.943798, -0.948011, -0.951119, -0.953102, -0.953945

0.0632441, 0.0660369, 0.072506, 0.0823911, 0.0953258, 0.11083, 0.12833, 0.147176, 0.166671, 0.186102, 0.204763, 0.221983, 0.237154, 0.249749, 0.259338, 0.265595, 0.268292
0.268292, 0.270987, 0.277223, 0.286736, 0.299152, 0.313989, 0.330674, 0.34857, 0.367004, 0.385295, 0.402782, 0.418852, 0.432955, 0.444624, 0.453483, 0.459253, 0.461737
0.461737, 0.464218, 0.469952, 0.478681, 0.490042, 0.503569, 0.518719, 0.534891, 0.551465, 0.567824, 0.583383, 0.597608, 0.610033, 0.620271, 0.628017, 0.633051, 0.635215
0.635215, 0.637374, 0.642357, 0.649924, 0.659739, 0.671372, 0.68433, 0.69808, 0.712078, 0.725798, 0.738755, 0.750519, 0.760729, 0.769093, 0.775392, 0.779471, 0.781221
0.781221, 0.782965, 0.786983, 0.793061, 0.800904, 0.810141, 0.820347, 0.831079, 0.841896, 0.852384, 0.862179, 0.870974, 0.878526, 0.884656, 0.889235, 0.892182, 0.893443
0.893443, 0.894697, 0.897574, 0.901901, 0.907434, 0.913874, 0.920888, 0.928138, 0.935305, 0.942107, 0.948316, 0.953762, 0.958331, 0.96196, 0.964621, 0.966311, 0.967027
0.967027, 0.967736, 0.96935, 0.971738, 0.974721, 0.978086, 0.981603, 0.985058, 0.988266, 0.991088, 0.993443, 0.995304, 0.996692, 0.997663, 0.998292, 0.99865, 0.998791
0.998791, 0.998925, 0.999204, 0.999551, 0.999856, 0.999999, 0.999868, 0.999379, 0.998488, 0.997209, 0.995608, 0.993803, 0.99195, 0.990222, 0.98879, 0.987801, 0.987361
0.987361, 0.986914, 0.985847, 0.984137, 0.98175, 0.978666, 0.974893, 0.97048, 0.96553, 0.960204, 0.954716, 0.949324, 0.94431, 0.939957, 0.936527, 0.934234, 0.933232
0.933232, 0.932223, 0.929857, 0.926163, 0.921188, 0.915011, 0.907758, 0.899612, 0.890817, 0.881674, 0.872537, 0.863791, 0.855832, 0.849043, 0.843763, 0.840265, 0.838744
0.838744, 0.837217, 0.833653, 0.828136, 0.820788, 0.811784, 0.801366, 0.789839, 0.777579, 0.765016, 0.752624, 0.740902, 0.730343, 0.721411, 0.71451, 0.709958, 0.707984
0.707984, 0.706005, 0.701398, 0.694296, 0.684892, 0.673451, 0.660317, 0.645909, 0.630714, 0.615273, 0.600163, 0.585972, 0.57327, 0.562581, 0.554357, 0.548948, 0.546606
0.546606, 0.544261, 0.538809, 0.53043, 0.519377, 0.505994, 0.490713, 0.474046, 0.456573, 0.438922, 0.421747, 0.405701, 0.391405, 0.379422, 0.37023, 0.364198, 0.36159
0.36159, 0.35898, 0.35292, 0.343625, 0.331401, 0.316655, 0.299887, 0.281683, 0.262687, 0.24359, 0.225093, 0.207885, 0.192613, 0.179854, 0.170092, 0.163698, 0.160937
0.160937, 0.158174, 0.151768, 0.14196, 0.129094, 0.113621, 0.0960927, 0.0771372, 0.0574414, 0.0377232, 0.0187038, 0.00107871, -0.0145087, -0.0274919, -0.0374016, -0.0438808, -0.0466767
-0.0466767, -0.0494722, -0.0559477, -0.0658443, -0.0787964, -0.0943256, -0.111858, -0.130744, -0.150289, -0.169775, -0.188494, -0.205774, -0.221003, -0.233649, -0.243278, -0.249562, -0.252272
-0.252272, -0.254979, -0.261244, -0.270801, -0.283279, -0.298193, -0.31497, -0.332971, -0.351519, -0.369931, -0.38754, -0.403728, -0.417939, -0.429701, -0.438633, -0.444451, -0.446957
-0.446957, -0.449458, -0.455242, -0.464047, -0.475511, -0.489165, -0.504462, -0.520799, -0.537548, -0.554089, -0.569827, -0.584222, -0.596802, -0.607171, -0.615019, -0.620119, -0.622313
-0.622313, -0.624501, -0.629552, -0.637225, -0.647179, -0.658983, -0.672138, -0.686104, -0.70033, -0.714284, -0.727471, -0.739451, -0.749855, -0.758383, -0.764808, -0.76897, -0.770756
-0.770756, -0.772536, -0.776637, -0.782845, -0.790859, -0.800302, -0.810746, -0.821737, -0.832826, -0.84359, -0.853654, -0.862702, -0.87048, -0.876798, -0.881522, -0.884565, -0.885867
-0.885867, -0.887162, -0.890136, -0.89461, -0.900338, -0.907012, -0.914293, -0.921834, -0.929305, -0.936414, -0.942921, -0.948644, -0.95346, -0.957295, -0.960114, -0.961907, -0.962668
-0.962668, -0.963422, -0.96514, -0.967687, -0.97088, -0.974496, -0.9783, -0.982065, -0.985596, -0.988742, -0.99141, -0.993561, -0.995206, -0.996392, -0.997185, -0.99765, -0.997838
-0.997838, -0.998018, -0.998405, -0.998916, -0.999436, -0.999838, -1, -0.999826, -0.999263, -0.99831, -0.997024, -0.995511, -0.993914, -0.9924, -0.991131, -0.990249, -0.989855
-0.989855, -0.989453, -0.988493, -0.986945, -0.98477, -0.981941, -0.978454, -0.974348, -0.969716, -0.964706, -0.959521, -0.954408, -0.94964, -0.94549, -0.942215, -0.940023, -0.939065
-0.939065, -0.938099, -0.935833, -0.932293, -0.927517, -0.921578, -0.914593, -0.906734, -0.898233, -0.889382, -0.880523, -0.872032, -0.864297, -0.857692, -0.852552, -0.849145, -0.847664
-0.847664, -0.846175, -0.842702, -0.837323, -0.830153, -0.821361, -0.81118, -0.799907, -0.787905, -0.775596, -0.763445, -0.751943, -0.741576, -0.732802, -0.726019, -0.721545, -0.719604
-0.719604, -0.717658, -0.713127, -0.706142, -0.696887, -0.685624, -0.672687, -0.658487, -0.643503, -0.628268, -0.613352, -0.599336, -0.586786, -0.576221, -0.568089, -0.562741, -0.560425
-0.560425, -0.558105, -0.552713, -0.544423, -0.533484, -0.520235, -0.505102, -0.48859, -0.471272, -0.45377, -0.436733, -0.42081, -0.406619, -0.394721, -0.385592, -0.3796, -0.37701
-0.37701, -0.374416, -0.368395, -0.35916, -0.34701, -0.332349, -0.315674, -0.297564, -0.27866, -0.259648, -0.241228, -0.224086, -0.208868, -0.196151, -0.186419, -0.180044, -0.17729
-0.17729, -0.174535, -0.168146, -0.158365, -0.145529, -0.13009, -0.112595, -0.093669, -0.073998, -0.0542981, -0.0352902, -0.0176704, -0.00208349, 0.0109025, 0.0208162, 0.0272989, 0.0300964
0.0300964, 0.0328938, 0.0393741, 0.0492793, 0.0622452, 0.0777947, 0.0953544, 0.114277, 0.133865, 0.1534, 0.172174, 0.189509, 0.204791, 0.217484, 0.227151, 0.233461, 0.236182
0.236182, 0.2389, 0.245192, 0.254792, 0.267328, 0.282315, 0.29918, 0.31728, 0.335938, 0.354465, 0.372192, 0.388493, 0.402808, 0.41466, 0.423662, 0.429527, 0.432053
0.432053, 0.434575, 0.440406, 0.449286, 0.460849, 0.474627, 0.490067, 0.506563, 0.523484, 0.5402, 0.556114, 0.570676, 0.583406, 0.593904, 0.601852, 0.607018, 0.609239
0.609239, 0.611456, 0.616575, 0.62435, 0.634441, 0.646413, 0.65976, 0.673938, 0.68839, 0.702574, 0.715986, 0.728179, 0.738774, 0.747464, 0.754014, 0.758257, 0.760079
0.760079, 0.761894, 0.766079, 0.772414, 0.780596, 0.790244, 0.800922, 0.812169, 0.823527, 0.834565, 0.844895, 0.854192, 0.862193, 0.868699, 0.873567, 0.876705, 0.878048
0.878048, 0.879384, 0.882453, 0.887073, 0.892993, 0.8999, 0.907446, 0.915276, 0.92305, 0.930463, 0.937266, 0.943265, 0.948326, 0.952366, 0.955343, 0.957239, 0.958045
0.958045, 0.958843, 0.960664, 0.963371, 0.966772, 0.970639, 0.974728, 0.978802, 0.982654, 0.986123, 0.989103, 0.991544, 0.993447, 0.994847, 0.995804, 0.996376, 0.99661
0.99661, 0.996837, 0.997331, 0.998006, 0.998741, 0.999402, 0.999856, 0.999998, 0.999762, 0.999137, 0.998166, 0.996944, 0.995605, 0.994305, 0.9932, 0.992424, 0.992076
0.992076, 0.991721, 0.990867, 0.989481, 0.987519, 0.984944, 0.981745, 0.977948, 0.973635, 0.968942, 0.964062, 0.95923, 0.954708, 0.950763, 0.947644, 0.945553, 0.944639
0.944639, 0.943717, 0.941552, 0.938166, 0.933591, 0.927892, 0.921177, 0.913606, 0.905402, 0.896845, 0.888266, 0.880033, 0.872523, 0.866105, 0.861106, 0.857791, 0.856349
0.856349, 0.854901, 0.851519, 0.846278, 0.839289, 0.830712, 0.820771, 0.809754, 0.798014, 0.785962, 0.774057, 0.762777, 0.752605, 0.743991, 0.737329, 0.732933, 0.731026
0.731026, 0.729114, 0.724661, 0.717793, 0.708691, 0.697607, 0.684871, 0.670883, 0.656114, 0.64109, 0.626372, 0.612535, 0.60014, 0.589702, 0.581666, 0.576379, 0.574089
0.574089, 0.571796, 0.566464, 0.558265, 0.547444, 0.534334, 0.519353, 0.503, 0.485841, 0.468493, 0.451599, 0.435803, 0.421721, 0.409911, 0.400847, 0.394898, 0.392325
0.392325, 0.38975, 0.38377, 0.374595, 0.362523, 0.347952, 0.331374, 0.313363, 0.294557, 0.275636, 0.257297, 0.240225, 0.225065, 0.212393, 0.202694, 0.19634, 0.193595
0.193595, 0.190848, 0.184479, 0.174725, 0.161924, 0.146523, 0.129065, 0.110175, 0.0905342, 0.0708581, 0.0518669, 0.0342573, 0.0186751, 0.00568994, -0.00422499, -0.0107094, -0.0135079
-0.0135079, -0.0163063, -0.0227897, -0.0327008, -0.0456769, -0.0612423, -0.078825, -0.0977777, -0.117404, -0.136984, -0.155806, -0.173192, -0.188522, -0.201259, -0.210961, -0.217296, -0.220027
-0.220027, -0.222756, -0.229073, -0.238713, -0.251303, -0.266359, -0.283307, -0.301502, -0.320264, -0.338902, -0.356741, -0.373151, -0.387567, -0.399505, -0.408574, -0.414484, -0.41703
-0.41703, -0.419572, -0.425449, -0.434401, -0.446061, -0.459958, -0.475536, -0.492187, -0.509275, -0.526163, -0.542248, -0.556972, -0.56985, -0.580473, -0.588518, -0.593749, -0.595998

-0.534849, -0.532482, -0.526982, -0.51853, -0.507383, -0.493889, -0.478487, -0.461693, -0.444094, -0.426321, -0.409033, -0.392886, -0.378505, -0.366453, -0.35721, -0.351146, -0.348524
-0.348524, -0.345899, -0.339808, -0.330466, -0.318182, -0.303366, -0.286524, -0.268244, -0.249176, -0.23001, -0.211453, -0.194193, -0.178879, -0.166087, -0.156302, -0.149894, -0.147126
-0.147126, -0.144358, -0.137938, -0.128111, -0.115221, -0.099724, -0.0821711, -0.0631944, -0.043482, -0.0237527, -0.00472753, 0.0128982, 0.0284826, 0.0414608, 0.051365, 0.0578399, 0.0606337
0.0606337, 0.0634271, 0.0698972, 0.0797844, 0.0927221, 0.108231, 0.125736, 0.144588, 0.164092, 0.183532, 0.202202, 0.219432, 0.234612, 0.247216, 0.256811, 0.263073, 0.265772
0.265772, 0.268469, 0.27471, 0.284229, 0.296656, 0.311505, 0.328205, 0.346118, 0.36457, 0.38288, 0.400387, 0.416476, 0.430596, 0.44228, 0.451151, 0.456928, 0.459416
0.459416, 0.4619, 0.467642, 0.476383, 0.48776, 0.501308, 0.516481, 0.532679, 0.549282, 0.56567, 0.581257, 0.595509, 0.607958, 0.618217, 0.62598, 0.631024, 0.633192
0.633192, 0.635356, 0.64035, 0.647934, 0.657771, 0.669432, 0.682421, 0.696205, 0.710239, 0.723996, 0.73699, 0.748788, 0.759029, 0.767419, 0.773738, 0.77783, 0.779586
0.779586, 0.781336, 0.785366, 0.791465, 0.799336, 0.808605, 0.818849, 0.829622, 0.840481, 0.851013, 0.860851, 0.869686, 0.877274, 0.883433, 0.888035, 0.890998, 0.892265
0.892265, 0.893525, 0.896418, 0.900769, 0.906332, 0.912809, 0.919865, 0.927161, 0.934376, 0.941227, 0.947483, 0.952973, 0.957581, 0.961242, 0.963928, 0.965634, 0.966358
0.966358, 0.967074, 0.968704, 0.971117, 0.974134, 0.977538, 0.981101, 0.984605, 0.987863, 0.990737, 0.993141, 0.995048, 0.996476, 0.997481, 0.998135, 0.99851, 0.998659
0.998659, 0.9988, 0.999097, 0.999469, 0.999808, 0.999992, 0.999907, 0.999468, 0.998629, 0.997401, 0.995849, 0.99409, 0.992278, 0.990583, 0.989177, 0.988205, 0.987772
0.987772, 0.987332, 0.986283, 0.984598, 0.982244, 0.9792, 0.975472, 0.971108, 0.966208, 0.960931, 0.955491, 0.950143, 0.945167, 0.940847, 0.937441, 0.935164, 0.934169
0.934169, 0.933166, 0.930816, 0.927146, 0.922202, 0.916063, 0.908852, 0.900751, 0.892002, 0.882905, 0.873812, 0.865106, 0.857182, 0.850422, 0.845164, 0.84168, 0.840166
0.840166, 0.838644, 0.835095, 0.8296, 0.822279, 0.813308, 0.802927, 0.791441, 0.779221, 0.766697, 0.754344, 0.742656, 0.732127, 0.72322, 0.716337, 0.711797, 0.709829
0.709829, 0.707855, 0.703259, 0.696176, 0.686795, 0.675382, 0.662279, 0.647904, 0.632741, 0.617333, 0.602253, 0.588089, 0.575411, 0.564742, 0.556531, 0.551132, 0.548795
0.548795, 0.546453, 0.541011, 0.532646, 0.52161, 0.508248, 0.49299, 0.476347, 0.458898, 0.441271, 0.424117, 0.40809, 0.39381, 0.38184, 0.372658, 0.366633, 0.364027
0.364027, 0.361419, 0.355365, 0.34608, 0.333868, 0.319134, 0.302381, 0.284191, 0.26521, 0.246126, 0.22764, 0.210442, 0.195179, 0.182426, 0.172669, 0.166278, 0.163517
0.163517, 0.160756, 0.154352, 0.144549, 0.131687, 0.116219, 0.0986956, 0.0797444, 0.0600522, 0.0403366, 0.0213186, 0.00369405, -0.0118935, -0.0248774, -0.0347879, -0.0412678, -0.044064
-0.044064, -0.0468599, -0.0533363, -0.0632344, -0.0761889, -0.0917216, -0.109258, -0.128151, -0.147703, -0.167197, -0.185925, -0.203214, -0.218451, -0.231105, -0.24074, -0.247029, -0.24974
-0.24974, -0.252449, -0.258718, -0.268283, -0.28077, -0.295696, -0.312487, -0.330504, -0.34907, -0.3675, -0.385128, -0.401334, -0.415562, -0.427338, -0.436281, -0.442107, -0.444616
-0.444616, -0.447121, -0.452912, -0.461729, -0.473209, -0.486883, -0.502202, -0.518564, -0.535341, -0.55191, -0.567676, -0.582098, -0.594701, -0.605091, -0.612955, -0.618066, -0.620263
-0.620263, -0.622456, -0.627518, -0.635207, -0.645183, -0.657014, -0.670199, -0.684199, -0.698461, -0.712452, -0.725674, -0.737688, -0.748122, -0.756676, -0.763121, -0.767295, -0.769087
-0.769087, -0.770873, -0.774987, -0.781215, -0.789256, -0.798731, -0.809212, -0.820244, -0.831375, -0.842183, -0.852289, -0.861376, -0.869189, -0.875537, -0.880285, -0.883343, -0.884651
-0.884651, -0.885952, -0.888941, -0.893439, -0.899196, -0.905907, -0.91323, -0.920817, -0.928336, -0.935493, -0.942047, -0.947813, -0.952668, -0.956535, -0.95938, -0.961189, -0.961957
-0.961957, -0.962718, -0.964452, -0.967025, -0.97025, -0.973906, -0.977755, -0.981569, -0.98515, -0.988347, -0.991064, -0.993261, -0.994947, -0.996167, -0.996985, -0.997468, -0.997663
-0.997663, -0.99785, -0.998254, -0.998791, -0.999345, -0.999788, -0.999996, -0.999871, -0.99936, -0.998459, -0.997222, -0.995755, -0.994199, -0.992719, -0.991475, -0.99061, -0.990223
-0.990223, -0.989829, -0.988886, -0.987363, -0.985222, -0.982432, -0.97899, -0.974933, -0.970352, -0.965391, -0.960255, -0.955186, -0.950456, -0.946339, -0.943088, -0.940912, -0.93996
-0.93996, -0.939002, -0.936752, -0.933236, -0.928492, -0.92259, -0.915648, -0.907834, -0.899379, -0.890575, -0.88176, -0.873309, -0.865609, -0.859034, -0.853916, -0.850523, -0.849048
-0.849048, -0.847566, -0.844107, -0.83875, -0.831608, -0.82285, -0.812707, -0.801474, -0.789513, -0.777244, -0.765132, -0.753665, -0.743328, -0.734579, -0.727815, -0.723353, -0.721418
-0.721418, -0.719477, -0.714958, -0.707991, -0.69876, -0.687525, -0.67462, -0.660453, -0.645502, -0.6303, -0.615415, -0.601428, -0.588901, -0.578357, -0.57024, -0.564901, -0.562589
-0.562589, -0.560273, -0.55489, -0.546615, -0.535694, -0.522467, -0.507358, -0.49087, -0.473577, -0.456099, -0.439085, -0.423181, -0.409007, -0.397122, -0.388003, -0.382019, -0.379431
-0.379431, -0.37684, -0.370825, -0.361599, -0.349462, -0.334815, -0.318155, -0.30006, -0.281171, -0.262173, -0.243765, -0.226634, -0.211424, -0.198714, -0.188988, -0.182616, -0.179864
-0.179864, -0.17711, -0.170724, -0.160946, -0.148116, -0.132683, -0.115193, -0.0962725, -0.0766059, -0.0569094, -0.0379038, -0.0202853, -0.00469882, 0.00828724, 0.0182013, 0.0246844, 0.0274822
0.0274822, 0.0302797, 0.0367607, 0.046667, 0.0596347, 0.075187, 0.0927506, 0.111678, 0.131272, 0.150815, 0.169597, 0.18694, 0.20223, 0.214931, 0.224603, 0.230917, 0.233639
0.233639, 0.23636, 0.242656, 0.252262, 0.264807, 0.279805, 0.296683, 0.314799, 0.333474, 0.352018, 0.369763, 0.386082, 0.400413, 0.412279, 0.421292, 0.427164, 0.429693
0.429693, 0.432218, 0.438057, 0.446948, 0.458527, 0.472323, 0.487785, 0.504306, 0.521253, 0.537998, 0.553938, 0.568526, 0.58128, 0.591798, 0.599761, 0.604937, 0.607163
0.607163, 0.609385, 0.614513, 0.622305, 0.632418, 0.644415, 0.657792, 0.672004, 0.686491, 0.700711, 0.714158, 0.726384, 0.737009, 0.745724, 0.752293, 0.756549, 0.758377
0.758377, 0.760198, 0.764395, 0.77075, 0.778959, 0.788638, 0.799353, 0.81064, 0.822041, 0.833121, 0.843493, 0.852829, 0.860865, 0.8674, 0.872291, 0.875444, 0.876793
0.876793, 0.878136, 0.881219, 0.885863, 0.891813, 0.898756, 0.906344, 0.91422, 0.92204, 0.929502, 0.936351, 0.942393, 0.947492, 0.951565, 0.954567, 0.956479, 0.957292
0.957292, 0.958097, 0.959935, 0.962666, 0.9661, 0.970007, 0.97414, 0.978263, 0.982166, 0.985686, 0.988715, 0.991202, 0.993144, 0.994579, 0.995561, 0.99615, 0.996392
0.996392, 0.996625, 0.997137, 0.997837, 0.998607, 0.999308, 0.999808, 1, 0.999816, 0.999242, 0.998321, 0.997145, 0.995847, 0.99458, 0.993501, 0.992742, 0.992401
0.992401, 0.992053, 0.991216, 0.989856, 0.987928, 0.985393, 0.982239, 0.978491, 0.974228, 0.969586, 0.964754, 0.959966, 0.955483, 0.951571, 0.948476, 0.946401, 0.945494
0.945494, 0.944579, 0.94243, 0.939068, 0.934525, 0.928864, 0.922191, 0.914666, 0.906509, 0.897999, 0.889465, 0.881272, 0.873798, 0.867409, 0.862433, 0.859133, 0.857697
0.857697, 0.856255, 0.852887, 0.847669, 0.840708, 0.832165, 0.822262, 0.811286, 0.799587, 0.787576, 0.77571, 0.764466, 0.754325, 0.745736, 0.739094, 0.73471, 0.732809
0.732809, 0.730901, 0.72646, 0.719611, 0.710533, 0.699479, 0.686774, 0.67282, 0.658086, 0.643095, 0.628408, 0.6146, 0.60223, 0.591812, 0.583791, 0.578514, 0.576229
0.576229, 0.573939, 0.568617, 0.560433, 0.549631, 0.536543, 0.521586, 0.505258, 0.488125, 0.470802, 0.453931, 0.438156, 0.424091, 0.412295, 0.403242, 0.3973, 0.39473
0.39473, 0.392157, 0.386183, 0.377019, 0.364959, 0.350403, 0.333841, 0.315846, 0.297055, 0.278149, 0.259823, 0.242763, 0.227612, 0.214948, 0.205254, 0.198904, 0.19616
0.19616, 0.193415, 0.187049, 0.1773, 0.164505, 0.14911, 0.131658, 0.112774, 0.0931385, 0.0734666, 0.0544785, 0.036871, 0.0212899, 0.00830523, -0.00160965, -0.00809417, -0.0108928

-0.92909, -0.928051, -0.925616, -0.921819, -0.916707, -0.910368, -0.902933, -0.894593, -0.885597, -0.876256, -0.86693, -0.85801, -0.8499, -0.842986, -0.837611, -0.834051, -0.832503
-0.832503, -0.83095, -0.827324, -0.821714, -0.814244, -0.805097, -0.794517, -0.78282, -0.770385, -0.757649, -0.745094, -0.733223, -0.722535, -0.713497, -0.706515, -0.701911, -0.699914
-0.699914, -0.697913, -0.693254, -0.686074, -0.676569, -0.665009, -0.651742, -0.637194, -0.621856, -0.606277, -0.591036, -0.576727, -0.563923, -0.553152, -0.544865, -0.539416, -0.537057
-0.537057, -0.534694, -0.529203, -0.520764, -0.509634, -0.496161, -0.480782, -0.464012, -0.446435, -0.428685, -0.411418, -0.39529, -0.380924, -0.368885, -0.359652, -0.353593, -0.350974
-0.350974, -0.348352, -0.342266, -0.332933, -0.32066, -0.305857, -0.289029, -0.270763, -0.251708, -0.232555, -0.214008, -0.196758, -0.181451, -0.168666, -0.158885, -0.152479, -0.149713
-0.149713, -0.146945, -0.140528, -0.130704, -0.117819, -0.102326, -0.0847774, -0.0658043, -0.0460947, -0.0263672, -0.00734283, 0.0102831, 0.0258682, 0.0388475, 0.0487529, 0.0552288, 0.058023
0.058023, 0.0608168, 0.0672881, 0.0771771, 0.0901177, 0.105631, 0.123141, 0.142, 0.161512, 0.180961, 0.19964, 0.216879, 0.232069, 0.244681, 0.254282, 0.260548, 0.263249
0.263249, 0.265948, 0.272194, 0.281721, 0.294157, 0.309019, 0.325733, 0.343663, 0.362133, 0.380463, 0.397989, 0.414096, 0.428234, 0.439933, 0.448815, 0.4546, 0.457091
0.457091, 0.459579, 0.465328, 0.474082, 0.485475, 0.499043, 0.51424, 0.530464, 0.547094, 0.563511, 0.579127, 0.593406, 0.60588, 0.61616, 0.623938, 0.628993, 0.631166
0.631166, 0.633334, 0.638339, 0.64594, 0.655799, 0.667486, 0.680507, 0.694325, 0.708395, 0.72219, 0.735219, 0.747052, 0.757323, 0.76574, 0.772079, 0.776184, 0.777945
0.777945, 0.779701, 0.783745, 0.789864, 0.797761, 0.807063, 0.817345, 0.828159, 0.839061, 0.849637, 0.859517, 0.868392, 0.876016, 0.882205, 0.88683, 0.889808, 0.891081
0.891081, 0.892348, 0.895256, 0.89963, 0.905224, 0.911738, 0.918836, 0.926178, 0.933441, 0.940341, 0.946644, 0.952177, 0.956824, 0.960518, 0.963229, 0.964951, 0.965682
0.965682, 0.966405, 0.968051, 0.97049, 0.973539, 0.976983, 0.980591, 0.984144, 0.987453, 0.990378, 0.992832, 0.994784, 0.996253, 0.997292, 0.997972, 0.998364, 0.99852
0.99852, 0.998669, 0.998982, 0.99938, 0.999753, 0.999978, 0.99994, 0.999549, 0.998762, 0.997586, 0.996084, 0.994371, 0.992599, 0.990938, 0.989557, 0.988602, 0.988177
0.988177, 0.987744, 0.986711, 0.985051, 0.982731, 0.979728, 0.976045, 0.971728, 0.966879, 0.961652, 0.956259, 0.950955, 0.946018, 0.941729, 0.938348, 0.936087, 0.935099
0.935099, 0.934103, 0.931768, 0.928123, 0.92321, 0.917108, 0.90994, 0.901884, 0.893181, 0.88413, 0.875081, 0.866414, 0.858526, 0.851795, 0.846559, 0.843089, 0.841581
0.841581, 0.840066, 0.836531, 0.831057, 0.823764, 0.814827, 0.804483, 0.793037, 0.780857, 0.768374, 0.756058, 0.744405, 0.733906, 0.725024, 0.718159, 0.713632, 0.711668
0.711668, 0.7097, 0.705116, 0.698051, 0.688694, 0.677309, 0.664236, 0.649894, 0.634765, 0.619388, 0.604339, 0.590202, 0.577548, 0.566898, 0.558702, 0.553313, 0.550979
0.550979, 0.548641, 0.543208, 0.534857, 0.52384, 0.510499, 0.495264, 0.478645, 0.461221, 0.443616, 0.426484, 0.410476, 0.396213, 0.384256, 0.375084, 0.369065, 0.366462
0.366462, 0.363857, 0.357809, 0.348533, 0.336332, 0.321612, 0.304873, 0.286698, 0.267731, 0.24866, 0.230186, 0.212998, 0.197743, 0.184997, 0.175244, 0.168856, 0.166097
0.166097, 0.163337, 0.156936, 0.147136, 0.134279, 0.118817, 0.101298, 0.0823512, 0.0626626, 0.0429497, 0.0239333, 0.00630937, -0.00927833, -0.0222628, -0.0321741, -0.0386546, -0.0414511
-0.0414511, -0.0442472, -0.0507245, -0.0606241, -0.0735809, -0.0891169, -0.106658, -0.125557, -0.145115, -0.164618, -0.183355, -0.200653, -0.215898, -0.22856, -0.238201, -0.244494, -0.247207
-0.247207, -0.249917, -0.256191, -0.265762, -0.278259, -0.293197, -0.310002, -0.328034, -0.346618, -0.365066, -0.382713, -0.398937, -0.413182, -0.424972, -0.433926, -0.43976, -0.442271
-0.442271, -0.44478, -0.450578, -0.459407, -0.470903, -0.484597, -0.499939, -0.516326, -0.53313, -0.549727, -0.565521, -0.579969, -0.592596, -0.603007, -0.610886, -0.616007, -0.61821
-0.61821, -0.620407, -0.62548, -0.633185, -0.643183, -0.65504, -0.668256, -0.682289, -0.696587, -0.710614, -0.723872, -0.73592, -0.746384, -0.754963, -0.761428, -0.765615, -0.767413
-0.767413, -0.769204, -0.773332, -0.77958, -0.787647, -0.797155, -0.807673, -0.818745, -0.829919, -0.84077, -0.850918, -0.860045, -0.867893, -0.874271, -0.879041, -0.882114, -0.883429
-0.883429, -0.884736, -0.88774, -0.892261, -0.898049, -0.904797, -0.912162, -0.919794, -0.927361, -0.934566, -0.941166, -0.946976, -0.951869, -0.955769, -0.958639, -0.960464, -0.961239
-0.961239, -0.962007, -0.963758, -0.966355, -0.969614, -0.973309, -0.977203, -0.981066, -0.984697, -0.987946, -0.990712, -0.992955, -0.994681, -0.995935, -0.996779, -0.997278, -0.997481
-0.997481, -0.997675, -0.998096, -0.998659, -0.999247, -0.99973, -0.999984, -0.99991, -0.99945, -0.998601, -0.997414, -0.995992, -0.994477, -0.99303, -0.991813, -0.990964, -0.990585
-0.990585, -0.990198, -0.989271, -0.987774, -0.985666, -0.982917, -0.97952, -0.975512, -0.97098, -0.96607, -0.960981, -0.955957, -0.951266, -0.947181, -0.943955, -0.941794, -0.94085
-0.94085, -0.939898, -0.937664, -0.934172, -0.92946, -0.923596, -0.916696, -0.908927, -0.90052, -0.891761, -0.88299, -0.87458, -0.866916, -0.86037, -0.855274, -0.851896, -0.850427
-0.850427, -0.848951, -0.845507, -0.840171, -0.833057, -0.824334, -0.814228, -0.803035, -0.791115, -0.778887, -0.766813, -0.755381, -0.745075, -0.736351, -0.729607, -0.725157, -0.723227
-0.723227, -0.721291, -0.716784, -0.709836, -0.700629, -0.689422, -0.676548, -0.662414, -0.647498, -0.632329, -0.617475, -0.603515, -0.591013, -0.580488, -0.572386, -0.567057, -0.56475
-0.56475, -0.562438, -0.557064, -0.548803, -0.537901, -0.524695, -0.50961, -0.493147, -0.475879, -0.458425, -0.441433, -0.425549, -0.411392, -0.399521, -0.390413, -0.384434, -0.381849
-0.381849, -0.379261, -0.373253, -0.364036, -0.351911, -0.337278, -0.320633, -0.302553, -0.28368, -0.264696, -0.246301, -0.22918, -0.21398, -0.201277, -0.191555, -0.185187, -0.182436
-0.182436, -0.179683, -0.1733, -0.163527, -0.150702, -0.135275, -0.11779, -0.0988754, -0.0792133, -0.0595203, -0.0405171, -0.0229001, -0.00731413, 0.00567195, 0.0155863, 0.0220698, 0.0248677
0.0248677, 0.0276655, 0.034147, 0.0440543, 0.0570238, 0.0725788, 0.0901462, 0.109079, 0.128679, 0.14823, 0.167019, 0.18437, 0.199668, 0.212376, 0.222054, 0.228372, 0.231096
0.231096, 0.233818, 0.240118, 0.249731, 0.262284, 0.277293, 0.294184, 0.312315, 0.331007, 0.349569, 0.367332, 0.383668, 0.398015, 0.409895, 0.418918, 0.424798, 0.42733
0.42733, 0.429858, 0.435704, 0.444607, 0.456201, 0.470016, 0.4855, 0.502046, 0.51902, 0.535791, 0.551759, 0.566373, 0.57915, 0.589688, 0.597666, 0.602853, 0.605083
0.605083, 0.607309, 0.612448, 0.620256, 0.630389, 0.642413, 0.65582, 0.670065, 0.684587, 0.698842, 0.712325, 0.724584, 0.735239, 0.743979, 0.750567, 0.754837, 0.756669
0.756669, 0.758496, 0.762706, 0.769081, 0.777316, 0.787028, 0.797779, 0.809106, 0.820549, 0.831671, 0.842086, 0.851461, 0.859532, 0.866096, 0.87101, 0.874177, 0.875533
0.875533, 0.876881, 0.87998, 0.884646, 0.890627, 0.897607, 0.905236, 0.913157, 0.921025, 0.928534, 0.935429, 0.941515, 0.946653, 0.950758, 0.953784, 0.955713, 0.956532
0.956532, 0.957345, 0.959198, 0.961955, 0.965421, 0.969368, 0.973546, 0.977717, 0.98167, 0.985241, 0.98832, 0.990852, 0.992835, 0.994303, 0.995311, 0.995917, 0.996166
0.996166, 0.996407, 0.996935, 0.997662, 0.998465, 0.999207, 0.999754, 0.999995, 0.999863, 0.999341, 0.998469, 0.997339, 0.996081, 0.994849, 0.993795, 0.993053, 0.99272
0.99272, 0.992379, 0.991559, 0.990225, 0.98833, 0.985835, 0.982726, 0.979027, 0.974815, 0.970223, 0.965439, 0.960695, 0.956251, 0.952371, 0.949301, 0.947243, 0.946342
0.946342, 0.945434, 0.943301, 0.939964, 0.935453, 0.92983, 0.923199, 0.91572, 0.90761, 0.899146, 0.890657, 0.882505, 0.875067, 0.868708, 0.863754, 0.860468, 0.859039
0.859039, 0.857603, 0.85425, 0.849053, 0.842121, 0.833613, 0.823748, 0.812812, 0.801155, 0.789185, 0.777358, 0.766149, 0.756039, 0.747476, 0.740853, 0.736482, 0.734586
0.734586, 0.732684, 0.728255, 0.721425, 0.712371, 0.701346, 0.688673, 0.674753, 0.660053, 0.645095, 0.630441, 0.616661, 0.604316, 0.593918, 0.585913, 0.580645, 0.578364

-0.969218, -0.969903, -0.971461, -0.973765, -0.976638, -0.979869, -0.983236, -0.986527, -0.989564, -0.992216, -0.994405, -0.996113, -0.997365, -0.998223, -0.998765, -0.999066, -0.999183
-0.999183, -0.999292, -0.999515, -0.999775, -0.999966, -0.999973, -0.999688, -0.999032, -0.99797, -0.996518, -0.994751, -0.992793, -0.990804, -0.988964, -0.987446, -0.986401, -0.985937
-0.985937, -0.985466, -0.984343, -0.982548, -0.980049, -0.976832, -0.972908, -0.968334, -0.963217, -0.957725, -0.952078, -0.946539, -0.941396, -0.936936, -0.933425, -0.931079, -0.930054
-0.930054, -0.929022, -0.926603, -0.922829, -0.917749, -0.911447, -0.904054, -0.895758, -0.886809, -0.877513, -0.868231, -0.859351, -0.851275, -0.84439, -0.839036, -0.835491, -0.83395
-0.83395, -0.832402, -0.828791, -0.823202, -0.81576, -0.806645, -0.796103, -0.784445, -0.77205, -0.759353, -0.746836, -0.734999, -0.724341, -0.715327, -0.708363, -0.703771, -0.70178
-0.70178, -0.699783, -0.695136, -0.687975, -0.678493, -0.66696, -0.653724, -0.639207, -0.623903, -0.608354, -0.593144, -0.578862, -0.566081, -0.555329, -0.547056, -0.541616, -0.539261
-0.539261, -0.536902, -0.53142, -0.522995, -0.511883, -0.49843, -0.483073, -0.466327, -0.448774, -0.431047, -0.413801, -0.397691, -0.383341, -0.371315, -0.362091, -0.356038, -0.353422
-0.353422, -0.350802, -0.344722, -0.335398, -0.323137, -0.308346, -0.291532, -0.273279, -0.254238, -0.235098, -0.216562, -0.199321, -0.184023, -0.171243, -0.161466, -0.155064, -0.152298
-0.152298, -0.149531, -0.143117, -0.133297, -0.120416, -0.104927, -0.087383, -0.0684138, -0.0487071, -0.0289815, -0.00995808, 0.00766782, 0.0232537, 0.036234, 0.0461405, 0.0526172, 0.0554119
0.0554119, 0.0582061, 0.0646784, 0.0745693, 0.0875126, 0.103029, 0.120545, 0.139411, 0.15893, 0.178388, 0.197077, 0.214325, 0.229524, 0.242144, 0.251752, 0.258023, 0.260725
0.260725, 0.263426, 0.269676, 0.279211, 0.291656, 0.306531, 0.32326, 0.341206, 0.359694, 0.378043, 0.395588, 0.411714, 0.425869, 0.437583, 0.446476, 0.452269, 0.454764
0.454764, 0.457255, 0.463012, 0.471777, 0.483187, 0.496775, 0.511995, 0.528245, 0.544903, 0.561349, 0.576993, 0.591298, 0.603797, 0.614098, 0.621892, 0.626957, 0.629135
0.629135, 0.631308, 0.636324, 0.643941, 0.653822, 0.665537, 0.678588, 0.69244, 0.706547, 0.720378, 0.733444, 0.745311, 0.755613, 0.764055, 0.770414, 0.774532, 0.776299
0.776299, 0.77806, 0.782118, 0.788257, 0.796182, 0.805516, 0.815835, 0.82669, 0.837636, 0.848255, 0.858177, 0.867092, 0.874751, 0.88097, 0.885618, 0.888611, 0.889891
0.889891, 0.891165, 0.894088, 0.898485, 0.90411, 0.91066, 0.917801, 0.925189, 0.9325, 0.939447, 0.945798, 0.951375, 0.95606, 0.959787, 0.962523, 0.964261, 0.964999
0.964999, 0.965729, 0.967392, 0.969856, 0.972938, 0.976422, 0.980075, 0.983677, 0.987037, 0.990013, 0.992516, 0.994514, 0.996024, 0.997097, 0.997803, 0.998211, 0.998375
0.998375, 0.99853, 0.998861, 0.999285, 0.999692, 0.999957, 0.999965, 0.999625, 0.998889, 0.997764, 0.996312, 0.994645, 0.992913, 0.991286, 0.989931, 0.988992, 0.988574
0.988574, 0.988149, 0.987132, 0.985499, 0.983212, 0.980248, 0.97661, 0.972343, 0.967543, 0.962366, 0.957021, 0.951761, 0.946863, 0.942606, 0.939249, 0.937004, 0.936022
0.936022, 0.935034, 0.932715, 0.929093, 0.924212, 0.918148, 0.911021, 0.903011, 0.894354, 0.885349, 0.876343, 0.867717, 0.859864, 0.853162, 0.847948, 0.844493, 0.842991
0.842991, 0.841482, 0.837961, 0.832509, 0.825244, 0.816341, 0.806034, 0.794627, 0.782489, 0.770045, 0.757767, 0.746148, 0.73568, 0.726822, 0.719977, 0.715462, 0.713503
0.713503, 0.71154, 0.706968, 0.699921, 0.690588, 0.67923, 0.666189, 0.651879, 0.636783, 0.621439, 0.60642, 0.592312, 0.579681, 0.569051, 0.56087, 0.555489, 0.55316
0.55316, 0.550826, 0.545402, 0.537065, 0.526066, 0.512746, 0.497534, 0.48094, 0.46354, 0.445959, 0.428848, 0.41286, 0.398613, 0.386669, 0.377507, 0.371494, 0.368894
0.368894, 0.366291, 0.36025, 0.350983, 0.338794, 0.324087, 0.307363, 0.289202, 0.27025, 0.251192, 0.23273, 0.215553, 0.200306, 0.187566, 0.177818, 0.171433, 0.168675
0.168675, 0.165916, 0.159518, 0.149722, 0.13687, 0.121413, 0.103899, 0.0849574, 0.0652726, 0.0455625, 0.0265478, 0.00892464, -0.00666306, -0.019648, -0.02956, -0.0360411, -0.0388378
-0.0388378, -0.0416343, -0.0481123, -0.0580133, -0.0709724, -0.0865117, -0.104057, -0.122961, -0.142527, -0.162038, -0.180783, -0.19809, -0.213344, -0.226013, -0.23566, -0.241957, -0.244672
-0.244672, -0.247384, -0.253662, -0.26324, -0.275746, -0.290695, -0.307514, -0.325563, -0.344163, -0.36263, -0.380295, -0.396537, -0.410799, -0.422603, -0.431569, -0.437409, -0.439924
-0.439924, -0.442436, -0.448242, -0.457083, -0.468594, -0.482307, -0.497672, -0.514085, -0.530916, -0.54754, -0.563362, -0.577836, -0.590488, -0.600918, -0.608814, -0.613945, -0.616152
-0.616152, -0.618354, -0.623437, -0.631159, -0.641178, -0.653061, -0.666308, -0.680374, -0.694708, -0.708771, -0.722065, -0.734146, -0.744641, -0.753246, -0.75973, -0.76393, -0.765733
-0.765733, -0.76753, -0.771671, -0.777939, -0.786033, -0.795573, -0.806128, -0.817241, -0.828457, -0.839351, -0.849542, -0.858707, -0.866591, -0.872998, -0.877791, -0.880879, -0.8822
-0.8822, -0.883514, -0.886533, -0.891077, -0.896895, -0.90368, -0.911087, -0.918765, -0.926379, -0.933632, -0.940279, -0.946133, -0.951065, -0.954997, -0.957891, -0.959733, -0.960515
-0.960515, -0.96129, -0.963057, -0.965679, -0.968971, -0.972706, -0.976644, -0.980556, -0.984238, -0.987537, -0.990353, -0.992642, -0.994408, -0.995696, -0.996566, -0.997082, -0.997292
-0.997292, -0.997494, -0.997931, -0.99852, -0.999142, -0.999666, -0.999966, -0.999942, -0.999533, -0.998736, -0.997598, -0.996223, -0.994748, -0.993335, -0.992143, -0.991311, -0.990939
-0.990939, -0.990559, -0.98965, -0.988178, -0.986104, -0.983395, -0.980043, -0.976084, -0.971603, -0.966742, -0.961701, -0.956721, -0.952069, -0.948016, -0.944815, -0.94267, -0.941733
-0.941733, -0.940788, -0.93857, -0.935102, -0.930421, -0.924596, -0.917738, -0.910015, -0.901654, -0.892941, -0.884215, -0.875845, -0.868216, -0.8617, -0.856626, -0.853263, -0.8518
-0.8518, -0.85033, -0.8469, -0.841586, -0.834501, -0.825811, -0.815743, -0.804591, -0.792712, -0.780524, -0.768489, -0.757092, -0.746817, -0.738118, -0.731393, -0.726955, -0.72503
-0.72503, -0.7231, -0.718606, -0.711675, -0.702493, -0.691314, -0.678471, -0.664371, -0.649489, -0.634353, -0.61953, -0.605598, -0.593121, -0.582616, -0.574529, -0.569209, -0.566906
-0.566906, -0.564598, -0.559234, -0.550987, -0.540104, -0.52692, -0.511858, -0.495421, -0.478177, -0.460748, -0.443778, -0.427914, -0.413774, -0.401918, -0.392819, -0.386847, -0.384265
-0.384265, -0.38168, -0.375678, -0.366471, -0.354358, -0.339739, -0.323109, -0.305045, -0.286187, -0.267217, -0.248835, -0.231725, -0.216534, -0.203838, -0.194121, -0.187756, -0.185006
-0.185006, -0.182255, -0.175875, -0.166107, -0.153287, -0.137866, -0.120387, -0.101478, -0.0818202, -0.0621309, -0.0431302, -0.0255146, -0.00992938, 0.00305663, 0.0129712, 0.019455, 0.0222531
0.0222531, 0.0250511, 0.031533, 0.0414414, 0.0544125, 0.0699701, 0.0875412, 0.106479, 0.126085, 0.145643, 0.16444, 0.181799, 0.197105, 0.209819, 0.219503, 0.225825, 0.22855
0.22855, 0.231274, 0.237578, 0.247197, 0.259759, 0.27478, 0.291684, 0.30983, 0.328538, 0.347118, 0.364898, 0.381251, 0.395615, 0.407508, 0.416542, 0.422428, 0.424964
0.424964, 0.427495, 0.433348, 0.442263, 0.453872, 0.467706, 0.483212, 0.499782, 0.516782, 0.533581, 0.549576, 0.564215, 0.577016, 0.587573, 0.595567, 0.600764, 0.602999
0.602999, 0.605229, 0.610378, 0.618202, 0.628357, 0.640406, 0.653844, 0.668121, 0.682678, 0.696969, 0.710487, 0.72278, 0.733464, 0.742229, 0.748837, 0.753119, 0.754957
0.754957, 0.756789, 0.761012, 0.767407, 0.775668, 0.785411, 0.796199, 0.807566, 0.819051, 0.830216, 0.840672, 0.850086, 0.858192, 0.864786, 0.869722, 0.872904, 0.874266
0.874266, 0.875621, 0.878735, 0.883424, 0.889434, 0.896451, 0.904122, 0.912088, 0.920003, 0.92756, 0.934502, 0.94063, 0.945807, 0.949944, 0.952995, 0.95494, 0.955767
0.955767, 0.956586, 0.958456, 0.961237, 0.964736, 0.968722, 0.972945, 0.977165, 0.981169, 0.98479, 0.987918, 0.990496, 0.992519, 0.994021, 0.995055, 0.995678, 0.995934
0.995934, 0.996182, 0.996727, 0.99748, 0.998317, 0.9991, 0.999692, 0.999983, 0.999903, 0.999432, 0.99861, 0.997526, 0.996309, 0.995111, 0.994083, 0.993357, 0.993031
0.993031, 0.992698, 0.991894, 0.990586, 0.988725, 0.986271, 0.983207, 0.979557, 0.975395, 0.970853, 0.966117, 0.961418, 0.957013, 0.953166, 0.95012, 0.948078, 0.947184

-0.639938, -0.642086, -0.647044, -0.654572, -0.664334, -0.675903, -0.688788, -0.702457, -0.716369, -0.730002, -0.742873, -0.754557, -0.764694, -0.772998, -0.77925, -0.783297, -0.785034
-0.785034, -0.786765, -0.790751, -0.796781, -0.804561, -0.81372, -0.823838, -0.834474, -0.845188, -0.855574, -0.865268, -0.87397, -0.881439, -0.887498, -0.892023, -0.894935, -0.89618
-0.89618, -0.897419, -0.900261, -0.904533, -0.909994, -0.916346, -0.92326, -0.930403, -0.937457, -0.944145, -0.950244, -0.955587, -0.960065, -0.963617, -0.96622, -0.96787, -0.96857
-0.96857, -0.969263, -0.970838, -0.973167, -0.976073, -0.979344, -0.982755, -0.986096, -0.989184, -0.991887, -0.994126, -0.995879, -0.997172, -0.998063, -0.998631, -0.998949, -0.999074
-0.999074, -0.99919, -0.99943, -0.999716, -0.999941, -0.999989, -0.99975, -0.999144, -0.998133, -0.996732, -0.995015, -0.993103, -0.991155, -0.989348, -0.987856, -0.986828, -0.986371
-0.986371, -0.985907, -0.984801, -0.983031, -0.980566, -0.977388, -0.97351, -0.968983, -0.963916, -0.958474, -0.952874, -0.947379, -0.942275, -0.937847, -0.93436, -0.93203, -0.931012
-0.931012, -0.929987, -0.927583, -0.923833, -0.918785, -0.91252, -0.905169, -0.896918, -0.888014, -0.878765, -0.869525, -0.860685, -0.852645, -0.845788, -0.840456, -0.836925, -0.83539
-0.83539, -0.833848, -0.830251, -0.824684, -0.81727, -0.808188, -0.797683, -0.786064, -0.773709, -0.761053, -0.748573, -0.73677, -0.726141, -0.717152, -0.710207, -0.705627, -0.703641
-0.703641, -0.701649, -0.697014, -0.68987, -0.680411, -0.668906, -0.6557, -0.641217, -0.625944, -0.610428, -0.595247, -0.580992, -0.568235, -0.557502, -0.549243, -0.543813, -0.541462
-0.541462, -0.539107, -0.533634, -0.525223, -0.514128, -0.500696, -0.485362, -0.468639, -0.45111, -0.433405, -0.41618, -0.400089, -0.385755, -0.373742, -0.364527, -0.358481, -0.355867
-0.355867, -0.35325, -0.347176, -0.337861, -0.32561, -0.310833, -0.294033, -0.275794, -0.256767, -0.237639, -0.219115, -0.201884, -0.186593, -0.173819, -0.164047, -0.157647, -0.154882
-0.154882, -0.152117, -0.145705, -0.135888, -0.123012, -0.107528, -0.089988, -0.0710228, -0.0513192, -0.0315957, -0.0125733, 0.00505252, 0.020639, 0.0336203, 0.0435278, 0.0500053, 0.0528003
0.0528003, 0.055595, 0.0620683, 0.071961, 0.084907, 0.100428, 0.117948, 0.13682, 0.156347, 0.175814, 0.194512, 0.21177, 0.226978, 0.239606, 0.24922, 0.255495, 0.2582
0.2582, 0.260902, 0.267157, 0.276698, 0.289154, 0.30404, 0.320784, 0.338746, 0.357253, 0.37562, 0.393185, 0.40933, 0.423502, 0.43523, 0.444135, 0.449935, 0.452433
0.452433, 0.454927, 0.460692, 0.46947, 0.480896, 0.494504, 0.509746, 0.526023, 0.542708, 0.559182, 0.574855, 0.589187, 0.60171, 0.612031, 0.619842, 0.624918, 0.6271
0.6271, 0.629278, 0.634304, 0.641938, 0.651841, 0.663582, 0.676665, 0.690551, 0.704694, 0.718562, 0.731664, 0.743565, 0.753897, 0.762365, 0.768744, 0.772875, 0.774648
0.774648, 0.776415, 0.780485, 0.786645, 0.794597, 0.803964, 0.81432, 0.825216, 0.836204, 0.846867, 0.856832, 0.865786, 0.873481, 0.87973, 0.884401, 0.887409, 0.888695
0.888695, 0.889975, 0.892913, 0.897333, 0.902989, 0.909577, 0.916759, 0.924193, 0.931552, 0.938548, 0.944945, 0.950566, 0.95529, 0.959049, 0.96181, 0.963565, 0.96431
0.96431, 0.965047, 0.966726, 0.969215, 0.972331, 0.975854, 0.979552, 0.983203, 0.986614, 0.989641, 0.992193, 0.994237, 0.995787, 0.996894, 0.997626, 0.998051, 0.998222
0.998222, 0.998385, 0.998732, 0.999182, 0.999623, 0.99993, 0.999983, 0.999693, 0.999009, 0.997935, 0.996533, 0.994912, 0.99322, 0.991627, 0.990298, 0.989376, 0.988965
0.988965, 0.988547, 0.987547, 0.985939, 0.983686, 0.980762, 0.977169, 0.97295, 0.9682, 0.963073, 0.957776, 0.95256, 0.9477, 0.943476, 0.940143, 0.937914, 0.936939
0.936939, 0.935958, 0.933655, 0.930058, 0.925208, 0.919181, 0.912097, 0.904131, 0.895521, 0.886562, 0.8776, 0.869014, 0.861196, 0.854523, 0.849332, 0.845891, 0.844395
0.844395, 0.842892, 0.839385, 0.833955, 0.826719, 0.817848, 0.807579, 0.796212, 0.784114, 0.771711, 0.759471, 0.747887, 0.737449, 0.728616, 0.72179, 0.717286, 0.715333
0.715333, 0.713375, 0.708816, 0.701787, 0.692477, 0.681147, 0.668137, 0.65386, 0.638798, 0.623486, 0.608498, 0.594417, 0.58181, 0.571199, 0.563033, 0.557662, 0.555337
0.555337, 0.553007, 0.547593, 0.53927, 0.528288, 0.51499, 0.499801, 0.483231, 0.465855, 0.448298, 0.43121, 0.41524, 0.40101, 0.38908, 0.379927, 0.373921, 0.371324
0.371324, 0.368724, 0.362688, 0.353431, 0.341253, 0.32656, 0.309851, 0.291705, 0.272767, 0.253723, 0.235273, 0.218106, 0.202868, 0.190135, 0.180391, 0.174009, 0.171253
0.171253, 0.168495, 0.162099, 0.152308, 0.139461, 0.124009, 0.1065, 0.087563, 0.0678822, 0.0481749, 0.0291621, 0.0115399, -0.00404775, -0.0170331, -0.0269456, -0.0334273, -0.0362243
-0.0362243, -0.0390211, -0.0454999, -0.0554022, -0.0683634, -0.0839058, -0.101456, -0.120366, -0.139938, -0.159456, -0.17821, -0.195525, -0.210788, -0.223464, -0.233117, -0.239418, -0.242135
-0.242135, -0.244849, -0.251131, -0.260716, -0.273231, -0.288192, -0.305024, -0.323089, -0.341707, -0.360191, -0.377875, -0.394135, -0.408413, -0.420232, -0.429208, -0.435056, -0.437574
-0.437574, -0.440089, -0.445902, -0.454755, -0.466282, -0.480015, -0.495402, -0.51184, -0.528698, -0.54535, -0.561199, -0.5757, -0.588375, -0.598826, -0.606737, -0.611879, -0.61409
-0.61409, -0.616296, -0.62139, -0.629128, -0.639169, -0.651079, -0.664355, -0.678455, -0.692825, -0.706924, -0.720253, -0.732368, -0.742893, -0.751523, -0.758027, -0.76224, -0.764049
-0.764049, -0.765851, -0.770005, -0.776293, -0.784414, -0.793986, -0.804578, -0.815731, -0.82699, -0.837927, -0.848159, -0.857364, -0.865283, -0.87172, -0.876535, -0.879638, -0.880966
-0.880966, -0.882286, -0.88532, -0.889887, -0.895736, -0.902557, -0.910006, -0.917729, -0.925391, -0.932692, -0.939386, -0.945283, -0.950253, -0.954218, -0.957137, -0.958995, -0.959784
-0.959784, -0.960566, -0.962349, -0.964997, -0.968321, -0.972096, -0.976079, -0.980039, -0.983772, -0.987122, -0.989987, -0.992321, -0.994129, -0.99545, -0.996346, -0.996879, -0.997096
-0.997096, -0.997305, -0.99776, -0.998374, -0.99903, -0.999595, -0.999941, -0.999966, -0.99961, -0.998864, -0.997776, -0.996446, -0.995012, -0.993633, -0.992467, -0.991652, -0.991287
-0.991287, -0.990915, -0.990022, -0.988576, -0.986535, -0.983866, -0.98056, -0.976649, -0.972218, -0.967408, -0.962415, -0.957479, -0.952866, -0.948845, -0.945668, -0.94354, -0.942609
-0.942609, -0.941671, -0.939469, -0.936026, -0.931377, -0.925589, -0.918773, -0.911096, -0.902782, -0.894116, -0.885433, -0.877104, -0.869511, -0.863024, -0.857973, -0.854624, -0.853167
-0.853167, -0.851704, -0.848288, -0.842996, -0.83594, -0.827283, -0.817253, -0.806141, -0.794304, -0.782157, -0.77016, -0.758798, -0.748554, -0.73988, -0.733174, -0.728748, -0.726829
-0.726829, -0.724904, -0.720422, -0.71351, -0.704352, -0.693201, -0.68039, -0.666324, -0.651475, -0.636372, -0.621581, -0.607677, -0.595224, -0.584739, -0.576668, -0.571358, -0.569058
-0.569058, -0.566755, -0.5614, -0.553168, -0.542303, -0.529141, -0.514103, -0.497691, -0.480473, -0.463067, -0.44612, -0.430277, -0.416154, -0.404311, -0.395223, -0.389258, -0.386678
-0.386678, -0.384096, -0.378101, -0.368903, -0.356802, -0.342198, -0.325583, -0.307535, -0.288692, -0.269737, -0.251367, -0.234269, -0.219087, -0.206398, -0.196686, -0.190324, -0.187576
-0.187576, -0.184826, -0.178449, -0.168685, -0.155871, -0.140455, -0.122983, -0.104079, -0.0844265, -0.0647409, -0.0457429, -0.0281291, -0.0125446, 0.000441284, 0.0103561, 0.0168401, 0.0196383
0.0196383, 0.0224364, 0.0289189, 0.0388281, 0.0518009, 0.0673609, 0.0849356, 0.103878, 0.12349, 0.143055, 0.161859, 0.179227, 0.19454, 0.207261, 0.216951, 0.223276, 0.226003
0.226003, 0.228729, 0.235037, 0.244662, 0.257233, 0.272264, 0.289181, 0.307342, 0.326066, 0.344664, 0.362462, 0.378832, 0.393211, 0.405118, 0.414163, 0.420056, 0.422595
0.422595, 0.42513, 0.43099, 0.439915, 0.45154, 0.465393, 0.480921, 0.497515, 0.514542, 0.531367, 0.547389, 0.562054, 0.574878, 0.585455, 0.593464, 0.598671, 0.60091
0.60091, 0.603145, 0.608305, 0.616144, 0.62632, 0.638396, 0.651863, 0.666173, 0.680765, 0.695091, 0.708644, 0.72097, 0.731683, 0.740474, 0.747101, 0.751395, 0.753239
0.753239, 0.755077, 0.759313, 0.765727, 0.774015, 0.78379, 0.794614, 0.806021, 0.817548, 0.828756, 0.839253, 0.848706, 0.856847, 0.863469, 0.868428, 0.871625, 0.872993
0.872993, 0.874355, 0.877483, 0.882196, 0.888236, 0.895289, 0.903001, 0.911012, 0.918975, 0.926579, 0.933567, 0.939739, 0.944954, 0.949124, 0.952199, 0.95416, 0.954994

-0.0667525, -0.0695448, -0.0760121, -0.0858945, -0.0988251, -0.114324, -0.131816, -0.150652, -0.170137, -0.189556, -0.208203, -0.225409, -0.240568, -0.253152, -0.262732, -0.268983, -0.271677
-0.271677, -0.27437, -0.2806, -0.290102, -0.302505, -0.317325, -0.333991, -0.351864, -0.370272, -0.388537, -0.405998, -0.422042, -0.436122, -0.447771, -0.456614, -0.462373, -0.464853
-0.464853, -0.467329, -0.473052, -0.481764, -0.493103, -0.506604, -0.521721, -0.537858, -0.554395, -0.570715, -0.586235, -0.600423, -0.612815, -0.623025, -0.63075, -0.635768, -0.637926
-0.637926, -0.640079, -0.645048, -0.652592, -0.662377, -0.673974, -0.68689, -0.700593, -0.714542, -0.728212, -0.74112, -0.752838, -0.763006, -0.771336, -0.777608, -0.781669, -0.783411
-0.783411, -0.785148, -0.789147, -0.795198, -0.803005, -0.812197, -0.822353, -0.83303, -0.843788, -0.854217, -0.863954, -0.872696, -0.8802, -0.886289, -0.890838, -0.893765, -0.895017
-0.895017, -0.896262, -0.899119, -0.903414, -0.908906, -0.915296, -0.922253, -0.929441, -0.936543, -0.94328, -0.949426, -0.954813, -0.95933, -0.962914, -0.965542, -0.96721, -0.967917
-0.967917, -0.968616, -0.970207, -0.972562, -0.975501, -0.978812, -0.982268, -0.985658, -0.988797, -0.991551, -0.993839, -0.995638, -0.996972, -0.997897, -0.998491, -0.998826, -0.998958
-0.998958, -0.999082, -0.999338, -0.99965, -0.999909, -0.999998, -0.999805, -0.999249, -0.998289, -0.99694, -0.995273, -0.993406, -0.991499, -0.989725, -0.988259, -0.987247, -0.986798
-0.986798, -0.986341, -0.985252, -0.983507, -0.981075, -0.977938, -0.974104, -0.969626, -0.964609, -0.959216, -0.953664, -0.948213, -0.943147, -0.938751, -0.935289, -0.932974, -0.931963
-0.931963, -0.930945, -0.928557, -0.924831, -0.919814, -0.913586, -0.906277, -0.898071, -0.889214, -0.88001, -0.870814, -0.862014, -0.854008, -0.84718, -0.841871, -0.838354, -0.836825
-0.836825, -0.835289, -0.831706, -0.826161, -0.818774, -0.809726, -0.799257, -0.787678, -0.775363, -0.762747, -0.750304, -0.738536, -0.727937, -0.718972, -0.712045, -0.707477, -0.705497
-0.705497, -0.70351, -0.698887, -0.691761, -0.682326, -0.670848, -0.657673, -0.643221, -0.627982, -0.612498, -0.597347, -0.583119, -0.570385, -0.559671, -0.551427, -0.546006, -0.543659
-0.543659, -0.541308, -0.535844, -0.527446, -0.516369, -0.502958, -0.487646, -0.470948, -0.453442, -0.43576, -0.418557, -0.402485, -0.388167, -0.376167, -0.366961, -0.360922, -0.35831
-0.35831, -0.355696, -0.349628, -0.340322, -0.328082, -0.313318, -0.296531, -0.278307, -0.259293, -0.240178, -0.221666, -0.204444, -0.189162, -0.176394, -0.166626, -0.160229, -0.157466
-0.157466, -0.154701, -0.148292, -0.138479, -0.125607, -0.110128, -0.0925925, -0.0736313, -0.0539309, -0.0342096, -0.0151884, 0.00243719, 0.0180241, 0.0310063, 0.0409148, 0.0473931, 0.0501885
0.0501885, 0.0529835, 0.0594578, 0.0693521, 0.0823008, 0.0978252, 0.115351, 0.134229, 0.153764, 0.173239, 0.191946, 0.209213, 0.22443, 0.237066, 0.246686, 0.252965, 0.255672
0.255672, 0.258377, 0.264636, 0.274184, 0.286649, 0.301547, 0.318305, 0.336284, 0.354809, 0.373195, 0.390779, 0.406942, 0.421131, 0.432873, 0.44179, 0.447598, 0.450099
0.450099, 0.452596, 0.458369, 0.467159, 0.478601, 0.492229, 0.507495, 0.523797, 0.54051, 0.557012, 0.572713, 0.587072, 0.599619, 0.609961, 0.617788, 0.622874, 0.625061
0.625061, 0.627243, 0.63228, 0.639931, 0.649855, 0.661624, 0.674737, 0.688657, 0.702836, 0.716741, 0.729879, 0.741813, 0.752176, 0.76067, 0.767069, 0.771213, 0.772991
0.772991, 0.774764, 0.778847, 0.785028, 0.793006, 0.802406, 0.812799, 0.823736, 0.834767, 0.845473, 0.85548, 0.864474, 0.872205, 0.878483, 0.883177, 0.8862, 0.887493
0.887493, 0.888779, 0.891733, 0.896176, 0.901862, 0.908487, 0.915711, 0.923191, 0.930598, 0.937642, 0.944086, 0.94975, 0.954514, 0.958305, 0.961091, 0.962862, 0.963614
0.963614, 0.964359, 0.966054, 0.968568, 0.971717, 0.975279, 0.979023, 0.982722, 0.986184, 0.989262, 0.991864, 0.993953, 0.995544, 0.996685, 0.997442, 0.997885, 0.998063
0.998063, 0.998233, 0.998597, 0.999073, 0.999548, 0.999895, 0.999995, 0.999754, 0.999122, 0.9981, 0.996747, 0.995172, 0.993521, 0.991961, 0.990658, 0.989753, 0.989349
0.989349, 0.988938, 0.987955, 0.986373, 0.984153, 0.981269, 0.977722, 0.973551, 0.968851, 0.963774, 0.958525, 0.953353, 0.948532, 0.94434, 0.941032, 0.938818, 0.93785
0.93785, 0.936875, 0.934588, 0.931015, 0.926197, 0.920208, 0.913166, 0.905246, 0.896682, 0.887769, 0.878851, 0.870305, 0.862523, 0.855879, 0.850709, 0.847283, 0.845793
0.845793, 0.844297, 0.840804, 0.835395, 0.828187, 0.819351, 0.809119, 0.797792, 0.785735, 0.773372, 0.76117, 0.749621, 0.739213, 0.730405, 0.723597, 0.719106, 0.717159
0.717159, 0.715205, 0.710658, 0.703648, 0.694361, 0.68306, 0.670081, 0.655837, 0.640808, 0.625529, 0.610571, 0.596518, 0.583935, 0.573344, 0.565192, 0.559831, 0.55751
0.55751, 0.555184, 0.549779, 0.54147, 0.530507, 0.51723, 0.502065, 0.485519, 0.468168, 0.450634, 0.433568, 0.417618, 0.403404, 0.391488, 0.382345, 0.376345, 0.373751
0.373751, 0.371154, 0.365124, 0.355876, 0.343711, 0.329031, 0.312336, 0.294205, 0.275282, 0.256252, 0.237814, 0.220658, 0.205428, 0.192702, 0.182963, 0.176584, 0.173829
0.173829, 0.171072, 0.16468, 0.154892, 0.14205, 0.126603, 0.1091, 0.090168, 0.0704913, 0.0507871, 0.0317763, 0.014155, -0.00143241, -0.0144181, -0.0243312, -0.0308133, -0.0336106
-0.0336106, -0.0364076, -0.0428871, -0.0527907, -0.0657539, -0.0812994, -0.0988537, -0.117769, -0.137348, -0.156874, -0.175636, -0.19296, -0.208231, -0.220914, -0.230573, -0.236878, -0.239597
-0.239597, -0.242313, -0.248599, -0.25819, -0.270714, -0.285686, -0.302533, -0.320613, -0.339248, -0.35775, -0.375453, -0.39173, -0.406024, -0.417857, -0.426844, -0.432699, -0.435221
-0.435221, -0.437739, -0.44356, -0.452424, -0.463967, -0.477719, -0.493128, -0.509591, -0.526476, -0.543156, -0.559032, -0.573559, -0.586258, -0.596729, -0.604656, -0.609808, -0.612024
-0.612024, -0.614235, -0.619339, -0.627093, -0.637155, -0.649091, -0.662398, -0.676532, -0.690936, -0.705072, -0.718436, -0.730585, -0.741139, -0.749795, -0.756318, -0.760545, -0.762359
-0.762359, -0.764167, -0.768334, -0.774642, -0.782789, -0.792393, -0.803022, -0.814215, -0.825517, -0.836496, -0.846771, -0.856015, -0.863969, -0.870435, -0.875273, -0.878391, -0.879725
-0.879725, -0.881052, -0.884101, -0.888691, -0.89457, -0.901428, -0.908918, -0.916687, -0.924396, -0.931746, -0.938486, -0.944426, -0.949435, -0.953432, -0.956376, -0.95825, -0.959047
-0.959047, -0.959836, -0.961635, -0.964307, -0.967665, -0.971479, -0.975507, -0.979516, -0.9833, -0.986701, -0.989615, -0.991995, -0.993842, -0.995197, -0.996119, -0.996669, -0.996893
-0.996893, -0.99711, -0.997581, -0.998222, -0.998912, -0.999517, -0.99991, -0.999984, -0.999679, -0.998985, -0.997947, -0.996663, -0.99527, -0.993924, -0.992784, -0.991986, -0.991628
-0.991628, -0.991263, -0.990387, -0.988967, -0.98696, -0.984331, -0.98107, -0.977208, -0.972827, -0.968067, -0.963122, -0.95823, -0.953656, -0.949668, -0.946515, -0.944403, -0.943479
-0.943479, -0.942548, -0.940362, -0.936943, -0.932326, -0.926576, -0.919803, -0.912171, -0.903903, -0.895284, -0.886646, -0.878357, -0.8708, -0.864342, -0.859313, -0.855979, -0.854529
-0.854529, -0.853071, -0.84967, -0.8444, -0.837372, -0.82875, -0.818758, -0.807686, -0.79589, -0.783784, -0.771826, -0.760499, -0.750285, -0.741637, -0.73495, -0.730537, -0.728623
-0.728623, -0.726703, -0.722233, -0.71534, -0.706206, -0.695084, -0.682305, -0.668272, -0.653457, -0.638388, -0.623627, -0.609752, -0.597324, -0.586859, -0.578802, -0.573502, -0.571207
-0.571207, -0.568908, -0.563563, -0.555345, -0.544499, -0.531359, -0.516345, -0.499958, -0.482765, -0.465384, -0.448459, -0.432636, -0.418531, -0.406702, -0.397624, -0.391666, -0.389089
-0.389089, -0.386509, -0.380521, -0.371333, -0.359244, -0.344654, -0.328055, -0.310022, -0.291195, -0.272254, -0.253897, -0.23681, -0.221638, -0.208956, -0.19925, -0.192891, -0.190144
-0.190144, -0.187396, -0.181022, -0.171262, -0.158454, -0.143044, -0.125578, -0.10668, -0.0870322, -0.0673506, -0.0483554, -0.0307433, -0.0151597, -0.00217406, 0.00774083, 0.014225, 0.0170234
0.0170234, 0.0198217, 0.0263045, 0.0362146, 0.0491889, 0.0647513, 0.0823294, 0.101276, 0.120894, 0.140466, 0.159278, 0.176653, 0.191974, 0.204702, 0.214397, 0.220726, 0.223455
0.223455, 0.226182, 0.232494, 0.242125, 0.254704, 0.269747, 0.286677, 0.304852, 0.323593, 0.342207, 0.360023, 0.37641, 0.390805, 0.402726, 0.411781, 0.417682, 0.420223
0.420223, 0.422761, 0.428629, 0.437565, 0.449205, 0.463077, 0.478626, 0.495245, 0.512297, 0.52915, 0.545198, 0.559889, 0.572736, 0.583333, 0.591357, 0.596574, 0.598818

0.531875, 0.529503, 0.523991, 0.51552, 0.50435, 0.490829, 0.475396, 0.458572, 0.440941, 0.423138, 0.405822, 0.389651, 0.375248, 0.363179, 0.353924, 0.347852, 0.345226
0.345226, 0.342598, 0.336499, 0.327146, 0.314847, 0.300014, 0.283154, 0.264855, 0.245769, 0.226587, 0.208015, 0.190743, 0.175419, 0.162619, 0.152829, 0.146417, 0.143648
0.143648, 0.140878, 0.134455, 0.124623, 0.111728, 0.096225, 0.0786666, 0.0596852, 0.0399692, 0.0202376, 0.00121164, -0.0164138, -0.0319969, -0.0449734, -0.0548759, -0.0613496, -0.0641428
-0.0641428, -0.0669355, -0.0734041, -0.0832886, -0.0962222, -0.111725, -0.129223, -0.148066, -0.167559, -0.186987, -0.205644, -0.222861, -0.238029, -0.250621, -0.260207, -0.266463, -0.269159
-0.269159, -0.271854, -0.278088, -0.287599, -0.300011, -0.314844, -0.331524, -0.349414, -0.367842, -0.386126, -0.403606, -0.419669, -0.433767, -0.445431, -0.454286, -0.460053, -0.462536
-0.462536, -0.465016, -0.470747, -0.479471, -0.490826, -0.504347, -0.519488, -0.535652, -0.552216, -0.568565, -0.584114, -0.598329, -0.610746, -0.620977, -0.628718, -0.633747, -0.63591
-0.63591, -0.638067, -0.643047, -0.650608, -0.660415, -0.672039, -0.684987, -0.698724, -0.71271, -0.726417, -0.739362, -0.751114, -0.761313, -0.769669, -0.775961, -0.780035, -0.781783
-0.781783, -0.783525, -0.787538, -0.793609, -0.801443, -0.810668, -0.820862, -0.83158, -0.842381, -0.852854, -0.862634, -0.871416, -0.878956, -0.885075, -0.889646, -0.892589, -0.893847
-0.893847, -0.895099, -0.897971, -0.90229, -0.907812, -0.914239, -0.921238, -0.928473, -0.935623, -0.942409, -0.948602, -0.954032, -0.958588, -0.962206, -0.964858, -0.966542, -0.967256
-0.967256, -0.967963, -0.96957, -0.97195, -0.974922, -0.978273, -0.981775, -0.985213, -0.988403, -0.991208, -0.993546, -0.995391, -0.996765, -0.997724, -0.998344, -0.998696, -0.998835
-0.998835, -0.998966, -0.99924, -0.999577, -0.999871, -1, -0.999853, -0.999347, -0.998439, -0.997141, -0.995523, -0.993703, -0.991835, -0.990096, -0.988655, -0.98766, -0.987218
-0.987218, -0.986768, -0.985696, -0.983977, -0.981578, -0.978481, -0.974692, -0.970263, -0.965295, -0.959952, -0.954448, -0.949041, -0.944013, -0.939649, -0.936211, -0.933912, -0.932908
-0.932908, -0.931897, -0.929525, -0.925823, -0.920837, -0.914647, -0.90738, -0.899219, -0.890407, -0.881249, -0.872097, -0.863337, -0.855366, -0.848567, -0.843279, -0.839776, -0.838254
-0.838254, -0.836724, -0.833155, -0.827631, -0.820273, -0.811258, -0.800826, -0.789287, -0.777012, -0.764435, -0.752031, -0.740297, -0.729728, -0.720787, -0.713879, -0.709323, -0.707348
-0.707348, -0.705367, -0.700755, -0.693648, -0.684235, -0.672785, -0.659641, -0.645222, -0.630015, -0.614563, -0.599442, -0.585242, -0.572532, -0.561836, -0.553607, -0.548195, -0.545852
-0.545852, -0.543505, -0.53805, -0.529667, -0.518607, -0.505217, -0.489928, -0.473253, -0.455772, -0.438113, -0.420931, -0.404877, -0.390576, -0.378588, -0.369393, -0.363359, -0.360751
-0.360751, -0.358139, -0.352077, -0.34278, -0.330552, -0.3158, -0.299028, -0.280818, -0.261818, -0.242716, -0.224215, -0.207004, -0.191729, -0.178968, -0.169204, -0.16281, -0.160048
-0.160048, -0.157285, -0.150877, -0.141069, -0.128201, -0.112727, -0.0951963, -0.0762392, -0.0565423, -0.0368233, -0.0178034, -0.000178155, 0.0154091, 0.0283921, 0.0383015, 0.0447805, 0.0475762
0.0475762, 0.0503716, 0.0568469, 0.0667429, 0.0796941, 0.0952221, 0.112752, 0.131637, 0.151179, 0.170662, 0.189378, 0.206655, 0.221881, 0.234524, 0.244151, 0.250434, 0.253143
0.253143, 0.255849, 0.262113, 0.271668, 0.284143, 0.299053, 0.315825, 0.33382, 0.352362, 0.370767, 0.38837, 0.404552, 0.418757, 0.430514, 0.439442, 0.445258, 0.447762
0.447762, 0.450263, 0.456043, 0.464845, 0.476303, 0.489951, 0.505239, 0.521567, 0.538308, 0.554838, 0.570567, 0.584953, 0.597524, 0.607886, 0.615729, 0.620826, 0.623017
0.623017, 0.625204, 0.630252, 0.637919, 0.647865, 0.65966, 0.672804, 0.686758, 0.700973, 0.714914, 0.728088, 0.740057, 0.75045, 0.75897, 0.765388, 0.769545, 0.77133
0.77133, 0.773108, 0.777204, 0.783405, 0.79141, 0.800842, 0.811273, 0.82225, 0.833324, 0.844074, 0.854123, 0.863157, 0.870922, 0.877231, 0.881947, 0.884985, 0.886285
0.886285, 0.887578, 0.890546, 0.895012, 0.900729, 0.907391, 0.914657, 0.922183, 0.929637, 0.93673, 0.94322, 0.948928, 0.953731, 0.957555, 0.960366, 0.962153, 0.962912
0.962912, 0.963663, 0.965375, 0.967914, 0.971096, 0.974698, 0.978486, 0.982235, 0.985747, 0.988876, 0.991527, 0.993663, 0.995294, 0.996468, 0.997252, 0.997711, 0.997897
0.997897, 0.998074, 0.998456, 0.998957, 0.999466, 0.999854, 1, 0.999809, 0.999228, 0.998258, 0.996954, 0.995425, 0.993815, 0.992289, 0.991011, 0.990123, 0.989727
0.989727, 0.989323, 0.988357, 0.9868, 0.984613, 0.98177, 0.978267, 0.974145, 0.969496, 0.964469, 0.959267, 0.954139, 0.949357, 0.945197, 0.941913, 0.939715, 0.938755
0.938755, 0.937787, 0.935515, 0.931967, 0.92718, 0.921228, 0.914229, 0.906354, 0.897837, 0.88897, 0.880096, 0.871591, 0.863843, 0.857229, 0.852081, 0.848669, 0.847185
0.847185, 0.845695, 0.842217, 0.83683, 0.82965, 0.820847, 0.810653, 0.799366, 0.78735, 0.775027, 0.762863, 0.751349, 0.740972, 0.732189, 0.7254, 0.720921, 0.718979
0.718979, 0.717031, 0.712496, 0.705504, 0.696241, 0.684968, 0.67202, 0.657809, 0.642813, 0.627567, 0.61264, 0.598615, 0.586056, 0.575485, 0.567348, 0.561996, 0.559679
0.559679, 0.557358, 0.551962, 0.543667, 0.532722, 0.519466, 0.504325, 0.487804, 0.470477, 0.452967, 0.435923, 0.419993, 0.405796, 0.393893, 0.384761, 0.378767, 0.376175
0.376175, 0.373581, 0.367558, 0.358319, 0.346165, 0.3315, 0.31482, 0.296704, 0.277795, 0.258779, 0.240354, 0.223208, 0.207987, 0.195267, 0.185534, 0.179158, 0.176404
0.176404, 0.173648, 0.167259, 0.157475, 0.144638, 0.129197, 0.1117, 0.0927724, 0.0730999, 0.0533989, 0.0343902, 0.01677, 0.00118294, -0.011803, -0.0217165, -0.0281991, -0.0309966
-0.0309966, -0.0337938, -0.040274, -0.0501788, -0.063144, -0.0786925, -0.0962508, -0.115171, -0.134757, -0.15429, -0.173061, -0.190393, -0.205672, -0.218363, -0.228028, -0.234337, -0.237057
-0.237057, -0.239775, -0.246065, -0.255663, -0.268195, -0.283179, -0.300039, -0.318134, -0.336786, -0.355307, -0.373027, -0.389322, -0.403633, -0.41548, -0.424478, -0.43034, -0.432865
-0.432865, -0.435386, -0.441214, -0.45009, -0.461649, -0.475419, -0.490851, -0.507339, -0.524251, -0.540958, -0.556862, -0.571415, -0.584138, -0.594628, -0.602571, -0.607733, -0.609953
-0.609953, -0.612169, -0.617283, -0.625053, -0.635137, -0.6471, -0.660437, -0.674603, -0.689043, -0.703215, -0.716615, -0.728796, -0.739381, -0.748062, -0.754605, -0.758844, -0.760664
-0.760664, -0.762477, -0.766657, -0.772985, -0.781159, -0.790795, -0.801461, -0.812694, -0.824038, -0.83506, -0.845377, -0.85466, -0.862649, -0.869145, -0.874005, -0.877138, -0.878478
-0.878478, -0.879812, -0.882876, -0.887489, -0.893398, -0.900292, -0.907824, -0.915639, -0.923396, -0.930793, -0.937579, -0.943563, -0.948611, -0.95264, -0.955609, -0.957499, -0.958303
-0.958303, -0.959099, -0.960914, -0.963612, -0.967002, -0.970855, -0.974929, -0.978986, -0.982821, -0.986272, -0.989235, -0.991661, -0.993549, -0.994938, -0.995886, -0.996452, -0.996684
-0.996684, -0.996908, -0.997396, -0.998062, -0.998786, -0.999433, -0.999871, -0.999996, -0.999742, -0.999099, -0.998111, -0.996873, -0.99552, -0.994209, -0.993094, -0.992313, -0.991963
-0.991963, -0.991605, -0.990745, -0.989351, -0.987377, -0.984788, -0.981573, -0.97776, -0.973429, -0.968719, -0.963822, -0.958975, -0.954439, -0.950484, -0.947356, -0.94526, -0.944343
-0.944343, -0.943418, -0.941248, -0.937854, -0.933268, -0.927556, -0.920826, -0.913239, -0.905019, -0.896446, -0.887852, -0.879604, -0.872083, -0.865654, -0.860648, -0.857328, -0.855884
-0.855884, -0.854433, -0.851046, -0.845798, -0.838799, -0.830211, -0.820256, -0.809225, -0.79747, -0.785405, -0.773486, -0.762195, -0.752012, -0.743389, -0.736721, -0.73232, -0.730412
-0.730412, -0.728497, -0.72404, -0.717165, -0.708055, -0.696962, -0.684214, -0.670215, -0.655434, -0.640398, -0.62567, -0.611823, -0.599419, -0.588975, -0.580933, -0.575643, -0.573352
-0.573352, -0.571057, -0.565721, -0.557518, -0.54669, -0.533572, -0.518583, -0.502221, -0.485054, -0.467697, -0.450795, -0.434993, -0.420905, -0.40909, -0.400022, -0.394071, -0.391497
-0.391497, -0.38892, -0.382938, -0.37376, -0.361684, -0.347108, -0.330525, -0.312508, -0.293696, -0.27477, -0.256426, -0.23935, -0.224187, -0.211513, -0.201812, -0.195457, -0.192711
-0.192711, -0.189964, -0.183594, -0.173838, -0.161036, -0.145632, -0.128172, -0.10928, -0.0896373, -0.0699598, -0.0509675, -0.0333573, -0.0177747, -0.0047894, 0.00512554, 0.0116099, 0.0144084

0.927784, 0.926736, 0.92428, 0.92045, 0.915297, 0.908907, 0.901416, 0.893016, 0.883959, 0.874557, 0.865172, 0.856199, 0.848042, 0.841089, 0.835685, 0.832106, 0.83055
0.83055, 0.828988, 0.825344, 0.819706, 0.812198, 0.803006, 0.792378, 0.780628, 0.768138, 0.75535, 0.742745, 0.730828, 0.7201, 0.711029, 0.704022, 0.699402, 0.697399
0.697399, 0.69539, 0.690716, 0.683512, 0.673976, 0.662379, 0.649072, 0.63448, 0.619099, 0.603477, 0.588197, 0.573851, 0.561016, 0.550219, 0.541913, 0.536452, 0.534088
0.534088, 0.53172, 0.526217, 0.51776, 0.506606, 0.493106, 0.477696, 0.460894, 0.443287, 0.425506, 0.408211, 0.392058, 0.377671, 0.365615, 0.356369, 0.350302, 0.34768
0.34768, 0.345054, 0.338961, 0.329616, 0.317328, 0.302508, 0.285662, 0.267376, 0.248303, 0.229134, 0.210572, 0.19331, 0.177993, 0.165199, 0.155413, 0.149004, 0.146236
0.146236, 0.143466, 0.137046, 0.127218, 0.114327, 0.0988279, 0.0812736, 0.0622956, 0.0425823, 0.0228523, 0.00382698, -0.0137987, -0.0293828, -0.0423605, -0.0522643, -0.0587389, -0.0615326
-0.0615326, -0.0643258, -0.0707956, -0.080682, -0.0936187, -0.109126, -0.126629, -0.145479, -0.16498, -0.184417, -0.203084, -0.22031, -0.235488, -0.248088, -0.257681, -0.263941, -0.26664
-0.26664, -0.269336, -0.275575, -0.285093, -0.297516, -0.312361, -0.329056, -0.346963, -0.365408, -0.383712, -0.401212, -0.417294, -0.431409, -0.443088, -0.451954, -0.457729, -0.460216
-0.460216, -0.462699, -0.468438, -0.477174, -0.488546, -0.502087, -0.517252, -0.533441, -0.550034, -0.566412, -0.581989, -0.596232, -0.608673, -0.618925, -0.626682, -0.631722, -0.633889
-0.633889, -0.636051, -0.641042, -0.64862, -0.658449, -0.6701, -0.683079, -0.696851, -0.710873, -0.724617, -0.737598, -0.749385, -0.759615, -0.767996, -0.774308, -0.778396, -0.78015
-0.78015, -0.781897, -0.785923, -0.792015, -0.799876, -0.809134, -0.819365, -0.830124, -0.840969, -0.851486, -0.861309, -0.87013, -0.877706, -0.883855, -0.888449, -0.891407, -0.892672
-0.892672, -0.893929, -0.896817, -0.901159, -0.906713, -0.913176, -0.920218, -0.927498, -0.934697, -0.941531, -0.947771, -0.953245, -0.95784, -0.96149, -0.964168, -0.965868, -0.966589
-0.966589, -0.967303, -0.968927, -0.971332, -0.974337, -0.977727, -0.981274, -0.984762, -0.988003, -0.990859, -0.993246, -0.995137, -0.996551, -0.997545, -0.99819, -0.998559, -0.998705
-0.998705, -0.998844, -0.999135, -0.999498, -0.999825, -0.999995, -0.999895, -0.999438, -0.998581, -0.997336, -0.995767, -0.993992, -0.992166, -0.99046, -0.989045, -0.988067, -0.987632
-0.987632, -0.987189, -0.986134, -0.98444, -0.982075, -0.979017, -0.975274, -0.970892, -0.965975, -0.960682, -0.955225, -0.949862, -0.944873, -0.940541, -0.937127, -0.934844, -0.933847
-0.933847, -0.932842, -0.930486, -0.926808, -0.921854, -0.915701, -0.908476, -0.90036, -0.891595, -0.882482, -0.873374, -0.864653, -0.856718, -0.849948, -0.844682, -0.841193, -0.839677
-0.839677, -0.838154, -0.834599, -0.829096, -0.821766, -0.812784, -0.80239, -0.79089, -0.778656, -0.766119, -0.753752, -0.742052, -0.731513, -0.722598, -0.715708, -0.711164, -0.709194
-0.709194, -0.707218, -0.702619, -0.695529, -0.68614, -0.674718, -0.661604, -0.647218, -0.632044, -0.616624, -0.601534, -0.58736, -0.574674, -0.563998, -0.555783, -0.55038, -0.548042
-0.548042, -0.545698, -0.540253, -0.531883, -0.520842, -0.507472, -0.492206, -0.475555, -0.458098, -0.440462, -0.423301, -0.407267, -0.392982, -0.381008, -0.371822, -0.365795, -0.363189
-0.363189, -0.360579, -0.354524, -0.345235, -0.333019, -0.318281, -0.301523, -0.283327, -0.264342, -0.245253, -0.226763, -0.209562, -0.194295, -0.181541, -0.171782, -0.16539, -0.162629
-0.162629, -0.159867, -0.153462, -0.143657, -0.130794, -0.115325, -0.0977994, -0.0788467, -0.0591533, -0.0394368, -0.0204182, -0.0027935, 0.012794, 0.0257777, 0.0356879, 0.0421676, 0.0449637
0.0449637, 0.0477594, 0.0542356, 0.0641331, 0.0770868, 0.0926183, 0.110153, 0.129044, 0.148593, 0.168085, 0.18681, 0.204096, 0.21933, 0.231981, 0.241614, 0.247901, 0.250612
0.250612, 0.25332, 0.259588, 0.26915, 0.281634, 0.296556, 0.313342, 0.331354, 0.349914, 0.368337, 0.385959, 0.402158, 0.416381, 0.428152, 0.437091, 0.442914, 0.445422
0.445422, 0.447926, 0.453714, 0.462527, 0.474002, 0.487669, 0.502981, 0.519334, 0.536102, 0.55266, 0.568417, 0.58283, 0.595425, 0.605808, 0.613666, 0.618773, 0.620969
0.620969, 0.623161, 0.628219, 0.635902, 0.645871, 0.657692, 0.670867, 0.684855, 0.699105, 0.713083, 0.726293, 0.738296, 0.748719, 0.757264, 0.763702, 0.767873, 0.769662
0.769662, 0.771446, 0.775556, 0.781777, 0.789808, 0.799273, 0.809741, 0.820759, 0.831876, 0.842668, 0.85276, 0.861833, 0.869634, 0.875972, 0.880711, 0.883764, 0.885071
0.885071, 0.88637, 0.889353, 0.893843, 0.89959, 0.906288, 0.913597, 0.921168, 0.928671, 0.935811, 0.942348, 0.9481, 0.952941, 0.956798, 0.959633, 0.961437, 0.962203
0.962203, 0.962961, 0.96469, 0.967254, 0.970468, 0.97411, 0.977943, 0.98174, 0.985304, 0.988484, 0.991184, 0.993365, 0.995037, 0.996245, 0.997055, 0.997531, 0.997724
0.997724, 0.997909, 0.998307, 0.998834, 0.999377, 0.999806, 0.999998, 0.999856, 0.999327, 0.998409, 0.997155, 0.995671, 0.994102, 0.99261, 0.991358, 0.990486, 0.990097
0.990097, 0.9897, 0.988751, 0.98722, 0.985067, 0.982264, 0.978806, 0.974733, 0.970133, 0.965156, 0.960003, 0.954919, 0.950175, 0.946047, 0.942788, 0.940607, 0.939653
0.939653, 0.938692, 0.936436, 0.932912, 0.928157, 0.922243, 0.915285, 0.907456, 0.898985, 0.890165, 0.881334, 0.87287, 0.865158, 0.858572, 0.853447, 0.850049, 0.848572
0.848572, 0.847088, 0.843624, 0.838259, 0.831107, 0.822338, 0.812182, 0.800935, 0.78896, 0.776677, 0.764552, 0.753072, 0.742726, 0.733968, 0.727198, 0.722731, 0.720794
0.720794, 0.718851, 0.714328, 0.707355, 0.698116, 0.686871, 0.673955, 0.659776, 0.644814, 0.629601, 0.614705, 0.600708, 0.588173, 0.577622, 0.5695, 0.564158, 0.561844
0.561844, 0.559527, 0.554141, 0.54586, 0.534934, 0.521699, 0.506582, 0.490086, 0.472784, 0.455297, 0.438275, 0.422365, 0.408185, 0.396296, 0.387173, 0.381186, 0.378597
0.378597, 0.376006, 0.369989, 0.36076, 0.348618, 0.333966, 0.317301, 0.2992, 0.280307, 0.261304, 0.242892, 0.225756, 0.210544, 0.197832, 0.188103, 0.18173, 0.178978
0.178978, 0.176223, 0.169837, 0.160057, 0.147226, 0.13179, 0.114298, 0.0953761, 0.075708, 0.0560103, 0.0370039, 0.0193849, 0.00379828, -0.00918776, -0.0191017, -0.0255847, -0.0283824
-0.0283824, -0.0311799, -0.0376606, -0.0475665, -0.0605336, -0.0760849, -0.0936473, -0.112573, -0.132165, -0.151706, -0.170484, -0.187825, -0.203112, -0.21581, -0.22548, -0.231793, -0.234515
-0.234515, -0.237235, -0.243529, -0.253133, -0.265675, -0.28067, -0.297543, -0.315654, -0.334322, -0.352861, -0.370599, -0.386912, -0.401238, -0.413099, -0.422108, -0.427978, -0.430506
-0.430506, -0.43303, -0.438866, -0.447753, -0.459327, -0.473117, -0.488571, -0.505083, -0.522022, -0.538756, -0.554688, -0.569267, -0.582013, -0.592524, -0.600481, -0.605654, -0.607879
-0.607879, -0.610099, -0.615224, -0.62301, -0.633115, -0.645103, -0.658471, -0.672671, -0.687146, -0.701353, -0.714788, -0.727003, -0.737618, -0.746324, -0.752886, -0.757138, -0.758963
-0.758963, -0.760783, -0.764975, -0.771323, -0.779523, -0.789192, -0.799894, -0.811167, -0.822553, -0.833619, -0.843977, -0.853299, -0.861323, -0.867848, -0.872731, -0.875879, -0.877226
-0.877226, -0.878566, -0.881645, -0.88628, -0.89222, -0.899151, -0.906725, -0.914584, -0.922389, -0.929834, -0.936667, -0.942694, -0.94778, -0.951842, -0.954835, -0.956741, -0.957552
-0.957552, -0.958355, -0.960187, -0.962909, -0.966332, -0.970225, -0.974343, -0.978449, -0.982334, -0.985837, -0.988849, -0.99132, -0.993249, -0.994672, -0.995645, -0.996229, -0.996468
-0.996468, -0.996699, -0.997204, -0.997896, -0.998654, -0.999341, -0.999826, -1, -0.999798, -0.999207, -0.998268, -0.997077, -0.995764, -0.994486, -0.993398, -0.992633, -0.99229
-0.99229, -0.991939, -0.991097, -0.989728, -0.987788, -0.985239, -0.982069, -0.978305, -0.974025, -0.969365, -0.964516, -0.959713, -0.955217, -0.951293, -0.94819, -0.94611, -0.9452
-0.9452, -0.944282, -0.942128, -0.938758, -0.934204, -0.92853, -0.921842, -0.914302, -0.906128, -0.897602, -0.889053, -0.880846, -0.87336, -0.866961, -0.861977, -0.858671, -0.857234
-0.857234, -0.855789, -0.852417, -0.847191, -0.84022, -0.831666, -0.82175, -0.810759, -0.799046, -0.787021, -0.775141, -0.763885, -0.753733, -0.745136, -0.738487, -0.734099, -0.732195
-0.732195, -0.730286, -0.725841, -0.718985, -0.709899, -0.698835, -0.686119, -0.672154, -0.657407, -0.642405, -0.627708, -0.61389, -0.601511, -0.591086, -0.58306, -0.577779, -0.575493

0.970077, 0.970753, 0.972289, 0.974559, 0.977388, 0.980565, 0.983871, 0.987096, 0.990065, 0.992647, 0.994771, 0.996416, 0.997614, 0.998426, 0.998933, 0.999212, 0.999319
0.999319, 0.999418, 0.999618, 0.999843, 0.999989, 0.999941, 0.999594, 0.998872, 0.997739, 0.996218, 0.994385, 0.992365, 0.990323, 0.988437, 0.986885, 0.985817, 0.985344
0.985344, 0.984862, 0.983718, 0.981887, 0.979344, 0.976074, 0.97209, 0.96745, 0.962266, 0.956707, 0.950996, 0.945399, 0.940204, 0.935701, 0.932158, 0.92979, 0.928756
0.928756, 0.927715, 0.925275, 0.921469, 0.916347, 0.909995, 0.902546, 0.89419, 0.885178, 0.875822, 0.866481, 0.857547, 0.849425, 0.842501, 0.837118, 0.833554, 0.832004
0.832004, 0.830448, 0.826818, 0.821201, 0.813721, 0.804562, 0.79397, 0.782259, 0.76981, 0.757061, 0.744493, 0.732611, 0.721912, 0.712865, 0.705877, 0.701269, 0.699271
0.699271, 0.697268, 0.692605, 0.685419, 0.675906, 0.664336, 0.651059, 0.6365, 0.621151, 0.60556, 0.59031, 0.575991, 0.563179, 0.552401, 0.544109, 0.538657, 0.536297
0.536297, 0.533933, 0.528439, 0.519995, 0.508859, 0.495379, 0.479992, 0.463214, 0.445629, 0.427871, 0.410597, 0.394463, 0.380091, 0.368048, 0.358811, 0.352751, 0.350131
0.350131, 0.347508, 0.34142, 0.332084, 0.319807, 0.305, 0.288167, 0.269896, 0.250836, 0.231679, 0.213128, 0.195875, 0.180566, 0.167778, 0.157996, 0.151589, 0.148822
0.148822, 0.146054, 0.139636, 0.129812, 0.116925, 0.10143, 0.08388, 0.0649057, 0.0451951, 0.0254669, 0.0064423, -0.0111836, -0.0267685, -0.0397474, -0.0496524, -0.0561279, -0.058922
-0.058922, -0.0617156, -0.0681865, -0.0780749, -0.0910145, -0.106526, -0.124034, -0.142891, -0.1624, -0.181846, -0.200522, -0.217758, -0.232945, -0.245554, -0.255153, -0.261418, -0.264118
-0.264118, -0.266816, -0.27306, -0.282585, -0.295018, -0.309875, -0.326585, -0.344509, -0.362973, -0.381295, -0.398815, -0.414916, -0.429048, -0.440741, -0.44962, -0.455402, -0.457892
-0.457892, -0.460379, -0.466125, -0.474874, -0.486262, -0.499824, -0.515012, -0.531227, -0.547848, -0.564255, -0.579861, -0.59413, -0.606596, -0.616869, -0.624642, -0.629693, -0.631864
-0.631864, -0.634031, -0.639032, -0.646627, -0.656478, -0.668157, -0.681166, -0.694973, -0.709031, -0.722813, -0.73583, -0.747651, -0.757911, -0.766319, -0.772651, -0.776751, -0.778511
-0.778511, -0.780264, -0.784304, -0.790416, -0.798304, -0.807595, -0.817863, -0.828663, -0.839551, -0.850111, -0.859977, -0.868838, -0.87645, -0.882628, -0.887246, -0.890218, -0.89149
-0.89149, -0.892754, -0.895657, -0.900022, -0.905606, -0.912107, -0.919191, -0.926517, -0.933764, -0.940647, -0.946934, -0.952452, -0.957085, -0.960768, -0.963471, -0.965187, -0.965915
-0.965915, -0.966636, -0.968277, -0.970707, -0.973745, -0.977175, -0.980767, -0.984303, -0.987595, -0.990502, -0.992939, -0.994876, -0.996331, -0.997358, -0.998029, -0.998415, -0.998569
-0.998569, -0.998715, -0.999022, -0.999412, -0.999773, -0.999984, -0.999929, -0.999522, -0.998717, -0.997523, -0.996004, -0.994275, -0.992489, -0.990817, -0.989427, -0.988466, -0.988038
-0.988038, -0.987603, -0.986564, -0.984896, -0.982564, -0.979547, -0.975848, -0.971515, -0.966648, -0.961405, -0.955996, -0.950676, -0.945726, -0.941426, -0.938036, -0.93577, -0.934779
-0.934779, -0.933781, -0.931441, -0.927787, -0.922864, -0.916749, -0.909566, -0.901495, -0.892776, -0.883709, -0.874644, -0.865964, -0.858064, -0.851323, -0.846079, -0.842605, -0.841094
-0.841094, -0.839577, -0.836037, -0.830556, -0.823253, -0.814305, -0.803948, -0.792488, -0.780294, -0.767797, -0.755468, -0.743803, -0.733294, -0.724403, -0.717532, -0.713001, -0.711036
-0.711036, -0.709065, -0.704477, -0.697406, -0.688041, -0.676646, -0.663563, -0.649209, -0.634068, -0.618681, -0.603621, -0.589475, -0.576812, -0.566156, -0.557955, -0.552562, -0.550227
-0.550227, -0.547888, -0.542452, -0.534096, -0.523073, -0.509724, -0.494481, -0.477854, -0.460421, -0.442809, -0.42567, -0.409655, -0.395386, -0.383425, -0.374249, -0.368228, -0.365624
-0.365624, -0.363018, -0.356968, -0.347689, -0.335484, -0.320759, -0.304015, -0.285835, -0.266863, -0.247787, -0.22931, -0.212118, -0.19686, -0.184112, -0.174357, -0.167969, -0.165209
-0.165209, -0.162448, -0.156046, -0.146245, -0.133387, -0.117922, -0.100402, -0.0814537, -0.0617638, -0.0420499, -0.023033, -0.00540883, 0.0101788, 0.0231631, 0.0330741, 0.0395544, 0.0423508
0.0423508, 0.0451469, 0.0516239, 0.0615229, 0.074479, 0.0900139, 0.107554, 0.12645, 0.146006, 0.165506, 0.18424, 0.201535, 0.216778, 0.229436, 0.239075, 0.245367, 0.248079
0.248079, 0.250789, 0.257061, 0.26663, 0.279124, 0.294057, 0.310858, 0.328885, 0.347462, 0.365904, 0.383545, 0.399763, 0.414002, 0.425787, 0.434738, 0.440568, 0.443079
0.443079, 0.445586, 0.451382, 0.460207, 0.471697, 0.485384, 0.500719, 0.517097, 0.533892, 0.550479, 0.566263, 0.580702, 0.593322, 0.603725, 0.611599, 0.616717, 0.618917
0.618917, 0.621113, 0.626182, 0.633882, 0.643872, 0.65572, 0.668925, 0.682947, 0.697233, 0.711247, 0.724493, 0.736529, 0.746983, 0.755553, 0.762011, 0.766194, 0.76799
0.76799, 0.769779, 0.773902, 0.780143, 0.788202, 0.797699, 0.808204, 0.819262, 0.830421, 0.841257, 0.851391, 0.860504, 0.86834, 0.874707, 0.87947, 0.882538, 0.88385
0.88385, 0.885156, 0.888154, 0.892667, 0.898445, 0.90518, 0.91253, 0.920147, 0.927697, 0.934886, 0.94147, 0.947265, 0.952145, 0.956034, 0.958894, 0.960714, 0.961487
0.961487, 0.962253, 0.963997, 0.966586, 0.969834, 0.973516, 0.977394, 0.98124, 0.984854, 0.988085, 0.990834, 0.993061, 0.994774, 0.996016, 0.996851, 0.997344, 0.997544
0.997544, 0.997736, 0.998151, 0.998705, 0.999281, 0.999751, 0.999989, 0.999897, 0.99942, 0.998553, 0.997349, 0.995911, 0.994382, 0.992924, 0.991697, 0.990843, 0.990461
0.990461, 0.990071, 0.989139, 0.987633, 0.985514, 0.982751, 0.979338, 0.975314, 0.970765, 0.965837, 0.960732, 0.955692, 0.950987, 0.946892, 0.943657, 0.941491, 0.940544
0.940544, 0.93959, 0.937351, 0.93385, 0.929127, 0.923251, 0.916336, 0.908551, 0.900128, 0.891353, 0.882567, 0.874143, 0.866466, 0.85991, 0.854807, 0.851424, 0.849953
0.849953, 0.848475, 0.845025, 0.839682, 0.832559, 0.823823, 0.813705, 0.802498, 0.790564, 0.778322, 0.766235, 0.754791, 0.744474, 0.735741, 0.72899, 0.724536, 0.722604
0.722604, 0.720667, 0.716156, 0.709201, 0.699986, 0.688769, 0.675884, 0.66174, 0.646811, 0.631631, 0.616766, 0.602797, 0.590286, 0.579755, 0.571648, 0.566315, 0.564006
0.564006, 0.561693, 0.556316, 0.54805, 0.537142, 0.523929, 0.508835, 0.492364, 0.475087, 0.457624, 0.440625, 0.424734, 0.410571, 0.398696, 0.389583, 0.383603, 0.381017
0.381017, 0.378428, 0.372417, 0.363198, 0.351068, 0.33643, 0.31978, 0.301695, 0.282816, 0.263828, 0.245428, 0.228304, 0.2131, 0.200395, 0.190671, 0.184302, 0.18155
0.18155, 0.178797, 0.172413, 0.162639, 0.149812, 0.134382, 0.116896, 0.0979792, 0.0783155, 0.0586214, 0.0396173, 0.0219997, 0.00641359, -0.00657249, -0.0164868, -0.0229701, -0.025768
-0.025768, -0.0285657, -0.035047, -0.044954, -0.0579229, -0.0734769, -0.0910431, -0.109974, -0.129572, -0.14912, -0.167907, -0.185255, -0.20055, -0.213255, -0.222932, -0.229248, -0.231972
-0.231972, -0.234693, -0.240992, -0.250602, -0.263153, -0.278159, -0.295045, -0.313171, -0.331856, -0.350413, -0.368169, -0.384499, -0.398841, -0.410716, -0.419736, -0.425613, -0.428144
-0.428144, -0.430671, -0.436514, -0.445413, -0.457002, -0.470811, -0.486287, -0.502825, -0.519789, -0.536551, -0.55251, -0.567115, -0.579884, -0.590415, -0.598388, -0.603571, -0.6058
-0.6058, -0.608024, -0.61316, -0.620962, -0.631088, -0.643103, -0.6565, -0.670733, -0.685243, -0.699486, -0.712957, -0.725205, -0.735849, -0.74458, -0.751162, -0.755427, -0.757258
-0.757258, -0.759083, -0.763288, -0.769656, -0.777882, -0.787583, -0.798321, -0.809635, -0.821063, -0.832171, -0.842571, -0.851933, -0.859992, -0.866546, -0.871452, -0.874614, -0.875967
-0.875967, -0.877314, -0.880408, -0.885066, -0.891036, -0.898003, -0.905619, -0.913524, -0.921375, -0.928868, -0.935747, -0.941818, -0.946943, -0.951037, -0.954054, -0.955977, -0.956795
-0.956795, -0.957605, -0.959453, -0.9622, -0.965656, -0.969588, -0.973751, -0.977906, -0.981842, -0.985395, -0.988456, -0.990973, -0.992942, -0.994399, -0.995398, -0.995998, -0.996245
-0.996245, -0.996483, -0.997005, -0.997723, -0.998515, -0.999243, -0.999773, -0.999997, -0.999847, -0.999308, -0.998419, -0.997273, -0.996001, -0.994757, -0.993694, -0.992947, -0.992611
-0.992611, -0.992267, -0.991442, -0.990099, -0.988192, -0.985684, -0.982559, -0.978843, -0.974614, -0.970004, -0.965203, -0.960445, -0.955987, -0.952096, -0.949018, -0.946954, -0.946051

0.642636, 0.644778, 0.649721, 0.657226, 0.666958, 0.67849, 0.691333, 0.704955, 0.718818, 0.732401, 0.745222, 0.756859, 0.766955, 0.775223, 0.781448, 0.785478, 0.787207
0.787207, 0.78893, 0.792898, 0.798901, 0.806644, 0.815758, 0.825826, 0.836406, 0.847062, 0.857389, 0.867026, 0.875673, 0.883094, 0.889112, 0.893606, 0.896498, 0.897735
0.897735, 0.898964, 0.901786, 0.906026, 0.911446, 0.917748, 0.924605, 0.931686, 0.938675, 0.945298, 0.951334, 0.956617, 0.961042, 0.964551, 0.96712, 0.968749, 0.969439
0.969439, 0.970122, 0.971675, 0.97397, 0.976831, 0.980049, 0.9834, 0.986674, 0.989693, 0.992327, 0.9945, 0.996192, 0.99743, 0.998276, 0.998809, 0.999104, 0.999219
0.999219, 0.999325, 0.999543, 0.999793, 0.999973, 0.999966, 0.999665, 0.998992, 0.997912, 0.996442, 0.994658, 0.992685, 0.990682, 0.98883, 0.987304, 0.986253, 0.985786
0.985786, 0.985312, 0.984184, 0.98238, 0.97987, 0.976639, 0.9727, 0.968108, 0.962974, 0.957465, 0.951802, 0.946248, 0.941091, 0.936621, 0.933101, 0.93075, 0.929723
0.929723, 0.928688, 0.926264, 0.922482, 0.917391, 0.911076, 0.903669, 0.895358, 0.886392, 0.877081, 0.867783, 0.85889, 0.850802, 0.843907, 0.838546, 0.834995, 0.833452
0.833452, 0.831902, 0.828286, 0.82269, 0.815239, 0.806113, 0.795558, 0.783886, 0.771477, 0.758767, 0.746237, 0.734388, 0.723719, 0.714697, 0.707727, 0.703131, 0.701138
0.701138, 0.69914, 0.694489, 0.687321, 0.677831, 0.666288, 0.653042, 0.638515, 0.623198, 0.607639, 0.592419, 0.578127, 0.565339, 0.554579, 0.546302, 0.540859, 0.538503
0.538503, 0.536142, 0.530657, 0.522228, 0.511109, 0.49765, 0.482285, 0.46553, 0.447969, 0.430234, 0.412981, 0.396864, 0.382509, 0.370479, 0.361251, 0.355197, 0.352579
0.352579, 0.349959, 0.343877, 0.33455, 0.322284, 0.307489, 0.29067, 0.272413, 0.253367, 0.234222, 0.215683, 0.198439, 0.183138, 0.170356, 0.160578, 0.154174, 0.151408
0.151408, 0.148641, 0.142225, 0.132404, 0.119522, 0.104032, 0.0864859, 0.0675153, 0.0478076, 0.0280813, 0.00905757, -0.00856834, -0.024154, -0.037134, -0.0470401, -0.0535165, -0.056311
-0.056311, -0.0591051, -0.065577, -0.0754673, -0.0884097, -0.103925, -0.121439, -0.140302, -0.159819, -0.179274, -0.197959, -0.215205, -0.230401, -0.243018, -0.252624, -0.258892, -0.261595
-0.261595, -0.264295, -0.270543, -0.280075, -0.292518, -0.307388, -0.324112, -0.342052, -0.360534, -0.378876, -0.396415, -0.412535, -0.426684, -0.438392, -0.447282, -0.453072, -0.455566
-0.455566, -0.458055, -0.46381, -0.472571, -0.483975, -0.497557, -0.512768, -0.52901, -0.545658, -0.562094, -0.577728, -0.592024, -0.604515, -0.614808, -0.622597, -0.627659, -0.629835
-0.629835, -0.632006, -0.637018, -0.64463, -0.654503, -0.666209, -0.679249, -0.69309, -0.707184, -0.721003, -0.734056, -0.745911, -0.756202, -0.764636, -0.770988, -0.775101, -0.776867
-0.776867, -0.778626, -0.782678, -0.788811, -0.796726, -0.806049, -0.816356, -0.827196, -0.838127, -0.848731, -0.858639, -0.86754, -0.875187, -0.881396, -0.886036, -0.889024, -0.890302
-0.890302, -0.891573, -0.894491, -0.89888, -0.904494, -0.911032, -0.918158, -0.92553, -0.932825, -0.939756, -0.94609, -0.951652, -0.956324, -0.960039, -0.962767, -0.9645, -0.965235
-0.965235, -0.965963, -0.96762, -0.970075, -0.973146, -0.976616, -0.980253, -0.983838, -0.987181, -0.990139, -0.992625, -0.994608, -0.996103, -0.997165, -0.997862, -0.998265, -0.998426
-0.998426, -0.998579, -0.998903, -0.999318, -0.999714, -0.999965, -0.999957, -0.999599, -0.998846, -0.997703, -0.996234, -0.994551, -0.992805, -0.991167, -0.989803, -0.988859, -0.988438
-0.988438, -0.98801, -0.986988, -0.985345, -0.983047, -0.98007, -0.976416, -0.972132, -0.967315, -0.962121, -0.95676, -0.951484, -0.946573, -0.942305, -0.93894, -0.936689, -0.935705
-0.935705, -0.934714, -0.93239, -0.92876, -0.923868, -0.91779, -0.91065, -0.902623, -0.893951, -0.88493, -0.875909, -0.867269, -0.859404, -0.852692, -0.84747, -0.84401, -0.842506
-0.842506, -0.840995, -0.837469, -0.83201, -0.824735, -0.81582, -0.805501, -0.79408, -0.781927, -0.76947, -0.757179, -0.745549, -0.73507, -0.726204, -0.719352, -0.714832, -0.712872
-0.712872, -0.710907, -0.706331, -0.699278, -0.689936, -0.678569, -0.665517, -0.651196, -0.636089, -0.620733, -0.605704, -0.591586, -0.578947, -0.56831, -0.560124, -0.55474, -0.552409
-0.552409, -0.550074, -0.544647, -0.536305, -0.5253, -0.511973, -0.496753, -0.48015, -0.462741, -0.445152, -0.428035, -0.412039, -0.397787, -0.385839, -0.376673, -0.370658, -0.368057
-0.368057, -0.365453, -0.35941, -0.35014, -0.337946, -0.323235, -0.306506, -0.28834, -0.269383, -0.25032, -0.231854, -0.214674, -0.199424, -0.186682, -0.176932, -0.170546, -0.167788
-0.167788, -0.165028, -0.158629, -0.148832, -0.135978, -0.120519, -0.103004, -0.08406, -0.064374, -0.0446628, -0.0256475, -0.00802412, 0.0075636, 0.0205484, 0.0304601, 0.036941, 0.0397377
0.0397377, 0.042534, 0.0490118, 0.0589123, 0.0718706, 0.0874088, 0.104953, 0.123855, 0.143419, 0.162926, 0.181669, 0.198972, 0.214224, 0.22689, 0.236535, 0.242831, 0.245545
0.245545, 0.248257, 0.254533, 0.264109, 0.276611, 0.291557, 0.308371, 0.326414, 0.345009, 0.363469, 0.381128, 0.397364, 0.411619, 0.423419, 0.432381, 0.438219, 0.440733
0.440733, 0.443243, 0.449047, 0.457884, 0.46939, 0.483096, 0.498453, 0.514857, 0.531679, 0.548294, 0.564106, 0.578571, 0.591214, 0.601638, 0.609528, 0.614656, 0.616861
0.616861, 0.619061, 0.624141, 0.631857, 0.641869, 0.653743, 0.666979, 0.681034, 0.695356, 0.709406, 0.722688, 0.734758, 0.745242, 0.753838, 0.760315, 0.764511, 0.766312
0.766312, 0.768107, 0.772243, 0.778505, 0.786589, 0.796119, 0.806661, 0.817759, 0.828961, 0.83984, 0.850016, 0.859169, 0.86704, 0.873437, 0.878222, 0.881305, 0.882624
0.882624, 0.883936, 0.88695, 0.891485, 0.897293, 0.904065, 0.911458, 0.91912, 0.926718, 0.933954, 0.940585, 0.946424, 0.951342, 0.955264, 0.958149, 0.959985, 0.960765
0.960765, 0.961538, 0.963299, 0.965913, 0.969193, 0.972914, 0.976838, 0.980732, 0.984397, 0.987679, 0.990478, 0.99275, 0.994503, 0.995779, 0.99664, 0.99715, 0.997357
0.997357, 0.997557, 0.997989, 0.998568, 0.999179, 0.999689, 0.999973, 0.999931, 0.999505, 0.99869, 0.997536, 0.996144, 0.994655, 0.993231, 0.99203, 0.991192, 0.990818
0.990818, 0.990436, 0.98952, 0.98804, 0.985954, 0.983231, 0.979864, 0.975888, 0.971389, 0.966512, 0.961454, 0.956459, 0.951793, 0.947729, 0.944519, 0.942369, 0.941429
0.941429, 0.940482, 0.938258, 0.934782, 0.930091, 0.924252, 0.91738, 0.909641, 0.901264, 0.892536, 0.883794, 0.87541, 0.867769, 0.861242, 0.856161, 0.852793, 0.851328
0.851328, 0.849856, 0.846421, 0.8411, 0.834005, 0.825303, 0.815222, 0.804056, 0.792163, 0.779961, 0.767913, 0.756504, 0.746218, 0.73751, 0.730778, 0.726336, 0.72441
0.72441, 0.722478, 0.717979, 0.711042, 0.701851, 0.690663, 0.67781, 0.663698, 0.648804, 0.633656, 0.618823, 0.604881, 0.592395, 0.581884, 0.573792, 0.568469, 0.566164
0.566164, 0.563855, 0.558487, 0.550235, 0.539346, 0.526154, 0.511084, 0.494638, 0.477386, 0.459948, 0.442971, 0.4271, 0.412954, 0.401093, 0.391991, 0.386017, 0.383434
0.383434, 0.380847, 0.374843, 0.365633, 0.353516, 0.338892, 0.322257, 0.304187, 0.285324, 0.266349, 0.247962, 0.230849, 0.215655, 0.202956, 0.193238, 0.186871, 0.184121
0.184121, 0.18137, 0.174989, 0.165218, 0.152397, 0.136974, 0.119493, 0.100582, 0.0809226, 0.061232, 0.0422304, 0.0246144, 0.00902886, -0.00395718, -0.0138717, -0.0203554, -0.0231534
-0.0231534, -0.0259513, -0.0324331, -0.0423411, -0.0553117, -0.0708684, -0.0884383, -0.107374, -0.126978, -0.146533, -0.165328, -0.182685, -0.197987, -0.2107, -0.220381, -0.226702, -0.229427
-0.229427, -0.23215, -0.238453, -0.24807, -0.260629, -0.275646, -0.292545, -0.310686, -0.329388, -0.347962, -0.365736, -0.382084, -0.396442, -0.40833, -0.417361, -0.423245, -0.425779
-0.425779, -0.428309, -0.43416, -0.44307, -0.454674, -0.468502, -0.484001, -0.500562, -0.517553, -0.534342, -0.550328, -0.564959, -0.577751, -0.588302, -0.59629, -0.601483, -0.603717
-0.603717, -0.605946, -0.611092, -0.61891, -0.629057, -0.641098, -0.654525, -0.668791, -0.683336, -0.697615, -0.71112, -0.723402, -0.734076, -0.742832, -0.749433, -0.753711, -0.755547
-0.755547, -0.757378, -0.761596, -0.767984, -0.776236, -0.785969, -0.796744, -0.808097, -0.819567, -0.830718, -0.841159, -0.85056, -0.858654, -0.865237, -0.870166, -0.873343, -0.874703
-0.874703, -0.876056, -0.879164, -0.883846, -0.889846, -0.896849, -0.904506, -0.912456, -0.920356, -0.927896, -0.934822, -0.940936, -0.946099, -0.950225, -0.953267, -0.955206, -0.956031

0.0702602, 0.0730517, 0.0795174, 0.0893969, 0.102323, 0.117816, 0.1353, 0.154127, 0.173601, 0.193007, 0.21164, 0.228833, 0.243979, 0.256552, 0.266122, 0.272368, 0.275059
0.275059, 0.277749, 0.283973, 0.293465, 0.305855, 0.320658, 0.337302, 0.355153, 0.373536, 0.391774, 0.409208, 0.425227, 0.439283, 0.450912, 0.459739, 0.465488, 0.467963
0.467963, 0.470435, 0.476147, 0.484843, 0.496159, 0.509632, 0.524718, 0.540819, 0.557317, 0.573599, 0.58908, 0.603231, 0.615589, 0.625771, 0.633474, 0.638478, 0.64063
0.64063, 0.642776, 0.64773, 0.655252, 0.665007, 0.676567, 0.689441, 0.703097, 0.716997, 0.730617, 0.743476, 0.755147, 0.765274, 0.773569, 0.779814, 0.783857, 0.785591
0.785591, 0.78732, 0.791302, 0.797325, 0.805095, 0.814243, 0.824348, 0.834969, 0.845669, 0.85604, 0.86572, 0.874407, 0.881864, 0.887912, 0.892429, 0.895336, 0.896579
0.896579, 0.897815, 0.900652, 0.904916, 0.910367, 0.916706, 0.923606, 0.930732, 0.93777, 0.944442, 0.950524, 0.955852, 0.960316, 0.963857, 0.966451, 0.968096, 0.968794
0.968794, 0.969484, 0.971053, 0.973374, 0.976268, 0.979525, 0.982922, 0.986245, 0.989316, 0.992001, 0.994223, 0.99596, 0.997239, 0.998119, 0.998678, 0.99899, 0.999112
0.999112, 0.999226, 0.99946, 0.999737, 0.99995, 0.999984, 0.99973, 0.999106, 0.998077, 0.996659, 0.994925, 0.992997, 0.991035, 0.989216, 0.987716, 0.986682, 0.986222
0.986222, 0.985756, 0.984644, 0.982865, 0.980389, 0.977198, 0.973303, 0.96876, 0.963676, 0.958216, 0.952601, 0.947091, 0.941973, 0.937534, 0.934039, 0.931703, 0.930683
0.930683, 0.929655, 0.927247, 0.923488, 0.918429, 0.912151, 0.904786, 0.896519, 0.8876, 0.878335, 0.86908, 0.860226, 0.852174, 0.845307, 0.839968, 0.836432, 0.834895
0.834895, 0.833351, 0.829749, 0.824174, 0.816751, 0.807658, 0.797139, 0.785507, 0.773138, 0.760468, 0.747975, 0.736161, 0.725522, 0.716524, 0.709572, 0.704988, 0.703001
0.703001, 0.701007, 0.696368, 0.689218, 0.679751, 0.668236, 0.65502, 0.640525, 0.625242, 0.609715, 0.594524, 0.580259, 0.567494, 0.556754, 0.54849, 0.543057, 0.540705
0.540705, 0.538348, 0.532872, 0.524456, 0.513355, 0.499916, 0.484574, 0.467843, 0.450306, 0.432593, 0.415361, 0.399264, 0.384924, 0.372907, 0.363689, 0.35764, 0.355025
0.355025, 0.352408, 0.346332, 0.337013, 0.324759, 0.309977, 0.293172, 0.274929, 0.255896, 0.236764, 0.218236, 0.201002, 0.185708, 0.172932, 0.163159, 0.156757, 0.153993
0.153993, 0.151227, 0.144814, 0.134996, 0.122118, 0.106632, 0.0890911, 0.0701244, 0.0504198, 0.0306956, 0.0116728, -0.00595306, -0.0215393, -0.0345203, -0.0444275, -0.0509047, -0.0536996
-0.0536996, -0.0564941, -0.0629671, -0.0728591, -0.0858043, -0.101324, -0.118842, -0.137712, -0.157237, -0.1767, -0.195395, -0.21265, -0.227855, -0.24048, -0.250092, -0.256365, -0.25907
-0.25907, -0.261772, -0.268025, -0.277564, -0.290016, -0.304898, -0.321636, -0.339593, -0.358094, -0.376455, -0.394013, -0.410151, -0.424317, -0.43604, -0.444941, -0.450739, -0.453236
-0.453236, -0.455729, -0.461491, -0.470264, -0.481685, -0.495286, -0.510521, -0.526789, -0.543464, -0.559929, -0.575591, -0.589915, -0.602429, -0.612743, -0.620549, -0.625621, -0.627801
-0.627801, -0.629977, -0.635, -0.642628, -0.652524, -0.664256, -0.677328, -0.691202, -0.705333, -0.719188, -0.732278, -0.744167, -0.754488, -0.762948, -0.76932, -0.773446, -0.775217
-0.775217, -0.776982, -0.781048, -0.787201, -0.795143, -0.804499, -0.814842, -0.825724, -0.836698, -0.847345, -0.857296, -0.866236, -0.873919, -0.880157, -0.884821, -0.887823, -0.889108
-0.889108, -0.890385, -0.893318, -0.89773, -0.903376, -0.90995, -0.917119, -0.924537, -0.931879, -0.938858, -0.945239, -0.950845, -0.955556, -0.959304, -0.962057, -0.963806, -0.964548
-0.964548, -0.965283, -0.966956, -0.969437, -0.972541, -0.97605, -0.979733, -0.983367, -0.98676, -0.98977, -0.992305, -0.994333, -0.995869, -0.996965, -0.997687, -0.998107, -0.998275
-0.998275, -0.998436, -0.998777, -0.999218, -0.999647, -0.99994, -0.999978, -0.99967, -0.998968, -0.997877, -0.996458, -0.99482, -0.993115, -0.99151, -0.990172, -0.989245, -0.988831
-0.988831, -0.98841, -0.987405, -0.985788, -0.983523, -0.980586, -0.976978, -0.972742, -0.967975, -0.962831, -0.957517, -0.952286, -0.947413, -0.943177, -0.939836, -0.937601, -0.936624
-0.936624, -0.93564, -0.933332, -0.929726, -0.924866, -0.918826, -0.911727, -0.903746, -0.89512, -0.886145, -0.877168, -0.868568, -0.860738, -0.854055, -0.848856, -0.84541, -0.843912
-0.843912, -0.842407, -0.838895, -0.833458, -0.826212, -0.81733, -0.807048, -0.795667, -0.783555, -0.771138, -0.758885, -0.747289, -0.73684, -0.727999, -0.721166, -0.716659, -0.714704
-0.714704, -0.712743, -0.70818, -0.701145, -0.691827, -0.680488, -0.667467, -0.653179, -0.638104, -0.622782, -0.607783, -0.593692, -0.581077, -0.57046, -0.562288, -0.556914, -0.554588
-0.554588, -0.552256, -0.546839, -0.538511, -0.527523, -0.514217, -0.499021, -0.482443, -0.465058, -0.447493, -0.430397, -0.414421, -0.400185, -0.38825, -0.379094, -0.373086, -0.370488
-0.370488, -0.367887, -0.361849, -0.352588, -0.340407, -0.325709, -0.308994, -0.290843, -0.2719, -0.252851, -0.234398, -0.217227, -0.201986, -0.189251, -0.179506, -0.173123, -0.170365
-0.170365, -0.167607, -0.161211, -0.151418, -0.138569, -0.123115, -0.105605, -0.0866658, -0.0669837, -0.0472754, -0.0282619, -0.0106394, 0.0049483, 0.0179335, 0.0278459, 0.0343273, 0.0371243
0.0371243, 0.0399209, 0.0463995, 0.0563013, 0.0692618, 0.0848032, 0.102352, 0.121259, 0.14083, 0.160345, 0.179096, 0.196409, 0.211668, 0.224342, 0.233993, 0.240293, 0.243009
0.243009, 0.245722, 0.252003, 0.261585, 0.274097, 0.289054, 0.305882, 0.323941, 0.342553, 0.361031, 0.378709, 0.394963, 0.409235, 0.421049, 0.430021, 0.435866, 0.438384
0.438384, 0.440897, 0.446708, 0.455557, 0.467079, 0.480804, 0.496184, 0.512613, 0.529462, 0.546104, 0.561944, 0.576436, 0.589103, 0.599547, 0.607452, 0.612591, 0.6148
0.6148, 0.617005, 0.622095, 0.629827, 0.639861, 0.651762, 0.665028, 0.679117, 0.693474, 0.707561, 0.720878, 0.732981, 0.743495, 0.752117, 0.758614, 0.762823, 0.764629
0.764629, 0.76643, 0.770579, 0.77686, 0.784972, 0.794533, 0.805112, 0.816251, 0.827496, 0.838418, 0.848636, 0.857827, 0.865734, 0.87216, 0.876968, 0.880066, 0.881391
0.881391, 0.88271, 0.885739, 0.890297, 0.896136, 0.902944, 0.910379, 0.918086, 0.925732, 0.933017, 0.939694, 0.945576, 0.950533, 0.954487, 0.957397, 0.95925, 0.960037
0.960037, 0.960816, 0.962593, 0.965232, 0.968545, 0.972306, 0.976275, 0.980218, 0.983934, 0.987266, 0.990114, 0.992432, 0.994226, 0.995536, 0.996422, 0.996949, 0.997164
0.997164, 0.997371, 0.99782, 0.998425, 0.999069, 0.99962, 0.999951, 0.999959, 0.999584, 0.99882, 0.997716, 0.99637, 0.994922, 0.993531, 0.992356, 0.991535, 0.991168
0.991168, 0.990793, 0.989894, 0.98844, 0.986388, 0.983705, 0.980383, 0.976455, 0.972007, 0.96718, 0.96217, 0.957219, 0.952592, 0.948561, 0.945375, 0.943241, 0.942308
0.942308, 0.941368, 0.93916, 0.935708, 0.931048, 0.925248, 0.918417, 0.910724, 0.902394, 0.893712, 0.885014, 0.876671, 0.869066, 0.862569, 0.85751, 0.854156, 0.852697
0.852697, 0.851232, 0.847811, 0.842511, 0.835445, 0.826777, 0.816734, 0.805608, 0.793756, 0.781595, 0.769585, 0.758211, 0.747956, 0.739274, 0.732561, 0.728131, 0.72621
0.72621, 0.724283, 0.719797, 0.712879, 0.703712, 0.692552, 0.67973, 0.665652, 0.650792, 0.635677, 0.620875, 0.606962, 0.594501, 0.584009, 0.575932, 0.570618, 0.568318
0.568318, 0.566013, 0.560655, 0.552417, 0.541546, 0.528377, 0.513331, 0.49691, 0.479683, 0.462269, 0.445314, 0.429464, 0.415335, 0.403487, 0.394395, 0.388428, 0.385848
0.385848, 0.383264, 0.377267, 0.368066, 0.355961, 0.341351, 0.324732, 0.306678, 0.28783, 0.268869, 0.250495, 0.233393, 0.218208, 0.205517, 0.195803, 0.18944, 0.186691
0.186691, 0.183941, 0.177563, 0.167797, 0.154981, 0.139564, 0.122089, 0.103183, 0.0835291, 0.0638422, 0.0448433, 0.0272288, 0.0116441, -0.00134184, -0.0112566, -0.0177405, -0.0205387
-0.0205387, -0.0233368, -0.0298191, -0.039728, -0.0527002, -0.0682594, -0.0858329, -0.104773, -0.124384, -0.143946, -0.162748, -0.180113, -0.195423, -0.208142, -0.21783, -0.224154, -0.226881
-0.226881, -0.229605, -0.235912, -0.245535, -0.258103, -0.273131, -0.290043, -0.308199, -0.326918, -0.345509, -0.363301, -0.379665, -0.394039, -0.405941, -0.414982, -0.420874, -0.423411
-0.423411, -0.425944, -0.431802, -0.440724, -0.452343, -0.46619, -0.48171, -0.498296, -0.515314, -0.53213, -0.548142, -0.562799, -0.575615, -0.586185, -0.594189, -0.599392, -0.60163

0.000167037
86145
