4
48

0, 0.0359658, 0.103978, 0.171508, 0.20683
0.20683, 0.241884, 0.307439, 0.371564, 0.404715
0.404715, 0.437341, 0.497603, 0.555552, 0.585097
0.585097, 0.613886, 0.666248, 0.715514, 0.740177
0.740177, 0.763882, 0.806081, 0.844533, 0.863247
0.863247, 0.880843, 0.911054, 0.93703, 0.948985
0.948985, 0.959711, 0.976627, 0.989004, 0.993683
0.993683, 0.997076, 0.999966, 0.998207, 0.995408
0.995408, 0.991321, 0.980059, 0.964241, 0.954086
0.954086, 0.942696, 0.917769, 0.888577, 0.871503
0.871503, 0.853302, 0.815789, 0.774484, 0.751232
0.751232, 0.727007, 0.67853, 0.626899, 0.598472
0.598472, 0.569271, 0.511927, 0.452202, 0.419831
0.419831, 0.386917, 0.323185, 0.25795, 0.223034
0.223034, 0.18783, 0.120466, 0.052542, 0.0165919
0.0165919, -0.0193797, -0.0874621, -0.155138, -0.190568
-0.190568, -0.225751, -0.291608, -0.356109, -0.389487
-0.389487, -0.42236, -0.483143, -0.541679, -0.571561
-0.571561, -0.600704, -0.653784, -0.703825, -0.728918
-0.728918, -0.753069, -0.796151, -0.835532, -0.854753
-0.854753, -0.872867, -0.904088, -0.931106, -0.943622
-0.943622, -0.954917, -0.972927, -0.986414, -0.991684
-0.991684, -0.995671, -0.99969, -0.999063, -0.996859
-0.996859, -0.993366, -0.983221, -0.968506, -0.958924
-0.958924, -0.948102, -0.924232, -0.896065, -0.87952
-0.87952, -0.861836, -0.825273, -0.784874, -0.762079
-0.762079, -0.738299, -0.690624, -0.639739, -0.611682
-0.611682, -0.582834, -0.526109, -0.466939, -0.434832
-0.434832, -0.402163, -0.338842, -0.273945, -0.239177
-0.239177, -0.204101, -0.136921, -0.0691038, -0.0331792
-0.0331792, 0.00278827, 0.0709218, 0.138726, 0.174254
0.174254, 0.209557, 0.275697, 0.340556, 0.374151
0.374151, 0.407263, 0.468549, 0.527658, 0.557868
0.557868, 0.587356, 0.641139, 0.691941, 0.717459
0.717459, 0.742049, 0.786002, 0.826301, 0.846023
0.846023, 0.864651, 0.896873, 0.924926, 0.938
0.938, 0.94986, 0.968958, 0.983552, 0.989412
0.989412, 0.993992, 0.99914, 0.999643, 0.998036
0.998036, 0.995137, 0.986113, 0.972504, 0.963499
0.963499, 0.953247, 0.93044, 0.903308, 0.887294
0.887294, 0.870132, 0.834529, 0.795047, 0.772718
0.772718, 0.749388, 0.702529, 0.652404, 0.624724
0.624724, 0.596236, 0.540147, 0.481546, 0.449714
0.449714, 0.417299, 0.354405, 0.289864, 0.255255
0.255255, 0.220315, 0.153337, 0.0856465, 0.0497574
0.0497574, 0.0138039, -0.0543619, -0.122275, -0.157892
-0.157892, -0.193304, -0.25971, -0.324909, -0.358713
-0.358713, -0.392053, -0.453827, -0.513491, -0.544021

-0.581438, -0.5518, -0.49369, -0.433286, -0.400591
-0.400591, -0.367378, -0.303149, -0.23751, -0.20242
-0.20242, -0.167068, -0.0994967, -0.0314633, 0.00450509
0.00450511, 0.0404676, 0.108458, 0.175944, 0.211235
0.211235, 0.246253, 0.311722, 0.375743, 0.40883
0.40883, 0.441388, 0.501506, 0.559292, 0.588745
0.588745, 0.617436, 0.669601, 0.718654, 0.743199
0.743199, 0.766781, 0.808739, 0.846937, 0.865512
0.865512, 0.882967, 0.912902, 0.938594, 0.950396
0.950396, 0.960968, 0.977586, 0.98966, 0.994178
0.994178, 0.99741, 0.999993, 0.997927, 0.994967
0.994967, 0.990719, 0.979154, 0.963038, 0.952727
0.952727, 0.941183, 0.915971, 0.886501, 0.869285
0.869285, 0.850944, 0.813176, 0.771627, 0.74825
0.74825, 0.723906, 0.675214, 0.623382, 0.594857
0.594857, 0.565562, 0.508051, 0.448179, 0.415738
0.415738, 0.382759, 0.318918, 0.253595, 0.21864
0.21864, 0.183403, 0.115993, 0.0480426, 0.0120873
0.0120872, -0.0238837, -0.0919491, -0.159587, -0.194989
-0.194989, -0.230138, -0.295914, -0.360315, -0.393632
-0.393632, -0.426439, -0.487082, -0.545461, -0.575252
-0.575252, -0.604299, -0.657186, -0.707018, -0.731995
-0.731995, -0.756025, -0.798869, -0.837999, -0.857082
-0.857082, -0.875057, -0.906004, -0.93274, -0.945104
-0.945104, -0.956245, -0.973958, -0.987144, -0.992254
-0.992254, -0.99608, -0.999792, -0.998857, -0.996492
-0.996492, -0.992838, -0.982389, -0.967374, -0.957637
-0.957637, -0.94666, -0.922502, -0.894056, -0.877367
-0.877367, -0.859542, -0.82272, -0.782074, -0.759155
-0.759155, -0.735253, -0.687359, -0.63627, -0.608112
-0.608112, -0.579167, -0.522272, -0.46295, -0.430771
-0.430771, -0.398034, -0.3346, -0.269609, -0.234801
-0.234801, -0.199688, -0.132456, -0.0646088, -0.0286763
-0.0286762, 0.0072933, 0.0754148, 0.143186, 0.178688
0.178688, 0.21396, 0.280025, 0.344788, 0.378325
0.378325, 0.411373, 0.472525, 0.531479, 0.561601
0.561601, 0.590996, 0.64459, 0.695187, 0.72059
0.72059, 0.745061, 0.788779, 0.82883, 0.848416
0.848416, 0.866905, 0.898856, 0.926629, 0.939552
0.939552, 0.951259, 0.970062, 0.984356, 0.990056
0.990056, 0.994475, 0.999316, 0.999513, 0.997744
0.997744, 0.994683, 0.985354, 0.971445, 0.962283
0.962283, 0.951876, 0.92878, 0.901366, 0.885207
0.885207, 0.867903, 0.832039, 0.792306, 0.76985
0.76985, 0.746398, 0.699316, 0.648983, 0.6212
0.6212, 0.592613, 0.53635, 0.477593, 0.445685
0.445685, 0.413201, 0.350189, 0.28555, 0.250896
0.250896, 0.215919, 0.148884, 0.0811571, 0.0452574

-0.946105, -0.933845, -0.907302, -0.876542, -0.858663
-0.858664, -0.839674, -0.800716, -0.758036, -0.734088
-0.734088, -0.709191, -0.659502, -0.606748, -0.577767
-0.577767, -0.548038, -0.489768, -0.429221, -0.396459
-0.396459, -0.363184, -0.298852, -0.233132, -0.198006
-0.198006, -0.162624, -0.0950129, -0.0269601, 0.00901008
0.00901011, 0.0449686, 0.112935, 0.180377, 0.215636
0.215636, 0.250617, 0.316, 0.379914, 0.412937
0.412937, 0.445426, 0.505398, 0.563021, 0.59238
0.59238, 0.620973, 0.67294, 0.721779, 0.746205
0.746205, 0.769666, 0.811381, 0.849324, 0.86776
0.86776, 0.885073, 0.914732, 0.940139, 0.951787
0.951787, 0.962204, 0.978524, 0.990296, 0.994654
0.994654, 0.997724, 1, 0.997627, 0.994505
0.994505, 0.990096, 0.978229, 0.961814, 0.951348
0.951348, 0.939651, 0.914154, 0.884407, 0.867049
0.867049, 0.848569, 0.810545, 0.768753, 0.745254
0.745254, 0.720791, 0.671884, 0.619854, 0.591229
0.591229, 0.56184, 0.504166, 0.444148, 0.411637
0.411637, 0.378593, 0.314645, 0.249234, 0.214242
0.214242, 0.178973, 0.111517, 0.0435423, 0.00758238
0.00758235, -0.0283873, -0.0964341, -0.164033, -0.199405
-0.199405, -0.23452, -0.300215, -0.364514, -0.397769
-0.397769, -0.43051, -0.491012, -0.549231, -0.578931
-0.578931, -0.607883, -0.660575, -0.710197, -0.735057
-0.735057, -0.758967, -0.801571, -0.840449, -0.859394
-0.859394, -0.877228, -0.907902, -0.934355, -0.946566
-0.946566, -0.957553, -0.97497, -0.987854, -0.992803
-0.992803, -0.996468, -0.999874, -0.998632, -0.996105
-0.996105, -0.992289, -0.981538, -0.966223, -0.95633
-0.95633, -0.945198, -0.920754, -0.892029, -0.875196
-0.875196, -0.857231, -0.820151, -0.779259, -0.756215
-0.756215, -0.732192, -0.68408, -0.632788, -0.60453
-0.604529, -0.575489, -0.518425, -0.458952, -0.426701
-0.426701, -0.393898, -0.330351, -0.265268, -0.230419
-0.230419, -0.195272, -0.12799, -0.0601124, -0.0241728
-0.0241727, 0.0117982, 0.0799063, 0.147643, 0.183119
0.183119, 0.218358, 0.284347, 0.349013, 0.382492
0.382492, 0.415475, 0.47649, 0.53529, 0.565323
0.565323, 0.594624, 0.648027, 0.698418, 0.723707
0.723707, 0.748059, 0.79154, 0.831342, 0.850793
0.850793, 0.869142, 0.900822, 0.928314, 0.941085
0.941085, 0.952639, 0.971146, 0.98514, 0.99068
0.99068, 0.994938, 0.999473, 0.999362, 0.997431
0.997431, 0.994209, 0.984576, 0.970366, 0.961048
0.961048, 0.950485, 0.9271, 0.899406, 0.883103
0.883103, 0.865657, 0.829531, 0.78955, 0.766967
0.766967, 0.743392, 0.696088, 0.645549, 0.617663

-0.958046, -0.967735, -0.982655, -0.993007, -0.99661
-0.996611, -0.998925, -0.999762, -0.995952, -0.992075
-0.992075, -0.986914, -0.973633, -0.955826, -0.944636
-0.944636, -0.932224, -0.905399, -0.874365, -0.856346
-0.856346, -0.837219, -0.798009, -0.75509, -0.731022
-0.731022, -0.706007, -0.656109, -0.603161, -0.574084
-0.574084, -0.544264, -0.485835, -0.425148, -0.392319
-0.392319, -0.358983, -0.29455, -0.228748, -0.193588
-0.193588, -0.158177, -0.0905273, -0.0224564, 0.0135149
0.0135149, 0.0494687, 0.117411, 0.184807, 0.220033
0.220033, 0.254975, 0.320271, 0.384077, 0.417036
0.417036, 0.449455, 0.509281, 0.566738, 0.596004
0.596004, 0.624498, 0.676266, 0.72489, 0.749197
0.749197, 0.772534, 0.814006, 0.851693, 0.86999
0.86999, 0.887161, 0.916543, 0.941664, 0.953159
0.95316, 0.963421, 0.979443, 0.990912, 0.995109
0.995109, 0.998018, 0.999986, 0.997307, 0.994023
0.994023, 0.989454, 0.977284, 0.960572, 0.94995
0.94995, 0.9381, 0.912318, 0.882296, 0.864796
0.864796, 0.846177, 0.807898, 0.765864, 0.742243
0.742243, 0.717661, 0.66854, 0.616312, 0.58759
0.58759, 0.558108, 0.50027, 0.440107, 0.407527
0.407527, 0.374419, 0.310365, 0.244869, 0.209839
0.209839, 0.174539, 0.107039, 0.039041, 0.00307735
0.00307732, -0.0328903, -0.100917, -0.168475, -0.203818
-0.203818, -0.238897, -0.304509, -0.368705, -0.401899
-0.401899, -0.434572, -0.494931, -0.55299, -0.582599
-0.582599, -0.611454, -0.66395, -0.713361, -0.738104
-0.738104, -0.761892, -0.804256, -0.842881, -0.861689
-0.861689, -0.879382, -0.909781, -0.935951, -0.94801
-0.94801, -0.958842, -0.975961, -0.988544, -0.993333
-0.993333, -0.996836, -0.999935, -0.998386, -0.995698
-0.995698, -0.991721, -0.980666, -0.965052, -0.955003
-0.955003, -0.943718, -0.918987, -0.889984, -0.873008
-0.873008, -0.854903, -0.817565, -0.776427, -0.753259
-0.753259, -0.729116, -0.680787, -0.629293, -0.600935
-0.600935, -0.571799, -0.514568, -0.454945, -0.422622
-0.422622, -0.389753, -0.326095, -0.260922, -0.226033
-0.226033, -0.190852, -0.12352, -0.0556149, -0.0196687
-0.0196687, 0.0163028, 0.0843962, 0.152097, 0.187546
0.187546, 0.222752, 0.288663, 0.353232, 0.38665
0.38665, 0.419569, 0.480446, 0.53909, 0.569033
0.569033, 0.598241, 0.651452, 0.701635, 0.726808
0.726808, 0.751041, 0.794285, 0.833837, 0.853151
0.853151, 0.871361, 0.902769, 0.929979, 0.942599
0.942599, 0.953999, 0.972211, 0.985903, 0.991283
0.991283, 0.99538, 0.999609, 0.999191, 0.997098
0.997098, 0.993715, 0.983778, 0.969268, 0.959793

-0.612811, -0.640836, -0.691656, -0.739261, -0.763003
-0.763003, -0.785758, -0.826078, -0.862559, -0.880198
-0.880198, -0.896698, -0.924776, -0.948555, -0.959328
-0.959328, -0.968861, -0.983481, -0.993529, -0.996971
-0.996971, -0.999123, -0.999654, -0.995537, -0.991499
-0.991499, -0.986178, -0.972596, -0.954492, -0.943149
-0.943149, -0.930584, -0.903477, -0.87217, -0.854011
-0.854011, -0.834747, -0.795286, -0.752129, -0.72794
-0.72794, -0.70281, -0.652703, -0.599562, -0.570389
-0.570389, -0.540479, -0.481892, -0.421066, -0.388171
-0.388171, -0.354774, -0.290242, -0.22436, -0.189166
-0.189166, -0.153727, -0.0860397, -0.0179522, 0.0180194
0.0180195, 0.0539677, 0.121883, 0.189232, 0.224426
0.224426, 0.259329, 0.324535, 0.388233, 0.421127
0.421127, 0.453475, 0.513152, 0.570444, 0.599615
0.599615, 0.62801, 0.679578, 0.727986, 0.752173
0.752173, 0.775387, 0.816614, 0.854046, 0.872202
0.872202, 0.889231, 0.918335, 0.943171, 0.954512
0.954512, 0.964619, 0.980342, 0.991508, 0.995544
0.995544, 0.998291, 0.999953, 0.996966, 0.993521
0.993521, 0.988791, 0.97632, 0.959309, 0.948533
0.948533, 0.93653, 0.910464, 0.880166, 0.862525
0.862525, 0.843768, 0.805235, 0.76296, 0.739216
0.739216, 0.714516, 0.665183, 0.612758, 0.583939
0.583939, 0.554364, 0.496364, 0.436057, 0.403409
0.403409, 0.370238, 0.30608, 0.240498, 0.205432
0.205432, 0.170101, 0.102558, 0.034539, -0.00142775
-0.00142777, -0.0373926, -0.105398, -0.172914, -0.208226
-0.208226, -0.243269, -0.308797, -0.372889, -0.40602
-0.40602, -0.438625, -0.498841, -0.556738, -0.586255
-0.586255, -0.615012, -0.667312, -0.716511, -0.741136
-0.741136, -0.764802, -0.806925, -0.845297, -0.863967
-0.863967, -0.881518, -0.911642, -0.937528, -0.949434
-0.949434, -0.960112, -0.976933, -0.989214, -0.993842
-0.993842, -0.997184, -0.999976, -0.99812, -0.99527
-0.99527, -0.991132, -0.979775, -0.963862, -0.953657
-0.953657, -0.942218, -0.917201, -0.887921, -0.870802
-0.870802, -0.852557, -0.814963, -0.77358, -0.750288
-0.750288, -0.726026, -0.67748, -0.625786, -0.597328
-0.597328, -0.568097, -0.5107, -0.450928, -0.418535
-0.418535, -0.3856, -0.321833, -0.25657, -0.221642
-0.221642, -0.186428, -0.119049, -0.0511162, -0.0151643
-0.0151643, 0.0208072, 0.0888843, 0.156548, 0.191969
0.191969, 0.227142, 0.292973, 0.357443, 0.390801
0.390801, 0.423654, 0.484392, 0.542879, 0.572732
0.572732, 0.601844, 0.654863, 0.704838, 0.729895
0.729895, 0.754008, 0.797014, 0.836316, 0.855493
0.855493, 0.873563, 0.904697, 0.931626, 0.944094

-0.0391082, -0.0750212, -0.142795, -0.209905, -0.244934
-0.244934, -0.279646, -0.344417, -0.407588, -0.440167
-0.440167, -0.472177, -0.531145, -0.587645, -0.616365
-0.616365, -0.644288, -0.694903, -0.742288, -0.765907
-0.765907, -0.788536, -0.828609, -0.86483, -0.882327
-0.882327, -0.898683, -0.926481, -0.949971, -0.96059
-0.96059, -0.969966, -0.984286, -0.994031, -0.997311
-0.997311, -0.999302, -0.999525, -0.995102, -0.990903
-0.990903, -0.985422, -0.971538, -0.953139, -0.941642
-0.941642, -0.928926, -0.901537, -0.869957, -0.851658
-0.851658, -0.832258, -0.792547, -0.749152, -0.724844
-0.724844, -0.699598, -0.649283, -0.59595, -0.566683
-0.566683, -0.536683, -0.47794, -0.416975, -0.384015
-0.384015, -0.350559, -0.285928, -0.219968, -0.184741
-0.18474, -0.149274, -0.0815505, -0.0134477, 0.0225236
0.0225236, 0.0584657, 0.126354, 0.193654, 0.228814
0.228814, 0.263677, 0.328793, 0.392381, 0.425208
0.425208, 0.457486, 0.517014, 0.574139, 0.603215
0.603215, 0.63151, 0.682876, 0.731068, 0.755134
0.755134, 0.778224, 0.819206, 0.856381, 0.874397
0.874397, 0.891283, 0.920109, 0.944658, 0.955846
0.955846, 0.965797, 0.981221, 0.992084, 0.995958
0.995958, 0.998544, 0.999899, 0.996605, 0.992999
0.992999, 0.988109, 0.975335, 0.958028, 0.947097
0.947097, 0.934941, 0.908592, 0.878019, 0.860237
0.860237, 0.841341, 0.802556, 0.76004, 0.736175
0.736175, 0.711357, 0.661812, 0.609192, 0.580276
0.580276, 0.550609, 0.492448, 0.431998, 0.399282
0.399282, 0.366049, 0.301788, 0.236123, 0.201021
0.201021, 0.16566, 0.0980759, 0.0300362, -0.00593282
-0.00593284, -0.0418942, -0.109877, -0.17735, -0.21263
-0.21263, -0.247636, -0.313079, -0.377066, -0.410133
-0.410133, -0.442669, -0.502741, -0.560475, -0.589898
-0.589898, -0.618558, -0.670661, -0.719646, -0.744153
-0.744153, -0.767697, -0.809578, -0.847695, -0.866226
-0.866226, -0.883636, -0.913484, -0.939085, -0.950839
-0.950839, -0.961362, -0.977885, -0.989864, -0.994331
-0.994331, -0.997512, -0.999997, -0.997834, -0.994823
-0.994823, -0.990524, -0.978863, -0.962652, -0.952292
-0.952292, -0.940699, -0.915397, -0.885839, -0.868578
-0.868578, -0.850194, -0.812344, -0.770718, -0.747302
-0.747302, -0.72292, -0.67416, -0.622265, -0.593709
-0.593709, -0.564383, -0.506821, -0.446903, -0.414439
-0.414439, -0.381439, -0.317564, -0.252213, -0.217247
-0.217247, -0.182, -0.114574, -0.0466165, -0.0106596
-0.0106596, 0.0253111, 0.0933707, 0.160996, 0.196389
0.196389, 0.231527, 0.297278, 0.361646, 0.394944
0.394944, 0.42773, 0.488329, 0.546657, 0.576419

0.549175, 0.518763, 0.459303, 0.397708, 0.364451
0.364451, 0.330723, 0.265649, 0.199339, 0.163966
0.163966, 0.128381, 0.0605064, -0.00764961, -0.0436094
-0.0436094, -0.0795128, -0.147253, -0.214308, -0.249299
-0.249299, -0.283968, -0.348643, -0.411698, -0.444208
-0.444208, -0.476143, -0.534957, -0.591284, -0.619906
-0.619906, -0.647727, -0.698135, -0.745299, -0.768796
-0.768796, -0.791299, -0.831123, -0.867083, -0.884439
-0.884439, -0.90065, -0.928167, -0.951369, -0.961833
-0.961833, -0.971052, -0.985072, -0.994512, -0.997631
-0.997631, -0.99946, -0.999376, -0.994647, -0.990287
-0.990287, -0.984645, -0.970461, -0.951767, -0.940116
-0.940116, -0.927248, -0.899578, -0.867726, -0.849288
-0.849288, -0.829752, -0.789792, -0.746161, -0.721733
-0.721733, -0.696372, -0.64585, -0.592326, -0.562965
-0.562965, -0.532876, -0.473978, -0.412876, -0.379852
-0.379852, -0.346336, -0.281608, -0.215571, -0.180311
-0.180311, -0.144818, -0.0770596, -0.00894285, 0.0270273
0.0270273, 0.0629625, 0.130821, 0.198072, 0.233197
0.233197, 0.26802, 0.333045, 0.396521, 0.429282
0.429282, 0.461487, 0.520865, 0.577822, 0.606802
0.606802, 0.634997, 0.68616, 0.734134, 0.75808
0.75808, 0.781045, 0.821782, 0.858698, 0.876574
0.876574, 0.893316, 0.921864, 0.946127, 0.95716
0.95716, 0.966955, 0.98208, 0.992639, 0.996353
0.996353, 0.998777, 0.999825, 0.996224, 0.992457
0.992457, 0.987406, 0.974331, 0.956726, 0.945642
0.945642, 0.933333, 0.906701, 0.875854, 0.857931
0.857931, 0.838898, 0.79986, 0.757104, 0.733118
0.733118, 0.708183, 0.658428, 0.605613, 0.576601
0.576601, 0.546843, 0.488522, 0.427931, 0.395148
0.395148, 0.361853, 0.29749, 0.231743, 0.196606
0.196606, 0.161215, 0.0935915, 0.0255329, -0.0104378
-0.0104378, -0.0463949, -0.114354, -0.181781, -0.21703
-0.21703, -0.251999, -0.317354, -0.381234, -0.414237
-0.414237, -0.446704, -0.50663, -0.5642, -0.59353
-0.59353, -0.622092, -0.673996, -0.722767, -0.747155
-0.747155, -0.770576, -0.812214, -0.850077, -0.868469
-0.868469, -0.885736, -0.915308, -0.940624, -0.952224
-0.952224, -0.962592, -0.978818, -0.990493, -0.9948
-0.9948, -0.997819, -0.999998, -0.997528, -0.994355
-0.994355, -0.989895, -0.977932, -0.961423, -0.950907
-0.950907, -0.939162, -0.913574, -0.88374, -0.866337
-0.866337, -0.847813, -0.809708, -0.767839, -0.744301
-0.744301, -0.7198, -0.670826, -0.618733, -0.590077
-0.590077, -0.560659, -0.502932, -0.442868, -0.410335
-0.410335, -0.377271, -0.313289, -0.247851, -0.212847
-0.212847, -0.177568, -0.110098, -0.0421158, -0.00615466

0.932715, 0.919143, 0.890164, 0.857048, 0.837962
0.837962, 0.817792, 0.776676, 0.731949, 0.70697
0.70697, 0.681076, 0.6296, 0.575197, 0.545405
0.545404, 0.514906, 0.455296, 0.39357, 0.360252
0.360252, 0.326468, 0.261303, 0.194923, 0.159521
0.159521, 0.123912, 0.056009, -0.0121545, -0.0481098
-0.0481098, -0.0840028, -0.151707, -0.218706, -0.25366
-0.25366, -0.288285, -0.352862, -0.415799, -0.44824
-0.44824, -0.4801, -0.538758, -0.594911, -0.623435
-0.623435, -0.651152, -0.701354, -0.748295, -0.771669
-0.771669, -0.794045, -0.833619, -0.869318, -0.886532
-0.886532, -0.902599, -0.929834, -0.952747, -0.963056
-0.963056, -0.972118, -0.985837, -0.994973, -0.997931
-0.997931, -0.999598, -0.999207, -0.994171, -0.98965
-0.98965, -0.983849, -0.969365, -0.950375, -0.938571
-0.93857, -0.925552, -0.897601, -0.865478, -0.846901
-0.846901, -0.827229, -0.78702, -0.743154, -0.718607
-0.718607, -0.693131, -0.642404, -0.58869, -0.559236
-0.559236, -0.529059, -0.470006, -0.408769, -0.375681
-0.37568, -0.342106, -0.277282, -0.211169, -0.175878
-0.175878, -0.140359, -0.0725671, -0.00443786, 0.0315305
0.0315305, 0.067458, 0.135286, 0.202486, 0.237575
0.237575, 0.272358, 0.337289, 0.400652, 0.433346
0.433346, 0.465479, 0.524705, 0.581493, 0.610376
0.610376, 0.63847, 0.68943, 0.737185, 0.76101
0.76101, 0.78385, 0.82434, 0.860998, 0.878734
0.878734, 0.895332, 0.923601, 0.947576, 0.958455
0.958455, 0.968094, 0.982919, 0.993175, 0.996727
0.996727, 0.99899, 0.99973, 0.995823, 0.991895
0.991895, 0.986683, 0.973307, 0.955406, 0.944167
0.944167, 0.931707, 0.904792, 0.873671, 0.855608
0.855608, 0.836437, 0.797148, 0.754153, 0.730047
0.730047, 0.704995, 0.655031, 0.602022, 0.572914
0.572914, 0.543065, 0.484586, 0.423855, 0.391005
0.391005, 0.35765, 0.293185, 0.227358, 0.192187
0.192187, 0.156767, 0.0891053, 0.021029, -0.0149425
-0.0149425, -0.0508946, -0.118828, -0.18621, -0.221426
-0.221426, -0.256356, -0.321623, -0.385395, -0.418333
-0.418333, -0.45073, -0.510509, -0.567914, -0.59715
-0.59715, -0.625613, -0.677317, -0.725873, -0.750142
-0.750142, -0.77344, -0.814834, -0.852441, -0.870693
-0.870693, -0.887819, -0.917113, -0.942144, -0.95359
-0.95359, -0.963803, -0.97973, -0.991103, -0.995249
-0.995249, -0.998107, -0.999978, -0.997201, -0.993866
-0.993866, -0.989246, -0.976981, -0.960174, -0.949503
-0.949503, -0.937605, -0.911733, -0.881623, -0.864078
-0.864078, -0.845416, -0.807056, -0.764945, -0.741285
-0.741285, -0.716666, -0.667478, -0.615187, -0.586434

0.968522, 0.976849, 0.989156, 0.996865, 0.999065
0.999066, 0.999974, 0.998144, 0.991675, 0.986403
0.986403, 0.979853, 0.963967, 0.9436, 0.931082
0.931082, 0.917358, 0.888102, 0.854718, 0.835495
0.835495, 0.815191, 0.77383, 0.728872, 0.703777
0.703777, 0.677771, 0.626094, 0.571506, 0.541623
0.541623, 0.511039, 0.451281, 0.389425, 0.356046
0.356046, 0.322207, 0.256952, 0.190502, 0.155072
0.155072, 0.11944, 0.0515104, -0.0166591, -0.0526092
-0.0526092, -0.0884911, -0.156158, -0.2231, -0.258015
-0.258015, -0.292596, -0.357074, -0.419892, -0.452262
-0.452262, -0.484047, -0.542547, -0.598526, -0.626951
-0.626951, -0.654565, -0.704558, -0.751276, -0.774527
-0.774527, -0.796776, -0.836099, -0.871536, -0.888607
-0.888607, -0.904529, -0.931482, -0.954106, -0.964259
-0.964259, -0.973165, -0.986583, -0.995414, -0.998211
-0.998211, -0.999715, -0.999017, -0.993675, -0.988994
-0.988994, -0.983032, -0.968248, -0.948963, -0.937006
-0.937006, -0.923837, -0.895606, -0.863213, -0.844497
-0.844497, -0.824689, -0.784233, -0.740132, -0.715467
-0.715467, -0.689877, -0.638945, -0.585043, -0.555496
-0.555496, -0.52523, -0.466025, -0.404653, -0.371502
-0.371502, -0.337869, -0.272951, -0.206764, -0.171441
-0.171441, -0.135897, -0.0680732, 6.72293e-05, 0.036033
0.036033, 0.0719521, 0.139749, 0.206895, 0.241949
0.241949, 0.27669, 0.341527, 0.404776, 0.437402
0.437402, 0.469462, 0.528535, 0.585152, 0.613939
0.613939, 0.641931, 0.692687, 0.740222, 0.763925
0.763925, 0.78664, 0.826882, 0.863281, 0.880875
0.880875, 0.897329, 0.925318, 0.949006, 0.95973
0.95973, 0.969213, 0.983738, 0.99369, 0.997081
0.997081, 0.999182, 0.999615, 0.995402, 0.991312
0.991312, 0.98594, 0.972263, 0.954066, 0.942673
0.942673, 0.930061, 0.902864, 0.87147, 0.853267
0.853267, 0.83396, 0.79442, 0.751187, 0.726961
0.726961, 0.701793, 0.65162, 0.598418, 0.569216
0.569216, 0.539277, 0.480641, 0.41977, 0.386855
0.386855, 0.353439, 0.288875, 0.222969, 0.187764
0.187764, 0.152316, 0.0846172, 0.0165247, -0.0194469
-0.019447, -0.0553934, -0.1233, -0.190634, -0.225817
-0.225817, -0.260708, -0.325885, -0.389548, -0.422421
-0.422421, -0.454747, -0.514377, -0.571616, -0.600757
-0.600757, -0.629121, -0.680625, -0.728964, -0.753113
-0.753113, -0.776288, -0.817437, -0.854787, -0.8729
-0.8729, -0.889883, -0.918899, -0.943644, -0.954937
-0.954937, -0.964994, -0.980623, -0.991693, -0.995677
-0.995677, -0.998374, -0.999938, -0.996854, -0.993358
-0.993358, -0.988577, -0.97601, -0.958905, -0.94808

0.643246, 0.670368, 0.719372, 0.765032, 0.787698
0.787699, 0.809346, 0.847486, 0.881686, 0.898086
0.898086, 0.913323, 0.93895, 0.960211, 0.969634
0.969634, 0.977803, 0.989807, 0.997211, 0.99925
0.99925, 0.999996, 0.99786, 0.991085, 0.985652
0.985652, 0.978944, 0.962759, 0.942099, 0.929429
0.929429, 0.915556, 0.886023, 0.85237, 0.833011
0.833011, 0.812574, 0.770969, 0.725781, 0.700569
0.700569, 0.674451, 0.622574, 0.567803, 0.53783
0.53783, 0.507161, 0.447256, 0.385271, 0.351833
0.351833, 0.317939, 0.252595, 0.186077, 0.150619
0.150619, 0.114966, 0.0470108, -0.0211634, -0.0571075
-0.0571075, -0.0929776, -0.160607, -0.227489, -0.262365
-0.262365, -0.296901, -0.361278, -0.423977, -0.456276
-0.456276, -0.487984, -0.546326, -0.602129, -0.630454
-0.630454, -0.657964, -0.707748, -0.754242, -0.777369
-0.777369, -0.79949, -0.838562, -0.873736, -0.890665
-0.890665, -0.906441, -0.933112, -0.955445, -0.965443
-0.965443, -0.974192, -0.987308, -0.995835, -0.99847
-0.99847, -0.999813, -0.998807, -0.993159, -0.988317
-0.988317, -0.982196, -0.967112, -0.947533, -0.935423
-0.935423, -0.922103, -0.893593, -0.86093, -0.842076
-0.842076, -0.822133, -0.78143, -0.737095, -0.712312
-0.712312, -0.686609, -0.635473, -0.581383, -0.551744
-0.551744, -0.521391, -0.462034, -0.400529, -0.367315
-0.367315, -0.333626, -0.268614, -0.202354, -0.167001
-0.167001, -0.131432, -0.0635778, 0.00457231, 0.0405348
0.0405348, 0.0764448, 0.144208, 0.211301, 0.246318
0.246318, 0.281016, 0.345757, 0.408891, 0.441449
0.441449, 0.473435, 0.532354, 0.588799, 0.617489
0.617489, 0.645379, 0.695929, 0.743244, 0.766825
0.766825, 0.789413, 0.829407, 0.865546, 0.882998
0.882999, 0.899309, 0.927017, 0.950416, 0.960986
0.960986, 0.970312, 0.984537, 0.994185, 0.997415
0.997415, 0.999354, 0.99948, 0.99496, 0.99071
0.99071, 0.985178, 0.971199, 0.952706, 0.94116
0.94116, 0.928396, 0.900918, 0.869252, 0.850909
0.850909, 0.831465, 0.791676, 0.748206, 0.72386
0.72386, 0.698577, 0.648196, 0.594803, 0.565506
0.565506, 0.535478, 0.476685, 0.415677, 0.382697
0.382697, 0.349221, 0.284559, 0.218575, 0.183337
0.183337, 0.147862, 0.0801274, 0.01202, -0.023951
-0.023951, -0.059891, -0.12777, -0.195054, -0.230203
-0.230203, -0.265054, -0.330141, -0.393694, -0.4265
-0.4265, -0.458755, -0.518236, -0.575307, -0.604353
-0.604353, -0.632616, -0.683918, -0.732041, -0.756069
-0.756069, -0.77912, -0.820024, -0.857117, -0.875089
-0.875089, -0.891929, -0.920667, -0.945126, -0.956265

0.0781565, 0.113962, 0.181393, 0.247981, 0.282663
0.282663, 0.31698, 0.380869, 0.442989, 0.474946
0.474946, 0.506289, 0.563874, 0.618838, 0.64669
0.64669, 0.673704, 0.722494, 0.767925, 0.790466
0.790466, 0.811984, 0.849869, 0.883803, 0.900058
0.900058, 0.915149, 0.94049, 0.96146, 0.970726
0.970726, 0.978737, 0.990439, 0.997537, 0.999414
0.999414, 0.999998, 0.997555, 0.990475, 0.984882
0.984882, 0.978014, 0.961531, 0.940579, 0.927757
0.927757, 0.913735, 0.883925, 0.850006, 0.83051
0.83051, 0.80994, 0.768092, 0.722674, 0.697347
0.697347, 0.671118, 0.619043, 0.564089, 0.534027
0.534027, 0.503273, 0.443222, 0.38111, 0.347612
0.347612, 0.313664, 0.248234, 0.181649, 0.146164
0.146164, 0.11049, 0.0425102, -0.0256673, -0.0616046
-0.0616047, -0.0974623, -0.165052, -0.231874, -0.266709
-0.266709, -0.3012, -0.365476, -0.428052, -0.46028
-0.46028, -0.491912, -0.550094, -0.60572, -0.633945
-0.633945, -0.66135, -0.710923, -0.757192, -0.780195
-0.780195, -0.802188, -0.841008, -0.875919, -0.892704
-0.892704, -0.908334, -0.934722, -0.956765, -0.966607
-0.966607, -0.975199, -0.988014, -0.996236, -0.998709
-0.998709, -0.99989, -0.998577, -0.992623, -0.98762
-0.98762, -0.98134, -0.965957, -0.946083, -0.933821
-0.933821, -0.92035, -0.891562, -0.858629, -0.839638
-0.839638, -0.81956, -0.778611, -0.734043, -0.709143
-0.709143, -0.683326, -0.631988, -0.577712, -0.547981
-0.547981, -0.517542, -0.458034, -0.396397, -0.363121
-0.363121, -0.329376, -0.264272, -0.19794, -0.162558
-0.162558, -0.126965, -0.0590812, 0.00907731, 0.0450358
0.0450358, 0.0809359, 0.148665, 0.215702, 0.250682
0.250682, 0.285337, 0.349981, 0.412999, 0.445487
0.445487, 0.477398, 0.536163, 0.592435, 0.621026
0.621026, 0.648814, 0.699157, 0.74625, 0.769708
0.769708, 0.792171, 0.831916, 0.867793, 0.885104
0.885104, 0.90127, 0.928697, 0.951808, 0.962223
0.962223, 0.971392, 0.985316, 0.99466, 0.997729
0.997729, 0.999506, 0.999325, 0.994498, 0.990087
0.990087, 0.984395, 0.970116, 0.951328, 0.939628
0.939628, 0.926713, 0.898954, 0.867016, 0.848534
0.848534, 0.828954, 0.788915, 0.745209, 0.720744
0.720744, 0.695346, 0.644759, 0.591175, 0.561785
0.561785, 0.531667, 0.47272, 0.411575, 0.378531
0.378531, 0.344996, 0.280238, 0.214176, 0.178907
0.178907, 0.143405, 0.075636, 0.00751515, -0.0284545
-0.0284545, -0.0643873, -0.132237, -0.199471, -0.234585
-0.234585, -0.269395, -0.33439, -0.397831, -0.430571
-0.430571, -0.462753, -0.522083, -0.578986, -0.607936

-0.516072, -0.484932, -0.424212, -0.361521, -0.327754
-0.327754, -0.293563, -0.227742, -0.160863, -0.125262
-0.125262, -0.0894984, -0.0214236, 0.0467508, 0.082647
0.0826471, 0.118436, 0.185822, 0.252343, 0.286982
0.286982, 0.321249, 0.385031, 0.447023, 0.478906
0.478906, 0.510169, 0.567589, 0.622371, 0.650119
0.650119, 0.677027, 0.725601, 0.770803, 0.793218
0.793218, 0.814605, 0.852234, 0.885902, 0.902012
0.902012, 0.916955, 0.942011, 0.962689, 0.971798
0.971798, 0.979651, 0.99105, 0.997843, 0.999558
0.999558, 0.99998, 0.99723, 0.989844, 0.984091
0.984091, 0.977065, 0.960284, 0.939039, 0.926066
0.926066, 0.911895, 0.881809, 0.847624, 0.827992
0.827992, 0.807289, 0.7652, 0.719553, 0.694111
0.694111, 0.667772, 0.615498, 0.560364, 0.530213
0.530213, 0.499375, 0.439179, 0.376941, 0.343384
0.343384, 0.309383, 0.243867, 0.177217, 0.141706
0.141706, 0.106011, 0.0380087, -0.0301706, -0.0661005
-0.0661006, -0.101945, -0.169493, -0.236254, -0.271048
-0.271048, -0.305493, -0.369665, -0.43212, -0.464275
-0.464275, -0.495829, -0.553851, -0.609298, -0.637423
-0.637423, -0.664723, -0.714084, -0.760127, -0.783005
-0.783005, -0.80487, -0.843437, -0.878083, -0.894725
-0.894725, -0.910209, -0.936314, -0.958066, -0.967752
-0.967752, -0.976186, -0.988699, -0.996616, -0.998928
-0.998928, -0.999947, -0.998327, -0.992067, -0.986904
-0.986904, -0.980463, -0.964781, -0.944614, -0.9322
-0.9322, -0.918579, -0.889513, -0.856311, -0.837182
-0.837182, -0.81697, -0.775776, -0.730976, -0.70596
-0.70596, -0.68003, -0.62849, -0.574029, -0.544207
-0.544207, -0.513682, -0.454025, -0.392257, -0.35892
-0.35892, -0.325118, -0.259924, -0.193522, -0.158111
-0.158111, -0.122495, -0.0545834, 0.0135821, 0.0495358
0.0495359, 0.0854254, 0.153118, 0.220099, 0.25504
0.25504, 0.289652, 0.354198, 0.417097, 0.449515
0.449515, 0.481352, 0.53996, 0.596058, 0.624551
0.624551, 0.652235, 0.702371, 0.749241, 0.772577
0.772577, 0.794912, 0.834407, 0.870023, 0.887192
0.887192, 0.903212, 0.930359, 0.95318, 0.963439
0.963439, 0.972452, 0.986076, 0.995115, 0.998022
0.998022, 0.999637, 0.999149, 0.994016, 0.989444
0.989444, 0.983592, 0.969013, 0.949929, 0.938077
0.938077, 0.92501, 0.896971, 0.864762, 0.846141
0.846141, 0.826426, 0.786139, 0.742198, 0.717614
0.717614, 0.692101, 0.641309, 0.587536, 0.558052
0.558052, 0.527846, 0.468745, 0.407465, 0.374357
0.374357, 0.340764, 0.27591, 0.209774, 0.174472
0.174472, 0.138945, 0.0711431, 0.00301012, -0.0329575

-0.917899, -0.903034, -0.871664, -0.836242, -0.815978
-0.815979, -0.79466, -0.751448, -0.704743, -0.67877
-0.67877, -0.65192, -0.598734, -0.542766, -0.512208
-0.512208, -0.480987, -0.420128, -0.357317, -0.323494
-0.323494, -0.289253, -0.223353, -0.156415, -0.120791
-0.120791, -0.0850105, -0.0169193, 0.0512505, 0.0871359
0.0871359, 0.122909, 0.190246, 0.2567, 0.291295
0.291295, 0.325512, 0.389185, 0.451048, 0.482856
0.482856, 0.514039, 0.571293, 0.625891, 0.653536
0.653536, 0.680335, 0.728694, 0.773666, 0.795953
0.795953, 0.81721, 0.854583, 0.887983, 0.903948
0.903948, 0.918744, 0.943514, 0.963898, 0.972851
0.972851, 0.980545, 0.991642, 0.998128, 0.999682
0.999682, 0.999942, 0.996885, 0.989194, 0.983281
0.983281, 0.976096, 0.959017, 0.937481, 0.924357
0.924357, 0.910037, 0.879676, 0.845225, 0.825458
0.825458, 0.804622, 0.762291, 0.716417, 0.690861
0.690861, 0.664411, 0.611941, 0.556627, 0.526387
0.526387, 0.495467, 0.435127, 0.372764, 0.33915
0.33915, 0.305096, 0.239495, 0.172782, 0.137245
0.137245, 0.101531, 0.0335065, -0.0346733, -0.0705951
-0.0705951, -0.106425, -0.173931, -0.240629, -0.275382
-0.275382, -0.309779, -0.373848, -0.436178, -0.46826
-0.46826, -0.499736, -0.557596, -0.612864, -0.640888
-0.640888, -0.668081, -0.717231, -0.763047, -0.785799
-0.785799, -0.807535, -0.845849, -0.88023, -0.896728
-0.896728, -0.912066, -0.937886, -0.959347, -0.968877
-0.968877, -0.977153, -0.989364, -0.996976, -0.999126
-0.999126, -0.999983, -0.998056, -0.99149, -0.986167
-0.986167, -0.979567, -0.963586, -0.943126, -0.93056
-0.93056, -0.916789, -0.887445, -0.853976, -0.83471
-0.83471, -0.814364, -0.772925, -0.727894, -0.702762
-0.702762, -0.67672, -0.62498, -0.570334, -0.540422
-0.540422, -0.509811, -0.450006, -0.388109, -0.354711
-0.354711, -0.320855, -0.255571, -0.1891, -0.153661
-0.153661, -0.118023, -0.0500845, 0.0180866, 0.0540349
0.0540349, 0.0899132, 0.157568, 0.224491, 0.259394
0.259394, 0.293961, 0.358407, 0.421188, 0.453535
0.453535, 0.485296, 0.543746, 0.599669, 0.628063
0.628063, 0.655644, 0.70557, 0.752217, 0.775429
0.775429, 0.797638, 0.836882, 0.872235, 0.889261
0.889261, 0.905137, 0.932001, 0.954533, 0.964637
0.964637, 0.973492, 0.986815, 0.99555, 0.998295
0.998295, 0.999748, 0.998953, 0.993514, 0.988781
0.988781, 0.982769, 0.96789, 0.948512, 0.936507
0.936507, 0.923289, 0.89497, 0.862491, 0.843732
0.843732, 0.823881, 0.783346, 0.739171, 0.714469
0.714469, 0.688843, 0.637846, 0.583884, 0.554308

-0.977516, -0.984468, -0.994143, -0.999197, -0.999991
-0.999992, -0.999493, -0.994999, -0.985881, -0.979221
-0.979221, -0.971293, -0.952826, -0.92993, -0.916102
-0.916102, -0.901089, -0.869447, -0.833763, -0.813366
-0.813366, -0.791917, -0.748468, -0.701539, -0.675455
-0.675455, -0.648497, -0.59512, -0.538977, -0.508333
-0.508333, -0.477032, -0.416036, -0.353106, -0.319228
-0.319228, -0.284938, -0.21896, -0.151964, -0.116318
-0.116318, -0.0805209, -0.0124147, 0.0557491, 0.0916229
0.091623, 0.127378, 0.194667, 0.261052, 0.295601
0.295601, 0.329769, 0.393331, 0.455065, 0.486796
0.486796, 0.517898, 0.574984, 0.629398, 0.656939
0.656939, 0.68363, 0.731772, 0.776512, 0.798672
0.798672, 0.819798, 0.856913, 0.890045, 0.905865
0.905865, 0.920513, 0.944997, 0.965088, 0.973884
0.973884, 0.98142, 0.992213, 0.998394, 0.999786
0.999786, 0.999884, 0.99652, 0.988523, 0.982451
0.982451, 0.975106, 0.957731, 0.935903, 0.922629
0.922629, 0.90816, 0.877524, 0.842809, 0.822906
0.822906, 0.801939, 0.759368, 0.713267, 0.687597
0.687597, 0.661038, 0.608372, 0.552878, 0.522552
0.522552, 0.491549, 0.431066, 0.36858, 0.334908
0.334908, 0.300803, 0.235119, 0.168343, 0.132781
0.132781, 0.0970478, 0.0290036, -0.0391754, -0.0750882
-0.0750882, -0.110904, -0.178366, -0.244999, -0.27971
-0.27971, -0.314059, -0.378022, -0.440228, -0.472236
-0.472236, -0.503633, -0.56133, -0.616418, -0.644339
-0.644339, -0.671427, -0.720363, -0.765951, -0.788577
-0.788578, -0.810184, -0.848243, -0.882359, -0.898713
-0.898713, -0.913904, -0.93944, -0.960609, -0.969983
-0.969983, -0.978101, -0.99001, -0.997316, -0.999304
-0.999304, -0.999999, -0.997766, -0.990894, -0.98541
-0.98541, -0.978651, -0.962372, -0.941619, -0.928901
-0.928901, -0.914981, -0.88536, -0.851623, -0.83222
-0.83222, -0.811741, -0.770059, -0.724798, -0.69955
-0.69955, -0.673396, -0.621456, -0.566628, -0.536626
-0.536626, -0.50593, -0.445978, -0.383953, -0.350496
-0.350496, -0.316585, -0.251213, -0.184674, -0.149208
-0.149208, -0.113548, -0.0455846, 0.0225908, 0.0585328
0.0585329, 0.0943991, 0.162016, 0.228879, 0.263742
0.263742, 0.298264, 0.362609, 0.425269, 0.457546
0.457546, 0.48923, 0.547522, 0.603268, 0.631562
0.631562, 0.659039, 0.708756, 0.755178, 0.778266
0.778266, 0.800347, 0.839339, 0.87443, 0.891313
0.891313, 0.907043, 0.933624, 0.955866, 0.965814
0.965814, 0.974513, 0.987534, 0.995964, 0.998548
0.998548, 0.999839, 0.998737, 0.992991, 0.988098
0.988098, 0.981927, 0.966748, 0.947076, 0.934917

-0.672698, -0.698875, -0.745987, -0.789632, -0.811189
-0.811189, -0.831697, -0.867597, -0.899464, -0.914599
-0.914599, -0.928551, -0.951687, -0.970399, -0.978457
-0.978457, -0.985249, -0.99462, -0.999367, -1
-1, -0.999339, -0.994539, -0.985116, -0.978297
-0.978297, -0.970212, -0.951449, -0.928264, -0.914287
-0.914287, -0.899127, -0.867212, -0.831267, -0.810737
-0.810737, -0.789158, -0.745472, -0.698322, -0.672126
-0.672126, -0.645061, -0.591494, -0.535177, -0.504449
-0.504449, -0.473068, -0.411935, -0.348887, -0.314956
-0.314956, -0.280617, -0.214562, -0.14751, -0.111842
-0.111842, -0.0760296, -0.00790986, 0.0602466, 0.0961081
0.0961082, 0.131845, 0.199084, 0.265398, 0.299902
0.299902, 0.334018, 0.397469, 0.459072, 0.490727
0.490727, 0.521747, 0.578664, 0.632892, 0.660329
0.660329, 0.686911, 0.734835, 0.779343, 0.801375
0.801375, 0.82237, 0.859227, 0.89209, 0.907764
0.907764, 0.922264, 0.946461, 0.966258, 0.974897
0.974897, 0.982274, 0.992764, 0.998639, 0.999869
0.999869, 0.999805, 0.996134, 0.987833, 0.9816
0.9816, 0.974098, 0.956425, 0.934307, 0.920882
0.920882, 0.906265, 0.875355, 0.840376, 0.820338
0.820338, 0.79924, 0.756429, 0.710102, 0.684319
0.684319, 0.657651, 0.60479, 0.549119, 0.518705
0.518705, 0.487621, 0.426997, 0.364389, 0.33066
0.33066, 0.296503, 0.230738, 0.1639, 0.128315
0.128315, 0.092563, 0.0245001, -0.0436766, -0.0795798
-0.0795799, -0.11538, -0.182797, -0.249364, -0.284033
-0.284033, -0.318333, -0.382189, -0.444268, -0.476202
-0.476202, -0.50752, -0.565053, -0.619959, -0.647778
-0.647778, -0.674759, -0.72348, -0.768839, -0.79134
-0.79134, -0.812817, -0.85062, -0.88447, -0.900679
-0.900679, -0.915723, -0.940974, -0.961851, -0.971068
-0.971068, -0.979029, -0.990635, -0.997636, -0.999462
-0.999462, -0.999995, -0.997454, -0.990277, -0.984633
-0.984633, -0.977715, -0.961138, -0.940093, -0.927223
-0.927223, -0.913154, -0.883256, -0.849253, -0.829714
-0.829714, -0.809102, -0.767177, -0.721686, -0.696323
-0.696323, -0.670059, -0.617921, -0.56291, -0.532819
-0.532819, -0.502039, -0.441942, -0.37979, -0.346273
-0.346273, -0.312308, -0.24685, -0.180245, -0.144752
-0.144752, -0.109071, -0.0410837, 0.0270945, 0.0630296
0.0630296, 0.0988831, 0.16646, 0.233262, 0.268085
0.268085, 0.302561, 0.366804, 0.429342, 0.461547
0.461547, 0.493154, 0.551286, 0.606855, 0.635049
0.635049, 0.66242, 0.711927, 0.758124, 0.781087
0.781087, 0.80304, 0.84178, 0.876607, 0.893347
0.893347, 0.90893, 0.935229, 0.95718, 0.966972

-0.117085, -0.152728, -0.219714, -0.285678, -0.31996
-0.319961, -0.353829, -0.416739, -0.477711, -0.508999
-0.508999, -0.539628, -0.595741, -0.649085, -0.676025
-0.676025, -0.70209, -0.74898, -0.792388, -0.813815
-0.813815, -0.834189, -0.869828, -0.901424, -0.916412
-0.916412, -0.930214, -0.95306, -0.971477, -0.979377
-0.979377, -0.98601, -0.995076, -0.999517, -0.999988
-0.999988, -0.999165, -0.994059, -0.984332, -0.977354
-0.977354, -0.96911, -0.950053, -0.926579, -0.912452
-0.912452, -0.897146, -0.86496, -0.828755, -0.808091
-0.808091, -0.786383, -0.742462, -0.69509, -0.668784
-0.668784, -0.641612, -0.587855, -0.531366, -0.500554
-0.500554, -0.469094, -0.407826, -0.344662, -0.310677
-0.310677, -0.27629, -0.21016, -0.143053, -0.107364
-0.107364, -0.0715368, -0.00340484, 0.0647429, 0.100591
0.100591, 0.13631, 0.203497, 0.269739, 0.304197
0.304197, 0.338261, 0.401599, 0.463069, 0.494647
0.494647, 0.525585, 0.582333, 0.636374, 0.663705
0.663705, 0.690178, 0.737883, 0.782158, 0.804061
0.804061, 0.824925, 0.861523, 0.894117, 0.909645
0.909645, 0.923996, 0.947905, 0.967409, 0.97589
0.97589, 0.983109, 0.993295, 0.998864, 0.999932
0.999932, 0.999705, 0.995728, 0.987122, 0.98073
0.98073, 0.973069, 0.9551, 0.932691, 0.919116
0.919116, 0.904351, 0.873168, 0.837925, 0.817754
0.817754, 0.796524, 0.753475, 0.706923, 0.681027
0.681027, 0.65425, 0.601196, 0.545348, 0.514848
0.514848, 0.483683, 0.422919, 0.36019, 0.326405
0.326405, 0.292198, 0.226352, 0.159454, 0.123845
0.123845, 0.0880763, 0.0199962, -0.0481769, -0.0840698
-0.0840698, -0.119854, -0.187224, -0.253725, -0.288349
-0.288349, -0.322601, -0.386348, -0.4483, -0.480159
-0.480159, -0.511397, -0.568764, -0.623488, -0.651203
-0.651203, -0.678077, -0.726583, -0.771712, -0.794086
-0.794086, -0.815433, -0.85298, -0.886563, -0.902628
-0.902628, -0.917524, -0.94249, -0.963074, -0.972134
-0.972134, -0.979937, -0.99124, -0.997936, -0.9996
-0.9996, -0.999971, -0.997123, -0.98964, -0.983837
-0.983837, -0.97676, -0.959885, -0.938547, -0.925526
-0.925526, -0.911308, -0.881135, -0.846866, -0.827191
-0.827191, -0.806446, -0.76428, -0.718561, -0.693083
-0.693083, -0.666708, -0.614372, -0.559181, -0.529001
-0.529001, -0.498138, -0.437896, -0.375618, -0.342043
-0.342043, -0.308025, -0.242482, -0.175812, -0.140292
-0.140292, -0.104592, -0.036582, 0.0315977, 0.0675251
0.0675251, 0.103365, 0.1709, 0.237641, 0.272422
0.272423, 0.306852, 0.370992, 0.433407, 0.465539
0.465539, 0.497068, 0.555039, 0.61043, 0.638522

0.482179, 0.450359, 0.388473, 0.324782, 0.290555
0.290555, 0.255953, 0.189488, 0.122142, 0.0863661
0.086366, 0.0504787, -0.017692, -0.0857804, -0.121558
-0.121558, -0.157179, -0.224107, -0.289993, -0.324226
-0.324226, -0.358039, -0.42083, -0.481664, -0.512871
-0.512871, -0.543415, -0.599353, -0.652505, -0.679338
-0.679338, -0.705291, -0.751957, -0.795128, -0.816425
-0.816425, -0.836665, -0.872042, -0.903365, -0.918206
-0.918206, -0.931858, -0.954415, -0.972535, -0.980277
-0.980277, -0.986751, -0.995513, -0.999647, -0.999956
-0.999956, -0.998971, -0.993559, -0.983528, -0.97639
-0.97639, -0.96799, -0.948637, -0.924875, -0.9106
-0.9106, -0.895146, -0.862691, -0.826225, -0.805429
-0.805429, -0.783592, -0.739437, -0.691844, -0.665428
-0.665428, -0.63815, -0.584205, -0.527544, -0.496648
-0.496648, -0.465111, -0.403708, -0.340429, -0.306391
-0.306391, -0.271957, -0.205753, -0.138592, -0.102884
-0.102884, -0.0670425, 0.00110026, 0.0692379, 0.105073
0.105073, 0.140771, 0.207906, 0.274074, 0.308485
0.308485, 0.342497, 0.40572, 0.467057, 0.498557
0.498557, 0.529412, 0.585989, 0.639843, 0.667069
0.667069, 0.693431, 0.740916, 0.784957, 0.806732
0.806732, 0.827463, 0.863802, 0.896125, 0.911507
0.911507, 0.92571, 0.949331, 0.968539, 0.976863
0.976863, 0.983923, 0.993806, 0.999068, 0.999974
0.999974, 0.999586, 0.995302, 0.986391, 0.97984
0.97984, 0.972021, 0.953756, 0.931057, 0.917332
0.917332, 0.902419, 0.870963, 0.835458, 0.815152
0.815152, 0.793792, 0.750505, 0.703729, 0.677721
0.677721, 0.650836, 0.59759, 0.541566, 0.510981
0.510981, 0.479735, 0.418832, 0.355983, 0.322143
0.322143, 0.287886, 0.221962, 0.155005, 0.119374
0.119374, 0.0835879, 0.0154918, -0.0526763, -0.0885581
-0.0885581, -0.124325, -0.191648, -0.25808, -0.29266
-0.29266, -0.326862, -0.3905, -0.452322, -0.484106
-0.484106, -0.515263, -0.572464, -0.627003, -0.654616
-0.654616, -0.681381, -0.729671, -0.774569, -0.796816
-0.796816, -0.818032, -0.855323, -0.888638, -0.904558
-0.904558, -0.919306, -0.943986, -0.964277, -0.97318
-0.97318, -0.980824, -0.991825, -0.998215, -0.999717
-0.999717, -0.999926, -0.996771, -0.988984, -0.98302
-0.98302, -0.975784, -0.958612, -0.936983, -0.923811
-0.923811, -0.909444, -0.878996, -0.844461, -0.824651
-0.824651, -0.803774, -0.761367, -0.71542, -0.689828
-0.689828, -0.663344, -0.610811, -0.55544, -0.525173
-0.525173, -0.494226, -0.433841, -0.371439, -0.337806
-0.337806, -0.303736, -0.238109, -0.171375, -0.135831
-0.135831, -0.10011, -0.0320795, 0.0361002, 0.0720192

0.901678, 0.885543, 0.85183, 0.814157, 0.792746
0.792747, 0.770311, 0.72507, 0.676458, 0.649532
0.649532, 0.621766, 0.566953, 0.509505, 0.478227
0.478227, 0.446332, 0.384318, 0.320517, 0.286242
0.286242, 0.251595, 0.185062, 0.117669, 0.0818769
0.0818769, 0.0459789, -0.0221962, -0.0902681, -0.126029
-0.126029, -0.161626, -0.228495, -0.294301, -0.328484
-0.328484, -0.362241, -0.424912, -0.485607, -0.516734
-0.516734, -0.547191, -0.602953, -0.655913, -0.682637
-0.682637, -0.708477, -0.754919, -0.797852, -0.819018
-0.819018, -0.839124, -0.874238, -0.905288, -0.919981
-0.919981, -0.933483, -0.95575, -0.973574, -0.981158
-0.981158, -0.987472, -0.995929, -0.999756, -0.999903
-0.999903, -0.998756, -0.993038, -0.982703, -0.975407
-0.975407, -0.966849, -0.947202, -0.923152, -0.908729
-0.908729, -0.893129, -0.860404, -0.823679, -0.802751
-0.802751, -0.780785, -0.736396, -0.688584, -0.662058
-0.662058, -0.634675, -0.580542, -0.523711, -0.492733
-0.492733, -0.461118, -0.399582, -0.33619, -0.3021
-0.3021, -0.267619, -0.201342, -0.134129, -0.0984018
-0.0984018, -0.0625469, 0.00560533, 0.0737315, 0.109552
0.109552, 0.14523, 0.21231, 0.278404, 0.312768
0.312768, 0.346727, 0.409834, 0.471036, 0.502457
0.502457, 0.533228, 0.589634, 0.643298, 0.670418
0.670418, 0.69667, 0.743934, 0.78774, 0.809386
0.809386, 0.829984, 0.866063, 0.898115, 0.913351
0.913351, 0.927404, 0.950737, 0.969651, 0.977817
0.977817, 0.984718, 0.994296, 0.999253, 0.999996
0.999996, 0.999446, 0.994856, 0.985641, 0.97893
0.97893, 0.970953, 0.952392, 0.929404, 0.915529
0.915529, 0.900469, 0.868741, 0.832974, 0.812535
0.812535, 0.791044, 0.74752, 0.700521, 0.674402
0.674402, 0.647409, 0.593972, 0.537774, 0.507103
0.507103, 0.475777, 0.414737, 0.35177, 0.317875
0.317875, 0.283569, 0.217567, 0.150553, 0.1149
0.1149, 0.0790977, 0.0109871, -0.0571746, -0.0930446
-0.0930446, -0.128794, -0.196068, -0.26243, -0.296965
-0.296965, -0.331116, -0.394643, -0.456335, -0.488043
-0.488043, -0.519119, -0.576152, -0.630507, -0.658015
-0.658015, -0.684672, -0.732744, -0.777411, -0.79953
-0.79953, -0.820615, -0.857649, -0.890695, -0.906469
-0.906469, -0.92107, -0.945463, -0.965461, -0.974207
-0.974207, -0.981693, -0.99239, -0.998474, -0.999814
-0.999814, -0.999861, -0.9964, -0.988307, -0.982183
-0.982183, -0.974789, -0.957319, -0.935399, -0.922077
-0.922077, -0.907561, -0.876839, -0.84204, -0.822094
-0.822094, -0.801085, -0.758438, -0.712265, -0.68656
-0.68656, -0.659966, -0.607238, -0.551688, -0.521334

0.985015, 0.990581, 0.997609, 1, 0.999387
0.999388, 0.997482, 0.990332, 0.978578, 0.97054
0.97054, 0.961247, 0.940227, 0.914837, 0.899721
0.899721, 0.883441, 0.849461, 0.811533, 0.789993
0.789993, 0.76743, 0.72196, 0.673133, 0.6461
0.6461, 0.618231, 0.563236, 0.505623, 0.474266
0.474266, 0.442296, 0.380155, 0.316247, 0.281922
0.281922, 0.247233, 0.180633, 0.113194, 0.0773861
0.0773861, 0.0414781, -0.0266999, -0.0947538, -0.130497
-0.130497, -0.16607, -0.232878, -0.298604, -0.332736
-0.332736, -0.366437, -0.428986, -0.489541, -0.520585
-0.520585, -0.550957, -0.606541, -0.659307, -0.685922
-0.685922, -0.711649, -0.757866, -0.80056, -0.821595
-0.821595, -0.841566, -0.876417, -0.907193, -0.921737
-0.921737, -0.935089, -0.957065, -0.974593, -0.982018
-0.982018, -0.988173, -0.996325, -0.999846, -0.999831
-0.999831, -0.998522, -0.992497, -0.981859, -0.974404
-0.974404, -0.965689, -0.945748, -0.921411, -0.906839
-0.906839, -0.891094, -0.858099, -0.821116, -0.800057
-0.800057, -0.777962, -0.733341, -0.68531, -0.658675
-0.658675, -0.631187, -0.576868, -0.519868, -0.488808
-0.488808, -0.457116, -0.395449, -0.331943, -0.297802
-0.297802, -0.263276, -0.196927, -0.129664, -0.0939176
-0.0939176, -0.05805, 0.0101103, 0.0782235, 0.114029
0.114029, 0.149686, 0.216711, 0.282728, 0.317043
0.317043, 0.350949, 0.413939, 0.475005, 0.506347
0.506347, 0.537034, 0.593266, 0.646741, 0.673754
0.673754, 0.699895, 0.746937, 0.790507, 0.812023
0.812023, 0.832488, 0.868306, 0.900087, 0.915176
0.915176, 0.92908, 0.952124, 0.970742, 0.978751
0.978751, 0.985492, 0.994767, 0.999417, 0.999998
0.999998, 0.999286, 0.994389, 0.98487, 0.978
0.978, 0.969865, 0.951009, 0.927732, 0.913707
0.913707, 0.898501, 0.866501, 0.830473, 0.8099
0.8099, 0.78828, 0.74452, 0.697299, 0.671068
0.671068, 0.643969, 0.590342, 0.53397, 0.503215
0.503215, 0.47181, 0.410634, 0.347549, 0.3136
0.3136, 0.279246, 0.213167, 0.146098, 0.110423
0.110423, 0.0746059, 0.00648215, -0.0616717, -0.0975292
-0.0975292, -0.13326, -0.200483, -0.266774, -0.301264
-0.301264, -0.335364, -0.398779, -0.460339, -0.49197
-0.49197, -0.522964, -0.579828, -0.633997, -0.6614
-0.661401, -0.687948, -0.735803, -0.780237, -0.802228
-0.802228, -0.823181, -0.859957, -0.892734, -0.908362
-0.908362, -0.922815, -0.946921, -0.966625, -0.975214
-0.975214, -0.982541, -0.992934, -0.998712, -0.999891
-0.999891, -0.999775, -0.996008, -0.98761, -0.981327
-0.981327, -0.973774, -0.956007, -0.933797, -0.920324

0.70112, 0.726312, 0.771461, 0.813024, 0.833438
0.833439, 0.852774, 0.886381, 0.915866, 0.929714
0.929714, 0.942358, 0.962968, 0.979101, 0.985782
0.985782, 0.991188, 0.99791, 0.999994, 0.99922
0.99922, 0.997153, 0.989697, 0.977641, 0.969445
0.969445, 0.959995, 0.938683, 0.913008, 0.897746
0.897746, 0.881321, 0.847076, 0.808892, 0.787222
0.787222, 0.764534, 0.718835, 0.669795, 0.642655
0.642655, 0.614684, 0.559508, 0.501731, 0.470295
0.470295, 0.438251, 0.375984, 0.31197, 0.277597
0.277597, 0.242865, 0.1762, 0.108717, 0.0728938
0.0728937, 0.0369765, -0.0312031, -0.0992377, -0.134962
-0.134962, -0.170511, -0.237257, -0.3029, -0.336981
-0.336981, -0.370625, -0.433051, -0.493464, -0.524427
-0.524427, -0.554711, -0.610117, -0.662687, -0.689193
-0.689193, -0.714807, -0.760798, -0.803252, -0.824155
-0.824155, -0.843991, -0.878577, -0.909079, -0.923475
-0.923475, -0.936676, -0.958362, -0.975592, -0.982859
-0.982859, -0.988853, -0.996701, -0.999915, -0.999738
-0.999738, -0.998267, -0.991936, -0.980995, -0.973382
-0.973382, -0.964509, -0.944275, -0.919651, -0.904931
-0.904931, -0.88904, -0.855777, -0.818536, -0.797346
-0.797346, -0.775124, -0.73027, -0.682023, -0.655278
-0.655278, -0.627686, -0.573183, -0.516014, -0.484873
-0.484873, -0.453104, -0.391307, -0.32769, -0.293498
-0.293498, -0.258927, -0.192508, -0.125195, -0.0894315
-0.0894314, -0.0535519, 0.014615, 0.082714, 0.118503
0.118503, 0.154139, 0.221106, 0.287046, 0.321313
0.321313, 0.355164, 0.418036, 0.478965, 0.510227
0.510227, 0.540829, 0.596887, 0.65017, 0.677076
0.677076, 0.703106, 0.749925, 0.793258, 0.814644
0.814644, 0.834976, 0.870532, 0.902041, 0.916982
0.916982, 0.930737, 0.953492, 0.971814, 0.979664
0.979664, 0.986247, 0.995217, 0.99956, 0.99998
0.99998, 0.999106, 0.993903, 0.984079, 0.97705
0.97705, 0.968757, 0.949606, 0.926041, 0.911867
0.911867, 0.896514, 0.864243, 0.827955, 0.80725
0.80725, 0.7855, 0.741505, 0.694063, 0.667722
0.667721, 0.640516, 0.586699, 0.530156, 0.499317
0.499317, 0.467833, 0.406522, 0.343321, 0.309319
0.309319, 0.274917, 0.208763, 0.141639, 0.105945
0.105945, 0.0701126, 0.00197709, -0.0661676, -0.102012
-0.102012, -0.137724, -0.204895, -0.271113, -0.305557
-0.305557, -0.339605, -0.402906, -0.464334, -0.495887
-0.495887, -0.526799, -0.583493, -0.637475, -0.664773
-0.664773, -0.691211, -0.738846, -0.783047, -0.804909
-0.804909, -0.825731, -0.862247, -0.894755, -0.910237
-0.910237, -0.924541, -0.948359, -0.967769, -0.976201

0.155835, 0.191261, 0.257698, 0.322938, 0.356768
0.356768, 0.390136, 0.45197, 0.511703, 0.542272
0.542272, 0.57214, 0.626696, 0.678339, 0.704326
0.704326, 0.729401, 0.77432, 0.815639, 0.835919
0.83592, 0.855119, 0.888457, 0.917666, 0.931363
0.931363, 0.943856, 0.964172, 0.980007, 0.986529
0.986529, 0.991774, 0.998191, 0.999968, 0.999032
0.999032, 0.996803, 0.989042, 0.976683, 0.96833
0.96833, 0.958724, 0.937121, 0.911161, 0.895752
0.895752, 0.879184, 0.844673, 0.806235, 0.784436
0.784436, 0.761622, 0.715696, 0.666442, 0.639197
0.639197, 0.611124, 0.555768, 0.497829, 0.466315
0.466315, 0.434197, 0.371806, 0.307686, 0.273266
0.273266, 0.238492, 0.171764, 0.104237, 0.0683999
0.0683999, 0.0324741, -0.0357057, -0.10372, -0.139424
-0.139424, -0.174949, -0.241631, -0.307191, -0.341219
-0.341219, -0.374805, -0.437107, -0.497377, -0.528257
-0.528257, -0.558453, -0.61368, -0.666054, -0.69245
-0.69245, -0.71795, -0.763714, -0.805927, -0.826698
-0.826698, -0.846399, -0.88072, -0.910947, -0.925194
-0.925194, -0.938244, -0.959638, -0.976571, -0.983679
-0.983679, -0.989514, -0.997056, -0.999963, -0.999624
-0.999624, -0.997991, -0.991355, -0.980111, -0.972339
-0.972339, -0.96331, -0.942782, -0.917873, -0.903005
-0.903005, -0.886969, -0.853438, -0.81594, -0.794619
-0.794619, -0.772269, -0.727185, -0.678721, -0.651869
-0.651869, -0.624173, -0.569485, -0.51215, -0.480928
-0.480928, -0.449083, -0.387157, -0.323431, -0.289189
-0.289189, -0.254573, -0.188086, -0.120724, -0.0849435
-0.0849435, -0.0490528, 0.0191195, 0.0872028, 0.122975
0.122975, 0.158588, 0.225498, 0.291359, 0.325576
0.325576, 0.359371, 0.422124, 0.482915, 0.514097
0.514097, 0.544613, 0.600496, 0.653587, 0.680385
0.680385, 0.706302, 0.752898, 0.795993, 0.817249
0.817249, 0.837447, 0.87274, 0.903977, 0.91877
0.91877, 0.932375, 0.95484, 0.972867, 0.980558
0.980558, 0.986981, 0.995647, 0.999684, 0.999941
0.999941, 0.998905, 0.993396, 0.983269, 0.976081
0.976081, 0.96763, 0.948184, 0.924331, 0.910009
0.910009, 0.894509, 0.861968, 0.82542, 0.804582
0.804582, 0.782704, 0.738475, 0.690813, 0.664361
0.664361, 0.63705, 0.583045, 0.52633, 0.495409
0.495409, 0.463846, 0.402402, 0.339086, 0.305032
0.305032, 0.270583, 0.204356, 0.137178, 0.101464
0.101464, 0.0656179, -0.002528, -0.0706622, -0.106492
-0.106492, -0.142185, -0.209302, -0.275447, -0.309843
-0.309843, -0.343838, -0.407025, -0.468319, -0.499794
-0.499794, -0.530623, -0.587146, -0.640939, -0.668131

-0.447548, -0.415096, -0.352139, -0.287545, -0.252912
-0.252912, -0.217952, -0.150943, -0.0832328, -0.0473379
-0.0473379, -0.0113818, 0.0567805, 0.124679, 0.160283
0.160283, 0.19568, 0.262049, 0.327199, 0.360973
0.360973, 0.39428, 0.455984, 0.515568, 0.546052
0.546052, 0.575829, 0.6302, 0.681642, 0.707516
0.707516, 0.732476, 0.777163, 0.818237, 0.838384
0.838384, 0.857445, 0.890516, 0.919447, 0.932994
0.932994, 0.945334, 0.965358, 0.980894, 0.987256
0.987256, 0.992341, 0.998452, 0.999921, 0.998823
0.998823, 0.996433, 0.988367, 0.975706, 0.967195
0.967195, 0.957433, 0.935539, 0.909296, 0.89374
0.89374, 0.877028, 0.842253, 0.803562, 0.781634
0.781634, 0.758695, 0.712542, 0.663077, 0.635726
0.635726, 0.607552, 0.552017, 0.493917, 0.462325
0.462325, 0.430134, 0.36762, 0.303397, 0.26893
0.26893, 0.234115, 0.167324, 0.0997556, 0.0639047
0.0639047, 0.027971, -0.0402076, -0.108199, -0.143884
-0.143884, -0.179382, -0.246, -0.311475, -0.34545
-0.34545, -0.378978, -0.441155, -0.501281, -0.532077
-0.532077, -0.562185, -0.617231, -0.669408, -0.695694
-0.695694, -0.721079, -0.766614, -0.808586, -0.829224
-0.829224, -0.84879, -0.882845, -0.912796, -0.926894
-0.926894, -0.939793, -0.960896, -0.977531, -0.98448
-0.98448, -0.990155, -0.997391, -0.999992, -0.999491
-0.999491, -0.997696, -0.990754, -0.979207, -0.971277
-0.971277, -0.962091, -0.941271, -0.916075, -0.90106
-0.90106, -0.884879, -0.851081, -0.813327, -0.791876
-0.791876, -0.7694, -0.724086, -0.675406, -0.648446
-0.648446, -0.620647, -0.565776, -0.508276, -0.476973
-0.476973, -0.445054, -0.382999, -0.319165, -0.284873
-0.284873, -0.250213, -0.183659, -0.116251, -0.0804539
-0.0804538, -0.0445526, 0.0236236, 0.0916899, 0.127445
0.127445, 0.163035, 0.229885, 0.295666, 0.329832
0.329832, 0.363572, 0.426204, 0.486855, 0.517955
0.517955, 0.548386, 0.604092, 0.65699, 0.683679
0.683679, 0.709484, 0.755855, 0.798712, 0.819837
0.819837, 0.8399, 0.874931, 0.905894, 0.920539
0.920539, 0.933994, 0.956169, 0.973899, 0.981432
0.981432, 0.987696, 0.996057, 0.999787, 0.999883
0.999883, 0.998684, 0.992869, 0.982438, 0.975092
0.975092, 0.966483, 0.946743, 0.922603, 0.908132
0.908132, 0.892486, 0.859675, 0.822868, 0.801899
0.801899, 0.779892, 0.735429, 0.687548, 0.660987
0.660987, 0.633571, 0.579379, 0.522494, 0.49149
0.49149, 0.45985, 0.398273, 0.334845, 0.300738
0.300738, 0.266243, 0.199943, 0.132714, 0.0969809
0.0969809, 0.0611219, -0.00703305, -0.0751553, -0.110971

-0.884077, -0.866698, -0.830692, -0.790826, -0.768301
-0.768302, -0.744783, -0.697582, -0.647138, -0.6193
-0.6193, -0.59066, -0.534304, -0.475463, -0.443515
-0.443515, -0.410994, -0.347919, -0.283227, -0.248551
-0.248551, -0.213553, -0.146488, -0.0787425, -0.0428374
-0.0428374, -0.00687688, 0.0612778, 0.129148, 0.164729
0.164729, 0.200096, 0.266394, 0.331452, 0.365171
0.365171, 0.398416, 0.459989, 0.519423, 0.549821
0.549821, 0.579507, 0.633692, 0.684931, 0.710693
0.710693, 0.735535, 0.77999, 0.820819, 0.840831
0.840831, 0.859755, 0.892556, 0.921209, 0.934606
0.934606, 0.946794, 0.966523, 0.98176, 0.987963
0.987963, 0.992887, 0.998692, 0.999855, 0.998595
0.998595, 0.996043, 0.987672, 0.974709, 0.966041
0.966041, 0.956123, 0.933938, 0.907412, 0.89171
0.89171, 0.874855, 0.839815, 0.800872, 0.778816
0.778816, 0.755753, 0.709374, 0.659698, 0.632242
0.632242, 0.603967, 0.548255, 0.489994, 0.458325
0.458325, 0.426063, 0.363426, 0.299101, 0.264588
0.264588, 0.229733, 0.162881, 0.095272, 0.0594082
0.0594081, 0.0234674, -0.0447086, -0.112677, -0.148341
-0.148341, -0.183813, -0.250365, -0.315753, -0.349674
-0.349674, -0.383143, -0.445193, -0.505174, -0.535886
-0.535886, -0.565905, -0.620769, -0.672748, -0.698923
-0.698923, -0.724193, -0.769499, -0.811228, -0.831734
-0.831734, -0.851163, -0.884952, -0.914627, -0.928576
-0.928576, -0.941323, -0.962133, -0.978471, -0.98526
-0.98526, -0.990775, -0.997707, -1, -0.999337
-0.999337, -0.99738, -0.990133, -0.978283, -0.970195
-0.970195, -0.960852, -0.93974, -0.914259, -0.899097
-0.899097, -0.882771, -0.848707, -0.810698, -0.789116
-0.789116, -0.766514, -0.720971, -0.672076, -0.64501
-0.64501, -0.617108, -0.562056, -0.504391, -0.473009
-0.473009, -0.441015, -0.378834, -0.314892, -0.280552
-0.280552, -0.245849, -0.179229, -0.111775, -0.0759626
-0.0759625, -0.0400515, 0.0281271, 0.0961751, 0.131912
0.131912, 0.167478, 0.234267, 0.299966, 0.334082
0.334082, 0.367765, 0.430275, 0.490785, 0.521804
0.521804, 0.552147, 0.607676, 0.660379, 0.68696
0.68696, 0.712652, 0.758797, 0.801415, 0.822408
0.822408, 0.842337, 0.877103, 0.907793, 0.92229
0.92229, 0.935594, 0.957478, 0.974912, 0.982287
0.982287, 0.988391, 0.996446, 0.99987, 0.999803
0.999803, 0.998443, 0.992322, 0.981587, 0.974082
0.974082, 0.965317, 0.945283, 0.920855, 0.906236
0.906236, 0.890445, 0.857365, 0.8203, 0.799199
0.799199, 0.777064, 0.732369, 0.68427, 0.6576
0.6576, 0.630079, 0.575701, 0.518648, 0.487562

-0.991006, -0.995178, -0.999548, -0.999273, -0.997254
-0.997255, -0.993946, -0.984149, -0.969778, -0.960375
-0.960375, -0.94973, -0.92619, -0.898344, -0.881963
-0.881963, -0.864442, -0.828176, -0.788061, -0.76541
-0.76541, -0.74177, -0.694347, -0.643697, -0.615756
-0.615756, -0.587019, -0.53049, -0.471495, -0.439473
-0.439473, -0.406882, -0.343692, -0.278904, -0.244185
-0.244185, -0.20915, -0.14203, -0.0742506, -0.038336
-0.038336, -0.00237184, 0.0657737, 0.133614, 0.16917
0.16917, 0.204508, 0.270733, 0.335699, 0.369361
0.369361, 0.402545, 0.463985, 0.523268, 0.553578
0.553578, 0.583172, 0.63717, 0.688207, 0.713855
0.713855, 0.73858, 0.782801, 0.823383, 0.843261
0.843261, 0.862047, 0.894579, 0.922952, 0.936199
0.936199, 0.948234, 0.96767, 0.982607, 0.98865
0.98865, 0.993414, 0.998912, 0.999768, 0.998346
0.998346, 0.995632, 0.986956, 0.973693, 0.964867
0.964867, 0.954794, 0.932318, 0.905509, 0.889662
0.889662, 0.872664, 0.837361, 0.798166, 0.775983
0.775983, 0.752795, 0.706192, 0.656306, 0.628745
0.628745, 0.600371, 0.544482, 0.486062, 0.454316
0.454316, 0.421983, 0.359226, 0.294799, 0.260241
0.260241, 0.225346, 0.158434, 0.0907865, 0.0549104
0.0549104, 0.0189634, -0.0492087, -0.117152, -0.152794
-0.152794, -0.188239, -0.254724, -0.320024, -0.353892
-0.353892, -0.387301, -0.449223, -0.509057, -0.539684
-0.539684, -0.569613, -0.624295, -0.676074, -0.702138
-0.702138, -0.727293, -0.772369, -0.813854, -0.834227
-0.834227, -0.853519, -0.887041, -0.916439, -0.930238
-0.930238, -0.942834, -0.963352, -0.979391, -0.986021
-0.986021, -0.991376, -0.998001, -0.999988, -0.999162
-0.999162, -0.997044, -0.989492, -0.977339, -0.969094
-0.969094, -0.959594, -0.93819, -0.912425, -0.897116
-0.897116, -0.880646, -0.846316, -0.808052, -0.786341
-0.786341, -0.763613, -0.717842, -0.668734, -0.64156
-0.64156, -0.613557, -0.558324, -0.500495, -0.469035
-0.469035, -0.436967, -0.374661, -0.310613, -0.276225
-0.276225, -0.24148, -0.174795, -0.107297, -0.0714697
-0.0714697, -0.0355497, 0.0326302, 0.100658, 0.136376
0.136376, 0.171918, 0.238644, 0.304261, 0.338325
0.338325, 0.371951, 0.434337, 0.494705, 0.525642
0.525642, 0.555898, 0.611248, 0.663756, 0.690227
0.690227, 0.715805, 0.761724, 0.804101, 0.824963
0.824963, 0.844756, 0.879258, 0.909673, 0.924022
0.924022, 0.937175, 0.958768, 0.975905, 0.983121
0.983121, 0.989065, 0.996816, 0.999932, 0.999704
0.999704, 0.998182, 0.991754, 0.980717, 0.973054
0.973054, 0.964131, 0.943804, 0.91909, 0.904323

-0.728469, -0.752638, -0.795754, -0.835172, -0.854412
-0.854413, -0.872547, -0.903808, -0.930867, -0.943405
-0.943405, -0.954723, -0.972775, -0.986306, -0.991599
-0.991599, -0.99561, -0.999674, -0.999091, -0.996911
-0.996911, -0.993441, -0.98334, -0.968669, -0.95911
-0.95911, -0.94831, -0.924482, -0.896356, -0.879831
-0.879831, -0.862168, -0.825643, -0.785279, -0.762503
-0.762503, -0.738741, -0.691098, -0.640242, -0.6122
-0.6122, -0.583366, -0.526666, -0.467518, -0.435422
-0.435422, -0.402763, -0.339458, -0.274575, -0.239813
-0.239813, -0.204742, -0.137569, -0.0697572, -0.0338338
-0.0338338, 0.00213326, 0.0702684, 0.138077, 0.173609
0.173609, 0.208916, 0.275067, 0.33994, 0.373544
0.373544, 0.406664, 0.467971, 0.527101, 0.557324
0.557324, 0.586826, 0.640636, 0.691468, 0.717003
0.717003, 0.74161, 0.785597, 0.825932, 0.845674
0.845674, 0.864322, 0.896583, 0.924677, 0.937773
0.937773, 0.949655, 0.968796, 0.983434, 0.989317
0.989317, 0.99392, 0.999112, 0.999661, 0.998077
0.998077, 0.995201, 0.986221, 0.972656, 0.963674
0.963674, 0.953445, 0.93068, 0.903588, 0.887596
0.887596, 0.870455, 0.83489, 0.795444, 0.773133
0.773133, 0.749822, 0.702995, 0.6529, 0.625235
0.625235, 0.596762, 0.540698, 0.48212, 0.450299
0.450298, 0.417894, 0.355018, 0.290491, 0.255888
0.255888, 0.220954, 0.153985, 0.0862991, 0.0504116
0.0504116, 0.0144589, -0.0537079, -0.121625, -0.157245
-0.157245, -0.192662, -0.259078, -0.324289, -0.358101
-0.358101, -0.39145, -0.453243, -0.512929, -0.543471
-0.543471, -0.57331, -0.627808, -0.679387, -0.705338
-0.705338, -0.730377, -0.775222, -0.816464, -0.836702
-0.836702, -0.855858, -0.889112, -0.918232, -0.931882
-0.931882, -0.944326, -0.96455, -0.980291, -0.986762
-0.986762, -0.991956, -0.998276, -0.999955, -0.998968
-0.998968, -0.996688, -0.98883, -0.976376, -0.967973
-0.967973, -0.958317, -0.936621, -0.910572, -0.895116
-0.895116, -0.878503, -0.843908, -0.80539, -0.78355
-0.78355, -0.760696, -0.714698, -0.665377, -0.638098
-0.638098, -0.609993, -0.554581, -0.49659, -0.465051
-0.465051, -0.43291, -0.37048, -0.306327, -0.271892
-0.271892, -0.237106, -0.170357, -0.102817, -0.0669754
-0.0669754, -0.0310471, 0.0371325, 0.105139, 0.140838
0.140838, 0.176354, 0.243017, 0.308549, 0.342561
0.342561, 0.376129, 0.438391, 0.498615, 0.529469
0.529469, 0.559637, 0.614807, 0.667119, 0.69348
0.69348, 0.718944, 0.764635, 0.806771, 0.8275
0.8275, 0.847159, 0.881395, 0.911535, 0.925735
0.925735, 0.938737, 0.960039, 0.976878, 0.983935

-0.194346, -0.2295, -0.295288, -0.359704, -0.39303
-0.39303, -0.425847, -0.48651, -0.544912, -0.574716
-0.574716, -0.603777, -0.656692, -0.706554, -0.731549
-0.731549, -0.755597, -0.798475, -0.837641, -0.856745
-0.856745, -0.874739, -0.905727, -0.932504, -0.94489
-0.94489, -0.956053, -0.973809, -0.987039, -0.992172
-0.992172, -0.996021, -0.999779, -0.998888, -0.996547
-0.996547, -0.992916, -0.982512, -0.96754, -0.957825
-0.957825, -0.946871, -0.922755, -0.89435, -0.877681
-0.877681, -0.859877, -0.823093, -0.782482, -0.759581
-0.759581, -0.735697, -0.687835, -0.636775, -0.608632
-0.608632, -0.579701, -0.522831, -0.46353, -0.431362
-0.431362, -0.398635, -0.335217, -0.27024, -0.235437
-0.235437, -0.20033, -0.133106, -0.0652624, -0.029331
-0.029331, 0.00663831, 0.0747616, 0.142537, 0.178044
0.178044, 0.21332, 0.279396, 0.344173, 0.377719
0.377719, 0.410776, 0.471947, 0.530925, 0.561059
0.561059, 0.590468, 0.644089, 0.694716, 0.720136
0.720136, 0.744624, 0.788376, 0.828463, 0.84807
0.84807, 0.866579, 0.898569, 0.926383, 0.939328
0.939328, 0.951057, 0.969903, 0.98424, 0.989963
0.989963, 0.994406, 0.999292, 0.999533, 0.997787
0.997787, 0.994751, 0.985466, 0.9716, 0.962461
0.962461, 0.952076, 0.929022, 0.901649, 0.885512
0.885512, 0.868229, 0.832402, 0.792706, 0.770268
0.770268, 0.746833, 0.699784, 0.649481, 0.621713
0.621713, 0.593141, 0.536902, 0.478168, 0.446271
0.446271, 0.413797, 0.350802, 0.286177, 0.25153
0.25153, 0.216558, 0.149532, 0.0818099, 0.0459117
0.0459117, 0.00995413, -0.0582059, -0.126095, -0.161692
-0.161693, -0.19708, -0.263426, -0.328547, -0.362304
-0.362304, -0.395592, -0.457254, -0.516791, -0.547248
-0.547248, -0.576996, -0.631308, -0.682686, -0.708525
-0.708525, -0.733447, -0.77806, -0.819057, -0.839161
-0.839161, -0.858179, -0.891164, -0.920007, -0.933507
-0.933507, -0.945799, -0.965729, -0.981171, -0.987482
-0.987482, -0.992516, -0.99853, -0.999902, -0.998753
-0.998753, -0.996311, -0.988149, -0.975392, -0.966832
-0.966832, -0.95702, -0.935034, -0.908701, -0.893099
-0.893099, -0.876341, -0.841482, -0.802711, -0.780743
-0.780743, -0.757764, -0.71154, -0.662008, -0.634623
-0.634623, -0.606417, -0.550826, -0.492675, -0.461058
-0.461058, -0.428845, -0.366292, -0.302036, -0.267554
-0.267554, -0.232727, -0.165916, -0.0983349, -0.0624798
-0.0624798, -0.0265438, 0.0416341, 0.109619, 0.145297
0.145297, 0.180787, 0.247384, 0.312831, 0.34679
0.34679, 0.380299, 0.442436, 0.502516, 0.533285
0.533285, 0.563365, 0.618354, 0.670468, 0.696719

0.412233, 0.379199, 0.315266, 0.249868, 0.214882
0.214882, 0.179617, 0.112168, 0.0441966, 0.00823738
0.00823733, -0.0277326, -0.0957822, -0.163386, -0.198763
-0.198763, -0.233883, -0.29959, -0.363904, -0.397168
-0.397168, -0.429919, -0.490441, -0.548684, -0.578397
-0.578397, -0.607362, -0.660083, -0.709735, -0.734613
-0.734613, -0.75854, -0.801179, -0.840094, -0.859059
-0.859059, -0.876914, -0.907627, -0.934121, -0.946355
-0.946355, -0.957364, -0.974824, -0.987752, -0.992725
-0.992725, -0.996413, -0.999863, -0.998666, -0.996163
-0.996163, -0.99237, -0.981663, -0.966392, -0.956521
-0.956521, -0.945412, -0.921009, -0.892325, -0.875513
-0.875513, -0.857568, -0.820526, -0.779669, -0.756643
-0.756643, -0.732638, -0.684558, -0.633295, -0.605051
-0.605051, -0.576024, -0.518985, -0.459534, -0.427293
-0.427293, -0.3945, -0.330969, -0.2659, -0.231057
-0.231056, -0.195914, -0.128639, -0.0607662, -0.0248276
-0.0248275, 0.0111432, 0.0792534, 0.146995, 0.182475
0.182475, 0.217719, 0.283719, 0.348399, 0.381886
0.381886, 0.414879, 0.475914, 0.534737, 0.564783
0.564783, 0.594098, 0.647528, 0.697949, 0.723254
0.723254, 0.747624, 0.79114, 0.830978, 0.850448
0.850448, 0.868818, 0.900537, 0.92807, 0.940863
0.940863, 0.952439, 0.97099, 0.985027, 0.99059
0.99059, 0.994872, 0.999451, 0.999385, 0.997478
0.997478, 0.994279, 0.98469, 0.970524, 0.961228
0.961228, 0.950689, 0.927346, 0.899692, 0.88341
0.88341, 0.865985, 0.829897, 0.789951, 0.767387
0.767387, 0.74383, 0.696558, 0.646049, 0.618178
0.618178, 0.589508, 0.533096, 0.474207, 0.442235
0.442235, 0.409692, 0.34658, 0.281858, 0.247168
0.247168, 0.212158, 0.145076, 0.0773191, 0.0414109
0.0414109, 0.00544916, -0.0627028, -0.130563, -0.166137
-0.166137, -0.201495, -0.26777, -0.332799, -0.366499
-0.3665, -0.399726, -0.461256, -0.520643, -0.551013
-0.551013, -0.58067, -0.634796, -0.685971, -0.711697
-0.711697, -0.736502, -0.780882, -0.821633, -0.841603
-0.841603, -0.860483, -0.893199, -0.921763, -0.935113
-0.935113, -0.947252, -0.966889, -0.982031, -0.988183
-0.988183, -0.993056, -0.998764, -0.999829, -0.998518
-0.998518, -0.995915, -0.987447, -0.974389, -0.965671
-0.965671, -0.955704, -0.933427, -0.906811, -0.891063
-0.891063, -0.874162, -0.839039, -0.800016, -0.77792
-0.77792, -0.754817, -0.708367, -0.658624, -0.631135
-0.631135, -0.602829, -0.547061, -0.488749, -0.457056
-0.457056, -0.424771, -0.362096, -0.297738, -0.263211
-0.263211, -0.228343, -0.161472, -0.0938507, -0.0579829
-0.0579828, -0.0220401, 0.0461349, 0.114095, 0.149752

0.865124, 0.846526, 0.808284, 0.766285, 0.742681
0.742682, 0.718117, 0.669027, 0.616828, 0.58812
0.58812, 0.558651, 0.500837, 0.440695, 0.408125
0.408125, 0.375027, 0.310988, 0.245504, 0.21048
0.21048, 0.175183, 0.10769, 0.0396955, 0.00373234
0.00373231, -0.0322356, -0.100266, -0.167829, -0.203176
-0.203177, -0.238261, -0.303885, -0.368096, -0.401299
-0.401299, -0.433982, -0.494362, -0.552445, -0.582066
-0.582066, -0.610935, -0.66346, -0.712902, -0.737662
-0.737662, -0.761468, -0.803867, -0.842529, -0.861357
-0.861357, -0.87907, -0.909509, -0.93572, -0.947801
-0.947801, -0.958656, -0.975818, -0.988445, -0.993257
-0.993257, -0.996784, -0.999928, -0.998423, -0.995758
-0.995758, -0.991805, -0.980794, -0.965224, -0.955197
-0.955197, -0.943934, -0.919245, -0.890283, -0.873327
-0.873327, -0.855242, -0.817942, -0.77684, -0.75369
-0.75369, -0.729564, -0.681267, -0.629802, -0.601458
-0.601458, -0.572336, -0.515129, -0.455528, -0.423216
-0.423216, -0.390356, -0.326714, -0.261554, -0.226671
-0.226671, -0.191495, -0.12417, -0.0562688, -0.0203236
-0.0203236, 0.0156479, 0.0837435, 0.15145, 0.186903
0.186903, 0.222114, 0.288036, 0.352619, 0.386046
0.386046, 0.418974, 0.479872, 0.538538, 0.568495
0.568495, 0.597716, 0.650955, 0.701168, 0.726358
0.726358, 0.750608, 0.793887, 0.833476, 0.852809
0.852809, 0.87104, 0.902487, 0.929738, 0.94238
0.94238, 0.953803, 0.972057, 0.985794, 0.991197
0.991197, 0.995317, 0.99959, 0.999217, 0.997148
0.997148, 0.993788, 0.983895, 0.969429, 0.959976
0.959976, 0.949282, 0.92565, 0.897716, 0.88129
0.88129, 0.863723, 0.827375, 0.787181, 0.764491
0.764491, 0.740811, 0.693319, 0.642603, 0.614631
0.614631, 0.585863, 0.529279, 0.470236, 0.43819
0.43819, 0.405578, 0.342351, 0.277532, 0.2428
0.2428, 0.207753, 0.140617, 0.0728267, 0.0369093
0.0369092, 0.000944088, -0.0671983, -0.135028, -0.170577
-0.170577, -0.205906, -0.272107, -0.337044, -0.370687
-0.370687, -0.403851, -0.465249, -0.524484, -0.554767
-0.554767, -0.584331, -0.63827, -0.689242, -0.714854
-0.714854, -0.739542, -0.783689, -0.824193, -0.844027
-0.844027, -0.86277, -0.895216, -0.923501, -0.9367
-0.9367, -0.948687, -0.968029, -0.982871, -0.988863
-0.988863, -0.993576, -0.998978, -0.999736, -0.998263
-0.998263, -0.995498, -0.986726, -0.973366, -0.964491
-0.964491, -0.954368, -0.931801, -0.904902, -0.889009
-0.889009, -0.871966, -0.83658, -0.797305, -0.775081
-0.775081, -0.751854, -0.70518, -0.655228, -0.627634
-0.627634, -0.599228, -0.543284, -0.484814, -0.453044

0.995481, 0.998253, 0.999959, 0.997017, 0.993595
0.993596, 0.988889, 0.976461, 0.959494, 0.948741
0.948741, 0.93676, 0.910735, 0.880477, 0.862856
0.862856, 0.844119, 0.805624, 0.763383, 0.739657
0.739657, 0.714974, 0.665672, 0.613275, 0.58447
0.58447, 0.554909, 0.496933, 0.436646, 0.404008
0.404008, 0.370846, 0.306703, 0.241134, 0.206073
0.206073, 0.170746, 0.10321, 0.0351936, -0.000772752
-0.000772778, -0.036738, -0.104747, -0.172269, -0.207586
-0.207586, -0.242634, -0.308174, -0.372281, -0.405421
-0.405421, -0.438036, -0.498273, -0.556194, -0.585724
-0.585724, -0.614495, -0.666824, -0.716054, -0.740696
-0.740696, -0.76438, -0.806538, -0.844947, -0.863637
-0.863637, -0.881209, -0.911372, -0.937299, -0.949228
-0.949228, -0.959928, -0.976793, -0.989117, -0.993769
-0.993769, -0.997135, -0.999972, -0.99816, -0.995334
-0.995334, -0.991219, -0.979905, -0.964036, -0.953854
-0.953854, -0.942437, -0.917462, -0.888222, -0.871124
-0.871124, -0.852899, -0.815342, -0.773995, -0.750721
-0.750721, -0.726476, -0.677962, -0.626296, -0.597853
-0.597853, -0.568636, -0.511263, -0.451513, -0.41913
-0.41913, -0.386204, -0.322453, -0.257203, -0.222281
-0.222281, -0.187071, -0.119699, -0.0517703, -0.0158192
-0.0158192, 0.0201523, 0.0882319, 0.155901, 0.191326
0.191327, 0.226504, 0.292347, 0.356831, 0.390198
0.390198, 0.423061, 0.483819, 0.542329, 0.572195
0.572195, 0.601321, 0.654368, 0.704373, 0.729447
0.729447, 0.753577, 0.796618, 0.835956, 0.855153
0.855153, 0.873244, 0.904418, 0.931388, 0.943878
0.943878, 0.955146, 0.973105, 0.98654, 0.991783
0.991783, 0.995743, 0.999709, 0.999029, 0.996798
0.996798, 0.993277, 0.98308, 0.968313, 0.958705
0.958705, 0.947856, 0.923936, 0.895722, 0.879152
0.879152, 0.861444, 0.824836, 0.784395, 0.761579
0.761579, 0.737778, 0.690065, 0.639145, 0.611071
0.611071, 0.582206, 0.525452, 0.466255, 0.434136
0.434136, 0.401456, 0.338114, 0.273201, 0.238427
0.238427, 0.203344, 0.136155, 0.0683328, 0.0324069
0.0324069, -0.00356101, -0.0716926, -0.139491, -0.175015
-0.175015, -0.210312, -0.27644, -0.341282, -0.374868
-0.374868, -0.407968, -0.469232, -0.528314, -0.558509
-0.558509, -0.587981, -0.641732, -0.692499, -0.717997
-0.717997, -0.742567, -0.786479, -0.826736, -0.846435
-0.846435, -0.865039, -0.897215, -0.92522, -0.938268
-0.938268, -0.950101, -0.969149, -0.983691, -0.989524
-0.989524, -0.994076, -0.999172, -0.999622, -0.997987
-0.997987, -0.995061, -0.985984, -0.972324, -0.963292
-0.963292, -0.953013, -0.930156, -0.902976, -0.886937

0.754704, 0.777812, 0.81883, 0.856042, 0.874079
0.874079, 0.890985, 0.919852, 0.944443, 0.955653
0.955653, 0.965627, 0.981094, 0.992001, 0.995899
0.995899, 0.998509, 0.999908, 0.996659, 0.993077
0.993077, 0.988209, 0.975479, 0.958215, 0.947307
0.947307, 0.935173, 0.908865, 0.878332, 0.860571
0.860571, 0.841695, 0.802946, 0.760465, 0.736618
0.736618, 0.711817, 0.662303, 0.609711, 0.580809
0.580809, 0.551156, 0.493018, 0.432589, 0.399883
0.399883, 0.366659, 0.302412, 0.236759, 0.201663
0.201663, 0.166306, 0.0987277, 0.0306909, -0.00527783
-0.00527785, -0.0412397, -0.109226, -0.176705, -0.21199
-0.21199, -0.247002, -0.312456, -0.376459, -0.409535
-0.409535, -0.442082, -0.502174, -0.559932, -0.589369
-0.589369, -0.618043, -0.670175, -0.719191, -0.743715
-0.743715, -0.767277, -0.809193, -0.847348, -0.865899
-0.865899, -0.883329, -0.913217, -0.93886, -0.950636
-0.950636, -0.961181, -0.977748, -0.98977, -0.994261
-0.994261, -0.997466, -0.999995, -0.997877, -0.994889
-0.994889, -0.990614, -0.978997, -0.962829, -0.952492
-0.952492, -0.940921, -0.915661, -0.886143, -0.868903
-0.868903, -0.850538, -0.812726, -0.771135, -0.747738
-0.747738, -0.723373, -0.674643, -0.622778, -0.594236
-0.594235, -0.564924, -0.507386, -0.447489, -0.415035
-0.415035, -0.382045, -0.318185, -0.252847, -0.217886
-0.217886, -0.182644, -0.115225, -0.0472708, -0.0113146
-0.0113145, 0.0246563, 0.0927185, 0.16035, 0.195746
0.195746, 0.23089, 0.296652, 0.361036, 0.394342
0.394342, 0.427138, 0.487757, 0.546108, 0.575884
0.575884, 0.604915, 0.657768, 0.707564, 0.732521
0.732521, 0.756531, 0.799333, 0.83842, 0.85748
0.85748, 0.87543, 0.906331, 0.933018, 0.945356
0.945356, 0.956471, 0.974133, 0.987267, 0.992349
0.992349, 0.996148, 0.999808, 0.99882, 0.996427
0.996427, 0.992745, 0.982245, 0.967178, 0.957414
0.957414, 0.94641, 0.922204, 0.89371, 0.876996
0.876996, 0.859147, 0.822281, 0.781592, 0.758652
0.758651, 0.734729, 0.686798, 0.635674, 0.607498
0.607498, 0.578537, 0.521613, 0.462265, 0.430073
0.430073, 0.397325, 0.333871, 0.268865, 0.234049
0.234049, 0.198931, 0.13169, 0.0638376, 0.0279038
0.0279038, -0.00806603, -0.0761853, -0.14395, -0.179449
-0.179449, -0.214714, -0.280766, -0.345513, -0.379041
-0.379041, -0.412077, -0.473205, -0.532134, -0.56224
-0.56224, -0.591619, -0.64518, -0.695742, -0.721126
-0.721126, -0.745576, -0.789254, -0.829262, -0.848825
-0.848825, -0.86729, -0.899195, -0.92692, -0.939816
-0.939816, -0.951497, -0.970249, -0.984492, -0.990164

0.23256, 0.267389, 0.332427, 0.395919, 0.42869
0.42869, 0.460906, 0.520306, 0.577287, 0.606281
0.606281, 0.634491, 0.685683, 0.733689, 0.757653
0.757653, 0.780636, 0.821408, 0.858362, 0.876259
0.876259, 0.893022, 0.92161, 0.945915, 0.95697
0.95697, 0.966788, 0.981956, 0.99256, 0.996297
0.996297, 0.998745, 0.999837, 0.996281, 0.992537
0.992537, 0.987509, 0.974478, 0.956917, 0.945854
0.945854, 0.933568, 0.906977, 0.87617, 0.858267
0.858267, 0.839254, 0.800253, 0.757532, 0.733563
0.733563, 0.708646, 0.658921, 0.606134, 0.577136
0.577136, 0.547391, 0.489094, 0.428523, 0.395749
0.395749, 0.362464, 0.298115, 0.23238, 0.197248
0.197248, 0.161862, 0.0942436, 0.0261876, -0.0097828
-0.00978282, -0.0457406, -0.113703, -0.181137, -0.216391
-0.216391, -0.251365, -0.316733, -0.380629, -0.413641
-0.413641, -0.446118, -0.506065, -0.563659, -0.593003
-0.593003, -0.621579, -0.673512, -0.722314, -0.74672
-0.74672, -0.770159, -0.811832, -0.849732, -0.868144
-0.868144, -0.885432, -0.915044, -0.940402, -0.952024
-0.952024, -0.962414, -0.978683, -0.990403, -0.994733
-0.994733, -0.997776, -0.999999, -0.997573, -0.994424
-0.994424, -0.989988, -0.978068, -0.961603, -0.95111
-0.95111, -0.939386, -0.91384, -0.884046, -0.866664
-0.866664, -0.84816, -0.810092, -0.768259, -0.744739
-0.744739, -0.720255, -0.671311, -0.619247, -0.590606
-0.590606, -0.561201, -0.503498, -0.443455, -0.410932
-0.410932, -0.377878, -0.313911, -0.248486, -0.213487
-0.213487, -0.178212, -0.110749, -0.0427702, -0.00680965
-0.00680962, 0.0291597, 0.0972032, 0.164795, 0.200162
0.200162, 0.235271, 0.300952, 0.365233, 0.398478
0.398478, 0.431207, 0.491685, 0.549877, 0.579561
0.579561, 0.608496, 0.661155, 0.71074, 0.735581
0.735581, 0.759469, 0.802032, 0.840867, 0.859789
0.859789, 0.877599, 0.908225, 0.93463, 0.946815
0.946815, 0.957776, 0.975141, 0.987973, 0.992895
0.992895, 0.996533, 0.999886, 0.998591, 0.996037
0.996037, 0.992193, 0.98139, 0.966024, 0.956103
0.956103, 0.944946, 0.920452, 0.89168, 0.874822
0.874822, 0.856833, 0.819709, 0.778774, 0.755709
0.755709, 0.731666, 0.683516, 0.63219, 0.603914
0.603914, 0.574857, 0.517764, 0.458265, 0.426002
0.426002, 0.393187, 0.329621, 0.264523, 0.229667
0.229667, 0.194514, 0.127223, 0.059341, 0.0234002
0.0234002, -0.0125709, -0.0806765, -0.148407, -0.183879
-0.183879, -0.219112, -0.285087, -0.349737, -0.383206
-0.383206, -0.416178, -0.477169, -0.535943, -0.56596
-0.56596, -0.595246, -0.648616, -0.698971, -0.72424

-0.376287, -0.342722, -0.277911, -0.21181, -0.176523
-0.176523, -0.141008, -0.0732204, -0.00509284, 0.0308758
0.0308758, 0.0668045, 0.134637, 0.201844, 0.236939
0.236939, 0.271727, 0.336672, 0.400052, 0.432756
0.432756, 0.464899, 0.524148, 0.58096, 0.609857
0.609857, 0.637966, 0.688956, 0.736743, 0.760585
0.760585, 0.783444, 0.823969, 0.860665, 0.878421
0.878421, 0.89504, 0.923349, 0.947366, 0.958268
0.958268, 0.96793, 0.982798, 0.993098, 0.996674
0.996674, 0.99896, 0.999745, 0.995883, 0.991978
0.991978, 0.98679, 0.973457, 0.955599, 0.944383
0.944383, 0.931944, 0.90507, 0.873989, 0.855947
0.855946, 0.836796, 0.797543, 0.754583, 0.730494
0.730494, 0.70546, 0.655526, 0.602544, 0.573451
0.573451, 0.543615, 0.485159, 0.424448, 0.391608
0.391608, 0.358261, 0.293812, 0.227996, 0.19283
0.19283, 0.157414, 0.0897576, 0.0216838, -0.0142876
-0.0142876, -0.0502405, -0.118178, -0.185566, -0.220787
-0.220787, -0.255722, -0.321003, -0.384791, -0.417738
-0.417738, -0.450146, -0.509945, -0.567375, -0.596624
-0.596624, -0.625102, -0.676835, -0.725422, -0.749708
-0.749708, -0.773024, -0.814454, -0.852098, -0.870371
-0.870371, -0.887517, -0.916852, -0.941924, -0.953393
-0.953393, -0.963628, -0.979599, -0.991016, -0.995185
-0.995185, -0.998066, -0.999982, -0.99725, -0.993939
-0.993939, -0.989342, -0.97712, -0.960356, -0.949709
-0.949709, -0.937832, -0.912002, -0.881932, -0.864408
-0.864408, -0.845765, -0.807443, -0.765367, -0.741725
-0.741725, -0.717122, -0.667965, -0.615703, -0.586965
-0.586965, -0.557467, -0.499601, -0.439413, -0.406821
-0.406821, -0.373703, -0.309631, -0.244119, -0.209084
-0.209084, -0.173778, -0.10627, -0.0382688, -0.0023046
-0.00230457, 0.0336626, 0.101686, 0.169237, 0.204574
0.204574, 0.239647, 0.305245, 0.369423, 0.402606
0.402606, 0.435268, 0.495603, 0.553634, 0.583227
0.583227, 0.612065, 0.664528, 0.713902, 0.738625
0.738625, 0.762393, 0.804715, 0.843297, 0.862081
0.862081, 0.87975, 0.910101, 0.936222, 0.948255
0.948255, 0.959061, 0.976129, 0.98866, 0.993421
0.993421, 0.996897, 0.999944, 0.998342, 0.995626
0.995626, 0.991622, 0.980515, 0.96485, 0.954774
0.954774, 0.943462, 0.918682, 0.889631, 0.872631
0.872631, 0.854501, 0.81712, 0.77594, 0.752751
0.752751, 0.728587, 0.680221, 0.628693, 0.600317
0.600317, 0.571164, 0.513905, 0.454257, 0.421922
0.421922, 0.389041, 0.325365, 0.260176, 0.22528
0.22528, 0.190093, 0.122754, 0.0548433, 0.0188961
0.0188961, -0.0170755, -0.0851661, -0.152861, -0.188305

-0.844848, -0.82506, -0.784639, -0.740572, -0.715924
-0.715925, -0.690351, -0.639449, -0.585574, -0.55604
-0.55604, -0.525787, -0.466604, -0.405252, -0.37211
-0.37211, -0.338486, -0.273581, -0.207405, -0.172087
-0.172087, -0.136546, -0.0687266, -0.00058777, 0.0353784
0.0353784, 0.0712988, 0.1391, 0.206254, 0.241314
0.241314, 0.27606, 0.340911, 0.404177, 0.436813
0.436813, 0.468883, 0.527979, 0.584621, 0.613422
0.613422, 0.641429, 0.692214, 0.739782, 0.763502
0.763502, 0.786235, 0.826514, 0.86295, 0.880565
0.880565, 0.89704, 0.92507, 0.948799, 0.959546
0.959546, 0.969052, 0.98362, 0.993617, 0.997031
0.997031, 0.999155, 0.999633, 0.995464, 0.991398
0.991398, 0.98605, 0.972416, 0.954262, 0.942891
0.942891, 0.930301, 0.903145, 0.871791, 0.853608
0.853608, 0.834321, 0.794818, 0.751619, 0.72741
0.72741, 0.70226, 0.652117, 0.598943, 0.569754
0.569754, 0.539828, 0.481215, 0.420365, 0.387459
0.387459, 0.354052, 0.289502, 0.223607, 0.188407
0.188407, 0.152964, 0.0852698, 0.0171796, -0.018792
-0.0187921, -0.0547393, -0.12265, -0.189991, -0.225179
-0.225179, -0.260075, -0.325266, -0.388945, -0.421827
-0.421827, -0.454164, -0.513816, -0.571079, -0.600234
-0.600234, -0.628612, -0.680145, -0.728516, -0.752682
-0.752682, -0.775874, -0.81706, -0.854447, -0.87258
-0.87258, -0.889584, -0.918641, -0.943427, -0.954743
-0.954743, -0.964822, -0.980494, -0.991608, -0.995616
-0.995616, -0.998336, -0.999945, -0.996906, -0.993433
-0.993433, -0.988676, -0.976152, -0.959091, -0.948288
-0.948288, -0.936259, -0.910145, -0.879799, -0.862134
-0.862134, -0.843353, -0.804777, -0.76246, -0.738695
-0.738695, -0.713975, -0.664606, -0.612147, -0.583311
-0.583311, -0.553721, -0.495693, -0.435361, -0.402701
-0.402701, -0.36952, -0.305344, -0.239748, -0.204676
-0.204676, -0.169339, -0.10179, -0.0337667, 0.0022005
0.00220053, 0.0381648, 0.106167, 0.173675, 0.208982
0.208982, 0.244018, 0.309532, 0.373606, 0.406726
0.406726, 0.439319, 0.499511, 0.55738, 0.58688
0.58688, 0.615621, 0.667888, 0.71705, 0.741655
0.741655, 0.7653, 0.807381, 0.84571, 0.864355
0.864355, 0.881883, 0.911959, 0.937796, 0.949676
0.949676, 0.960327, 0.977098, 0.989327, 0.993927
0.993927, 0.997242, 0.999981, 0.998073, 0.995195
0.995195, 0.991029, 0.97962, 0.963656, 0.953424
0.953424, 0.941959, 0.916893, 0.887565, 0.870422
0.870422, 0.852153, 0.814515, 0.77309, 0.749777
0.749777, 0.725494, 0.676912, 0.625183, 0.596708
0.596708, 0.567461, 0.510035, 0.450238, 0.417833

-0.998433, -0.9998, -0.998839, -0.993236, -0.988416
-0.988417, -0.982319, -0.967279, -0.947742, -0.935655
-0.935655, -0.922356, -0.893887, -0.861263, -0.842429
-0.842429, -0.822505, -0.781838, -0.737537, -0.712772
-0.712772, -0.687085, -0.635978, -0.581916, -0.55229
-0.55229, -0.52195, -0.462615, -0.401129, -0.367924
-0.367924, -0.334243, -0.269245, -0.202995, -0.167647
-0.167647, -0.132082, -0.0642315, 0.00391732, 0.0398803
0.0398804, 0.0757917, 0.14356, 0.210661, 0.245683
0.245683, 0.280388, 0.345143, 0.408294, 0.440861
0.440861, 0.472858, 0.5318, 0.58827, 0.616973
0.616973, 0.644879, 0.695458, 0.742805, 0.766404
0.766404, 0.789011, 0.829041, 0.865218, 0.882691
0.882691, 0.899022, 0.926771, 0.950213, 0.960805
0.960805, 0.970154, 0.984422, 0.994115, 0.997368
0.997368, 0.99933, 0.999501, 0.995025, 0.990799
0.990799, 0.98529, 0.971355, 0.952905, 0.941381
0.941381, 0.928639, 0.901202, 0.869575, 0.851253
0.851253, 0.831829, 0.792076, 0.74864, 0.724311
0.724311, 0.699045, 0.648695, 0.595329, 0.566046
0.566046, 0.536031, 0.477261, 0.416273, 0.383302
0.383302, 0.349835, 0.285187, 0.219214, 0.183981
0.183981, 0.14851, 0.0807803, 0.012675, -0.0232961
-0.0232962, -0.0592371, -0.12712, -0.194412, -0.229566
-0.229566, -0.264423, -0.329523, -0.393092, -0.425908
-0.425908, -0.458173, -0.517675, -0.574771, -0.603831
-0.603831, -0.632109, -0.68344, -0.731595, -0.755641
-0.755641, -0.778709, -0.819649, -0.856779, -0.874772
-0.874772, -0.891633, -0.920411, -0.944912, -0.956073
-0.956073, -0.965997, -0.98137, -0.99218, -0.996027
-0.996027, -0.998586, -0.999887, -0.996541, -0.992908
-0.992908, -0.98799, -0.975164, -0.957806, -0.946849
-0.946849, -0.934667, -0.908269, -0.877649, -0.859842
-0.859842, -0.840923, -0.802095, -0.759537, -0.735651
-0.735651, -0.710814, -0.661233, -0.608579, -0.579646
-0.579646, -0.549964, -0.491776, -0.431301, -0.398574
-0.398574, -0.36533, -0.301051, -0.235372, -0.200264
-0.200264, -0.164898, -0.0973068, -0.0292638, 0.00670555
0.00670558, 0.0426662, 0.110645, 0.17811, 0.213385
0.213385, 0.248385, 0.313812, 0.377781, 0.410837
0.410837, 0.443362, 0.503408, 0.561115, 0.590522
0.590522, 0.619165, 0.671234, 0.720183, 0.744669
0.744669, 0.768192, 0.810031, 0.848105, 0.866612
0.866612, 0.883998, 0.913798, 0.939351, 0.951078
0.951078, 0.961574, 0.978047, 0.989973, 0.994413
0.994413, 0.997566, 0.999999, 0.997783, 0.994744
0.994744, 0.990417, 0.978705, 0.962443, 0.952056
0.952056, 0.940437, 0.915086, 0.885481, 0.868195

-0.779784, -0.801797, -0.840653, -0.875603, -0.892408
-0.892409, -0.90806, -0.934489, -0.956575, -0.966439
-0.966439, -0.975054, -0.987912, -0.996179, -0.998675
-0.998675, -0.99988, -0.998612, -0.992702, -0.987723
-0.987723, -0.981465, -0.966126, -0.946295, -0.934055
-0.934055, -0.920606, -0.891858, -0.858965, -0.839993
-0.839993, -0.819935, -0.779022, -0.734487, -0.709605
-0.709605, -0.683804, -0.632495, -0.578246, -0.548529
-0.548529, -0.518102, -0.458616, -0.396998, -0.363731
-0.363731, -0.329994, -0.264904, -0.198582, -0.163204
-0.163204, -0.127615, -0.0597351, 0.00842233, 0.0443814
0.0443815, 0.0802831, 0.148017, 0.215062, 0.250048
0.250048, 0.284709, 0.349368, 0.412402, 0.4449
0.4449, 0.476822, 0.53561, 0.591907, 0.620512
0.620512, 0.648315, 0.698689, 0.745814, 0.76929
0.76929, 0.791771, 0.831552, 0.867468, 0.884799
0.884799, 0.900986, 0.928454, 0.951607, 0.962044
0.962044, 0.971236, 0.985204, 0.994593, 0.997684
0.997684, 0.999485, 0.999348, 0.994566, 0.990179
0.990179, 0.98451, 0.970275, 0.951529, 0.939852
0.939852, 0.926959, 0.89924, 0.867342, 0.84888
0.84888, 0.82932, 0.789318, 0.745646, 0.721198
0.721198, 0.695817, 0.64526, 0.591703, 0.562327
0.562327, 0.532222, 0.473297, 0.412172, 0.379137
0.379137, 0.345611, 0.280866, 0.214816, 0.179551
0.179551, 0.144053, 0.0762891, 0.00817013, -0.0277998
-0.0277998, -0.0637337, -0.131587, -0.198829, -0.233948
-0.233948, -0.268765, -0.333773, -0.39723, -0.429979
-0.429979, -0.462173, -0.521524, -0.578452, -0.607416
-0.607416, -0.635593, -0.686722, -0.734658, -0.758584
-0.758584, -0.781527, -0.822222, -0.859094, -0.876946
-0.876946, -0.893663, -0.922163, -0.946377, -0.957384
-0.957384, -0.967152, -0.982225, -0.992733, -0.996419
-0.996419, -0.998815, -0.99981, -0.996157, -0.992362
-0.992362, -0.987283, -0.974156, -0.956501, -0.94539
-0.94539, -0.933056, -0.906375, -0.875481, -0.857534
-0.857534, -0.838477, -0.799396, -0.756599, -0.732592
-0.732592, -0.707638, -0.657847, -0.604998, -0.575969
-0.575969, -0.546196, -0.487848, -0.427232, -0.394438
-0.394438, -0.361133, -0.296752, -0.230991, -0.195848
-0.195848, -0.160452, -0.0928221, -0.0247603, 0.0112105
0.0112105, 0.0471668, 0.115122, 0.182541, 0.217785
0.217785, 0.252746, 0.318087, 0.381949, 0.41494
0.41494, 0.447395, 0.507296, 0.564838, 0.594152
0.594152, 0.622697, 0.674567, 0.723301, 0.747668
0.747668, 0.771069, 0.812665, 0.850483, 0.868851
0.868851, 0.886095, 0.915619, 0.940886, 0.95246
0.95246, 0.962801, 0.978976, 0.990599, 0.994878

-0.270418, -0.304869, -0.369057, -0.431529, -0.463694
-0.463694, -0.49526, -0.553305, -0.608779, -0.636918
-0.636918, -0.664233, -0.713626, -0.759701, -0.782597
-0.782597, -0.804481, -0.843085, -0.87777, -0.894432
-0.894432, -0.909938, -0.936084, -0.957878, -0.967587
-0.967587, -0.976044, -0.988601, -0.996562, -0.998897
-0.998897, -0.99994, -0.998365, -0.992149, -0.987009
-0.987009, -0.980592, -0.964953, -0.944829, -0.932437
-0.932437, -0.918838, -0.889812, -0.856649, -0.83754
-0.83754, -0.817347, -0.776189, -0.731423, -0.706423
-0.706423, -0.68051, -0.628999, -0.574565, -0.544757
-0.544757, -0.514243, -0.454608, -0.39286, -0.359531
-0.359531, -0.325738, -0.260557, -0.194165, -0.158758
-0.158758, -0.123145, -0.0552374, 0.0129272, 0.0488816
0.0488816, 0.0847728, 0.152471, 0.21946, 0.254407
0.254407, 0.289025, 0.353585, 0.416502, 0.44893
0.44893, 0.480778, 0.539408, 0.595532, 0.624039
0.624039, 0.651739, 0.701904, 0.748807, 0.772161
0.772161, 0.794515, 0.834046, 0.8697, 0.886889
0.886889, 0.902931, 0.930118, 0.952982, 0.963264
0.963264, 0.972299, 0.985967, 0.99505, 0.997981
0.997981, 0.999619, 0.999176, 0.994087, 0.989539
0.989539, 0.98371, 0.969175, 0.950134, 0.938304
0.938304, 0.925259, 0.89726, 0.865091, 0.84649
0.84649, 0.826794, 0.786543, 0.742636, 0.71807
0.71807, 0.692574, 0.641812, 0.588066, 0.558596
0.558595, 0.528403, 0.469324, 0.408063, 0.374964
0.374964, 0.34138, 0.27654, 0.210414, 0.175117
0.175117, 0.139594, 0.0717964, 0.00366511, -0.0323028
-0.0323029, -0.068229, -0.136052, -0.203242, -0.238326
-0.238326, -0.273101, -0.338016, -0.40136, -0.434042
-0.434042, -0.466163, -0.525363, -0.582121, -0.610988
-0.610988, -0.639065, -0.68999, -0.737707, -0.761511
-0.761511, -0.78433, -0.824777, -0.861391, -0.879102
-0.879102, -0.895676, -0.923897, -0.947823, -0.958675
-0.958675, -0.968287, -0.983061, -0.993265, -0.996789
-0.996789, -0.999024, -0.999712, -0.995752, -0.991796
-0.991796, -0.986557, -0.973129, -0.955177, -0.943912
-0.943912, -0.931426, -0.904462, -0.873295, -0.855207
-0.855207, -0.836014, -0.796681, -0.753646, -0.729518
-0.729518, -0.704447, -0.654447, -0.601404, -0.572281
-0.572281, -0.542416, -0.48391, -0.423155, -0.390294
-0.390294, -0.356928, -0.292447, -0.226606, -0.191429
-0.191429, -0.156004, -0.0883356, -0.0202564, 0.0157152
0.0157152, 0.0516664, 0.119596, 0.186969, 0.222179
0.222179, 0.257102, 0.322355, 0.386108, 0.419035
0.419035, 0.45142, 0.511173, 0.56855, 0.597769
0.597769, 0.626215, 0.677885, 0.726404, 0.750653

0.339766, 0.30572, 0.240131, 0.173427, 0.137894
0.137894, 0.102182, 0.0341612, -0.0340187, -0.0699417
-0.0699417, -0.105774, -0.173286, -0.239993, -0.274752
-0.274752, -0.309156, -0.37324, -0.435588, -0.467681
-0.467681, -0.499169, -0.557052, -0.612347, -0.640385
-0.640385, -0.667594, -0.716774, -0.762623, -0.785394
-0.785394, -0.807148, -0.845499, -0.879919, -0.896438
-0.896438, -0.911797, -0.937659, -0.959162, -0.968715
-0.968715, -0.977014, -0.989269, -0.996925, -0.999099
-0.999099, -0.999979, -0.998097, -0.991575, -0.986275
-0.986275, -0.979699, -0.963761, -0.943344, -0.930799
-0.930799, -0.917051, -0.887747, -0.854316, -0.83507
-0.83507, -0.814744, -0.773341, -0.728343, -0.703228
-0.703228, -0.677202, -0.625491, -0.570872, -0.540973
-0.540973, -0.510374, -0.450591, -0.388713, -0.355324
-0.355324, -0.321475, -0.256205, -0.189743, -0.154308
-0.154308, -0.118673, -0.0507387, 0.0174318, 0.0533808
0.0533809, 0.0892608, 0.156922, 0.223853, 0.258761
0.258761, 0.293335, 0.357796, 0.420593, 0.452951
0.452951, 0.484723, 0.543196, 0.599145, 0.627553
0.627553, 0.655149, 0.705106, 0.751786, 0.775015
0.775015, 0.797242, 0.836523, 0.871915, 0.888962
0.888962, 0.904858, 0.931763, 0.954337, 0.964464
0.964464, 0.973342, 0.986709, 0.995488, 0.998257
0.998257, 0.999734, 0.998983, 0.993588, 0.988879
0.988879, 0.98289, 0.968055, 0.948719, 0.936736
0.936736, 0.923541, 0.895262, 0.862822, 0.844083
0.844083, 0.824252, 0.783753, 0.739612, 0.714927
0.714927, 0.689317, 0.63835, 0.584416, 0.554853
0.554853, 0.524572, 0.465341, 0.403946, 0.370784
0.370784, 0.337142, 0.272208, 0.206008, 0.17068
0.17068, 0.135132, 0.0673022, -0.00083998, -0.0368052
-0.0368053, -0.0727229, -0.140514, -0.207651, -0.242699
-0.242699, -0.277432, -0.342253, -0.405483, -0.438097
-0.438097, -0.470144, -0.529191, -0.585778, -0.614549
-0.614549, -0.642524, -0.693244, -0.740741, -0.764424
-0.764424, -0.787117, -0.827316, -0.86367, -0.88124
-0.88124, -0.89767, -0.925611, -0.949249, -0.959947
-0.959947, -0.969403, -0.983877, -0.993777, -0.99714
-0.99714, -0.999213, -0.999593, -0.995327, -0.99121
-0.99121, -0.985811, -0.972082, -0.953834, -0.942415
-0.942415, -0.929777, -0.902531, -0.871091, -0.852864
-0.852864, -0.833533, -0.79395, -0.750677, -0.72643
-0.72643, -0.701243, -0.651034, -0.597799, -0.56858
-0.56858, -0.538626, -0.479963, -0.419069, -0.386142
-0.386142, -0.352716, -0.288135, -0.222215, -0.187005
-0.187005, -0.151553, -0.0838472, -0.015752, 0.0202195
0.0202196, 0.0561649, 0.124067, 0.191392, 0.22657

0.823278, 0.80233, 0.759794, 0.713726, 0.688072
0.688073, 0.661529, 0.608892, 0.553424, 0.52311
0.52311, 0.492119, 0.431657, 0.369189, 0.335525
0.335525, 0.301427, 0.235756, 0.168988, 0.13343
0.13343, 0.0976997, 0.0296583, -0.0385209, -0.0744351
-0.0744351, -0.110253, -0.177722, -0.244364, -0.279081
-0.279081, -0.313438, -0.377416, -0.439639, -0.471658
-0.471658, -0.503067, -0.560788, -0.615902, -0.643838
-0.643838, -0.670941, -0.719909, -0.765529, -0.788175
-0.788175, -0.8098, -0.847896, -0.882051, -0.898425
-0.898425, -0.913638, -0.939215, -0.960427, -0.969823
-0.969823, -0.977964, -0.989917, -0.997268, -0.99928
-0.99928, -0.999998, -0.997809, -0.990982, -0.985521
-0.985521, -0.978786, -0.96255, -0.941839, -0.929143
-0.929143, -0.915245, -0.885664, -0.851966, -0.832583
-0.832583, -0.812123, -0.770477, -0.725249, -0.700018
-0.700017, -0.673881, -0.621969, -0.567167, -0.537179
-0.537179, -0.506495, -0.446564, -0.384558, -0.351109
-0.351109, -0.317206, -0.251847, -0.185318, -0.149855
-0.149855, -0.114199, -0.0462389, 0.021936, 0.0578789
0.057879, 0.093747, 0.161369, 0.228241, 0.26311
0.26311, 0.297639, 0.361999, 0.424676, 0.456963
0.456963, 0.488659, 0.546973, 0.602746, 0.631054
0.631054, 0.658546, 0.708294, 0.754749, 0.777855
0.777855, 0.799954, 0.838983, 0.874112, 0.891016
0.891016, 0.906767, 0.933389, 0.955673, 0.965644
0.965644, 0.974366, 0.987431, 0.995905, 0.998512
0.998512, 0.999827, 0.998769, 0.993069, 0.988199
0.988199, 0.98205, 0.966915, 0.947286, 0.93515
0.93515, 0.921804, 0.893246, 0.860536, 0.841659
0.841659, 0.821693, 0.780947, 0.736572, 0.71177
0.71177, 0.686047, 0.634876, 0.580754, 0.5511
0.551099, 0.520732, 0.461349, 0.399821, 0.366596
0.366596, 0.332897, 0.26787, 0.201597, 0.166239
0.166239, 0.130666, 0.0628066, -0.00534506, -0.0413069
-0.0413069, -0.0772153, -0.144973, -0.212056, -0.247067
-0.247067, -0.281758, -0.346482, -0.409597, -0.442142
-0.442142, -0.474115, -0.533008, -0.589424, -0.618096
-0.618096, -0.645969, -0.696484, -0.74376, -0.76732
-0.76732, -0.789888, -0.829839, -0.865932, -0.883361
-0.883361, -0.899646, -0.927307, -0.950656, -0.9612
-0.9612, -0.970499, -0.984672, -0.994268, -0.99747
-0.99747, -0.999382, -0.999455, -0.994882, -0.990604
-0.990604, -0.985045, -0.971015, -0.952471, -0.940899
-0.940899, -0.928109, -0.900582, -0.86887, -0.850503
-0.850503, -0.831036, -0.791203, -0.747693, -0.723326
-0.723326, -0.698024, -0.647608, -0.594181, -0.564869
-0.564869, -0.534825, -0.476006, -0.414974, -0.381983

0.999857, 0.999818, 0.996191, 0.987935, 0.981725
0.981725, 0.974246, 0.956616, 0.93454, 0.921137
0.921137, 0.906542, 0.875671, 0.840731, 0.820713
0.820713, 0.799633, 0.756857, 0.710563, 0.684796
0.684796, 0.658144, 0.605312, 0.549666, 0.519265
0.519265, 0.488192, 0.427589, 0.364998, 0.331278
0.331278, 0.297129, 0.231375, 0.164546, 0.128964
0.128964, 0.0932152, 0.0251549, -0.0430222, -0.0789269
-0.0789269, -0.114729, -0.182153, -0.24873, -0.283405
-0.283405, -0.317712, -0.381584, -0.443681, -0.475626
-0.475626, -0.506956, -0.564512, -0.619445, -0.647279
-0.647279, -0.674275, -0.723028, -0.76842, -0.790939
-0.790939, -0.812435, -0.850276, -0.884164, -0.900395
-0.900395, -0.91546, -0.940752, -0.961672, -0.970912
-0.970912, -0.978895, -0.990545, -0.997591, -0.99944
-0.99944, -0.999997, -0.997501, -0.990368, -0.984748
-0.984748, -0.977853, -0.961319, -0.940316, -0.927468
-0.927468, -0.91342, -0.883563, -0.849599, -0.83008
-0.830079, -0.809486, -0.767597, -0.72214, -0.696793
-0.696793, -0.670545, -0.618435, -0.563451, -0.533373
-0.533373, -0.502606, -0.442529, -0.380395, -0.346887
-0.346887, -0.31293, -0.247485, -0.180889, -0.1454
-0.1454, -0.109722, -0.0417381, 0.0264398, 0.0623759
0.0623759, 0.0982313, 0.165814, 0.232625, 0.267454
0.267454, 0.301937, 0.366195, 0.428751, 0.460966
0.460966, 0.492584, 0.550739, 0.606334, 0.634542
0.634542, 0.661929, 0.711467, 0.757697, 0.780678
0.780678, 0.802649, 0.841426, 0.876291, 0.893052
0.893052, 0.908657, 0.934997, 0.95699, 0.966805
0.966805, 0.975369, 0.988133, 0.996303, 0.998748
0.998748, 0.999901, 0.998536, 0.992529, 0.987499
0.987499, 0.981191, 0.965756, 0.945833, 0.933544
0.933544, 0.920048, 0.891212, 0.858233, 0.839218
0.839218, 0.819117, 0.778126, 0.733518, 0.708598
0.708598, 0.682762, 0.631389, 0.577081, 0.547335
0.547335, 0.51688, 0.457347, 0.395688, 0.362401
0.362401, 0.328646, 0.263527, 0.197182, 0.161795
0.161795, 0.126199, 0.0583098, -0.00985002, -0.0458077
-0.0458077, -0.0817061, -0.149429, -0.216457, -0.25143
-0.25143, -0.286077, -0.350705, -0.413702, -0.446178
-0.446178, -0.478077, -0.536815, -0.593057, -0.621631
-0.621631, -0.649402, -0.699709, -0.746764, -0.770202
-0.770202, -0.792642, -0.832344, -0.868177, -0.885463
-0.885463, -0.901604, -0.928984, -0.952045, -0.962433
-0.962433, -0.971575, -0.985448, -0.99474, -0.99778
-0.99778, -0.99953, -0.999296, -0.994417, -0.989978
-0.989978, -0.984259, -0.969928, -0.951089, -0.939363
-0.939363, -0.926422, -0.898615, -0.866631, -0.848125

0.803671, 0.824554, 0.86119, 0.893823, 0.909372
0.909373, 0.923745, 0.947697, 0.967242, 0.975747
0.975747, 0.982988, 0.993219, 0.998832, 0.999924
0.999924, 0.999721, 0.995788, 0.987227, 0.980858
0.980858, 0.97322, 0.955294, 0.932927, 0.919374
0.919374, 0.904631, 0.873487, 0.838283, 0.818131
0.818131, 0.79692, 0.753905, 0.707386, 0.681506
0.681506, 0.654745, 0.60172, 0.545897, 0.51541
0.51541, 0.484256, 0.423512, 0.360801, 0.327024
0.327024, 0.292824, 0.22699, 0.160101, 0.124495
0.124495, 0.0887288, 0.020651, -0.0475227, -0.0834171
-0.0834171, -0.119204, -0.186581, -0.253091, -0.287722
-0.287722, -0.321981, -0.385744, -0.447714, -0.479584
-0.479584, -0.510834, -0.568225, -0.622975, -0.650706
-0.650706, -0.677595, -0.726133, -0.771295, -0.793688
-0.793688, -0.815053, -0.852638, -0.88626, -0.902346
-0.902346, -0.917263, -0.942271, -0.962897, -0.97198
-0.97198, -0.979806, -0.991153, -0.997893, -0.999581
-0.999581, -0.999975, -0.997172, -0.989734, -0.983954
-0.983954, -0.9769, -0.960068, -0.938773, -0.925774
-0.925774, -0.911578, -0.881444, -0.847214, -0.827559
-0.827559, -0.806833, -0.764702, -0.719016, -0.693555
-0.693555, -0.667196, -0.614889, -0.559723, -0.529557
-0.529557, -0.498706, -0.438485, -0.376225, -0.342658
-0.342658, -0.308648, -0.243117, -0.176457, -0.140941
-0.140941, -0.105243, -0.0372365, 0.030943, 0.0668716
0.0668716, 0.102714, 0.170255, 0.237004, 0.271792
0.271792, 0.306228, 0.370383, 0.432816, 0.464959
0.464959, 0.4965, 0.554494, 0.609911, 0.638018
0.638018, 0.6653, 0.714625, 0.760629, 0.783485
0.783485, 0.805328, 0.843852, 0.878453, 0.89507
0.89507, 0.910529, 0.936585, 0.958287, 0.967947
0.967947, 0.976353, 0.988815, 0.996679, 0.998963
0.998963, 0.999954, 0.998282, 0.991969, 0.986779
0.986779, 0.980311, 0.964578, 0.94436, 0.93192
0.93192, 0.918273, 0.889159, 0.855912, 0.836759
0.836759, 0.816524, 0.775288, 0.730448, 0.705412
0.705412, 0.679463, 0.627889, 0.573396, 0.543559
0.543559, 0.513018, 0.453336, 0.391546, 0.358199
0.358199, 0.324388, 0.259178, 0.192764, 0.157348
0.157348, 0.121728, 0.0538118, -0.0143548, -0.0503076
-0.0503076, -0.0861953, -0.153882, -0.220853, -0.255787
-0.255788, -0.290391, -0.35492, -0.4178, -0.450206
-0.450206, -0.482029, -0.54061, -0.596678, -0.625154
-0.625154, -0.652821, -0.702921, -0.749753, -0.773067
-0.773067, -0.795381, -0.834833, -0.870404, -0.887548
-0.887548, -0.903544, -0.930642, -0.953413, -0.963646
-0.963646, -0.972632, -0.986204, -0.995191, -0.99807

0.307862, 0.341882, 0.405122, 0.466478, 0.497989
0.497989, 0.528856, 0.585458, 0.639339, 0.66658
0.66658, 0.692959, 0.740476, 0.784551, 0.806345
0.806345, 0.827095, 0.863471, 0.895834, 0.911237
0.911237, 0.925462, 0.949125, 0.968376, 0.976723
0.976723, 0.983806, 0.993733, 0.99904, 0.999969
0.999969, 0.999605, 0.995365, 0.986499, 0.979971
0.979971, 0.972174, 0.953952, 0.931296, 0.917592
0.917592, 0.902701, 0.871285, 0.835818, 0.815532
0.815532, 0.79419, 0.750938, 0.704194, 0.678203
0.678203, 0.651333, 0.598115, 0.542117, 0.511544
0.511544, 0.480309, 0.419427, 0.356595, 0.322763
0.322763, 0.288513, 0.2226, 0.155652, 0.120024
0.120024, 0.0842405, 0.0161467, -0.0520222, -0.0879057
-0.0879057, -0.123675, -0.191005, -0.257447, -0.292034
-0.292034, -0.326243, -0.389897, -0.451738, -0.483533
-0.483533, -0.514702, -0.571927, -0.626493, -0.65412
-0.654121, -0.680901, -0.729223, -0.774155, -0.79642
-0.79642, -0.817655, -0.854984, -0.888338, -0.904278
-0.904278, -0.919048, -0.943769, -0.964103, -0.97303
-0.97303, -0.980697, -0.991741, -0.998175, -0.999701
-0.999701, -0.999934, -0.996824, -0.98908, -0.98314
-0.98314, -0.975927, -0.958798, -0.937211, -0.924062
-0.924062, -0.909716, -0.879308, -0.844812, -0.825021
-0.825021, -0.804163, -0.761791, -0.715878, -0.690302
-0.690302, -0.663834, -0.61133, -0.555985, -0.52573
-0.52573, -0.494796, -0.434431, -0.372047, -0.338423
-0.338423, -0.30436, -0.238745, -0.17202, -0.136479
-0.136479, -0.100762, -0.0327342, 0.0354456, 0.0713659
0.0713659, 0.107194, 0.174692, 0.241379, 0.276125
0.276125, 0.310514, 0.374564, 0.436873, 0.468943
0.468943, 0.500405, 0.558237, 0.613475, 0.641481
0.641481, 0.668656, 0.717769, 0.763546, 0.786277
0.786277, 0.807991, 0.84626, 0.880597, 0.89707
0.89707, 0.912382, 0.938154, 0.959565, 0.969068
0.969068, 0.977317, 0.989477, 0.997036, 0.999158
0.999158, 0.999987, 0.998008, 0.991389, 0.986038
0.986038, 0.979412, 0.963379, 0.942869, 0.930277
0.930277, 0.91648, 0.887089, 0.853573, 0.834284
0.834284, 0.813915, 0.772435, 0.727364, 0.702212
0.702212, 0.676151, 0.624376, 0.569699, 0.539772
0.539772, 0.509146, 0.449316, 0.387397, 0.353989
0.353989, 0.320123, 0.254824, 0.188341, 0.152897
0.152897, 0.117255, 0.0493127, -0.0188593, -0.0548065
-0.0548065, -0.0906828, -0.158332, -0.225244, -0.26014
-0.26014, -0.294699, -0.359129, -0.421888, -0.454224
-0.454224, -0.485971, -0.544395, -0.600287, -0.628664
-0.628664, -0.656227, -0.706118, -0.752726, -0.775917

-0.302724, -0.26825, -0.201984, -0.134778, -0.0990535
-0.0990537, -0.0632006, 0.00495033, 0.0730782, 0.108901
0.108901, 0.144582, 0.21167, 0.277775, 0.312145
0.312145, 0.346112, 0.409236, 0.470458, 0.501891
0.501891, 0.532674, 0.589105, 0.642797, 0.669932
0.669932, 0.6962, 0.743496, 0.787336, 0.809001
0.809001, 0.829618, 0.865735, 0.897827, 0.913084
0.913084, 0.927159, 0.950534, 0.96949, 0.977679
0.977679, 0.984603, 0.994226, 0.999227, 0.999994
0.999994, 0.999468, 0.994922, 0.985751, 0.979064
0.979064, 0.971109, 0.952591, 0.929645, 0.915792
0.915792, 0.900754, 0.869065, 0.833336, 0.812916
0.812916, 0.791445, 0.747955, 0.700988, 0.674885
0.674885, 0.647908, 0.594499, 0.538326, 0.507668
0.507668, 0.476353, 0.415333, 0.352383, 0.318496
0.318496, 0.284197, 0.218206, 0.1512, 0.11555
0.11555, 0.0797506, 0.011642, -0.0565207, -0.0923924
-0.0923924, -0.128145, -0.195425, -0.261797, -0.296339
-0.29634, -0.330498, -0.394041, -0.455753, -0.487471
-0.487471, -0.518559, -0.575616, -0.629998, -0.657521
-0.657521, -0.684194, -0.732298, -0.776999, -0.799137
-0.799137, -0.82024, -0.857312, -0.890397, -0.906192
-0.906192, -0.920815, -0.945249, -0.96529, -0.974059
-0.974059, -0.981568, -0.992309, -0.998437, -0.999801
-0.999801, -0.999871, -0.996455, -0.988406, -0.982306
-0.982306, -0.974935, -0.957508, -0.935631, -0.92233
-0.92233, -0.907836, -0.877153, -0.842393, -0.822467
-0.822467, -0.801477, -0.758865, -0.712725, -0.687036
-0.687036, -0.660458, -0.607759, -0.552234, -0.521893
-0.521893, -0.490876, -0.430369, -0.367862, -0.33418
-0.33418, -0.300066, -0.234368, -0.167581, -0.132015
-0.132015, -0.0962787, -0.0282312, 0.0399475, 0.0758588
0.0758588, 0.111672, 0.179126, 0.245748, 0.280452
0.280452, 0.314793, 0.378737, 0.440921, 0.472917
0.472917, 0.504301, 0.56197, 0.617026, 0.64493
0.64493, 0.671999, 0.720899, 0.766447, 0.789052
0.789052, 0.810637, 0.848652, 0.882722, 0.899052
0.899052, 0.914217, 0.939704, 0.960823, 0.97017
0.97017, 0.978261, 0.990118, 0.997373, 0.999333
0.999333, 1, 0.997714, 0.990789, 0.985278
0.985278, 0.978492, 0.962162, 0.941359, 0.928614
0.928614, 0.914669, 0.885, 0.851218, 0.831792
0.831792, 0.811289, 0.769566, 0.724265, 0.698997
0.698997, 0.672825, 0.620851, 0.565991, 0.535974
0.535974, 0.505264, 0.445287, 0.38324, 0.349772
0.349772, 0.315852, 0.250465, 0.183915, 0.148444
0.148444, 0.11278, 0.0448126, -0.0233634, -0.0593042
-0.0593043, -0.0951684, -0.162778, -0.229631, -0.264487

-0.800449, -0.778374, -0.733786, -0.685787, -0.659167
-0.659168, -0.631695, -0.577403, -0.520427, -0.489379
-0.489379, -0.457698, -0.39605, -0.332561, -0.298427
-0.298427, -0.263907, -0.197569, -0.130313, -0.0945697
-0.0945697, -0.0587039, 0.00945532, 0.0775705, 0.113378
0.113378, 0.149038, 0.216071, 0.2821, 0.316422
0.316422, 0.350335, 0.413343, 0.474429, 0.505782
0.505783, 0.536482, 0.592739, 0.646241, 0.67327
0.67327, 0.699427, 0.746502, 0.790106, 0.811641
0.811641, 0.832125, 0.867981, 0.899802, 0.914912
0.914912, 0.928837, 0.951924, 0.970585, 0.978616
0.978616, 0.985381, 0.994699, 0.999394, 0.999999
0.999999, 0.999311, 0.994458, 0.984983, 0.978137
0.978137, 0.970024, 0.951211, 0.927976, 0.913973
0.913973, 0.898788, 0.866827, 0.830837, 0.810284
0.810284, 0.788683, 0.744957, 0.697768, 0.671554
0.671554, 0.64447, 0.59087, 0.534524, 0.503781
0.503781, 0.472387, 0.411231, 0.348163, 0.314222
0.314222, 0.279875, 0.213807, 0.146746, 0.111074
0.111074, 0.0752591, 0.00713713, -0.061018, -0.0968773
-0.0968773, -0.132611, -0.199841, -0.266143, -0.300639
-0.300639, -0.334747, -0.398178, -0.459758, -0.4914
-0.4914, -0.522406, -0.579294, -0.63349, -0.660909
-0.660909, -0.687473, -0.735359, -0.779827, -0.801837
-0.801837, -0.822809, -0.859622, -0.892439, -0.908088
-0.908088, -0.922562, -0.94671, -0.966457, -0.975068
-0.975068, -0.982419, -0.992856, -0.998679, -0.999881
-0.999881, -0.999789, -0.996066, -0.987712, -0.981452
-0.981452, -0.973923, -0.956199, -0.934031, -0.92058
-0.92058, -0.905938, -0.874981, -0.839957, -0.819896
-0.819896, -0.798775, -0.755923, -0.709558, -0.683755
-0.683755, -0.657068, -0.604175, -0.548473, -0.518045
-0.518044, -0.486946, -0.426298, -0.363669, -0.32993
-0.32993, -0.295765, -0.229986, -0.163138, -0.127548
-0.127548, -0.0917936, -0.0237276, 0.0444486, 0.0803501
0.0803501, 0.116148, 0.183557, 0.250113, 0.284774
0.284774, 0.319066, 0.382903, 0.44496, 0.476882
0.476882, 0.508186, 0.56569, 0.620565, 0.648366
0.648366, 0.675329, 0.724014, 0.769333, 0.791812
0.791812, 0.813266, 0.851026, 0.88483, 0.901015
0.901015, 0.916034, 0.941236, 0.962062, 0.971252
0.971252, 0.979186, 0.99074, 0.997689, 0.999487
0.999487, 0.999992, 0.997399, 0.990169, 0.984498
0.984498, 0.977553, 0.960924, 0.939829, 0.926933
0.926933, 0.912838, 0.882894, 0.848845, 0.829282
0.829282, 0.808647, 0.766681, 0.721151, 0.695768
0.695768, 0.669485, 0.617313, 0.562271, 0.532165
0.532165, 0.501371, 0.441248, 0.379075, 0.345548

-0.999752, -0.998305, -0.992019, -0.981122, -0.973531
-0.973532, -0.964682, -0.94449, -0.919908, -0.90521
-0.90521, -0.88934, -0.856116, -0.818912, -0.797741
-0.797741, -0.775537, -0.730718, -0.682501, -0.655773
-0.655773, -0.628196, -0.573719, -0.516575, -0.485446
-0.485446, -0.453688, -0.391909, -0.328309, -0.294125
-0.294125, -0.259559, -0.193151, -0.125845, -0.0900838
-0.0900838, -0.054206, 0.0139601, 0.0820613, 0.117853
0.117853, 0.153492, 0.220468, 0.286419, 0.320693
0.320693, 0.354551, 0.417441, 0.47839, 0.509664
0.509664, 0.540278, 0.596361, 0.649673, 0.676594
0.676594, 0.70264, 0.749492, 0.792859, 0.814264
0.814264, 0.834615, 0.870209, 0.901758, 0.916721
0.916721, 0.930497, 0.953294, 0.97166, 0.979533
0.979533, 0.986138, 0.995153, 0.999541, 0.999984
0.999984, 0.999133, 0.993975, 0.984196, 0.97719
0.97719, 0.96892, 0.949811, 0.926288, 0.912136
0.912136, 0.896804, 0.864572, 0.828322, 0.807636
0.807636, 0.785905, 0.741944, 0.694534, 0.668209
0.668209, 0.641019, 0.58723, 0.530711, 0.499885
0.499884, 0.468411, 0.40712, 0.343936, 0.309942
0.309942, 0.275547, 0.209404, 0.142288, 0.106596
0.106596, 0.070766, 0.00263209, -0.065514, -0.10136
-0.10136, -0.137075, -0.204254, -0.270483, -0.304933
-0.304933, -0.338988, -0.402306, -0.463754, -0.495318
-0.495318, -0.526242, -0.582961, -0.63697, -0.664283
-0.664283, -0.690737, -0.738404, -0.782639, -0.804521
-0.804521, -0.825361, -0.861915, -0.894462, -0.909966
-0.909966, -0.924291, -0.948151, -0.967604, -0.976058
-0.976058, -0.98325, -0.993384, -0.9989, -0.99994
-0.99994, -0.999686, -0.995656, -0.986998, -0.980579
-0.980579, -0.972891, -0.954871, -0.932412, -0.918811
-0.918811, -0.904021, -0.872791, -0.837503, -0.817309
-0.817309, -0.796056, -0.752966, -0.706376, -0.680461
-0.680461, -0.653665, -0.600579, -0.5447, -0.514186
-0.514186, -0.483006, -0.422219, -0.359469, -0.325674
-0.325674, -0.291459, -0.225599, -0.158691, -0.123079
-0.123079, -0.0873066, -0.0192236, 0.0489488, 0.0848398
0.0848398, 0.120621, 0.187983, 0.254472, 0.289089
0.289089, 0.323332, 0.387061, 0.44899, 0.480837
0.480837, 0.512061, 0.5694, 0.624092, 0.65179
0.65179, 0.678644, 0.727114, 0.772203, 0.794556
0.794556, 0.81588, 0.853383, 0.88692, 0.90296
0.90296, 0.917831, 0.942748, 0.963282, 0.972315
0.972315, 0.98009, 0.991342, 0.997985, 0.999621
0.999621, 0.999964, 0.997064, 0.989529, 0.983698
0.983698, 0.976594, 0.959668, 0.93828, 0.925234
0.925234, 0.91099, 0.880769, 0.846455, 0.826756

-0.826329, -0.84605, -0.880409, -0.910676, -0.924945
-0.924946, -0.938017, -0.959454, -0.97643, -0.983561
-0.983561, -0.989419, -0.997006, -0.999958, -0.999642
-0.999642, -0.998033, -0.991441, -0.980241, -0.972492
-0.972492, -0.963485, -0.943001, -0.918132, -0.903286
-0.903286, -0.887271, -0.853779, -0.816318, -0.795016
-0.795016, -0.772685, -0.727635, -0.679202, -0.652365
-0.652365, -0.624685, -0.570023, -0.512713, -0.481502
-0.481502, -0.449668, -0.387761, -0.324051, -0.289816
-0.289816, -0.255206, -0.188729, -0.121375, -0.0855961
-0.0855961, -0.049707, 0.0184646, 0.0865503, 0.122325
0.122325, 0.157942, 0.22486, 0.290732, 0.324956
0.324956, 0.35876, 0.42153, 0.482341, 0.513535
0.513535, 0.544063, 0.599972, 0.653091, 0.679904
0.679904, 0.705838, 0.752466, 0.795597, 0.816871
0.816871, 0.837088, 0.87242, 0.903696, 0.918511
0.918511, 0.932138, 0.954645, 0.972715, 0.98043
0.98043, 0.986876, 0.995586, 0.999667, 0.999948
0.999948, 0.998936, 0.993471, 0.983388, 0.976223
0.976223, 0.967795, 0.948392, 0.924581, 0.91028
0.91028, 0.894802, 0.8623, 0.825789, 0.804971
0.804971, 0.783111, 0.738916, 0.691286, 0.664851
0.66485, 0.637555, 0.583577, 0.526887, 0.495978
0.495978, 0.464426, 0.403001, 0.339703, 0.305656
0.305656, 0.271213, 0.204997, 0.137827, 0.102115
0.102115, 0.0662715, -0.00187301, -0.0700088, -0.105841
-0.105841, -0.141536, -0.208662, -0.274817, -0.30922
-0.30922, -0.343223, -0.406427, -0.467741, -0.499227
-0.499227, -0.530067, -0.586615, -0.640436, -0.667644
-0.667644, -0.693988, -0.741435, -0.785435, -0.807188
-0.807188, -0.827896, -0.864191, -0.896468, -0.911825
-0.911825, -0.926002, -0.949574, -0.968732, -0.977028
-0.977028, -0.984061, -0.993891, -0.999101, -0.999979
-0.999979, -0.999563, -0.995227, -0.986264, -0.979685
-0.979685, -0.971839, -0.953523, -0.930775, -0.917024
-0.917024, -0.902086, -0.870583, -0.835033, -0.814705
-0.814705, -0.793322, -0.749994, -0.70318, -0.677153
-0.677153, -0.650249, -0.596971, -0.540917, -0.510317
-0.510317, -0.479056, -0.418131, -0.355261, -0.321411
-0.321411, -0.287146, -0.221208, -0.154242, -0.118606
-0.118606, -0.0828178, -0.0147191, 0.053448, 0.0893278
0.0893278, 0.125092, 0.192406, 0.258826, 0.293399
0.293399, 0.327592, 0.391211, 0.453011, 0.484782
0.484782, 0.515925, 0.573097, 0.627605, 0.6552
0.6552, 0.681946, 0.730199, 0.775058, 0.797283
0.797283, 0.818476, 0.855723, 0.888992, 0.904887
0.904887, 0.91961, 0.944241, 0.964482, 0.973358
0.973358, 0.980975, 0.991923, 0.998261, 0.999735

-0.344835, -0.378372, -0.440567, -0.500714, -0.531522
-0.531522, -0.561643, -0.616716, -0.668921, -0.695223
-0.695223, -0.720625, -0.766194, -0.8082, -0.828858
-0.828858, -0.848443, -0.882537, -0.912528, -0.926648
-0.926648, -0.939569, -0.960714, -0.977393, -0.984365
-0.984365, -0.990063, -0.997344, -0.999989, -0.999511
-0.999511, -0.99774, -0.990843, -0.97934, -0.971433
-0.971433, -0.962269, -0.941492, -0.916338, -0.901344
-0.901344, -0.885184, -0.851425, -0.813708, -0.792275
-0.792275, -0.769818, -0.724537, -0.675888, -0.648944
-0.648944, -0.62116, -0.566316, -0.508839, -0.477549
-0.477549, -0.44564, -0.383604, -0.319785, -0.285501
-0.285501, -0.250848, -0.184303, -0.116902, -0.0811067
-0.0811067, -0.0452069, 0.0229687, 0.0910376, 0.126795
0.126795, 0.162389, 0.229247, 0.29504, 0.329214
0.329214, 0.362962, 0.425611, 0.486283, 0.517395
0.517395, 0.547838, 0.60357, 0.656496, 0.683201
0.683201, 0.709022, 0.755426, 0.798318, 0.819461
0.819461, 0.839545, 0.874613, 0.905616, 0.920283
0.920283, 0.93376, 0.955977, 0.97375, 0.981307
0.981307, 0.987593, 0.995998, 0.999773, 0.999892
0.999892, 0.998718, 0.992947, 0.98256, 0.975237
0.975237, 0.966651, 0.946954, 0.922855, 0.908406
0.908406, 0.892781, 0.86001, 0.82324, 0.80229
0.80229, 0.780302, 0.735873, 0.688024, 0.661479
0.661479, 0.634078, 0.579913, 0.523053, 0.492061
0.492061, 0.460432, 0.398874, 0.335462, 0.301363
0.301363, 0.266874, 0.200585, 0.133364, 0.0976328
0.0976328, 0.0617756, -0.00637807, -0.0745021, -0.11032
-0.11032, -0.145995, -0.213066, -0.279146, -0.313501
-0.313501, -0.347451, -0.410539, -0.471718, -0.503125
-0.503125, -0.533882, -0.590258, -0.64389, -0.670991
-0.670991, -0.697224, -0.74445, -0.788216, -0.809839
-0.809839, -0.830415, -0.866449, -0.898455, -0.913665
-0.913665, -0.927693, -0.950976, -0.969839, -0.977978
-0.977978, -0.984852, -0.994378, -0.999282, -0.999998
-0.999998, -0.99942, -0.994777, -0.98551, -0.978772
-0.978772, -0.970767, -0.952156, -0.929118, -0.915218
-0.915218, -0.900133, -0.868358, -0.832546, -0.812084
-0.812084, -0.790571, -0.747007, -0.69997, -0.673831
-0.673831, -0.64682, -0.59335, -0.537122, -0.506437
-0.506437, -0.475097, -0.414034, -0.351046, -0.317142
-0.317142, -0.282828, -0.216812, -0.149789, -0.114132
-0.114132, -0.0783273, -0.0102144, 0.0579461, 0.093814
0.093814, 0.12956, 0.196825, 0.263175, 0.297703
0.297703, 0.331845, 0.395353, 0.457023, 0.488717
0.488717, 0.519779, 0.576783, 0.631106, 0.658597
0.658597, 0.685235, 0.73327, 0.777897, 0.799994

0.265219, 0.23037, 0.163527, 0.095924, 0.0600619
0.060062, 0.0241222, -0.0440542, -0.112026, -0.147693
-0.147693, -0.183169, -0.24973, -0.315131, -0.349061
-0.349061, -0.382538, -0.444607, -0.504608, -0.535333
-0.535333, -0.565365, -0.620256, -0.672263, -0.698454
-0.698454, -0.723741, -0.769081, -0.810845, -0.83137
-0.83137, -0.850819, -0.884646, -0.914362, -0.928332
-0.928332, -0.941102, -0.961955, -0.978335, -0.985148
-0.985148, -0.990686, -0.997662, -1, -0.99936
-0.99936, -0.997427, -0.990225, -0.978419, -0.970354
-0.970354, -0.961034, -0.939964, -0.914525, -0.899384
-0.899384, -0.883079, -0.849053, -0.811081, -0.789519
-0.789519, -0.766935, -0.721425, -0.672561, -0.64551
-0.64551, -0.617623, -0.562597, -0.504956, -0.473586
-0.473586, -0.441602, -0.37944, -0.315513, -0.281181
-0.281181, -0.246484, -0.179873, -0.112426, -0.0766157
-0.0766156, -0.040706, 0.0274724, 0.0955231, 0.131263
0.131263, 0.166832, 0.23363, 0.299341, 0.333464
0.333464, 0.367156, 0.429684, 0.490214, 0.521245
0.521245, 0.551601, 0.607156, 0.659887, 0.686484
0.686484, 0.712192, 0.75837, 0.801023, 0.822035
0.822035, 0.841984, 0.876788, 0.907518, 0.922037
0.922037, 0.935363, 0.957289, 0.974766, 0.982164
0.982164, 0.988291, 0.996391, 0.999859, 0.999816
0.999816, 0.998479, 0.992402, 0.981712, 0.97423
0.97423, 0.965488, 0.945497, 0.921111, 0.906513
0.906513, 0.890743, 0.857702, 0.820674, 0.799593
0.799593, 0.777476, 0.732815, 0.684747, 0.658093
0.658093, 0.630587, 0.576237, 0.519208, 0.488134
0.488134, 0.456428, 0.394739, 0.331214, 0.297064
0.297064, 0.26253, 0.19617, 0.128897, 0.0931482
0.0931482, 0.0572785, -0.010883, -0.0789939, -0.114796
-0.114796, -0.15045, -0.217465, -0.283469, -0.317776
-0.317776, -0.351672, -0.414642, -0.475685, -0.507014
-0.507014, -0.537686, -0.593888, -0.64733, -0.674325
-0.674325, -0.700447, -0.747451, -0.79098, -0.812474
-0.812474, -0.832916, -0.868689, -0.900424, -0.915487
-0.915487, -0.929365, -0.95236, -0.970928, -0.978909
-0.978909, -0.985623, -0.994845, -0.999443, -0.999997
-0.999997, -0.999257, -0.994307, -0.984736, -0.977839
-0.977839, -0.969676, -0.950769, -0.927443, -0.913393
-0.913393, -0.898161, -0.866115, -0.830042, -0.809447
-0.809447, -0.787804, -0.744004, -0.696745, -0.670495
-0.670495, -0.643378, -0.589718, -0.533317, -0.502547
-0.502547, -0.471128, -0.409929, -0.346824, -0.312866
-0.312866, -0.278504, -0.212412, -0.145333, -0.109655
-0.109655, -0.0738353, -0.00570941, 0.062443, 0.0982982
0.0982982, 0.134026, 0.20124, 0.267519, 0.302001

0.776395, 0.753226, 0.706655, 0.6568, 0.629254
0.629254, 0.600894, 0.545031, 0.486635, 0.4549
0.4549, 0.422576, 0.359837, 0.295425, 0.260873
0.260873, 0.225984, 0.159081, 0.0914387, 0.0555644
0.0555644, 0.0196182, -0.0485545, -0.116502, -0.152147
-0.152147, -0.187596, -0.25409, -0.319404, -0.353279
-0.353279, -0.386697, -0.448638, -0.508493, -0.539133
-0.539133, -0.569075, -0.623783, -0.675592, -0.701671
-0.701671, -0.726843, -0.771952, -0.813474, -0.833865
-0.833865, -0.853178, -0.886738, -0.916176, -0.929998
-0.929998, -0.942616, -0.963176, -0.979258, -0.985912
-0.985912, -0.99129, -0.99796, -0.999991, -0.999189
-0.999189, -0.997094, -0.989586, -0.977478, -0.969255
-0.969255, -0.959778, -0.938417, -0.912693, -0.897405
-0.897405, -0.880956, -0.846665, -0.808438, -0.786746
-0.786746, -0.764036, -0.718298, -0.669221, -0.642063
-0.642063, -0.614074, -0.558867, -0.501062, -0.469613
-0.469613, -0.437556, -0.375268, -0.311235, -0.276854
-0.276854, -0.242115, -0.17544, -0.107949, -0.072123
-0.072123, -0.0362042, 0.0319755, 0.100007, 0.135727
0.135727, 0.171273, 0.238008, 0.303637, 0.337708
0.337708, 0.371343, 0.433747, 0.494136, 0.525084
0.525084, 0.555353, 0.610729, 0.663266, 0.689753
0.689753, 0.715347, 0.761299, 0.803712, 0.824592
0.824592, 0.844406, 0.878946, 0.909401, 0.923771
0.923771, 0.936946, 0.958582, 0.975761, 0.983001
0.983001, 0.988968, 0.996763, 0.999924, 0.99972
0.99972, 0.998221, 0.991838, 0.980845, 0.973204
0.973204, 0.964305, 0.94402, 0.919347, 0.904602
0.904602, 0.888686, 0.855377, 0.818092, 0.796879
0.796879, 0.774635, 0.729742, 0.681457, 0.654694
0.654694, 0.627085, 0.572549, 0.515352, 0.484197
0.484197, 0.452415, 0.390595, 0.32696, 0.29276
0.29276, 0.25818, 0.19175, 0.124429, 0.0886618
0.0886618, 0.0527803, -0.0153877, -0.0834841, -0.11927
-0.11927, -0.154902, -0.22186, -0.287786, -0.322045
-0.322045, -0.355886, -0.418738, -0.479643, -0.510892
-0.510892, -0.541479, -0.597507, -0.650757, -0.677645
-0.677645, -0.703655, -0.750436, -0.793729, -0.815092
-0.815092, -0.835401, -0.870912, -0.902375, -0.91729
-0.91729, -0.931019, -0.953724, -0.971996, -0.979819
-0.979819, -0.986374, -0.995292, -0.999583, -0.999975
-0.999975, -0.999073, -0.993817, -0.983942, -0.976886
-0.976886, -0.968565, -0.949364, -0.925749, -0.91155
-0.91155, -0.896171, -0.863854, -0.827521, -0.806793
-0.806793, -0.785021, -0.740986, -0.693506, -0.667146
-0.667146, -0.639923, -0.586074, -0.5295, -0.498647
-0.498647, -0.467149, -0.405816, -0.342595, -0.308584

0.998117, 0.995266, 0.986329, 0.972808, 0.963848
0.963849, 0.953642, 0.930919, 0.903869, 0.887898
0.887898, 0.870777, 0.83525, 0.795841, 0.773548
0.773548, 0.750255, 0.70346, 0.653396, 0.625746
0.625746, 0.597287, 0.541249, 0.482694, 0.450883
0.450883, 0.418489, 0.35563, 0.291118, 0.256521
0.256521, 0.221593, 0.154632, 0.0869516, 0.0510657
0.0510657, 0.0151138, -0.0530538, -0.120975, -0.156598
-0.156598, -0.192019, -0.258445, -0.323669, -0.35749
-0.35749, -0.390848, -0.452659, -0.512367, -0.542921
-0.542921, -0.572774, -0.627298, -0.678906, -0.704874
-0.704874, -0.72993, -0.774808, -0.816086, -0.836343
-0.836343, -0.855519, -0.888812, -0.917973, -0.931644
-0.931644, -0.944111, -0.964377, -0.980161, -0.986655
-0.986655, -0.991873, -0.998237, -0.999961, -0.998997
-0.998997, -0.996741, -0.988928, -0.976517, -0.968137
-0.968137, -0.958504, -0.936851, -0.910843, -0.895408
-0.895408, -0.878815, -0.844259, -0.805778, -0.783957
-0.783957, -0.761121, -0.715156, -0.665866, -0.638602
-0.638602, -0.610512, -0.555126, -0.497159, -0.465631
-0.465631, -0.433501, -0.371088, -0.306951, -0.272523
-0.272523, -0.237742, -0.171003, -0.103469, -0.0676289
-0.0676289, -0.0317017, 0.036478, 0.104488, 0.140189
0.140189, 0.175709, 0.242381, 0.307926, 0.341945
0.341945, 0.375522, 0.437802, 0.498048, 0.528913
0.528913, 0.559094, 0.61429, 0.666631, 0.693008
0.693008, 0.718488, 0.764212, 0.806384, 0.827132
0.827132, 0.84681, 0.881086, 0.911265, 0.925487
0.925487, 0.938511, 0.959855, 0.976737, 0.983818
0.983818, 0.989625, 0.997115, 0.99997, 0.999603
0.999603, 0.997942, 0.991254, 0.979957, 0.972159
0.972159, 0.963102, 0.942524, 0.917566, 0.902672
0.902672, 0.886611, 0.853035, 0.815493, 0.794149
0.794149, 0.771778, 0.726655, 0.678153, 0.651282
0.651282, 0.623569, 0.56885, 0.511486, 0.48025
0.48025, 0.448393, 0.386444, 0.322699, 0.288449
0.288449, 0.253825, 0.187327, 0.119957, 0.0841735
0.0841735, 0.0482809, -0.0198921, -0.0879726, -0.123742
-0.123742, -0.159351, -0.226251, -0.292098, -0.326306
-0.326306, -0.360092, -0.422825, -0.483591, -0.514759
-0.514759, -0.545261, -0.601113, -0.654171, -0.680951
-0.680951, -0.706849, -0.753406, -0.796461, -0.817694
-0.817694, -0.837869, -0.873117, -0.904307, -0.919075
-0.919075, -0.932654, -0.955069, -0.973045, -0.98071
-0.98071, -0.987105, -0.995718, -0.999703, -0.999933
-0.999933, -0.998869, -0.993307, -0.983128, -0.975913
-0.975913, -0.967435, -0.947939, -0.924036, -0.909688
-0.909688, -0.894163, -0.861576, -0.824983, -0.804123

0.847722, 0.866252, 0.898282, 0.926136, 0.939102
0.939103, 0.950854, 0.969743, 0.984124, 0.989871
0.989871, 0.994336, 0.999267, 0.999553, 0.997831
0.997831, 0.994817, 0.985577, 0.971755, 0.962638
0.962638, 0.952276, 0.929264, 0.901932, 0.885816
0.885816, 0.868553, 0.832765, 0.793105, 0.770685
0.770685, 0.747269, 0.700251, 0.649979, 0.622226
0.622226, 0.593668, 0.537455, 0.478744, 0.446857
0.446857, 0.414393, 0.351416, 0.286805, 0.252164
0.252164, 0.217198, 0.150179, 0.0824627, 0.046566
0.046566, 0.0106091, -0.057552, -0.125446, -0.161046
-0.161046, -0.196438, -0.262794, -0.327929, -0.361694
-0.361694, -0.39499, -0.456672, -0.51623, -0.546699
-0.546699, -0.576461, -0.6308, -0.682207, -0.708062
-0.708062, -0.733002, -0.777649, -0.818681, -0.838805
-0.838805, -0.857843, -0.890867, -0.91975, -0.933272
-0.933272, -0.945586, -0.965559, -0.981044, -0.987379
-0.987379, -0.992436, -0.998495, -0.999911, -0.998786
-0.998786, -0.996367, -0.988249, -0.975537, -0.966999
-0.966999, -0.95721, -0.935266, -0.908974, -0.893393
-0.893393, -0.876657, -0.841836, -0.803102, -0.781152
-0.781152, -0.758192, -0.712, -0.662498, -0.635129
-0.635129, -0.606938, -0.551373, -0.493245, -0.461639
-0.461639, -0.429436, -0.366901, -0.30266, -0.268185
-0.268185, -0.233364, -0.166562, -0.0989867, -0.0631335
-0.0631335, -0.0271986, 0.0409797, 0.108967, 0.144649
0.144649, 0.180143, 0.246749, 0.312209, 0.346175
0.346175, 0.379693, 0.441848, 0.501949, 0.532731
0.532731, 0.562824, 0.617839, 0.669982, 0.696249
0.696249, 0.721614, 0.76711, 0.80904, 0.829656
0.829656, 0.849198, 0.883207, 0.913111, 0.927184
0.927184, 0.940057, 0.961109, 0.977694, 0.984615
0.984615, 0.990263, 0.997447, 0.999995, 0.999466
0.999466, 0.997643, 0.990649, 0.97905, 0.971093
0.971093, 0.96188, 0.94101, 0.915765, 0.900725
0.900725, 0.884519, 0.850675, 0.812877, 0.791403
0.791403, 0.768906, 0.723552, 0.674835, 0.647857
0.647857, 0.620041, 0.565139, 0.50761, 0.476294
0.476294, 0.444361, 0.382285, 0.318432, 0.284132
0.284132, 0.249465, 0.182899, 0.115483, 0.0796836
0.0796836, 0.0437806, -0.0243961, -0.0924594, -0.128211
-0.128211, -0.163797, -0.230637, -0.296404, -0.330562
-0.330562, -0.364292, -0.426903, -0.48753, -0.518616
-0.518616, -0.549032, -0.604707, -0.657572, -0.684243
-0.684243, -0.710029, -0.756361, -0.799177, -0.820279
-0.820279, -0.840319, -0.875305, -0.906221, -0.920841
-0.920841, -0.93427, -0.956395, -0.974074, -0.98158
-0.98158, -0.987817, -0.996125, -0.999803, -0.99987

0.381281, 0.414283, 0.475338, 0.534183, 0.564242
0.564242, 0.593571, 0.647029, 0.69748, 0.722802
0.722802, 0.747189, 0.790739, 0.830613, 0.850103
0.850103, 0.868494, 0.900252, 0.927826, 0.940641
0.940641, 0.95224, 0.970833, 0.984914, 0.9905
0.9905, 0.994805, 0.999429, 0.999408, 0.997524
0.997524, 0.994349, 0.984804, 0.970682, 0.961409
0.961409, 0.950892, 0.927591, 0.899978, 0.883716
0.883716, 0.866312, 0.830262, 0.790353, 0.767807
0.767807, 0.744268, 0.697028, 0.646548, 0.618693
0.618693, 0.590037, 0.53365, 0.474783, 0.442823
0.442823, 0.410289, 0.347194, 0.282486, 0.247802
0.247802, 0.212798, 0.145724, 0.0779721, 0.0420653
0.0420653, 0.00610415, -0.062049, -0.129914, -0.165491
-0.165491, -0.200854, -0.267138, -0.332181, -0.36589
-0.36589, -0.399125, -0.460675, -0.520083, -0.550466
-0.550466, -0.580136, -0.634289, -0.685494, -0.711236
-0.711236, -0.736059, -0.780473, -0.82126, -0.841249
-0.841249, -0.860149, -0.892905, -0.921509, -0.93488
-0.934881, -0.947042, -0.966721, -0.981907, -0.988082
-0.988082, -0.992979, -0.998731, -0.999841, -0.998554
-0.998554, -0.995974, -0.98755, -0.974536, -0.965841
-0.965841, -0.955896, -0.933662, -0.907087, -0.89136
-0.89136, -0.87448, -0.839396, -0.800409, -0.778331
-0.778331, -0.755247, -0.708829, -0.659117, -0.631643
-0.631643, -0.603351, -0.547609, -0.489321, -0.457638
-0.457638, -0.425364, -0.362706, -0.298363, -0.263843
-0.263843, -0.22898, -0.162118, -0.0945028, -0.0586368
-0.0586367, -0.0226949, 0.0454806, 0.113445, 0.149105
0.149105, 0.184572, 0.251113, 0.316486, 0.350398
0.350398, 0.383857, 0.445885, 0.50584, 0.536538
0.536538, 0.566542, 0.621375, 0.673319, 0.699475
0.699475, 0.724726, 0.769993, 0.81168, 0.832163
0.832163, 0.851568, 0.885311, 0.914939, 0.928862
0.928862, 0.941584, 0.962344, 0.97863, 0.985392
0.985392, 0.99088, 0.997759, 0.999999, 0.999308
0.999308, 0.997324, 0.990024, 0.978123, 0.970008
0.970008, 0.960638, 0.939476, 0.913946, 0.898759
0.898759, 0.882408, 0.848298, 0.810245, 0.788642
0.788641, 0.766018, 0.720435, 0.671504, 0.644419
0.644419, 0.6165, 0.561416, 0.503723, 0.472328
0.472328, 0.440321, 0.378118, 0.314158, 0.27981
0.27981, 0.2451, 0.178468, 0.111007, 0.075192
0.075192, 0.0392794, -0.0288996, -0.0969442, -0.132678
-0.132678, -0.16824, -0.235018, -0.300703, -0.33481
-0.33481, -0.368483, -0.430973, -0.491458, -0.522463
-0.522463, -0.552792, -0.608289, -0.66096, -0.687521
-0.687521, -0.713194, -0.7593, -0.801877, -0.822847

-0.227309, -0.192138, -0.12482, -0.0569228, -0.0209784
-0.0209785, 0.014993, 0.0830908, 0.150802, 0.186259
0.186259, 0.221475, 0.287408, 0.352006, 0.385442
0.385442, 0.418379, 0.479297, 0.537986, 0.567956
0.567956, 0.59719, 0.650458, 0.700701, 0.725908
0.725908, 0.750175, 0.793489, 0.833113, 0.852467
0.852467, 0.870718, 0.902204, 0.929497, 0.942161
0.942161, 0.953606, 0.971903, 0.985683, 0.99111
0.99111, 0.995254, 0.999571, 0.999243, 0.997197
0.997197, 0.993861, 0.984012, 0.969589, 0.96016
0.96016, 0.949488, 0.925898, 0.898004, 0.881599
0.881599, 0.864053, 0.827743, 0.787585, 0.764913
0.764913, 0.741251, 0.693791, 0.643105, 0.615147
0.615147, 0.586393, 0.529835, 0.470814, 0.438779
0.438779, 0.406176, 0.342966, 0.278162, 0.243435
0.243435, 0.208394, 0.141265, 0.0734799, 0.0375638
0.0375638, 0.00159908, -0.0665448, -0.134379, -0.169932
-0.169932, -0.205265, -0.271477, -0.336427, -0.370079
-0.370079, -0.403252, -0.464669, -0.523926, -0.554221
-0.554221, -0.5838, -0.637766, -0.688767, -0.714396
-0.714396, -0.739101, -0.783282, -0.823822, -0.843676
-0.843676, -0.862438, -0.894924, -0.923249, -0.93647
-0.93647, -0.948479, -0.967864, -0.98275, -0.988766
-0.988766, -0.993502, -0.998948, -0.999751, -0.998301
-0.998301, -0.99556, -0.986832, -0.973516, -0.964664
-0.964664, -0.954564, -0.932039, -0.905181, -0.889309
-0.889309, -0.872286, -0.836939, -0.7977, -0.775495
-0.775495, -0.752286, -0.705644, -0.655722, -0.628144
-0.628144, -0.599752, -0.543834, -0.485387, -0.453628
-0.453628, -0.421282, -0.358504, -0.29406, -0.259494
-0.259494, -0.224593, -0.157671, -0.0900169, -0.0541388
-0.0541388, -0.0181907, 0.0499805, 0.117919, 0.153558
0.153558, 0.188998, 0.255471, 0.320756, 0.354614
0.354614, 0.388013, 0.449913, 0.509722, 0.540335
0.540335, 0.570248, 0.624898, 0.676643, 0.702688
0.702688, 0.727823, 0.772859, 0.814303, 0.834652
0.834652, 0.853922, 0.887397, 0.916748, 0.930522
0.930522, 0.943092, 0.963559, 0.979546, 0.98615
0.98615, 0.991477, 0.99805, 0.999984, 0.99913
0.99913, 0.996985, 0.98938, 0.977175, 0.968903
0.968903, 0.959377, 0.937923, 0.912108, 0.896774
0.896774, 0.88028, 0.845904, 0.807596, 0.785864
0.785864, 0.763114, 0.717304, 0.668159, 0.640967
0.640967, 0.612947, 0.557683, 0.499826, 0.468352
0.468352, 0.436272, 0.373944, 0.309878, 0.275482
0.275482, 0.24073, 0.174034, 0.106529, 0.0706989
0.0706989, 0.0347774, -0.0334025, -0.101427, -0.137142
-0.137142, -0.172679, -0.239394, -0.304997, -0.339052

-0.751153, -0.726926, -0.678443, -0.626807, -0.598377
-0.598378, -0.569174, -0.511825, -0.452097, -0.419724
-0.419724, -0.386808, -0.323073, -0.257836, -0.222919
-0.222919, -0.187714, -0.120349, -0.0524244, -0.0164742
-0.0164741, 0.0194974, 0.0875794, 0.155254, 0.190684
0.190684, 0.225866, 0.291721, 0.356219, 0.389595
0.389595, 0.422467, 0.483246, 0.541778, 0.571658
0.571658, 0.600798, 0.653873, 0.703908, 0.728999
0.728999, 0.753146, 0.796222, 0.835597, 0.854814
0.854814, 0.872925, 0.904138, 0.931149, 0.943661
0.943661, 0.954952, 0.972954, 0.986433, 0.991699
0.991699, 0.995682, 0.999693, 0.999057, 0.99685
0.99685, 0.993352, 0.9832, 0.968477, 0.958891
0.958891, 0.948064, 0.924187, 0.896013, 0.879464
0.879464, 0.861776, 0.825206, 0.784801, 0.762003
0.762003, 0.73822, 0.690539, 0.639649, 0.611589
0.611589, 0.582738, 0.526009, 0.466834, 0.434726
0.434726, 0.402055, 0.338731, 0.273831, 0.239063
0.239063, 0.203986, 0.136804, 0.0689863, 0.0330615
0.0330615, -0.00290601, -0.0710392, -0.138842, -0.17437
-0.17437, -0.209672, -0.27581, -0.340666, -0.37426
-0.37426, -0.40737, -0.468653, -0.527758, -0.557966
-0.557966, -0.587451, -0.641229, -0.692026, -0.717541
-0.717541, -0.742128, -0.786074, -0.826367, -0.846086
-0.846086, -0.86471, -0.896925, -0.924971, -0.938041
-0.938041, -0.949897, -0.968987, -0.983573, -0.989429
-0.989429, -0.994005, -0.999145, -0.99964, -0.998029
-0.998029, -0.995126, -0.986093, -0.972476, -0.963467
-0.963467, -0.953211, -0.930397, -0.903257, -0.88724
-0.88724, -0.870074, -0.834464, -0.794975, -0.772643
-0.772643, -0.74931, -0.702445, -0.652314, -0.624632
-0.624632, -0.596141, -0.540047, -0.481443, -0.449608
-0.449608, -0.417192, -0.354295, -0.289751, -0.255141
-0.255141, -0.2202, -0.153221, -0.0855292, -0.0496398
-0.0496398, -0.0136862, 0.0544795, 0.122392, 0.158008
0.158008, 0.19342, 0.259824, 0.32502, 0.358823
0.358823, 0.392161, 0.453932, 0.513592, 0.54412
0.54412, 0.573943, 0.628409, 0.679954, 0.705886
0.705886, 0.730905, 0.77571, 0.81691, 0.837125
0.837125, 0.856257, 0.889465, 0.918538, 0.932162
0.932162, 0.94458, 0.964754, 0.980443, 0.986887
0.986887, 0.992054, 0.998321, 0.999948, 0.998933
0.998932, 0.996625, 0.988715, 0.976209, 0.967778
0.967778, 0.958096, 0.93635, 0.910252, 0.894772
0.894772, 0.878133, 0.843493, 0.804931, 0.78307
0.78307, 0.760195, 0.714157, 0.6648, 0.637503
0.637503, 0.609381, 0.553937, 0.495919, 0.464367
0.464367, 0.432214, 0.369762, 0.305592, 0.271149

-0.994954, -0.990703, -0.97913, -0.963006, -0.95269
-0.952691, -0.941143, -0.915924, -0.886446, -0.869227
-0.869227, -0.850883, -0.813107, -0.771552, -0.748172
-0.748172, -0.723825, -0.675127, -0.62329, -0.594762
-0.594762, -0.565464, -0.50795, -0.448074, -0.415631
-0.415631, -0.38265, -0.318806, -0.253481, -0.218525
-0.218525, -0.183287, -0.115876, -0.047925, -0.0119695
-0.0119695, 0.0240015, 0.0920663, 0.159703, 0.195104
0.195104, 0.230252, 0.296027, 0.360425, 0.39374
0.39374, 0.426546, 0.487185, 0.54556, 0.575349
0.575349, 0.604393, 0.657275, 0.707101, 0.732075
0.732075, 0.756103, 0.79894, 0.838063, 0.857143
0.857143, 0.875114, 0.906054, 0.932782, 0.945142
0.945142, 0.956279, 0.973985, 0.987162, 0.992268
0.992268, 0.99609, 0.999795, 0.998852, 0.996482
0.996482, 0.992824, 0.982367, 0.967345, 0.957603
0.957603, 0.946622, 0.922457, 0.894004, 0.87731
0.87731, 0.859482, 0.822653, 0.782001, 0.759078
0.759078, 0.735173, 0.687274, 0.636179, 0.608019
0.608019, 0.579071, 0.522172, 0.462846, 0.430665
0.430665, 0.397926, 0.334489, 0.269496, 0.234686
0.234686, 0.199573, 0.13234, 0.0644912, 0.0285586
0.0285585, -0.00741105, -0.0755322, -0.143302, -0.178804
-0.178804, -0.214075, -0.280138, -0.344898, -0.378434
-0.378434, -0.41148, -0.472628, -0.531579, -0.561699
-0.561699, -0.591091, -0.64468, -0.695271, -0.720672
-0.720672, -0.74514, -0.788851, -0.828896, -0.848479
-0.848479, -0.866964, -0.898908, -0.926674, -0.939592
-0.939592, -0.951295, -0.970091, -0.984377, -0.990072
-0.990072, -0.994487, -0.999321, -0.999509, -0.997736
-0.997736, -0.994671, -0.985334, -0.971417, -0.962251
-0.962251, -0.95184, -0.928736, -0.901315, -0.885153
-0.885153, -0.867845, -0.831973, -0.792234, -0.769775
-0.769775, -0.746319, -0.699231, -0.648893, -0.621108
-0.621108, -0.592518, -0.53625, -0.47749, -0.44558
-0.44558, -0.413093, -0.350079, -0.285437, -0.250782
-0.250782, -0.215804, -0.148767, -0.0810397, -0.0451398
-0.0451397, -0.00918141, 0.0589773, 0.126862, 0.162455
0.162455, 0.197838, 0.264172, 0.329277, 0.363024
0.363024, 0.396302, 0.457941, 0.517453, 0.547894
0.547894, 0.577627, 0.631907, 0.68325, 0.70907
0.70907, 0.733972, 0.778546, 0.8195, 0.839581
0.839581, 0.858576, 0.891515, 0.92031, 0.933784
0.933784, 0.94605, 0.96593, 0.98132, 0.987604
0.987604, 0.99261, 0.998572, 0.999891, 0.998714
0.998714, 0.996245, 0.98803, 0.975222, 0.966634
0.966634, 0.956796, 0.934759, 0.908378, 0.892751
0.892751, 0.875969, 0.841064, 0.80225, 0.78026

-0.867818, -0.885128, -0.914779, -0.940179, -0.951823
-0.951824, -0.962236, -0.978549, -0.990312, -0.994666
-0.994666, -0.997732, -1, -0.997619, -0.994493
-0.994493, -0.99008, -0.978205, -0.961782, -0.951312
-0.951312, -0.939611, -0.914106, -0.884352, -0.866991
-0.866991, -0.848507, -0.810476, -0.768678, -0.745176
-0.745176, -0.720709, -0.671796, -0.619761, -0.591135
-0.591134, -0.561743, -0.504064, -0.444042, -0.411529
-0.411529, -0.378484, -0.314533, -0.24912, -0.214127
-0.214127, -0.178857, -0.1114, -0.0434246, -0.00746463
-0.0074646, 0.028505, 0.0965513, 0.164149, 0.199521
0.199521, 0.234634, 0.300327, 0.364623, 0.397877
0.397877, 0.430616, 0.491114, 0.54933, 0.579027
0.579027, 0.607976, 0.660663, 0.710279, 0.735137
0.735137, 0.759043, 0.801641, 0.840512, 0.859455
0.859455, 0.877285, 0.907951, 0.934397, 0.946604
0.946604, 0.957587, 0.974996, 0.987872, 0.992817
0.992817, 0.996478, 0.999876, 0.998626, 0.996095
0.996095, 0.992275, 0.981515, 0.966193, 0.956295
0.956295, 0.94516, 0.920708, 0.891976, 0.875139
0.875139, 0.85717, 0.820084, 0.779185, 0.756138
0.756138, 0.732112, 0.683994, 0.632697, 0.604436
0.604436, 0.575392, 0.518325, 0.458847, 0.426594
0.426594, 0.393789, 0.33024, 0.265155, 0.230305
0.230305, 0.195157, 0.127873, 0.0599949, 0.024055
0.024055, -0.0119159, -0.0800237, -0.147759, -0.183235
-0.183235, -0.218473, -0.28446, -0.349124, -0.3826
-0.382601, -0.415582, -0.476594, -0.53539, -0.56542
-0.56542, -0.594719, -0.648117, -0.698502, -0.723788
-0.723788, -0.748137, -0.791612, -0.831407, -0.850854
-0.850854, -0.8692, -0.900873, -0.928357, -0.941125
-0.941125, -0.952675, -0.971174, -0.98516, -0.990696
-0.990696, -0.994949, -0.999477, -0.999358, -0.997423
-0.997423, -0.994197, -0.984555, -0.970338, -0.961015
-0.961015, -0.950449, -0.927056, -0.899354, -0.883047
-0.883047, -0.865598, -0.829465, -0.789477, -0.766891
-0.766891, -0.743313, -0.696004, -0.645459, -0.617571
-0.61757, -0.588883, -0.532442, -0.473526, -0.441542
-0.441542, -0.408986, -0.345855, -0.281116, -0.246419
-0.246419, -0.211403, -0.144311, -0.0765486, -0.0406388
-0.0406388, -0.00467642, 0.063474, 0.131329, 0.166899
0.166899, 0.202252, 0.268514, 0.333528, 0.367218
0.367218, 0.400434, 0.461942, 0.521302, 0.551657
0.551657, 0.581298, 0.635392, 0.686533, 0.712239
0.712239, 0.737024, 0.781365, 0.822073, 0.84202
0.84202, 0.860877, 0.893547, 0.922063, 0.935386
0.935386, 0.9475, 0.967086, 0.982176, 0.988301
0.988301, 0.993147, 0.998802, 0.999815, 0.998476

-0.417143, -0.449561, -0.509382, -0.566835, -0.596098
-0.596099, -0.62459, -0.676353, -0.724971, -0.749275
-0.749275, -0.772609, -0.814074, -0.851755, -0.870048
-0.870048, -0.887215, -0.91659, -0.941704, -0.953195
-0.953195, -0.963453, -0.979467, -0.990928, -0.99512
-0.99512, -0.998025, -0.999986, -0.997298, -0.99401
-0.99401, -0.989437, -0.977259, -0.960539, -0.949914
-0.949914, -0.938059, -0.91227, -0.88224, -0.864737
-0.864737, -0.846114, -0.807829, -0.765788, -0.742164
-0.742164, -0.717579, -0.668453, -0.616219, -0.587495
-0.587495, -0.55801, -0.500168, -0.440001, -0.407419
-0.407419, -0.37431, -0.310253, -0.244755, -0.209724
-0.209724, -0.174423, -0.106921, -0.0389233, -0.00295959
-0.00295957, 0.033008, 0.101034, 0.168591, 0.203933
0.203933, 0.239011, 0.304621, 0.368815, 0.402006
0.402006, 0.434678, 0.495034, 0.553088, 0.582695
0.582695, 0.611547, 0.664038, 0.713443, 0.738184
0.738184, 0.761968, 0.804326, 0.842945, 0.861749
0.861749, 0.879438, 0.90983, 0.935992, 0.948047
0.948047, 0.958876, 0.975987, 0.988561, 0.993346
0.993346, 0.996846, 0.999937, 0.99838, 0.995687
0.995687, 0.991706, 0.980643, 0.965022, 0.954968
0.954968, 0.943679, 0.91894, 0.88993, 0.872951
0.872951, 0.854842, 0.817497, 0.776353, 0.753182
0.753182, 0.729036, 0.680701, 0.629202, 0.600841
0.600841, 0.571702, 0.514467, 0.45484, 0.422515
0.422515, 0.389644, 0.325984, 0.260808, 0.225918
0.225918, 0.190736, 0.123404, 0.0554973, 0.019551
0.019551, -0.0164206, -0.0845135, -0.152214, -0.187662
-0.187662, -0.222867, -0.288776, -0.353342, -0.386759
-0.386759, -0.419676, -0.480549, -0.539189, -0.56913
-0.56913, -0.598335, -0.651541, -0.701719, -0.726889
-0.726889, -0.751118, -0.794357, -0.833902, -0.853213
-0.853213, -0.871419, -0.902819, -0.930023, -0.942638
-0.942638, -0.954034, -0.972238, -0.985923, -0.991299
-0.991299, -0.995392, -0.999612, -0.999186, -0.997089
-0.997089, -0.993702, -0.983757, -0.969239, -0.95976
-0.95976, -0.949039, -0.925358, -0.897375, -0.880924
-0.880924, -0.863333, -0.826941, -0.786704, -0.763992
-0.763992, -0.740292, -0.692762, -0.642011, -0.614021
-0.614021, -0.585236, -0.528624, -0.469554, -0.437495
-0.437495, -0.404871, -0.341625, -0.27679, -0.24205
-0.24205, -0.206997, -0.139852, -0.072056, -0.036137
-0.036137, -0.000171336, 0.0679693, 0.135794, 0.171339
0.171339, 0.206662, 0.272851, 0.337771, 0.371405
0.371405, 0.404558, 0.465933, 0.525142, 0.555409
0.555409, 0.584958, 0.638865, 0.689802, 0.715394
0.715394, 0.740062, 0.784169, 0.82463, 0.844442

0.18905, 0.153611, 0.0859224, 0.0178345, -0.0181372
-0.0181371, -0.0540853, -0.122, -0.189348, -0.224541
-0.224541, -0.259443, -0.324647, -0.388342, -0.421233
-0.421233, -0.45358, -0.513254, -0.570541, -0.59971
-0.59971, -0.628102, -0.679664, -0.728067, -0.752251
-0.752251, -0.775461, -0.816682, -0.854107, -0.87226
-0.87226, -0.889285, -0.918382, -0.94321, -0.954548
-0.954548, -0.96465, -0.980365, -0.991523, -0.995555
-0.995555, -0.998298, -0.999952, -0.996957, -0.993508
-0.993508, -0.988774, -0.976294, -0.959276, -0.948496
-0.948496, -0.936489, -0.910416, -0.88011, -0.862466
-0.862466, -0.843705, -0.805166, -0.762884, -0.739137
-0.739137, -0.714434, -0.665095, -0.612665, -0.583843
-0.583843, -0.554266, -0.496262, -0.435951, -0.403301
-0.403301, -0.370129, -0.305967, -0.240384, -0.205317
-0.205317, -0.169985, -0.102441, -0.0344213, 0.0015455
0.00154553, 0.0375103, 0.105515, 0.17303, 0.208341
0.208341, 0.243383, 0.308909, 0.372998, 0.406127
0.406127, 0.438731, 0.498943, 0.556836, 0.58635
0.58635, 0.615105, 0.6674, 0.716593, 0.741215
0.741215, 0.764878, 0.806995, 0.84536, 0.864026
0.864026, 0.881574, 0.91169, 0.937568, 0.949471
0.949471, 0.960145, 0.976958, 0.989231, 0.993855
0.993855, 0.997193, 0.999977, 0.998113, 0.995259
0.995259, 0.991117, 0.979751, 0.963831, 0.953622
0.953622, 0.942179, 0.917154, 0.887867, 0.870744
0.870744, 0.852495, 0.814894, 0.773506, 0.750211
0.750211, 0.725945, 0.677394, 0.625694, 0.597233
0.597233, 0.568, 0.510598, 0.450823, 0.418428
0.418428, 0.385491, 0.321722, 0.256456, 0.221527
0.221527, 0.186312, 0.118932, 0.0509986, 0.0150466
0.0150466, -0.0209249, -0.0890016, -0.156665, -0.192085
-0.192085, -0.227257, -0.293086, -0.357553, -0.39091
-0.39091, -0.423761, -0.484495, -0.542978, -0.572829
-0.572829, -0.601938, -0.654952, -0.704922, -0.729976
-0.729976, -0.754085, -0.797085, -0.83638, -0.855554
-0.855554, -0.87362, -0.904747, -0.931669, -0.944133
-0.944133, -0.955375, -0.973283, -0.986666, -0.991882
-0.991882, -0.995813, -0.999728, -0.998994, -0.996736
-0.996736, -0.993187, -0.982938, -0.96812, -0.958485
-0.958485, -0.947609, -0.923641, -0.895378, -0.878783
-0.878783, -0.861051, -0.824399, -0.783915, -0.761078
-0.761078, -0.737256, -0.689506, -0.638551, -0.610459
-0.610459, -0.581577, -0.524794, -0.465571, -0.43344
-0.43344, -0.400748, -0.337387, -0.272458, -0.237677
-0.237677, -0.202588, -0.135389, -0.0675619, -0.0316345
-0.0316345, 0.00433375, 0.0724633, 0.140256, 0.175776
0.175776, 0.211068, 0.277182, 0.342008, 0.375584

0.724762, 0.699514, 0.649193, 0.595855, 0.566586
0.566586, 0.536583, 0.477836, 0.416868, 0.383907
0.383907, 0.350448, 0.285815, 0.219853, 0.184625
0.184625, 0.149158, 0.0814331, 0.0133299, -0.0226413
-0.0226413, -0.0585833, -0.12647, -0.193769, -0.228928
-0.228928, -0.263791, -0.328904, -0.392489, -0.425315
-0.425315, -0.457591, -0.517115, -0.574235, -0.603309
-0.603309, -0.631601, -0.682962, -0.731148, -0.755211
-0.755211, -0.778298, -0.819274, -0.856441, -0.874454
-0.874454, -0.891336, -0.920155, -0.944697, -0.955881
-0.955881, -0.965827, -0.981244, -0.992098, -0.995969
-0.995969, -0.998551, -0.999897, -0.996596, -0.992985
-0.992985, -0.988091, -0.975309, -0.957994, -0.947059
-0.947059, -0.9349, -0.908543, -0.877963, -0.860177
-0.860177, -0.841278, -0.802486, -0.759963, -0.736095
-0.736095, -0.711274, -0.661724, -0.609098, -0.58018
-0.58018, -0.550511, -0.492346, -0.431892, -0.399174
-0.399174, -0.36594, -0.301675, -0.236009, -0.200906
-0.200906, -0.165544, -0.0979587, -0.0299185, 0.00605057
0.00605059, 0.0420118, 0.109994, 0.177465, 0.212746
0.212746, 0.24775, 0.31319, 0.377175, 0.41024
0.41024, 0.442775, 0.502842, 0.560573, 0.589993
0.589993, 0.618651, 0.670748, 0.719728, 0.744232
0.744232, 0.767773, 0.809647, 0.847758, 0.866285
0.866285, 0.883691, 0.913532, 0.939126, 0.950875
0.950875, 0.961394, 0.97791, 0.98988, 0.994344
0.994344, 0.99752, 0.999997, 0.997826, 0.994811
0.994811, 0.990508, 0.978839, 0.96262, 0.952256
0.952256, 0.940659, 0.91535, 0.885785, 0.86852
0.86852, 0.850132, 0.812275, 0.770643, 0.747224
0.747224, 0.722839, 0.674073, 0.622173, 0.593614
0.593614, 0.564286, 0.50672, 0.446797, 0.414332
0.414332, 0.381331, 0.317453, 0.252099, 0.217132
0.217132, 0.181884, 0.114457, 0.0464989, 0.0105419
0.0105418, -0.0254288, -0.0934879, -0.161112, -0.196504
-0.196504, -0.231642, -0.29739, -0.361756, -0.395052
-0.395052, -0.427837, -0.488431, -0.546756, -0.576516
-0.576516, -0.60553, -0.65835, -0.70811, -0.733047
-0.733047, -0.757036, -0.799798, -0.838841, -0.857877
-0.857877, -0.875804, -0.906657, -0.933296, -0.945608
-0.945608, -0.956696, -0.974307, -0.987389, -0.992444
-0.992444, -0.996215, -0.999823, -0.998782, -0.996362
-0.996362, -0.992652, -0.982099, -0.966982, -0.95719
-0.95719, -0.94616, -0.921905, -0.893363, -0.876624
-0.876624, -0.858751, -0.821841, -0.78111, -0.758148
-0.758148, -0.734205, -0.686236, -0.635077, -0.606884
-0.606884, -0.577907, -0.520954, -0.46158, -0.429376
-0.429376, -0.396616, -0.333143, -0.268121, -0.233298

0.99027, 0.984625, 0.970433, 0.951731, 0.940075
0.940076, 0.927204, 0.899527, 0.867668, 0.849226
0.849226, 0.829686, 0.78972, 0.746082, 0.721651
0.721651, 0.696287, 0.64576, 0.592231, 0.562868
0.562868, 0.532776, 0.473874, 0.412769, 0.379743
0.379743, 0.346225, 0.281495, 0.215456, 0.180195
0.180195, 0.144702, 0.0769422, 0.0088251, -0.027145
-0.027145, -0.06308, -0.130938, -0.198187, -0.233311
-0.233311, -0.268134, -0.333156, -0.396629, -0.429388
-0.429388, -0.461592, -0.520966, -0.577918, -0.606895
-0.606895, -0.635088, -0.686246, -0.734214, -0.758157
-0.758157, -0.781119, -0.821849, -0.858758, -0.876631
-0.876631, -0.893369, -0.92191, -0.946165, -0.957194
-0.957194, -0.966985, -0.982102, -0.992654, -0.996363
-0.996363, -0.998783, -0.999822, -0.996214, -0.992443
-0.992443, -0.987387, -0.974304, -0.956692, -0.945603
-0.945603, -0.933291, -0.906651, -0.875797, -0.85787
-0.85787, -0.838834, -0.799789, -0.757027, -0.733038
-0.733038, -0.7081, -0.65834, -0.605519, -0.576505
-0.576505, -0.546744, -0.48842, -0.427825, -0.39504
-0.39504, -0.361744, -0.297377, -0.231628, -0.196491
-0.196491, -0.161099, -0.0934743, -0.0254151, 0.0105555
0.0105555, 0.0465125, 0.114471, 0.181897, 0.217145
0.217145, 0.252112, 0.317466, 0.381343, 0.414344
0.414344, 0.44681, 0.506731, 0.564298, 0.593625
0.593625, 0.622184, 0.674083, 0.722848, 0.747233
0.747233, 0.770651, 0.812283, 0.850139, 0.868527
0.868527, 0.885791, 0.915355, 0.940664, 0.95226
0.95226, 0.962624, 0.978842, 0.990509, 0.994812
0.994812, 0.997827, 0.999997, 0.997519, 0.994342
0.994342, 0.989878, 0.977907, 0.96139, 0.950871
0.950871, 0.939121, 0.913526, 0.883685, 0.866278
0.866278, 0.847751, 0.809639, 0.767764, 0.744223
0.744223, 0.719718, 0.670738, 0.61864, 0.589982
0.589982, 0.560561, 0.502831, 0.442762, 0.410228
0.410228, 0.377162, 0.313177, 0.247737, 0.212732
0.212732, 0.177452, 0.109981, 0.0419982, 0.00603691
0.00603688, -0.0299321, -0.0979723, -0.165557, -0.200919
-0.200919, -0.236022, -0.301688, -0.365953, -0.399187
-0.399187, -0.431904, -0.492358, -0.550522, -0.580191
-0.580191, -0.609109, -0.661734, -0.711284, -0.736104
-0.736104, -0.759972, -0.802494, -0.841285, -0.860184
-0.860184, -0.877969, -0.908548, -0.934904, -0.947064
-0.947064, -0.957998, -0.975312, -0.988093, -0.992987
-0.992987, -0.996597, -0.999897, -0.99855, -0.995968
-0.995968, -0.992097, -0.981241, -0.965824, -0.955877
-0.955877, -0.944693, -0.92015, -0.89133, -0.874448
-0.874448, -0.856434, -0.819266, -0.778289, -0.755202

0.886586, 0.90265, 0.929877, 0.952783, 0.963087
0.963088, 0.972146, 0.985857, 0.994985, 0.997939
0.997939, 0.999601, 0.999202, 0.994158, 0.989633
0.989633, 0.983828, 0.969336, 0.950338, 0.93853
0.93853, 0.925507, 0.897549, 0.865419, 0.846839
0.846839, 0.827163, 0.786948, 0.743075, 0.718525
0.718525, 0.693046, 0.642314, 0.588595, 0.559139
0.559139, 0.528959, 0.469902, 0.408661, 0.375571
0.375571, 0.341996, 0.277169, 0.211054, 0.175762
0.175762, 0.140242, 0.0724497, 0.0043201, -0.0316482
-0.0316482, -0.0675755, -0.135403, -0.202601, -0.23769
-0.23769, -0.272471, -0.3374, -0.40076, -0.433452
-0.433452, -0.465583, -0.524806, -0.581588, -0.61047
-0.61047, -0.638561, -0.689516, -0.737265, -0.761087
-0.761087, -0.783924, -0.824407, -0.861058, -0.87879
-0.87879, -0.895384, -0.923646, -0.947614, -0.958489
-0.958489, -0.968123, -0.982941, -0.993189, -0.996737
-0.996737, -0.998995, -0.999727, -0.995812, -0.99188
-0.99188, -0.986664, -0.97328, -0.955371, -0.944128
-0.944128, -0.931664, -0.904742, -0.873614, -0.855547
-0.855547, -0.836373, -0.797077, -0.754076, -0.729966
-0.729966, -0.704912, -0.654942, -0.601928, -0.572818
-0.572818, -0.542966, -0.484483, -0.423748, -0.390897
-0.390897, -0.35754, -0.293073, -0.227243, -0.192072
-0.192071, -0.156651, -0.088988, -0.0209112, 0.0150602
0.0150603, 0.0510122, 0.118945, 0.186325, 0.221541
0.221541, 0.256469, 0.321734, 0.385504, 0.41844
0.41844, 0.450835, 0.51061, 0.568011, 0.597244
0.597244, 0.625705, 0.677404, 0.725954, 0.75022
0.75022, 0.773514, 0.814902, 0.852502, 0.870751
0.870751, 0.887873, 0.91716, 0.942183, 0.953626
0.953626, 0.963834, 0.979754, 0.991119, 0.99526
0.99526, 0.998114, 0.999977, 0.997192, 0.993853
0.993853, 0.989229, 0.976956, 0.960141, 0.949467
0.949467, 0.937564, 0.911684, 0.881567, 0.864019
0.864019, 0.845353, 0.806987, 0.76487, 0.741206
0.741206, 0.716583, 0.66739, 0.615094, 0.586339
0.586339, 0.556825, 0.498931, 0.438718, 0.406115
0.406115, 0.372986, 0.308896, 0.24337, 0.208328
0.208328, 0.173017, 0.105502, 0.0374966, 0.00153185
0.00153182, -0.0344349, -0.102455, -0.169998, -0.205331
-0.205331, -0.240397, -0.305981, -0.370141, -0.403313
-0.403313, -0.435963, -0.496274, -0.554277, -0.583854
-0.583854, -0.612676, -0.665105, -0.714443, -0.739146
-0.739146, -0.762892, -0.805174, -0.843712, -0.862472
-0.862472, -0.880117, -0.910421, -0.936494, -0.9485
-0.9485, -0.95928, -0.976297, -0.988776, -0.99351
-0.99351, -0.996958, -0.999952, -0.998297, -0.995553

0.452367, 0.48415, 0.542646, 0.59862, 0.627043
0.627043, 0.654654, 0.704642, 0.751354, 0.774601
0.774601, 0.796847, 0.836164, 0.871594, 0.888661
0.888661, 0.904579, 0.931525, 0.954141, 0.96429
0.96429, 0.973192, 0.986602, 0.995426, 0.998218
0.998218, 0.999718, 0.999012, 0.993662, 0.988976
0.988976, 0.983011, 0.968219, 0.948926, 0.936965
0.936965, 0.923792, 0.895554, 0.863153, 0.844434
0.844434, 0.824623, 0.78416, 0.740052, 0.715385
0.715385, 0.689792, 0.638854, 0.584947, 0.555398
0.555398, 0.52513, 0.465921, 0.404545, 0.371392
0.371392, 0.337759, 0.272838, 0.206649, 0.171325
0.171325, 0.13578, 0.0679557, -0.000184983, -0.0361507
-0.0361507, -0.0720696, -0.139865, -0.207011, -0.242063
-0.242063, -0.276803, -0.341637, -0.404884, -0.437508
-0.437508, -0.469566, -0.528635, -0.585247, -0.614032
-0.614032, -0.642022, -0.692772, -0.740301, -0.764001
-0.764001, -0.786713, -0.826948, -0.86334, -0.880931
-0.880931, -0.897381, -0.925363, -0.949043, -0.959763
-0.959763, -0.969242, -0.983759, -0.993703, -0.99709
-0.99709, -0.999187, -0.999612, -0.99539, -0.991297
-0.991297, -0.985921, -0.972235, -0.95403, -0.942634
-0.942634, -0.930018, -0.902813, -0.871412, -0.853206
-0.853206, -0.833895, -0.794348, -0.751109, -0.72688
-0.72688, -0.701709, -0.651531, -0.598324, -0.569119
-0.569119, -0.539178, -0.480537, -0.419663, -0.386746
-0.386746, -0.353329, -0.288763, -0.222854, -0.187648
-0.187648, -0.1522, -0.0844999, -0.0164069, 0.0195647
0.0195647, 0.0555109, 0.123417, 0.19075, 0.225932
0.225932, 0.260821, 0.325997, 0.389657, 0.422528
0.422528, 0.454852, 0.514478, 0.571713, 0.600851
0.600852, 0.629212, 0.680711, 0.729045, 0.753191
0.753191, 0.776362, 0.817505, 0.854849, 0.872957
0.872957, 0.889937, 0.918946, 0.943683, 0.954972
0.954972, 0.965025, 0.980646, 0.991708, 0.995688
0.995688, 0.99838, 0.999936, 0.996845, 0.993345
0.993345, 0.988559, 0.975984, 0.958872, 0.948043
0.948043, 0.935987, 0.909824, 0.879432, 0.861742
0.861742, 0.842937, 0.804318, 0.76196, 0.738174
0.738174, 0.713434, 0.664028, 0.611536, 0.582683
0.582683, 0.553077, 0.495022, 0.434666, 0.401994
0.401994, 0.368802, 0.304608, 0.238998, 0.20392
0.20392, 0.168578, 0.101021, 0.0329943, -0.00297325
-0.00297328, -0.038937, -0.106935, -0.174436, -0.209738
-0.209738, -0.244768, -0.310266, -0.374323, -0.407432
-0.407432, -0.440013, -0.50018, -0.558022, -0.587506
-0.587506, -0.61623, -0.668463, -0.717588, -0.742173
-0.742173, -0.765797, -0.807837, -0.846122, -0.864744

-0.150503, -0.114849, -0.0468931, 0.0212811, 0.0572251
0.057225, 0.0930949, 0.160723, 0.227604, 0.262478
0.262478, 0.297013, 0.361388, 0.424083, 0.45638
0.45638, 0.488087, 0.546425, 0.602223, 0.630546
0.630546, 0.658053, 0.707831, 0.754319, 0.777443
0.777443, 0.799561, 0.838626, 0.873794, 0.890718
0.890718, 0.906491, 0.933154, 0.95548, 0.965474
0.965474, 0.974218, 0.987327, 0.995846, 0.998476
0.998476, 0.999815, 0.998802, 0.993145, 0.988299
0.988299, 0.982174, 0.967082, 0.947495, 0.935382
0.935381, 0.922057, 0.89354, 0.86087, 0.842012
0.842012, 0.822066, 0.781356, 0.737015, 0.71223
0.71223, 0.686523, 0.635382, 0.581287, 0.551646
0.551646, 0.521291, 0.46193, 0.400421, 0.367206
0.367206, 0.333515, 0.268501, 0.202239, 0.166885
0.166885, 0.131316, 0.0634603, -0.00469007, -0.0406525
-0.0406525, -0.0765622, -0.144325, -0.211416, -0.246432
-0.246432, -0.281129, -0.345868, -0.408999, -0.441554
-0.441554, -0.473538, -0.532454, -0.588894, -0.617581
-0.617581, -0.645469, -0.696013, -0.743322, -0.7669
-0.7669, -0.789486, -0.829473, -0.865605, -0.883054
-0.883054, -0.89936, -0.927061, -0.950453, -0.961019
-0.961019, -0.970341, -0.984558, -0.994198, -0.997424
-0.997424, -0.999358, -0.999476, -0.994948, -0.990694
-0.990694, -0.985157, -0.971171, -0.95267, -0.94112
-0.94112, -0.928352, -0.900867, -0.869194, -0.850847
-0.850847, -0.8314, -0.791604, -0.748128, -0.723778
-0.723778, -0.698493, -0.648107, -0.594708, -0.565409
-0.565409, -0.535378, -0.476582, -0.41557, -0.382588
-0.382588, -0.349111, -0.284446, -0.21846, -0.183221
-0.183221, -0.147746, -0.08001, -0.0119023, 0.0240687
0.0240687, 0.0600085, 0.127886, 0.19517, 0.230318
0.230318, 0.265168, 0.330252, 0.393802, 0.426607
0.426607, 0.45886, 0.518336, 0.575404, 0.604447
0.604447, 0.632708, 0.684004, 0.732121, 0.756147
0.756147, 0.779193, 0.820092, 0.857178, 0.875146
0.875146, 0.891982, 0.920713, 0.945164, 0.956299
0.956299, 0.966196, 0.981518, 0.992277, 0.996096
0.996096, 0.998626, 0.999876, 0.996477, 0.992816
0.992816, 0.98787, 0.974993, 0.957583, 0.9466
0.9466, 0.934392, 0.907945, 0.877278, 0.859448
0.859448, 0.840505, 0.801633, 0.759034, 0.735128
0.735128, 0.71027, 0.660653, 0.607965, 0.579016
0.579016, 0.549318, 0.491103, 0.430604, 0.397865
0.397865, 0.364611, 0.300314, 0.234621, 0.199507
0.199507, 0.164135, 0.0965377, 0.0284914, -0.00747828
-0.00747831, -0.0434382, -0.111413, -0.17887, -0.21414
-0.21414, -0.249133, -0.314546, -0.378497, -0.411542

-0.697263, -0.671031, -0.61895, -0.563992, -0.533927
-0.533927, -0.503172, -0.443116, -0.381001, -0.347502
-0.347502, -0.313552, -0.24812, -0.181533, -0.146048
-0.146048, -0.110373, -0.0423925, 0.025785, 0.0617222
0.0617222, 0.0975795, 0.165168, 0.231988, 0.266823
0.266823, 0.301312, 0.365585, 0.428159, 0.460384
0.460384, 0.492014, 0.550193, 0.605813, 0.634036
0.634036, 0.661438, 0.711006, 0.757269, 0.780268
0.780268, 0.802258, 0.841072, 0.875976, 0.892757
0.892757, 0.908383, 0.934764, 0.9568, 0.966638
0.966638, 0.975225, 0.988032, 0.996246, 0.998715
0.998715, 0.999892, 0.998571, 0.992609, 0.987602
0.987602, 0.981317, 0.965926, 0.946045, 0.933779
0.933779, 0.920304, 0.891509, 0.858569, 0.839574
0.839574, 0.819492, 0.778537, 0.733963, 0.70906
0.70906, 0.68324, 0.631897, 0.577616, 0.547883
0.547883, 0.517441, 0.457929, 0.396289, 0.363012
0.363012, 0.329264, 0.264158, 0.197825, 0.162442
0.162442, 0.126848, 0.0589637, -0.00919505, -0.0451534
-0.0451534, -0.0810533, -0.148781, -0.215817, -0.250796
-0.250796, -0.28545, -0.350091, -0.413106, -0.445592
-0.445592, -0.477502, -0.536262, -0.592529, -0.621118
-0.621118, -0.648903, -0.699241, -0.746328, -0.769784
-0.769784, -0.792243, -0.831981, -0.867852, -0.885159
-0.885159, -0.901321, -0.928741, -0.951844, -0.962255
-0.962255, -0.97142, -0.985337, -0.994673, -0.997737
-0.997737, -0.99951, -0.99932, -0.994486, -0.99007
-0.99007, -0.984374, -0.970087, -0.951291, -0.939588
-0.939588, -0.926668, -0.898902, -0.866957, -0.848472
-0.848472, -0.828888, -0.788843, -0.745131, -0.720662
-0.720662, -0.695261, -0.644669, -0.59108, -0.561687
-0.561687, -0.531568, -0.472616, -0.411468, -0.378422
-0.378422, -0.344886, -0.280125, -0.214061, -0.178791
-0.178791, -0.143289, -0.0755186, -0.0073974, 0.0285722
0.0285722, 0.0645049, 0.132353, 0.199586, 0.2347
0.2347, 0.269509, 0.334501, 0.397939, 0.430677
0.430677, 0.462858, 0.522184, 0.579082, 0.608029
0.608029, 0.63619, 0.687284, 0.735182, 0.759087
0.759087, 0.782009, 0.822661, 0.859489, 0.877317
0.877317, 0.89401, 0.922462, 0.946626, 0.957607
0.957607, 0.967348, 0.98237, 0.992825, 0.996484
0.996484, 0.998852, 0.999794, 0.996089, 0.992267
0.992267, 0.98716, 0.973982, 0.956275, 0.945138
0.945138, 0.932777, 0.906048, 0.875107, 0.857136
0.857136, 0.838056, 0.798932, 0.756094, 0.732066
0.732066, 0.707091, 0.657264, 0.604382, 0.575337
0.575337, 0.545548, 0.487173, 0.426534, 0.393728
0.393728, 0.360412, 0.296014, 0.230239, 0.195091

-0.98407, -0.97704, -0.960251, -0.938999, -0.926021
-0.926022, -0.911847, -0.881754, -0.847562, -0.827926
-0.827926, -0.80722, -0.765124, -0.719471, -0.694026
-0.694026, -0.667684, -0.615405, -0.560266, -0.530113
-0.530113, -0.499273, -0.439073, -0.376832, -0.343274
-0.343274, -0.309271, -0.243753, -0.177101, -0.141589
-0.141589, -0.105894, -0.0378911, 0.0302883, 0.066218
0.0662181, 0.102062, 0.169609, 0.236368, 0.271162
0.271162, 0.305605, 0.369775, 0.432226, 0.464379
0.464379, 0.495931, 0.553949, 0.609392, 0.637513
0.637513, 0.66481, 0.714167, 0.760203, 0.783078
0.783078, 0.804939, 0.8435, 0.87814, 0.894778
0.894778, 0.910258, 0.936355, 0.9581, 0.967782
0.967782, 0.976212, 0.988717, 0.996626, 0.998933
0.998933, 0.999948, 0.99832, 0.992052, 0.986885
0.986885, 0.98044, 0.96475, 0.944576, 0.932157
0.932157, 0.918533, 0.889459, 0.85625, 0.837118
0.837118, 0.816902, 0.775702, 0.730895, 0.705876
0.705876, 0.679944, 0.628399, 0.573932, 0.544108
0.544108, 0.513581, 0.45392, 0.392149, 0.35881
0.35881, 0.325007, 0.259811, 0.193407, 0.157995
0.157995, 0.122378, 0.0544658, -0.0136999, -0.0496534
-0.0496535, -0.0855428, -0.153234, -0.220214, -0.255154
-0.255154, -0.289764, -0.354308, -0.417204, -0.449621
-0.449621, -0.481455, -0.540059, -0.596152, -0.624643
-0.624643, -0.652325, -0.702455, -0.749319, -0.772651
-0.772651, -0.794984, -0.834472, -0.870081, -0.887246
-0.887246, -0.903263, -0.930402, -0.953215, -0.963471
-0.963471, -0.97248, -0.986095, -0.995127, -0.998029
-0.998029, -0.99964, -0.999144, -0.994003, -0.989427
-0.989427, -0.983571, -0.968984, -0.949893, -0.938036
-0.938036, -0.924966, -0.896919, -0.864703, -0.846079
-0.846079, -0.826359, -0.786066, -0.742119, -0.717532
-0.717532, -0.692016, -0.641219, -0.58744, -0.557954
-0.557954, -0.527746, -0.468641, -0.407358, -0.374248
-0.374248, -0.340654, -0.275797, -0.209659, -0.174356
-0.174356, -0.138829, -0.0710256, -0.00289236, 0.0330752
0.0330752, 0.0689999, 0.136817, 0.203999, 0.239076
0.239076, 0.273845, 0.338744, 0.402068, 0.434738
0.434739, 0.466846, 0.52602, 0.582749, 0.6116
0.6116, 0.639659, 0.690549, 0.738229, 0.762012
0.762012, 0.784809, 0.825214, 0.861783, 0.87947
0.87947, 0.896019, 0.924192, 0.948069, 0.958895
0.958895, 0.96848, 0.983202, 0.993354, 0.996851
0.996851, 0.999058, 0.999693, 0.995681, 0.991697
0.991697, 0.986431, 0.972951, 0.954948, 0.943657
0.943657, 0.931144, 0.904132, 0.872918, 0.854807
0.854807, 0.835589, 0.796214, 0.753137, 0.72899

-0.903998, -0.91879, -0.943553, -0.963929, -0.972878
-0.972878, -0.980568, -0.991657, -0.998136, -0.999685
-0.999685, -0.999941, -0.996876, -0.989177, -0.983259
-0.983259, -0.97607, -0.958984, -0.93744, -0.924312
-0.924312, -0.909988, -0.87962, -0.845162, -0.825391
-0.825391, -0.804552, -0.762215, -0.716335, -0.690776
-0.690776, -0.664323, -0.611848, -0.556529, -0.526287
-0.526287, -0.495365, -0.435021, -0.372655, -0.339039
-0.339039, -0.304984, -0.239381, -0.172666, -0.137128
-0.137128, -0.101414, -0.0333888, 0.034791, 0.0707126
0.0707126, 0.106543, 0.174047, 0.240743, 0.275495
0.275495, 0.309891, 0.373957, 0.436284, 0.468364
0.468364, 0.499838, 0.557694, 0.612957, 0.640978
0.640978, 0.668169, 0.717313, 0.763123, 0.785872
0.785872, 0.807604, 0.845911, 0.880286, 0.89678
0.89678, 0.912114, 0.937927, 0.95938, 0.968906
0.968906, 0.977178, 0.989382, 0.996986, 0.999131
0.999131, 0.999984, 0.998049, 0.991475, 0.986147
0.986147, 0.979544, 0.963555, 0.943087, 0.930517
0.930517, 0.916742, 0.887391, 0.853914, 0.834645
0.834645, 0.814295, 0.772851, 0.727813, 0.702678
0.702678, 0.676633, 0.624888, 0.570237, 0.540323
0.540323, 0.50971, 0.449901, 0.388001, 0.354601
0.354601, 0.320743, 0.255458, 0.188985, 0.153545
0.153545, 0.117906, 0.0499669, -0.0182044, -0.0541525
-0.0541525, -0.0900305, -0.157685, -0.224606, -0.259508
-0.259508, -0.294073, -0.358517, -0.421294, -0.45364
-0.45364, -0.485399, -0.543845, -0.599763, -0.628154
-0.628154, -0.655733, -0.705654, -0.752295, -0.775504
-0.775504, -0.797709, -0.836946, -0.872293, -0.889315
-0.889315, -0.905187, -0.932044, -0.954568, -0.964668
-0.964668, -0.973519, -0.986834, -0.995561, -0.998302
-0.998302, -0.999751, -0.998948, -0.9935, -0.988764
-0.988764, -0.982748, -0.967861, -0.948475, -0.936465
-0.936465, -0.923244, -0.894918, -0.862432, -0.843669
-0.843669, -0.823814, -0.783273, -0.739091, -0.714387
-0.714387, -0.688757, -0.637755, -0.583789, -0.55421
-0.55421, -0.523914, -0.464657, -0.403239, -0.370066
-0.370066, -0.336414, -0.271464, -0.205251, -0.169919
-0.169919, -0.134366, -0.0665312, 0.00161273, 0.0375775
0.0375775, 0.0734936, 0.141279, 0.208407, 0.243448
0.243448, 0.278175, 0.342979, 0.406189, 0.438791
0.438791, 0.470826, 0.529847, 0.586404, 0.615158
0.615158, 0.643116, 0.693801, 0.74126, 0.764922
0.764922, 0.787593, 0.82775, 0.86406, 0.881605
0.881605, 0.89801, 0.925903, 0.949492, 0.960163
0.960163, 0.969592, 0.984015, 0.993862, 0.997198
0.997198, 0.999243, 0.999571, 0.995252, 0.991108

-0.486899, -0.517999, -0.575081, -0.629489, -0.657028
-0.657028, -0.683716, -0.731852, -0.776586, -0.798743
-0.798743, -0.819866, -0.856974, -0.890099, -0.905915
-0.905915, -0.920559, -0.945035, -0.965119, -0.97391
-0.97391, -0.981442, -0.992228, -0.998401, -0.999788
-0.999788, -0.999882, -0.99651, -0.988506, -0.982429
-0.982429, -0.97508, -0.957697, -0.935862, -0.922583
-0.922583, -0.908111, -0.877468, -0.842746, -0.82284
-0.82284, -0.801869, -0.759291, -0.713184, -0.687512
-0.687511, -0.660949, -0.608279, -0.55278, -0.522451
-0.522451, -0.491446, -0.43096, -0.368471, -0.334797
-0.334797, -0.30069, -0.235005, -0.168226, -0.132664
-0.132664, -0.0969306, -0.0288859, 0.039293, 0.0752056
0.0752057, 0.111021, 0.178482, 0.245113, 0.279823
0.279823, 0.314171, 0.378131, 0.440333, 0.47234
0.47234, 0.503735, 0.561428, 0.616511, 0.644429
0.644429, 0.671514, 0.720445, 0.766026, 0.78865
0.78865, 0.810253, 0.848305, 0.882414, 0.898765
0.898765, 0.913952, 0.93948, 0.960642, 0.970011
0.970011, 0.978125, 0.990026, 0.997325, 0.999309
0.999309, 0.999999, 0.997758, 0.990878, 0.98539
0.98539, 0.978627, 0.96234, 0.941579, 0.928857
0.928857, 0.914933, 0.885305, 0.851561, 0.832155
0.832155, 0.811672, 0.769984, 0.724716, 0.699465
0.699465, 0.673309, 0.621364, 0.566531, 0.536527
0.536527, 0.505829, 0.445873, 0.383845, 0.350385
0.350385, 0.316473, 0.251099, 0.184559, 0.149091
0.149091, 0.113431, 0.0454669, -0.0227085, -0.0586504
-0.0586504, -0.0945163, -0.162132, -0.228994, -0.263856
-0.263856, -0.298376, -0.362719, -0.425376, -0.45765
-0.45765, -0.489333, -0.54762, -0.603362, -0.631653
-0.631653, -0.659127, -0.708839, -0.755255, -0.77834
-0.77834, -0.800417, -0.839403, -0.874487, -0.891366
-0.891366, -0.907092, -0.933666, -0.9559, -0.965845
-0.965845, -0.974539, -0.987553, -0.995975, -0.998554
-0.998554, -0.999841, -0.998731, -0.992978, -0.98808
-0.98808, -0.981904, -0.966718, -0.947038, -0.934876
-0.934876, -0.921504, -0.892898, -0.860142, -0.841241
-0.841241, -0.821252, -0.780465, -0.736049, -0.711227
-0.711227, -0.685484, -0.634279, -0.580125, -0.550455
-0.550455, -0.520072, -0.460663, -0.399113, -0.365877
-0.365877, -0.332169, -0.267125, -0.20084, -0.165477
-0.165477, -0.1299, -0.0620354, 0.00611779, 0.042079
0.042079, 0.0779857, 0.145737, 0.212811, 0.247815
0.247816, 0.282499, 0.347207, 0.410301, 0.442835
0.442835, 0.474795, 0.533662, 0.590048, 0.618704
0.618704, 0.646559, 0.697038, 0.744277, 0.767816
0.767816, 0.790361, 0.83027, 0.866319, 0.883723

0.111725, 0.0759122, 0.0077921, -0.0603642, -0.0962254
-0.0962253, -0.131962, -0.1992, -0.265511, -0.300014
-0.300014, -0.334129, -0.397577, -0.459176, -0.490829
-0.490829, -0.521847, -0.57876, -0.632983, -0.660417
-0.660417, -0.686997, -0.734915, -0.779417, -0.801445
-0.801445, -0.822437, -0.859287, -0.892143, -0.907814
-0.907814, -0.92231, -0.946499, -0.966288, -0.974923
-0.974923, -0.982296, -0.992778, -0.998645, -0.999871
-0.999871, -0.999802, -0.996124, -0.987814, -0.981578
-0.981578, -0.974071, -0.956391, -0.934265, -0.920836
-0.920836, -0.906215, -0.875298, -0.840312, -0.820271
-0.820271, -0.799169, -0.756352, -0.710019, -0.684233
-0.684233, -0.657562, -0.604697, -0.54902, -0.518605
-0.518605, -0.487518, -0.426891, -0.364279, -0.330549
-0.330549, -0.296391, -0.230623, -0.163784, -0.128198
-0.128198, -0.0924458, -0.0243824, 0.0437942, 0.0796972
0.0796972, 0.115497, 0.182913, 0.249478, 0.284146
0.284146, 0.318445, 0.382298, 0.444374, 0.476306
0.476306, 0.507622, 0.56515, 0.620051, 0.647868
0.647868, 0.674846, 0.723562, 0.768914, 0.791412
0.791412, 0.812885, 0.850682, 0.884525, 0.900731
0.900731, 0.915771, 0.941014, 0.961883, 0.971096
0.971096, 0.979053, 0.990651, 0.997644, 0.999466
0.999466, 0.999995, 0.997446, 0.990261, 0.984613
0.984613, 0.977691, 0.961105, 0.940053, 0.927179
0.927179, 0.913106, 0.883201, 0.849191, 0.829648
0.829648, 0.809032, 0.767102, 0.721605, 0.696239
0.696239, 0.669972, 0.617828, 0.562812, 0.53272
0.53272, 0.501937, 0.441836, 0.379681, 0.346162
0.346162, 0.312196, 0.246736, 0.180129, 0.144635
0.144635, 0.108954, 0.040966, -0.0272122, -0.0631471
-0.0631471, -0.0990003, -0.166576, -0.233377, -0.268198
-0.268198, -0.302673, -0.366914, -0.429449, -0.461651
-0.461651, -0.493256, -0.551384, -0.606949, -0.63514
-0.63514, -0.662509, -0.712009, -0.758201, -0.781161
-0.781161, -0.80311, -0.841843, -0.876663, -0.893399
-0.893399, -0.90898, -0.93527, -0.957214, -0.967002
-0.967002, -0.97554, -0.988251, -0.996369, -0.998786
-0.998786, -0.999912, -0.998494, -0.992434, -0.987377
-0.987377, -0.981041, -0.965556, -0.945581, -0.933267
-0.933267, -0.919745, -0.890861, -0.857836, -0.838797
-0.838797, -0.818673, -0.77764, -0.732992, -0.708053
-0.708053, -0.682197, -0.630789, -0.57645, -0.546688
-0.546688, -0.516219, -0.45666, -0.394978, -0.361681
-0.361681, -0.327916, -0.262781, -0.196425, -0.161033
-0.161033, -0.125432, -0.0575384, 0.0106227, 0.0465797
0.0465797, 0.0824763, 0.150193, 0.217211, 0.252178
0.252178, 0.286818, 0.351429, 0.414406, 0.44687

0.668696, 0.641522, 0.58776, 0.531266, 0.500451
0.500452, 0.46899, 0.407718, 0.344551, 0.310565
0.310565, 0.276176, 0.210044, 0.142936, 0.107247
0.107247, 0.0714193, 0.00328708, -0.0648604, -0.100709
-0.100709, -0.136426, -0.203612, -0.269852, -0.304309
-0.304309, -0.338372, -0.401707, -0.463174, -0.494749
-0.494749, -0.525685, -0.582428, -0.636465, -0.663794
-0.663794, -0.690263, -0.737963, -0.782231, -0.804131
-0.804131, -0.824991, -0.861583, -0.894169, -0.909694
-0.909694, -0.924041, -0.947943, -0.967438, -0.975916
-0.975916, -0.98313, -0.993308, -0.998869, -0.999933
-0.999933, -0.999703, -0.995717, -0.987103, -0.980707
-0.980707, -0.973042, -0.955065, -0.932649, -0.91907
-0.91907, -0.904301, -0.87311, -0.837861, -0.817686
-0.817686, -0.796453, -0.753397, -0.706839, -0.680941
-0.680941, -0.654161, -0.601102, -0.545249, -0.514747
-0.514747, -0.483579, -0.422812, -0.36008, -0.326293
-0.326293, -0.292085, -0.226237, -0.159338, -0.123729
-0.123729, -0.087959, -0.0198784, 0.0482945, 0.0841872
0.0841872, 0.119971, 0.18734, 0.253838, 0.288462
0.288462, 0.322712, 0.386457, 0.448405, 0.480262
0.480262, 0.511498, 0.568861, 0.62358, 0.651293
0.651293, 0.678163, 0.726664, 0.771787, 0.794158
0.794158, 0.815501, 0.853042, 0.886618, 0.902678
0.902678, 0.917571, 0.942529, 0.963106, 0.972162
0.972162, 0.97996, 0.991255, 0.997943, 0.999603
0.999603, 0.99997, 0.997114, 0.989624, 0.983816
0.983816, 0.976735, 0.959852, 0.938507, 0.925482
0.925482, 0.91126, 0.881079, 0.846803, 0.827125
0.827125, 0.806376, 0.764204, 0.718479, 0.692998
0.692998, 0.66662, 0.614279, 0.559083, 0.528902
0.528902, 0.498036, 0.43779, 0.375509, 0.341932
0.341932, 0.307913, 0.242368, 0.175696, 0.140176
0.140176, 0.104475, 0.0364643, -0.0317154, -0.0676426
-0.0676426, -0.103482, -0.171016, -0.237755, -0.272536
-0.272536, -0.306964, -0.371101, -0.433513, -0.465643
-0.465643, -0.49717, -0.555137, -0.610523, -0.638613
-0.638613, -0.665876, -0.715166, -0.76113, -0.783965
-0.783965, -0.805786, -0.844266, -0.878822, -0.895414
-0.895414, -0.910848, -0.936855, -0.958508, -0.96814
-0.96814, -0.97652, -0.98893, -0.996742, -0.998998
-0.998998, -0.999961, -0.998236, -0.991871, -0.986653
-0.986653, -0.980158, -0.964374, -0.944106, -0.931639
-0.931639, -0.917967, -0.888805, -0.855512, -0.836336
-0.836336, -0.816078, -0.7748, -0.72992, -0.704864
-0.704864, -0.678896, -0.627287, -0.572763, -0.54291
-0.54291, -0.512355, -0.452647, -0.390835, -0.357477
-0.357477, -0.323657, -0.258432, -0.192006, -0.156585

0.976364, 0.96796, 0.9486, 0.92483, 0.910551
0.910551, 0.895094, 0.862631, 0.826159, 0.80536
0.80536, 0.783519, 0.739357, 0.691759, 0.66534
0.66534, 0.638059, 0.584109, 0.527444, 0.496546
0.496546, 0.465006, 0.4036, 0.340318, 0.306279
0.306279, 0.271844, 0.205638, 0.138476, 0.102767
0.102767, 0.066925, -0.00121801, -0.0693554, -0.10519
-0.10519, -0.140888, -0.208021, -0.274187, -0.308597
-0.308597, -0.342608, -0.405828, -0.467162, -0.498659
-0.498659, -0.529512, -0.586085, -0.639933, -0.667156
-0.667156, -0.693516, -0.740995, -0.78503, -0.806801
-0.806801, -0.827529, -0.863861, -0.896177, -0.911555
-0.911555, -0.925754, -0.949368, -0.968569, -0.976888
-0.976888, -0.983944, -0.993819, -0.999073, -0.999975
-0.999975, -0.999583, -0.995291, -0.986372, -0.979816
-0.979816, -0.971993, -0.95372, -0.931014, -0.917285
-0.917285, -0.902369, -0.870905, -0.835393, -0.815084
-0.815084, -0.79372, -0.750427, -0.703645, -0.677635
-0.677635, -0.650747, -0.597496, -0.541467, -0.51088
-0.51088, -0.479631, -0.418725, -0.355873, -0.322032
-0.322032, -0.287773, -0.221847, -0.154889, -0.119257
-0.119257, -0.0834705, -0.015374, 0.0527939, 0.0886754
0.0886754, 0.124442, 0.191764, 0.258193, 0.292773
0.292773, 0.326973, 0.390608, 0.452427, 0.484209
0.484209, 0.515364, 0.57256, 0.627095, 0.654705
0.654705, 0.681467, 0.729752, 0.774644, 0.796887
0.796887, 0.8181, 0.855384, 0.888692, 0.904608
0.904608, 0.919353, 0.944025, 0.964308, 0.973208
0.973208, 0.980847, 0.99184, 0.998222, 0.99972
0.99972, 0.999924, 0.996762, 0.988966, 0.982998
0.982998, 0.975758, 0.958578, 0.936942, 0.923766
0.923766, 0.909395, 0.878939, 0.844398, 0.824584
0.824584, 0.803704, 0.76129, 0.715338, 0.689743
0.689743, 0.663255, 0.610718, 0.555342, 0.525073
0.525073, 0.494124, 0.433735, 0.37133, 0.337695
0.337695, 0.303624, 0.237995, 0.171259, 0.135714
0.135714, 0.099993, 0.0319619, -0.0362179, -0.0721367
-0.0721367, -0.107962, -0.175453, -0.242129, -0.276868
-0.276868, -0.311248, -0.37528, -0.437568, -0.469625
-0.469625, -0.501074, -0.558878, -0.614085, -0.642073
-0.642073, -0.669231, -0.718307, -0.764045, -0.786754
-0.786754, -0.808446, -0.846672, -0.880963, -0.897411
-0.897411, -0.912698, -0.938421, -0.959782, -0.969259
-0.969259, -0.977481, -0.989588, -0.997095, -0.99919
-0.99919, -0.999991, -0.997959, -0.991288, -0.98591
-0.985909, -0.979255, -0.963172, -0.942611, -0.929993
-0.929993, -0.916171, -0.886732, -0.853171, -0.833858
-0.833858, -0.813466, -0.771944, -0.726833, -0.701661

0.920026, 0.933525, 0.955784, 0.973601, 0.98118
0.981181, 0.98749, 0.99594, 0.999759, 0.999902
0.999902, 0.998751, 0.993024, 0.982682, 0.975381
0.975381, 0.966819, 0.947164, 0.923107, 0.90868
0.90868, 0.893076, 0.860344, 0.823612, 0.802681
0.802681, 0.780711, 0.736316, 0.688499, 0.66197
0.66197, 0.634584, 0.580446, 0.523611, 0.492631
0.492631, 0.461013, 0.399475, 0.336079, 0.301988
0.301988, 0.267506, 0.201227, 0.134013, 0.0982846
0.0982846, 0.0624294, -0.00572308, -0.0738489, -0.109669
-0.109669, -0.145347, -0.212426, -0.278517, -0.312879
-0.312879, -0.346837, -0.409941, -0.47114, -0.502559
-0.502559, -0.533328, -0.589729, -0.643388, -0.670505
-0.670505, -0.696755, -0.744013, -0.787813, -0.809455
-0.809455, -0.83005, -0.866122, -0.898167, -0.913399
-0.913399, -0.927448, -0.950774, -0.96968, -0.977842
-0.977842, -0.984738, -0.994309, -0.999257, -0.999997
-0.999997, -0.999442, -0.994844, -0.985621, -0.978906
-0.978906, -0.970924, -0.952356, -0.92936, -0.915481
-0.915481, -0.900418, -0.868682, -0.832909, -0.812466
-0.812466, -0.790972, -0.747442, -0.700437, -0.674315
-0.674315, -0.64732, -0.593877, -0.537674, -0.507002
-0.507002, -0.475673, -0.41463, -0.351659, -0.317763
-0.317763, -0.283456, -0.217452, -0.150437, -0.114783
-0.114783, -0.0789803, -0.0108693, 0.0572922, 0.0931618
0.0931619, 0.128911, 0.196183, 0.262543, 0.297077
0.297077, 0.331227, 0.394751, 0.45644, 0.488146
0.488146, 0.519219, 0.576248, 0.630598, 0.658103
0.658103, 0.684757, 0.732824, 0.777485, 0.799601
0.799601, 0.820682, 0.857709, 0.890749, 0.906519
0.906519, 0.921116, 0.945501, 0.965491, 0.974233
0.974233, 0.981715, 0.992404, 0.99848, 0.999816
0.999816, 0.999859, 0.99639, 0.988289, 0.982161
0.982161, 0.974763, 0.957285, 0.935358, 0.922031
0.922031, 0.907512, 0.876782, 0.841976, 0.822027
0.822027, 0.801015, 0.758361, 0.712183, 0.686474
0.686474, 0.659877, 0.607145, 0.55159, 0.521233
0.521233, 0.490202, 0.429671, 0.367143, 0.333451
0.333451, 0.299328, 0.233617, 0.166819, 0.131249
0.131249, 0.0955095, 0.0274587, -0.0407196, -0.0766293
-0.0766293, -0.11244, -0.179887, -0.246497, -0.281194
-0.281194, -0.315526, -0.379453, -0.441615, -0.473598
-0.473598, -0.504968, -0.562609, -0.617634, -0.64552
-0.64552, -0.672571, -0.721434, -0.766943, -0.789527
-0.789527, -0.811089, -0.849061, -0.883085, -0.89939
-0.89939, -0.91453, -0.939968, -0.961037, -0.970357
-0.970357, -0.978421, -0.990226, -0.997428, -0.999361
-0.999361, -1, -0.997661, -0.990685, -0.985146

0.520686, 0.551055, 0.606635, 0.659395, 0.686007
0.686008, 0.711732, 0.757943, 0.800631, 0.821662
0.821662, 0.84163, 0.876473, 0.907242, 0.921783
0.921783, 0.935131, 0.9571, 0.974619, 0.98204
0.98204, 0.988191, 0.996335, 0.999848, 0.999828
0.999828, 0.998515, 0.992483, 0.981837, 0.974378
0.974378, 0.965658, 0.94571, 0.921365, 0.906789
0.906789, 0.89104, 0.858039, 0.821049, 0.799986
0.799986, 0.777888, 0.733261, 0.685225, 0.658586
0.658586, 0.631096, 0.576772, 0.519767, 0.488705
0.488705, 0.457011, 0.39534, 0.331832, 0.29769
0.29769, 0.263162, 0.196812, 0.129547, 0.0938004
0.0938003, 0.0579324, -0.010228, -0.0783409, -0.114146
-0.114146, -0.149802, -0.216826, -0.282841, -0.317155
-0.317155, -0.351059, -0.414046, -0.475109, -0.506449
-0.506449, -0.537134, -0.593361, -0.646831, -0.673841
-0.673841, -0.699979, -0.747016, -0.790579, -0.812092
-0.812092, -0.832554, -0.868365, -0.900139, -0.915223
-0.915223, -0.929123, -0.95216, -0.970771, -0.978775
-0.978775, -0.985512, -0.994779, -0.999421, -0.999998
-0.999998, -0.999282, -0.994377, -0.98485, -0.977976
-0.977976, -0.969836, -0.950972, -0.927688, -0.91366
-0.913659, -0.898449, -0.866442, -0.830407, -0.809831
-0.809831, -0.788208, -0.744441, -0.697215, -0.670981
-0.670981, -0.643879, -0.590247, -0.53387, -0.503114
-0.503114, -0.471706, -0.410526, -0.347438, -0.313488
-0.313488, -0.279133, -0.213052, -0.145981, -0.110306
-0.110306, -0.0744885, -0.0063644, 0.0617893, 0.0976464
0.0976464, 0.133377, 0.200599, 0.266888, 0.301376
0.301376, 0.335475, 0.398886, 0.460444, 0.492073
0.492073, 0.523064, 0.579924, 0.634088, 0.661489
0.661489, 0.688034, 0.735882, 0.78031, 0.802298
0.802298, 0.823248, 0.860017, 0.892787, 0.908412
0.908412, 0.92286, 0.946959, 0.966655, 0.97524
0.97524, 0.982563, 0.992948, 0.998718, 0.999893
0.999893, 0.999773, 0.995997, 0.987591, 0.981304
0.981304, 0.973747, 0.955973, 0.933755, 0.920278
0.920278, 0.90561, 0.874607, 0.839537, 0.819454
0.819454, 0.79831, 0.755417, 0.709013, 0.683191
0.683191, 0.656485, 0.603559, 0.547827, 0.517383
0.517383, 0.486271, 0.425599, 0.362949, 0.329201
0.329201, 0.295027, 0.229234, 0.162375, 0.126782
0.126782, 0.091024, 0.0229551, -0.0452206, -0.0811203
-0.0811204, -0.116915, -0.184316, -0.250861, -0.285514
-0.285514, -0.319798, -0.383617, -0.445652, -0.477561
-0.477561, -0.508851, -0.566327, -0.621171, -0.648955
-0.648955, -0.675898, -0.724547, -0.769827, -0.792284
-0.792284, -0.813716, -0.851432, -0.88519, -0.90135

-0.0727763, -0.0368588, 0.0313208, 0.0993549, 0.135078
0.135078, 0.170627, 0.237372, 0.303013, 0.337092
0.337092, 0.370734, 0.433157, 0.493566, 0.524527
0.524527, 0.554809, 0.61021, 0.662775, 0.689278
0.689278, 0.71489, 0.760874, 0.803322, 0.824221
0.824221, 0.844054, 0.878633, 0.909128, 0.92352
0.92352, 0.936717, 0.958395, 0.975618, 0.98288
0.98288, 0.988871, 0.99671, 0.999916, 0.999735
0.999735, 0.99826, 0.991921, 0.980972, 0.973355
0.973355, 0.964478, 0.944236, 0.919605, 0.904881
0.904881, 0.888986, 0.855716, 0.818468, 0.797275
0.797275, 0.775049, 0.73019, 0.681936, 0.655189
0.655189, 0.627595, 0.573086, 0.515913, 0.48477
0.48477, 0.452999, 0.391198, 0.327579, 0.293386
0.293386, 0.258813, 0.192393, 0.125078, 0.0893142
0.0893142, 0.0534343, -0.0147328, -0.0828314, -0.11862
-0.11862, -0.154255, -0.221221, -0.287159, -0.321424
-0.321424, -0.355274, -0.418143, -0.479068, -0.510328
-0.510328, -0.540928, -0.596982, -0.65026, -0.677163
-0.677163, -0.70319, -0.750003, -0.79333, -0.814713
-0.814713, -0.835041, -0.87059, -0.902092, -0.917029
-0.917029, -0.93078, -0.953527, -0.971842, -0.979688
-0.979688, -0.986266, -0.995228, -0.999564, -0.999979
-0.999979, -0.999101, -0.99389, -0.984058, -0.977025
-0.977025, -0.968728, -0.949569, -0.925996, -0.911819
-0.911819, -0.896462, -0.864184, -0.827889, -0.80718
-0.80718, -0.785427, -0.741426, -0.693978, -0.667634
-0.667634, -0.640426, -0.586604, -0.530056, -0.499215
-0.499215, -0.467729, -0.406414, -0.343211, -0.309207
-0.309207, -0.274804, -0.208648, -0.141523, -0.105827
-0.105827, -0.0699952, -0.00185934, 0.0662851, 0.102129
0.102129, 0.137841, 0.20501, 0.271227, 0.305669
0.305669, 0.339715, 0.403014, 0.464438, 0.495989
0.49599, 0.526899, 0.583588, 0.637565, 0.664861
0.664861, 0.691296, 0.738925, 0.78312, 0.804979
0.804979, 0.825797, 0.862307, 0.894808, 0.910286
0.910286, 0.924586, 0.948397, 0.967799, 0.976226
0.976226, 0.98339, 0.993472, 0.998936, 0.999948
0.999948, 0.999667, 0.995584, 0.986874, 0.980427
0.980427, 0.972712, 0.954641, 0.932133, 0.918506
0.918506, 0.903691, 0.872413, 0.837081, 0.816863
0.816863, 0.795589, 0.752457, 0.705829, 0.679894
0.679894, 0.65308, 0.599961, 0.544052, 0.513523
0.513523, 0.482329, 0.421518, 0.358747, 0.324944
0.324943, 0.290719, 0.224846, 0.157928, 0.122312
0.122312, 0.0865367, 0.0184509, -0.0497206, -0.0856097
-0.0856098, -0.121388, -0.188742, -0.255219, -0.289829
-0.289829, -0.324063, -0.387773, -0.449681, -0.481514

-0.639106, -0.611031, -0.55567, -0.497727, -0.46621
-0.466211, -0.434091, -0.371696, -0.307574, -0.273153
-0.273153, -0.238378, -0.171648, -0.10412, -0.0682824
-0.0682824, -0.0323564, 0.0358234, 0.103837, 0.139541
0.139541, 0.175065, 0.241746, 0.307303, 0.34133
0.34133, 0.374915, 0.437213, 0.49748, 0.528357
0.528357, 0.558551, 0.613773, 0.666142, 0.692535
0.692535, 0.718032, 0.76379, 0.805997, 0.826764
0.826764, 0.846462, 0.880776, 0.910995, 0.925239
0.925239, 0.938285, 0.959671, 0.976597, 0.9837
0.9837, 0.989531, 0.997065, 0.999964, 0.999621
0.999621, 0.997984, 0.99134, 0.980088, 0.972312
0.972312, 0.963278, 0.942743, 0.917826, 0.902954
0.902954, 0.886914, 0.853376, 0.815872, 0.794547
0.794547, 0.772195, 0.727105, 0.678634, 0.651779
0.651779, 0.624081, 0.569388, 0.512049, 0.480825
0.480825, 0.448978, 0.387048, 0.323319, 0.289076
0.289076, 0.254459, 0.18797, 0.120608, 0.0848262
0.0848262, 0.0489351, -0.0192372, -0.0873201, -0.123092
-0.123092, -0.158705, -0.225613, -0.291472, -0.325687
-0.325687, -0.359481, -0.422231, -0.483018, -0.514198
-0.514198, -0.544712, -0.60059, -0.653676, -0.680471
-0.680471, -0.706386, -0.752975, -0.796065, -0.817317
-0.817317, -0.837511, -0.872798, -0.904027, -0.918817
-0.918817, -0.932417, -0.954875, -0.972894, -0.980582
-0.980582, -0.987, -0.995658, -0.999687, -0.99994
-0.99994, -0.9989, -0.993382, -0.983247, -0.976055
-0.976055, -0.9676, -0.948147, -0.924286, -0.90996
-0.90996, -0.894456, -0.861908, -0.825353, -0.804513
-0.804512, -0.782631, -0.738395, -0.690727, -0.664273
-0.664273, -0.636959, -0.58295, -0.52623, -0.495306
-0.495306, -0.463742, -0.402294, -0.338976, -0.30492
-0.30492, -0.27047, -0.20424, -0.137062, -0.101347
-0.101347, -0.0655004, 0.00264576, 0.0707796, 0.106609
0.106609, 0.142301, 0.209417, 0.27556, 0.309955
0.309955, 0.343949, 0.407133, 0.468423, 0.499896
0.499896, 0.530722, 0.587241, 0.641029, 0.668219
0.668219, 0.694544, 0.741953, 0.785914, 0.807644
0.807644, 0.828329, 0.864579, 0.89681, 0.912142
0.912142, 0.926293, 0.949816, 0.968923, 0.977193
0.977193, 0.984198, 0.993976, 0.999134, 0.999984
0.999984, 0.99954, 0.995151, 0.986136, 0.97953
0.97953, 0.971656, 0.95329, 0.930492, 0.916715
0.916715, 0.901752, 0.870203, 0.834608, 0.814256
0.814256, 0.792851, 0.749483, 0.70263, 0.676584
0.676584, 0.649662, 0.59635, 0.540267, 0.509652
0.509652, 0.478378, 0.417428, 0.354539, 0.32068
0.32068, 0.286406, 0.220454, 0.153478, 0.117839

-0.967165, -0.957399, -0.935497, -0.909247, -0.893687
-0.893688, -0.876972, -0.842189, -0.803492, -0.781561
-0.781561, -0.758619, -0.71246, -0.662989, -0.635635
-0.635635, -0.607458, -0.551919, -0.493814, -0.46222
-0.46222, -0.430028, -0.36751, -0.303284, -0.268816
-0.268816, -0.234, -0.167208, -0.0996385, -0.0637872
-0.0637871, -0.0278533, 0.0403252, 0.108316, 0.144
0.144, 0.179498, 0.246115, 0.311587, 0.345561
0.345561, 0.379087, 0.44126, 0.501383, 0.532177
0.532177, 0.562282, 0.617324, 0.669495, 0.695778
0.695778, 0.721161, 0.76669, 0.808655, 0.82929
0.82929, 0.848852, 0.8829, 0.912844, 0.926939
0.926939, 0.939834, 0.960928, 0.977556, 0.984501
0.984501, 0.990171, 0.9974, 0.999992, 0.999487
0.999487, 0.997688, 0.990738, 0.979183, 0.971249
0.971249, 0.962059, 0.941231, 0.916028, 0.901009
0.901009, 0.884824, 0.851019, 0.813258, 0.791804
0.791804, 0.769324, 0.724004, 0.675319, 0.648356
0.648356, 0.620554, 0.565679, 0.508174, 0.47687
0.47687, 0.444948, 0.38289, 0.319053, 0.28476
0.28476, 0.250099, 0.183543, 0.116134, 0.0803365
0.0803365, 0.044435, -0.0237413, -0.0918071, -0.127562
-0.127562, -0.163151, -0.229999, -0.295778, -0.329943
-0.329943, -0.363682, -0.426311, -0.486958, -0.518056
-0.518056, -0.548484, -0.604186, -0.657078, -0.683765
-0.683765, -0.709567, -0.755932, -0.798783, -0.819904
-0.819904, -0.839964, -0.874988, -0.905944, -0.920585
-0.920585, -0.934036, -0.956203, -0.973926, -0.981455
-0.981455, -0.987714, -0.996067, -0.999789, -0.999881
-0.999881, -0.998678, -0.992855, -0.982416, -0.975065
-0.975065, -0.966453, -0.946706, -0.922557, -0.908083
-0.908083, -0.892433, -0.859615, -0.822801, -0.801829
-0.801829, -0.779818, -0.73535, -0.687463, -0.660899
-0.660899, -0.63348, -0.579283, -0.522394, -0.491388
-0.491388, -0.459746, -0.398165, -0.334734, -0.300626
-0.300626, -0.26613, -0.199828, -0.132598, -0.0968637
-0.0968637, -0.0610043, 0.0071508, 0.0752727, 0.111088
0.111088, 0.146759, 0.21382, 0.279888, 0.314235
0.314235, 0.348176, 0.411243, 0.472399, 0.503793
0.503793, 0.534535, 0.590881, 0.644481, 0.671564
0.671564, 0.697778, 0.744966, 0.788691, 0.810292
0.810292, 0.830845, 0.866834, 0.898794, 0.913979
0.913979, 0.927981, 0.951215, 0.970027, 0.978139
0.978139, 0.984986, 0.99446, 0.999311, 0.999999
0.999999, 0.999394, 0.994698, 0.985379, 0.978613
0.978613, 0.970582, 0.951919, 0.928832, 0.914906
0.914906, 0.899796, 0.867974, 0.832118, 0.811633
0.811633, 0.790098, 0.746493, 0.699417, 0.67326

-0.934647, -0.946832, -0.966554, -0.981783, -0.987981
-0.987982, -0.992901, -0.998698, -0.999853, -0.998589
-0.998589, -0.996032, -0.987653, -0.974683, -0.966011
-0.966011, -0.956089, -0.933896, -0.907362, -0.891657
-0.891657, -0.874798, -0.839752, -0.800802, -0.778742
-0.778742, -0.755676, -0.709291, -0.659609, -0.63215
-0.63215, -0.603874, -0.548157, -0.489892, -0.45822
-0.45822, -0.425956, -0.363317, -0.298988, -0.264474
-0.264474, -0.229618, -0.162765, -0.0951548, -0.0592906
-0.0592906, -0.0233497, 0.0448262, 0.112794, 0.148457
0.148457, 0.183928, 0.250479, 0.315865, 0.349785
0.349785, 0.383252, 0.445299, 0.505275, 0.535985
0.535985, 0.566002, 0.620862, 0.672835, 0.699007
0.699007, 0.724274, 0.769575, 0.811297, 0.831799
0.831799, 0.851225, 0.885006, 0.914674, 0.928619
0.928619, 0.941363, 0.962165, 0.978495, 0.985281
0.985281, 0.990791, 0.997715, 1, 0.999332
0.999332, 0.997372, 0.990116, 0.978259, 0.970167
0.970167, 0.96082, 0.9397, 0.914212, 0.899046
0.899046, 0.882716, 0.848645, 0.810629, 0.789044
0.789044, 0.766438, 0.720889, 0.671989, 0.64492
0.64492, 0.617015, 0.561958, 0.504289, 0.472905
0.472905, 0.440909, 0.378725, 0.31478, 0.280439
0.280439, 0.245735, 0.179113, 0.111658, 0.0758452
0.0758451, 0.0399339, -0.0282449, -0.0962923, -0.132029
-0.132029, -0.167594, -0.234381, -0.300079, -0.334193
-0.334193, -0.367874, -0.430381, -0.490888, -0.521904
-0.521904, -0.552246, -0.607769, -0.660468, -0.687046
-0.687046, -0.712734, -0.758874, -0.801485, -0.822475
-0.822475, -0.8424, -0.87716, -0.907842, -0.922335
-0.922336, -0.935636, -0.957512, -0.974938, -0.982309
-0.982309, -0.988408, -0.996456, -0.999872, -0.999801
-0.999801, -0.998437, -0.992307, -0.981565, -0.974056
-0.974056, -0.965286, -0.945245, -0.920809, -0.906187
-0.906187, -0.890391, -0.857305, -0.820233, -0.799128
-0.799128, -0.77699, -0.732289, -0.684184, -0.657511
-0.657511, -0.629988, -0.575605, -0.518547, -0.487459
-0.487459, -0.45574, -0.394029, -0.330485, -0.296326
-0.296326, -0.261784, -0.195412, -0.128131, -0.0923788
-0.0923788, -0.056507, 0.0116557, 0.0797642, 0.115564
0.115564, 0.151214, 0.218219, 0.28421, 0.318509
0.318509, 0.352395, 0.415346, 0.476365, 0.50768
0.50768, 0.538337, 0.59451, 0.647919, 0.674895
0.674895, 0.700998, 0.747964, 0.791453, 0.812924
0.812924, 0.833344, 0.869072, 0.90076, 0.915798
0.915798, 0.92965, 0.952595, 0.971112, 0.979066
0.979066, 0.985753, 0.994923, 0.999468, 0.999994
0.999994, 0.999227, 0.994225, 0.984601, 0.977677

-0.553676, -0.583268, -0.637261, -0.688292, -0.713937
-0.713938, -0.738659, -0.782874, -0.82345, -0.843324
-0.843324, -0.862107, -0.894631, -0.922998, -0.93624
-0.93624, -0.948271, -0.967699, -0.982629, -0.988668
-0.988668, -0.993427, -0.998918, -0.999765, -0.998339
-0.998339, -0.995621, -0.986937, -0.973666, -0.964836
-0.964836, -0.954759, -0.932276, -0.905459, -0.889608
-0.889608, -0.872606, -0.837297, -0.798095, -0.775908
-0.775908, -0.752717, -0.706108, -0.656217, -0.628653
-0.628653, -0.600276, -0.544383, -0.485959, -0.454212
-0.454211, -0.421876, -0.359116, -0.294686, -0.260127
-0.260127, -0.225231, -0.158318, -0.0906692, -0.0547928
-0.0547928, -0.0188456, 0.0493263, 0.117269, 0.152911
0.152911, 0.188355, 0.254838, 0.320136, 0.354002
0.354002, 0.387409, 0.449328, 0.509158, 0.539783
0.539783, 0.56971, 0.624387, 0.676161, 0.702222
0.702222, 0.727373, 0.772443, 0.813923, 0.834291
0.834291, 0.85358, 0.887095, 0.916486, 0.930282
0.930282, 0.942874, 0.963383, 0.979414, 0.986041
0.986041, 0.991391, 0.998009, 0.999987, 0.999158
0.999158, 0.997035, 0.989475, 0.977314, 0.969065
0.969065, 0.959561, 0.938149, 0.912377, 0.897064
0.897064, 0.88059, 0.846253, 0.807982, 0.786268
0.786268, 0.763537, 0.71776, 0.668646, 0.64147
0.64147, 0.613464, 0.558226, 0.500393, 0.468931
0.468931, 0.436861, 0.374551, 0.310501, 0.276112
0.276112, 0.241366, 0.174679, 0.10718, 0.0713523
0.0713522, 0.035432, -0.0327479, -0.100775, -0.136493
-0.136493, -0.172034, -0.238758, -0.304373, -0.338435
-0.338435, -0.37206, -0.434444, -0.494808, -0.525742
-0.525742, -0.555996, -0.611341, -0.663844, -0.690312
-0.690312, -0.715887, -0.7618, -0.804171, -0.825029
-0.825029, -0.844819, -0.879314, -0.909722, -0.924067
-0.924067, -0.937216, -0.958802, -0.97593, -0.983142
-0.983142, -0.989082, -0.996825, -0.999934, -0.999701
-0.999701, -0.998175, -0.991739, -0.980694, -0.973026
-0.973026, -0.9641, -0.943765, -0.919043, -0.904272
-0.904272, -0.888331, -0.854977, -0.817647, -0.796412
-0.796412, -0.774146, -0.729214, -0.680891, -0.65411
-0.65411, -0.626482, -0.571915, -0.51469, -0.483521
-0.483521, -0.451726, -0.389884, -0.32623, -0.292021
-0.292021, -0.257434, -0.190992, -0.123662, -0.0878921
-0.087892, -0.0520086, 0.0161604, 0.0842541, 0.120038
0.120038, 0.155666, 0.222613, 0.288526, 0.322776
0.322776, 0.356608, 0.419439, 0.480321, 0.511556
0.511556, 0.542128, 0.598126, 0.651344, 0.678213
0.678213, 0.704204, 0.750947, 0.794199, 0.81554
0.81554, 0.835825, 0.871291, 0.902707, 0.917598

0.0337161, -0.00225101, -0.0703859, -0.138194, -0.173725
-0.173725, -0.209031, -0.275181, -0.34005, -0.373653
-0.373653, -0.406772, -0.468075, -0.527202, -0.557422
-0.557422, -0.586921, -0.640726, -0.691553, -0.717085
-0.717085, -0.741689, -0.785669, -0.825998, -0.845737
-0.845737, -0.864381, -0.896635, -0.924722, -0.937814
-0.937814, -0.949692, -0.968825, -0.983455, -0.989334
-0.989334, -0.993933, -0.999117, -0.999657, -0.998069
-0.998069, -0.99519, -0.986202, -0.972629, -0.963642
-0.963642, -0.953409, -0.930637, -0.903538, -0.887542
-0.887542, -0.870397, -0.834825, -0.795373, -0.773058
-0.773058, -0.749744, -0.702911, -0.652811, -0.625143
-0.625143, -0.596667, -0.540599, -0.482017, -0.450193
-0.450193, -0.417787, -0.354908, -0.290378, -0.255774
-0.255774, -0.220839, -0.153868, -0.0861817, -0.050294
-0.0502939, -0.0143411, 0.0538254, 0.121742, 0.157361
0.157361, 0.192777, 0.259191, 0.324401, 0.358211
0.358211, 0.391559, 0.453348, 0.51303, 0.54357
0.54357, 0.573407, 0.6279, 0.679473, 0.705422
0.705422, 0.730458, 0.775297, 0.816532, 0.836767
0.836767, 0.855919, 0.889165, 0.918279, 0.931925
0.931925, 0.944365, 0.964581, 0.980314, 0.986781
0.986781, 0.991971, 0.998283, 0.999954, 0.998963
0.998963, 0.996678, 0.988813, 0.97635, 0.967943
0.967943, 0.958283, 0.93658, 0.910523, 0.895064
0.895064, 0.878446, 0.843844, 0.80532, 0.783477
0.783477, 0.76062, 0.714616, 0.665289, 0.638007
0.638007, 0.6099, 0.554483, 0.496488, 0.464947
0.464947, 0.432804, 0.37037, 0.306215, 0.271779
0.271779, 0.236991, 0.170241, 0.1027, 0.0668579
0.0668579, 0.0309294, -0.0372502, -0.105257, -0.140955
-0.140955, -0.17647, -0.243131, -0.308661, -0.342671
-0.342671, -0.376238, -0.438497, -0.498718, -0.529569
-0.529569, -0.559735, -0.6149, -0.667206, -0.693565
-0.693565, -0.719025, -0.764711, -0.806841, -0.827567
-0.827567, -0.847221, -0.881451, -0.911583, -0.925779
-0.925779, -0.938778, -0.960072, -0.976903, -0.983956
-0.983956, -0.989736, -0.997173, -0.999975, -0.999581
-0.999581, -0.997892, -0.991151, -0.979803, -0.971977
-0.971977, -0.962894, -0.942266, -0.917258, -0.90234
-0.90234, -0.886254, -0.852631, -0.815045, -0.79368
-0.793679, -0.771287, -0.726124, -0.677585, -0.650696
-0.650696, -0.622965, -0.568214, -0.510822, -0.479572
-0.479572, -0.447702, -0.385731, -0.321968, -0.287709
-0.287709, -0.253078, -0.186568, -0.11919, -0.0834035
-0.0834035, -0.0475091, 0.0206647, 0.0887424, 0.124509
0.124509, 0.160114, 0.227003, 0.292837, 0.327037
0.327037, 0.360813, 0.423525, 0.484268, 0.515422

0.608538, 0.579605, 0.52273, 0.463426, 0.431255
0.431256, 0.398527, 0.335106, 0.270126, 0.235323
0.235323, 0.200215, 0.132989, 0.0651449, 0.0292133
0.0292133, -0.00675607, -0.0748791, -0.142654, -0.17816
-0.17816, -0.213435, -0.279509, -0.344284, -0.377828
-0.377828, -0.410883, -0.472051, -0.531024, -0.561157
-0.561157, -0.590563, -0.644179, -0.6948, -0.720218
-0.720218, -0.744703, -0.788449, -0.828529, -0.848132
-0.848132, -0.866637, -0.898621, -0.926427, -0.939368
-0.939368, -0.951093, -0.969932, -0.984261, -0.98998
-0.98998, -0.994418, -0.999296, -0.999529, -0.99778
-0.99778, -0.994739, -0.985446, -0.971572, -0.962429
-0.962429, -0.95204, -0.928979, -0.901598, -0.885457
-0.885457, -0.86817, -0.832337, -0.792634, -0.770193
-0.770193, -0.746755, -0.699699, -0.649391, -0.621621
-0.621621, -0.593046, -0.536803, -0.478065, -0.446166
-0.446166, -0.41369, -0.350692, -0.286064, -0.251416
-0.251416, -0.216443, -0.149415, -0.0816925, -0.0457941
-0.0457941, -0.00983638, 0.0583235, 0.126212, 0.161809
0.161809, 0.197196, 0.26354, 0.328659, 0.362414
0.362414, 0.3957, 0.457359, 0.516892, 0.547346
0.547346, 0.577092, 0.631399, 0.682772, 0.708608
0.708608, 0.733527, 0.778134, 0.819124, 0.839225
0.839225, 0.85824, 0.891218, 0.920053, 0.933549
0.933549, 0.945837, 0.96576, 0.981193, 0.987501
0.987501, 0.992531, 0.998537, 0.999901, 0.998747
0.998747, 0.996301, 0.988131, 0.975366, 0.966802
0.966802, 0.956986, 0.934992, 0.908651, 0.893046
0.893046, 0.876285, 0.841418, 0.802641, 0.780669
0.780669, 0.757688, 0.711457, 0.661919, 0.634532
0.634532, 0.606324, 0.550728, 0.492572, 0.460954
0.460954, 0.428738, 0.366182, 0.301923, 0.267441
0.267441, 0.232612, 0.1658, 0.0982177, 0.0623623
0.0623622, 0.0264261, -0.0417518, -0.109736, -0.145413
-0.145413, -0.180903, -0.247498, -0.312943, -0.3469
-0.3469, -0.380408, -0.442541, -0.502617, -0.533385
-0.533385, -0.563462, -0.618446, -0.670555, -0.696803
-0.696803, -0.722149, -0.767606, -0.809494, -0.830087
-0.830087, -0.849606, -0.88357, -0.913426, -0.927473
-0.927473, -0.94032, -0.961322, -0.977856, -0.98475
-0.98475, -0.99037, -0.997502, -0.999997, -0.99944
-0.99944, -0.99759, -0.990543, -0.978892, -0.970908
-0.970908, -0.961668, -0.940748, -0.915454, -0.900389
-0.900389, -0.884158, -0.850269, -0.812427, -0.790931
-0.790931, -0.768411, -0.723019, -0.674265, -0.647268
-0.647268, -0.619434, -0.564501, -0.506944, -0.475614
-0.475614, -0.443669, -0.381571, -0.3177, -0.283391
-0.283391, -0.248717, -0.18214, -0.114716, -0.0789133

0.956486, 0.945374, 0.920963, 0.892272, 0.875456
0.875456, 0.857508, 0.820458, 0.779595, 0.756566
0.756566, 0.732558, 0.684472, 0.633204, 0.604957
0.604957, 0.575928, 0.518885, 0.459429, 0.427187
0.427187, 0.394391, 0.330858, 0.265786, 0.230942
0.230942, 0.195799, 0.128523, 0.0606487, 0.0247098
0.0247098, -0.011261, -0.0793708, -0.147112, -0.182591
-0.182591, -0.217834, -0.283832, -0.34851, -0.381995
-0.381995, -0.414986, -0.476018, -0.534836, -0.56488
-0.56488, -0.594192, -0.647618, -0.698033, -0.723336
-0.723336, -0.747702, -0.791212, -0.831043, -0.85051
-0.85051, -0.868876, -0.900588, -0.928114, -0.940903
-0.940903, -0.952475, -0.971018, -0.985047, -0.990606
-0.990606, -0.994883, -0.999455, -0.999381, -0.997469
-0.997469, -0.994267, -0.98467, -0.970496, -0.961196
-0.961196, -0.950652, -0.927302, -0.89964, -0.883355
-0.883355, -0.865926, -0.829831, -0.789879, -0.767312
-0.767312, -0.743751, -0.696474, -0.645959, -0.618086
-0.618086, -0.589413, -0.532997, -0.474103, -0.44213
-0.44213, -0.409584, -0.34647, -0.281745, -0.247054
-0.247053, -0.212043, -0.144959, -0.0772017, -0.0412933
-0.0412932, -0.00533141, 0.0628203, 0.13068, 0.166253
0.166253, 0.20161, 0.267883, 0.33291, 0.366609
0.366609, 0.399834, 0.461361, 0.520743, 0.551111
0.551111, 0.580765, 0.634887, 0.686056, 0.711779
0.711779, 0.736581, 0.780956, 0.8217, 0.841666
0.841666, 0.860543, 0.893252, 0.921809, 0.935155
0.935155, 0.94729, 0.966919, 0.982053, 0.988201
0.988201, 0.99307, 0.99877, 0.999827, 0.998512
0.998512, 0.995904, 0.987429, 0.974363, 0.965641
0.965641, 0.955669, 0.933385, 0.906761, 0.89101
0.89101, 0.874105, 0.838975, 0.799946, 0.777846
0.777846, 0.75474, 0.708284, 0.658536, 0.631044
0.631043, 0.602735, 0.546962, 0.488647, 0.456951
0.456951, 0.424664, 0.361986, 0.297626, 0.263097
0.263097, 0.228228, 0.161356, 0.0937334, 0.0578653
0.0578653, 0.0219223, -0.0462525, -0.114212, -0.149869
-0.149869, -0.185332, -0.251861, -0.317219, -0.351122
-0.351122, -0.384571, -0.446577, -0.506507, -0.53719
-0.53719, -0.567178, -0.62198, -0.673891, -0.700027
-0.700027, -0.725258, -0.770485, -0.812131, -0.832591
-0.832591, -0.851973, -0.88567, -0.91525, -0.929148
-0.929148, -0.941844, -0.962553, -0.978789, -0.985524
-0.985524, -0.990984, -0.99781, -0.999998, -0.999279
-0.999279, -0.997267, -0.989915, -0.977962, -0.96982
-0.96982, -0.960423, -0.939211, -0.913632, -0.898419
-0.898419, -0.882044, -0.847889, -0.809792, -0.788166
-0.788166, -0.765521, -0.719899, -0.670931, -0.643828

0.947838, 0.95869, 0.975844, 0.988463, 0.99327
0.993271, 0.996793, 0.999929, 0.998417, 0.995748
0.995747, 0.99179, 0.980771, 0.965193, 0.955162
0.955162, 0.943895, 0.919199, 0.890229, 0.87327
0.87327, 0.855181, 0.817874, 0.776766, 0.753612
0.753612, 0.729484, 0.681181, 0.629711, 0.601364
0.601364, 0.572239, 0.515028, 0.455423, 0.423109
0.423109, 0.390247, 0.326603, 0.26144, 0.226556
0.226556, 0.191379, 0.124054, 0.0561513, 0.0202059
0.0202058, -0.0157657, -0.0838608, -0.151566, -0.187018
-0.187018, -0.222229, -0.288148, -0.352729, -0.386155
-0.386155, -0.419081, -0.479975, -0.538638, -0.568592
-0.568592, -0.59781, -0.651044, -0.701252, -0.726439
-0.726439, -0.750686, -0.793959, -0.833541, -0.852871
-0.852871, -0.871098, -0.902537, -0.929782, -0.94242
-0.94242, -0.953838, -0.972085, -0.985813, -0.991212
-0.991212, -0.995329, -0.999594, -0.999212, -0.997139
-0.997139, -0.993775, -0.983874, -0.9694, -0.959943
-0.959943, -0.949245, -0.925606, -0.897664, -0.881234
-0.881234, -0.863664, -0.827309, -0.787108, -0.764415
-0.764415, -0.740732, -0.693234, -0.642513, -0.614538
-0.614538, -0.585767, -0.529179, -0.470132, -0.438084
-0.438084, -0.40547, -0.34224, -0.277419, -0.242686
-0.242686, -0.207638, -0.1405, -0.0727093, -0.0367916
-0.0367916, -0.000826333, 0.0673158, 0.135145, 0.170693
0.170694, 0.206021, 0.272221, 0.337155, 0.370797
0.370797, 0.403959, 0.465353, 0.524584, 0.554865
0.554865, 0.584427, 0.638361, 0.689327, 0.714937
0.714937, 0.739621, 0.783762, 0.82426, 0.844091
0.844091, 0.862829, 0.895268, 0.923546, 0.936741
0.936741, 0.948724, 0.968058, 0.982893, 0.988881
0.988881, 0.99359, 0.998983, 0.999733, 0.998256
0.998256, 0.995487, 0.986706, 0.973339, 0.96446
0.96446, 0.954333, 0.931758, 0.904852, 0.888955
0.888955, 0.871908, 0.836515, 0.797234, 0.775007
0.775007, 0.751777, 0.705096, 0.655139, 0.627542
0.627542, 0.599134, 0.543185, 0.484711, 0.452939
0.452939, 0.420581, 0.357783, 0.293322, 0.258748
0.258748, 0.22384, 0.156908, 0.0892472, 0.0533672
0.0533672, 0.0174181, -0.0507523, -0.118687, -0.154322
-0.154322, -0.189757, -0.256218, -0.321488, -0.355337
-0.355337, -0.388725, -0.450603, -0.510386, -0.540985
-0.540985, -0.570883, -0.625501, -0.677212, -0.703237
-0.703237, -0.728352, -0.773349, -0.814752, -0.835078
-0.835078, -0.854323, -0.887753, -0.917056, -0.930804
-0.930804, -0.943348, -0.963765, -0.979702, -0.986277
-0.986277, -0.991577, -0.998098, -0.999979, -0.999098
-0.999098, -0.996924, -0.989267, -0.977011, -0.968711

0.585819, 0.614588, 0.666912, 0.716136, 0.740775
0.740776, 0.764456, 0.806608, 0.84501, 0.863696
0.863696, 0.881264, 0.911421, 0.93734, 0.949265
0.949265, 0.959961, 0.976818, 0.989135, 0.993782
0.993782, 0.997144, 0.999973, 0.998153, 0.995322
0.995322, 0.991204, 0.979882, 0.964005, 0.953819
0.953819, 0.942398, 0.917415, 0.888168, 0.871066
0.871066, 0.852837, 0.815274, 0.773921, 0.750643
0.750643, 0.726395, 0.677875, 0.626205, 0.597758
0.597758, 0.568539, 0.511161, 0.451408, 0.419023
0.419023, 0.386096, 0.322342, 0.257089, 0.222166
0.222166, 0.186955, 0.119582, 0.0516527, 0.0157015
0.0157015, -0.02027, -0.0883492, -0.156018, -0.191442
-0.191442, -0.226619, -0.29246, -0.356941, -0.390307
-0.390307, -0.423167, -0.483922, -0.542428, -0.572292
-0.572292, -0.601415, -0.654457, -0.704457, -0.729528
-0.729528, -0.753655, -0.79669, -0.836021, -0.855214
-0.855214, -0.873301, -0.904468, -0.931431, -0.943917
-0.943917, -0.955181, -0.973132, -0.986559, -0.991798
-0.991798, -0.995753, -0.999712, -0.999024, -0.996788
-0.996788, -0.993263, -0.983058, -0.968284, -0.958671
-0.958671, -0.947818, -0.923891, -0.89567, -0.879096
-0.879096, -0.861384, -0.82477, -0.784322, -0.761503
-0.761503, -0.737698, -0.68998, -0.639055, -0.610978
-0.610978, -0.58211, -0.525351, -0.466151, -0.43403
-0.43403, -0.401348, -0.338004, -0.273088, -0.238313
-0.238313, -0.203229, -0.136038, -0.0682154, -0.0322892
-0.0322892, 0.00367876, 0.07181, 0.139607, 0.175131
0.175131, 0.210427, 0.276553, 0.341393, 0.374977
0.374977, 0.408076, 0.469336, 0.528414, 0.558607
0.558607, 0.588077, 0.641822, 0.692584, 0.718079
0.718079, 0.742645, 0.786552, 0.826802, 0.846498
0.846498, 0.865098, 0.897267, 0.925264, 0.938308
0.938308, 0.950138, 0.969178, 0.983712, 0.989541
0.989541, 0.994089, 0.999176, 0.999619, 0.99798
0.99798, 0.995049, 0.985964, 0.972296, 0.96326
0.96326, 0.952977, 0.930113, 0.902925, 0.886883
0.886883, 0.869693, 0.834038, 0.794506, 0.772152
0.772152, 0.748798, 0.701895, 0.651728, 0.624028
0.624028, 0.595521, 0.539397, 0.480766, 0.448918
0.448918, 0.41649, 0.353572, 0.289012, 0.254394
0.254394, 0.219447, 0.152457, 0.0847592, 0.048868
0.048868, 0.0129135, -0.0552511, -0.123159, -0.158771
-0.158771, -0.194178, -0.26057, -0.325751, -0.359544
-0.359544, -0.392872, -0.45462, -0.514255, -0.544768
-0.544768, -0.574576, -0.62901, -0.68052, -0.706433
-0.706433, -0.731432, -0.776198, -0.817355, -0.837548
-0.837548, -0.856656, -0.889818, -0.918843, -0.932442

0.00539558, 0.0413574, 0.109343, 0.176821, 0.212105
0.212105, 0.247116, 0.312568, 0.376568, 0.409643
0.409643, 0.442187, 0.502276, 0.56003, 0.589464
0.589464, 0.618136, 0.670262, 0.719273, 0.743794
0.743794, 0.767353, 0.809263, 0.84741, 0.865958
0.865958, 0.883385, 0.913265, 0.938901, 0.950672
0.950672, 0.961214, 0.977773, 0.989787, 0.994274
0.994274, 0.997474, 0.999996, 0.997869, 0.994877
0.994877, 0.990597, 0.978973, 0.962797, 0.952456
0.952456, 0.940882, 0.915613, 0.886089, 0.868845
0.868845, 0.850476, 0.812657, 0.77106, 0.747659
0.747659, 0.723291, 0.674556, 0.622686, 0.594141
0.594141, 0.564827, 0.507284, 0.447383, 0.414928
0.414928, 0.381936, 0.318074, 0.252733, 0.217771
0.217771, 0.182528, 0.115108, 0.0471531, 0.0111968
0.0111968, -0.024774, -0.0928358, -0.160466, -0.195862
-0.195862, -0.231004, -0.296765, -0.361146, -0.39445
-0.39445, -0.427245, -0.48786, -0.546207, -0.57598
-0.57598, -0.605008, -0.657857, -0.707647, -0.732602
-0.732602, -0.756608, -0.799404, -0.838484, -0.857541
-0.857541, -0.875487, -0.906381, -0.933061, -0.945395
-0.945395, -0.956505, -0.97416, -0.987286, -0.992364
-0.992364, -0.996158, -0.99981, -0.998814, -0.996417
-0.996417, -0.992731, -0.982223, -0.967148, -0.95738
-0.95738, -0.946372, -0.922158, -0.893657, -0.876939
-0.876939, -0.859087, -0.822214, -0.781519, -0.758575
-0.758575, -0.734649, -0.686712, -0.635583, -0.607405
-0.607405, -0.578441, -0.521513, -0.46216, -0.429967
-0.429967, -0.397217, -0.33376, -0.268752, -0.233935
-0.233935, -0.198816, -0.131574, -0.0637201, -0.0277861
-0.0277861, 0.00818378, 0.0763027, 0.144067, 0.179564
0.179564, 0.214829, 0.280879, 0.345624, 0.379149
0.379149, 0.412185, 0.473309, 0.532234, 0.562338
0.562338, 0.591714, 0.64527, 0.695827, 0.721207
0.721207, 0.745655, 0.789326, 0.829328, 0.848887
0.848887, 0.867349, 0.899246, 0.926964, 0.939857
0.939857, 0.951533, 0.970278, 0.984512, 0.990181
0.990181, 0.994568, 0.999349, 0.999485, 0.997683
0.997683, 0.994591, 0.985202, 0.971233, 0.96204
0.96204, 0.951603, 0.928449, 0.90098, 0.884793
0.884793, 0.867461, 0.831544, 0.791763, 0.769281
0.769281, 0.745805, 0.698679, 0.648305, 0.620502
0.620502, 0.591896, 0.535598, 0.476811, 0.444888
0.444888, 0.41239, 0.349355, 0.284696, 0.250034
0.250034, 0.215049, 0.148003, 0.0802695, 0.0443678
0.0443678, 0.00840869, -0.0597487, -0.127628, -0.163217
-0.163217, -0.198595, -0.264917, -0.330007, -0.363744
-0.363744, -0.397011, -0.458628, -0.518114, -0.54854

-0.577039, -0.547293, -0.488991, -0.428417, -0.395641
-0.395641, -0.362354, -0.298002, -0.232265, -0.197133
-0.197133, -0.161745, -0.0941264, -0.0260699, 0.00990055
0.00990057, 0.0458582, 0.11382, 0.181253, 0.216506
0.216506, 0.251479, 0.316844, 0.380738, 0.413748
0.413748, 0.446223, 0.506167, 0.563757, 0.593098
0.593098, 0.621671, 0.673599, 0.722396, 0.746798
0.746798, 0.770234, 0.811901, 0.849794, 0.868202
0.868202, 0.885487, 0.915091, 0.940442, 0.95206
0.95206, 0.962446, 0.978708, 0.990419, 0.994745
0.994745, 0.997784, 0.999999, 0.997565, 0.994411
0.994411, 0.989971, 0.978044, 0.96157, 0.951073
0.951073, 0.939346, 0.913793, 0.883991, 0.866605
0.866605, 0.848098, 0.810023, 0.768183, 0.74466
0.74466, 0.720173, 0.671224, 0.619154, 0.590511
0.590511, 0.561104, 0.503397, 0.44335, 0.410825
0.410825, 0.377769, 0.313799, 0.248372, 0.213372
0.213372, 0.178097, 0.110632, 0.0426526, 0.00669189
0.00669187, -0.0292774, -0.0973204, -0.164911, -0.200278
-0.200278, -0.235385, -0.301064, -0.365343, -0.398586
-0.398586, -0.431314, -0.491787, -0.549975, -0.579657
-0.579657, -0.608589, -0.661243, -0.710823, -0.735661
-0.735661, -0.759546, -0.802103, -0.840931, -0.859849
-0.859849, -0.877655, -0.908275, -0.934672, -0.946853
-0.946853, -0.95781, -0.975167, -0.987992, -0.992909
-0.992909, -0.996542, -0.999888, -0.998585, -0.996026
-0.996026, -0.992179, -0.981367, -0.965993, -0.956069
-0.956069, -0.944907, -0.920406, -0.891626, -0.874765
-0.874765, -0.856772, -0.819641, -0.7787, -0.755632
-0.755632, -0.731585, -0.68343, -0.632098, -0.60382
-0.60382, -0.57476, -0.517664, -0.458161, -0.425895
-0.425895, -0.393079, -0.32951, -0.264409, -0.229553
-0.229553, -0.194399, -0.127106, -0.0592235, -0.0232825
-0.0232825, 0.0126886, 0.0807939, 0.148524, 0.183994
0.183994, 0.219227, 0.2852, 0.349848, 0.383314
0.383314, 0.416285, 0.477273, 0.536042, 0.566057
0.566057, 0.59534, 0.648705, 0.699055, 0.724321
0.724321, 0.748649, 0.792084, 0.831837, 0.85126
0.85126, 0.869582, 0.901208, 0.928644, 0.941386
0.941386, 0.952909, 0.971358, 0.985292, 0.9908
0.9908, 0.995027, 0.999501, 0.99933, 0.997367
0.997367, 0.994113, 0.98442, 0.970151, 0.960801
0.960801, 0.950208, 0.926766, 0.899016, 0.882684
0.882684, 0.865211, 0.829034, 0.789003, 0.766395
0.766395, 0.742796, 0.695449, 0.644868, 0.616963
0.616963, 0.588259, 0.531788, 0.472846, 0.440849
0.440849, 0.408281, 0.34513, 0.280374, 0.24567
0.24567, 0.210647, 0.143546, 0.0757781, 0.0398667

-0.944343, -0.931902, -0.90502, -0.873932, -0.855885
-0.855886, -0.836732, -0.797472, -0.754506, -0.730414
-0.730414, -0.705376, -0.655437, -0.602451, -0.573354
-0.573354, -0.543516, -0.485056, -0.424341, -0.3915
-0.3915, -0.358151, -0.293699, -0.227881, -0.192714
-0.192714, -0.157298, -0.0896404, -0.0215661, 0.0144053
0.0144053, 0.0503581, 0.118295, 0.185682, 0.220902
0.220902, 0.255836, 0.321114, 0.384899, 0.417845
0.417845, 0.450251, 0.510047, 0.567472, 0.596719
0.596719, 0.625193, 0.676922, 0.725503, 0.749786
0.749786, 0.773099, 0.814523, 0.85216, 0.870429
0.870429, 0.887571, 0.916899, 0.941964, 0.953428
0.953428, 0.96366, 0.979622, 0.991031, 0.995196
0.995196, 0.998073, 0.999981, 0.997241, 0.993926
0.993926, 0.989325, 0.977095, 0.960324, 0.949672
0.949672, 0.937791, 0.911953, 0.881876, 0.864349
0.864349, 0.845702, 0.807373, 0.765291, 0.741646
0.741646, 0.71704, 0.667878, 0.61561, 0.586869
0.586869, 0.557369, 0.499499, 0.439307, 0.406713
0.406713, 0.373593, 0.309519, 0.244005, 0.208969
0.208969, 0.173662, 0.106153, 0.0381512, 0.00218684
0.00218682, -0.0337803, -0.101803, -0.169353, -0.20469
-0.20469, -0.239761, -0.305357, -0.369533, -0.402714
-0.402714, -0.435374, -0.495705, -0.553732, -0.583322
-0.583322, -0.612158, -0.664616, -0.713985, -0.738705
-0.738705, -0.762469, -0.804785, -0.84336, -0.862141
-0.862141, -0.879806, -0.91015, -0.936264, -0.948293
-0.948293, -0.959095, -0.976155, -0.988678, -0.993435
-0.993435, -0.996907, -0.999945, -0.998335, -0.995615
-0.995615, -0.991606, -0.980491, -0.964819, -0.954739
-0.954739, -0.943423, -0.918635, -0.889578, -0.872574
-0.872573, -0.85444, -0.817052, -0.775866, -0.752673
-0.752673, -0.728507, -0.680135, -0.628601, -0.600223
-0.600223, -0.571068, -0.513804, -0.454152, -0.421815
-0.421815, -0.388933, -0.325253, -0.260062, -0.225165
-0.225165, -0.189978, -0.122637, -0.0547257, -0.0187784
-0.0187784, 0.0171932, 0.0852835, 0.152977, 0.188421
0.188421, 0.22362, 0.289515, 0.354065, 0.387471
0.387471, 0.420377, 0.481227, 0.53984, 0.569766
0.569766, 0.598954, 0.652127, 0.702269, 0.72742
0.72742, 0.751628, 0.794826, 0.834329, 0.853616
0.853616, 0.871798, 0.903151, 0.930306, 0.942896
0.942896, 0.954266, 0.972419, 0.986052, 0.9914
0.9914, 0.995465, 0.999633, 0.999155, 0.99703
0.99703, 0.993615, 0.983618, 0.969048, 0.959542
0.959542, 0.948795, 0.925065, 0.897034, 0.880558
0.880558, 0.862943, 0.826506, 0.786227, 0.763494
0.763494, 0.739772, 0.692204, 0.641418, 0.613411

-0.959579, -0.969081, -0.983641, -0.99363, -0.99704
-0.99704, -0.99916, -0.99963, -0.995453, -0.991383
-0.991383, -0.98603, -0.972388, -0.954226, -0.942852
-0.942852, -0.930258, -0.903095, -0.871734, -0.853547
-0.853547, -0.834256, -0.794746, -0.751542, -0.727329
-0.727329, -0.702176, -0.652028, -0.598849, -0.569658
-0.569657, -0.539729, -0.481112, -0.420258, -0.38735
-0.38735, -0.353942, -0.28939, -0.223492, -0.188292
-0.188292, -0.152847, -0.0851525, -0.0170618, 0.0189098
0.0189098, 0.0548569, 0.122767, 0.190107, 0.225293
0.225293, 0.260189, 0.325377, 0.389054, 0.421934
0.421934, 0.454269, 0.513917, 0.571176, 0.600328
0.600328, 0.628703, 0.680231, 0.728597, 0.75276
0.75276, 0.775949, 0.817128, 0.854509, 0.872638
0.872638, 0.889638, 0.918687, 0.943467, 0.954778
0.954778, 0.964853, 0.980517, 0.991623, 0.995627
0.995627, 0.998343, 0.999944, 0.996896, 0.99342
0.99342, 0.988658, 0.976127, 0.959057, 0.948251
0.948251, 0.936218, 0.910096, 0.879743, 0.862074
0.862074, 0.84329, 0.804707, 0.762384, 0.738616
0.738616, 0.713893, 0.664518, 0.612054, 0.583216
0.583216, 0.553623, 0.495591, 0.435255, 0.402594
0.402594, 0.369411, 0.305232, 0.239634, 0.204561
0.204561, 0.169223, 0.101672, 0.033649, -0.00231825
-0.00231828, -0.0382825, -0.106284, -0.173791, -0.209097
-0.209097, -0.244133, -0.309644, -0.373715, -0.406833
-0.406833, -0.439425, -0.499613, -0.557478, -0.586976
-0.586976, -0.615714, -0.667975, -0.717132, -0.741734
-0.741734, -0.765376, -0.807451, -0.845772, -0.864415
-0.864415, -0.881938, -0.912007, -0.937837, -0.949713
-0.949713, -0.96036, -0.977123, -0.989344, -0.99394
-0.99394, -0.997251, -0.999982, -0.998065, -0.995183
-0.995183, -0.991014, -0.979596, -0.963624, -0.953389
-0.953389, -0.94192, -0.916846, -0.887511, -0.870364
-0.870364, -0.852091, -0.814446, -0.773016, -0.749699
-0.749699, -0.725413, -0.676825, -0.625091, -0.596613
-0.596613, -0.567364, -0.509934, -0.450133, -0.417726
-0.417726, -0.384778, -0.32099, -0.255709, -0.220774
-0.220774, -0.185553, -0.118164, -0.0502268, -0.0142739
-0.0142739, 0.0216975, 0.0897713, 0.157428, 0.192843
0.192843, 0.228009, 0.293825, 0.358274, 0.391621
0.391621, 0.42446, 0.485171, 0.543627, 0.573462
0.573462, 0.602555, 0.655536, 0.705469, 0.730503
0.730504, 0.754592, 0.797552, 0.836804, 0.855954
0.855954, 0.873996, 0.905076, 0.931949, 0.944387
0.944387, 0.955603, 0.97346, 0.986792, 0.99198
0.99198, 0.995884, 0.999745, 0.998959, 0.996673
0.996673, 0.993097, 0.982796, 0.967926, 0.958264

-0.617066, -0.644969, -0.695543, -0.742884, -0.766479
-0.76648, -0.789083, -0.829107, -0.865277, -0.882746
-0.882746, -0.899074, -0.926816, -0.950249, -0.960837
-0.960837, -0.970182, -0.984443, -0.994127, -0.997376
-0.997376, -0.999335, -0.999497, -0.995014, -0.990783
-0.990783, -0.98527, -0.971327, -0.952869, -0.941342
-0.941342, -0.928596, -0.901151, -0.869517, -0.851191
-0.851191, -0.831764, -0.792004, -0.748562, -0.72423
-0.72423, -0.698961, -0.648605, -0.595235, -0.565949
-0.565949, -0.535931, -0.477157, -0.416166, -0.383193
-0.383193, -0.349725, -0.285074, -0.219099, -0.183865
-0.183865, -0.148394, -0.0806629, -0.0125572, 0.0234139
0.0234139, 0.0593547, 0.127237, 0.194528, 0.22968
0.22968, 0.264536, 0.329634, 0.3932, 0.426014
0.426014, 0.458278, 0.517776, 0.574868, 0.603925
0.603925, 0.6322, 0.683526, 0.731675, 0.755718
0.755718, 0.778783, 0.819717, 0.85684, 0.874829
0.874829, 0.891686, 0.920457, 0.94495, 0.956107
0.956107, 0.966027, 0.981392, 0.992195, 0.996038
0.996038, 0.998592, 0.999886, 0.996531, 0.992894
0.992894, 0.987971, 0.975138, 0.957772, 0.946811
0.946811, 0.934625, 0.90822, 0.877592, 0.859782
0.859782, 0.84086, 0.802024, 0.759461, 0.735572
0.735572, 0.710731, 0.661145, 0.608485, 0.57955
0.57955, 0.549865, 0.491673, 0.431195, 0.398466
0.398466, 0.365221, 0.300939, 0.235258, 0.200149
0.200149, 0.164781, 0.0971896, 0.0291461, -0.0068233
-0.00682333, -0.0427839, -0.110762, -0.178226, -0.213501
-0.213501, -0.248499, -0.313924, -0.37789, -0.410945
-0.410945, -0.443467, -0.50351, -0.561212, -0.590617
-0.590617, -0.619258, -0.671321, -0.720264, -0.744748
-0.744748, -0.768268, -0.8101, -0.848168, -0.866671
-0.866671, -0.884053, -0.913846, -0.939391, -0.951114
-0.951114, -0.961606, -0.978071, -0.98999, -0.994425
-0.994425, -0.997574, -0.999999, -0.997775, -0.994732
-0.994732, -0.990401, -0.978681, -0.962411, -0.95202
-0.95202, -0.940397, -0.915038, -0.885426, -0.868137
-0.868137, -0.849724, -0.811824, -0.77015, -0.74671
-0.74671, -0.722305, -0.673502, -0.621568, -0.592992
-0.592992, -0.563648, -0.506053, -0.446106, -0.413629
-0.413629, -0.380616, -0.31672, -0.251351, -0.216378
-0.216378, -0.181124, -0.11369, -0.0457269, -0.00976914
-0.00976911, 0.0262013, 0.0942572, 0.161875, 0.197262
0.197262, 0.232393, 0.298128, 0.362477, 0.395762
0.395762, 0.428535, 0.489106, 0.547402, 0.577147
0.577147, 0.606145, 0.658931, 0.708655, 0.733573
0.733573, 0.757541, 0.800261, 0.839262, 0.858274
0.858274, 0.876176, 0.906983, 0.933573, 0.945859

-0.044499, -0.0804005, -0.148133, -0.215177, -0.250162
-0.250162, -0.284822, -0.349478, -0.412509, -0.445006
-0.445006, -0.476926, -0.535709, -0.592002, -0.620605
-0.620605, -0.648405, -0.698773, -0.745892, -0.769365
-0.769365, -0.791843, -0.831617, -0.867526, -0.884854
-0.884854, -0.901037, -0.928498, -0.951643, -0.962076
-0.962076, -0.971264, -0.985225, -0.994605, -0.997692
-0.997692, -0.999489, -0.999344, -0.994554, -0.990162
-0.990162, -0.984489, -0.970246, -0.951493, -0.939812
-0.939812, -0.926914, -0.899189, -0.867283, -0.848818
-0.848818, -0.829254, -0.789245, -0.745567, -0.721116
-0.721116, -0.695732, -0.64517, -0.591608, -0.562229
-0.562229, -0.532122, -0.473193, -0.412065, -0.379028
-0.379028, -0.3455, -0.280753, -0.214701, -0.179435
-0.179435, -0.143937, -0.0761717, -0.00805238, 0.0279175
0.0279175, 0.0638512, 0.131704, 0.198945, 0.234063
0.234063, 0.268878, 0.333884, 0.397338, 0.430086
0.430086, 0.462277, 0.521625, 0.578548, 0.607509
0.607509, 0.635684, 0.686808, 0.734738, 0.75866
0.75866, 0.781601, 0.822289, 0.859154, 0.877003
0.877003, 0.893716, 0.922209, 0.946415, 0.957418
0.957418, 0.967182, 0.982247, 0.992747, 0.996428
0.996428, 0.998821, 0.999807, 0.996146, 0.992348
0.992348, 0.987265, 0.97413, 0.956467, 0.945352
0.945352, 0.933013, 0.906325, 0.875424, 0.857473
0.857473, 0.838413, 0.799325, 0.756522, 0.732512
0.732512, 0.707554, 0.657758, 0.604904, 0.575873
0.575873, 0.546097, 0.487745, 0.427126, 0.39433
0.39433, 0.361023, 0.296639, 0.230877, 0.195733
0.195733, 0.160336, 0.0927049, 0.0246426, -0.0113282
-0.0113282, -0.0472844, -0.115239, -0.182657, -0.2179
-0.2179, -0.25286, -0.318198, -0.382057, -0.415048
-0.415048, -0.447501, -0.507397, -0.564935, -0.594246
-0.594247, -0.622789, -0.674653, -0.723382, -0.747747
-0.747747, -0.771144, -0.812733, -0.850545, -0.86891
-0.86891, -0.886149, -0.915666, -0.940926, -0.952496
-0.952496, -0.962833, -0.979, -0.990615, -0.99489
-0.99489, -0.997878, -0.999995, -0.997465, -0.99426
-0.99426, -0.989768, -0.977745, -0.961177, -0.950631
-0.950631, -0.938855, -0.913212, -0.883323, -0.865892
-0.865892, -0.847341, -0.809185, -0.767269, -0.743706
-0.743706, -0.719182, -0.670165, -0.618033, -0.589358
-0.589358, -0.559921, -0.502162, -0.442069, -0.409523
-0.409523, -0.376446, -0.312443, -0.246988, -0.211977
-0.211977, -0.176691, -0.109213, -0.0412261, -0.00526417
-0.00526415, 0.0307045, 0.0987413, 0.166319, 0.201676
0.201676, 0.236773, 0.302425, 0.366672, 0.399895
0.399895, 0.432601, 0.49303, 0.551167, 0.58082

0.544658, 0.514143, 0.454503, 0.392751, 0.359421
0.359422, 0.325626, 0.260443, 0.194049, 0.158641
0.158641, 0.123028, 0.0551198, -0.0130449, -0.0489992
-0.0489993, -0.0848901, -0.152587, -0.219575, -0.254521
-0.254521, -0.289138, -0.353695, -0.416609, -0.449035
-0.449035, -0.480881, -0.539508, -0.595626, -0.624131
-0.624131, -0.651828, -0.701988, -0.748885, -0.772235
-0.772235, -0.794586, -0.834111, -0.869758, -0.886944
-0.886944, -0.902982, -0.930161, -0.953017, -0.963295
-0.963295, -0.972327, -0.985986, -0.995062, -0.997988
-0.997988, -0.999623, -0.999171, -0.994075, -0.989522
-0.989522, -0.983689, -0.969146, -0.950097, -0.938263
-0.938263, -0.925214, -0.897208, -0.865032, -0.846428
-0.846428, -0.826728, -0.786471, -0.742557, -0.717988
-0.717988, -0.692489, -0.641721, -0.58797, -0.558498
-0.558498, -0.528303, -0.46922, -0.407956, -0.374855
-0.374855, -0.341269, -0.276427, -0.210299, -0.175001
-0.175001, -0.139477, -0.0716789, -0.00354736, 0.0324205
0.0324206, 0.0683465, 0.136169, 0.203358, 0.23844
0.23844, 0.273215, 0.338127, 0.401468, 0.434149
0.434149, 0.466267, 0.525463, 0.582217, 0.611082
0.611082, 0.639156, 0.690075, 0.737787, 0.761588
0.761588, 0.784403, 0.824844, 0.861451, 0.879158
0.879158, 0.895728, 0.923942, 0.94786, 0.958709
0.958709, 0.968317, 0.983082, 0.993278, 0.996799
0.996799, 0.999029, 0.999709, 0.995741, 0.991781
0.991781, 0.986538, 0.973102, 0.955142, 0.943873
0.943873, 0.931383, 0.904412, 0.873237, 0.855146
0.855146, 0.835949, 0.79661, 0.753568, 0.729438
0.729438, 0.704364, 0.654358, 0.60131, 0.572184
0.572184, 0.542317, 0.483807, 0.423048, 0.390186
0.390186, 0.356818, 0.292334, 0.226491, 0.191313
0.191313, 0.155888, 0.0882183, 0.0201387, -0.0158329
-0.0158329, -0.051784, -0.119712, -0.187084, -0.222294
-0.222294, -0.257216, -0.322466, -0.386217, -0.419142
-0.419142, -0.451525, -0.511274, -0.568647, -0.597864
-0.597864, -0.626307, -0.677972, -0.726485, -0.75073
-0.75073, -0.774004, -0.81535, -0.852906, -0.871131
-0.871131, -0.888228, -0.917467, -0.942442, -0.953858
-0.953858, -0.96404, -0.979908, -0.991221, -0.995335
-0.995335, -0.998161, -0.999972, -0.997134, -0.993768
-0.993768, -0.989115, -0.97679, -0.959924, -0.949224
-0.949224, -0.937295, -0.911367, -0.881202, -0.86363
-0.86363, -0.84494, -0.80653, -0.764371, -0.740687
-0.740687, -0.716044, -0.666814, -0.614485, -0.585713
-0.585713, -0.556183, -0.498261, -0.438024, -0.405409
-0.405409, -0.372269, -0.308161, -0.24262, -0.207572
-0.207572, -0.172255, -0.104733, -0.0367244, -0.000759094

0.930756, 0.917004, 0.887693, 0.854255, 0.835005
0.835006, 0.814675, 0.773266, 0.728262, 0.703144
0.703144, 0.677116, 0.625399, 0.570775, 0.540874
0.540874, 0.510273, 0.450486, 0.388604, 0.355214
0.355214, 0.321364, 0.256091, 0.189628, 0.154192
0.154192, 0.118556, 0.0506211, -0.0175495, -0.0534984
-0.0534984, -0.0893781, -0.157038, -0.223968, -0.258875
-0.258875, -0.293447, -0.357906, -0.4207, -0.453056
-0.453056, -0.484826, -0.543295, -0.599239, -0.627645
-0.627645, -0.655238, -0.70519, -0.751863, -0.77509
-0.77509, -0.797313, -0.836587, -0.871972, -0.889016
-0.889016, -0.904908, -0.931806, -0.954372, -0.964495
-0.964495, -0.973369, -0.986728, -0.995499, -0.998264
-0.998264, -0.999736, -0.998977, -0.993575, -0.988861
-0.988861, -0.982869, -0.968025, -0.948682, -0.936695
-0.936695, -0.923496, -0.89521, -0.862763, -0.84402
-0.84402, -0.824185, -0.78368, -0.739533, -0.714845
-0.714845, -0.689232, -0.63826, -0.58432, -0.554755
-0.554755, -0.524472, -0.465237, -0.403839, -0.370675
-0.370675, -0.337031, -0.272094, -0.205892, -0.170564
-0.170564, -0.135015, -0.0671847, 0.000957735, 0.0369229
0.0369229, 0.0728403, 0.14063, 0.207766, 0.242813
0.242813, 0.277545, 0.342364, 0.40559, 0.438203
0.438203, 0.470248, 0.529291, 0.585874, 0.614641
0.614641, 0.642614, 0.693329, 0.740821, 0.7645
0.7645, 0.787189, 0.827383, 0.86373, 0.881296
0.881296, 0.897722, 0.925656, 0.949286, 0.95998
0.95998, 0.969432, 0.983898, 0.99379, 0.997149
0.997149, 0.999218, 0.99959, 0.995316, 0.991195
0.991195, 0.985791, 0.972054, 0.953798, 0.942376
0.942376, 0.929733, 0.902481, 0.871033, 0.852802
0.852802, 0.833468, 0.793879, 0.750599, 0.726349
0.726349, 0.701159, 0.650945, 0.597705, 0.568483
0.568483, 0.538527, 0.47986, 0.418962, 0.386034
0.386034, 0.352606, 0.288023, 0.222101, 0.186889
0.186889, 0.151436, 0.0837299, 0.0156343, -0.0203373
-0.0203373, -0.0562825, -0.124184, -0.191508, -0.226684
-0.226684, -0.261567, -0.326727, -0.390368, -0.423228
-0.423228, -0.45554, -0.515141, -0.572347, -0.601469
-0.601469, -0.629813, -0.681277, -0.729574, -0.753699
-0.753699, -0.776849, -0.81795, -0.855249, -0.873334
-0.873334, -0.890289, -0.91925, -0.943939, -0.955201
-0.955201, -0.965227, -0.980797, -0.991807, -0.99576
-0.99576, -0.998424, -0.999927, -0.996783, -0.993255
-0.993255, -0.988443, -0.975815, -0.958652, -0.947797
-0.947797, -0.935715, -0.909503, -0.879064, -0.86135
-0.86135, -0.842521, -0.803859, -0.761459, -0.737653
-0.737653, -0.712892, -0.66345, -0.610924, -0.582055

0.969851, 0.977989, 0.989934, 0.997277, 0.999284
0.999284, 0.999998, 0.997801, 0.990966, 0.985501
0.985501, 0.978762, 0.962518, 0.9418, 0.9291
0.9291, 0.915197, 0.885609, 0.851904, 0.832518
0.832518, 0.812054, 0.770402, 0.725168, 0.699933
0.699933, 0.673794, 0.621877, 0.56707, 0.537079
0.537079, 0.506394, 0.446459, 0.384449, 0.350999
0.350999, 0.317094, 0.251733, 0.185202, 0.149739
0.149739, 0.114082, 0.0461212, -0.0220537, -0.0579965
-0.0579965, -0.0938643, -0.161486, -0.228356, -0.263224
-0.263224, -0.297751, -0.362109, -0.424783, -0.457068
-0.457068, -0.488761, -0.547072, -0.60284, -0.631145
-0.631145, -0.658635, -0.708377, -0.754826, -0.777929
-0.777929, -0.800024, -0.839047, -0.874169, -0.891069
-0.891069, -0.906817, -0.933432, -0.955708, -0.965675
-0.965675, -0.974392, -0.987449, -0.995916, -0.998519
-0.998519, -0.99983, -0.998764, -0.993055, -0.988181
-0.988181, -0.982028, -0.966885, -0.947248, -0.935108
-0.935108, -0.921758, -0.893193, -0.860476, -0.841595
-0.841595, -0.821625, -0.780874, -0.736493, -0.711687
-0.711687, -0.685961, -0.634785, -0.580658, -0.551001
-0.551001, -0.520631, -0.461244, -0.399713, -0.366487
-0.366487, -0.332786, -0.267756, -0.201482, -0.166123
-0.166123, -0.13055, -0.0626891, 0.00546281, 0.0414246
0.0414246, 0.0773327, 0.145089, 0.212171, 0.247181
0.247181, 0.281871, 0.346593, 0.409704, 0.442248
0.442248, 0.474219, 0.533108, 0.589519, 0.618189
0.618189, 0.646059, 0.696568, 0.743839, 0.767396
0.767396, 0.78996, 0.829904, 0.865991, 0.883416
0.883416, 0.899698, 0.927351, 0.950693, 0.961232
0.961232, 0.970527, 0.984693, 0.994281, 0.997479
0.997479, 0.999386, 0.999451, 0.99487, 0.990588
0.990588, 0.985024, 0.970987, 0.952435, 0.940859
0.940859, 0.928065, 0.900531, 0.868811, 0.850441
0.850441, 0.83097, 0.791131, 0.747615, 0.723245
0.723245, 0.697939, 0.647518, 0.594087, 0.564771
0.564771, 0.534725, 0.475902, 0.414867, 0.381874
0.381874, 0.348387, 0.283706, 0.217706, 0.182462
0.182462, 0.146982, 0.0792397, 0.0111296, -0.0248412
-0.0248412, -0.0607798, -0.128653, -0.195928, -0.23107
-0.23107, -0.265913, -0.330982, -0.394512, -0.427306
-0.427306, -0.459546, -0.518997, -0.576035, -0.605062
-0.605062, -0.633306, -0.684568, -0.732647, -0.756652
-0.756652, -0.779678, -0.820534, -0.857575, -0.87552
-0.87552, -0.892331, -0.921015, -0.945416, -0.956525
-0.956525, -0.966395, -0.981665, -0.992372, -0.996164
-0.996164, -0.998667, -0.999863, -0.996412, -0.992723
-0.992723, -0.98775, -0.974821, -0.95736, -0.946351

0.647368, 0.674362, 0.723109, 0.768496, 0.791011
0.791011, 0.812503, 0.850338, 0.884219, 0.900446
0.900446, 0.915507, 0.940792, 0.961704, 0.97094
0.97094, 0.978919, 0.990561, 0.997599, 0.999444
0.999444, 0.999997, 0.997493, 0.990352, 0.984727
0.984727, 0.977828, 0.961286, 0.940276, 0.927424
0.927424, 0.913372, 0.883508, 0.849537, 0.830014
0.830014, 0.809417, 0.767522, 0.722058, 0.696709
0.696709, 0.670458, 0.618343, 0.563354, 0.533274
0.533274, 0.502504, 0.442423, 0.380287, 0.346777
0.346777, 0.312818, 0.247371, 0.180773, 0.145283
0.145283, 0.109605, 0.0416205, -0.0265575, -0.0624934
-0.0624934, -0.0983485, -0.16593, -0.23274, -0.267567
-0.267567, -0.302049, -0.366304, -0.428857, -0.46107
-0.46107, -0.492687, -0.550838, -0.606428, -0.634633
-0.634634, -0.662018, -0.711549, -0.757773, -0.780751
-0.780751, -0.802719, -0.841489, -0.876348, -0.893105
-0.893105, -0.908706, -0.935038, -0.957024, -0.966835
-0.966835, -0.975395, -0.988151, -0.996313, -0.998754
-0.998754, -0.999903, -0.998529, -0.992515, -0.98748
-0.98748, -0.981168, -0.965726, -0.945794, -0.933502
-0.933502, -0.920002, -0.891158, -0.858172, -0.839154
-0.839154, -0.819049, -0.778052, -0.733438, -0.708515
-0.708515, -0.682676, -0.631298, -0.576985, -0.547236
-0.547236, -0.51678, -0.457242, -0.395579, -0.362291
-0.362291, -0.328535, -0.263413, -0.197067, -0.161679
-0.161679, -0.126082, -0.0581923, 0.00996777, 0.0459254
0.0459254, 0.0818235, 0.149545, 0.216572, 0.251544
0.251544, 0.28619, 0.350815, 0.413809, 0.446284
0.446284, 0.47818, 0.536914, 0.593152, 0.621724
0.621724, 0.649491, 0.699793, 0.746843, 0.770277
0.770277, 0.792714, 0.832409, 0.868235, 0.885518
0.885518, 0.901655, 0.929027, 0.952081, 0.962465
0.962465, 0.971603, 0.985468, 0.994752, 0.997788
0.997788, 0.999533, 0.999292, 0.994404, 0.989962
0.989962, 0.984238, 0.9699, 0.951053, 0.939323
0.939323, 0.926378, 0.898563, 0.866572, 0.848062
0.848062, 0.828455, 0.788368, 0.744615, 0.720126
0.720126, 0.694706, 0.644078, 0.590457, 0.561048
0.561048, 0.530913, 0.471935, 0.410764, 0.377706
0.377706, 0.34416, 0.279383, 0.213306, 0.17803
0.17803, 0.142524, 0.074748, 0.00662467, -0.0293446
-0.0293447, -0.065276, -0.133119, -0.200344, -0.235451
-0.235451, -0.270253, -0.33523, -0.398648, -0.431374
-0.431374, -0.463543, -0.522843, -0.579712, -0.608643
-0.608643, -0.636786, -0.687845, -0.735706, -0.75959
-0.75959, -0.782491, -0.8231, -0.859884, -0.877688
-0.877688, -0.894356, -0.92276, -0.946875, -0.957829

0.0835344, 0.119321, 0.186697, 0.253205, 0.287835
0.287835, 0.322092, 0.385853, 0.447819, 0.479688
0.479688, 0.510935, 0.568322, 0.623067, 0.650796
0.650796, 0.677682, 0.726214, 0.77137, 0.793759
0.793759, 0.815121, 0.8527, 0.886315, 0.902396
0.902396, 0.91731, 0.94231, 0.962929, 0.972008
0.972008, 0.979829, 0.991169, 0.997901, 0.999584
0.999584, 0.999974, 0.997164, 0.989717, 0.983933
0.983933, 0.976875, 0.960035, 0.938733, 0.92573
0.92573, 0.911529, 0.881389, 0.847151, 0.827493
0.827493, 0.806763, 0.764626, 0.718934, 0.69347
0.69347, 0.667108, 0.614796, 0.559626, 0.529457
0.529457, 0.498604, 0.438379, 0.376116, 0.342548
0.342548, 0.308536, 0.243003, 0.176341, 0.140824
0.140824, 0.105126, 0.0371189, -0.0310607, -0.0669891
-0.0669891, -0.102831, -0.170371, -0.237119, -0.271906
-0.271906, -0.30634, -0.370493, -0.432923, -0.465063
-0.465063, -0.496602, -0.554592, -0.610004, -0.638109
-0.638109, -0.665388, -0.714708, -0.760705, -0.783558
-0.783558, -0.805398, -0.843915, -0.878509, -0.895123
-0.895123, -0.910578, -0.936626, -0.958321, -0.967976
-0.967976, -0.976379, -0.988832, -0.996689, -0.998969
-0.998969, -0.999955, -0.998275, -0.991954, -0.98676
-0.98676, -0.980288, -0.964547, -0.944322, -0.931877
-0.931877, -0.918227, -0.889105, -0.855851, -0.836695
-0.836695, -0.816456, -0.775214, -0.730368, -0.705329
-0.705329, -0.679377, -0.627797, -0.573299, -0.54346
-0.54346, -0.512917, -0.453231, -0.391438, -0.358089
-0.358089, -0.324276, -0.259064, -0.192648, -0.157232
-0.157232, -0.121611, -0.0536942, 0.0144725, 0.0504252
0.0504252, 0.0863127, 0.153998, 0.220967, 0.255901
0.255901, 0.290504, 0.35503, 0.417906, 0.450311
0.450311, 0.482132, 0.540709, 0.596773, 0.625246
0.625246, 0.65291, 0.703004, 0.749831, 0.773142
0.773142, 0.795452, 0.834898, 0.870462, 0.887602
0.887602, 0.903594, 0.930685, 0.953449, 0.963678
0.963678, 0.972659, 0.986223, 0.995203, 0.998078
0.998078, 0.999661, 0.999112, 0.993918, 0.989315
0.989315, 0.983431, 0.968793, 0.949651, 0.937768
0.937768, 0.924672, 0.896577, 0.864315, 0.845666
0.845666, 0.825924, 0.785588, 0.7416, 0.716993
0.716993, 0.691458, 0.640626, 0.586815, 0.557313
0.557313, 0.52709, 0.467959, 0.406652, 0.373531
0.373531, 0.339927, 0.275054, 0.208903, 0.173595
0.173595, 0.138063, 0.0702548, 0.00211961, -0.0338475
-0.0338475, -0.0697708, -0.137583, -0.204755, -0.239827
-0.239827, -0.274588, -0.339471, -0.402775, -0.435434
-0.435434, -0.46753, -0.526678, -0.583377, -0.612211

-0.511443, -0.480206, -0.41932, -0.356485, -0.322651
-0.322652, -0.288401, -0.222485, -0.155536, -0.119907
-0.119907, -0.0841232, -0.016029, 0.0521398, 0.088023
0.088023, 0.123792, 0.191121, 0.257561, 0.292146
0.292146, 0.326354, 0.390005, 0.451843, 0.483636
0.483636, 0.514802, 0.572023, 0.626585, 0.65421
0.65421, 0.680988, 0.729304, 0.774229, 0.796492
0.796492, 0.817723, 0.855045, 0.888392, 0.904328
0.904328, 0.919095, 0.943808, 0.964135, 0.973057
0.973057, 0.98072, 0.991756, 0.998183, 0.999704
0.999704, 0.999932, 0.996814, 0.989063, 0.983118
0.983118, 0.975902, 0.958764, 0.93717, 0.924017
0.924017, 0.909667, 0.879252, 0.844749, 0.824955
0.824955, 0.804093, 0.761715, 0.715795, 0.690217
0.690217, 0.663746, 0.611237, 0.555887, 0.52563
0.52563, 0.494693, 0.434325, 0.371938, 0.338312
0.338312, 0.304248, 0.238631, 0.171904, 0.136363
0.136363, 0.100645, 0.0326165, -0.0355633, -0.0714833
-0.0714834, -0.107311, -0.174808, -0.241493, -0.276238
-0.276238, -0.310626, -0.374673, -0.436979, -0.469047
-0.469047, -0.500507, -0.558335, -0.613568, -0.641571
-0.641571, -0.668744, -0.717851, -0.763622, -0.78635
-0.78635, -0.80806, -0.846323, -0.880652, -0.897122
-0.897122, -0.912431, -0.938195, -0.959598, -0.969097
-0.969097, -0.977342, -0.989494, -0.997045, -0.999163
-0.999163, -0.999988, -0.998001, -0.991374, -0.986019
-0.986019, -0.979388, -0.963348, -0.94283, -0.930233
-0.930233, -0.916433, -0.887034, -0.853512, -0.834219
-0.834219, -0.813847, -0.77236, -0.727283, -0.702128
-0.702128, -0.676064, -0.624284, -0.569602, -0.539673
-0.539673, -0.509045, -0.449211, -0.387288, -0.353879
-0.353879, -0.320011, -0.25471, -0.188226, -0.152781
-0.152781, -0.117138, -0.0491951, 0.018977, 0.0549241
0.0549241, 0.0908, 0.158448, 0.225359, 0.260254
0.260254, 0.294812, 0.359238, 0.421995, 0.454329
0.454329, 0.486074, 0.544493, 0.600382, 0.628755
0.628755, 0.656316, 0.706201, 0.752804, 0.775991
0.775991, 0.798174, 0.837369, 0.872671, 0.889668
0.889668, 0.905515, 0.932323, 0.954798, 0.964871
0.964871, 0.973696, 0.986959, 0.995633, 0.998347
0.998347, 0.999768, 0.998912, 0.993412, 0.988648
0.988648, 0.982604, 0.967666, 0.94823, 0.936194
0.936194, 0.922947, 0.894573, 0.86204, 0.843253
0.843253, 0.823376, 0.782793, 0.738571, 0.713846
0.713846, 0.688197, 0.63716, 0.583161, 0.553567
0.553567, 0.523256, 0.463972, 0.402532, 0.369348
0.369348, 0.335687, 0.27072, 0.204495, 0.169157
0.169157, 0.1336, 0.0657601, -0.00238548, -0.0383497

-0.915744, -0.900703, -0.869007, -0.833271, -0.812847
-0.812848, -0.791373, -0.747877, -0.700904, -0.674798
-0.674798, -0.647819, -0.594404, -0.538227, -0.507566
-0.507566, -0.476249, -0.415226, -0.352272, -0.318384
-0.318384, -0.284084, -0.218091, -0.151084, -0.115433
-0.115433, -0.0796332, -0.0115243, 0.0566382, 0.0925097
0.0925097, 0.128261, 0.195541, 0.261911, 0.296452
0.296452, 0.330609, 0.394149, 0.455857, 0.487574
0.487574, 0.51866, 0.575713, 0.63009, 0.65761
0.65761, 0.68428, 0.732379, 0.777073, 0.799207
0.799207, 0.820308, 0.857372, 0.890451, 0.906242
0.906242, 0.920861, 0.945288, 0.965321, 0.974086
0.974086, 0.98159, 0.992323, 0.998444, 0.999804
0.999804, 0.99987, 0.996445, 0.988388, 0.982284
0.982284, 0.974909, 0.957474, 0.935589, 0.922285
0.922285, 0.907787, 0.877097, 0.842329, 0.8224
0.8224, 0.801407, 0.758788, 0.712642, 0.68695
0.68695, 0.660369, 0.607665, 0.552136, 0.521792
0.521792, 0.490773, 0.430263, 0.367752, 0.334069
0.334069, 0.299953, 0.234253, 0.167465, 0.131898
0.131898, 0.0961615, 0.0281135, -0.0400652, -0.0759762
-0.0759762, -0.111789, -0.179242, -0.245862, -0.280565
-0.280565, -0.314905, -0.378846, -0.441027, -0.473021
-0.473021, -0.504402, -0.562067, -0.617119, -0.64502
-0.64502, -0.672087, -0.72098, -0.766523, -0.789125
-0.789125, -0.810706, -0.848714, -0.882778, -0.899103
-0.899103, -0.914265, -0.939745, -0.960856, -0.970199
-0.970199, -0.978286, -0.990135, -0.997381, -0.999337
-0.999337, -1, -0.997706, -0.990774, -0.985258
-0.985258, -0.978468, -0.96213, -0.941319, -0.928571
-0.928571, -0.914621, -0.884945, -0.851156, -0.831726
-0.831726, -0.81122, -0.769491, -0.724184, -0.698913
-0.698913, -0.672738, -0.620759, -0.565894, -0.535875
-0.535874, -0.505162, -0.445181, -0.383131, -0.349662
-0.349662, -0.31574, -0.250351, -0.183799, -0.148327
-0.148327, -0.112663, -0.044695, 0.0234811, 0.0594218
0.0594218, 0.0952856, 0.162894, 0.229746, 0.264601
0.264601, 0.299114, 0.363439, 0.426075, 0.458337
0.458337, 0.490006, 0.548267, 0.603978, 0.632252
0.632252, 0.659708, 0.709384, 0.755762, 0.778825
0.778825, 0.80088, 0.839823, 0.874862, 0.891716
0.891716, 0.907417, 0.933943, 0.956127, 0.966045
0.966045, 0.974712, 0.987674, 0.996044, 0.998596
0.998596, 0.999855, 0.998692, 0.992886, 0.987961
0.987961, 0.981758, 0.96652, 0.946789, 0.934601
0.934601, 0.921203, 0.89255, 0.859748, 0.840823
0.840823, 0.820811, 0.779981, 0.735526, 0.710683
0.710683, 0.684921, 0.633681, 0.579495, 0.549809

-0.97864, -0.985401, -0.994711, -0.999398, -0.999999
-0.999999, -0.999306, -0.994446, -0.984963, -0.978112
-0.978112, -0.969996, -0.951175, -0.927932, -0.913926
-0.913926, -0.898736, -0.866769, -0.830772, -0.810215
-0.810215, -0.78861, -0.744879, -0.697684, -0.671467
-0.671467, -0.64438, -0.590775, -0.534424, -0.50368
-0.50368, -0.472283, -0.411123, -0.348053, -0.31411
-0.31411, -0.279762, -0.213692, -0.146629, -0.110957
-0.110957, -0.0751417, -0.00701938, 0.0611355, 0.0969945
0.0969945, 0.132728, 0.199957, 0.266256, 0.300752
0.300752, 0.334858, 0.398286, 0.459862, 0.491502
0.491502, 0.522506, 0.57939, 0.633581, 0.660997
0.660997, 0.687558, 0.735439, 0.779901, 0.801907
0.801907, 0.822876, 0.859682, 0.892492, 0.908138
0.908138, 0.922608, 0.946748, 0.966487, 0.975095
0.975095, 0.982441, 0.99287, 0.998685, 0.999883
0.999883, 0.999787, 0.996055, 0.987694, 0.98143
0.98143, 0.973896, 0.956165, 0.933989, 0.920534
0.920534, 0.905888, 0.874924, 0.839893, 0.819829
0.819829, 0.798704, 0.755846, 0.709475, 0.683669
0.683669, 0.656979, 0.604081, 0.548374, 0.517944
0.517944, 0.486843, 0.426192, 0.363559, 0.329819
0.329819, 0.295653, 0.229871, 0.163021, 0.127431
0.127431, 0.0916763, 0.0236099, -0.0445662, -0.0804675
-0.0804675, -0.116265, -0.183673, -0.250227, -0.284886
-0.284886, -0.319178, -0.383012, -0.445066, -0.476985
-0.476985, -0.508287, -0.565787, -0.620658, -0.648456
-0.648456, -0.675416, -0.724095, -0.769408, -0.791884
-0.791884, -0.813335, -0.851088, -0.884885, -0.901066
-0.901066, -0.916081, -0.941275, -0.962094, -0.97128
-0.97128, -0.97921, -0.990756, -0.997697, -0.999491
-0.999491, -0.999992, -0.997391, -0.990153, -0.984477
-0.984477, -0.977528, -0.960892, -0.939789, -0.926889
-0.926889, -0.91279, -0.882838, -0.848782, -0.829217
-0.829217, -0.808578, -0.766606, -0.72107, -0.695684
-0.695684, -0.669398, -0.61722, -0.562174, -0.532065
-0.532065, -0.501269, -0.441143, -0.378966, -0.345437
-0.345437, -0.311462, -0.245987, -0.179369, -0.14387
-0.14387, -0.108186, -0.0401939, 0.0279847, 0.0639183
0.0639183, 0.0997692, 0.167338, 0.234128, 0.268943
0.268943, 0.30341, 0.367632, 0.430146, 0.462337
0.462337, 0.493929, 0.552029, 0.607563, 0.635736
0.635736, 0.663087, 0.712552, 0.758704, 0.781643
0.781643, 0.80357, 0.84226, 0.877035, 0.893746
0.893746, 0.909301, 0.935544, 0.957437, 0.967199
0.967199, 0.975709, 0.988369, 0.996434, 0.998824
0.998824, 0.999922, 0.998451, 0.992339, 0.987254
0.987254, 0.980891, 0.965354, 0.94533, 0.932989

-0.67668, -0.702724, -0.74957, -0.792931, -0.814332
-0.814333, -0.83468, -0.870267, -0.901809, -0.916768
-0.916768, -0.93054, -0.95333, -0.971688, -0.979557
-0.979557, -0.986158, -0.995164, -0.999544, -0.999983
-0.999983, -0.999128, -0.993962, -0.984175, -0.977165
-0.977165, -0.96889, -0.949774, -0.926243, -0.912088
-0.912088, -0.896752, -0.864513, -0.828256, -0.807567
-0.807567, -0.785832, -0.741865, -0.69445, -0.668121
-0.668121, -0.640929, -0.587134, -0.530611, -0.499783
-0.499783, -0.468307, -0.407013, -0.343826, -0.30983
-0.30983, -0.275434, -0.209289, -0.142171, -0.106479
-0.106479, -0.0706485, -0.00251434, 0.0656315, 0.101477
0.101477, 0.137192, 0.204369, 0.270596, 0.305045
0.305045, 0.339099, 0.402414, 0.463858, 0.495421
0.495421, 0.526342, 0.583056, 0.637061, 0.664371
0.664371, 0.690822, 0.738484, 0.782712, 0.804591
0.804591, 0.825428, 0.861975, 0.894515, 0.910014
0.910014, 0.924336, 0.948189, 0.967634, 0.976084
0.976084, 0.983271, 0.993397, 0.998906, 0.999942
0.999942, 0.999683, 0.995645, 0.986979, 0.980556
0.980556, 0.972863, 0.954836, 0.93237, 0.918765
0.918765, 0.903971, 0.872733, 0.837439, 0.817241
0.817241, 0.795985, 0.752889, 0.706292, 0.680375
0.680375, 0.653576, 0.600485, 0.544602, 0.514085
0.514085, 0.482903, 0.422112, 0.359359, 0.325563
0.325563, 0.291346, 0.225485, 0.158575, 0.122962
0.122962, 0.0871892, 0.0191058, -0.0490664, -0.0849571
-0.0849572, -0.120738, -0.188099, -0.254586, -0.289202
-0.289202, -0.323444, -0.387169, -0.449096, -0.48094
-0.48094, -0.512162, -0.569496, -0.624184, -0.651879
-0.651879, -0.678731, -0.727195, -0.772278, -0.794627
-0.794627, -0.815948, -0.853445, -0.886975, -0.903011
-0.903011, -0.917878, -0.942787, -0.963313, -0.972343
-0.972343, -0.980114, -0.991357, -0.997992, -0.999625
-0.999625, -0.999963, -0.997055, -0.989512, -0.983677
-0.983677, -0.976569, -0.959634, -0.93824, -0.925189
-0.925189, -0.910941, -0.880713, -0.846392, -0.82669
-0.82669, -0.805919, -0.763705, -0.717941, -0.692441
-0.692441, -0.666044, -0.613669, -0.558442, -0.528246
-0.528246, -0.497366, -0.437095, -0.374793, -0.341206
-0.341206, -0.307178, -0.241618, -0.174935, -0.139411
-0.139411, -0.103706, -0.0356921, 0.0324877, 0.0684135
0.0684136, 0.104251, 0.171777, 0.238506, 0.273279
0.273279, 0.307699, 0.371818, 0.434209, 0.466327
0.466327, 0.497841, 0.55578, 0.611135, 0.639207
0.639207, 0.666453, 0.715705, 0.761631, 0.784445
0.784445, 0.806243, 0.84468, 0.87919, 0.895758
0.895758, 0.911167, 0.937125, 0.958728, 0.968334

-0.122442, -0.158058, -0.224974, -0.290845, -0.325068
-0.325068, -0.35887, -0.421637, -0.482444, -0.513636
-0.513636, -0.544162, -0.600066, -0.65318, -0.679991
-0.679991, -0.705922, -0.752544, -0.795668, -0.816939
-0.816939, -0.837153, -0.872478, -0.903747, -0.918558
-0.918558, -0.93218, -0.95468, -0.972742, -0.980453
-0.980453, -0.986895, -0.995597, -0.99967, -0.999947
-0.999947, -0.99893, -0.993457, -0.983366, -0.976198
-0.976198, -0.967766, -0.948355, -0.924536, -0.910231
-0.910231, -0.894749, -0.86224, -0.825723, -0.804901
-0.804901, -0.783038, -0.738837, -0.691201, -0.664763
-0.664763, -0.637464, -0.583482, -0.526787, -0.495875
-0.495875, -0.464322, -0.402893, -0.339592, -0.305544
-0.305544, -0.2711, -0.204881, -0.13771, -0.101998
-0.101998, -0.066154, 0.00199076, 0.0701262, 0.105958
0.105958, 0.141653, 0.208777, 0.27493, 0.309332
0.309332, 0.343334, 0.406534, 0.467845, 0.499329
0.499329, 0.530167, 0.586711, 0.640527, 0.667732
0.667732, 0.694073, 0.741514, 0.785508, 0.807258
0.807258, 0.827962, 0.86425, 0.89652, 0.911873
0.911873, 0.926046, 0.94961, 0.968761, 0.977053
0.977053, 0.984082, 0.993904, 0.999106, 0.99998
0.99998, 0.99956, 0.995215, 0.986245, 0.979662
0.979662, 0.971811, 0.953488, 0.930732, 0.916977
0.916977, 0.902035, 0.870525, 0.834968, 0.814636
0.814636, 0.79325, 0.749916, 0.703096, 0.677066
0.677066, 0.65016, 0.596876, 0.540818, 0.510215
0.510215, 0.478953, 0.418024, 0.355151, 0.3213
0.3213, 0.287033, 0.221093, 0.154125, 0.11849
0.11849, 0.0827004, 0.0146014, -0.0535655, -0.0894451
-0.0894451, -0.125209, -0.192522, -0.25894, -0.293512
-0.293512, -0.327703, -0.391319, -0.453116, -0.484885
-0.484885, -0.516026, -0.573194, -0.627697, -0.655289
-0.655289, -0.682033, -0.73028, -0.775132, -0.797354
-0.797354, -0.818544, -0.855784, -0.889046, -0.904937
-0.904937, -0.919657, -0.944279, -0.964513, -0.973385
-0.973385, -0.980998, -0.991938, -0.998268, -0.999738
-0.999738, -0.999915, -0.9967, -0.988851, -0.982856
-0.982856, -0.975589, -0.958358, -0.936671, -0.92347
-0.92347, -0.909073, -0.878571, -0.843984, -0.824147
-0.824147, -0.803244, -0.760789, -0.714798, -0.689183
-0.689183, -0.662677, -0.610106, -0.554699, -0.524415
-0.524415, -0.493452, -0.433039, -0.370612, -0.336968
-0.336968, -0.302887, -0.237244, -0.170498, -0.134948
-0.134948, -0.0992241, -0.0311895, 0.0369901, 0.0729074
0.0729074, 0.10873, 0.176214, 0.242878, 0.27761
0.27761, 0.311983, 0.375997, 0.438263, 0.470307
0.470307, 0.501743, 0.559519, 0.614694, 0.642665

0.477445, 0.445535, 0.383495, 0.319674, 0.285388
0.285388, 0.250734, 0.184187, 0.116785, 0.0809894
0.0809893, 0.0450893, -0.0230865, -0.0911549, -0.126912
-0.126912, -0.162505, -0.229362, -0.295152, -0.329325
-0.329325, -0.363071, -0.425718, -0.486386, -0.517496
-0.517496, -0.547936, -0.603664, -0.656585, -0.683287
-0.683287, -0.709105, -0.755503, -0.798389, -0.819529
-0.819529, -0.839608, -0.87467, -0.905666, -0.920329
-0.920329, -0.933802, -0.956011, -0.973777, -0.981329
-0.981329, -0.987612, -0.996009, -0.999776, -0.999891
-0.999891, -0.998712, -0.992933, -0.982538, -0.975211
-0.975211, -0.966621, -0.946916, -0.92281, -0.908357
-0.908357, -0.892728, -0.85995, -0.823173, -0.80222
-0.80222, -0.780228, -0.735793, -0.687938, -0.66139
-0.66139, -0.633986, -0.579817, -0.522952, -0.491958
-0.491958, -0.460327, -0.398766, -0.335351, -0.301251
-0.301251, -0.266761, -0.20047, -0.133247, -0.0975156
-0.0975156, -0.0616581, 0.00649582, 0.0746195, 0.110437
0.110437, 0.146111, 0.213181, 0.279259, 0.313613
0.313613, 0.347562, 0.410646, 0.471822, 0.503227
0.503227, 0.533982, 0.590353, 0.64398, 0.671078
0.671079, 0.697309, 0.744529, 0.788288, 0.809908
0.809908, 0.83048, 0.866507, 0.898507, 0.913713
0.913713, 0.927737, 0.951013, 0.969868, 0.978003
0.978003, 0.984872, 0.994391, 0.999287, 0.999998
0.999998, 0.999416, 0.994765, 0.98549, 0.978748
0.978748, 0.970739, 0.95212, 0.929075, 0.91517
0.91517, 0.900082, 0.868299, 0.832481, 0.812015
0.812015, 0.790499, 0.746928, 0.699885, 0.673744
0.673744, 0.64673, 0.593255, 0.537023, 0.506336
0.506336, 0.474993, 0.413927, 0.350936, 0.31703
0.31703, 0.282715, 0.216697, 0.149673, 0.114015
0.114015, 0.0782099, 0.0100966, -0.0580636, -0.0939312
-0.0939312, -0.129677, -0.196941, -0.263289, -0.297815
-0.297815, -0.331956, -0.395461, -0.457128, -0.48882
-0.48882, -0.51988, -0.576879, -0.631198, -0.658685
-0.658685, -0.68532, -0.73335, -0.777971, -0.800065
-0.800065, -0.821124, -0.858106, -0.8911, -0.906845
-0.906845, -0.921416, -0.945753, -0.965692, -0.974407
-0.974407, -0.981862, -0.992499, -0.998522, -0.999831
-0.999831, -0.999845, -0.996324, -0.988171, -0.982016
-0.982016, -0.97459, -0.957061, -0.935084, -0.921732
-0.921732, -0.907187, -0.87641, -0.841559, -0.821587
-0.821587, -0.800552, -0.757857, -0.71164, -0.685912
-0.685912, -0.659296, -0.60653, -0.550945, -0.520574
-0.520574, -0.489529, -0.428974, -0.366424, -0.332723
-0.332723, -0.298591, -0.232865, -0.166057, -0.130483
-0.130483, -0.0947402, -0.0266863, 0.0414917, 0.0773997

0.899332, 0.883024, 0.848991, 0.811012, 0.789446
0.789447, 0.766859, 0.721343, 0.672474, 0.64542
0.64542, 0.617531, 0.5625, 0.504854, 0.473482
0.473482, 0.441497, 0.379331, 0.315402, 0.281068
0.281068, 0.24637, 0.179757, 0.112309, 0.0764982
0.0764982, 0.0405883, -0.0275901, -0.0956403, -0.131379
-0.131379, -0.166948, -0.233744, -0.299454, -0.333575
-0.333575, -0.367265, -0.42979, -0.490317, -0.521346
-0.521346, -0.551699, -0.607249, -0.659976, -0.68657
-0.68657, -0.712275, -0.758447, -0.801094, -0.822102
-0.822102, -0.842047, -0.876845, -0.907567, -0.922082
-0.922082, -0.935404, -0.957323, -0.974792, -0.982186
-0.982186, -0.988309, -0.996401, -0.999861, -0.999814
-0.999814, -0.998473, -0.992388, -0.98169, -0.974204
-0.974204, -0.965457, -0.945458, -0.921065, -0.906463
-0.906463, -0.890689, -0.857642, -0.820607, -0.799522
-0.799522, -0.777402, -0.732735, -0.684662, -0.658005
-0.658005, -0.630496, -0.576141, -0.519107, -0.488031
-0.488031, -0.456323, -0.394631, -0.331103, -0.296952
-0.296952, -0.262416, -0.196054, -0.128781, -0.093031
-0.093031, -0.057161, 0.0110007, 0.0791113, 0.114913
0.114913, 0.150566, 0.21758, 0.283582, 0.317888
0.317888, 0.351782, 0.41475, 0.475789, 0.507115
0.507115, 0.537785, 0.593983, 0.64742, 0.674412
0.674412, 0.700531, 0.747529, 0.791052, 0.812543
0.812543, 0.832981, 0.868747, 0.900475, 0.915534
0.915534, 0.929409, 0.952396, 0.970956, 0.978933
0.978933, 0.985643, 0.994857, 0.999447, 0.999996
0.999996, 0.999252, 0.994295, 0.984715, 0.977814
0.977814, 0.969647, 0.950733, 0.927399, 0.913345
0.913345, 0.898109, 0.866056, 0.829976, 0.809378
0.809378, 0.787732, 0.743925, 0.696661, 0.670408
0.670408, 0.643288, 0.589623, 0.533217, 0.502446
0.502446, 0.471024, 0.409821, 0.346714, 0.312755
0.312755, 0.278391, 0.212297, 0.145217, 0.109538
0.109538, 0.0737179, 0.00559166, -0.0625605, -0.0984154
-0.0984154, -0.134143, -0.201356, -0.267632, -0.302113
-0.302113, -0.336203, -0.399595, -0.46113, -0.492745
-0.492745, -0.523723, -0.580553, -0.634685, -0.662068
-0.662068, -0.688594, -0.736405, -0.780793, -0.802759
-0.802759, -0.823686, -0.860411, -0.893135, -0.908734
-0.908734, -0.923158, -0.947207, -0.966852, -0.97541
-0.97541, -0.982706, -0.99304, -0.998757, -0.999904
-0.999904, -0.999756, -0.995928, -0.98747, -0.981155
-0.981155, -0.973571, -0.955746, -0.933478, -0.919975
-0.919975, -0.905282, -0.874232, -0.839117, -0.81901
-0.81901, -0.797844, -0.754911, -0.708468, -0.682627
-0.682627, -0.655902, -0.602943, -0.54718, -0.516722

0.985931, 0.991305, 0.997967, 0.99999, 0.999184
0.999185, 0.997085, 0.989569, 0.977453, 0.969226
0.969226, 0.959745, 0.938376, 0.912645, 0.897353
0.897353, 0.8809, 0.846602, 0.808368, 0.786673
0.786673, 0.76396, 0.718216, 0.669133, 0.641972
0.641972, 0.613981, 0.558769, 0.50096, 0.469509
0.469509, 0.43745, 0.375159, 0.311123, 0.276741
0.276741, 0.242001, 0.175324, 0.107831, 0.0720056
0.0720056, 0.0360865, -0.0320932, -0.100124, -0.135844
-0.135844, -0.171389, -0.238122, -0.303749, -0.337819
-0.337819, -0.371452, -0.433853, -0.494238, -0.525185
-0.525185, -0.555451, -0.610822, -0.663354, -0.689838
-0.689838, -0.71543, -0.761375, -0.803782, -0.824659
-0.824659, -0.844469, -0.879002, -0.90945, -0.923816
-0.923816, -0.936988, -0.958615, -0.975787, -0.983022
-0.983022, -0.988986, -0.996773, -0.999926, -0.999717
-0.999717, -0.998214, -0.991823, -0.980822, -0.973177
-0.973177, -0.964273, -0.943981, -0.919301, -0.904552
-0.904552, -0.888632, -0.855316, -0.818024, -0.796808
-0.796808, -0.774561, -0.729662, -0.681371, -0.654605
-0.654605, -0.626993, -0.572453, -0.515251, -0.484094
-0.484094, -0.45231, -0.390487, -0.326849, -0.292647
-0.292647, -0.258066, -0.191635, -0.124312, -0.0885445
-0.0885445, -0.0526627, 0.0155054, 0.0836015, 0.119387
0.119387, 0.155019, 0.221975, 0.287899, 0.322156
0.322156, 0.355996, 0.418845, 0.479747, 0.510993
0.510993, 0.541578, 0.597601, 0.650847, 0.677731
0.677731, 0.703739, 0.750514, 0.7938, 0.81516
0.81516, 0.835466, 0.87097, 0.902425, 0.917337
0.917337, 0.931062, 0.95376, 0.972024, 0.979843
0.979843, 0.986394, 0.995303, 0.999586, 0.999974
0.999974, 0.999068, 0.993804, 0.983921, 0.97686
0.97686, 0.968536, 0.949327, 0.925704, 0.911501
0.911501, 0.896119, 0.863795, 0.827455, 0.806724
0.806724, 0.784949, 0.740907, 0.693421, 0.667058
0.667058, 0.639832, 0.585978, 0.5294, 0.498545
0.498545, 0.467045, 0.405708, 0.342485, 0.308472
0.308472, 0.274061, 0.207893, 0.140758, 0.105059
0.105059, 0.0692243, 0.00108659, -0.0670561, -0.102898
-0.102898, -0.138606, -0.205766, -0.27197, -0.306404
-0.306404, -0.340442, -0.403721, -0.465123, -0.49666
-0.49666, -0.527555, -0.584216, -0.63816, -0.665438
-0.665438, -0.691854, -0.739446, -0.7836, -0.805438
-0.805438, -0.826233, -0.862698, -0.895152, -0.910605
-0.910605, -0.92488, -0.948641, -0.967993, -0.976393
-0.976393, -0.98353, -0.99356, -0.998972, -0.999956
-0.999956, -0.999646, -0.995511, -0.986749, -0.980275
-0.980275, -0.972532, -0.954411, -0.931853, -0.9182

0.704957, 0.73001, 0.774883, 0.816154, 0.836408
0.836408, 0.85558, 0.888866, 0.918019, 0.931687
0.931687, 0.944149, 0.964408, 0.980184, 0.986674
0.986674, 0.991888, 0.998244, 0.99996, 0.998992
0.998992, 0.996732, 0.98891, 0.976492, 0.968107
0.968107, 0.95847, 0.93681, 0.910794, 0.895356
0.895356, 0.878759, 0.844196, 0.805708, 0.783884
0.783884, 0.761045, 0.715074, 0.665778, 0.638512
0.638512, 0.610419, 0.555028, 0.497056, 0.465527
0.465527, 0.433394, 0.370979, 0.306839, 0.272409
0.272409, 0.237627, 0.170887, 0.103352, 0.0675115
0.0675114, 0.031584, -0.0365956, -0.104605, -0.140306
-0.140306, -0.175825, -0.242495, -0.308038, -0.342056
-0.342056, -0.375631, -0.437908, -0.49815, -0.529013
-0.529013, -0.559192, -0.614383, -0.666718, -0.693093
-0.693093, -0.71857, -0.764288, -0.806454, -0.827199
-0.827199, -0.846873, -0.881141, -0.911314, -0.925532
-0.925532, -0.938552, -0.959888, -0.976763, -0.983839
-0.983839, -0.989642, -0.997124, -0.999971, -0.999599
-0.999599, -0.997935, -0.991238, -0.979934, -0.972131
-0.972131, -0.96307, -0.942485, -0.917519, -0.902622
-0.902622, -0.886557, -0.852973, -0.815425, -0.794078
-0.794078, -0.771703, -0.726574, -0.678067, -0.651193
-0.651193, -0.623477, -0.568753, -0.511385, -0.480147
-0.480147, -0.448287, -0.386336, -0.322588, -0.288336
-0.288336, -0.253711, -0.187211, -0.11984, -0.0840562
-0.0840562, -0.0481633, 0.0200098, 0.0880899, 0.123859
0.123859, 0.159468, 0.226365, 0.292211, 0.326418
0.326418, 0.360202, 0.422931, 0.483694, 0.51486
0.51486, 0.54536, 0.601207, 0.65426, 0.681037
0.681037, 0.706932, 0.753484, 0.796532, 0.817762
0.817762, 0.837933, 0.873174, 0.904357, 0.919121
0.919121, 0.932696, 0.955104, 0.973072, 0.980733
0.980733, 0.987124, 0.995729, 0.999706, 0.999931
0.999931, 0.998863, 0.993293, 0.983106, 0.975887
0.975887, 0.967405, 0.947901, 0.923991, 0.909639
0.909639, 0.894111, 0.861516, 0.824917, 0.804053
0.804053, 0.782149, 0.737874, 0.690168, 0.663695
0.663695, 0.636363, 0.582322, 0.525573, 0.494635
0.494635, 0.463057, 0.401586, 0.338249, 0.304184
0.304184, 0.269725, 0.203484, 0.136296, 0.100578
0.100578, 0.0647293, -0.00341851, -0.0715504, -0.107378
-0.107378, -0.143066, -0.210173, -0.276303, -0.31069
-0.31069, -0.344675, -0.407838, -0.469106, -0.500565
-0.500565, -0.531377, -0.587866, -0.641622, -0.668794
-0.668794, -0.6951, -0.742471, -0.786391, -0.808099
-0.808099, -0.828762, -0.864967, -0.897152, -0.912458
-0.912458, -0.926584, -0.950057, -0.969114, -0.977356

0.161162, 0.196554, 0.262908, 0.32804, 0.361803
0.361803, 0.395099, 0.456777, 0.516331, 0.546798
0.546798, 0.576557, 0.630891, 0.682293, 0.708146
0.708146, 0.733082, 0.777723, 0.818749, 0.838869
0.838869, 0.857903, 0.890921, 0.919796, 0.933314
0.933314, 0.945624, 0.96559, 0.981067, 0.987397
0.987397, 0.992451, 0.998501, 0.99991, 0.99878
0.99878, 0.996357, 0.988231, 0.975511, 0.966969
0.966969, 0.957176, 0.935224, 0.908925, 0.89334
0.89334, 0.8766, 0.841772, 0.803031, 0.781078
0.781078, 0.758115, 0.711917, 0.66241, 0.635038
0.635038, 0.606844, 0.551275, 0.493142, 0.461535
0.461535, 0.42933, 0.366791, 0.302548, 0.268072
0.268072, 0.233249, 0.166446, 0.0988695, 0.063016
0.0630159, 0.0270809, -0.0410973, -0.109084, -0.144765
-0.144765, -0.180258, -0.246864, -0.312321, -0.346286
-0.346286, -0.379802, -0.441954, -0.502051, -0.532831
-0.532831, -0.562921, -0.617931, -0.670069, -0.696333
-0.696333, -0.721696, -0.767186, -0.80911, -0.829722
-0.829722, -0.84926, -0.883263, -0.913159, -0.927228
-0.927228, -0.940097, -0.961142, -0.977718, -0.984636
-0.984636, -0.990279, -0.997455, -0.999995, -0.999462
-0.999462, -0.997635, -0.990633, -0.979026, -0.971065
-0.971065, -0.961847, -0.94097, -0.915718, -0.900673
-0.900673, -0.884464, -0.850613, -0.812809, -0.791331
-0.791331, -0.76883, -0.723471, -0.674749, -0.647768
-0.647768, -0.619948, -0.565042, -0.507508, -0.47619
-0.47619, -0.444256, -0.382176, -0.318321, -0.28402
-0.28402, -0.249351, -0.182784, -0.115367, -0.0795662
-0.0795662, -0.043663, 0.0245138, 0.0925766, 0.128328
0.128328, 0.163913, 0.230751, 0.296516, 0.330673
0.330673, 0.364401, 0.427009, 0.487633, 0.518717
0.518717, 0.54913, 0.604801, 0.657661, 0.684329
0.684329, 0.710111, 0.756438, 0.799248, 0.820346
0.820346, 0.840383, 0.875361, 0.906271, 0.920887
0.920887, 0.934312, 0.956429, 0.974101, 0.981603
0.981603, 0.987835, 0.996135, 0.999805, 0.999868
0.999868, 0.998638, 0.992762, 0.982271, 0.974894
0.974894, 0.966254, 0.946456, 0.922259, 0.907759
0.907759, 0.892084, 0.85922, 0.822362, 0.801367
0.801367, 0.779334, 0.734826, 0.686901, 0.660319
0.660319, 0.632882, 0.578653, 0.521735, 0.490715
0.490715, 0.459059, 0.397456, 0.334006, 0.299889
0.299889, 0.265385, 0.199071, 0.131832, 0.0960945
0.0960945, 0.060233, -0.00792353, -0.0760432, -0.111856
-0.111856, -0.147523, -0.214575, -0.28063, -0.314969
-0.314969, -0.3489, -0.411947, -0.47308, -0.50446
-0.50446, -0.535188, -0.591505, -0.645071, -0.672136

5.51756e-09, 0.0359658, 0.103978, 0.171508, 0.20683
0.20683, 0.241884, 0.307439, 0.371564, 0.404715
0.404715, 0.437341, 0.497603, 0.555552, 0.585097
0.585097, 0.613886, 0.666248, 0.715514, 0.740177
0.740177, 0.763882, 0.806081, 0.844533, 0.863247
0.863247, 0.880843, 0.911054, 0.93703, 0.948985
0.948985, 0.959711, 0.976627, 0.989004, 0.993683
0.993683, 0.997076, 0.999966, 0.998207, 0.995408
0.995408, 0.991321, 0.980059, 0.964241, 0.954086
0.954086, 0.942696, 0.917769, 0.888577, 0.871503
0.871503, 0.853302, 0.815789, 0.774484, 0.751232
0.751232, 0.727007, 0.67853, 0.626899, 0.598472
0.598472, 0.569271, 0.511927, 0.452202, 0.419831
0.419831, 0.386917, 0.323185, 0.25795, 0.223034
0.223034, 0.18783, 0.120466, 0.052542, 0.0165919
0.0165919, -0.0193797, -0.0874621, -0.155138, -0.190568
-0.190568, -0.225751, -0.291608, -0.356109, -0.389487
-0.389487, -0.42236, -0.483143, -0.541679, -0.571561
-0.571561, -0.600704, -0.653784, -0.703825, -0.728918
-0.728918, -0.753069, -0.796151, -0.835532, -0.854753
-0.854753, -0.872867, -0.904088, -0.931106, -0.943622
-0.943622, -0.954917, -0.972927, -0.986414, -0.991684
-0.991684, -0.995671, -0.99969, -0.999063, -0.996859
-0.996859, -0.993366, -0.983221, -0.968506, -0.958924
-0.958924, -0.948102, -0.924232, -0.896065, -0.87952
-0.87952, -0.861836, -0.825273, -0.784874, -0.762079
-0.762079, -0.738299, -0.690624, -0.639739, -0.611682
-0.611682, -0.582834, -0.526109, -0.466939, -0.434832
-0.434832, -0.402163, -0.338842, -0.273945, -0.239177
-0.239177, -0.204101, -0.136921, -0.0691038, -0.0331792
-0.0331792, 0.00278826, 0.0709218, 0.138726, 0.174254
0.174254, 0.209557, 0.275697, 0.340556, 0.374151
0.374151, 0.407263, 0.468549, 0.527658, 0.557868
0.557868, 0.587356, 0.641139, 0.691941, 0.717459
0.717459, 0.742049, 0.786002, 0.826301, 0.846023
0.846023, 0.864651, 0.896873, 0.924926, 0.938
0.938, 0.94986, 0.968958, 0.983552, 0.989412
0.989412, 0.993992, 0.99914, 0.999643, 0.998036
0.998036, 0.995137, 0.986113, 0.972504, 0.963499
0.963499, 0.953247, 0.93044, 0.903308, 0.887294
0.887294, 0.870132, 0.834529, 0.795047, 0.772718
0.772717, 0.749388, 0.702529, 0.652404, 0.624724
0.624724, 0.596236, 0.540147, 0.481546, 0.449714
0.449714, 0.417299, 0.354405, 0.289864, 0.255255
0.255255, 0.220315, 0.153337, 0.0856465, 0.0497574
0.0497574, 0.013804, -0.0543619, -0.122275, -0.157892
-0.157892, -0.193304, -0.25971, -0.324909, -0.358713
-0.358713, -0.392053, -0.453827, -0.513491, -0.544021

0.00214684
2339
102
