12
16

0, 0.0145902, 0.0479979, 0.097909, 0.160888, 0.232452, 0.307439, 0.38056, 0.447, 0.502886, 0.545498, 0.573203, 0.585097
0.585097, 0.596867, 0.623347, 0.661687, 0.70795, 0.75758, 0.806081, 0.849693, 0.88589, 0.913552, 0.932756, 0.944283, 0.948985
0.948985, 0.953484, 0.963026, 0.975298, 0.987354, 0.996287, 0.999966, 0.997578, 0.989848, 0.978829, 0.967363, 0.958354, 0.954086
0.954086, 0.949614, 0.938609, 0.920175, 0.893465, 0.858324, 0.815789, 0.768306, 0.71957, 0.674036, 0.636236, 0.610097, 0.598472
0.598472, 0.58672, 0.559329, 0.517158, 0.461781, 0.395851, 0.323185, 0.248557, 0.177242, 0.114408, 0.0645641, 0.0311783, 0.0165919
0.0165919, 0.00200198, -0.0314186, -0.0813833, -0.14449, -0.216282, -0.291608, -0.365165, -0.432097, -0.488475, -0.531517, -0.559528, -0.571561
-0.571561, -0.583473, -0.610288, -0.649155, -0.696134, -0.746646, -0.796151, -0.840827, -0.878071, -0.906678, -0.926646, -0.938692, -0.943622
-0.943622, -0.948351, -0.958423, -0.971499, -0.984587, -0.994722, -0.99969, -0.998595, -0.99207, -0.98209, -0.971434, -0.962961, -0.958924
-0.958924, -0.954684, -0.944204, -0.926544, -0.900794, -0.86672, -0.825273, -0.77882, -0.730993, -0.686199, -0.648949, -0.623159, -0.611682
-0.611682, -0.600075, -0.573006, -0.531287, -0.476434, -0.411034, -0.338842, -0.264594, -0.193547, -0.130875, -0.0811125, -0.0477578, -0.0331792
-0.0331792, -0.0185936, 0.0148305, 0.0648353, 0.128053, 0.200054, 0.275697, 0.349668, 0.417074, 0.47393, 0.51739, 0.5457, 0.557868
0.557868, 0.569917, 0.59706, 0.636445, 0.684126, 0.735506, 0.786002, 0.83173, 0.870011, 0.899555, 0.920281, 0.932843, 0.938
0.938, 0.942958, 0.953557, 0.967432, 0.98155, 0.992882, 0.99914, 0.999337, 0.994019, 0.985081, 0.975238, 0.967302, 0.963499
0.963499, 0.95949, 0.949539, 0.932658, 0.907875, 0.874876, 0.834529, 0.78912, 0.742214, 0.698174, 0.661483, 0.63605, 0.624724
0.624724, 0.613265, 0.586525, 0.545271, 0.490956, 0.426102, 0.354405, 0.280558, 0.209798, 0.147306, 0.0976385, 0.0643242, 0.0497574
0.0497574, 0.03518, 0.00176157, -0.0482694, -0.11158, -0.183769, -0.25971, -0.334075, -0.401937, -0.459255, -0.50312, -0.531721, -0.544021

-0.584061, -0.572156, -0.544427, -0.501781, -0.445857, -0.379379, -0.306223, -0.231209, -0.159628, -0.0966377, -0.046722, -0.013313, 0.00127733
0.00127731, 0.0158673, 0.0492737, 0.0991801, 0.162149, 0.233694, 0.308654, 0.381741, 0.448143, 0.503989, 0.546568, 0.574249, 0.586133
0.586133, 0.597891, 0.624346, 0.662644, 0.708851, 0.758413, 0.806836, 0.850365, 0.886482, 0.914071, 0.933216, 0.944703, 0.949387
0.949387, 0.953868, 0.963369, 0.975579, 0.987555, 0.996396, 0.999975, 0.997489, 0.989666, 0.978567, 0.967039, 0.957989, 0.953702
0.953702, 0.949213, 0.938168, 0.919674, 0.892891, 0.857668, 0.81505, 0.767488, 0.718683, 0.673092, 0.63525, 0.609085, 0.597448
0.597448, 0.585685, 0.55827, 0.516064, 0.460648, 0.394678, 0.321975, 0.24732, 0.175985, 0.113139, 0.0632894, 0.0299015, 0.0153147
0.0153147, 0.00072466, -0.0326952, -0.0826564, -0.145754, -0.217529, -0.292829, -0.366353, -0.433248, -0.489589, -0.532599, -0.560587, -0.572609
-0.572609, -0.584509, -0.611299, -0.650126, -0.69705, -0.747495, -0.796923, -0.841518, -0.878682, -0.907216, -0.927126, -0.939132, -0.944044
-0.944044, -0.948756, -0.958787, -0.971801, -0.98481, -0.994852, -0.999721, -0.998527, -0.991909, -0.981849, -0.97113, -0.962616, -0.958561
-0.958561, -0.954303, -0.943782, -0.926063, -0.900239, -0.866082, -0.824551, -0.778019, -0.730121, -0.68527, -0.647976, -0.62216, -0.610671
-0.610671, -0.599053, -0.571959, -0.530205, -0.475311, -0.409869, -0.337639, -0.263362, -0.192293, -0.129608, -0.0798393, -0.0464819, -0.0319026
-0.0319026, -0.0173164, 0.0161077, 0.0661099, 0.12932, 0.201305, 0.276925, 0.350865, 0.418235, 0.475054, 0.518483, 0.54677, 0.558928
0.558928, 0.570967, 0.598084, 0.63743, 0.685058, 0.73637, 0.786791, 0.832439, 0.87064, 0.900112, 0.92078, 0.933302, 0.938442
0.938442, 0.943382, 0.953941, 0.967754, 0.981793, 0.993034, 0.999192, 0.99929, 0.993878, 0.98486, 0.974955, 0.966977, 0.963156
0.963156, 0.95913, 0.949137, 0.932196, 0.907339, 0.874257, 0.833825, 0.788335, 0.741358, 0.697259, 0.660524, 0.635064, 0.623726
0.623726, 0.612255, 0.58549, 0.544199, 0.489843, 0.424947, 0.353211, 0.279332, 0.208549, 0.146043, 0.0963672, 0.0630495, 0.0484816

-0.948176, -0.943439, -0.931832, -0.91251, -0.884702, -0.848343, -0.804567, -0.75591, -0.706143, -0.659769, -0.621348, -0.594815, -0.583024
-0.583024, -0.571108, -0.543356, -0.500676, -0.444714, -0.378197, -0.305007, -0.229966, -0.158366, -0.0953663, -0.0454461, -0.0120357, 0.00255464
0.00255464, 0.0171445, 0.0505495, 0.100451, 0.163409, 0.234936, 0.309868, 0.382922, 0.449284, 0.505092, 0.547638, 0.575294, 0.587167
0.587167, 0.598915, 0.625343, 0.6636, 0.709751, 0.759245, 0.80759, 0.851037, 0.887072, 0.914588, 0.933674, 0.945121, 0.949787
0.949787, 0.954251, 0.963711, 0.975859, 0.987755, 0.996504, 0.999984, 0.997398, 0.989482, 0.978303, 0.966713, 0.957622, 0.953317
0.953317, 0.94881, 0.937725, 0.919172, 0.892315, 0.857011, 0.814309, 0.766668, 0.717794, 0.672147, 0.634263, 0.608071, 0.596424
0.596424, 0.584649, 0.55721, 0.514969, 0.459513, 0.393504, 0.320766, 0.246082, 0.174727, 0.111869, 0.0620146, 0.0286248, 0.0140376
0.0140376, -0.000552661, -0.0339718, -0.0839292, -0.147018, -0.218776, -0.294051, -0.367542, -0.434399, -0.490703, -0.53368, -0.561644, -0.573656
-0.573656, -0.585545, -0.612309, -0.651096, -0.697966, -0.748343, -0.797694, -0.842207, -0.879291, -0.907753, -0.927603, -0.93957, -0.944465
-0.944465, -0.949159, -0.959149, -0.972101, -0.985031, -0.994981, -0.999751, -0.998457, -0.991746, -0.981606, -0.970825, -0.962269, -0.958196
-0.958196, -0.95392, -0.943359, -0.92558, -0.899682, -0.865442, -0.823828, -0.777216, -0.729247, -0.684339, -0.647003, -0.621159, -0.609659
-0.609659, -0.598029, -0.57091, -0.529121, -0.474187, -0.408703, -0.336437, -0.26213, -0.19104, -0.128342, -0.078566, -0.0452059, -0.0306259
-0.0306259, -0.0160393, 0.0173848, 0.0673843, 0.130586, 0.202556, 0.278152, 0.35206, 0.419395, 0.476178, 0.519575, 0.547839, 0.559986
0.559986, 0.572015, 0.599107, 0.638414, 0.685988, 0.737234, 0.787578, 0.833146, 0.871267, 0.900667, 0.921278, 0.93376, 0.938882
0.938882, 0.943805, 0.954323, 0.968075, 0.982035, 0.993183, 0.999242, 0.999241, 0.993737, 0.984638, 0.97467, 0.966651, 0.962812
0.962812, 0.958767, 0.948734, 0.931733, 0.906801, 0.873636, 0.833119, 0.787549, 0.7405, 0.696343, 0.659565, 0.634077, 0.622727

-0.955227, -0.959442, -0.968327, -0.979606, -0.990385, -0.997838, -0.999926, -0.99595, -0.986739, -0.974444, -0.961986, -0.952322, -0.947769
-0.947769, -0.943015, -0.931368, -0.911987, -0.884106, -0.847666, -0.803807, -0.755073, -0.705238, -0.658809, -0.620347, -0.593788, -0.581985
-0.581985, -0.570059, -0.542283, -0.49957, -0.443569, -0.377014, -0.30379, -0.228723, -0.157105, -0.0940947, -0.04417, -0.0107585, 0.00383195
0.00383195, 0.0184216, 0.0518251, 0.101722, 0.164669, 0.236177, 0.311083, 0.384101, 0.450425, 0.506194, 0.548706, 0.576339, 0.588201
0.588201, 0.599937, 0.626339, 0.664555, 0.710651, 0.760076, 0.808343, 0.851707, 0.887661, 0.915104, 0.934131, 0.945537, 0.950186
0.950186, 0.954632, 0.964051, 0.976137, 0.987954, 0.99661, 0.99999, 0.997305, 0.989296, 0.978037, 0.966385, 0.957253, 0.952931
0.952931, 0.948406, 0.93728, 0.918668, 0.891737, 0.856352, 0.813567, 0.765848, 0.716904, 0.6712, 0.633275, 0.607057, 0.595398
0.595398, 0.583612, 0.556149, 0.513874, 0.458379, 0.39233, 0.319556, 0.244844, 0.173469, 0.1106, 0.0607397, 0.027348, 0.0127603
0.0127603, -0.00182998, -0.0352484, -0.085202, -0.148281, -0.220022, -0.295271, -0.368729, -0.435549, -0.491815, -0.534759, -0.5627, -0.574701
-0.574701, -0.58658, -0.613319, -0.652065, -0.69888, -0.749189, -0.798464, -0.842895, -0.879899, -0.908288, -0.92808, -0.940006, -0.944884
-0.944884, -0.94956, -0.95951, -0.9724, -0.98525, -0.995108, -0.999778, -0.998385, -0.991581, -0.981361, -0.970518, -0.961921, -0.95783
-0.95783, -0.953536, -0.942935, -0.925096, -0.899123, -0.864802, -0.823103, -0.776411, -0.728373, -0.683407, -0.646028, -0.620158, -0.608646
-0.608646, -0.597005, -0.569861, -0.528037, -0.473062, -0.407537, -0.335234, -0.260897, -0.189786, -0.127075, -0.0772926, -0.0439299, -0.0293491
-0.0293491, -0.0147621, 0.018662, 0.0686587, 0.131852, 0.203807, 0.279378, 0.353256, 0.420554, 0.477301, 0.520666, 0.548907, 0.561044
0.561044, 0.573062, 0.60013, 0.639396, 0.686916, 0.738096, 0.788365, 0.833851, 0.871894, 0.901222, 0.921774, 0.934216, 0.939321
0.939321, 0.944226, 0.954704, 0.968395, 0.982275, 0.993331, 0.999291, 0.99919, 0.993593, 0.984414, 0.974383, 0.966323, 0.962466

-0.602558, -0.614138, -0.640169, -0.677801, -0.723109, -0.771566, -0.818734, -0.860935, -0.895748, -0.922163, -0.940359, -0.951203, -0.955604
-0.955604, -0.959801, -0.968645, -0.979862, -0.990561, -0.997921, -0.99991, -0.995834, -0.986531, -0.974157, -0.961637, -0.951932, -0.947361
-0.947361, -0.942589, -0.930902, -0.911462, -0.883508, -0.846988, -0.803047, -0.754235, -0.704332, -0.657847, -0.619344, -0.59276, -0.580946
-0.580946, -0.569009, -0.541209, -0.498463, -0.442424, -0.375831, -0.302573, -0.22748, -0.155844, -0.092823, -0.0428939, -0.00948125, 0.00510926
0.00510926, 0.0196987, 0.0531007, 0.102992, 0.165929, 0.237418, 0.312296, 0.38528, 0.451565, 0.507295, 0.549773, 0.577382, 0.589233
0.589233, 0.600959, 0.627334, 0.665509, 0.711549, 0.760905, 0.809094, 0.852376, 0.888249, 0.915618, 0.934586, 0.945952, 0.950583
0.950583, 0.955012, 0.96439, 0.976414, 0.988151, 0.996714, 0.999995, 0.99721, 0.989109, 0.97777, 0.966056, 0.956883, 0.952543
0.952543, 0.948, 0.936834, 0.918162, 0.891159, 0.855691, 0.812824, 0.765026, 0.716013, 0.670253, 0.632286, 0.606041, 0.594371
0.594371, 0.582575, 0.555087, 0.512778, 0.457243, 0.391154, 0.318345, 0.243605, 0.172211, 0.10933, 0.0594647, 0.0260711, 0.0114831
0.0114831, -0.0031073, -0.0365249, -0.0864746, -0.149544, -0.221268, -0.296491, -0.369916, -0.436699, -0.492927, -0.535838, -0.563756, -0.575746
-0.575746, -0.587614, -0.614327, -0.653033, -0.699793, -0.750035, -0.799232, -0.843582, -0.880505, -0.908822, -0.928555, -0.940441, -0.945301
-0.945301, -0.94996, -0.959869, -0.972697, -0.985468, -0.995233, -0.999804, -0.998311, -0.991415, -0.981115, -0.970209, -0.961571, -0.957462
-0.957462, -0.95315, -0.942509, -0.92461, -0.898564, -0.86416, -0.822377, -0.775606, -0.727497, -0.682474, -0.645053, -0.619155, -0.607632
-0.607632, -0.59598, -0.568811, -0.526952, -0.471936, -0.40637, -0.33403, -0.259664, -0.188532, -0.125808, -0.076019, -0.0426538, -0.0280723
-0.0280723, -0.0134849, 0.019939, 0.069933, 0.133118, 0.205057, 0.280605, 0.35445, 0.421713, 0.478423, 0.521756, 0.549974, 0.562101
0.562101, 0.574108, 0.601151, 0.640378, 0.687844, 0.738958, 0.78915, 0.834556, 0.872518, 0.901775, 0.922268, 0.934671, 0.939759

-0.0229772, -0.0375611, -0.070936, -0.12075, -0.183524, -0.254738, -0.329222, -0.401708, -0.467436, -0.522613, -0.564612, -0.591879, -0.603576
-0.603576, -0.615145, -0.64115, -0.67874, -0.723991, -0.772378, -0.819466, -0.861584, -0.896315, -0.922656, -0.940793, -0.951596, -0.955979
-0.955979, -0.960159, -0.968962, -0.980116, -0.990736, -0.998002, -0.999892, -0.995717, -0.986321, -0.973867, -0.961285, -0.95154, -0.946951
-0.946951, -0.942162, -0.930435, -0.910936, -0.882909, -0.846308, -0.802285, -0.753396, -0.703424, -0.656885, -0.618341, -0.591731, -0.579906
-0.579906, -0.567958, -0.540135, -0.497355, -0.441278, -0.374647, -0.301355, -0.226235, -0.154582, -0.0915511, -0.0416178, -0.00820398, 0.00638656
0.00638656, 0.0209757, 0.0543762, 0.104263, 0.167188, 0.238659, 0.313509, 0.386459, 0.452704, 0.508395, 0.55084, 0.578424, 0.590265
0.590265, 0.601979, 0.628329, 0.666462, 0.712446, 0.761733, 0.809844, 0.853043, 0.888835, 0.916131, 0.935039, 0.946366, 0.950979
0.950979, 0.95539, 0.964727, 0.976689, 0.988346, 0.996817, 0.999998, 0.997114, 0.98892, 0.977502, 0.965725, 0.956511, 0.952153
0.952153, 0.947593, 0.936387, 0.917656, 0.890578, 0.85503, 0.812079, 0.764202, 0.715121, 0.669304, 0.631295, 0.605025, 0.593343
0.593343, 0.581536, 0.554024, 0.511681, 0.456107, 0.389978, 0.317134, 0.242366, 0.170953, 0.108061, 0.0581895, 0.0247942, 0.0102059
0.0102059, -0.00438461, -0.0378013, -0.0877471, -0.150807, -0.222513, -0.297711, -0.371103, -0.437848, -0.494038, -0.536916, -0.56481, -0.57679
-0.57679, -0.588647, -0.615335, -0.654, -0.700705, -0.750879, -0.799999, -0.844267, -0.88111, -0.909354, -0.929028, -0.940875, -0.945717
-0.945717, -0.950358, -0.960226, -0.972993, -0.985684, -0.995357, -0.999829, -0.998236, -0.991247, -0.980867, -0.969899, -0.961219, -0.957093
-0.957093, -0.952763, -0.942081, -0.924122, -0.898002, -0.863516, -0.821649, -0.774799, -0.72662, -0.68154, -0.644076, -0.618152, -0.606617
-0.606617, -0.594954, -0.56776, -0.525866, -0.470809, -0.405203, -0.332826, -0.25843, -0.187277, -0.124541, -0.0747453, -0.0413776, -0.0267955
-0.0267955, -0.0122077, 0.0212161, 0.0712071, 0.134384, 0.206307, 0.28183, 0.355644, 0.42287, 0.479544, 0.522845, 0.551041, 0.563157

0.565256, 0.55316, 0.52501, 0.481773, 0.425173, 0.358019, 0.284269, 0.208794, 0.136903, 0.0737425, 0.0237576, -0.00966575, -0.0242542
-0.0242542, -0.0388375, -0.0722101, -0.122018, -0.184779, -0.255973, -0.330428, -0.402878, -0.468565, -0.523702, -0.565666, -0.592909, -0.604594
-0.604594, -0.616152, -0.64213, -0.679677, -0.724871, -0.773189, -0.820198, -0.862231, -0.896881, -0.923148, -0.941225, -0.951988, -0.956353
-0.956353, -0.960515, -0.969277, -0.980369, -0.990908, -0.998082, -0.999873, -0.995598, -0.98611, -0.973576, -0.960933, -0.951146, -0.94654
-0.94654, -0.941733, -0.929966, -0.910408, -0.882309, -0.845627, -0.801522, -0.752555, -0.702516, -0.655921, -0.617336, -0.590701, -0.578865
-0.578865, -0.566906, -0.539059, -0.496246, -0.440132, -0.373462, -0.300137, -0.224991, -0.15332, -0.0902791, -0.0403415, -0.00692669, 0.00766385
0.00766385, 0.0222528, 0.0556515, 0.105533, 0.168448, 0.239899, 0.314722, 0.387636, 0.453843, 0.509495, 0.551905, 0.579466, 0.591295
0.591295, 0.602999, 0.629322, 0.667413, 0.713341, 0.76256, 0.810593, 0.853709, 0.889419, 0.916642, 0.935492, 0.946778, 0.951373
0.951373, 0.955766, 0.965062, 0.976962, 0.98854, 0.996918, 1, 0.997016, 0.98873, 0.977231, 0.965393, 0.956138, 0.951762
0.951762, 0.947184, 0.935938, 0.917147, 0.889997, 0.854367, 0.811333, 0.763378, 0.714227, 0.668355, 0.630304, 0.604007, 0.592315
0.592315, 0.580496, 0.55296, 0.510583, 0.45497, 0.388802, 0.315922, 0.241127, 0.169694, 0.106791, 0.0569143, 0.0235172, 0.00892861
0.00892861, -0.00566191, -0.0390777, -0.0890194, -0.15207, -0.223759, -0.29893, -0.372288, -0.438996, -0.495148, -0.537993, -0.565864, -0.577833
-0.577833, -0.589679, -0.616341, -0.654966, -0.701615, -0.751722, -0.800765, -0.844951, -0.881713, -0.909884, -0.9295, -0.941307, -0.946131
-0.946131, -0.950755, -0.960582, -0.973287, -0.985899, -0.995479, -0.999852, -0.99816, -0.991078, -0.980617, -0.969587, -0.960866, -0.956722
-0.956722, -0.952375, -0.941652, -0.923634, -0.89744, -0.862871, -0.820921, -0.77399, -0.725742, -0.680605, -0.643099, -0.617147, -0.605601
-0.605601, -0.593927, -0.566708, -0.524779, -0.469682, -0.404035, -0.331621, -0.257196, -0.186022, -0.123273, -0.0734715, -0.0401013, -0.0255186

0.940625, 0.935572, 0.923248, 0.90287, 0.873758, 0.835954, 0.790709, 0.740668, 0.689687, 0.642328, 0.60318, 0.576188, 0.564202
0.564202, 0.552096, 0.523923, 0.480654, 0.424016, 0.356826, 0.283044, 0.207544, 0.135637, 0.0724686, 0.0224806, -0.010943, -0.0255311
-0.0255311, -0.0401138, -0.073484, -0.123286, -0.186034, -0.257208, -0.331633, -0.404046, -0.469693, -0.524789, -0.566718, -0.593937, -0.605611
-0.605611, -0.617157, -0.643108, -0.680614, -0.72575, -0.773998, -0.820928, -0.862878, -0.897445, -0.923638, -0.941656, -0.952378, -0.956726
-0.956726, -0.96087, -0.96959, -0.98062, -0.991079, -0.99816, -0.999851, -0.995478, -0.985897, -0.973284, -0.960578, -0.950751, -0.946127
-0.946127, -0.941302, -0.929495, -0.909879, -0.881707, -0.844944, -0.800757, -0.751714, -0.701606, -0.654956, -0.616331, -0.589669, -0.577823
-0.577823, -0.565854, -0.537983, -0.495137, -0.438984, -0.372277, -0.298918, -0.223746, -0.152057, -0.0890069, -0.0390652, -0.0056494, 0.00894113
0.00894113, 0.0235297, 0.0569268, 0.106803, 0.169707, 0.241139, 0.315934, 0.388813, 0.454981, 0.510594, 0.55297, 0.580506, 0.592325
0.592325, 0.604017, 0.630314, 0.668364, 0.714236, 0.763386, 0.81134, 0.854373, 0.890002, 0.917152, 0.935942, 0.947188, 0.951766
0.951766, 0.956141, 0.965396, 0.977234, 0.988732, 0.997017, 1, 0.996917, 0.988538, 0.97696, 0.965059, 0.955763, 0.951369
0.951369, 0.946774, 0.935487, 0.916637, 0.889414, 0.853702, 0.810586, 0.762552, 0.713333, 0.667404, 0.629312, 0.602989, 0.591285
0.591285, 0.579456, 0.551895, 0.509484, 0.453832, 0.387625, 0.31471, 0.239887, 0.168435, 0.105521, 0.055639, 0.0222402, 0.00765133
0.00765133, -0.00693921, -0.040354, -0.0902916, -0.153332, -0.225003, -0.300149, -0.373474, -0.440143, -0.496257, -0.53907, -0.566917, -0.578875
-0.578875, -0.590711, -0.617346, -0.65593, -0.702525, -0.752564, -0.801529, -0.845633, -0.882315, -0.910414, -0.92997, -0.941737, -0.946544
-0.946544, -0.95115, -0.960936, -0.973579, -0.986112, -0.995599, -0.999873, -0.998081, -0.990907, -0.980366, -0.969274, -0.960511, -0.95635
-0.95635, -0.951984, -0.941221, -0.923143, -0.896875, -0.862225, -0.820191, -0.773181, -0.724862, -0.679668, -0.64212, -0.616142, -0.604584

0.961773, 0.965666, 0.973808, 0.983964, 0.993302, 0.999084, 0.999384, 0.993621, 0.982749, 0.969026, 0.955457, 0.94506, 0.94019
0.94019, 0.93512, 0.922756, 0.90232, 0.873136, 0.835252, 0.789926, 0.739809, 0.688762, 0.641349, 0.602161, 0.575143, 0.563147
0.563147, 0.55103, 0.522834, 0.479533, 0.422859, 0.355633, 0.281818, 0.206295, 0.134372, 0.0711946, 0.0212036, -0.0122202, -0.026808
-0.026808, -0.0413901, -0.0747578, -0.124553, -0.187289, -0.258442, -0.332838, -0.405214, -0.47082, -0.525876, -0.56777, -0.594964, -0.606627
-0.606627, -0.618162, -0.644086, -0.681549, -0.726629, -0.774807, -0.821657, -0.863523, -0.898008, -0.924127, -0.942085, -0.952767, -0.957097
-0.957097, -0.961223, -0.969902, -0.980869, -0.991249, -0.998237, -0.999829, -0.995355, -0.985682, -0.97299, -0.960222, -0.950354, -0.945713
-0.945713, -0.94087, -0.929024, -0.909348, -0.881104, -0.84426, -0.799992, -0.750871, -0.700696, -0.653991, -0.615325, -0.588637, -0.57678
-0.57678, -0.5648, -0.536906, -0.494027, -0.437836, -0.371091, -0.297699, -0.222501, -0.150795, -0.0877346, -0.0377888, -0.00437209, 0.0102184
0.0102184, 0.0248067, 0.058202, 0.108073, 0.170965, 0.242378, 0.317146, 0.38999, 0.456118, 0.511692, 0.554034, 0.581546, 0.593353
0.593353, 0.605035, 0.631305, 0.669314, 0.715129, 0.764211, 0.812086, 0.855036, 0.890584, 0.917661, 0.936391, 0.947597, 0.952157
0.952157, 0.956515, 0.965728, 0.977504, 0.988922, 0.997115, 0.999998, 0.996816, 0.988344, 0.976686, 0.964723, 0.955386, 0.950975
0.950975, 0.946362, 0.935035, 0.916126, 0.888829, 0.853036, 0.809837, 0.761725, 0.712437, 0.666452, 0.628319, 0.601969, 0.590255
0.590255, 0.578414, 0.550829, 0.508385, 0.452693, 0.386447, 0.313498, 0.238647, 0.167176, 0.10425, 0.0543637, 0.0209632, 0.00637405
0.00637405, -0.00821649, -0.0416303, -0.0915636, -0.154594, -0.226248, -0.301367, -0.374658, -0.44129, -0.497366, -0.540145, -0.567968, -0.579916
-0.579916, -0.591741, -0.618351, -0.656894, -0.703433, -0.753404, -0.802293, -0.846315, -0.882915, -0.910941, -0.930439, -0.942166, -0.946955
-0.946955, -0.951543, -0.961289, -0.97387, -0.986323, -0.995718, -0.999892, -0.998002, -0.990734, -0.980114, -0.968959, -0.960155, -0.955976

0.620736, 0.632109, 0.657652, 0.694516, 0.738789, 0.78598, 0.83171, 0.872396, 0.905726, 0.930807, 0.947928, 0.958042, 0.962122
0.962122, 0.965997, 0.974098, 0.984191, 0.993449, 0.999138, 0.999338, 0.993476, 0.982512, 0.96871, 0.955079, 0.944642, 0.939755
0.939755, 0.934667, 0.922263, 0.901769, 0.872512, 0.834549, 0.789142, 0.738949, 0.687835, 0.640368, 0.601141, 0.574098, 0.562091
0.562091, 0.549964, 0.521745, 0.478412, 0.421701, 0.354439, 0.280593, 0.205045, 0.133106, 0.0699205, 0.0199265, -0.0134975, -0.0280848
-0.0280848, -0.0426663, -0.0760315, -0.12582, -0.188544, -0.259676, -0.334042, -0.406382, -0.471947, -0.526962, -0.568821, -0.59599, -0.607642
-0.607642, -0.619165, -0.645062, -0.682483, -0.727506, -0.775613, -0.822384, -0.864166, -0.898569, -0.924615, -0.942513, -0.953154, -0.957466
-0.957466, -0.961574, -0.970212, -0.981117, -0.991416, -0.998312, -0.999804, -0.995232, -0.985466, -0.972694, -0.959865, -0.949956, -0.945297
-0.945297, -0.940437, -0.92855, -0.908816, -0.880499, -0.843575, -0.799225, -0.750026, -0.699784, -0.653024, -0.614317, -0.587604, -0.575736
-0.575736, -0.563745, -0.535828, -0.492916, -0.436688, -0.369905, -0.296479, -0.221256, -0.149532, -0.0864621, -0.0365124, -0.00309478, 0.0114956
0.0114956, 0.0260836, 0.0594771, 0.109343, 0.172224, 0.243617, 0.318357, 0.391166, 0.457254, 0.512789, 0.555097, 0.582585, 0.594381
0.594381, 0.606051, 0.632295, 0.670262, 0.716022, 0.765034, 0.812831, 0.855698, 0.891164, 0.918167, 0.936839, 0.948004, 0.952547
0.952547, 0.956886, 0.966059, 0.977773, 0.989111, 0.997211, 0.999995, 0.996713, 0.988149, 0.976411, 0.964386, 0.955008, 0.950579
0.950579, 0.945948, 0.934581, 0.915613, 0.888243, 0.852369, 0.809087, 0.760897, 0.71154, 0.6655, 0.627325, 0.600949, 0.589223
0.589223, 0.577372, 0.549763, 0.507284, 0.451554, 0.385269, 0.312284, 0.237406, 0.165917, 0.10298, 0.0530882, 0.0196862, 0.00509675
0.00509675, -0.00949376, -0.0429064, -0.0928355, -0.155856, -0.227492, -0.302585, -0.375842, -0.442435, -0.498474, -0.54122, -0.569019, -0.580956
-0.580956, -0.59277, -0.619354, -0.657857, -0.704341, -0.754243, -0.803054, -0.846994, -0.883514, -0.911467, -0.930906, -0.942593, -0.947365

0.0459423, 0.0605122, 0.0938366, 0.143527, 0.206062, 0.27689, 0.350831, 0.422644, 0.487625, 0.542065, 0.583427, 0.610243, 0.621737
0.621737, 0.633098, 0.658614, 0.695435, 0.739649, 0.786769, 0.832419, 0.87302, 0.906267, 0.931273, 0.948334, 0.958407, 0.962469
0.962469, 0.966326, 0.974386, 0.984417, 0.993594, 0.99919, 0.999291, 0.99333, 0.982273, 0.968392, 0.9547, 0.944222, 0.939317
0.939317, 0.934212, 0.921769, 0.901216, 0.871887, 0.833845, 0.788357, 0.738088, 0.686907, 0.639387, 0.60012, 0.573052, 0.561034
0.561034, 0.548896, 0.520655, 0.47729, 0.420543, 0.353244, 0.279366, 0.203794, 0.13184, 0.0686462, 0.0186494, -0.0147746, -0.0293616
-0.0293616, -0.0439424, -0.077305, -0.127087, -0.189798, -0.260909, -0.335246, -0.407549, -0.473073, -0.528048, -0.569872, -0.597015, -0.608656
-0.608656, -0.620168, -0.646038, -0.683416, -0.728381, -0.776419, -0.82311, -0.864808, -0.899129, -0.9251, -0.942939, -0.95354, -0.957834
-0.957834, -0.961924, -0.970521, -0.981363, -0.991583, -0.998385, -0.999778, -0.995106, -0.985248, -0.972397, -0.959506, -0.949556, -0.94488
-0.94488, -0.940002, -0.928075, -0.908283, -0.879893, -0.842889, -0.798456, -0.749181, -0.698871, -0.652056, -0.613309, -0.58657, -0.574691
-0.574691, -0.56269, -0.534749, -0.491804, -0.435538, -0.368718, -0.295259, -0.22001, -0.148269, -0.0851895, -0.0352359, -0.00181747, 0.0127729
0.0127729, 0.0273605, 0.0607522, 0.110612, 0.173482, 0.244856, 0.319568, 0.392341, 0.45839, 0.513885, 0.556159, 0.583622, 0.595408
0.595408, 0.607067, 0.633284, 0.67121, 0.716913, 0.765856, 0.813574, 0.856358, 0.891743, 0.918673, 0.937285, 0.94841, 0.952935
0.952935, 0.957257, 0.966388, 0.97804, 0.989298, 0.997306, 0.99999, 0.996609, 0.987952, 0.976135, 0.964048, 0.954629, 0.950182
0.950182, 0.945533, 0.934126, 0.915099, 0.887655, 0.8517, 0.808336, 0.760068, 0.710642, 0.664546, 0.62633, 0.599927, 0.58819
0.58819, 0.576328, 0.548695, 0.506183, 0.450414, 0.38409, 0.311071, 0.236165, 0.164657, 0.101709, 0.0518126, 0.0184091, 0.00381944
0.00381944, -0.010771, -0.0441826, -0.0941072, -0.157118, -0.228735, -0.303802, -0.377026, -0.443581, -0.499581, -0.542293, -0.570069, -0.581996

-0.546152, -0.533872, -0.505316, -0.461511, -0.404264, -0.33647, -0.262164, -0.186268, -0.114106, -0.0508084, -0.00078055, 0.0326394, 0.0472183
0.0472183, 0.0617871, 0.0951082, 0.144791, 0.207312, 0.278117, 0.352027, 0.423801, 0.48874, 0.543138, 0.584464, 0.611255, 0.622737
0.622737, 0.634086, 0.659574, 0.696352, 0.740508, 0.787556, 0.833126, 0.873642, 0.906806, 0.931738, 0.948738, 0.958771, 0.962815
0.962815, 0.966654, 0.974673, 0.98464, 0.993738, 0.999241, 0.999242, 0.993182, 0.982033, 0.968072, 0.954319, 0.943801, 0.938878
0.938878, 0.933756, 0.921273, 0.900662, 0.871261, 0.833139, 0.787571, 0.737225, 0.685978, 0.638404, 0.599097, 0.572004, 0.559976
0.559976, 0.547828, 0.519564, 0.476167, 0.419384, 0.352049, 0.27814, 0.202544, 0.130574, 0.0673719, 0.0173723, -0.0160518, -0.0306384
-0.0306384, -0.0452184, -0.0785785, -0.128354, -0.191052, -0.262142, -0.336449, -0.408715, -0.474198, -0.529132, -0.570921, -0.598039, -0.609669
-0.609669, -0.621169, -0.647012, -0.684348, -0.729256, -0.777223, -0.823835, -0.865449, -0.899687, -0.925585, -0.943364, -0.953924, -0.9582
-0.9582, -0.962272, -0.970828, -0.981608, -0.991747, -0.998457, -0.99975, -0.994979, -0.985029, -0.972098, -0.959145, -0.949155, -0.944461
-0.944461, -0.939565, -0.927599, -0.907748, -0.879285, -0.842201, -0.797687, -0.748334, -0.697957, -0.651087, -0.6123, -0.585535, -0.573645
-0.573645, -0.561634, -0.533669, -0.490692, -0.434388, -0.36753, -0.294039, -0.218764, -0.147005, -0.0839168, -0.0339593, -0.000540146, 0.0140501
0.0140501, 0.0286373, 0.0620271, 0.111882, 0.17474, 0.246094, 0.320778, 0.393516, 0.459525, 0.51498, 0.55722, 0.584659, 0.596434
0.596434, 0.608081, 0.634272, 0.672156, 0.717803, 0.766676, 0.814316, 0.857017, 0.89232, 0.919176, 0.937729, 0.948814, 0.953321
0.953321, 0.957625, 0.966716, 0.978305, 0.989483, 0.997398, 0.999983, 0.996503, 0.987753, 0.975856, 0.963707, 0.954247, 0.949783
0.949783, 0.945117, 0.933669, 0.914583, 0.887067, 0.85103, 0.807583, 0.759237, 0.709743, 0.663591, 0.625333, 0.598905, 0.587157
0.587157, 0.575284, 0.547627, 0.505081, 0.449273, 0.38291, 0.309857, 0.234924, 0.163397, 0.100439, 0.050537, 0.017132, 0.00254212

-0.932577, -0.927211, -0.914176, -0.892754, -0.862352, -0.823123, -0.776434, -0.725035, -0.672867, -0.624548, -0.584694, -0.557256, -0.545082
-0.545082, -0.532792, -0.504213, -0.460378, -0.403095, -0.335267, -0.260931, -0.185013, -0.112837, -0.0495327, 0.000496768, 0.033916, 0.0484941
0.0484941, 0.063062, 0.0963797, 0.146055, 0.208561, 0.279344, 0.353222, 0.424958, 0.489854, 0.54421, 0.5855, 0.612265, 0.623736
0.623736, 0.635074, 0.660534, 0.697268, 0.741366, 0.788343, 0.833832, 0.874263, 0.907344, 0.932201, 0.949141, 0.959133, 0.963159
0.963159, 0.966981, 0.974957, 0.984863, 0.99388, 0.99929, 0.999191, 0.993032, 0.981791, 0.967751, 0.953937, 0.943378, 0.938438
0.938438, 0.933298, 0.920775, 0.900106, 0.870634, 0.832432, 0.786783, 0.736362, 0.685048, 0.63742, 0.598074, 0.570956, 0.558917
0.558917, 0.546759, 0.518472, 0.475043, 0.418224, 0.350853, 0.276913, 0.201293, 0.129307, 0.0660974, 0.0160952, -0.017329, -0.0319151
-0.0319151, -0.0464944, -0.0798518, -0.129621, -0.192306, -0.263374, -0.337651, -0.40988, -0.475322, -0.530215, -0.571969, -0.599063, -0.610681
-0.610681, -0.62217, -0.647986, -0.685279, -0.730129, -0.778027, -0.824558, -0.866088, -0.900244, -0.926067, -0.943787, -0.954306, -0.958565
-0.958565, -0.962619, -0.971133, -0.981851, -0.99191, -0.998527, -0.999721, -0.994851, -0.984808, -0.971798, -0.958783, -0.948752, -0.94404
-0.94404, -0.939127, -0.927121, -0.907211, -0.878676, -0.841511, -0.796916, -0.747486, -0.697041, -0.650117, -0.611289, -0.584499, -0.572599
-0.572599, -0.560576, -0.532588, -0.489578, -0.433237, -0.366342, -0.292817, -0.217517, -0.145742, -0.0826439, -0.0326827, 0.000737174, 0.0153272
0.0153272, 0.0299141, 0.0633019, 0.113151, 0.175997, 0.247332, 0.321987, 0.39469, 0.460659, 0.516075, 0.55828, 0.585695, 0.597458
0.597458, 0.609095, 0.635259, 0.673101, 0.718691, 0.767496, 0.815057, 0.857675, 0.892896, 0.919679, 0.938172, 0.949217, 0.953706
0.953706, 0.957992, 0.967042, 0.978569, 0.989667, 0.99749, 0.999975, 0.996395, 0.987553, 0.975577, 0.963366, 0.953865, 0.949383
0.949383, 0.944699, 0.933211, 0.914066, 0.886476, 0.850359, 0.806829, 0.758405, 0.708842, 0.662634, 0.624336, 0.597881, 0.586123

-0.967811, -0.97138, -0.978776, -0.987803, -0.995695, -0.999804, -0.998313, -0.990768, -0.97824, -0.963095, -0.948424, -0.9373, -0.932115
-0.932115, -0.926732, -0.913658, -0.892178, -0.861704, -0.822397, -0.775628, -0.724154, -0.671922, -0.62355, -0.583658, -0.556195, -0.544011
-0.544011, -0.53171, -0.50311, -0.459244, -0.401926, -0.334064, -0.259698, -0.183757, -0.111567, -0.0482569, 0.00177409, 0.0351925, 0.0497699
0.0497699, 0.0643367, 0.097651, 0.147318, 0.209811, 0.28057, 0.354417, 0.426114, 0.490967, 0.545281, 0.586535, 0.613275, 0.624734
0.624734, 0.63606, 0.661492, 0.698183, 0.742223, 0.789128, 0.834536, 0.874882, 0.90788, 0.932663, 0.949543, 0.959494, 0.963502
0.963502, 0.967305, 0.975241, 0.985083, 0.99402, 0.999337, 0.999139, 0.992881, 0.981547, 0.967429, 0.953553, 0.942953, 0.937996
0.937996, 0.932838, 0.920276, 0.899549, 0.870005, 0.831723, 0.785994, 0.735497, 0.684117, 0.636436, 0.59705, 0.569907, 0.557858
0.557858, 0.545689, 0.517379, 0.473919, 0.417063, 0.349656, 0.275685, 0.200041, 0.12804, 0.0648228, 0.014818, -0.0186061, -0.0331917
-0.0331917, -0.0477703, -0.081125, -0.130887, -0.193559, -0.264606, -0.338853, -0.411045, -0.476445, -0.531298, -0.573016, -0.600085, -0.611692
-0.611692, -0.623169, -0.648958, -0.686209, -0.731002, -0.778828, -0.82528, -0.866726, -0.900799, -0.926549, -0.944208, -0.954687, -0.958928
-0.958928, -0.962964, -0.971437, -0.982092, -0.992072, -0.998596, -0.99969, -0.99472, -0.984585, -0.971496, -0.95842, -0.948347, -0.943618
-0.943618, -0.938688, -0.926641, -0.906673, -0.878065, -0.84082, -0.796143, -0.746637, -0.696125, -0.649146, -0.610278, -0.583462, -0.571551
-0.571551, -0.559518, -0.531507, -0.488464, -0.432086, -0.365153, -0.291596, -0.21627, -0.144478, -0.0813709, -0.0314061, 0.00201449, 0.0166044
0.0166044, 0.0311908, 0.0645766, 0.11442, 0.177254, 0.248569, 0.323196, 0.395863, 0.461792, 0.517168, 0.559339, 0.58673, 0.598482
0.598482, 0.610107, 0.636245, 0.674045, 0.719579, 0.768314, 0.815797, 0.858331, 0.893471, 0.92018, 0.938613, 0.949618, 0.95409
0.95409, 0.958358, 0.967366, 0.978831, 0.98985, 0.997579, 0.999965, 0.996286, 0.987352, 0.975295, 0.963022, 0.95348, 0.948981

-0.638587, -0.649747, -0.674788, -0.710864, -0.754079, -0.799978, -0.844248, -0.883397, -0.915227, -0.93896, -0.954995, -0.964375, -0.968132
-0.968132, -0.971683, -0.979037, -0.988001, -0.995813, -0.999828, -0.998238, -0.990594, -0.977974, -0.962751, -0.948018, -0.936854, -0.931652
-0.931652, -0.926251, -0.913138, -0.8916, -0.861055, -0.82167, -0.774821, -0.723273, -0.670975, -0.622551, -0.58262, -0.555133, -0.542938
-0.542938, -0.530628, -0.502005, -0.458108, -0.400756, -0.332859, -0.258464, -0.182501, -0.110298, -0.046981, 0.0030514, 0.036469, 0.0510456
0.0510456, 0.0656113, 0.0989221, 0.148582, 0.211059, 0.281796, 0.355611, 0.427269, 0.49208, 0.546351, 0.587569, 0.614283, 0.625731
0.625731, 0.637045, 0.66245, 0.699097, 0.743078, 0.789912, 0.835239, 0.8755, 0.908415, 0.933123, 0.949942, 0.959853, 0.963843
0.963843, 0.967629, 0.975522, 0.985302, 0.994159, 0.999383, 0.999085, 0.992728, 0.981302, 0.967105, 0.953167, 0.942527, 0.937552
0.937552, 0.932377, 0.919776, 0.89899, 0.869374, 0.831013, 0.785204, 0.734631, 0.683185, 0.63545, 0.596025, 0.568857, 0.556797
0.556797, 0.544619, 0.516286, 0.472794, 0.415902, 0.348459, 0.274457, 0.19879, 0.126773, 0.0635481, 0.0135408, -0.0198832, -0.0344683
-0.0344683, -0.0490461, -0.082398, -0.132154, -0.194812, -0.265838, -0.340055, -0.412209, -0.477568, -0.532379, -0.574063, -0.601106, -0.612702
-0.612702, -0.624168, -0.649929, -0.687137, -0.731873, -0.779629, -0.826001, -0.867362, -0.901353, -0.927028, -0.944628, -0.955067, -0.959289
-0.959289, -0.963308, -0.97174, -0.982332, -0.992231, -0.998663, -0.999657, -0.994588, -0.984361, -0.971192, -0.958054, -0.947941, -0.943194
-0.943194, -0.938247, -0.92616, -0.906133, -0.877453, -0.840128, -0.79537, -0.745787, -0.695207, -0.648174, -0.609265, -0.582425, -0.570502
-0.570502, -0.558459, -0.530424, -0.487349, -0.430933, -0.363963, -0.290374, -0.215023, -0.143214, -0.0800977, -0.0301293, 0.00329181, 0.0178815
0.0178815, 0.0324675, 0.0658512, 0.115689, 0.178511, 0.249806, 0.324405, 0.397036, 0.462925, 0.518261, 0.560398, 0.587764, 0.599505
0.599505, 0.611119, 0.63723, 0.674988, 0.720465, 0.769131, 0.816535, 0.858985, 0.894044, 0.920679, 0.939053, 0.950017, 0.954471

-0.0688832, -0.0834313, -0.116688, -0.166229, -0.228492, -0.298896, -0.372255, -0.443357, -0.507557, -0.56123, -0.601934, -0.628285, -0.639569
-0.639569, -0.650717, -0.67573, -0.711762, -0.754918, -0.800744, -0.844932, -0.883995, -0.91574, -0.939399, -0.955373, -0.964712, -0.968451
-0.968451, -0.971984, -0.979296, -0.988197, -0.995929, -0.999851, -0.998162, -0.990418, -0.977706, -0.962405, -0.947611, -0.936406, -0.931187
-0.931187, -0.925769, -0.912616, -0.891021, -0.860405, -0.820941, -0.774013, -0.72239, -0.670027, -0.621551, -0.581581, -0.55407, -0.541865
-0.541865, -0.529545, -0.5009, -0.456973, -0.399585, -0.331655, -0.25723, -0.181245, -0.109028, -0.0457051, 0.00432872, 0.0377455, 0.0523212
0.0523212, 0.0668858, 0.100193, 0.149845, 0.212308, 0.283021, 0.356805, 0.428423, 0.493191, 0.547421, 0.588602, 0.615291, 0.626726
0.626726, 0.638029, 0.663406, 0.70001, 0.743932, 0.790695, 0.835941, 0.876117, 0.908948, 0.933581, 0.950341, 0.96021, 0.964183
0.964183, 0.96795, 0.975802, 0.98552, 0.994296, 0.999427, 0.99903, 0.992573, 0.981056, 0.966779, 0.95278, 0.9421, 0.937107
0.937107, 0.931915, 0.919274, 0.89843, 0.868742, 0.830302, 0.784412, 0.733764, 0.682252, 0.634463, 0.594999, 0.567806, 0.555736
0.555736, 0.543547, 0.515192, 0.471668, 0.41474, 0.347262, 0.273228, 0.197538, 0.125506, 0.0622733, 0.0122636, -0.0211602, -0.0357448
-0.0357448, -0.0503219, -0.0836709, -0.13342, -0.196065, -0.267069, -0.341256, -0.413372, -0.47869, -0.53346, -0.575108, -0.602126, -0.613711
-0.613711, -0.625165, -0.6509, -0.688065, -0.732742, -0.780428, -0.82672, -0.867997, -0.901906, -0.927507, -0.945046, -0.955444, -0.959649
-0.959649, -0.96365, -0.97204, -0.982571, -0.992389, -0.998728, -0.999623, -0.994455, -0.984135, -0.970887, -0.957687, -0.947534, -0.942769
-0.942769, -0.937804, -0.925678, -0.905592, -0.87684, -0.839435, -0.794595, -0.744935, -0.694289, -0.6472, -0.608252, -0.581386, -0.569453
-0.569453, -0.557399, -0.529341, -0.486233, -0.42978, -0.362773, -0.289151, -0.213775, -0.14195, -0.0788244, -0.0288526, 0.00456912, 0.0191586
0.0191586, 0.0337441, 0.0671257, 0.116958, 0.179768, 0.251043, 0.325613, 0.398208, 0.464056, 0.519353, 0.561455, 0.588797, 0.600527

0.52676, 0.514303, 0.485354, 0.441006, 0.383141, 0.314744, 0.239921, 0.163643, 0.0912485, 0.0278474, -0.0221969, -0.0555957, -0.0701574
-0.0701574, -0.0847041, -0.117956, -0.167488, -0.229735, -0.300115, -0.373441, -0.444501, -0.508657, -0.562287, -0.602954, -0.629278, -0.640551
-0.640551, -0.651686, -0.676671, -0.712659, -0.755755, -0.801508, -0.845614, -0.884591, -0.916253, -0.939836, -0.95575, -0.965047, -0.968768
-0.968768, -0.972283, -0.979554, -0.988392, -0.996043, -0.999872, -0.998084, -0.990241, -0.977437, -0.962057, -0.947202, -0.935957, -0.93072
-0.93072, -0.925285, -0.912093, -0.89044, -0.859754, -0.820211, -0.773204, -0.721506, -0.669079, -0.62055, -0.580542, -0.553006, -0.540791
-0.540791, -0.528461, -0.499794, -0.455836, -0.398414, -0.330449, -0.255996, -0.179989, -0.107759, -0.044429, 0.00560602, 0.0390219, 0.0535967
0.0535967, 0.0681602, 0.101464, 0.151107, 0.213556, 0.284246, 0.357998, 0.429577, 0.494302, 0.548489, 0.589634, 0.616297, 0.627721
0.627721, 0.639012, 0.664361, 0.700921, 0.744785, 0.791476, 0.836641, 0.876732, 0.90948, 0.934038, 0.950737, 0.960566, 0.964521
0.964521, 0.96827, 0.976081, 0.985735, 0.994431, 0.999469, 0.998973, 0.992417, 0.980808, 0.966452, 0.952392, 0.941671, 0.93666
0.93666, 0.931451, 0.91877, 0.897869, 0.868109, 0.82959, 0.783619, 0.732895, 0.681317, 0.633475, 0.593972, 0.566754, 0.554673
0.554673, 0.542474, 0.514096, 0.470541, 0.413577, 0.346064, 0.271999, 0.196285, 0.124239, 0.0609984, 0.0109864, -0.0224372, -0.0370213
-0.0370213, -0.0515975, -0.0849437, -0.134685, -0.197317, -0.2683, -0.342456, -0.414535, -0.479811, -0.53454, -0.576152, -0.603146, -0.614719
-0.614719, -0.626162, -0.651869, -0.688991, -0.733611, -0.781226, -0.827438, -0.868631, -0.902457, -0.927983, -0.945463, -0.955821, -0.960008
-0.960008, -0.96399, -0.972339, -0.982807, -0.992546, -0.998791, -0.999587, -0.99432, -0.983908, -0.97058, -0.957319, -0.947125, -0.942343
-0.942343, -0.93736, -0.925194, -0.90505, -0.876225, -0.83874, -0.793819, -0.744083, -0.693369, -0.646226, -0.607238, -0.580346, -0.568402
-0.568402, -0.556338, -0.528257, -0.485117, -0.428627, -0.361583, -0.287928, -0.212527, -0.140685, -0.077551, -0.0275758, 0.00584642, 0.0204357

0.924036, 0.91836, 0.904622, 0.882166, 0.85049, 0.809858, 0.761748, 0.709019, 0.655692, 0.606438, 0.5659, 0.53803, 0.525674
0.525674, 0.513207, 0.484237, 0.439859, 0.381961, 0.313531, 0.238681, 0.162383, 0.0899764, 0.0265706, -0.0234739, -0.056871, -0.0714315
-0.0714315, -0.0859768, -0.119225, -0.168747, -0.230978, -0.301333, -0.374625, -0.445645, -0.509756, -0.563343, -0.603972, -0.630271, -0.641531
-0.641531, -0.652655, -0.677611, -0.713554, -0.756591, -0.802271, -0.846296, -0.885186, -0.916764, -0.940271, -0.956125, -0.965381, -0.969084
-0.969084, -0.972581, -0.97981, -0.988585, -0.996156, -0.999892, -0.998004, -0.990062, -0.977167, -0.961708, -0.946792, -0.935507, -0.930252
-0.930252, -0.9248, -0.911569, -0.889858, -0.8591, -0.81948, -0.772393, -0.720621, -0.668129, -0.619548, -0.579501, -0.551942, -0.539716
-0.539716, -0.527376, -0.498687, -0.454699, -0.397242, -0.329244, -0.254761, -0.178733, -0.106489, -0.0431529, 0.00688332, 0.0402982, 0.0548722
0.0548722, 0.0694345, 0.102735, 0.15237, 0.214803, 0.285471, 0.35919, 0.43073, 0.495412, 0.549557, 0.590666, 0.617302, 0.628715
0.628715, 0.639994, 0.665315, 0.701832, 0.745637, 0.792256, 0.83734, 0.877345, 0.91001, 0.934494, 0.951133, 0.960921, 0.964857
0.964857, 0.968589, 0.976358, 0.985949, 0.994565, 0.99951, 0.998914, 0.992259, 0.980558, 0.966123, 0.952001, 0.94124, 0.936212
0.936212, 0.930985, 0.918265, 0.897305, 0.867474, 0.828876, 0.782825, 0.732026, 0.680382, 0.632486, 0.592943, 0.565701, 0.55361
0.55361, 0.541401, 0.513, 0.469414, 0.412414, 0.344865, 0.27077, 0.195033, 0.122972, 0.0597234, 0.00970913, -0.0237142, -0.0382977
-0.0382977, -0.0528731, -0.0862163, -0.135951, -0.198569, -0.26953, -0.343656, -0.415697, -0.480931, -0.535619, -0.577196, -0.604164, -0.615726
-0.615726, -0.627157, -0.652837, -0.689916, -0.734478, -0.782023, -0.828155, -0.869263, -0.903006, -0.928459, -0.945878, -0.956195, -0.960365
-0.960365, -0.964329, -0.972637, -0.983042, -0.992701, -0.998853, -0.99955, -0.994183, -0.983679, -0.970272, -0.956949, -0.946714, -0.941914
-0.941914, -0.936914, -0.924709, -0.904506, -0.875609, -0.838044, -0.793041, -0.743229, -0.692448, -0.645251, -0.606222, -0.579305, -0.567351

0.973338, 0.976581, 0.983226, 0.99112, 0.997562, 0.999995, 0.996716, 0.987391, 0.973214, 0.956657, 0.940889, 0.929044, 0.923547
0.923547, 0.917854, 0.904077, 0.881564, 0.849818, 0.809108, 0.76092, 0.708117, 0.654727, 0.605422, 0.564846, 0.536953, 0.524587
0.524587, 0.51211, 0.483119, 0.438711, 0.38078, 0.312318, 0.237441, 0.161123, 0.0887042, 0.0252937, -0.0247508, -0.0581462, -0.0727055
-0.0727055, -0.0872493, -0.120493, -0.170006, -0.232221, -0.302551, -0.375809, -0.446788, -0.510855, -0.564398, -0.60499, -0.631262, -0.64251
-0.64251, -0.653622, -0.678549, -0.714449, -0.757425, -0.803033, -0.846975, -0.88578, -0.917273, -0.940705, -0.956498, -0.965714, -0.969399
-0.969399, -0.972877, -0.980065, -0.988777, -0.996267, -0.99991, -0.997922, -0.989882, -0.976895, -0.961357, -0.94638, -0.935055, -0.929783
-0.929783, -0.924313, -0.911043, -0.889275, -0.858446, -0.818747, -0.771581, -0.719735, -0.667178, -0.618545, -0.57846, -0.550876, -0.538641
-0.538641, -0.526291, -0.49758, -0.453561, -0.396069, -0.328037, -0.253525, -0.177476, -0.105218, -0.0418768, 0.0081606, 0.0415744, 0.0561475
0.0561475, 0.0707087, 0.104005, 0.153632, 0.216051, 0.286695, 0.360382, 0.431883, 0.496521, 0.550623, 0.591696, 0.618307, 0.629708
0.629708, 0.640975, 0.666268, 0.702741, 0.746488, 0.793035, 0.838038, 0.877958, 0.910539, 0.934947, 0.951526, 0.961273, 0.965192
0.965192, 0.968905, 0.976633, 0.986162, 0.994697, 0.999549, 0.998854, 0.9921, 0.980306, 0.965792, 0.95161, 0.940808, 0.935763
0.935763, 0.930518, 0.917759, 0.896741, 0.866838, 0.828161, 0.78203, 0.731155, 0.679445, 0.631496, 0.591914, 0.564648, 0.552546
0.552546, 0.540326, 0.511904, 0.468286, 0.41125, 0.343666, 0.26954, 0.19378, 0.121704, 0.0584483, 0.00843186, -0.0249911, -0.0395741
-0.0395741, -0.0541486, -0.0874888, -0.137216, -0.199821, -0.27076, -0.344855, -0.416859, -0.482051, -0.536698, -0.578239, -0.605181, -0.616732
-0.616732, -0.628151, -0.653804, -0.69084, -0.735345, -0.782818, -0.82887, -0.869894, -0.903554, -0.928932, -0.946292, -0.956568, -0.96072
-0.96072, -0.964667, -0.972933, -0.983276, -0.992854, -0.998914, -0.999511, -0.994045, -0.983448, -0.969962, -0.956577, -0.946302, -0.941485

0.6561, 0.667041, 0.691567, 0.726837, 0.768971, 0.813554, 0.85634, 0.893932, 0.924243, 0.946617, 0.961559, 0.970199, 0.973631
0.973631, 0.976855, 0.983458, 0.991289, 0.99765, 0.99999, 0.996612, 0.987188, 0.97292, 0.956284, 0.940456, 0.928571, 0.923057
0.923057, 0.917346, 0.90353, 0.88096, 0.849144, 0.808357, 0.760091, 0.707215, 0.653761, 0.604405, 0.563792, 0.535875, 0.523499
0.523499, 0.511012, 0.482001, 0.437563, 0.379598, 0.311105, 0.2362, 0.159862, 0.0874319, 0.0240167, -0.0260277, -0.0594214, -0.0739794
-0.0739794, -0.0885217, -0.121761, -0.171265, -0.233463, -0.303768, -0.376992, -0.44793, -0.511953, -0.565452, -0.606007, -0.632252, -0.643489
-0.643489, -0.654588, -0.679487, -0.715342, -0.758258, -0.803794, -0.847654, -0.886372, -0.917781, -0.941138, -0.95687, -0.966045, -0.969712
-0.969712, -0.973172, -0.980318, -0.988967, -0.996376, -0.999926, -0.997839, -0.9897, -0.976621, -0.961004, -0.945966, -0.934601, -0.929312
-0.929312, -0.923825, -0.910516, -0.88869, -0.85779, -0.818013, -0.770768, -0.718848, -0.666226, -0.61754, -0.577417, -0.54981, -0.537564
-0.537564, -0.525204, -0.496472, -0.452422, -0.394896, -0.32683, -0.25229, -0.176218, -0.103948, -0.0406005, 0.00943787, 0.0428506, 0.0574228
0.0574228, 0.0719828, 0.105275, 0.154894, 0.217298, 0.287918, 0.361573, 0.433034, 0.49763, 0.551689, 0.592725, 0.61931, 0.6307
0.6307, 0.641955, 0.66722, 0.703649, 0.747337, 0.793812, 0.838734, 0.878568, 0.911067, 0.9354, 0.951918, 0.961625, 0.965525
0.965525, 0.969221, 0.976907, 0.986373, 0.994828, 0.999587, 0.998792, 0.991939, 0.980053, 0.96546, 0.951216, 0.940374, 0.935311
0.935311, 0.93005, 0.917251, 0.896175, 0.8662, 0.827444, 0.781233, 0.730283, 0.678507, 0.630506, 0.590884, 0.563593, 0.551481
0.551481, 0.539251, 0.510806, 0.467157, 0.410085, 0.342466, 0.26831, 0.192526, 0.120436, 0.0571732, 0.00715458, -0.0262681, -0.0408504
-0.0408504, -0.055424, -0.0887612, -0.138481, -0.201072, -0.271989, -0.346054, -0.418019, -0.483169, -0.537775, -0.57928, -0.606198, -0.617737
-0.617737, -0.629145, -0.65477, -0.691763, -0.73621, -0.783613, -0.829584, -0.870523, -0.904101, -0.929404, -0.946704, -0.95694, -0.961074

0.0917876, 0.106306, 0.139477, 0.188842, 0.250801, 0.320744, 0.393483, 0.463835, 0.527221, 0.5801, 0.620124, 0.645995, 0.657064
0.657064, 0.667992, 0.692489, 0.727714, 0.769787, 0.814296, 0.856999, 0.894503, 0.92473, 0.947028, 0.961909, 0.970507, 0.973921
0.973921, 0.977128, 0.983689, 0.991456, 0.997737, 0.999984, 0.996506, 0.986984, 0.972624, 0.95591, 0.940021, 0.928096, 0.922565
0.922565, 0.916837, 0.902982, 0.880355, 0.848469, 0.807604, 0.75926, 0.706311, 0.652794, 0.603387, 0.562736, 0.534796, 0.522411
0.522411, 0.509914, 0.480881, 0.436414, 0.378416, 0.30989, 0.234958, 0.158601, 0.0861594, 0.0227398, -0.0273046, -0.0606964, -0.0752532
-0.0752532, -0.0897939, -0.123028, -0.172523, -0.234705, -0.304985, -0.378175, -0.449072, -0.513049, -0.566505, -0.607022, -0.633241, -0.644466
-0.644466, -0.655553, -0.680424, -0.716234, -0.759091, -0.804553, -0.848331, -0.886963, -0.918288, -0.941569, -0.957241, -0.966374, -0.970023
-0.970023, -0.973465, -0.980569, -0.989155, -0.996484, -0.999941, -0.997754, -0.989516, -0.976346, -0.96065, -0.945551, -0.934146, -0.92884
-0.92884, -0.923335, -0.909987, -0.888103, -0.857133, -0.817277, -0.769954, -0.717959, -0.665273, -0.616535, -0.576374, -0.548742, -0.536487
-0.536487, -0.524117, -0.495362, -0.451283, -0.393722, -0.325623, -0.251053, -0.174961, -0.102678, -0.0393242, 0.0107151, 0.0441267, 0.058698
0.058698, 0.0732567, 0.106545, 0.156156, 0.218544, 0.289141, 0.362764, 0.434185, 0.498737, 0.552754, 0.593753, 0.620312, 0.63169
0.63169, 0.642934, 0.668171, 0.704556, 0.748185, 0.794589, 0.839429, 0.879178, 0.911592, 0.935851, 0.952309, 0.961974, 0.965857
0.965857, 0.969534, 0.977179, 0.986582, 0.994957, 0.999623, 0.998728, 0.991776, 0.979799, 0.965127, 0.950821, 0.939939, 0.934859
0.934859, 0.929579, 0.916741, 0.895607, 0.865561, 0.826726, 0.780435, 0.72941, 0.677569, 0.629514, 0.589853, 0.562537, 0.550415
0.550415, 0.538175, 0.509707, 0.466027, 0.40892, 0.341266, 0.267079, 0.191273, 0.119168, 0.0558979, 0.00587729, -0.0275449, -0.0421266
-0.0421266, -0.0566993, -0.0900334, -0.139746, -0.202323, -0.273218, -0.347252, -0.419179, -0.484287, -0.538851, -0.580321, -0.607213, -0.618741

-0.50709, -0.494461, -0.465137, -0.420267, -0.361816, -0.292852, -0.217552, -0.140933, -0.068343, -0.00487174, 0.0451626, 0.0785228, 0.0930595
0.0930595, 0.107576, 0.140742, 0.190097, 0.252037, 0.321954, 0.394657, 0.464966, 0.528306, 0.58114, 0.621125, 0.64697, 0.658026
0.658026, 0.668942, 0.69341, 0.72859, 0.770602, 0.815036, 0.857656, 0.895074, 0.925216, 0.947437, 0.962257, 0.970814, 0.97421
0.97421, 0.977399, 0.983918, 0.991622, 0.997822, 0.999976, 0.996398, 0.986777, 0.972326, 0.955534, 0.939585, 0.92762, 0.922071
0.922071, 0.916326, 0.902432, 0.879748, 0.847792, 0.80685, 0.758428, 0.705406, 0.651825, 0.602368, 0.56168, 0.533716, 0.521321
0.521321, 0.508815, 0.479761, 0.435265, 0.377234, 0.308676, 0.233717, 0.15734, 0.0848867, 0.0214628, -0.0285814, -0.0619713, -0.0765268
-0.0765268, -0.091066, -0.124296, -0.173781, -0.235946, -0.306201, -0.379357, -0.450213, -0.514145, -0.567557, -0.608037, -0.634229, -0.645442
-0.645442, -0.656517, -0.681359, -0.717125, -0.759922, -0.805311, -0.849006, -0.887552, -0.918793, -0.941998, -0.957609, -0.966702, -0.970332
-0.970332, -0.973757, -0.980819, -0.989342, -0.99659, -0.999954, -0.997668, -0.989331, -0.976069, -0.960295, -0.945135, -0.933689, -0.928366
-0.928366, -0.922844, -0.909456, -0.887515, -0.856474, -0.816541, -0.769138, -0.71707, -0.664318, -0.615529, -0.57533, -0.547674, -0.535408
-0.535408, -0.523028, -0.494252, -0.450142, -0.392548, -0.324415, -0.249817, -0.173703, -0.101407, -0.0380479, 0.0119924, 0.0454028, 0.059973
0.059973, 0.0745305, 0.107815, 0.157418, 0.219791, 0.290364, 0.363954, 0.435336, 0.499844, 0.553818, 0.594781, 0.621314, 0.63268
0.63268, 0.643911, 0.669121, 0.705462, 0.749032, 0.795363, 0.840123, 0.879786, 0.912117, 0.9363, 0.952698, 0.962322, 0.966187
0.966187, 0.969846, 0.97745, 0.98679, 0.995084, 0.999657, 0.998663, 0.991612, 0.979542, 0.964792, 0.950425, 0.939502, 0.934404
0.934404, 0.929108, 0.91623, 0.895038, 0.864921, 0.826007, 0.779636, 0.728535, 0.676629, 0.628521, 0.588821, 0.561481, 0.549348
0.549348, 0.537098, 0.508608, 0.464896, 0.407754, 0.340065, 0.265848, 0.190019, 0.117899, 0.0546225, 0.00459998, -0.0288217, -0.0434027

-0.915008, -0.909025, -0.89459, -0.871112, -0.83818, -0.796165, -0.746661, -0.692628, -0.63817, -0.588008, -0.546806, -0.51852, -0.505989
-0.505989, -0.493351, -0.464006, -0.419108, -0.360625, -0.29163, -0.216305, -0.139668, -0.0670686, -0.00359443, 0.0464386, 0.0797961, 0.0943312
0.0943312, 0.108846, 0.142006, 0.19135, 0.253273, 0.323163, 0.39583, 0.466097, 0.52939, 0.582179, 0.622126, 0.647943, 0.658987
0.658987, 0.669891, 0.69433, 0.729464, 0.771415, 0.815776, 0.858312, 0.895643, 0.9257, 0.947845, 0.962604, 0.97112, 0.974498
0.974498, 0.977668, 0.984145, 0.991786, 0.997905, 0.999966, 0.996289, 0.986569, 0.972027, 0.955156, 0.939147, 0.927142, 0.921576
0.921576, 0.915814, 0.901881, 0.87914, 0.847114, 0.806095, 0.757595, 0.7045, 0.650856, 0.601348, 0.560623, 0.532636, 0.520231
0.520231, 0.507715, 0.47864, 0.434114, 0.376051, 0.307461, 0.232474, 0.156078, 0.0836139, 0.0201857, -0.0298582, -0.0632461, -0.0778003
-0.0778003, -0.092338, -0.125563, -0.175039, -0.237187, -0.307416, -0.380539, -0.451353, -0.515241, -0.568608, -0.60905, -0.635216, -0.646417
-0.646417, -0.65748, -0.682294, -0.718014, -0.760751, -0.806067, -0.84968, -0.88814, -0.919296, -0.942426, -0.957976, -0.967028, -0.97064
-0.97064, -0.974047, -0.981067, -0.989527, -0.996695, -0.999965, -0.99758, -0.989144, -0.97579, -0.959938, -0.944717, -0.933231, -0.92789
-0.92789, -0.922351, -0.908924, -0.886926, -0.855814, -0.815803, -0.768321, -0.716179, -0.663363, -0.614522, -0.574285, -0.546605, -0.534329
-0.534329, -0.521939, -0.493142, -0.449001, -0.391373, -0.323206, -0.24858, -0.172445, -0.100136, -0.0367715, 0.0132696, 0.0466787, 0.061248
0.061248, 0.0758042, 0.109085, 0.158679, 0.221036, 0.291586, 0.365143, 0.436485, 0.50095, 0.554881, 0.595807, 0.622314, 0.633669
0.633669, 0.644888, 0.67007, 0.706367, 0.749878, 0.796137, 0.840815, 0.880392, 0.91264, 0.936748, 0.953085, 0.962669, 0.966516
0.966516, 0.970157, 0.977718, 0.986996, 0.99521, 0.99969, 0.998596, 0.991446, 0.979284, 0.964455, 0.950027, 0.939064, 0.933949
0.933949, 0.928635, 0.915717, 0.894468, 0.864279, 0.825286, 0.778835, 0.72766, 0.675688, 0.627527, 0.587789, 0.560423, 0.54828

-0.978352, -0.981267, -0.987157, -0.993913, -0.998902, -0.999658, -0.994592, -0.983493, -0.967675, -0.949713, -0.932858, -0.920298, -0.914492
-0.914492, -0.908492, -0.894018, -0.870484, -0.837483, -0.795391, -0.745811, -0.691706, -0.637186, -0.586975, -0.545736, -0.517427, -0.504887
-0.504887, -0.492239, -0.462874, -0.417948, -0.359433, -0.290408, -0.215058, -0.138403, -0.0657941, -0.00231711, 0.0477145, 0.0810693, 0.0956028
0.0956028, 0.110116, 0.143271, 0.192604, 0.254509, 0.324371, 0.397003, 0.467226, 0.530473, 0.583217, 0.623126, 0.648916, 0.659948
0.659948, 0.670839, 0.695248, 0.730337, 0.772227, 0.816514, 0.858967, 0.89621, 0.926182, 0.948251, 0.962949, 0.971424, 0.974784
0.974784, 0.977936, 0.984371, 0.991949, 0.997987, 0.999954, 0.996178, 0.98636, 0.971726, 0.954777, 0.938707, 0.926662, 0.921079
0.921079, 0.9153, 0.901329, 0.878531, 0.846434, 0.805338, 0.756761, 0.703593, 0.649886, 0.600327, 0.559564, 0.531554, 0.519139
0.519139, 0.506614, 0.477518, 0.432963, 0.374867, 0.306245, 0.231232, 0.154816, 0.082341, 0.0189086, -0.0311349, -0.0645208, -0.0790737
-0.0790737, -0.0936098, -0.12683, -0.176296, -0.238428, -0.308632, -0.38172, -0.452493, -0.516335, -0.569658, -0.610063, -0.636202, -0.647391
-0.647391, -0.658442, -0.683227, -0.718903, -0.76158, -0.806823, -0.850353, -0.888726, -0.919798, -0.942853, -0.958342, -0.967352, -0.970947
-0.970947, -0.974335, -0.981313, -0.989711, -0.996798, -0.999975, -0.99749, -0.988955, -0.97551, -0.959579, -0.944297, -0.932772, -0.927413
-0.927413, -0.921857, -0.908391, -0.886335, -0.855153, -0.815063, -0.767503, -0.715287, -0.662407, -0.613514, -0.573238, -0.545535, -0.533249
-0.533249, -0.520849, -0.49203, -0.44786, -0.390197, -0.321997, -0.247342, -0.171187, -0.0988652, -0.035495, 0.0145468, 0.0479546, 0.0625229
0.0625229, 0.0770778, 0.110355, 0.15994, 0.222282, 0.292807, 0.366332, 0.437634, 0.502055, 0.555943, 0.596832, 0.623314, 0.634656
0.634656, 0.645864, 0.671017, 0.707271, 0.750722, 0.796909, 0.841505, 0.880997, 0.913161, 0.937194, 0.953471, 0.963014, 0.966843
0.966843, 0.970466, 0.977986, 0.987201, 0.995334, 0.999721, 0.998528, 0.991278, 0.979025, 0.964117, 0.949628, 0.938624, 0.933491

-0.673267, -0.683984, -0.707981, -0.742426, -0.783457, -0.8267, -0.867979, -0.903994, -0.932772, -0.953774, -0.967614, -0.97551, -0.978615
-0.978615, -0.981512, -0.987361, -0.994053, -0.998961, -0.999624, -0.994459, -0.983261, -0.967352, -0.949312, -0.932397, -0.919798, -0.913975
-0.913975, -0.907957, -0.893445, -0.869855, -0.836784, -0.794617, -0.744959, -0.690783, -0.636201, -0.58594, -0.544665, -0.516334, -0.503784
-0.503784, -0.491127, -0.461741, -0.416787, -0.358241, -0.289185, -0.21381, -0.137138, -0.0645195, -0.00103979, 0.0489903, 0.0823423, 0.0968741
0.0968741, 0.111385, 0.144535, 0.193857, 0.255744, 0.325579, 0.398175, 0.468355, 0.531555, 0.584254, 0.624124, 0.649887, 0.660907
0.660907, 0.671786, 0.696166, 0.731209, 0.773038, 0.817251, 0.85962, 0.896776, 0.926663, 0.948656, 0.963293, 0.971726, 0.975068
0.975068, 0.978202, 0.984595, 0.99211, 0.998067, 0.999941, 0.996066, 0.986149, 0.971424, 0.954397, 0.938266, 0.926182, 0.920581
0.920581, 0.914785, 0.900775, 0.87792, 0.845753, 0.80458, 0.755925, 0.702685, 0.648915, 0.599305, 0.558505, 0.530472, 0.518047
0.518047, 0.505512, 0.476395, 0.431812, 0.373682, 0.305029, 0.229989, 0.153554, 0.081068, 0.0176315, -0.0324116, -0.0657954, -0.080347
-0.080347, -0.0948814, -0.128097, -0.177553, -0.239668, -0.309846, -0.3829, -0.453631, -0.517428, -0.570708, -0.611074, -0.637187, -0.648364
-0.648364, -0.659403, -0.684159, -0.71979, -0.762407, -0.807577, -0.851025, -0.889311, -0.920299, -0.943277, -0.958706, -0.967675, -0.971252
-0.971252, -0.974622, -0.981558, -0.989893, -0.996899, -0.999983, -0.997399, -0.988765, -0.975228, -0.959219, -0.943876, -0.93231, -0.926935
-0.926935, -0.921361, -0.907856, -0.885743, -0.85449, -0.814323, -0.766683, -0.714393, -0.661449, -0.612505, -0.572191, -0.544464, -0.532168
-0.532168, -0.519759, -0.490918, -0.446717, -0.389021, -0.320788, -0.246104, -0.169928, -0.0975941, -0.0342184, 0.015824, 0.0492304, 0.0637976
0.0637976, 0.0783513, 0.111624, 0.161201, 0.223527, 0.294028, 0.36752, 0.438782, 0.503159, 0.557005, 0.597857, 0.624312, 0.635643
0.635643, 0.646839, 0.671964, 0.708173, 0.751565, 0.79768, 0.842195, 0.881601, 0.913681, 0.937639, 0.953855, 0.963357, 0.967168

-0.114644, -0.129125, -0.162193, -0.211356, -0.272978, -0.342423, -0.414503, -0.484069, -0.546606, -0.598662, -0.637986, -0.663364, -0.674211
-0.674211, -0.684915, -0.708883, -0.743282, -0.78425, -0.827418, -0.868613, -0.904539, -0.933232, -0.954157, -0.967936, -0.97579, -0.978877
-0.978877, -0.981756, -0.987562, -0.994192, -0.999019, -0.999588, -0.994324, -0.983028, -0.967027, -0.94891, -0.931935, -0.919296, -0.913456
-0.913456, -0.907421, -0.892871, -0.869224, -0.836084, -0.793841, -0.744106, -0.689859, -0.635215, -0.584905, -0.543594, -0.515239, -0.50268
-0.50268, -0.490014, -0.460608, -0.415625, -0.357048, -0.287963, -0.212562, -0.135873, -0.0632448, 0.000237526, 0.0502661, 0.0836152, 0.0981454
0.0981454, 0.112655, 0.145798, 0.19511, 0.256978, 0.326787, 0.399346, 0.469484, 0.532637, 0.58529, 0.625122, 0.650857, 0.661865
0.661865, 0.672731, 0.697082, 0.73208, 0.773848, 0.817986, 0.860272, 0.89734, 0.927142, 0.949059, 0.963635, 0.972027, 0.97535
0.97535, 0.978466, 0.984818, 0.992269, 0.998146, 0.999927, 0.995952, 0.985936, 0.97112, 0.954015, 0.937823, 0.925699, 0.920082
0.920082, 0.914268, 0.900219, 0.877308, 0.845071, 0.803821, 0.755088, 0.701776, 0.647942, 0.598282, 0.557445, 0.529389, 0.516954
0.516954, 0.50441, 0.475272, 0.430659, 0.372497, 0.303812, 0.228746, 0.152292, 0.0797948, 0.0163544, -0.0336882, -0.0670699, -0.0816201
-0.0816201, -0.0961529, -0.129364, -0.17881, -0.240908, -0.311061, -0.38408, -0.454769, -0.518521, -0.571756, -0.612085, -0.638171, -0.649336
-0.649336, -0.660363, -0.68509, -0.720676, -0.763233, -0.808329, -0.851695, -0.889894, -0.920798, -0.943701, -0.959069, -0.967996, -0.971555
-0.971555, -0.974907, -0.981802, -0.990073, -0.996999, -0.99999, -0.997306, -0.988573, -0.974945, -0.958857, -0.943453, -0.931848, -0.926455
-0.926455, -0.920864, -0.90732, -0.88515, -0.853826, -0.813581, -0.765863, -0.713499, -0.660491, -0.611494, -0.571143, -0.543392, -0.531086
-0.531086, -0.518667, -0.489804, -0.445574, -0.387844, -0.319578, -0.244866, -0.168669, -0.0963228, -0.0329418, 0.0171011, 0.0505062, 0.0650723
0.0650723, 0.0796246, 0.112894, 0.162461, 0.224772, 0.295249, 0.368708, 0.43993, 0.504262, 0.558065, 0.59888, 0.625309, 0.636628

0.487153, 0.474359, 0.444674, 0.399306, 0.3403, 0.270804, 0.195068, 0.118148, 0.0454015, -0.0181065, -0.0681045, -0.101408, -0.115912
-0.115912, -0.130392, -0.163453, -0.212605, -0.274206, -0.343622, -0.415665, -0.485186, -0.547675, -0.599685, -0.638969, -0.664319, -0.675154
-0.675154, -0.685845, -0.709783, -0.744135, -0.785042, -0.828135, -0.869245, -0.905083, -0.93369, -0.954538, -0.968256, -0.976069, -0.979138
-0.979138, -0.981998, -0.987762, -0.994328, -0.999074, -0.999551, -0.994187, -0.982793, -0.966701, -0.948506, -0.931471, -0.918792, -0.912935
-0.912935, -0.906884, -0.892295, -0.868592, -0.835383, -0.793063, -0.743253, -0.688934, -0.634228, -0.583868, -0.542521, -0.514144, -0.501576
-0.501576, -0.4889, -0.459474, -0.414463, -0.355855, -0.286739, -0.211314, -0.134607, -0.06197, 0.00151485, 0.0515417, 0.084888, 0.0994165
0.0994165, 0.113924, 0.147062, 0.196363, 0.258213, 0.327993, 0.400517, 0.470611, 0.533717, 0.586325, 0.626118, 0.651826, 0.662822
0.662822, 0.673676, 0.697998, 0.732949, 0.774656, 0.81872, 0.860923, 0.897903, 0.92762, 0.949461, 0.963976, 0.972326, 0.975631
0.975631, 0.978729, 0.985039, 0.992427, 0.998223, 0.99991, 0.995836, 0.985722, 0.970814, 0.953631, 0.937379, 0.925215, 0.919581
0.919581, 0.91375, 0.899662, 0.876694, 0.844388, 0.803061, 0.75425, 0.700865, 0.646969, 0.597258, 0.556384, 0.528304, 0.51586
0.51586, 0.503307, 0.474147, 0.429506, 0.371311, 0.302595, 0.227502, 0.151029, 0.0785215, 0.0150772, -0.0349648, -0.0683443, -0.0828931
-0.0828931, -0.0974242, -0.13063, -0.180067, -0.242148, -0.312274, -0.385259, -0.455907, -0.519613, -0.572804, -0.613095, -0.639154, -0.650307
-0.650307, -0.661321, -0.68602, -0.721561, -0.764057, -0.809081, -0.852363, -0.890476, -0.921295, -0.944123, -0.95943, -0.968316, -0.971857
-0.971857, -0.97519, -0.982044, -0.990252, -0.997097, -0.999995, -0.997212, -0.98838, -0.97466, -0.958493, -0.943029, -0.931384, -0.925973
-0.925973, -0.920365, -0.906782, -0.884555, -0.85316, -0.812837, -0.765041, -0.712603, -0.659531, -0.610483, -0.570094, -0.542319, -0.530003
-0.530003, -0.517574, -0.48869, -0.44443, -0.386666, -0.318367, -0.243628, -0.16741, -0.0950513, -0.0316652, 0.0183782, 0.0517818, 0.0663469

0.905497, 0.899209, 0.884085, 0.859598, 0.825427, 0.782052, 0.731179, 0.675872, 0.620311, 0.569268, 0.527424, 0.498736, 0.486037
0.486037, 0.473234, 0.443529, 0.398135, 0.339098, 0.269575, 0.193815, 0.116879, 0.0441254, -0.0193836, -0.0693788, -0.102679, -0.117181
-0.117181, -0.131658, -0.164713, -0.213853, -0.275434, -0.344822, -0.416826, -0.486302, -0.548743, -0.600707, -0.639951, -0.665274, -0.676096
-0.676096, -0.686774, -0.710682, -0.744988, -0.785833, -0.82885, -0.869876, -0.905626, -0.934147, -0.954918, -0.968575, -0.976346, -0.979396
-0.979396, -0.982239, -0.987961, -0.994463, -0.999128, -0.999512, -0.994049, -0.982556, -0.966374, -0.9481, -0.931006, -0.918287, -0.912413
-0.912413, -0.906345, -0.891717, -0.867958, -0.83468, -0.792284, -0.742397, -0.688007, -0.63324, -0.582831, -0.541448, -0.513048, -0.50047
-0.50047, -0.487785, -0.458339, -0.4133, -0.354661, -0.285515, -0.210065, -0.133341, -0.0606951, 0.00279216, 0.0528173, 0.0861606, 0.100687
0.100687, 0.115193, 0.148325, 0.197615, 0.259446, 0.3292, 0.401687, 0.471738, 0.534797, 0.587359, 0.627113, 0.652795, 0.663778
0.663778, 0.674619, 0.698912, 0.733817, 0.775464, 0.819453, 0.861572, 0.898465, 0.928097, 0.949861, 0.964314, 0.972624, 0.975911
0.975911, 0.97899, 0.985258, 0.992583, 0.998298, 0.999893, 0.995719, 0.985506, 0.970507, 0.953246, 0.936934, 0.92473, 0.919078
0.919078, 0.913231, 0.899104, 0.876079, 0.843703, 0.802299, 0.753411, 0.699953, 0.645994, 0.596233, 0.555323, 0.52722, 0.514766
0.514766, 0.502202, 0.473022, 0.428352, 0.370125, 0.301377, 0.226258, 0.149767, 0.077248, 0.0138, -0.0362413, -0.0696186, -0.0841659
-0.0841659, -0.0986954, -0.131897, -0.181323, -0.243387, -0.313488, -0.386437, -0.457043, -0.520704, -0.57385, -0.614103, -0.640136, -0.651277
-0.651277, -0.662279, -0.686949, -0.722445, -0.764881, -0.809831, -0.853031, -0.891057, -0.921791, -0.944543, -0.959789, -0.968634, -0.972157
-0.972157, -0.975472, -0.982284, -0.990429, -0.997193, -0.999998, -0.997116, -0.988185, -0.974373, -0.958129, -0.942604, -0.930918, -0.92549
-0.92549, -0.919865, -0.906243, -0.883958, -0.852493, -0.812093, -0.764217, -0.711707, -0.658571, -0.609471, -0.569045, -0.541246, -0.52892

0.982849, 0.985435, 0.990567, 0.996182, 0.999715, 0.998794, 0.991943, 0.979076, 0.961624, 0.942267, 0.924335, 0.911066, 0.904954
0.904954, 0.898649, 0.883487, 0.858945, 0.824705, 0.781255, 0.730307, 0.67493, 0.619309, 0.568217, 0.526338, 0.497628, 0.48492
0.48492, 0.472108, 0.442384, 0.396963, 0.337897, 0.268344, 0.192561, 0.11561, 0.0428493, -0.0206607, -0.0706529, -0.103949, -0.11845
-0.11845, -0.132924, -0.165973, -0.2151, -0.276662, -0.34602, -0.417987, -0.487418, -0.549811, -0.601727, -0.640932, -0.666227, -0.677036
-0.677036, -0.687702, -0.71158, -0.74584, -0.786622, -0.829564, -0.870505, -0.906167, -0.934602, -0.955297, -0.968892, -0.976621, -0.979654
-0.979654, -0.982478, -0.988157, -0.994597, -0.999181, -0.999471, -0.993909, -0.982317, -0.966044, -0.947694, -0.930539, -0.917781, -0.911889
-0.911889, -0.905804, -0.891138, -0.867323, -0.833976, -0.791504, -0.741541, -0.68708, -0.632251, -0.581792, -0.540373, -0.511952, -0.499364
-0.499364, -0.48667, -0.457203, -0.412137, -0.353466, -0.284291, -0.208816, -0.132075, -0.0594201, 0.00406948, 0.0540928, 0.0874331, 0.101958
0.101958, 0.116461, 0.149588, 0.198867, 0.26068, 0.330406, 0.402856, 0.472864, 0.535876, 0.588393, 0.628108, 0.653762, 0.664732
0.664732, 0.675562, 0.699825, 0.734685, 0.776269, 0.820184, 0.86222, 0.899025, 0.928571, 0.95026, 0.964652, 0.97292, 0.976189
0.976189, 0.97925, 0.985476, 0.992737, 0.998372, 0.999873, 0.9956, 0.985289, 0.970198, 0.952859, 0.936486, 0.924243, 0.918574
0.918574, 0.912709, 0.898544, 0.875462, 0.843016, 0.801536, 0.752571, 0.699041, 0.645019, 0.595207, 0.55426, 0.526134, 0.51367
0.51367, 0.501097, 0.471897, 0.427198, 0.368938, 0.300159, 0.225014, 0.148504, 0.0759745, 0.0125228, -0.0375177, -0.0708927, -0.0854386
-0.0854386, -0.0999664, -0.133163, -0.182579, -0.244626, -0.3147, -0.387615, -0.458179, -0.521794, -0.574896, -0.615111, -0.641117, -0.652245
-0.652245, -0.663235, -0.687876, -0.723327, -0.765703, -0.810579, -0.853697, -0.891636, -0.922285, -0.944961, -0.960147, -0.968951, -0.972455
-0.972455, -0.975753, -0.982522, -0.990605, -0.997288, -1, -0.997018, -0.987989, -0.974085, -0.957762, -0.942176, -0.93045, -0.925005

0.690079, 0.700565, 0.724021, 0.757624, 0.797529, 0.83941, 0.879161, 0.913579, 0.940808, 0.960427, 0.973159, 0.980306, 0.983083
0.983083, 0.985651, 0.990742, 0.996293, 0.999744, 0.99873, 0.991781, 0.978815, 0.961273, 0.941839, 0.923846, 0.910539, 0.90441
0.90441, 0.898088, 0.882888, 0.85829, 0.823982, 0.780457, 0.729434, 0.673987, 0.618306, 0.567166, 0.525252, 0.49652, 0.483803
0.483803, 0.470982, 0.441238, 0.39579, 0.336694, 0.267114, 0.191308, 0.114342, 0.0415731, -0.0219377, -0.071927, -0.10522, -0.119718
-0.119718, -0.13419, -0.167232, -0.216347, -0.277889, -0.347218, -0.419147, -0.488533, -0.550877, -0.602747, -0.641912, -0.667179, -0.677976
-0.677976, -0.688629, -0.712477, -0.74669, -0.78741, -0.830276, -0.871133, -0.906706, -0.935055, -0.955674, -0.969207, -0.976895, -0.979909
-0.979909, -0.982715, -0.988353, -0.994728, -0.999232, -0.999429, -0.993767, -0.982078, -0.965713, -0.947285, -0.93007, -0.917273, -0.911364
-0.911364, -0.905262, -0.890558, -0.866686, -0.83327, -0.790723, -0.740683, -0.686151, -0.631261, -0.580753, -0.539298, -0.510854, -0.498257
-0.498257, -0.485554, -0.456067, -0.410973, -0.352271, -0.283066, -0.207567, -0.130809, -0.058145, 0.00534678, 0.0553682, 0.0887055, 0.103229
0.103229, 0.11773, 0.150851, 0.200119, 0.261913, 0.331611, 0.404025, 0.473989, 0.536954, 0.589425, 0.629101, 0.654728, 0.665686
0.665686, 0.676503, 0.700736, 0.735551, 0.777074, 0.820915, 0.862866, 0.899584, 0.929045, 0.950657, 0.964988, 0.973214, 0.976465
0.976465, 0.979508, 0.985692, 0.99289, 0.998444, 0.999852, 0.99548, 0.98507, 0.969888, 0.952471, 0.936038, 0.923754, 0.918068
0.918068, 0.912187, 0.897983, 0.874844, 0.842328, 0.800771, 0.751729, 0.698127, 0.644042, 0.59418, 0.553196, 0.525047, 0.512574
0.512574, 0.499992, 0.47077, 0.426042, 0.367751, 0.29894, 0.223769, 0.14724, 0.0747008, 0.0112456, -0.0387941, -0.0721668, -0.0867112
-0.0867112, -0.101237, -0.134428, -0.183835, -0.245864, -0.315912, -0.388792, -0.459314, -0.522883, -0.575941, -0.616117, -0.642096, -0.653213
-0.653213, -0.664191, -0.688803, -0.724209, -0.766524, -0.811327, -0.854361, -0.892213, -0.922778, -0.945379, -0.960503, -0.969266, -0.972752

0.137439, 0.151876, 0.184823, 0.233759, 0.29501, 0.36392, 0.435304, 0.504047, 0.565702, 0.616909, 0.655511, 0.680383, 0.691003
0.691003, 0.701476, 0.724902, 0.758457, 0.798299, 0.840103, 0.879769, 0.914098, 0.941241, 0.960782, 0.973452, 0.980558, 0.983317
0.983317, 0.985866, 0.990914, 0.996402, 0.999773, 0.998665, 0.991616, 0.978553, 0.96092, 0.941409, 0.923357, 0.91001, 0.903864
0.903864, 0.897526, 0.882288, 0.857634, 0.823258, 0.779658, 0.72856, 0.673043, 0.617301, 0.566113, 0.524164, 0.495411, 0.482684
0.482684, 0.469855, 0.440092, 0.394617, 0.335491, 0.265883, 0.190054, 0.113073, 0.0402969, -0.0232147, -0.073201, -0.10649, -0.120986
-0.120986, -0.135456, -0.168492, -0.217594, -0.279116, -0.348416, -0.420306, -0.489647, -0.551943, -0.603766, -0.642891, -0.66813, -0.678914
-0.678914, -0.689554, -0.713373, -0.747539, -0.788197, -0.830988, -0.87176, -0.907244, -0.935507, -0.956049, -0.969521, -0.977167, -0.980163
-0.980163, -0.98295, -0.988546, -0.994859, -0.999281, -0.999385, -0.993624, -0.981836, -0.965381, -0.946875, -0.9296, -0.916763, -0.910838
-0.910838, -0.904719, -0.889976, -0.866048, -0.832563, -0.78994, -0.739825, -0.685221, -0.63027, -0.579713, -0.538222, -0.509755, -0.497149
-0.497149, -0.484437, -0.45493, -0.409808, -0.351075, -0.281841, -0.206317, -0.129543, -0.0568697, 0.00662408, 0.0566435, 0.0899777, 0.104499
0.104499, 0.118998, 0.152114, 0.20137, 0.263145, 0.332816, 0.405193, 0.475113, 0.538031, 0.590456, 0.630094, 0.655693, 0.666639
0.666639, 0.677443, 0.701647, 0.736415, 0.777877, 0.821643, 0.863511, 0.900141, 0.929516, 0.951053, 0.965322, 0.973507, 0.97674
0.97674, 0.979764, 0.985906, 0.993041, 0.998514, 0.999829, 0.995358, 0.984849, 0.969576, 0.952081, 0.935587, 0.923264, 0.917561
0.917561, 0.911663, 0.89742, 0.874225, 0.841639, 0.800006, 0.750886, 0.697212, 0.643064, 0.593152, 0.552132, 0.52396, 0.511477
0.511477, 0.498885, 0.469643, 0.424886, 0.366563, 0.297721, 0.222524, 0.145977, 0.073427, 0.00996836, -0.0400705, -0.0734407, -0.0879837
-0.0879837, -0.102508, -0.135694, -0.18509, -0.247102, -0.317124, -0.389969, -0.460448, -0.523971, -0.576984, -0.617123, -0.643075, -0.65418

-0.466958, -0.454006, -0.423976, -0.378135, -0.318604, -0.248614, -0.17248, -0.0953001, -0.0224359, 0.0410752, 0.0910104, 0.12424, 0.138704
0.138704, 0.153139, 0.186078, 0.235, 0.29623, 0.36511, 0.436453, 0.505149, 0.566755, 0.617914, 0.656475, 0.681318, 0.691926
0.691926, 0.702386, 0.725781, 0.759288, 0.799068, 0.840795, 0.880375, 0.914615, 0.941671, 0.961136, 0.973744, 0.980808, 0.983548
0.983548, 0.986079, 0.991085, 0.996509, 0.999799, 0.998598, 0.99145, 0.978289, 0.960566, 0.940977, 0.922866, 0.90948, 0.903317
0.903317, 0.896962, 0.881686, 0.856976, 0.822532, 0.778857, 0.727684, 0.672097, 0.616296, 0.56506, 0.523076, 0.494301, 0.481565
0.481565, 0.468727, 0.438944, 0.393443, 0.334287, 0.264651, 0.1888, 0.111803, 0.0390206, -0.0244917, -0.0744748, -0.10776, -0.122254
-0.122254, -0.136721, -0.169751, -0.218841, -0.280342, -0.349613, -0.421465, -0.49076, -0.553007, -0.604784, -0.643869, -0.66908, -0.679852
-0.679852, -0.690479, -0.714267, -0.748387, -0.788982, -0.831698, -0.872385, -0.907781, -0.935958, -0.956423, -0.969833, -0.977438, -0.980415
-0.980415, -0.983185, -0.988738, -0.994987, -0.999329, -0.999339, -0.993479, -0.981593, -0.965047, -0.946464, -0.929128, -0.916252, -0.91031
-0.91031, -0.904174, -0.889393, -0.865409, -0.831855, -0.789157, -0.738965, -0.68429, -0.629277, -0.578671, -0.537145, -0.508656, -0.49604
-0.49604, -0.483319, -0.453792, -0.408643, -0.349879, -0.280615, -0.205067, -0.128276, -0.0555944, 0.00790137, 0.0579187, 0.0912498, 0.105769
0.105769, 0.120266, 0.153376, 0.202621, 0.264377, 0.33402, 0.406361, 0.476237, 0.539107, 0.591487, 0.631085, 0.656656, 0.66759
0.66759, 0.678382, 0.702557, 0.737279, 0.778679, 0.822371, 0.864154, 0.900696, 0.929987, 0.951446, 0.965655, 0.973799, 0.977013
0.977013, 0.980019, 0.986119, 0.993191, 0.998583, 0.999805, 0.995234, 0.984627, 0.969263, 0.951689, 0.935136, 0.922773, 0.917053
0.917053, 0.911137, 0.896856, 0.873604, 0.840949, 0.799239, 0.750042, 0.696295, 0.642086, 0.592123, 0.551066, 0.522871, 0.510379
0.510379, 0.497778, 0.468515, 0.42373, 0.365374, 0.296501, 0.221278, 0.144713, 0.072153, 0.00869109, -0.0413467, -0.0747145, -0.089256

-0.895507, -0.888919, -0.873114, -0.847631, -0.812238, -0.767526, -0.715312, -0.658759, -0.602125, -0.550227, -0.507763, -0.478689, -0.465828
-0.465828, -0.452868, -0.422819, -0.376952, -0.317393, -0.247377, -0.171222, -0.0940285, -0.0211589, 0.0423514, 0.0922823, 0.125508, 0.139969
0.139969, 0.154401, 0.187333, 0.236242, 0.29745, 0.366299, 0.437602, 0.506251, 0.567807, 0.618918, 0.657438, 0.682253, 0.692847
0.692847, 0.703294, 0.726659, 0.760119, 0.799835, 0.841486, 0.88098, 0.915131, 0.9421, 0.961488, 0.974034, 0.981056, 0.983778
0.983778, 0.986291, 0.991255, 0.996615, 0.999824, 0.99853, 0.991283, 0.978023, 0.96021, 0.940544, 0.922373, 0.908948, 0.902768
0.902768, 0.896396, 0.881082, 0.856317, 0.821805, 0.778056, 0.726808, 0.671151, 0.615289, 0.564006, 0.521987, 0.49319, 0.480445
0.480445, 0.467598, 0.437796, 0.392268, 0.333083, 0.263419, 0.187545, 0.110534, 0.0377442, -0.0257686, -0.0757485, -0.10903, -0.123521
-0.123521, -0.137987, -0.171009, -0.220087, -0.281568, -0.350809, -0.422623, -0.491873, -0.554071, -0.6058, -0.644846, -0.670028, -0.680788
-0.680788, -0.691402, -0.715161, -0.749233, -0.789766, -0.832406, -0.873009, -0.908316, -0.936407, -0.956795, -0.970143, -0.977707, -0.980666
-0.980666, -0.983417, -0.988929, -0.995114, -0.999375, -0.999292, -0.993333, -0.981348, -0.964712, -0.94605, -0.928655, -0.91574, -0.909781
-0.909781, -0.903628, -0.888809, -0.864768, -0.831145, -0.788371, -0.738104, -0.683359, -0.628284, -0.577629, -0.536067, -0.507556, -0.494931
-0.494931, -0.4822, -0.452653, -0.407476, -0.348682, -0.279389, -0.203817, -0.127009, -0.0543191, 0.00917864, 0.0591939, 0.0925217, 0.107039
0.107039, 0.121534, 0.154638, 0.203872, 0.265609, 0.335224, 0.407527, 0.477359, 0.540183, 0.592516, 0.632075, 0.657619, 0.668541
0.668541, 0.67932, 0.703465, 0.738141, 0.77948, 0.823097, 0.864796, 0.901251, 0.930456, 0.951839, 0.965986, 0.974088, 0.977284
0.977284, 0.980273, 0.98633, 0.993339, 0.99865, 0.999779, 0.995109, 0.984403, 0.968948, 0.951296, 0.934682, 0.92228, 0.916542
0.916542, 0.91061, 0.89629, 0.872981, 0.840257, 0.79847, 0.749196, 0.695378, 0.641106, 0.591094, 0.55, 0.521782, 0.50928

-0.986826, -0.989082, -0.993454, -0.997925, -1, -0.997402, -0.988771, -0.974142, -0.955066, -0.934324, -0.915323, -0.901353, -0.894938
-0.894938, -0.888333, -0.87249, -0.846952, -0.811493, -0.766706, -0.714418, -0.657797, -0.601105, -0.54916, -0.506662, -0.477567, -0.464697
-0.464697, -0.451728, -0.421661, -0.375769, -0.316182, -0.246139, -0.169963, -0.0927568, -0.0198819, 0.0436275, 0.0935541, 0.126775, 0.141234
0.141234, 0.155663, 0.188588, 0.237483, 0.298669, 0.367487, 0.43875, 0.507352, 0.568858, 0.619921, 0.6584, 0.683186, 0.693768
0.693768, 0.704202, 0.727536, 0.760948, 0.800601, 0.842176, 0.881584, 0.915645, 0.942528, 0.961838, 0.974322, 0.981303, 0.984006
0.984006, 0.986501, 0.991422, 0.996719, 0.999847, 0.99846, 0.991114, 0.977756, 0.959852, 0.940109, 0.921879, 0.908414, 0.902218
0.902218, 0.89583, 0.880478, 0.855657, 0.821077, 0.777253, 0.72593, 0.670204, 0.614282, 0.56295, 0.520897, 0.492079, 0.479325
0.479325, 0.466469, 0.436647, 0.391093, 0.331879, 0.262187, 0.18629, 0.109264, 0.0364677, -0.0270454, -0.0770221, -0.110299, -0.124789
-0.124789, -0.139252, -0.172268, -0.221333, -0.282794, -0.352005, -0.42378, -0.492985, -0.555134, -0.606816, -0.645821, -0.670976, -0.681723
-0.681723, -0.692325, -0.716053, -0.750079, -0.790549, -0.833113, -0.873631, -0.908849, -0.936854, -0.957166, -0.970452, -0.977974, -0.980915
-0.980915, -0.983648, -0.989117, -0.995239, -0.999419, -0.999243, -0.993184, -0.981102, -0.964374, -0.945636, -0.928181, -0.915226, -0.90925
-0.90925, -0.90308, -0.888222, -0.864126, -0.830434, -0.787585, -0.737241, -0.682425, -0.62729, -0.576586, -0.534989, -0.506455, -0.49382
-0.49382, -0.481081, -0.451514, -0.40631, -0.347485, -0.278162, -0.202566, -0.125742, -0.0530436, 0.0104559, 0.0604689, 0.0937935, 0.108309
0.108309, 0.122802, 0.1559, 0.205122, 0.26684, 0.336427, 0.408694, 0.478481, 0.541257, 0.593545, 0.633065, 0.658581, 0.66949
0.66949, 0.680257, 0.704372, 0.739002, 0.78028, 0.823822, 0.865437, 0.901803, 0.930923, 0.95223, 0.966315, 0.974376, 0.977554
0.977554, 0.980524, 0.98654, 0.993485, 0.998716, 0.999751, 0.994982, 0.984177, 0.968631, 0.950902, 0.934227, 0.921786, 0.916031

-0.706526, -0.716776, -0.739679, -0.772421, -0.811181, -0.851676, -0.889878, -0.922682, -0.948348, -0.966574, -0.97819, -0.984585, -0.987032
-0.987032, -0.989269, -0.993599, -0.998007, -1, -0.997309, -0.988579, -0.973852, -0.954687, -0.933868, -0.914808, -0.900799, -0.894367
-0.894367, -0.887746, -0.871866, -0.846272, -0.810746, -0.765885, -0.713524, -0.656835, -0.600084, -0.548092, -0.505561, -0.476444, -0.463566
-0.463566, -0.450589, -0.420502, -0.374585, -0.314969, -0.244901, -0.168704, -0.0914849, -0.0186048, 0.0449036, 0.0948257, 0.128042, 0.142498
0.142498, 0.156924, 0.189842, 0.238723, 0.299888, 0.368674, 0.439898, 0.508453, 0.569908, 0.620922, 0.659361, 0.684118, 0.694687
0.694687, 0.705108, 0.728412, 0.761777, 0.801366, 0.842864, 0.882186, 0.916158, 0.942954, 0.962187, 0.974609, 0.981548, 0.984233
0.984233, 0.986709, 0.991588, 0.996822, 0.999868, 0.998388, 0.990943, 0.977488, 0.959493, 0.939673, 0.921383, 0.90788, 0.901666
0.901666, 0.895261, 0.879871, 0.854995, 0.820347, 0.776448, 0.725051, 0.669255, 0.613274, 0.561894, 0.519806, 0.490966, 0.478203
0.478203, 0.465339, 0.435498, 0.389917, 0.330674, 0.260954, 0.185035, 0.107995, 0.0351912, -0.0283223, -0.0782956, -0.111569, -0.126056
-0.126056, -0.140516, -0.173526, -0.222578, -0.284019, -0.353201, -0.424937, -0.494096, -0.556196, -0.607831, -0.646796, -0.671922, -0.682657
-0.682657, -0.693246, -0.716944, -0.750923, -0.791331, -0.833819, -0.874252, -0.909381, -0.9373, -0.957535, -0.97076, -0.97824, -0.981163
-0.981163, -0.983877, -0.989304, -0.995363, -0.999462, -0.999192, -0.993035, -0.980854, -0.964036, -0.94522, -0.927705, -0.914711, -0.908717
-0.908717, -0.90253, -0.887635, -0.863483, -0.829722, -0.786797, -0.736378, -0.681491, -0.626295, -0.575542, -0.533909, -0.505353, -0.492709
-0.492709, -0.479961, -0.450374, -0.405142, -0.346287, -0.276935, -0.201315, -0.124475, -0.051768, 0.0117331, 0.0617438, 0.0950651, 0.109579
0.109579, 0.12407, 0.157162, 0.206372, 0.268071, 0.337629, 0.409859, 0.479603, 0.542331, 0.594572, 0.634053, 0.659542, 0.670438
0.670438, 0.681192, 0.705278, 0.739862, 0.781078, 0.824545, 0.866076, 0.902355, 0.931389, 0.952619, 0.966643, 0.974663, 0.977823

-0.160162, -0.174547, -0.207356, -0.256038, -0.316887, -0.385226, -0.455875, -0.523758, -0.5845, -0.63483, -0.67269, -0.697042, -0.70743
-0.70743, -0.717666, -0.740538, -0.773231, -0.811927, -0.852345, -0.89046, -0.923174, -0.948752, -0.9669, -0.978455, -0.984808, -0.987237
-0.987237, -0.989455, -0.993743, -0.998086, -0.999999, -0.997215, -0.988386, -0.973561, -0.954306, -0.933411, -0.914291, -0.900244, -0.893795
-0.893795, -0.887157, -0.871239, -0.845591, -0.809997, -0.765064, -0.712628, -0.655871, -0.599062, -0.547023, -0.504458, -0.475321, -0.462434
-0.462434, -0.449448, -0.419343, -0.3734, -0.313757, -0.243662, -0.167445, -0.0902129, -0.0173277, 0.0461796, 0.0960972, 0.129308, 0.143762
0.143762, 0.158186, 0.191096, 0.239963, 0.301107, 0.369862, 0.441044, 0.509552, 0.570957, 0.621923, 0.660321, 0.685049, 0.695605
0.695605, 0.706013, 0.729286, 0.762603, 0.802129, 0.84355, 0.882787, 0.916669, 0.943378, 0.962534, 0.974894, 0.981791, 0.984458
0.984458, 0.986916, 0.991753, 0.996923, 0.999888, 0.998315, 0.990771, 0.977217, 0.959133, 0.939236, 0.920886, 0.907343, 0.901113
0.901113, 0.894691, 0.879264, 0.854332, 0.819616, 0.775643, 0.72417, 0.668305, 0.612264, 0.560837, 0.518715, 0.489853, 0.477081
0.477081, 0.464208, 0.434348, 0.388741, 0.329468, 0.25972, 0.18378, 0.106725, 0.0339147, -0.0295991, -0.0795689, -0.112838, -0.127323
-0.127323, -0.141781, -0.174783, -0.223823, -0.285243, -0.354395, -0.426093, -0.495206, -0.557257, -0.608845, -0.64777, -0.672868, -0.68359
-0.68359, -0.694166, -0.717834, -0.751766, -0.792111, -0.834523, -0.874871, -0.909912, -0.937745, -0.957902, -0.971066, -0.978504, -0.981409
-0.981409, -0.984105, -0.98949, -0.995485, -0.999503, -0.99914, -0.992883, -0.980604, -0.963696, -0.944802, -0.927227, -0.914194, -0.908183
-0.908183, -0.90198, -0.887046, -0.862838, -0.829009, -0.786008, -0.735513, -0.680556, -0.625298, -0.574497, -0.532828, -0.504251, -0.491597
-0.491597, -0.47884, -0.449233, -0.403974, -0.345088, -0.275707, -0.200064, -0.123207, -0.0504924, 0.0130104, 0.0630187, 0.0963365, 0.110849
0.110849, 0.125337, 0.158423, 0.207622, 0.269301, 0.338832, 0.411024, 0.480723, 0.543404, 0.595599, 0.63504, 0.660501, 0.671386

0.446516, 0.433414, 0.403054, 0.356764, 0.29674, 0.226293, 0.149802, 0.0724023, -0.000541437, -0.0640222, -0.113868, -0.147007, -0.161423
-0.161423, -0.175804, -0.208605, -0.257272, -0.318098, -0.386404, -0.457011, -0.524846, -0.585536, -0.635817, -0.673635, -0.697958, -0.708332
-0.708332, -0.718555, -0.741396, -0.774041, -0.812672, -0.853012, -0.89104, -0.923664, -0.949155, -0.967225, -0.978717, -0.985029, -0.987439
-0.987439, -0.989639, -0.993885, -0.998164, -0.999996, -0.997118, -0.988191, -0.973269, -0.953923, -0.932952, -0.913773, -0.899687, -0.893222
-0.893222, -0.886567, -0.870612, -0.844909, -0.809247, -0.76424, -0.711732, -0.654906, -0.598038, -0.545953, -0.503355, -0.474197, -0.461301
-0.461301, -0.448306, -0.418183, -0.372215, -0.312544, -0.242423, -0.166186, -0.0889407, -0.0160505, 0.0474555, 0.0973686, 0.130575, 0.145026
0.145026, 0.159447, 0.19235, 0.241203, 0.302324, 0.371048, 0.442191, 0.510651, 0.572006, 0.622923, 0.661279, 0.685979, 0.696522
0.696522, 0.706917, 0.73016, 0.763429, 0.802892, 0.844236, 0.883386, 0.917179, 0.943801, 0.962879, 0.975178, 0.982033, 0.984682
0.984682, 0.987121, 0.991916, 0.997022, 0.999907, 0.99824, 0.990597, 0.976945, 0.958771, 0.938796, 0.920387, 0.906806, 0.900559
0.900559, 0.89412, 0.878655, 0.853668, 0.818883, 0.774836, 0.723289, 0.667355, 0.611254, 0.559779, 0.517622, 0.488739, 0.475958
0.475958, 0.463076, 0.433197, 0.387564, 0.328262, 0.258487, 0.182524, 0.105455, 0.0326381, -0.0308758, -0.0808421, -0.114107, -0.12859
-0.12859, -0.143045, -0.176041, -0.225068, -0.286467, -0.355589, -0.427248, -0.496315, -0.558317, -0.609857, -0.648742, -0.673812, -0.684521
-0.684521, -0.695085, -0.718722, -0.752607, -0.79289, -0.835227, -0.875489, -0.910441, -0.938188, -0.958268, -0.97137, -0.978767, -0.981653
-0.981653, -0.984331, -0.989674, -0.995606, -0.999542, -0.999086, -0.992731, -0.980353, -0.963354, -0.944383, -0.926748, -0.913675, -0.907648
-0.907648, -0.901427, -0.886455, -0.862191, -0.828294, -0.785218, -0.734647, -0.679619, -0.624301, -0.573451, -0.531747, -0.503147, -0.490485
-0.490485, -0.477718, -0.448092, -0.402805, -0.343889, -0.274479, -0.198812, -0.121939, -0.0492166, 0.0142876, 0.0642934, 0.0976078, 0.112118

0.885045, 0.878159, 0.861682, 0.835215, 0.798621, 0.752594, 0.699066, 0.641298, 0.583621, 0.530895, 0.487834, 0.458389, 0.445373
0.445373, 0.432262, 0.401885, 0.355571, 0.29552, 0.225048, 0.148539, 0.0711283, -0.00181876, -0.0652968, -0.115137, -0.14827, -0.162683
-0.162683, -0.177062, -0.209854, -0.258506, -0.319309, -0.387582, -0.458147, -0.525933, -0.586571, -0.636802, -0.674578, -0.698872, -0.709233
-0.709233, -0.719443, -0.742253, -0.774849, -0.813416, -0.853678, -0.89162, -0.924153, -0.949557, -0.967549, -0.978979, -0.985248, -0.98764
-0.98764, -0.989822, -0.994025, -0.998241, -0.999991, -0.997021, -0.987994, -0.972975, -0.953539, -0.932491, -0.913253, -0.899128, -0.892647
-0.892647, -0.885975, -0.869983, -0.844225, -0.808496, -0.763416, -0.710834, -0.65394, -0.597014, -0.544883, -0.502251, -0.473072, -0.460167
-0.460167, -0.447164, -0.417022, -0.371029, -0.31133, -0.241184, -0.164926, -0.0876684, -0.0147734, 0.0487314, 0.0986397, 0.131841, 0.14629
0.14629, 0.160708, 0.193603, 0.242443, 0.303542, 0.372234, 0.443336, 0.511749, 0.573053, 0.623921, 0.662237, 0.686908, 0.697438
0.697438, 0.70782, 0.731032, 0.764253, 0.803652, 0.844919, 0.883984, 0.917687, 0.944223, 0.963223, 0.97546, 0.982273, 0.984904
0.984904, 0.987324, 0.992077, 0.99712, 0.999923, 0.998163, 0.990421, 0.976672, 0.958407, 0.938356, 0.919887, 0.906267, 0.900003
0.900003, 0.893547, 0.878044, 0.853002, 0.818149, 0.774028, 0.722406, 0.666403, 0.610242, 0.55872, 0.516529, 0.487624, 0.474834
0.474834, 0.461943, 0.432045, 0.386386, 0.327055, 0.257253, 0.181268, 0.104184, 0.0313614, -0.0321525, -0.0821152, -0.115376, -0.129856
-0.129856, -0.144309, -0.177298, -0.226312, -0.287691, -0.356783, -0.428403, -0.497424, -0.559377, -0.610869, -0.649714, -0.674756, -0.685452
-0.685452, -0.696002, -0.71961, -0.753448, -0.793668, -0.835928, -0.876106, -0.910969, -0.938629, -0.958632, -0.971673, -0.979028, -0.981896
-0.981896, -0.984555, -0.989856, -0.995724, -0.99958, -0.999031, -0.992576, -0.9801, -0.96301, -0.943962, -0.926267, -0.913155, -0.907111
-0.907111, -0.900874, -0.885864, -0.861544, -0.827577, -0.784426, -0.73378, -0.678682, -0.623303, -0.572404, -0.530665, -0.502043, -0.489371

0.990283, 0.992207, 0.995817, 0.999141, 0.999756, 0.995483, 0.985076, 0.968693, 0.948004, 0.925888, 0.905828, 0.891164, 0.88445
0.88445, 0.877547, 0.861033, 0.834512, 0.797851, 0.751752, 0.698152, 0.640317, 0.582584, 0.529812, 0.486719, 0.457253, 0.444229
0.444229, 0.43111, 0.400715, 0.354376, 0.2943, 0.223804, 0.147276, 0.0698541, -0.00309607, -0.0665714, -0.116406, -0.149533, -0.163943
-0.163943, -0.178319, -0.211103, -0.25974, -0.320519, -0.388759, -0.459282, -0.527019, -0.587605, -0.637786, -0.67552, -0.699785, -0.710133
-0.710133, -0.72033, -0.743108, -0.775655, -0.814158, -0.854343, -0.892197, -0.92464, -0.949956, -0.967871, -0.979239, -0.985466, -0.98784
-0.98784, -0.990003, -0.994164, -0.998316, -0.999985, -0.996921, -0.987796, -0.972679, -0.953154, -0.932029, -0.912732, -0.898569, -0.89207
-0.89207, -0.885382, -0.869352, -0.843539, -0.807744, -0.76259, -0.709935, -0.652973, -0.595989, -0.543811, -0.501146, -0.471946, -0.459033
-0.459033, -0.446021, -0.415861, -0.369843, -0.310116, -0.239944, -0.163666, -0.0863959, -0.0134962, 0.0500071, 0.0999107, 0.133107, 0.147553
0.147553, 0.161968, 0.194856, 0.243682, 0.304758, 0.373419, 0.44448, 0.512846, 0.574099, 0.624919, 0.663194, 0.687836, 0.698353
0.698353, 0.708722, 0.731903, 0.765077, 0.804412, 0.845602, 0.884581, 0.918194, 0.944643, 0.963566, 0.97574, 0.982512, 0.985124
0.985124, 0.987526, 0.992237, 0.997216, 0.999938, 0.998085, 0.990244, 0.976397, 0.958041, 0.937913, 0.919385, 0.905726, 0.899445
0.899445, 0.892973, 0.877432, 0.852334, 0.817414, 0.773218, 0.721522, 0.66545, 0.60923, 0.55766, 0.515435, 0.486509, 0.47371
0.47371, 0.46081, 0.430893, 0.385207, 0.325847, 0.256018, 0.180012, 0.102914, 0.0300847, -0.0334291, -0.0833881, -0.116645, -0.131123
-0.131123, -0.145573, -0.178555, -0.227556, -0.288914, -0.357976, -0.429556, -0.498531, -0.560435, -0.61188, -0.650684, -0.675698, -0.686381
-0.686381, -0.696919, -0.720496, -0.754287, -0.794444, -0.836629, -0.876721, -0.911495, -0.939069, -0.958995, -0.971974, -0.979287, -0.982137
-0.982137, -0.984778, -0.990037, -0.995842, -0.999616, -0.998974, -0.99242, -0.979846, -0.962665, -0.943539, -0.925785, -0.912634, -0.906573

0.7226, 0.732609, 0.754947, 0.78681, 0.824403, 0.863493, 0.900125, 0.931298, 0.955387, 0.972209, 0.982704, 0.988344, 0.99046
0.99046, 0.992365, 0.995933, 0.999193, 0.999727, 0.995361, 0.984855, 0.968375, 0.947597, 0.925405, 0.905286, 0.890584, 0.883853
0.883853, 0.876934, 0.860382, 0.833808, 0.797081, 0.750909, 0.697237, 0.639335, 0.581545, 0.528729, 0.485603, 0.456117, 0.443084
0.443084, 0.429957, 0.399544, 0.353182, 0.293079, 0.222559, 0.146012, 0.0685799, -0.00437338, -0.0678458, -0.117674, -0.150796, -0.165203
-0.165203, -0.179575, -0.212351, -0.260973, -0.321729, -0.389936, -0.460416, -0.528104, -0.588638, -0.63877, -0.676462, -0.700697, -0.711032
-0.711032, -0.721215, -0.743962, -0.776461, -0.814899, -0.855006, -0.892773, -0.925126, -0.950355, -0.968191, -0.979497, -0.985682, -0.988037
-0.988037, -0.990182, -0.994301, -0.998389, -0.999977, -0.99682, -0.987596, -0.972381, -0.952767, -0.931565, -0.91221, -0.898007, -0.891492
-0.891492, -0.884788, -0.86872, -0.842853, -0.80699, -0.761763, -0.709035, -0.652005, -0.594963, -0.542739, -0.50004, -0.470819, -0.457897
-0.457897, -0.444878, -0.414699, -0.368656, -0.308902, -0.238704, -0.162406, -0.0851233, -0.012219, 0.0512828, 0.101182, 0.134373, 0.148817
0.148817, 0.163228, 0.196109, 0.24492, 0.305975, 0.374604, 0.445624, 0.513942, 0.575144, 0.625916, 0.664149, 0.688763, 0.699267
0.699267, 0.709622, 0.732773, 0.765898, 0.80517, 0.846283, 0.885176, 0.918699, 0.945061, 0.963907, 0.976019, 0.982749, 0.985343
0.985343, 0.987727, 0.992395, 0.99731, 0.999952, 0.998005, 0.990065, 0.97612, 0.957675, 0.937469, 0.918882, 0.905184, 0.898886
0.898886, 0.892397, 0.876818, 0.851666, 0.816678, 0.772408, 0.720637, 0.664496, 0.608217, 0.5566, 0.51434, 0.485392, 0.472585
0.472585, 0.459676, 0.42974, 0.384028, 0.324639, 0.254783, 0.178755, 0.101643, 0.0288079, -0.0347057, -0.0846609, -0.117913, -0.132389
-0.132389, -0.146837, -0.179812, -0.2288, -0.290136, -0.359168, -0.430709, -0.499638, -0.561492, -0.61289, -0.651654, -0.676639, -0.68731
-0.68731, -0.697834, -0.721382, -0.755125, -0.795219, -0.837328, -0.877334, -0.912019, -0.939507, -0.959356, -0.972273, -0.979545, -0.982377

0.1828, 0.197125, 0.229779, 0.278181, 0.338596, 0.406328, 0.476205, 0.543194, 0.60299, 0.652416, 0.689514, 0.713334, 0.723483
0.723483, 0.733478, 0.755784, 0.787597, 0.825126, 0.864136, 0.900681, 0.931762, 0.955763, 0.972508, 0.98294, 0.988538, 0.990635
0.990635, 0.992522, 0.996047, 0.999244, 0.999697, 0.995237, 0.984633, 0.968056, 0.947188, 0.92492, 0.904743, 0.890002, 0.883255
0.883255, 0.876319, 0.859731, 0.833102, 0.796309, 0.750065, 0.696321, 0.638353, 0.580505, 0.527644, 0.484486, 0.45498, 0.441939
0.441939, 0.428804, 0.398373, 0.351986, 0.291857, 0.221313, 0.144748, 0.0673055, -0.00565069, -0.0691201, -0.118943, -0.152059, -0.166463
-0.166463, -0.180832, -0.213599, -0.262206, -0.322938, -0.391112, -0.46155, -0.529188, -0.58967, -0.639752, -0.677402, -0.701607, -0.711929
-0.711929, -0.722099, -0.744815, -0.777265, -0.815639, -0.855667, -0.893348, -0.92561, -0.950751, -0.96851, -0.979753, -0.985897, -0.988234
-0.988234, -0.99036, -0.994436, -0.998461, -0.999968, -0.996718, -0.987395, -0.972083, -0.952378, -0.9311, -0.911685, -0.897445, -0.890913
-0.890913, -0.884192, -0.868087, -0.842165, -0.806235, -0.760935, -0.708134, -0.651036, -0.593936, -0.541666, -0.498933, -0.469692, -0.456761
-0.456761, -0.443734, -0.413537, -0.367468, -0.307686, -0.237463, -0.161146, -0.0838505, -0.0109417, 0.0525584, 0.102452, 0.135639, 0.15008
0.15008, 0.164488, 0.197361, 0.246159, 0.307191, 0.375788, 0.446767, 0.515037, 0.576189, 0.626912, 0.665103, 0.689688, 0.700179
0.700179, 0.710522, 0.733641, 0.766719, 0.805927, 0.846963, 0.885769, 0.919203, 0.945478, 0.964246, 0.976296, 0.982984, 0.98556
0.98556, 0.987925, 0.992551, 0.997403, 0.999963, 0.997924, 0.989885, 0.975842, 0.957306, 0.937024, 0.918377, 0.90464, 0.898326
0.898326, 0.89182, 0.876204, 0.850995, 0.81594, 0.771596, 0.719751, 0.663541, 0.607202, 0.555538, 0.513244, 0.484275, 0.471459
0.471459, 0.458541, 0.428586, 0.382849, 0.323431, 0.253548, 0.177498, 0.100372, 0.0275311, -0.0359822, -0.0859336, -0.119181, -0.133655
-0.133655, -0.1481, -0.181068, -0.230043, -0.291359, -0.36036, -0.431862, -0.500744, -0.562549, -0.613899, -0.652622, -0.677579, -0.688237

-0.425839, -0.412592, -0.381919, -0.335205, -0.274719, -0.203852, -0.127044, -0.0494663, 0.0235185, 0.0869354, 0.136666, 0.169696, 0.184056
0.184056, 0.198377, 0.231022, 0.279408, 0.339798, 0.407495, 0.477328, 0.544266, 0.604008, 0.653383, 0.690438, 0.714228, 0.724364
0.724364, 0.734346, 0.75662, 0.788384, 0.825847, 0.864779, 0.901235, 0.932225, 0.956138, 0.972804, 0.983174, 0.98873, 0.990809
0.990809, 0.992677, 0.99616, 0.999292, 0.999664, 0.995112, 0.984409, 0.967735, 0.946777, 0.924434, 0.904198, 0.889419, 0.882655
0.882655, 0.875703, 0.859078, 0.832395, 0.795535, 0.74922, 0.695404, 0.637369, 0.579465, 0.526559, 0.483368, 0.453842, 0.440792
0.440792, 0.427649, 0.397201, 0.350791, 0.290635, 0.220067, 0.143484, 0.066031, -0.00692798, -0.0703943, -0.120211, -0.153321, -0.167722
-0.167722, -0.182088, -0.214847, -0.263438, -0.324147, -0.392287, -0.462683, -0.530272, -0.590702, -0.640733, -0.678341, -0.702517, -0.712826
-0.712826, -0.722982, -0.745667, -0.778068, -0.816377, -0.856328, -0.893921, -0.926092, -0.951146, -0.968827, -0.980008, -0.98611, -0.988428
-0.988428, -0.990536, -0.99457, -0.998531, -0.999957, -0.996614, -0.987192, -0.971782, -0.951988, -0.930633, -0.91116, -0.89688, -0.890332
-0.890332, -0.883594, -0.867452, -0.841475, -0.805479, -0.760106, -0.707231, -0.650066, -0.592907, -0.540591, -0.497826, -0.468564, -0.455625
-0.455625, -0.442589, -0.412373, -0.36628, -0.306471, -0.236222, -0.159885, -0.0825776, -0.00966446, 0.0538339, 0.103723, 0.136904, 0.151342
0.151342, 0.165748, 0.198613, 0.247396, 0.308406, 0.376971, 0.44791, 0.516132, 0.577232, 0.627906, 0.666057, 0.690612, 0.701091
0.701091, 0.71142, 0.734509, 0.767538, 0.806682, 0.847641, 0.886361, 0.919705, 0.945893, 0.964584, 0.976572, 0.983218, 0.985775
0.985775, 0.988122, 0.992706, 0.997494, 0.999974, 0.997841, 0.989703, 0.975562, 0.956936, 0.936577, 0.917871, 0.904095, 0.897764
0.897764, 0.891242, 0.875587, 0.850324, 0.815201, 0.770783, 0.718864, 0.662585, 0.606187, 0.554476, 0.512147, 0.483157, 0.470332
0.470332, 0.457406, 0.427432, 0.381668, 0.322222, 0.252312, 0.176241, 0.0991015, 0.0262543, -0.0372587, -0.0872061, -0.12045, -0.134921

-0.874115, -0.866936, -0.849794, -0.822359, -0.784581, -0.737265, -0.682451, -0.623498, -0.564809, -0.511283, -0.467648, -0.437847, -0.424683
-0.424683, -0.411428, -0.380739, -0.334001, -0.273491, -0.202601, -0.125777, -0.0481905, 0.0247955, 0.0882078, 0.137931, 0.170954, 0.185311
0.185311, 0.199629, 0.232264, 0.280634, 0.340999, 0.408661, 0.47845, 0.545337, 0.605026, 0.65435, 0.691362, 0.715122, 0.725244
0.725244, 0.735212, 0.757454, 0.789169, 0.826566, 0.865419, 0.901788, 0.932687, 0.956511, 0.973099, 0.983407, 0.98892, 0.990981
0.990981, 0.992831, 0.996271, 0.99934, 0.999631, 0.994985, 0.984183, 0.967412, 0.946365, 0.923946, 0.903651, 0.888834, 0.882054
0.882054, 0.875086, 0.858423, 0.831686, 0.794761, 0.748373, 0.694485, 0.636384, 0.578423, 0.525472, 0.482249, 0.452703, 0.439646
0.439646, 0.426494, 0.396028, 0.349594, 0.289413, 0.218821, 0.14222, 0.0647564, -0.00820527, -0.0716684, -0.121479, -0.154583, -0.168981
-0.168981, -0.183344, -0.216094, -0.26467, -0.325355, -0.393462, -0.463815, -0.531354, -0.591732, -0.641713, -0.679279, -0.703425, -0.713721
-0.713721, -0.723864, -0.746517, -0.77887, -0.817114, -0.856987, -0.894493, -0.926574, -0.95154, -0.969143, -0.980261, -0.986321, -0.988621
-0.988621, -0.990711, -0.994702, -0.998599, -0.999944, -0.996508, -0.986987, -0.97148, -0.951596, -0.930165, -0.910633, -0.896315, -0.88975
-0.88975, -0.882995, -0.866816, -0.840784, -0.804721, -0.759275, -0.706327, -0.649095, -0.591878, -0.539516, -0.496718, -0.467435, -0.454487
-0.454487, -0.441443, -0.411209, -0.365091, -0.305255, -0.234981, -0.158624, -0.0813046, -0.0083872, 0.0551094, 0.104993, 0.138169, 0.152605
0.152605, 0.167008, 0.199865, 0.248634, 0.309621, 0.378154, 0.449051, 0.517225, 0.578275, 0.6289, 0.667009, 0.691536, 0.702001
0.702001, 0.712317, 0.735375, 0.768357, 0.807437, 0.848318, 0.886952, 0.920206, 0.946307, 0.96492, 0.976846, 0.98345, 0.985989
0.985989, 0.988318, 0.992859, 0.997584, 0.999982, 0.997756, 0.989519, 0.975281, 0.956564, 0.936129, 0.917364, 0.903548, 0.897201
0.897201, 0.890662, 0.87497, 0.849651, 0.81446, 0.769968, 0.717975, 0.661627, 0.60517, 0.553412, 0.51105, 0.482039, 0.469204

-0.993217, -0.994808, -0.997653, -0.999829, -0.998985, -0.993039, -0.980861, -0.962733, -0.940441, -0.916963, -0.895854, -0.880504, -0.873494
-0.873494, -0.866298, -0.84912, -0.821632, -0.783789, -0.736402, -0.681517, -0.622499, -0.563755, -0.510185, -0.466518, -0.436698, -0.423526
-0.423526, -0.410264, -0.379557, -0.332797, -0.272262, -0.20135, -0.12451, -0.0469146, 0.0260724, 0.0894801, 0.139196, 0.172213, 0.186566
0.186566, 0.200881, 0.233507, 0.28186, 0.342199, 0.409827, 0.479571, 0.546407, 0.606042, 0.655315, 0.692284, 0.716014, 0.726123
0.726123, 0.736077, 0.758288, 0.789953, 0.827285, 0.866059, 0.902339, 0.933146, 0.956883, 0.973393, 0.983638, 0.989109, 0.991151
0.991151, 0.992982, 0.99638, 0.999385, 0.999595, 0.994857, 0.983956, 0.967088, 0.945952, 0.923456, 0.903104, 0.888248, 0.881451
0.881451, 0.874467, 0.857767, 0.830976, 0.793985, 0.747525, 0.693565, 0.635398, 0.577381, 0.524385, 0.48113, 0.451564, 0.438498
0.438498, 0.425339, 0.394855, 0.348397, 0.28819, 0.217575, 0.140956, 0.0634818, -0.00948254, -0.0729424, -0.122747, -0.155845, -0.17024
-0.17024, -0.184599, -0.217341, -0.265902, -0.326562, -0.394636, -0.464946, -0.532436, -0.592761, -0.642692, -0.680216, -0.704333, -0.714615
-0.714615, -0.724745, -0.747367, -0.779671, -0.81785, -0.857644, -0.895063, -0.927053, -0.951932, -0.969457, -0.980513, -0.986531, -0.988812
-0.988812, -0.990884, -0.994832, -0.998666, -0.99993, -0.9964, -0.986781, -0.971176, -0.951203, -0.929696, -0.910104, -0.895748, -0.889166
-0.889166, -0.882395, -0.866178, -0.840092, -0.803962, -0.758443, -0.705423, -0.648123, -0.590848, -0.538441, -0.495609, -0.466306, -0.453349
-0.453349, -0.440296, -0.410045, -0.363902, -0.304038, -0.233739, -0.157362, -0.0800314, -0.00710991, 0.0563847, 0.106263, 0.139434, 0.153867
0.153867, 0.168267, 0.201116, 0.249871, 0.310835, 0.379336, 0.450192, 0.518318, 0.579317, 0.629892, 0.66796, 0.692458, 0.70291
0.70291, 0.713213, 0.73624, 0.769174, 0.80819, 0.848994, 0.887541, 0.920705, 0.946719, 0.965254, 0.977119, 0.983681, 0.986201
0.986201, 0.988512, 0.993011, 0.997672, 0.999989, 0.99767, 0.989334, 0.974997, 0.956191, 0.935679, 0.916854, 0.903, 0.896636

-0.738293, -0.748055, -0.769816, -0.800783, -0.837191, -0.874854, -0.909897, -0.939421, -0.961921, -0.977332, -0.9867, -0.991581, -0.993365
-0.993365, -0.994937, -0.99774, -0.999852, -0.998927, -0.992888, -0.980611, -0.962387, -0.940006, -0.916452, -0.895286, -0.879898, -0.872872
-0.872872, -0.865659, -0.848445, -0.820903, -0.782995, -0.735537, -0.680582, -0.621499, -0.562699, -0.509086, -0.465388, -0.435548, -0.422368
-0.422368, -0.409099, -0.378375, -0.331592, -0.271033, -0.200099, -0.123243, -0.0456386, 0.0273492, 0.0907522, 0.140461, 0.173471, 0.187821
0.187821, 0.202132, 0.234748, 0.283085, 0.343399, 0.410991, 0.480692, 0.547476, 0.607058, 0.65628, 0.693205, 0.716905, 0.727
0.727, 0.736941, 0.75912, 0.790735, 0.828001, 0.866696, 0.902889, 0.933605, 0.957253, 0.973685, 0.983867, 0.989296, 0.99132
0.99132, 0.993133, 0.996488, 0.999429, 0.999558, 0.994726, 0.983728, 0.966762, 0.945537, 0.922965, 0.902554, 0.887661, 0.880847
0.880847, 0.873847, 0.85711, 0.830265, 0.793208, 0.746676, 0.692645, 0.634412, 0.576338, 0.523297, 0.48001, 0.450424, 0.43735
0.43735, 0.424182, 0.393681, 0.3472, 0.286966, 0.216328, 0.139691, 0.062207, -0.0107598, -0.0742163, -0.124014, -0.157106, -0.171499
-0.171499, -0.185854, -0.218588, -0.267133, -0.327769, -0.395809, -0.466076, -0.533517, -0.593789, -0.64367, -0.681152, -0.705239, -0.715508
-0.715508, -0.725624, -0.748215, -0.78047, -0.818584, -0.8583, -0.895632, -0.927531, -0.952322, -0.96977, -0.980763, -0.986739, -0.989002
-0.989002, -0.991055, -0.994961, -0.998731, -0.999914, -0.996291, -0.986573, -0.970871, -0.950808, -0.929224, -0.909574, -0.895179, -0.888581
-0.888581, -0.881793, -0.865539, -0.839399, -0.803202, -0.75761, -0.704517, -0.64715, -0.589817, -0.537364, -0.494499, -0.465175, -0.45221
-0.45221, -0.439149, -0.408879, -0.362711, -0.302821, -0.232497, -0.156101, -0.0787582, -0.00583262, 0.0576599, 0.107533, 0.140699, 0.155129
0.155129, 0.169526, 0.202367, 0.251107, 0.312049, 0.380518, 0.451333, 0.51941, 0.580357, 0.630884, 0.66891, 0.693379, 0.703818
0.703818, 0.714108, 0.737104, 0.769989, 0.808941, 0.849668, 0.888129, 0.921203, 0.947129, 0.965587, 0.97739, 0.98391, 0.986412

-0.205342, -0.2196, -0.252081, -0.300178, -0.360127, -0.427216, -0.496284, -0.562342, -0.62116, -0.669657, -0.705974, -0.729248, -0.739154
-0.739154, -0.748902, -0.77063, -0.801548, -0.837889, -0.875472, -0.910426, -0.939858, -0.962269, -0.977602, -0.986907, -0.991746, -0.993511
-0.993511, -0.995065, -0.997825, -0.999873, -0.998867, -0.992735, -0.98036, -0.962039, -0.939569, -0.915941, -0.894716, -0.87929, -0.872248
-0.872248, -0.865019, -0.847768, -0.820173, -0.7822, -0.734671, -0.679646, -0.620498, -0.561643, -0.507986, -0.464257, -0.434398, -0.42121
-0.42121, -0.407933, -0.377192, -0.330387, -0.269803, -0.198847, -0.121975, -0.0443626, 0.0286261, 0.0920242, 0.141725, 0.174728, 0.189076
0.189076, 0.203382, 0.23599, 0.28431, 0.344599, 0.412155, 0.481811, 0.548545, 0.608072, 0.657243, 0.694125, 0.717795, 0.727877
0.727877, 0.737804, 0.759951, 0.791517, 0.828717, 0.867333, 0.903437, 0.934062, 0.957622, 0.973975, 0.984095, 0.989482, 0.991487
0.991487, 0.993281, 0.996594, 0.999472, 0.999519, 0.994595, 0.983497, 0.966435, 0.94512, 0.922473, 0.902004, 0.887072, 0.880242
0.880242, 0.873225, 0.856451, 0.829553, 0.792429, 0.745826, 0.691723, 0.633424, 0.575293, 0.522208, 0.478889, 0.449283, 0.436201
0.436201, 0.423025, 0.392507, 0.346001, 0.285743, 0.21508, 0.138426, 0.0609321, -0.012037, -0.07549, -0.125282, -0.158368, -0.172757
-0.172757, -0.187109, -0.219834, -0.268364, -0.328976, -0.396982, -0.467206, -0.534596, -0.594816, -0.644647, -0.682086, -0.706144, -0.7164
-0.7164, -0.726503, -0.749062, -0.781268, -0.819317, -0.858955, -0.8962, -0.928008, -0.952711, -0.97008, -0.981012, -0.986946, -0.98919
-0.98919, -0.991224, -0.995088, -0.998795, -0.999896, -0.99618, -0.986364, -0.970564, -0.950411, -0.928752, -0.909043, -0.894609, -0.887994
-0.887994, -0.88119, -0.864899, -0.838704, -0.802441, -0.756776, -0.70361, -0.646175, -0.588785, -0.536286, -0.493388, -0.464044, -0.451071
-0.451071, -0.438001, -0.407713, -0.361521, -0.301603, -0.231254, -0.154839, -0.0774847, -0.00455532, 0.0589351, 0.108803, 0.141963, 0.156391
0.156391, 0.170785, 0.203618, 0.252344, 0.313262, 0.381698, 0.452472, 0.520501, 0.581397, 0.631874, 0.669859, 0.694298, 0.704725

0.404936, 0.391553, 0.360583, 0.313468, 0.252554, 0.181303, 0.10422, 0.0265041, -0.0464832, -0.109803, -0.159392, -0.192295, -0.206592
-0.206592, -0.220846, -0.253316, -0.301396, -0.361318, -0.42837, -0.497393, -0.563398, -0.622161, -0.670605, -0.706878, -0.730122, -0.740014
-0.740014, -0.749748, -0.771444, -0.802311, -0.838585, -0.876088, -0.910954, -0.940294, -0.962616, -0.97787, -0.987112, -0.991909, -0.993655
-0.993655, -0.995191, -0.997908, -0.999893, -0.998805, -0.99258, -0.980107, -0.961689, -0.939131, -0.915427, -0.894145, -0.878681, -0.871622
-0.871622, -0.864378, -0.84709, -0.819441, -0.781403, -0.733804, -0.678708, -0.619495, -0.560586, -0.506886, -0.463125, -0.433247, -0.420051
-0.420051, -0.406766, -0.376009, -0.329181, -0.268573, -0.197595, -0.120707, -0.0430865, 0.0299028, 0.093296, 0.14299, 0.175986, 0.19033
0.19033, 0.204633, 0.237231, 0.285534, 0.345798, 0.413319, 0.48293, 0.549612, 0.609086, 0.658205, 0.695044, 0.718684, 0.728752
0.728752, 0.738666, 0.76078, 0.792297, 0.829431, 0.867968, 0.903984, 0.934517, 0.957989, 0.974264, 0.984321, 0.989666, 0.991653
0.991653, 0.993428, 0.996698, 0.999512, 0.999479, 0.994461, 0.983265, 0.966106, 0.944702, 0.921979, 0.901452, 0.886481, 0.879635
0.879635, 0.872602, 0.855791, 0.828839, 0.791649, 0.744975, 0.6908, 0.632435, 0.574248, 0.521118, 0.477767, 0.448142, 0.435051
0.435051, 0.421867, 0.391332, 0.344803, 0.284518, 0.213833, 0.137161, 0.0596571, -0.0133142, -0.0767636, -0.126549, -0.159629, -0.174015
-0.174015, -0.188364, -0.22108, -0.269594, -0.330182, -0.398154, -0.468335, -0.535675, -0.595843, -0.645623, -0.68302, -0.707048, -0.71729
-0.71729, -0.72738, -0.749907, -0.782064, -0.820049, -0.859609, -0.896766, -0.928483, -0.953099, -0.97039, -0.981259, -0.98715, -0.989377
-0.989377, -0.991392, -0.995214, -0.998857, -0.999877, -0.996068, -0.986153, -0.970256, -0.950013, -0.928277, -0.90851, -0.894037, -0.887406
-0.887406, -0.880586, -0.864257, -0.838007, -0.801678, -0.75594, -0.702701, -0.6452, -0.587752, -0.535208, -0.492277, -0.462912, -0.44993
-0.44993, -0.436853, -0.406547, -0.36033, -0.300385, -0.230011, -0.153577, -0.0762112, -0.00327801, 0.0602101, 0.110073, 0.143228, 0.157652

0.862724, 0.855254, 0.837458, 0.809069, 0.770128, 0.721547, 0.665477, 0.605369, 0.545699, 0.491401, 0.447214, 0.417073, 0.403768
0.403768, 0.390377, 0.359391, 0.312255, 0.251318, 0.180047, 0.102949, 0.0252272, -0.0477591, -0.111072, -0.160652, -0.193548, -0.207842
-0.207842, -0.222091, -0.254552, -0.302614, -0.362509, -0.429524, -0.4985, -0.564453, -0.62316, -0.671552, -0.707781, -0.730994, -0.740872
-0.740872, -0.750593, -0.772256, -0.803073, -0.839281, -0.876703, -0.91148, -0.940728, -0.962961, -0.978136, -0.987316, -0.99207, -0.993798
-0.993798, -0.995315, -0.99799, -0.999911, -0.998742, -0.992424, -0.979853, -0.961339, -0.938692, -0.914912, -0.893572, -0.878071, -0.870995
-0.870995, -0.863735, -0.846411, -0.818709, -0.780606, -0.732935, -0.677769, -0.618492, -0.559527, -0.505784, -0.461993, -0.432096, -0.418892
-0.418892, -0.405599, -0.374825, -0.327974, -0.267342, -0.196343, -0.119439, -0.0418103, 0.0311796, 0.0945677, 0.144254, 0.177243, 0.191584
0.191584, 0.205883, 0.238472, 0.286758, 0.346996, 0.414482, 0.484048, 0.550679, 0.610098, 0.659166, 0.695962, 0.719571, 0.729626
0.729626, 0.739526, 0.761609, 0.793075, 0.830144, 0.868602, 0.90453, 0.934971, 0.958355, 0.974551, 0.984545, 0.989848, 0.991816
0.991816, 0.993574, 0.996801, 0.999551, 0.999437, 0.994326, 0.983032, 0.965775, 0.944283, 0.921484, 0.900898, 0.88589, 0.879027
0.879027, 0.871977, 0.85513, 0.828123, 0.790868, 0.744122, 0.689876, 0.631445, 0.573202, 0.520028, 0.476644, 0.446999, 0.4339
0.4339, 0.420709, 0.390156, 0.343603, 0.283294, 0.212585, 0.135896, 0.058382, -0.0145914, -0.0780371, -0.127816, -0.16089, -0.175273
-0.175273, -0.189618, -0.222326, -0.270824, -0.331387, -0.399325, -0.469463, -0.536754, -0.596868, -0.646598, -0.683952, -0.70795, -0.71818
-0.71818, -0.728256, -0.750752, -0.78286, -0.820779, -0.860261, -0.89733, -0.928957, -0.953485, -0.970697, -0.981504, -0.987354, -0.989562
-0.989562, -0.991559, -0.995338, -0.998917, -0.999856, -0.995954, -0.98594, -0.969946, -0.949614, -0.927802, -0.907975, -0.893464, -0.886816
-0.886816, -0.87998, -0.863613, -0.83731, -0.800914, -0.755104, -0.701792, -0.644224, -0.586719, -0.534128, -0.491165, -0.46178, -0.448789

0.995627, 0.996884, 0.998963, 0.99999, 0.997687, 0.99007, 0.976128, 0.956264, 0.932381, 0.907553, 0.885408, 0.86938, 0.862077
0.862077, 0.854592, 0.83676, 0.808317, 0.769312, 0.720662, 0.664523, 0.604352, 0.544628, 0.490289, 0.446072, 0.415912, 0.402599
0.402599, 0.389201, 0.358199, 0.311041, 0.250081, 0.17879, 0.101679, 0.0239503, -0.0490349, -0.112342, -0.161913, -0.194801, -0.209091
-0.209091, -0.223336, -0.255787, -0.303831, -0.363699, -0.430677, -0.499607, -0.565507, -0.624159, -0.672498, -0.708682, -0.731865, -0.741729
-0.741729, -0.751436, -0.773067, -0.803833, -0.839974, -0.877317, -0.912005, -0.94116, -0.963305, -0.978401, -0.987518, -0.99223, -0.99394
-0.99394, -0.995438, -0.99807, -0.999927, -0.998677, -0.992266, -0.979597, -0.960986, -0.93825, -0.914396, -0.892998, -0.877459, -0.870367
-0.870367, -0.86309, -0.84573, -0.817975, -0.779807, -0.732066, -0.67683, -0.617488, -0.558468, -0.504682, -0.46086, -0.430943, -0.417732
-0.417732, -0.404431, -0.373641, -0.326767, -0.266111, -0.19509, -0.118171, -0.0405341, 0.0324562, 0.0958392, 0.145518, 0.1785, 0.192837
0.192837, 0.207133, 0.239712, 0.287982, 0.348193, 0.415644, 0.485166, 0.551745, 0.61111, 0.660126, 0.696879, 0.720458, 0.730499
0.730499, 0.740385, 0.762436, 0.793853, 0.830856, 0.869234, 0.905074, 0.935423, 0.958719, 0.974837, 0.984768, 0.990029, 0.991979
0.991979, 0.993717, 0.996903, 0.999589, 0.999393, 0.994189, 0.982797, 0.965443, 0.943861, 0.920987, 0.900343, 0.885296, 0.878417
0.878417, 0.871351, 0.854467, 0.827407, 0.790086, 0.743268, 0.68895, 0.630454, 0.572155, 0.518936, 0.475521, 0.445856, 0.432749
0.432749, 0.41955, 0.38898, 0.342404, 0.282068, 0.211337, 0.13463, 0.0571068, -0.0158686, -0.0793105, -0.129082, -0.16215, -0.17653
-0.17653, -0.190872, -0.223571, -0.272053, -0.332592, -0.400496, -0.470591, -0.537831, -0.597892, -0.647572, -0.684883, -0.708852, -0.719068
-0.719068, -0.729131, -0.751595, -0.783654, -0.821508, -0.860911, -0.897893, -0.929429, -0.953869, -0.971004, -0.981748, -0.987555, -0.989745
-0.989745, -0.991724, -0.99546, -0.998975, -0.999833, -0.995839, -0.985726, -0.969634, -0.949212, -0.927324, -0.907439, -0.89289, -0.886225

0.753596, 0.763106, 0.784278, 0.814334, 0.849536, 0.885753, 0.919189, 0.947049, 0.967947, 0.981939, 0.990174, 0.994295, 0.995745
0.995745, 0.996984, 0.99902, 0.999983, 0.997599, 0.98989, 0.97585, 0.95589, 0.931919, 0.907016, 0.884814, 0.868748, 0.861429
0.861429, 0.853928, 0.836059, 0.807565, 0.768496, 0.719776, 0.663568, 0.603334, 0.543556, 0.489175, 0.444928, 0.41475, 0.40143
0.40143, 0.388024, 0.357006, 0.309827, 0.248844, 0.177534, 0.100408, 0.0226733, -0.0503107, -0.113611, -0.163173, -0.196054, -0.21034
-0.21034, -0.224581, -0.257022, -0.305048, -0.364889, -0.43183, -0.500713, -0.56656, -0.625156, -0.673443, -0.709583, -0.732735, -0.742586
-0.742586, -0.752278, -0.773876, -0.804592, -0.840667, -0.877929, -0.912528, -0.941591, -0.963647, -0.978664, -0.987718, -0.992388, -0.994079
-0.994079, -0.995559, -0.998149, -0.999942, -0.998611, -0.992107, -0.97934, -0.960632, -0.937808, -0.913878, -0.892423, -0.876845, -0.869737
-0.869737, -0.862444, -0.845047, -0.817239, -0.779006, -0.731195, -0.675889, -0.616483, -0.557408, -0.503579, -0.459726, -0.42979, -0.416571
-0.416571, -0.403263, -0.372456, -0.32556, -0.26488, -0.193837, -0.116902, -0.0392578, 0.0337329, 0.0971106, 0.146781, 0.179757, 0.19409
0.19409, 0.208382, 0.240952, 0.289205, 0.349391, 0.416805, 0.486282, 0.55281, 0.61212, 0.661085, 0.697794, 0.721343, 0.731371
0.731371, 0.741243, 0.763262, 0.794629, 0.831566, 0.869865, 0.905616, 0.935874, 0.959081, 0.97512, 0.98499, 0.990208, 0.992139
0.992139, 0.99386, 0.997002, 0.999625, 0.999348, 0.994051, 0.98256, 0.965109, 0.943439, 0.920489, 0.899786, 0.884702, 0.877806
0.877806, 0.870724, 0.853803, 0.826689, 0.789302, 0.742413, 0.688024, 0.629462, 0.571107, 0.517844, 0.474397, 0.444713, 0.431597
0.431597, 0.41839, 0.387803, 0.341203, 0.280843, 0.210088, 0.133364, 0.0558315, -0.0171458, -0.0805837, -0.130349, -0.16341, -0.177787
-0.177787, -0.192126, -0.224815, -0.273282, -0.333796, -0.401666, -0.471717, -0.538907, -0.598916, -0.648545, -0.685814, -0.709752, -0.719955
-0.719955, -0.730004, -0.752437, -0.784447, -0.822236, -0.86156, -0.898455, -0.929899, -0.954252, -0.971308, -0.98199, -0.987756, -0.989927

0.227776, 0.241958, 0.274249, 0.322016, 0.381467, 0.447878, 0.516101, 0.581194, 0.639003, 0.686545, 0.722061, 0.744778, 0.754435
0.754435, 0.763931, 0.78507, 0.815075, 0.85021, 0.886345, 0.919691, 0.947458, 0.968267, 0.982179, 0.990352, 0.99443, 0.995862
0.995862, 0.997082, 0.999076, 0.999975, 0.99751, 0.989708, 0.97557, 0.955514, 0.931455, 0.906478, 0.884218, 0.868114, 0.86078
0.86078, 0.853262, 0.835358, 0.806811, 0.767678, 0.718889, 0.662611, 0.602315, 0.542484, 0.48806, 0.443784, 0.413587, 0.40026
0.40026, 0.386847, 0.355813, 0.308612, 0.247607, 0.176276, 0.099137, 0.0213963, -0.0515863, -0.11488, -0.164433, -0.197306, -0.211588
-0.211588, -0.225826, -0.258256, -0.306264, -0.366078, -0.432981, -0.501819, -0.567612, -0.626153, -0.674387, -0.710482, -0.733603, -0.74344
-0.74344, -0.753119, -0.774685, -0.80535, -0.841358, -0.87854, -0.91305, -0.942021, -0.963987, -0.978926, -0.987917, -0.992544, -0.994217
-0.994217, -0.995678, -0.998226, -0.999955, -0.998543, -0.991946, -0.979081, -0.960276, -0.937364, -0.913359, -0.891846, -0.876231, -0.869106
-0.869106, -0.861797, -0.844364, -0.816502, -0.778205, -0.730323, -0.674947, -0.615477, -0.556347, -0.502475, -0.458591, -0.428637, -0.415409
-0.415409, -0.402093, -0.37127, -0.324352, -0.263648, -0.192584, -0.115633, -0.0379814, 0.0350094, 0.0983818, 0.148045, 0.181013, 0.195343
0.195343, 0.209631, 0.242191, 0.290427, 0.350587, 0.417966, 0.487398, 0.553874, 0.61313, 0.662043, 0.698709, 0.722227, 0.732241
0.732241, 0.7421, 0.764086, 0.795404, 0.832274, 0.870494, 0.906157, 0.936323, 0.959442, 0.975403, 0.985209, 0.990386, 0.992298
0.992298, 0.994, 0.9971, 0.999659, 0.999301, 0.993911, 0.982322, 0.964774, 0.943014, 0.919989, 0.899228, 0.884105, 0.877193
0.877193, 0.870095, 0.853137, 0.825969, 0.788517, 0.741557, 0.687097, 0.628469, 0.570058, 0.516751, 0.473272, 0.443568, 0.430445
0.430445, 0.41723, 0.386625, 0.340002, 0.279617, 0.208839, 0.132098, 0.0545561, -0.0184229, -0.0818568, -0.131615, -0.16467, -0.179044
-0.179044, -0.193379, -0.22606, -0.274511, -0.335, -0.402835, -0.472843, -0.539983, -0.599938, -0.649517, -0.686743, -0.710652, -0.720841

-0.38382, -0.370307, -0.339056, -0.291566, -0.230255, -0.158659, -0.0813402, -0.00352794, 0.0694233, 0.132612, 0.182033, 0.214792, 0.229019
0.229019, 0.243197, 0.275477, 0.323226, 0.382648, 0.44902, 0.517195, 0.582233, 0.639985, 0.687473, 0.722944, 0.74563, 0.755273
0.755273, 0.764755, 0.78586, 0.815814, 0.850881, 0.886936, 0.920192, 0.947866, 0.968586, 0.982419, 0.990528, 0.994564, 0.995977
0.995977, 0.997179, 0.99913, 0.999965, 0.997419, 0.989524, 0.975288, 0.955137, 0.930989, 0.905938, 0.88362, 0.86748, 0.860129
0.860129, 0.852595, 0.834655, 0.806055, 0.766859, 0.718, 0.661654, 0.601295, 0.54141, 0.486945, 0.442639, 0.412424, 0.399089
0.399089, 0.385668, 0.354619, 0.307397, 0.246369, 0.175019, 0.0978659, 0.0201192, -0.0528619, -0.116148, -0.165693, -0.198558, -0.212837
-0.212837, -0.22707, -0.25949, -0.30748, -0.367266, -0.434132, -0.502923, -0.568663, -0.627148, -0.675329, -0.711381, -0.734471, -0.744294
-0.744294, -0.753959, -0.775492, -0.806107, -0.842048, -0.87915, -0.91357, -0.942448, -0.964326, -0.979186, -0.988114, -0.992699, -0.994353
-0.994353, -0.995796, -0.998301, -0.999966, -0.998473, -0.991784, -0.97882, -0.959919, -0.936918, -0.912838, -0.891267, -0.875614, -0.868474
-0.868474, -0.861149, -0.843679, -0.815764, -0.777402, -0.72945, -0.674004, -0.614469, -0.555285, -0.50137, -0.457456, -0.427482, -0.414247
-0.414247, -0.400924, -0.370084, -0.323143, -0.262416, -0.191331, -0.114365, -0.036705, 0.0362859, 0.0996528, 0.149308, 0.182269, 0.196596
0.196596, 0.21088, 0.24343, 0.291649, 0.351783, 0.419126, 0.488513, 0.554937, 0.614139, 0.663, 0.699622, 0.72311, 0.733111
0.733111, 0.742956, 0.76491, 0.796177, 0.832982, 0.871122, 0.906696, 0.936771, 0.959801, 0.975684, 0.985427, 0.990561, 0.992456
0.992456, 0.994139, 0.997197, 0.999691, 0.999252, 0.99377, 0.982082, 0.964437, 0.942589, 0.919487, 0.898669, 0.883508, 0.876579
0.876579, 0.869465, 0.85247, 0.825248, 0.787731, 0.740699, 0.686168, 0.627475, 0.569008, 0.515657, 0.472147, 0.442423, 0.429291
0.429291, 0.416068, 0.385447, 0.338801, 0.27839, 0.20759, 0.130832, 0.0532807, -0.0197, -0.0831298, -0.132881, -0.16593, -0.1803

-0.850877, -0.843122, -0.82468, -0.795351, -0.755267, -0.705448, -0.64815, -0.586921, -0.5263, -0.47126, -0.426545, -0.39608, -0.382641
-0.382641, -0.36912, -0.337854, -0.290344, -0.229012, -0.157398, -0.080067, -0.00225062, 0.0706975, 0.133878, 0.183289, 0.21604, 0.230262
0.230262, 0.244436, 0.276705, 0.324434, 0.383828, 0.45016, 0.518287, 0.583271, 0.640966, 0.6884, 0.723826, 0.74648, 0.756109
0.756109, 0.765577, 0.78665, 0.816552, 0.851552, 0.887525, 0.920691, 0.948273, 0.968903, 0.982656, 0.990703, 0.994696, 0.996091
0.996091, 0.997274, 0.999183, 0.999954, 0.997326, 0.989339, 0.975005, 0.954758, 0.930522, 0.905396, 0.883022, 0.866844, 0.859477
0.859477, 0.851927, 0.833951, 0.805299, 0.766038, 0.717111, 0.660696, 0.600274, 0.540336, 0.485829, 0.441493, 0.41126, 0.397917
0.397917, 0.38449, 0.353424, 0.306182, 0.245131, 0.173761, 0.0965946, 0.0188422, -0.0541374, -0.117417, -0.166953, -0.19981, -0.214085
-0.214085, -0.228314, -0.260723, -0.308695, -0.368454, -0.435283, -0.504027, -0.569713, -0.628143, -0.676271, -0.712278, -0.735337, -0.745147
-0.745147, -0.754797, -0.776298, -0.806862, -0.842736, -0.879758, -0.914089, -0.942875, -0.964664, -0.979444, -0.988309, -0.992853, -0.994488
-0.994488, -0.995912, -0.998374, -0.999976, -0.998402, -0.991619, -0.978558, -0.95956, -0.936471, -0.912316, -0.890687, -0.874997, -0.86784
-0.86784, -0.860499, -0.842992, -0.815025, -0.776598, -0.728576, -0.67306, -0.613461, -0.554223, -0.500264, -0.456319, -0.426327, -0.413084
-0.413084, -0.399753, -0.368897, -0.321934, -0.261183, -0.190077, -0.113096, -0.0354285, 0.0375624, 0.100924, 0.150571, 0.183525, 0.197848
0.197848, 0.212129, 0.244669, 0.292871, 0.352978, 0.420285, 0.489627, 0.555999, 0.615146, 0.663955, 0.700534, 0.723991, 0.733979
0.733979, 0.74381, 0.765732, 0.796949, 0.833688, 0.871748, 0.907234, 0.937217, 0.960159, 0.975963, 0.985644, 0.990736, 0.992612
0.992612, 0.994276, 0.997291, 0.999722, 0.999202, 0.993626, 0.98184, 0.964099, 0.942161, 0.918984, 0.898108, 0.882909, 0.875964
0.875964, 0.868833, 0.851801, 0.824526, 0.786944, 0.73984, 0.685238, 0.62648, 0.567957, 0.514562, 0.47102, 0.441277, 0.428137

-0.99751, -0.998433, -0.999745, -0.999622, -0.995861, -0.986579, -0.97088, -0.949291, -0.923829, -0.897665, -0.874494, -0.857796, -0.850205
-0.850205, -0.842434, -0.823957, -0.794576, -0.75443, -0.704542, -0.647177, -0.585886, -0.525214, -0.470133, -0.425389, -0.394907, -0.38146
-0.38146, -0.367933, -0.336652, -0.289122, -0.227768, -0.156136, -0.0787937, -0.000973306, 0.0719716, 0.135144, 0.184544, 0.217287, 0.231505
0.231505, 0.245674, 0.277932, 0.325642, 0.385007, 0.451301, 0.519379, 0.584308, 0.641946, 0.689326, 0.724706, 0.74733, 0.756944
0.756944, 0.766398, 0.787438, 0.817289, 0.852221, 0.888113, 0.921189, 0.948677, 0.969218, 0.982892, 0.990876, 0.994827, 0.996203
0.996203, 0.997367, 0.999234, 0.999941, 0.997232, 0.989152, 0.974721, 0.954377, 0.930054, 0.904853, 0.882421, 0.866206, 0.858823
0.858823, 0.851258, 0.833245, 0.804541, 0.765216, 0.71622, 0.659737, 0.599252, 0.539261, 0.484712, 0.440346, 0.410096, 0.396745
0.396745, 0.38331, 0.352229, 0.304965, 0.243892, 0.172503, 0.0953232, 0.0175651, -0.0554128, -0.118685, -0.168212, -0.201061, -0.215332
-0.215332, -0.229557, -0.261956, -0.30991, -0.369641, -0.436432, -0.505129, -0.570762, -0.629136, -0.677211, -0.713174, -0.736202, -0.745998
-0.745998, -0.755635, -0.777102, -0.807616, -0.843423, -0.880364, -0.914606, -0.9433, -0.964999, -0.979701, -0.988503, -0.993004, -0.994621
-0.994621, -0.996027, -0.998446, -0.999984, -0.998329, -0.991454, -0.978294, -0.9592, -0.936022, -0.911792, -0.890106, -0.874377, -0.867205
-0.867205, -0.859847, -0.842304, -0.814284, -0.775793, -0.7277, -0.672114, -0.612452, -0.553159, -0.499158, -0.455182, -0.425172, -0.411921
-0.411921, -0.398582, -0.367709, -0.320725, -0.25995, -0.188823, -0.111826, -0.034152, 0.0388388, 0.102194, 0.151833, 0.184781, 0.1991
0.1991, 0.213377, 0.245907, 0.294092, 0.354173, 0.421444, 0.49074, 0.55706, 0.616153, 0.66491, 0.701445, 0.724872, 0.734846
0.734846, 0.744663, 0.766553, 0.79772, 0.834393, 0.872374, 0.907771, 0.937662, 0.960515, 0.97624, 0.985859, 0.990908, 0.992766
0.992766, 0.994412, 0.997385, 0.999752, 0.99915, 0.993482, 0.981597, 0.963759, 0.941732, 0.91848, 0.897545, 0.882308, 0.875347

-0.768501, -0.777754, -0.798326, -0.827455, -0.861433, -0.896184, -0.927995, -0.954177, -0.973463, -0.986027, -0.993126, -0.996483, -0.9976
-0.9976, -0.998504, -0.999773, -0.999586, -0.995744, -0.98637, -0.970573, -0.948889, -0.92334, -0.897101, -0.873874, -0.857139, -0.849532
-0.849532, -0.841745, -0.823233, -0.7938, -0.753591, -0.703635, -0.646203, -0.584851, -0.524126, -0.469005, -0.424233, -0.393733, -0.380279
-0.380279, -0.366745, -0.335449, -0.287899, -0.226524, -0.154874, -0.0775203, 0.000304014, 0.0732455, 0.136409, 0.185799, 0.218533, 0.232748
0.232748, 0.246912, 0.279159, 0.326849, 0.386185, 0.45244, 0.52047, 0.585344, 0.642925, 0.690251, 0.725586, 0.748178, 0.757779
0.757779, 0.767218, 0.788224, 0.818024, 0.852888, 0.888699, 0.921685, 0.94908, 0.969532, 0.983127, 0.991047, 0.994956, 0.996313
0.996313, 0.997459, 0.999283, 0.999926, 0.997136, 0.988964, 0.974435, 0.953995, 0.929584, 0.904308, 0.88182, 0.865567, 0.858168
0.858168, 0.850587, 0.832538, 0.803782, 0.764393, 0.715328, 0.658776, 0.598229, 0.538184, 0.483595, 0.439199, 0.40893, 0.395572
0.395572, 0.38213, 0.351033, 0.303749, 0.242653, 0.171245, 0.0940516, 0.0162879, -0.0566881, -0.119954, -0.169471, -0.202312, -0.216579
-0.216579, -0.2308, -0.263188, -0.311124, -0.370827, -0.437581, -0.506231, -0.571811, -0.630128, -0.67815, -0.714069, -0.737066, -0.746848
-0.746848, -0.756471, -0.777905, -0.808368, -0.844108, -0.880969, -0.915122, -0.943723, -0.965334, -0.979957, -0.988696, -0.993154, -0.994753
-0.994753, -0.99614, -0.998517, -0.99999, -0.998254, -0.991286, -0.978028, -0.958838, -0.935572, -0.911267, -0.889523, -0.873757, -0.866568
-0.866568, -0.859194, -0.841615, -0.813542, -0.774986, -0.726823, -0.671168, -0.611442, -0.552094, -0.498051, -0.454045, -0.424015, -0.410756
-0.410756, -0.39741, -0.366521, -0.319515, -0.258716, -0.187568, -0.110557, -0.0328754, 0.0401151, 0.103465, 0.153096, 0.186036, 0.200351
0.200351, 0.214624, 0.247145, 0.295313, 0.355368, 0.422602, 0.491853, 0.55812, 0.617158, 0.665863, 0.702355, 0.725751, 0.735711
0.735711, 0.745515, 0.767372, 0.79849, 0.835096, 0.872997, 0.908306, 0.938105, 0.96087, 0.976516, 0.986072, 0.991079, 0.992918

-0.250089, -0.264189, -0.296273, -0.343685, -0.402606, -0.468303, -0.535645, -0.599738, -0.656509, -0.70307, -0.737766, -0.759914, -0.769317
-0.769317, -0.778557, -0.799095, -0.828172, -0.862081, -0.89675, -0.92847, -0.954558, -0.973754, -0.986239, -0.993275, -0.996589, -0.997687
-0.997687, -0.998573, -0.9998, -0.999549, -0.995626, -0.986159, -0.970264, -0.948485, -0.922848, -0.896536, -0.873252, -0.85648, -0.848858
-0.848858, -0.841055, -0.822507, -0.793023, -0.75275, -0.702727, -0.645227, -0.583814, -0.523038, -0.467877, -0.423076, -0.392558, -0.379098
-0.379098, -0.365556, -0.334245, -0.286675, -0.22528, -0.153612, -0.0762468, 0.00158133, 0.0745193, 0.137674, 0.187054, 0.21978, 0.23399
0.23399, 0.24815, 0.280385, 0.328056, 0.387363, 0.453579, 0.521561, 0.586379, 0.643903, 0.691175, 0.726464, 0.749025, 0.758611
0.758611, 0.768037, 0.78901, 0.818758, 0.853554, 0.889284, 0.92218, 0.949482, 0.969844, 0.98336, 0.991217, 0.995083, 0.996422
0.996422, 0.997549, 0.99933, 0.99991, 0.997039, 0.988774, 0.974147, 0.953611, 0.929112, 0.903762, 0.881217, 0.864927, 0.857512
0.857512, 0.849914, 0.83183, 0.803021, 0.763569, 0.714435, 0.657815, 0.597205, 0.537107, 0.482476, 0.438051, 0.407764, 0.394399
0.394399, 0.380949, 0.349837, 0.302531, 0.241414, 0.169986, 0.0927799, 0.0150108, -0.0579633, -0.121222, -0.17073, -0.203563, -0.217826
-0.217826, -0.232043, -0.26442, -0.312337, -0.372013, -0.43873, -0.507332, -0.572858, -0.63112, -0.679089, -0.714962, -0.737929, -0.747697
-0.747697, -0.757305, -0.778707, -0.80912, -0.844792, -0.881573, -0.915636, -0.944144, -0.965666, -0.98021, -0.988886, -0.993303, -0.994883
-0.994883, -0.996251, -0.998586, -0.999995, -0.998178, -0.991117, -0.977761, -0.958475, -0.93512, -0.91074, -0.888939, -0.873135, -0.86593
-0.86593, -0.85854, -0.840925, -0.812798, -0.774178, -0.725946, -0.670221, -0.61043, -0.551029, -0.496943, -0.452906, -0.422858, -0.409591
-0.409591, -0.396238, -0.365332, -0.318304, -0.257482, -0.186313, -0.109287, -0.0315987, 0.0413914, 0.104735, 0.154358, 0.187291, 0.201603
0.201603, 0.215872, 0.248383, 0.296533, 0.356561, 0.423759, 0.492965, 0.55918, 0.618163, 0.666816, 0.703263, 0.726629, 0.736576

0.362502, 0.348865, 0.317351, 0.269511, 0.207834, 0.135931, 0.0584176, -0.0194501, -0.0923268, -0.155351, -0.204578, -0.237177, -0.251325
-0.251325, -0.26542, -0.297493, -0.344884, -0.403775, -0.469432, -0.536724, -0.60076, -0.657472, -0.703978, -0.738628, -0.760744, -0.770133
-0.770133, -0.779358, -0.799862, -0.828887, -0.862728, -0.897314, -0.928944, -0.954938, -0.974044, -0.986449, -0.993422, -0.996694, -0.997773
-0.997773, -0.99864, -0.999825, -0.99951, -0.995506, -0.985946, -0.969954, -0.948079, -0.922356, -0.89597, -0.872629, -0.85582, -0.848182
-0.848182, -0.840363, -0.82178, -0.792244, -0.751909, -0.701817, -0.644251, -0.582777, -0.521949, -0.466748, -0.421918, -0.391383, -0.377915
-0.377915, -0.364367, -0.333041, -0.285451, -0.224035, -0.15235, -0.0749731, 0.00285865, 0.0757931, 0.138939, 0.188309, 0.221025, 0.235231
0.235231, 0.249387, 0.281611, 0.329263, 0.388541, 0.454717, 0.52265, 0.587413, 0.64488, 0.692097, 0.727341, 0.74987, 0.759443
0.759443, 0.768854, 0.789794, 0.819491, 0.854219, 0.889867, 0.922673, 0.949882, 0.970154, 0.983591, 0.991385, 0.995209, 0.996529
0.996529, 0.997638, 0.999376, 0.999892, 0.99694, 0.988582, 0.973858, 0.953226, 0.928639, 0.903215, 0.880612, 0.864285, 0.856854
0.856854, 0.849241, 0.831121, 0.802259, 0.762744, 0.71354, 0.656852, 0.59618, 0.53603, 0.481357, 0.436903, 0.406598, 0.393225
0.393225, 0.379768, 0.34864, 0.301314, 0.240174, 0.168727, 0.091508, 0.0137336, -0.0592385, -0.122489, -0.171988, -0.204813, -0.219073
-0.219073, -0.233285, -0.265652, -0.313551, -0.373199, -0.439877, -0.508433, -0.573905, -0.63211, -0.680026, -0.715855, -0.73879, -0.748544
-0.748544, -0.758139, -0.779508, -0.80987, -0.845475, -0.882175, -0.916148, -0.944565, -0.965997, -0.980462, -0.989076, -0.993449, -0.995011
-0.995011, -0.996361, -0.998653, -0.999998, -0.9981, -0.990946, -0.977492, -0.958109, -0.934666, -0.910212, -0.888353, -0.872512, -0.86529
-0.86529, -0.857884, -0.840233, -0.812054, -0.773369, -0.725067, -0.669272, -0.609418, -0.549963, -0.495834, -0.451767, -0.4217, -0.408426
-0.408426, -0.395065, -0.364143, -0.317093, -0.256248, -0.185058, -0.108018, -0.030322, 0.0426675, 0.106006, 0.15562, 0.188545, 0.202854

0.838581, 0.830544, 0.811466, 0.781214, 0.740008, 0.688976, 0.630482, 0.568163, 0.506624, 0.45087, 0.40565, 0.374877, 0.361311
0.361311, 0.347668, 0.316139, 0.26828, 0.206584, 0.134665, 0.0571424, -0.0207271, -0.0935986, -0.156613, -0.205828, -0.238417, -0.252561
-0.252561, -0.266652, -0.298712, -0.346083, -0.404944, -0.470559, -0.537801, -0.601781, -0.658434, -0.704885, -0.739488, -0.761572, -0.770947
-0.770947, -0.780157, -0.800628, -0.829601, -0.863373, -0.897877, -0.929416, -0.955316, -0.974332, -0.986658, -0.993567, -0.996797, -0.997858
-0.997858, -0.998706, -0.999848, -0.999469, -0.995384, -0.985732, -0.969643, -0.947672, -0.921861, -0.895402, -0.872005, -0.855159, -0.847505
-0.847505, -0.83967, -0.821051, -0.791464, -0.751066, -0.700907, -0.643274, -0.581738, -0.520859, -0.465618, -0.42076, -0.390207, -0.376732
-0.376732, -0.363177, -0.331837, -0.284227, -0.22279, -0.151088, -0.0736993, 0.00413596, 0.0770666, 0.140204, 0.189563, 0.222271, 0.236473
0.236473, 0.250624, 0.282837, 0.330468, 0.389717, 0.455854, 0.523739, 0.588446, 0.645855, 0.693019, 0.728217, 0.750715, 0.760273
0.760273, 0.76967, 0.790577, 0.820223, 0.854883, 0.890449, 0.923165, 0.950281, 0.970463, 0.983821, 0.991552, 0.995333, 0.996635
0.996635, 0.997725, 0.99942, 0.999872, 0.996839, 0.988389, 0.973567, 0.952839, 0.928164, 0.902666, 0.880006, 0.863642, 0.856195
0.856195, 0.848566, 0.83041, 0.801496, 0.761917, 0.712645, 0.655888, 0.595154, 0.534951, 0.480237, 0.435753, 0.40543, 0.39205
0.39205, 0.378586, 0.347443, 0.300095, 0.238934, 0.167468, 0.0902359, 0.0124564, -0.0605135, -0.123757, -0.173246, -0.206064, -0.220319
-0.220319, -0.234527, -0.266883, -0.314763, -0.374384, -0.441024, -0.509532, -0.57495, -0.633099, -0.680962, -0.716746, -0.73965, -0.749391
-0.749391, -0.758971, -0.780308, -0.810618, -0.846157, -0.882776, -0.91666, -0.944983, -0.966327, -0.980713, -0.989263, -0.993595, -0.995138
-0.995138, -0.996469, -0.998718, -1, -0.99802, -0.990774, -0.977222, -0.957743, -0.934211, -0.909682, -0.887766, -0.871887, -0.864649
-0.864649, -0.857227, -0.83954, -0.811308, -0.772558, -0.724186, -0.668323, -0.608405, -0.548895, -0.494724, -0.450627, -0.420542, -0.40726

0.998867, 0.999455, 1, 0.998727, 0.99351, 0.982567, 0.965119, 0.941816, 0.91479, 0.887302, 0.863118, 0.845759, 0.837885
0.837885, 0.829831, 0.810719, 0.780416, 0.739149, 0.68805, 0.62949, 0.567111, 0.505522, 0.449729, 0.404482, 0.373693, 0.36012
0.36012, 0.34647, 0.314927, 0.26705, 0.205335, 0.1334, 0.0558671, -0.0220042, -0.0948702, -0.157874, -0.207078, -0.239658, -0.253797
-0.253797, -0.267882, -0.299931, -0.347281, -0.406111, -0.471686, -0.538877, -0.6028, -0.659395, -0.70579, -0.740348, -0.7624, -0.77176
-0.77176, -0.780956, -0.801393, -0.830313, -0.864017, -0.898439, -0.929886, -0.955693, -0.974619, -0.986865, -0.993711, -0.996898, -0.99794
-0.99794, -0.99877, -0.999869, -0.999426, -0.995261, -0.985516, -0.96933, -0.947264, -0.921366, -0.894832, -0.871379, -0.854496, -0.846826
-0.846826, -0.838976, -0.820321, -0.790682, -0.750222, -0.699995, -0.642295, -0.580699, -0.519768, -0.464487, -0.419601, -0.389031, -0.375549
-0.375549, -0.361987, -0.330631, -0.283002, -0.221545, -0.149825, -0.0724254, 0.00541327, 0.0783401, 0.141469, 0.190817, 0.223516, 0.237713
0.237713, 0.25186, 0.284062, 0.331674, 0.390893, 0.456991, 0.524826, 0.589479, 0.64683, 0.693939, 0.729092, 0.751558, 0.761102
0.761102, 0.770485, 0.791358, 0.820953, 0.855545, 0.89103, 0.923655, 0.950678, 0.97077, 0.984049, 0.991717, 0.995455, 0.996739
0.996739, 0.99781, 0.999463, 0.999851, 0.996737, 0.988194, 0.973274, 0.95245, 0.927688, 0.902116, 0.879399, 0.862997, 0.855534
0.855534, 0.847889, 0.829697, 0.800732, 0.761089, 0.711748, 0.654924, 0.594127, 0.533871, 0.479116, 0.434603, 0.404262, 0.390875
0.390875, 0.377404, 0.346245, 0.298877, 0.237694, 0.166209, 0.0889638, 0.0111791, -0.0617884, -0.125024, -0.174504, -0.207313, -0.221564
-0.221564, -0.235768, -0.268114, -0.315975, -0.375568, -0.44217, -0.510631, -0.575995, -0.634087, -0.681897, -0.717636, -0.740509, -0.750236
-0.750236, -0.759802, -0.781106, -0.811366, -0.846837, -0.883375, -0.91717, -0.9454, -0.966655, -0.980962, -0.989449, -0.993738, -0.995263
-0.995263, -0.996575, -0.998782, -1, -0.997939, -0.9906, -0.97695, -0.957375, -0.933755, -0.909151, -0.887177, -0.871261, -0.864007

0.783, 0.791992, 0.811953, 0.840139, 0.872875, 0.906142, 0.936311, 0.960801, 0.978464, 0.989594, 0.995553, 0.998145, 0.998927
0.998927, 0.999497, 0.999999, 0.998662, 0.993364, 0.982329, 0.964783, 0.941386, 0.914273, 0.886712, 0.862473, 0.845077, 0.837187
0.837187, 0.829118, 0.809971, 0.779616, 0.738288, 0.687123, 0.628497, 0.566059, 0.50442, 0.448588, 0.403314, 0.372508, 0.358928
0.358928, 0.345272, 0.313715, 0.265818, 0.204084, 0.132134, 0.0545917, -0.0232812, -0.0961417, -0.159136, -0.208328, -0.240897, -0.255032
-0.255032, -0.269113, -0.301149, -0.348478, -0.407278, -0.472812, -0.539953, -0.603819, -0.660354, -0.706694, -0.741206, -0.763225, -0.772571
-0.772571, -0.781753, -0.802156, -0.831025, -0.864659, -0.898999, -0.930355, -0.956068, -0.974904, -0.98707, -0.993853, -0.996998, -0.998021
-0.998021, -0.998833, -0.999889, -0.999382, -0.995136, -0.985299, -0.969015, -0.946854, -0.920868, -0.894261, -0.870751, -0.853832, -0.846146
-0.846146, -0.83828, -0.81959, -0.7899, -0.749377, -0.699083, -0.641316, -0.579658, -0.518677, -0.463355, -0.418441, -0.387854, -0.374365
-0.374365, -0.360796, -0.329426, -0.281777, -0.220299, -0.148562, -0.0711514, 0.00669057, 0.0796134, 0.142733, 0.192071, 0.224761, 0.238954
0.238954, 0.253096, 0.285286, 0.332879, 0.392069, 0.458126, 0.525913, 0.59051, 0.647804, 0.694858, 0.729966, 0.7524, 0.76193
0.76193, 0.771299, 0.792138, 0.821681, 0.856205, 0.891609, 0.924144, 0.951073, 0.971076, 0.984275, 0.99188, 0.995576, 0.996841
0.996841, 0.997894, 0.999504, 0.999828, 0.996633, 0.987998, 0.97298, 0.95206, 0.92721, 0.901564, 0.87879, 0.862351, 0.854872
0.854872, 0.847211, 0.828984, 0.799966, 0.76026, 0.71085, 0.653958, 0.593099, 0.532791, 0.477995, 0.433453, 0.403094, 0.389699
0.389699, 0.37622, 0.345046, 0.297658, 0.236453, 0.164949, 0.0876914, 0.00990187, -0.0630632, -0.126292, -0.175762, -0.208563, -0.22281
-0.22281, -0.237009, -0.269344, -0.317187, -0.376751, -0.443315, -0.511729, -0.577039, -0.635075, -0.68283, -0.718525, -0.741367, -0.75108
-0.75108, -0.760632, -0.781903, -0.812112, -0.847515, -0.883973, -0.917678, -0.945816, -0.966981, -0.981209, -0.989633, -0.99388, -0.995386

0.27227, 0.28628, 0.318141, 0.365172, 0.423533, 0.488482, 0.554907, 0.617966, 0.673668, 0.719224, 0.753082, 0.774649, 0.783794
0.783794, 0.792771, 0.812698, 0.840831, 0.873498, 0.906681, 0.936759, 0.961154, 0.978727, 0.989777, 0.995673, 0.998222, 0.998986
0.998986, 0.999536, 0.999996, 0.998595, 0.993216, 0.982089, 0.964447, 0.940955, 0.913755, 0.886121, 0.861826, 0.844394, 0.836487
0.836487, 0.828403, 0.809221, 0.778816, 0.737426, 0.686194, 0.627503, 0.565005, 0.503316, 0.447446, 0.402145, 0.371322, 0.357735
0.357735, 0.344073, 0.312501, 0.264587, 0.202834, 0.130867, 0.0533163, -0.0245581, -0.097413, -0.160396, -0.209577, -0.242137, -0.256267
-0.256267, -0.270343, -0.302367, -0.349675, -0.408444, -0.473937, -0.541028, -0.604837, -0.661313, -0.707597, -0.742063, -0.76405, -0.773382
-0.773382, -0.782549, -0.802918, -0.831734, -0.8653, -0.899558, -0.930823, -0.956442, -0.975188, -0.987274, -0.993994, -0.997096, -0.998101
-0.998101, -0.998893, -0.999907, -0.999337, -0.995009, -0.98508, -0.968699, -0.946442, -0.92037, -0.893689, -0.870122, -0.853166, -0.845464
-0.845464, -0.837583, -0.818858, -0.789116, -0.748531, -0.698169, -0.640335, -0.578617, -0.517584, -0.462223, -0.41728, -0.386676, -0.37318
-0.37318, -0.359604, -0.328219, -0.280551, -0.219053, -0.147298, -0.0698772, 0.00796785, 0.0808866, 0.143997, 0.193324, 0.226005, 0.240194
0.240194, 0.254332, 0.28651, 0.334083, 0.393243, 0.459261, 0.526999, 0.59154, 0.648776, 0.695776, 0.730838, 0.753241, 0.762757
0.762757, 0.772111, 0.792917, 0.822409, 0.856864, 0.892187, 0.924631, 0.951467, 0.97138, 0.9845, 0.992041, 0.995695, 0.996942
0.996942, 0.997976, 0.999544, 0.999803, 0.996528, 0.9878, 0.972684, 0.951669, 0.926731, 0.90101, 0.87818, 0.861704, 0.854209
0.854209, 0.846532, 0.828269, 0.799199, 0.75943, 0.709951, 0.652991, 0.59207, 0.531709, 0.476872, 0.432301, 0.401924, 0.388522
0.388522, 0.375037, 0.343847, 0.296438, 0.235212, 0.163689, 0.086419, 0.00862461, -0.064338, -0.127559, -0.177019, -0.209812, -0.224055
-0.224055, -0.23825, -0.270574, -0.318398, -0.377934, -0.44446, -0.512826, -0.578081, -0.636061, -0.683763, -0.719413, -0.742224, -0.751922

-0.340992, -0.32724, -0.295477, -0.247312, -0.185304, -0.113131, -0.0354642, 0.0424178, 0.115182, 0.178009, 0.227015, 0.259436, 0.273499
0.273499, 0.287503, 0.319351, 0.36636, 0.42469, 0.489596, 0.555969, 0.61897, 0.674611, 0.720111, 0.753922, 0.775456, 0.784586
0.784586, 0.793549, 0.813442, 0.841522, 0.874119, 0.907219, 0.937205, 0.961506, 0.978988, 0.989958, 0.995791, 0.998298, 0.999042
0.999042, 0.999574, 0.999991, 0.998526, 0.993067, 0.981847, 0.964108, 0.940522, 0.913235, 0.885529, 0.861177, 0.843709, 0.835787
0.835787, 0.827687, 0.80847, 0.778014, 0.736562, 0.685264, 0.626508, 0.563951, 0.502212, 0.446304, 0.400975, 0.370136, 0.356542
0.356542, 0.342873, 0.311288, 0.263355, 0.201583, 0.129601, 0.0520407, -0.025835, -0.0986842, -0.161657, -0.210825, -0.243376, -0.257502
-0.257502, -0.271572, -0.303584, -0.350872, -0.40961, -0.475061, -0.542101, -0.605853, -0.662271, -0.708499, -0.742918, -0.764874, -0.774191
-0.774191, -0.783343, -0.803679, -0.832443, -0.86594, -0.900115, -0.931289, -0.956814, -0.97547, -0.987477, -0.994133, -0.997192, -0.998179
-0.998179, -0.998953, -0.999924, -0.999289, -0.994881, -0.984859, -0.968381, -0.946029, -0.919869, -0.893115, -0.869492, -0.852499, -0.844782
-0.844782, -0.836884, -0.818124, -0.788331, -0.747683, -0.697254, -0.639353, -0.577575, -0.516491, -0.46109, -0.416119, -0.385498, -0.371995
-0.371995, -0.358412, -0.327012, -0.279325, -0.217806, -0.146035, -0.068603, 0.00924513, 0.0821597, 0.145261, 0.194578, 0.22725, 0.241434
0.241434, 0.255567, 0.287734, 0.335286, 0.394417, 0.460396, 0.528084, 0.59257, 0.649748, 0.696693, 0.73171, 0.75408, 0.763582
0.763582, 0.772922, 0.793695, 0.823135, 0.857522, 0.892763, 0.925117, 0.951859, 0.971683, 0.984723, 0.992201, 0.995813, 0.997041
0.997041, 0.998056, 0.999581, 0.999777, 0.99642, 0.9876, 0.972387, 0.951276, 0.926251, 0.900456, 0.877568, 0.861055, 0.853544
0.853544, 0.845851, 0.827552, 0.79843, 0.758598, 0.709051, 0.652023, 0.59104, 0.530627, 0.475749, 0.431149, 0.400755, 0.387345
0.387345, 0.373852, 0.342647, 0.295218, 0.23397, 0.162429, 0.0851463, 0.00734733, -0.0656126, -0.128825, -0.178276, -0.21106, -0.2253

-0.825842, -0.817527, -0.797824, -0.766663, -0.724359, -0.672141, -0.61248, -0.549104, -0.48668, -0.430242, -0.384541, -0.353477, -0.339791
-0.339791, -0.326032, -0.294257, -0.246075, -0.184048, -0.111862, -0.0341876, 0.043694, 0.11645, 0.179265, 0.228259, 0.260669, 0.274727
0.274727, 0.288726, 0.320561, 0.367549, 0.425846, 0.490709, 0.55703, 0.619973, 0.675553, 0.720997, 0.754761, 0.776262, 0.785377
0.785377, 0.794325, 0.814184, 0.842211, 0.874739, 0.907756, 0.93765, 0.961856, 0.979248, 0.990138, 0.995907, 0.998371, 0.999097
0.999097, 0.999611, 0.999985, 0.998456, 0.992916, 0.981604, 0.963768, 0.940087, 0.912714, 0.884934, 0.860527, 0.843022, 0.835085
0.835085, 0.82697, 0.807718, 0.777211, 0.735698, 0.684333, 0.625511, 0.562895, 0.501107, 0.44516, 0.399804, 0.368949, 0.355349
0.355349, 0.341673, 0.310074, 0.262122, 0.200331, 0.128334, 0.0507651, -0.0271119, -0.0999552, -0.162918, -0.212074, -0.244615, -0.258736
-0.258736, -0.272801, -0.304801, -0.352068, -0.410775, -0.476185, -0.543174, -0.606869, -0.663227, -0.7094, -0.743773, -0.765696, -0.774999
-0.774999, -0.784137, -0.804438, -0.83315, -0.866578, -0.900671, -0.931754, -0.957185, -0.97575, -0.987677, -0.99427, -0.997287, -0.998255
-0.998255, -0.99901, -0.999939, -0.99924, -0.994751, -0.984637, -0.968061, -0.945614, -0.919368, -0.89254, -0.868861, -0.851831, -0.844097
-0.844097, -0.836184, -0.817389, -0.787544, -0.746834, -0.696337, -0.638371, -0.576532, -0.515396, -0.459956, -0.414957, -0.384319, -0.370809
-0.370809, -0.357219, -0.325805, -0.278098, -0.216559, -0.144771, -0.0673286, 0.0105224, 0.0834326, 0.146525, 0.19583, 0.228493, 0.242673
0.242673, 0.256801, 0.288957, 0.336489, 0.395591, 0.461529, 0.529169, 0.593598, 0.650718, 0.697609, 0.73258, 0.754918, 0.764407
0.764407, 0.773732, 0.794471, 0.823859, 0.858179, 0.893338, 0.925601, 0.95225, 0.971984, 0.984945, 0.99236, 0.995929, 0.997138
0.997138, 0.998135, 0.999617, 0.999749, 0.996312, 0.987398, 0.972088, 0.950881, 0.925768, 0.899899, 0.876955, 0.860405, 0.852878
0.852878, 0.845169, 0.826834, 0.797661, 0.757765, 0.70815, 0.651054, 0.590009, 0.529544, 0.474625, 0.429996, 0.399584, 0.386167

-0.999697, -0.99995, -0.999726, -0.997304, -0.990634, -0.978036, -0.958848, -0.933845, -0.905267, -0.876471, -0.851287, -0.833276, -0.825121
-0.825121, -0.816791, -0.797054, -0.765843, -0.723477, -0.671195, -0.61147, -0.548036, -0.485563, -0.429088, -0.383362, -0.352281, -0.338589
-0.338589, -0.324825, -0.293036, -0.244836, -0.182793, -0.110592, -0.032911, 0.04497, 0.117719, 0.180522, 0.229503, 0.261902, 0.275955
0.275955, 0.289949, 0.321771, 0.368736, 0.427001, 0.491822, 0.558091, 0.620974, 0.676495, 0.721881, 0.755598, 0.777067, 0.786168
0.786168, 0.795101, 0.814925, 0.842899, 0.875357, 0.908291, 0.938093, 0.962205, 0.979506, 0.990316, 0.996022, 0.998443, 0.999151
0.999151, 0.999646, 0.999977, 0.998384, 0.992763, 0.981359, 0.963427, 0.939651, 0.912191, 0.884339, 0.859876, 0.842335, 0.834381
0.834381, 0.826251, 0.806964, 0.776406, 0.734832, 0.683401, 0.624514, 0.561839, 0.500001, 0.444016, 0.398633, 0.367761, 0.354154
0.354154, 0.340472, 0.308859, 0.26089, 0.19908, 0.127067, 0.0494894, -0.0283887, -0.101226, -0.164178, -0.213322, -0.245853, -0.259969
-0.259969, -0.27403, -0.306017, -0.353263, -0.411939, -0.477308, -0.544246, -0.607884, -0.664182, -0.7103, -0.744626, -0.766517, -0.775805
-0.775805, -0.784929, -0.805197, -0.833856, -0.867215, -0.901225, -0.932217, -0.957554, -0.976029, -0.987877, -0.994406, -0.997381, -0.99833
-0.99833, -0.999066, -0.999952, -0.99919, -0.994619, -0.984413, -0.96774, -0.945198, -0.918864, -0.891963, -0.868227, -0.851161, -0.843412
-0.843412, -0.835483, -0.816652, -0.786756, -0.745984, -0.69542, -0.637387, -0.575487, -0.514301, -0.458821, -0.413795, -0.38314, -0.369622
-0.369622, -0.356026, -0.324597, -0.276871, -0.215312, -0.143507, -0.0660541, 0.0117996, 0.0847054, 0.147788, 0.197083, 0.229737, 0.243912
0.243912, 0.258036, 0.290179, 0.337692, 0.396764, 0.462662, 0.530252, 0.594626, 0.651687, 0.698523, 0.733448, 0.755756, 0.765229
0.765229, 0.774541, 0.795247, 0.824583, 0.858834, 0.893911, 0.926084, 0.952639, 0.972284, 0.985165, 0.992517, 0.996043, 0.997234
0.997234, 0.998212, 0.999652, 0.99972, 0.996201, 0.987196, 0.971788, 0.950485, 0.925285, 0.899341, 0.87634, 0.859753, 0.85221

-0.797085, -0.805811, -0.825151, -0.85238, -0.883856, -0.915621, -0.944133, -0.966917, -0.982948, -0.992639, -0.997455, -0.999281, -0.999728
-0.999728, -0.999962, -0.999696, -0.99721, -0.990459, -0.977769, -0.958485, -0.933387, -0.904724, -0.875855, -0.850616, -0.832569, -0.824399
-0.824399, -0.816053, -0.796282, -0.765021, -0.722595, -0.670247, -0.610459, -0.546967, -0.484446, -0.427934, -0.382182, -0.351086, -0.337387
-0.337387, -0.323616, -0.291814, -0.243598, -0.181537, -0.109323, -0.0316344, 0.046246, 0.118987, 0.181778, 0.230746, 0.263134, 0.277182
0.277182, 0.291171, 0.32298, 0.369923, 0.428156, 0.492934, 0.55915, 0.621975, 0.677435, 0.722765, 0.756434, 0.77787, 0.786956
0.786956, 0.795875, 0.815664, 0.843586, 0.875974, 0.908825, 0.938535, 0.962552, 0.979762, 0.990493, 0.996135, 0.998514, 0.999203
0.999203, 0.999679, 0.999967, 0.998311, 0.992609, 0.981113, 0.963084, 0.939213, 0.911667, 0.883742, 0.859223, 0.841645, 0.833677
0.833677, 0.825531, 0.806209, 0.775601, 0.733965, 0.682468, 0.623516, 0.560782, 0.498895, 0.442871, 0.397461, 0.366573, 0.352959
0.352959, 0.339271, 0.307644, 0.259656, 0.197828, 0.1258, 0.0482136, -0.0296655, -0.102497, -0.165437, -0.21457, -0.247091, -0.261202
-0.261202, -0.275258, -0.307233, -0.354457, -0.413103, -0.47843, -0.545317, -0.608897, -0.665137, -0.711199, -0.745478, -0.767336, -0.776611
-0.776611, -0.785719, -0.805953, -0.83456, -0.86785, -0.901778, -0.932678, -0.957921, -0.976306, -0.988074, -0.99454, -0.997472, -0.998403
-0.998403, -0.999121, -0.999964, -0.999137, -0.994486, -0.984188, -0.967418, -0.94478, -0.91836, -0.891385, -0.867593, -0.85049, -0.842725
-0.842725, -0.834781, -0.815914, -0.785967, -0.745133, -0.694502, -0.636402, -0.574442, -0.513206, -0.457686, -0.412632, -0.381959, -0.368435
-0.368435, -0.354832, -0.323389, -0.275643, -0.214065, -0.142243, -0.0647796, 0.0130768, 0.0859781, 0.149051, 0.198335, 0.23098, 0.245151
0.245151, 0.259269, 0.291401, 0.338894, 0.397936, 0.463794, 0.531335, 0.595652, 0.652656, 0.699437, 0.734316, 0.756591, 0.766051
0.766051, 0.775348, 0.79602, 0.825304, 0.859487, 0.894483, 0.926565, 0.953027, 0.972581, 0.985383, 0.992672, 0.996156, 0.997328

-0.294307, -0.30822, -0.33984, -0.386466, -0.444236, -0.508402, -0.573875, -0.635868, -0.690471, -0.734998, -0.768001, -0.788975, -0.797856
-0.797856, -0.806567, -0.825872, -0.853047, -0.884453, -0.916134, -0.944553, -0.967242, -0.983182, -0.992793, -0.997545, -0.999328, -0.999757
-0.999757, -0.999972, -0.999663, -0.997113, -0.990282, -0.9775, -0.95812, -0.932928, -0.904179, -0.875238, -0.849944, -0.831861, -0.823675
-0.823675, -0.815314, -0.795508, -0.764198, -0.721711, -0.669299, -0.609447, -0.545898, -0.483329, -0.426779, -0.381001, -0.349889, -0.336184
-0.336184, -0.322407, -0.290592, -0.242359, -0.180281, -0.108053, -0.0303577, 0.0475219, 0.120255, 0.183034, 0.231988, 0.264367, 0.278409
0.278409, 0.292393, 0.324189, 0.37111, 0.42931, 0.494045, 0.560209, 0.622975, 0.678374, 0.723647, 0.757269, 0.778672, 0.787744
0.787744, 0.796648, 0.816403, 0.844271, 0.876589, 0.909357, 0.938975, 0.962897, 0.980017, 0.990668, 0.996246, 0.998583, 0.999253
0.999253, 0.99971, 0.999956, 0.998236, 0.992453, 0.980865, 0.962739, 0.938773, 0.911142, 0.883143, 0.858569, 0.840955, 0.832971
0.832971, 0.824809, 0.805453, 0.774794, 0.733097, 0.681534, 0.622517, 0.559724, 0.497787, 0.441725, 0.396289, 0.365384, 0.351764
0.351764, 0.338069, 0.306428, 0.258422, 0.196576, 0.124533, 0.0469377, -0.0309423, -0.103767, -0.166697, -0.215817, -0.248329, -0.262435
-0.262435, -0.276486, -0.308448, -0.355652, -0.414266, -0.479551, -0.546388, -0.60991, -0.66609, -0.712096, -0.746329, -0.768155, -0.777415
-0.777415, -0.786509, -0.806709, -0.835263, -0.868484, -0.902329, -0.933138, -0.958287, -0.976582, -0.98827, -0.994673, -0.997562, -0.998474
-0.998474, -0.999173, -0.999974, -0.999084, -0.994351, -0.98396, -0.967094, -0.944361, -0.917853, -0.890805, -0.866957, -0.849817, -0.842037
-0.842037, -0.834077, -0.815175, -0.785177, -0.744281, -0.693582, -0.635416, -0.573396, -0.512109, -0.45655, -0.411468, -0.380779, -0.367247
-0.367247, -0.353637, -0.32218, -0.274415, -0.212817, -0.140979, -0.0635049, 0.014354, 0.0872506, 0.150314, 0.199587, 0.232222, 0.246389
0.246389, 0.260503, 0.292623, 0.340096, 0.399107, 0.464925, 0.532416, 0.596678, 0.653623, 0.700349, 0.735183, 0.757426, 0.766872

0.319302, 0.305441, 0.273448, 0.224984, 0.162675, 0.0902715, 0.012492, -0.0653632, -0.137975, -0.200572, -0.249333, -0.281558, -0.295528
-0.295528, -0.309435, -0.341041, -0.387643, -0.44538, -0.509502, -0.574921, -0.636853, -0.691394, -0.735864, -0.768818, -0.78976, -0.798625
-0.798625, -0.807321, -0.826591, -0.853713, -0.885049, -0.916645, -0.944972, -0.967566, -0.983415, -0.992945, -0.997634, -0.999374, -0.999784
-0.999784, -0.999981, -0.999629, -0.997016, -0.990104, -0.97723, -0.957753, -0.932467, -0.903632, -0.87462, -0.84927, -0.831152, -0.82295
-0.82295, -0.814574, -0.794734, -0.763373, -0.720827, -0.668349, -0.608433, -0.544827, -0.48221, -0.425624, -0.37982, -0.348692, -0.334981
-0.334981, -0.321198, -0.28937, -0.241119, -0.179024, -0.106783, -0.0290809, 0.0487978, 0.121523, 0.184289, 0.233231, 0.265598, 0.279636
0.279636, 0.293614, 0.325397, 0.372296, 0.430463, 0.495155, 0.561266, 0.623973, 0.679312, 0.724528, 0.758103, 0.779473, 0.78853
0.78853, 0.797419, 0.81714, 0.844955, 0.877203, 0.909888, 0.939413, 0.963241, 0.98027, 0.990841, 0.996356, 0.99865, 0.999301
0.999301, 0.99974, 0.999943, 0.998159, 0.992296, 0.980616, 0.962393, 0.938333, 0.910614, 0.882543, 0.857913, 0.840263, 0.832263
0.832263, 0.824086, 0.804695, 0.773986, 0.732228, 0.680599, 0.621517, 0.558665, 0.496679, 0.440579, 0.395116, 0.364195, 0.350568
0.350568, 0.336867, 0.305212, 0.257188, 0.195323, 0.123266, 0.0456618, -0.0322189, -0.105038, -0.167956, -0.217064, -0.249566, -0.263668
-0.263668, -0.277713, -0.309663, -0.356845, -0.415428, -0.480671, -0.547457, -0.610922, -0.667042, -0.712992, -0.747178, -0.768972, -0.778217
-0.778217, -0.787297, -0.807463, -0.835965, -0.869116, -0.902879, -0.933597, -0.958651, -0.976856, -0.988464, -0.994803, -0.99765, -0.998544
-0.998544, -0.999225, -0.999982, -0.999028, -0.994215, -0.983732, -0.966768, -0.94394, -0.917346, -0.890224, -0.86632, -0.849143, -0.841347
-0.841347, -0.833371, -0.814434, -0.784385, -0.743427, -0.692661, -0.63443, -0.572349, -0.511011, -0.455413, -0.410303, -0.379597, -0.366059
-0.366059, -0.352442, -0.32097, -0.273187, -0.211569, -0.139714, -0.0622301, 0.0156312, 0.088523, 0.151577, 0.200838, 0.233464, 0.247627

0.812667, 0.804079, 0.783761, 0.751709, 0.708326, 0.654951, 0.594155, 0.529756, 0.466479, 0.409386, 0.363229, 0.331889, 0.318091
0.318091, 0.304225, 0.272219, 0.223739, 0.161415, 0.0889993, 0.0112148, -0.0666377, -0.13924, -0.201823, -0.25057, -0.282783, -0.296748
-0.296748, -0.310649, -0.342241, -0.388821, -0.446523, -0.5106, -0.575966, -0.637837, -0.692316, -0.736728, -0.769635, -0.790542, -0.799393
-0.799393, -0.808074, -0.82731, -0.854377, -0.885642, -0.917155, -0.945389, -0.967888, -0.983646, -0.993096, -0.997721, -0.999419, -0.99981
-0.99981, -0.999988, -0.999594, -0.996916, -0.989924, -0.976958, -0.957385, -0.932005, -0.903084, -0.874, -0.848595, -0.830441, -0.822224
-0.822224, -0.813832, -0.793958, -0.762547, -0.719941, -0.667398, -0.607419, -0.543755, -0.481091, -0.424468, -0.378638, -0.347495, -0.333777
-0.333777, -0.319988, -0.288147, -0.239879, -0.177767, -0.105513, -0.0278041, 0.0500735, 0.122791, 0.185545, 0.234473, 0.266829, 0.280862
0.280862, 0.294835, 0.326604, 0.373481, 0.431616, 0.496264, 0.562323, 0.624971, 0.680249, 0.725407, 0.758935, 0.780273, 0.789315
0.789315, 0.798189, 0.817875, 0.845638, 0.877816, 0.910417, 0.93985, 0.963583, 0.980522, 0.991013, 0.996464, 0.998715, 0.999348
0.999348, 0.999769, 0.999929, 0.998081, 0.992137, 0.980365, 0.962045, 0.93789, 0.910086, 0.881942, 0.857256, 0.83957, 0.831554
0.831554, 0.823362, 0.803936, 0.773176, 0.731357, 0.679663, 0.620516, 0.557605, 0.49557, 0.439432, 0.393942, 0.363005, 0.349372
0.349372, 0.335664, 0.303996, 0.255954, 0.19407, 0.121998, 0.0443857, -0.0334956, -0.106308, -0.169215, -0.218311, -0.250802, -0.264899
-0.264899, -0.27894, -0.310877, -0.358038, -0.416589, -0.481791, -0.548525, -0.611933, -0.667993, -0.713887, -0.748026, -0.769788, -0.779019
-0.779019, -0.788084, -0.808216, -0.836665, -0.869747, -0.903427, -0.934054, -0.959014, -0.977128, -0.988657, -0.994933, -0.997737, -0.998612
-0.998612, -0.999274, -0.999989, -0.998971, -0.994077, -0.983502, -0.966441, -0.943517, -0.916837, -0.889641, -0.865681, -0.848468, -0.840656
-0.840656, -0.832665, -0.813693, -0.783592, -0.742572, -0.69174, -0.633442, -0.571302, -0.509913, -0.454276, -0.409138, -0.378415, -0.36487

0.999999, 0.999916, 0.998925, 0.995355, 0.987235, 0.972988, 0.952071, 0.925379, 0.895266, 0.865177, 0.839006, 0.820353, 0.811922
0.811922, 0.803319, 0.782967, 0.750866, 0.707424, 0.653985, 0.593127, 0.528672, 0.465349, 0.40822, 0.362039, 0.330684, 0.31688
0.31688, 0.303008, 0.27099, 0.222494, 0.160154, 0.087727, 0.00993754, -0.0679122, -0.140505, -0.203074, -0.251806, -0.284008, -0.297967
-0.297967, -0.311863, -0.343441, -0.389997, -0.447666, -0.511698, -0.577009, -0.638821, -0.693238, -0.737591, -0.770449, -0.791324, -0.80016
-0.80016, -0.808826, -0.828026, -0.85504, -0.886235, -0.917664, -0.945804, -0.968208, -0.983875, -0.993245, -0.997806, -0.999461, -0.999834
-0.999834, -0.999993, -0.999557, -0.996815, -0.989742, -0.976685, -0.957015, -0.931541, -0.902535, -0.873378, -0.847919, -0.829728, -0.821496
-0.821496, -0.813089, -0.79318, -0.76172, -0.719054, -0.666447, -0.606404, -0.542683, -0.47997, -0.423311, -0.377455, -0.346297, -0.332573
-0.332573, -0.318778, -0.286924, -0.238639, -0.17651, -0.104243, -0.0265272, 0.0513492, 0.124059, 0.1868, 0.235714, 0.26806, 0.282088
0.282088, 0.296055, 0.327811, 0.374665, 0.432767, 0.497373, 0.563379, 0.625968, 0.681184, 0.726286, 0.759766, 0.781071, 0.790098
0.790098, 0.798958, 0.81861, 0.846319, 0.878427, 0.910944, 0.940286, 0.963924, 0.980772, 0.991183, 0.99657, 0.998779, 0.999394
0.999394, 0.999795, 0.999913, 0.998001, 0.991976, 0.980112, 0.961696, 0.937446, 0.909556, 0.881339, 0.856598, 0.838875, 0.830844
0.830844, 0.822636, 0.803176, 0.772365, 0.730485, 0.678725, 0.619514, 0.556545, 0.49446, 0.438284, 0.392768, 0.361815, 0.348174
0.348174, 0.33446, 0.302778, 0.254719, 0.192817, 0.12073, 0.0431096, -0.0347721, -0.107578, -0.170474, -0.219557, -0.252039, -0.266131
-0.266131, -0.280167, -0.312091, -0.35923, -0.41775, -0.48291, -0.549593, -0.612942, -0.668943, -0.714781, -0.748873, -0.770603, -0.779819
-0.779819, -0.78887, -0.808967, -0.837364, -0.870377, -0.903974, -0.934509, -0.959375, -0.977399, -0.988848, -0.99506, -0.997822, -0.998678
-0.998678, -0.999322, -0.999994, -0.998912, -0.993937, -0.98327, -0.966112, -0.943093, -0.916326, -0.889057, -0.865041, -0.847791, -0.839963

0.81075, 0.819205, 0.837913, 0.86417, 0.894371, 0.924617, 0.951456, 0.972523, 0.986914, 0.99516, 0.99883, 0.999888, 1
1, 0.999899, 0.998865, 0.995231, 0.987031, 0.972692, 0.95168, 0.924895, 0.894696, 0.864536, 0.83831, 0.819622, 0.811176
0.811176, 0.802557, 0.782172, 0.750021, 0.706521, 0.653018, 0.592098, 0.527588, 0.464218, 0.407054, 0.360848, 0.329478, 0.315668
0.315668, 0.30179, 0.26976, 0.221248, 0.158893, 0.0864545, 0.00866027, -0.0691865, -0.14177, -0.204324, -0.253042, -0.285232, -0.299186
-0.299186, -0.313076, -0.344641, -0.391173, -0.448807, -0.512795, -0.578052, -0.639803, -0.694158, -0.738453, -0.771263, -0.792104, -0.800926
-0.800926, -0.809576, -0.828742, -0.855702, -0.886826, -0.91817, -0.946218, -0.968527, -0.984103, -0.993392, -0.99789, -0.999502, -0.999856
-0.999856, -0.999997, -0.999518, -0.996712, -0.989559, -0.97641, -0.956644, -0.931076, -0.901984, -0.872756, -0.847241, -0.829015, -0.820767
-0.820767, -0.812345, -0.792402, -0.760892, -0.718165, -0.665494, -0.605388, -0.54161, -0.478849, -0.422153, -0.376272, -0.345098, -0.331368
-0.331368, -0.317567, -0.2857, -0.237399, -0.175253, -0.102972, -0.0252504, 0.0526248, 0.125326, 0.188054, 0.236955, 0.269291, 0.283313
0.283313, 0.297275, 0.329018, 0.375849, 0.433919, 0.49848, 0.564434, 0.626963, 0.682119, 0.727164, 0.760596, 0.781868, 0.790881
0.790881, 0.799725, 0.819343, 0.846998, 0.879037, 0.911471, 0.94072, 0.964263, 0.981021, 0.991351, 0.996675, 0.998841, 0.999437
0.999437, 0.99982, 0.999895, 0.99792, 0.991814, 0.979858, 0.961345, 0.937001, 0.909024, 0.880735, 0.855938, 0.838179, 0.830133
0.830133, 0.821909, 0.802414, 0.771554, 0.729612, 0.677786, 0.61851, 0.555483, 0.49335, 0.437136, 0.391593, 0.360624, 0.346977
0.346977, 0.333256, 0.301561, 0.253483, 0.191564, 0.119462, 0.0418335, -0.0360487, -0.108848, -0.171733, -0.220803, -0.253275, -0.267362
-0.267362, -0.281393, -0.313304, -0.360422, -0.41891, -0.484028, -0.55066, -0.613951, -0.669892, -0.715674, -0.749719, -0.771416, -0.780618
-0.780618, -0.789654, -0.809718, -0.838062, -0.871005, -0.90452, -0.934963, -0.959735, -0.977668, -0.989037, -0.995186, -0.997906, -0.998743

0.316189, 0.329997, 0.36136, 0.407556, 0.464704, 0.528054, 0.592541, 0.653434, 0.706909, 0.750384, 0.782514, 0.802885, 0.811497
0.811497, 0.819937, 0.83861, 0.864812, 0.894942, 0.925103, 0.951848, 0.97282, 0.987119, 0.995284, 0.998891, 0.999906, 1
1, 0.99988, 0.998803, 0.995106, 0.986825, 0.972395, 0.951287, 0.924408, 0.894125, 0.863893, 0.837613, 0.81889, 0.810428
0.810428, 0.801795, 0.781375, 0.749176, 0.705616, 0.65205, 0.591069, 0.526502, 0.463086, 0.405887, 0.359656, 0.328272, 0.314456
0.314456, 0.300572, 0.26853, 0.220002, 0.157632, 0.0851819, 0.00738299, -0.0704607, -0.143034, -0.205575, -0.254277, -0.286456, -0.300405
-0.300405, -0.314289, -0.345839, -0.392348, -0.449948, -0.513891, -0.579094, -0.640784, -0.695076, -0.739314, -0.772076, -0.792883, -0.80169
-0.80169, -0.810326, -0.829456, -0.856362, -0.887415, -0.918676, -0.946631, -0.968844, -0.984329, -0.993538, -0.997972, -0.999542, -0.999877
-0.999877, -0.999999, -0.999477, -0.996608, -0.989374, -0.976133, -0.956271, -0.930609, -0.901432, -0.872131, -0.846562, -0.8283, -0.820037
-0.820037, -0.8116, -0.791622, -0.760063, -0.717276, -0.66454, -0.604371, -0.540536, -0.477728, -0.420995, -0.375088, -0.343899, -0.330162
-0.330162, -0.316355, -0.284476, -0.236158, -0.173995, -0.101702, -0.0239734, 0.0539003, 0.126593, 0.189309, 0.238196, 0.27052, 0.284538
0.284538, 0.298495, 0.330224, 0.377033, 0.435069, 0.499587, 0.565488, 0.627958, 0.683052, 0.72804, 0.761425, 0.782664, 0.791662
0.791662, 0.800492, 0.820074, 0.847677, 0.879645, 0.911995, 0.941153, 0.964601, 0.981267, 0.991518, 0.996779, 0.998902, 0.999479
0.999479, 0.999844, 0.999876, 0.997836, 0.99165, 0.979602, 0.960992, 0.936554, 0.908491, 0.880129, 0.855277, 0.837482, 0.82942
0.82942, 0.821181, 0.801651, 0.77074, 0.728738, 0.676847, 0.617506, 0.55442, 0.492238, 0.435987, 0.390417, 0.359432, 0.345779
0.345779, 0.332052, 0.300343, 0.252248, 0.19031, 0.118194, 0.0405572, -0.0373251, -0.110117, -0.172991, -0.222049, -0.25451, -0.268593
-0.268593, -0.282618, -0.314517, -0.361613, -0.42007, -0.485145, -0.551725, -0.614959, -0.67084, -0.716565, -0.750564, -0.772228, -0.781416

-0.297443, -0.283481, -0.251274, -0.202536, -0.139961, -0.0673642, 0.0104867, 0.088274, 0.160696, 0.223029, 0.271519, 0.303531, 0.3174
0.3174, 0.331202, 0.362551, 0.408722, 0.465835, 0.529138, 0.593569, 0.6544, 0.707812, 0.751228, 0.783309, 0.803646, 0.812243
0.812243, 0.820667, 0.839305, 0.865453, 0.895511, 0.925588, 0.952239, 0.973115, 0.987323, 0.995407, 0.99895, 0.999923, 0.999998
0.999998, 0.999859, 0.99874, 0.994979, 0.986618, 0.972096, 0.950892, 0.92392, 0.893552, 0.863249, 0.836915, 0.818156, 0.809679
0.809679, 0.801031, 0.780578, 0.748329, 0.704711, 0.651081, 0.590038, 0.525416, 0.461953, 0.404719, 0.358464, 0.327065, 0.313243
0.313243, 0.299354, 0.267299, 0.218756, 0.156371, 0.0839091, 0.0061057, -0.0717348, -0.144298, -0.206824, -0.255513, -0.28768, -0.301623
-0.301623, -0.315501, -0.347038, -0.393523, -0.451089, -0.514987, -0.580135, -0.641764, -0.695994, -0.740173, -0.772887, -0.793661, -0.802453
-0.802453, -0.811073, -0.830169, -0.857021, -0.888003, -0.91918, -0.947042, -0.969159, -0.984553, -0.993682, -0.998053, -0.99958, -0.999896
-0.999896, -1, -0.999435, -0.996502, -0.989187, -0.975855, -0.955897, -0.930141, -0.900878, -0.871506, -0.845881, -0.827584, -0.819305
-0.819305, -0.810853, -0.790841, -0.759232, -0.716385, -0.663585, -0.603353, -0.53946, -0.476605, -0.419836, -0.373904, -0.3427, -0.328957
-0.328957, -0.315143, -0.283251, -0.234916, -0.172737, -0.100431, -0.0226964, 0.0551757, 0.12786, 0.190563, 0.239436, 0.27175, 0.285762
0.285762, 0.299713, 0.331429, 0.378215, 0.436219, 0.500693, 0.566541, 0.628951, 0.683985, 0.728915, 0.762252, 0.783458, 0.792442
0.792442, 0.801256, 0.820804, 0.848354, 0.880252, 0.912518, 0.941583, 0.964937, 0.981513, 0.991683, 0.99688, 0.998961, 0.99952
0.99952, 0.999865, 0.999855, 0.997752, 0.991484, 0.979344, 0.960638, 0.936105, 0.907957, 0.879522, 0.854614, 0.836783, 0.828706
0.828706, 0.820452, 0.800887, 0.769926, 0.727863, 0.675906, 0.616501, 0.553357, 0.491126, 0.434837, 0.389241, 0.35824, 0.34458
0.34458, 0.330846, 0.299124, 0.251011, 0.189056, 0.116925, 0.0392809, -0.0386015, -0.111387, -0.174249, -0.223294, -0.255745, -0.269823

-0.799063, -0.790206, -0.769284, -0.736357, -0.69192, -0.637414, -0.575517, -0.510128, -0.446032, -0.388315, -0.341725, -0.310127, -0.296223
-0.296223, -0.282256, -0.250038, -0.201285, -0.138697, -0.0660897, 0.011764, 0.0895463, 0.161957, 0.224274, 0.272748, 0.304748, 0.318611
0.318611, 0.332407, 0.363741, 0.409887, 0.466965, 0.530222, 0.594597, 0.655365, 0.708714, 0.752071, 0.784102, 0.804405, 0.812987
0.812987, 0.821396, 0.839999, 0.866092, 0.896079, 0.92607, 0.952628, 0.973408, 0.987525, 0.995529, 0.999008, 0.999938, 0.999994
0.999994, 0.999837, 0.998675, 0.99485, 0.986409, 0.971796, 0.950496, 0.923431, 0.892978, 0.862604, 0.836215, 0.817421, 0.808929
0.808929, 0.800265, 0.779779, 0.747481, 0.703804, 0.650111, 0.589006, 0.524328, 0.46082, 0.403551, 0.357271, 0.325858, 0.312029
0.312029, 0.298135, 0.266068, 0.21751, 0.155109, 0.0826362, 0.0048284, -0.0730087, -0.145562, -0.208074, -0.256747, -0.288903, -0.30284
-0.30284, -0.316713, -0.348235, -0.394697, -0.452228, -0.516081, -0.581175, -0.642743, -0.696911, -0.741032, -0.773697, -0.794438, -0.803214
-0.803214, -0.81182, -0.83088, -0.857679, -0.88859, -0.919682, -0.947451, -0.969473, -0.984776, -0.993825, -0.998131, -0.999616, -0.999914
-0.999914, -0.999999, -0.999391, -0.996395, -0.988999, -0.975575, -0.955521, -0.929671, -0.900323, -0.870879, -0.845199, -0.826866, -0.818572
-0.818572, -0.810105, -0.790059, -0.7584, -0.715494, -0.662629, -0.602333, -0.538385, -0.475482, -0.418676, -0.372719, -0.341499, -0.32775
-0.32775, -0.313931, -0.282026, -0.233674, -0.171479, -0.09916, -0.0214194, 0.0564511, 0.129127, 0.191817, 0.240676, 0.272979, 0.286986
0.286986, 0.300932, 0.332634, 0.379398, 0.437368, 0.501799, 0.567593, 0.629944, 0.684916, 0.729789, 0.763078, 0.784251, 0.79322
0.79322, 0.80202, 0.821533, 0.849029, 0.880857, 0.91304, 0.942013, 0.965272, 0.981756, 0.991847, 0.99698, 0.999019, 0.999558
0.999558, 0.999886, 0.999833, 0.997665, 0.991317, 0.979085, 0.960283, 0.935655, 0.907421, 0.878914, 0.85395, 0.836083, 0.82799
0.82799, 0.819721, 0.800121, 0.76911, 0.726987, 0.674964, 0.615495, 0.552292, 0.490013, 0.433686, 0.388064, 0.357047, 0.34338

-0.999772, -0.999355, -0.997596, -0.99288, -0.983315, -0.967427, -0.944792, -0.916426, -0.884793, -0.853427, -0.826282, -0.806997, -0.798295
-0.798295, -0.789423, -0.768467, -0.735492, -0.690997, -0.63643, -0.574472, -0.509029, -0.444888, -0.387137, -0.340525, -0.308912, -0.295003
-0.295003, -0.281031, -0.248801, -0.200034, -0.137431, -0.0648151, 0.0130412, 0.0908184, 0.163217, 0.225519, 0.273976, 0.305964, 0.319822
0.319822, 0.333612, 0.36493, 0.411052, 0.468094, 0.531304, 0.595623, 0.65633, 0.709614, 0.752912, 0.784894, 0.805163, 0.81373
0.81373, 0.822124, 0.840691, 0.86673, 0.896645, 0.926552, 0.953016, 0.9737, 0.987725, 0.995649, 0.999064, 0.999952, 0.999989
0.999989, 0.999813, 0.998608, 0.99472, 0.986198, 0.971494, 0.950098, 0.92294, 0.892403, 0.861957, 0.835514, 0.816684, 0.808178
0.808178, 0.799499, 0.778978, 0.746632, 0.702896, 0.64914, 0.587973, 0.52324, 0.459686, 0.402382, 0.356078, 0.32465, 0.310816
0.310816, 0.296915, 0.264837, 0.216263, 0.153847, 0.0813632, 0.00355109, -0.0742826, -0.146825, -0.209323, -0.257982, -0.290126, -0.304057
-0.304057, -0.317924, -0.349432, -0.39587, -0.453367, -0.517175, -0.582214, -0.643721, -0.697826, -0.741889, -0.774505, -0.795213, -0.803974
-0.803974, -0.812565, -0.83159, -0.858335, -0.889175, -0.920183, -0.947859, -0.969786, -0.984997, -0.993966, -0.998209, -0.999651, -0.99993
-0.99993, -0.999996, -0.999346, -0.996285, -0.988809, -0.975294, -0.955143, -0.9292, -0.899767, -0.87025, -0.844516, -0.826147, -0.817838
-0.817838, -0.809355, -0.789275, -0.757567, -0.714601, -0.661672, -0.601313, -0.537308, -0.474358, -0.417516, -0.371533, -0.340299, -0.326543
-0.326543, -0.312718, -0.2808, -0.232432, -0.17022, -0.0978889, -0.0201424, 0.0577263, 0.130393, 0.19307, 0.241916, 0.274208, 0.288209
0.288209, 0.30215, 0.333838, 0.380579, 0.438516, 0.502903, 0.568644, 0.630935, 0.685846, 0.730661, 0.763903, 0.785043, 0.793997
0.793997, 0.802782, 0.822261, 0.849703, 0.881461, 0.91356, 0.942441, 0.965605, 0.981998, 0.992009, 0.997079, 0.999074, 0.999596
0.999596, 0.999904, 0.999808, 0.997577, 0.991149, 0.978825, 0.959926, 0.935204, 0.906883, 0.878304, 0.853285, 0.835382, 0.827273

-0.823987, -0.832166, -0.850233, -0.875504, -0.904413, -0.933125, -0.958277, -0.977616, -0.990358, -0.997155, -0.999677, -0.999968, -0.999744
-0.999744, -0.999308, -0.997507, -0.992727, -0.983082, -0.967103, -0.944372, -0.915914, -0.884197, -0.85276, -0.825562, -0.806242, -0.797525
-0.797525, -0.788638, -0.767649, -0.734626, -0.690073, -0.635444, -0.573426, -0.507929, -0.443744, -0.385959, -0.339323, -0.307697, -0.293782
-0.293782, -0.279804, -0.247564, -0.198782, -0.136166, -0.0635405, 0.0143184, 0.0920904, 0.164477, 0.226763, 0.275205, 0.30718, 0.321032
0.321032, 0.334816, 0.366119, 0.412216, 0.469222, 0.532386, 0.596649, 0.657293, 0.710514, 0.753752, 0.785685, 0.80592, 0.814472
0.814472, 0.822851, 0.841382, 0.867366, 0.89721, 0.927031, 0.953402, 0.97399, 0.987924, 0.995767, 0.999118, 0.999963, 0.999982
0.999982, 0.999788, 0.99854, 0.994588, 0.985986, 0.97119, 0.949699, 0.922447, 0.891825, 0.861309, 0.834811, 0.815946, 0.807425
0.807425, 0.798731, 0.778177, 0.745782, 0.701987, 0.648168, 0.58694, 0.522151, 0.458551, 0.401212, 0.354884, 0.323442, 0.309601
0.309601, 0.295695, 0.263605, 0.215015, 0.152585, 0.0800901, 0.00227378, -0.0755563, -0.148089, -0.210572, -0.259215, -0.291348, -0.305274
-0.305274, -0.319135, -0.350629, -0.397043, -0.454505, -0.518268, -0.583252, -0.644698, -0.698741, -0.742745, -0.775313, -0.795986, -0.804733
-0.804733, -0.813309, -0.832299, -0.858989, -0.889759, -0.920682, -0.948265, -0.970097, -0.985217, -0.994105, -0.998284, -0.999683, -0.999944
-0.999944, -0.999992, -0.999299, -0.996175, -0.988618, -0.975011, -0.954764, -0.928727, -0.899209, -0.86962, -0.843831, -0.825426, -0.817102
-0.817102, -0.808604, -0.78849, -0.756733, -0.713707, -0.660713, -0.600292, -0.53623, -0.473233, -0.416355, -0.370347, -0.339097, -0.325335
-0.325335, -0.311504, -0.279574, -0.23119, -0.168961, -0.0966176, -0.0188653, 0.0590014, 0.13166, 0.194323, 0.243155, 0.275436, 0.289432
0.289432, 0.303367, 0.335042, 0.38176, 0.439664, 0.504007, 0.569694, 0.631926, 0.686775, 0.731533, 0.764727, 0.785834, 0.794773
0.794773, 0.803543, 0.822987, 0.850376, 0.882063, 0.914079, 0.942867, 0.965936, 0.982239, 0.992169, 0.997175, 0.999128, 0.999631

-0.337904, -0.3516, -0.382689, -0.42843, -0.484927, -0.547427, -0.610894, -0.670655, -0.722975, -0.765374, -0.796614, -0.81637, -0.82471
-0.82471, -0.832874, -0.850905, -0.87612, -0.904957, -0.933584, -0.958641, -0.977884, -0.990535, -0.99725, -0.999709, -0.999957, -0.999715
-0.999715, -0.99926, -0.997416, -0.992572, -0.982847, -0.966777, -0.943952, -0.9154, -0.883599, -0.852092, -0.824841, -0.805486, -0.796754
-0.796754, -0.787852, -0.76683, -0.733759, -0.689148, -0.634457, -0.572379, -0.506828, -0.442599, -0.38478, -0.338122, -0.306482, -0.292561
-0.292561, -0.278578, -0.246326, -0.19753, -0.134901, -0.0622657, 0.0155956, 0.0933622, 0.165737, 0.228007, 0.276432, 0.308395, 0.322241
0.322241, 0.336019, 0.367308, 0.413379, 0.47035, 0.533467, 0.597674, 0.658255, 0.711412, 0.754591, 0.786474, 0.806676, 0.815213
0.815213, 0.823576, 0.842072, 0.868001, 0.897773, 0.927509, 0.953787, 0.974279, 0.988121, 0.995884, 0.999171, 0.999973, 0.999973
0.999973, 0.99976, 0.99847, 0.994454, 0.985772, 0.970885, 0.949298, 0.921953, 0.891247, 0.860659, 0.834108, 0.815207, 0.80667
0.80667, 0.797962, 0.777374, 0.74493, 0.701076, 0.647195, 0.585905, 0.521062, 0.457416, 0.400042, 0.35369, 0.322233, 0.308387
0.308387, 0.294475, 0.262373, 0.213768, 0.151322, 0.0788168, 0.000996458, -0.0768299, -0.149352, -0.211821, -0.260449, -0.29257, -0.30649
-0.30649, -0.320346, -0.351825, -0.398215, -0.455643, -0.51936, -0.584289, -0.645674, -0.699654, -0.743599, -0.776119, -0.796759, -0.805491
-0.805491, -0.814052, -0.833007, -0.859643, -0.890341, -0.92118, -0.94867, -0.970406, -0.985435, -0.994243, -0.998358, -0.999715, -0.999957
-0.999957, -0.999986, -0.99925, -0.996062, -0.988425, -0.974726, -0.954384, -0.928253, -0.898649, -0.868989, -0.843145, -0.824705, -0.816365
-0.816365, -0.807852, -0.787704, -0.755897, -0.712811, -0.659754, -0.59927, -0.535151, -0.472107, -0.415193, -0.36916, -0.337895, -0.324127
-0.324127, -0.31029, -0.278347, -0.229947, -0.167702, -0.0953462, -0.0175882, 0.0602765, 0.132926, 0.195576, 0.244394, 0.276663, 0.290655
0.290655, 0.304584, 0.336245, 0.38294, 0.440811, 0.505109, 0.570743, 0.632915, 0.687703, 0.732403, 0.765549, 0.786623, 0.795548

0.275427, 0.261372, 0.228968, 0.179982, 0.117173, 0.0444214, -0.0334599, -0.111138, -0.183333, -0.245369, -0.293561, -0.325344, -0.339106
-0.339106, -0.352795, -0.383869, -0.429584, -0.486044, -0.548496, -0.611904, -0.671602, -0.723856, -0.766196, -0.797385, -0.817107, -0.825432
-0.825432, -0.83358, -0.851575, -0.876735, -0.9055, -0.934041, -0.959004, -0.97815, -0.990709, -0.997344, -0.999739, -0.999944, -0.999683
-0.999683, -0.99921, -0.997323, -0.992416, -0.982611, -0.96645, -0.943529, -0.914886, -0.883001, -0.851423, -0.824118, -0.804728, -0.795981
-0.795981, -0.787065, -0.766009, -0.73289, -0.688222, -0.633469, -0.571331, -0.505727, -0.441453, -0.383601, -0.336919, -0.305265, -0.291339
-0.291339, -0.277351, -0.245088, -0.196278, -0.133635, -0.0609908, 0.0168727, 0.0946339, 0.166997, 0.22925, 0.27766, 0.30961, 0.32345
0.32345, 0.337222, 0.368495, 0.414542, 0.471476, 0.534547, 0.598697, 0.659216, 0.712309, 0.755428, 0.787263, 0.80743, 0.815952
0.815952, 0.8243, 0.84276, 0.868635, 0.898335, 0.927986, 0.95417, 0.974566, 0.988316, 0.995999, 0.999222, 0.999982, 0.999963
0.999963, 0.999732, 0.998399, 0.994319, 0.985556, 0.970578, 0.948896, 0.921458, 0.890667, 0.860008, 0.833402, 0.814467, 0.805915
0.805915, 0.797191, 0.77657, 0.744078, 0.700165, 0.64622, 0.584869, 0.519971, 0.45628, 0.398871, 0.352495, 0.321023, 0.307171
0.307171, 0.293254, 0.26114, 0.21252, 0.15006, 0.0775434, -0.000280863, -0.0781034, -0.150615, -0.213069, -0.261682, -0.293791, -0.307706
-0.307706, -0.321555, -0.35302, -0.399386, -0.456779, -0.520451, -0.585325, -0.646649, -0.700566, -0.744453, -0.776923, -0.79753, -0.806247
-0.806247, -0.814793, -0.833713, -0.860294, -0.890922, -0.921676, -0.949073, -0.970713, -0.985651, -0.994379, -0.998431, -0.999744, -0.999968
-0.999968, -0.999978, -0.9992, -0.995948, -0.98823, -0.97444, -0.954002, -0.927777, -0.898088, -0.868356, -0.842457, -0.823982, -0.815627
-0.815627, -0.807098, -0.786916, -0.75506, -0.711915, -0.658794, -0.598247, -0.534072, -0.470981, -0.414031, -0.367973, -0.336693, -0.322919
-0.322919, -0.309076, -0.27712, -0.228704, -0.166443, -0.0940746, -0.0163111, 0.0615514, 0.134191, 0.196829, 0.245632, 0.277891, 0.291877

0.785037, 0.775916, 0.7544, 0.720616, 0.675148, 0.619542, 0.556574, 0.490231, 0.425349, 0.367038, 0.320041, 0.288201, 0.274199
0.274199, 0.260139, 0.227724, 0.178725, 0.115905, 0.0431453, -0.0347365, -0.112408, -0.184588, -0.246607, -0.294782, -0.326552, -0.340307
-0.340307, -0.35399, -0.385048, -0.430737, -0.487159, -0.549563, -0.612914, -0.672547, -0.724737, -0.767016, -0.798155, -0.817843, -0.826152
-0.826152, -0.834285, -0.852244, -0.877349, -0.906041, -0.934496, -0.959365, -0.978415, -0.990882, -0.997436, -0.999767, -0.99993, -0.99965
-0.99965, -0.999158, -0.997229, -0.992258, -0.982373, -0.966121, -0.943105, -0.914369, -0.8824, -0.850752, -0.823394, -0.803969, -0.795207
-0.795207, -0.786276, -0.765188, -0.732021, -0.687295, -0.63248, -0.570282, -0.504625, -0.440306, -0.382421, -0.335716, -0.304049, -0.290117
-0.290117, -0.276124, -0.243849, -0.195025, -0.132369, -0.0597158, 0.0181498, 0.0959054, 0.168256, 0.230493, 0.278887, 0.310824, 0.324659
0.324659, 0.338424, 0.369682, 0.415704, 0.472602, 0.535626, 0.59972, 0.660176, 0.713205, 0.756265, 0.78805, 0.808183, 0.816689
0.816689, 0.825022, 0.843447, 0.869267, 0.898895, 0.928461, 0.954551, 0.974851, 0.98851, 0.996112, 0.999272, 0.999989, 0.999951
0.999951, 0.999701, 0.998326, 0.994182, 0.985339, 0.97027, 0.948492, 0.920961, 0.890085, 0.859355, 0.832696, 0.813725, 0.805158
0.805158, 0.796419, 0.775764, 0.743224, 0.699252, 0.645245, 0.583833, 0.518879, 0.455143, 0.397699, 0.351299, 0.319813, 0.305955
0.305955, 0.292032, 0.259907, 0.211272, 0.148797, 0.0762698, -0.00155818, -0.0793768, -0.151877, -0.214317, -0.262915, -0.295011, -0.308921
-0.308921, -0.322764, -0.354215, -0.400557, -0.457915, -0.521541, -0.58636, -0.647623, -0.701477, -0.745305, -0.777727, -0.7983, -0.807002
-0.807002, -0.815533, -0.834417, -0.860945, -0.891501, -0.922171, -0.949475, -0.97102, -0.985866, -0.994513, -0.998501, -0.999773, -0.999977
-0.999977, -0.999969, -0.999148, -0.995832, -0.988034, -0.974152, -0.953618, -0.927299, -0.897525, -0.867722, -0.841768, -0.823257, -0.814887
-0.814887, -0.806344, -0.786127, -0.754222, -0.711017, -0.657832, -0.597223, -0.532992, -0.469854, -0.412868, -0.366785, -0.33549, -0.32171

0.999018, 0.998265, 0.99574, 0.989881, 0.978876, 0.961355, 0.937013, 0.906988, 0.873852, 0.841225, 0.813122, 0.793215, 0.784246
0.784246, 0.77511, 0.753561, 0.71973, 0.674206, 0.618539, 0.555513, 0.489117, 0.424192, 0.365849, 0.318831, 0.286977, 0.27297
0.27297, 0.258905, 0.226481, 0.177468, 0.114636, 0.0418691, -0.036013, -0.113677, -0.185843, -0.247845, -0.296002, -0.327759, -0.341508
-0.341508, -0.355185, -0.386227, -0.43189, -0.488275, -0.55063, -0.613923, -0.673492, -0.725617, -0.767835, -0.798924, -0.818578, -0.826871
-0.826871, -0.834988, -0.852912, -0.877961, -0.906581, -0.93495, -0.959725, -0.978678, -0.991053, -0.997527, -0.999794, -0.999914, -0.999616
-0.999616, -0.999105, -0.997133, -0.992099, -0.982133, -0.96579, -0.94268, -0.913851, -0.881799, -0.85008, -0.822668, -0.803209, -0.794432
-0.794432, -0.785486, -0.764365, -0.73115, -0.686367, -0.631491, -0.569232, -0.503521, -0.439159, -0.381241, -0.334513, -0.302832, -0.288894
-0.288894, -0.274896, -0.24261, -0.193772, -0.131103, -0.0584407, 0.0194269, 0.0971767, 0.169515, 0.231736, 0.280113, 0.312038, 0.325867
0.325867, 0.339626, 0.370869, 0.416866, 0.473728, 0.536704, 0.600741, 0.661135, 0.7141, 0.7571, 0.788835, 0.808935, 0.817426
0.817426, 0.825743, 0.844132, 0.869897, 0.899454, 0.928935, 0.954931, 0.975135, 0.988702, 0.996224, 0.99932, 0.999994, 0.999938
0.999938, 0.999669, 0.998251, 0.994044, 0.985121, 0.96996, 0.948087, 0.920463, 0.889502, 0.858702, 0.831988, 0.812982, 0.8044
0.8044, 0.795646, 0.774958, 0.742368, 0.698339, 0.644269, 0.582795, 0.517787, 0.454005, 0.396527, 0.350103, 0.318603, 0.304739
0.304739, 0.29081, 0.258673, 0.210023, 0.147533, 0.0749962, -0.0028355, -0.08065, -0.15314, -0.215564, -0.264147, -0.296232, -0.310135
-0.310135, -0.323973, -0.355409, -0.401727, -0.459051, -0.52263, -0.587394, -0.648595, -0.702387, -0.746156, -0.778529, -0.799069, -0.807756
-0.807756, -0.816271, -0.835121, -0.861594, -0.892079, -0.922664, -0.949875, -0.971324, -0.986079, -0.994646, -0.99857, -0.999799, -0.999985
-0.999985, -0.999958, -0.999095, -0.995715, -0.987836, -0.973863, -0.953233, -0.92682, -0.896961, -0.867086, -0.841078, -0.822531, -0.814146

0.836788, 0.844688, 0.862104, 0.886376, 0.913978, 0.94114, 0.964592, 0.982192, 0.99328, 0.998624, 0.999997, 0.999519, 0.998961
0.998961, 0.998189, 0.995622, 0.989699, 0.978614, 0.961002, 0.936566, 0.90645, 0.87323, 0.840534, 0.812378, 0.792436, 0.783452
0.783452, 0.774302, 0.752721, 0.718842, 0.673262, 0.617534, 0.55445, 0.488002, 0.423035, 0.36466, 0.31762, 0.285753, 0.271741
0.271741, 0.257671, 0.225236, 0.176211, 0.113367, 0.0405929, -0.0372895, -0.114946, -0.187098, -0.249082, -0.297222, -0.328965, -0.342708
-0.342708, -0.356378, -0.387404, -0.433041, -0.489389, -0.551696, -0.614931, -0.674436, -0.726495, -0.768653, -0.799692, -0.819311, -0.827589
-0.827589, -0.83569, -0.853578, -0.878572, -0.90712, -0.935403, -0.960083, -0.978939, -0.991223, -0.997616, -0.999819, -0.999896, -0.999579
-0.999579, -0.99905, -0.997036, -0.991938, -0.981892, -0.965458, -0.942253, -0.913332, -0.881196, -0.849407, -0.821941, -0.802447, -0.793656
-0.793656, -0.784695, -0.76354, -0.730278, -0.685437, -0.6305, -0.568182, -0.502417, -0.438011, -0.38006, -0.333309, -0.301614, -0.287671
-0.287671, -0.273667, -0.241371, -0.192519, -0.129836, -0.0571655, 0.020704, 0.0984479, 0.170774, 0.232979, 0.281339, 0.313251, 0.327074
0.327074, 0.340827, 0.372055, 0.418026, 0.474852, 0.537781, 0.601762, 0.662093, 0.714993, 0.757933, 0.78962, 0.809685, 0.818161
0.818161, 0.826463, 0.844816, 0.870527, 0.900012, 0.929407, 0.95531, 0.975417, 0.988893, 0.996334, 0.999366, 0.999998, 0.999923
0.999923, 0.999636, 0.998175, 0.993904, 0.9849, 0.969649, 0.94768, 0.919963, 0.888918, 0.858046, 0.831278, 0.812238, 0.80364
0.80364, 0.794872, 0.77415, 0.741512, 0.697424, 0.643291, 0.581757, 0.516694, 0.452867, 0.395354, 0.348906, 0.317392, 0.303522
0.303522, 0.289588, 0.257439, 0.208774, 0.14627, 0.0737224, -0.00411281, -0.0819231, -0.154402, -0.216811, -0.265378, -0.297451, -0.31135
-0.31135, -0.325181, -0.356603, -0.402896, -0.460185, -0.523719, -0.588428, -0.649567, -0.703295, -0.747006, -0.77933, -0.799836, -0.808508
-0.808508, -0.817008, -0.835822, -0.862242, -0.892656, -0.923156, -0.950273, -0.971627, -0.986291, -0.994777, -0.998638, -0.999824, -0.999991

0.35944, 0.373017, 0.403816, 0.449079, 0.504894, 0.566511, 0.628924, 0.687521, 0.738658, 0.77996, 0.810293, 0.829425, 0.837487
0.837487, 0.845371, 0.862751, 0.886966, 0.914495, 0.941571, 0.964928, 0.982431, 0.993427, 0.99869, 0.999999, 0.999479, 0.998902
0.998902, 0.998112, 0.995501, 0.989515, 0.97835, 0.960648, 0.936118, 0.905909, 0.872607, 0.839841, 0.811632, 0.791656, 0.782658
0.782658, 0.773493, 0.751879, 0.717954, 0.672317, 0.616529, 0.553386, 0.486887, 0.421878, 0.363471, 0.316408, 0.284529, 0.270512
0.270512, 0.256437, 0.223992, 0.174953, 0.112098, 0.0393166, -0.0385659, -0.116214, -0.188353, -0.250319, -0.298441, -0.330171, -0.343908
-0.343908, -0.357571, -0.388582, -0.434192, -0.490502, -0.552761, -0.615938, -0.675378, -0.727372, -0.769469, -0.800458, -0.820042, -0.828305
-0.828305, -0.836391, -0.854242, -0.879181, -0.907656, -0.935853, -0.960439, -0.979199, -0.991391, -0.997703, -0.999843, -0.999877, -0.999542
-0.999542, -0.998994, -0.996936, -0.991775, -0.981649, -0.965125, -0.941824, -0.912811, -0.880591, -0.848732, -0.821213, -0.801684, -0.792878
-0.792878, -0.783903, -0.762715, -0.729405, -0.684506, -0.629508, -0.56713, -0.501313, -0.436863, -0.378878, -0.332104, -0.300396, -0.286448
-0.286448, -0.272439, -0.240131, -0.191265, -0.12857, -0.0558902, 0.021981, 0.099719, 0.172032, 0.234221, 0.282564, 0.314464, 0.328281
0.328281, 0.342027, 0.37324, 0.419186, 0.475976, 0.538858, 0.602782, 0.663049, 0.715886, 0.758766, 0.790403, 0.810434, 0.818895
0.818895, 0.827182, 0.845499, 0.871155, 0.900568, 0.929878, 0.955686, 0.975698, 0.989082, 0.996442, 0.999411, 1, 0.999906
0.999906, 0.9996, 0.998097, 0.993762, 0.984678, 0.969335, 0.947271, 0.919461, 0.888332, 0.85739, 0.830568, 0.811492, 0.802879
0.802879, 0.794096, 0.773341, 0.740654, 0.696508, 0.642313, 0.580718, 0.5156, 0.451727, 0.39418, 0.347709, 0.31618, 0.302305
0.302305, 0.288365, 0.256204, 0.207525, 0.145006, 0.0724485, -0.00539012, -0.083196, -0.155664, -0.218058, -0.26661, -0.298671, -0.312563
-0.312563, -0.326389, -0.357796, -0.404065, -0.461319, -0.524807, -0.58946, -0.650538, -0.704203, -0.747854, -0.78013, -0.800602, -0.809259

-0.253266, -0.239124, -0.206541, -0.157332, -0.0943235, -0.0214551, 0.0564155, 0.133944, 0.205872, 0.267579, 0.315448, 0.346985, 0.360632
0.360632, 0.374202, 0.404984, 0.45022, 0.505996, 0.567563, 0.629916, 0.688448, 0.739518, 0.780759, 0.811041, 0.830138, 0.838184
0.838184, 0.846052, 0.863396, 0.887555, 0.915011, 0.942001, 0.965262, 0.982669, 0.993572, 0.998754, 1, 0.999437, 0.998841
0.998841, 0.998033, 0.99538, 0.98933, 0.978085, 0.960293, 0.935668, 0.905368, 0.871983, 0.839147, 0.810885, 0.790875, 0.781862
0.781862, 0.772683, 0.751037, 0.717064, 0.671371, 0.615523, 0.552322, 0.485771, 0.420719, 0.36228, 0.315196, 0.283304, 0.269282
0.269282, 0.255202, 0.222746, 0.173696, 0.110828, 0.0380402, -0.0398422, -0.117483, -0.189607, -0.251555, -0.29966, -0.331376, -0.345107
-0.345107, -0.358764, -0.389758, -0.435343, -0.491615, -0.553825, -0.616943, -0.67632, -0.728248, -0.770284, -0.801223, -0.820773, -0.82902
-0.82902, -0.837091, -0.854906, -0.879789, -0.908192, -0.936303, -0.960794, -0.979458, -0.991557, -0.997789, -0.999865, -0.999856, -0.999502
-0.999502, -0.998935, -0.996836, -0.991611, -0.981405, -0.96479, -0.941394, -0.912289, -0.879985, -0.848056, -0.820483, -0.80092, -0.792099
-0.792099, -0.783109, -0.761888, -0.72853, -0.683575, -0.628515, -0.566078, -0.500207, -0.435713, -0.377695, -0.330899, -0.299177, -0.285224
-0.285224, -0.271209, -0.238891, -0.190011, -0.127303, -0.0546149, 0.023258, 0.10099, 0.17329, 0.235462, 0.283789, 0.315676, 0.329487
0.329487, 0.343227, 0.374425, 0.420346, 0.477099, 0.539933, 0.6038, 0.664005, 0.716777, 0.759597, 0.791185, 0.811181, 0.819627
0.819627, 0.827899, 0.84618, 0.871781, 0.901122, 0.930347, 0.956062, 0.975977, 0.98927, 0.996549, 0.999454, 1, 0.999888
0.999888, 0.999563, 0.998017, 0.993619, 0.984455, 0.969021, 0.946861, 0.918958, 0.887745, 0.856731, 0.829856, 0.810745, 0.802117
0.802117, 0.793319, 0.77253, 0.739796, 0.695591, 0.641333, 0.579677, 0.514505, 0.450587, 0.393006, 0.346511, 0.314968, 0.301087
0.301087, 0.287142, 0.254969, 0.206275, 0.143742, 0.0711745, -0.00666742, -0.0844689, -0.156925, -0.219304, -0.267841, -0.299889, -0.313776

-0.770597, -0.761216, -0.739119, -0.704495, -0.65802, -0.601342, -0.537338, -0.470074, -0.404441, -0.345567, -0.298188, -0.266122, -0.25203
-0.25203, -0.237884, -0.205291, -0.156071, -0.0930518, -0.020178, 0.0576907, 0.13521, 0.207122, 0.268809, 0.31666, 0.348183, 0.361823
0.361823, 0.375386, 0.406152, 0.45136, 0.507097, 0.568614, 0.630908, 0.689374, 0.740378, 0.781556, 0.811787, 0.830849, 0.83888
0.83888, 0.846733, 0.864039, 0.888143, 0.915526, 0.942429, 0.965595, 0.982905, 0.993716, 0.998817, 0.999999, 0.999393, 0.998779
0.998779, 0.997952, 0.995256, 0.989143, 0.977818, 0.959936, 0.935216, 0.904825, 0.871357, 0.838452, 0.810137, 0.790093, 0.781065
0.781065, 0.771871, 0.750193, 0.716173, 0.670423, 0.614516, 0.551257, 0.484654, 0.41956, 0.36109, 0.313984, 0.282079, 0.268051
0.268051, 0.253967, 0.221501, 0.172438, 0.109559, 0.0367638, -0.0411185, -0.118751, -0.190861, -0.252791, -0.300879, -0.332581, -0.346306
-0.346306, -0.359956, -0.390934, -0.436492, -0.492727, -0.554888, -0.617948, -0.67726, -0.729123, -0.771098, -0.801987, -0.821502, -0.829734
-0.829734, -0.837789, -0.855568, -0.880396, -0.908726, -0.936751, -0.961148, -0.979715, -0.991722, -0.997873, -0.999885, -0.999834, -0.999461
-0.999461, -0.998876, -0.996733, -0.991445, -0.981159, -0.964453, -0.940963, -0.911765, -0.879378, -0.847379, -0.819753, -0.800155, -0.791319
-0.791319, -0.782314, -0.76106, -0.727655, -0.682642, -0.627521, -0.565024, -0.4991, -0.434563, -0.376512, -0.329694, -0.297958, -0.283999
-0.283999, -0.26998, -0.23765, -0.188757, -0.126036, -0.0533394, 0.024535, 0.102261, 0.174548, 0.236703, 0.285014, 0.316888, 0.330693
0.330693, 0.344427, 0.375609, 0.421504, 0.478221, 0.541008, 0.604818, 0.66496, 0.717667, 0.760428, 0.791965, 0.811928, 0.820358
0.820358, 0.828614, 0.84686, 0.872406, 0.901675, 0.930815, 0.956435, 0.976255, 0.989455, 0.996654, 0.999495, 0.999999, 0.999868
0.999868, 0.999525, 0.997936, 0.993474, 0.98423, 0.968705, 0.94645, 0.918454, 0.887156, 0.856072, 0.829142, 0.809996, 0.801354
0.801354, 0.792541, 0.771718, 0.738936, 0.694673, 0.640353, 0.578636, 0.513409, 0.449447, 0.391831, 0.345312, 0.313756, 0.299869

-0.997736, -0.996649, -0.993359, -0.986359, -0.97392, -0.954775, -0.92874, -0.897072, -0.86245, -0.82858, -0.799532, -0.779013, -0.769782
-0.769782, -0.760387, -0.738258, -0.703588, -0.657058, -0.600321, -0.53626, -0.468947, -0.403273, -0.344368, -0.296968, -0.264891, -0.250794
-0.250794, -0.236643, -0.204041, -0.154809, -0.0917799, -0.018901, 0.0589658, 0.136475, 0.208371, 0.270039, 0.317871, 0.34938, 0.363014
0.363014, 0.37657, 0.407319, 0.452499, 0.508198, 0.569665, 0.631898, 0.690299, 0.741236, 0.782352, 0.812533, 0.831559, 0.839575
0.839575, 0.847411, 0.864682, 0.888729, 0.916039, 0.942855, 0.965927, 0.983139, 0.993858, 0.998879, 0.999996, 0.999348, 0.998715
0.998715, 0.997869, 0.995131, 0.988954, 0.97755, 0.959577, 0.934763, 0.90428, 0.870729, 0.837755, 0.809388, 0.789309, 0.780267
0.780267, 0.771059, 0.749348, 0.715281, 0.669475, 0.613508, 0.550191, 0.483536, 0.4184, 0.359898, 0.312771, 0.280853, 0.266821
0.266821, 0.252731, 0.220255, 0.171179, 0.108289, 0.0354873, -0.0423947, -0.12002, -0.192115, -0.254027, -0.302096, -0.333786, -0.347504
-0.347504, -0.361147, -0.39211, -0.437641, -0.493838, -0.55595, -0.618952, -0.678199, -0.729996, -0.771911, -0.802749, -0.822229, -0.830446
-0.830446, -0.838486, -0.856228, -0.881001, -0.909258, -0.937197, -0.961499, -0.97997, -0.991885, -0.997956, -0.999903, -0.999809, -0.999418
-0.999418, -0.998814, -0.996629, -0.991277, -0.980911, -0.964114, -0.940529, -0.911239, -0.878769, -0.8467, -0.81902, -0.799388, -0.790537
-0.790537, -0.781518, -0.760231, -0.726778, -0.681708, -0.626526, -0.56397, -0.497993, -0.433412, -0.375329, -0.328487, -0.296739, -0.282774
-0.282774, -0.26875, -0.236409, -0.187503, -0.124769, -0.0520639, 0.0258119, 0.103531, 0.175806, 0.237944, 0.286238, 0.318099, 0.331898
0.331898, 0.345626, 0.376793, 0.422662, 0.479343, 0.542082, 0.605835, 0.665913, 0.718556, 0.761257, 0.792744, 0.812673, 0.821088
0.821088, 0.829329, 0.847539, 0.87303, 0.902227, 0.931281, 0.956808, 0.976531, 0.98964, 0.996758, 0.999535, 0.999996, 0.999847
0.999847, 0.999485, 0.997853, 0.993328, 0.984003, 0.968387, 0.946036, 0.917948, 0.886566, 0.855411, 0.828428, 0.809247, 0.800589

-0.849148, -0.856763, -0.87352, -0.896779, -0.92306, -0.948659, -0.970397, -0.98625, -0.995677, -0.999565, -0.999789, -0.998543, -0.99765
-0.99765, -0.996544, -0.993211, -0.986148, -0.973629, -0.954394, -0.928266, -0.896507, -0.861803, -0.827864, -0.798765, -0.778212, -0.768966
-0.768966, -0.759557, -0.737395, -0.70268, -0.656094, -0.599299, -0.535182, -0.467818, -0.402104, -0.343169, -0.295749, -0.263659, -0.249557
-0.249557, -0.235402, -0.20279, -0.153547, -0.0905079, -0.0176239, 0.0602409, 0.13774, 0.20962, 0.271269, 0.319082, 0.350577, 0.364203
0.364203, 0.377753, 0.408485, 0.453638, 0.509297, 0.570714, 0.632888, 0.691223, 0.742092, 0.783147, 0.813276, 0.832268, 0.840268
0.840268, 0.848089, 0.865323, 0.889314, 0.916551, 0.94328, 0.966256, 0.983372, 0.993999, 0.998938, 0.999992, 0.999301, 0.998649
0.998649, 0.997785, 0.995004, 0.988764, 0.97728, 0.959217, 0.934309, 0.903734, 0.8701, 0.837057, 0.808637, 0.788524, 0.779467
0.779467, 0.770245, 0.748501, 0.714388, 0.668526, 0.612498, 0.549124, 0.482418, 0.41724, 0.358706, 0.311557, 0.279627, 0.265589
0.265589, 0.251495, 0.219009, 0.169921, 0.107019, 0.0342108, -0.0436708, -0.121288, -0.193368, -0.255262, -0.303314, -0.334989, -0.348701
-0.348701, -0.362338, -0.393284, -0.438789, -0.494948, -0.557011, -0.619955, -0.679137, -0.730869, -0.772722, -0.80351, -0.822956, -0.831157
-0.831157, -0.839181, -0.856887, -0.881604, -0.909789, -0.937642, -0.96185, -0.980223, -0.992047, -0.998036, -0.99992, -0.999784, -0.999374
-0.999374, -0.998751, -0.996524, -0.991108, -0.980662, -0.963775, -0.940095, -0.910712, -0.878158, -0.846019, -0.818287, -0.79862, -0.789754
-0.789754, -0.78072, -0.759401, -0.7259, -0.680773, -0.62553, -0.562915, -0.496885, -0.432261, -0.374144, -0.327281, -0.295519, -0.281549
-0.281549, -0.267519, -0.235168, -0.186248, -0.123501, -0.0507882, 0.0270888, 0.104801, 0.177063, 0.239185, 0.287462, 0.31931, 0.333102
0.333102, 0.346824, 0.377975, 0.42382, 0.480463, 0.543155, 0.606851, 0.666865, 0.719444, 0.762084, 0.793522, 0.813416, 0.821817
0.821817, 0.830042, 0.848216, 0.873652, 0.902777, 0.931745, 0.957178, 0.976805, 0.989822, 0.99686, 0.999573, 0.999991, 0.999823

-0.380787, -0.394238, -0.42473, -0.46949, -0.524594, -0.585296, -0.646622, -0.704025, -0.753952, -0.794134, -0.823544, -0.842041, -0.849822
-0.849822, -0.857422, -0.874141, -0.897344, -0.92355, -0.949062, -0.970705, -0.98646, -0.995795, -0.999602, -0.999762, -0.998474, -0.997561
-0.997561, -0.996437, -0.993062, -0.985935, -0.973337, -0.954012, -0.92779, -0.89594, -0.861154, -0.827147, -0.797995, -0.777409, -0.768149
-0.768149, -0.758726, -0.736532, -0.70177, -0.65513, -0.598276, -0.534102, -0.466689, -0.400934, -0.341969, -0.294528, -0.262426, -0.24832
-0.24832, -0.23416, -0.201539, -0.152284, -0.0892358, -0.0163467, 0.0615158, 0.139005, 0.210869, 0.272498, 0.320293, 0.351773, 0.365393
0.365393, 0.378935, 0.409651, 0.454776, 0.510396, 0.571763, 0.633876, 0.692145, 0.742948, 0.783941, 0.814019, 0.832976, 0.84096
0.84096, 0.848765, 0.865962, 0.889898, 0.917061, 0.943703, 0.966585, 0.983603, 0.994138, 0.998996, 0.999986, 0.999252, 0.998582
0.998582, 0.997699, 0.994876, 0.988572, 0.977009, 0.958855, 0.933853, 0.903186, 0.86947, 0.836357, 0.807885, 0.787738, 0.778667
0.778667, 0.769429, 0.747653, 0.713494, 0.667575, 0.611488, 0.548056, 0.481299, 0.416079, 0.357513, 0.310343, 0.278401, 0.264358
0.264358, 0.250259, 0.217763, 0.168662, 0.105749, 0.0329342, -0.0449469, -0.122555, -0.194621, -0.256497, -0.304531, -0.336193, -0.349898
-0.349898, -0.363528, -0.394458, -0.439937, -0.496058, -0.558071, -0.620956, -0.680074, -0.73174, -0.773532, -0.80427, -0.823681, -0.831866
-0.831866, -0.839875, -0.857545, -0.882207, -0.910318, -0.938085, -0.962198, -0.980475, -0.992207, -0.998116, -0.999936, -0.999756, -0.999328
-0.999328, -0.998687, -0.996417, -0.990937, -0.980411, -0.963433, -0.939658, -0.910184, -0.877547, -0.845338, -0.817552, -0.797851, -0.78897
-0.78897, -0.779921, -0.758569, -0.725021, -0.679837, -0.624532, -0.561858, -0.495776, -0.431109, -0.37296, -0.326073, -0.294298, -0.280323
-0.280323, -0.266288, -0.233926, -0.184993, -0.122233, -0.0495125, 0.0283656, 0.106072, 0.17832, 0.240425, 0.288685, 0.32052, 0.334307
0.334307, 0.348022, 0.379158, 0.424976, 0.481583, 0.544227, 0.607865, 0.667817, 0.720331, 0.762911, 0.794299, 0.814159, 0.822544

0.230971, 0.216751, 0.184004, 0.134599, 0.0714238, -0.00152252, -0.0793412, -0.156679, -0.228303, -0.289648, -0.337169, -0.368443, -0.381968
-0.381968, -0.395411, -0.425886, -0.470618, -0.525681, -0.586331, -0.647596, -0.704932, -0.75479, -0.79491, -0.824268, -0.84273, -0.850494
-0.850494, -0.858078, -0.87476, -0.897907, -0.924039, -0.949464, -0.971011, -0.986669, -0.995911, -0.999637, -0.999733, -0.998402, -0.997471
-0.997471, -0.996328, -0.992911, -0.985721, -0.973043, -0.953629, -0.927313, -0.895372, -0.860504, -0.826428, -0.797225, -0.776605, -0.767331
-0.767331, -0.757893, -0.735667, -0.70086, -0.654164, -0.597252, -0.533022, -0.465559, -0.399763, -0.340768, -0.293307, -0.261194, -0.247082
-0.247082, -0.232918, -0.200288, -0.151022, -0.0879635, -0.0150696, 0.0627907, 0.14027, 0.212118, 0.273727, 0.321502, 0.352968, 0.366581
0.366581, 0.380117, 0.410816, 0.455913, 0.511494, 0.57281, 0.634864, 0.693066, 0.743802, 0.784733, 0.81476, 0.833682, 0.84165
0.84165, 0.84944, 0.8666, 0.89048, 0.917569, 0.944125, 0.966911, 0.983833, 0.994275, 0.999053, 0.999979, 0.999202, 0.998513
0.998513, 0.997612, 0.994746, 0.988379, 0.976735, 0.958491, 0.933395, 0.902637, 0.868838, 0.835656, 0.807131, 0.786951, 0.777865
0.777865, 0.768613, 0.746805, 0.712598, 0.666624, 0.610477, 0.546987, 0.480179, 0.414917, 0.35632, 0.309129, 0.277174, 0.263126
0.263126, 0.249022, 0.216516, 0.167403, 0.104479, 0.0316575, -0.0462229, -0.123823, -0.195874, -0.257731, -0.305747, -0.337395, -0.351094
-0.351094, -0.364718, -0.395632, -0.441083, -0.497167, -0.559131, -0.621957, -0.68101, -0.73261, -0.774341, -0.805028, -0.824404, -0.832574
-0.832574, -0.840568, -0.858202, -0.882807, -0.910846, -0.938527, -0.962545, -0.980726, -0.992365, -0.998193, -0.999949, -0.999727, -0.99928
-0.99928, -0.99862, -0.996308, -0.990765, -0.980159, -0.96309, -0.939221, -0.909654, -0.876933, -0.844654, -0.816816, -0.79708, -0.788184
-0.788184, -0.779121, -0.757736, -0.72414, -0.678899, -0.623534, -0.560801, -0.494667, -0.429956, -0.371774, -0.324866, -0.293077, -0.279097
-0.279097, -0.265057, -0.232684, -0.183737, -0.120966, -0.0482367, 0.0296424, 0.107342, 0.179577, 0.241664, 0.289908, 0.32173, 0.33551

0.75575, 0.746115, 0.723447, 0.688002, 0.640545, 0.582824, 0.517818, 0.44967, 0.38332, 0.323914, 0.276177, 0.243903, 0.229728
0.229728, 0.215503, 0.182749, 0.133334, 0.0701497, -0.00279983, -0.0806144, -0.15794, -0.229546, -0.29087, -0.338371, -0.369631, -0.383148
-0.383148, -0.396584, -0.427041, -0.471744, -0.526767, -0.587366, -0.648568, -0.705837, -0.755627, -0.795684, -0.824991, -0.843417, -0.851166
-0.851166, -0.858733, -0.875379, -0.898468, -0.924527, -0.949864, -0.971316, -0.986876, -0.996026, -0.999671, -0.999703, -0.998329, -0.99738
-0.99738, -0.996218, -0.992758, -0.985505, -0.972748, -0.953243, -0.926834, -0.894802, -0.859853, -0.825708, -0.796453, -0.7758, -0.766511
-0.766511, -0.757059, -0.734802, -0.699948, -0.653198, -0.596227, -0.531941, -0.464428, -0.398592, -0.339567, -0.292086, -0.259961, -0.245844
-0.245844, -0.231676, -0.199036, -0.149759, -0.086691, -0.0137924, 0.0640654, 0.141535, 0.213366, 0.274955, 0.322712, 0.354163, 0.36777
0.36777, 0.381298, 0.41198, 0.45705, 0.512591, 0.573857, 0.63585, 0.693987, 0.744656, 0.785525, 0.8155, 0.834386, 0.842339
0.842339, 0.850113, 0.867237, 0.89106, 0.918076, 0.944545, 0.967236, 0.984061, 0.994411, 0.999107, 0.99997, 0.99915, 0.998443
0.998443, 0.997523, 0.994615, 0.988184, 0.976461, 0.958126, 0.932936, 0.902087, 0.868205, 0.834954, 0.806377, 0.786162, 0.777061
0.777061, 0.767795, 0.745955, 0.711701, 0.665671, 0.609465, 0.545917, 0.479058, 0.413754, 0.355127, 0.307914, 0.275946, 0.261893
0.261893, 0.247784, 0.215269, 0.166143, 0.103209, 0.0303808, -0.0474988, -0.12509, -0.197126, -0.258965, -0.306963, -0.338598, -0.35229
-0.35229, -0.365907, -0.396805, -0.442229, -0.498274, -0.560189, -0.622957, -0.681945, -0.733479, -0.775149, -0.805785, -0.825126, -0.833281
-0.833281, -0.841259, -0.858857, -0.883407, -0.911373, -0.938967, -0.962891, -0.980974, -0.992522, -0.998269, -0.999961, -0.999697, -0.999231
-0.999231, -0.998553, -0.996197, -0.990591, -0.979905, -0.962745, -0.938781, -0.909123, -0.876319, -0.84397, -0.816078, -0.796308, -0.787398
-0.787398, -0.77832, -0.756902, -0.723259, -0.677961, -0.622535, -0.559743, -0.493556, -0.428802, -0.370588, -0.323657, -0.291856, -0.27787

0.995928, 0.994507, 0.990453, 0.982316, 0.968449, 0.947691, 0.919977, 0.886682, 0.850593, 0.815497, 0.785521, 0.764401, 0.754912
0.754913, 0.745264, 0.722564, 0.687074, 0.639563, 0.581786, 0.516725, 0.448529, 0.38214, 0.322706, 0.274949, 0.242664, 0.228484
0.228484, 0.214256, 0.181493, 0.132068, 0.0688754, -0.00407715, -0.0818875, -0.159201, -0.230789, -0.292092, -0.339573, -0.370817, -0.384328
-0.384328, -0.397756, -0.428196, -0.47287, -0.527852, -0.588399, -0.64954, -0.706741, -0.756463, -0.796457, -0.825712, -0.844102, -0.851835
-0.851835, -0.859387, -0.875995, -0.899028, -0.925013, -0.950262, -0.971618, -0.987081, -0.996139, -0.999703, -0.999671, -0.998255, -0.997287
-0.997287, -0.996106, -0.992604, -0.985287, -0.972451, -0.952857, -0.926353, -0.894231, -0.8592, -0.824987, -0.79568, -0.774993, -0.76569
-0.76569, -0.756224, -0.733935, -0.699035, -0.65223, -0.595201, -0.530859, -0.463296, -0.39742, -0.338366, -0.290864, -0.258727, -0.244606
-0.244606, -0.230433, -0.197784, -0.148496, -0.0854184, -0.0125152, 0.0653401, 0.142799, 0.214613, 0.276183, 0.32392, 0.355357, 0.368957
0.368957, 0.382479, 0.413143, 0.458186, 0.513688, 0.574902, 0.636835, 0.694906, 0.745508, 0.786314, 0.816239, 0.83509, 0.843027
0.843027, 0.850785, 0.867872, 0.891639, 0.918582, 0.944964, 0.96756, 0.984287, 0.994545, 0.999161, 0.999959, 0.999097, 0.998371
0.998371, 0.997432, 0.994481, 0.987987, 0.976184, 0.95776, 0.932475, 0.901535, 0.867571, 0.834251, 0.805621, 0.785372, 0.776257
0.776257, 0.766976, 0.745103, 0.710804, 0.664717, 0.608452, 0.544846, 0.477936, 0.412591, 0.353932, 0.306698, 0.274718, 0.26066
0.26066, 0.246547, 0.214021, 0.164883, 0.101938, 0.029104, -0.0487747, -0.126358, -0.198379, -0.260199, -0.308178, -0.339799, -0.353485
-0.353485, -0.367096, -0.397977, -0.443375, -0.499381, -0.561247, -0.623955, -0.682879, -0.734346, -0.775955, -0.806541, -0.825847, -0.833987
-0.833987, -0.841949, -0.85951, -0.884004, -0.911898, -0.939405, -0.963235, -0.981222, -0.992677, -0.998343, -0.999972, -0.999664, -0.99918
-0.99918, -0.998483, -0.996085, -0.990415, -0.97965, -0.962399, -0.938341, -0.90859, -0.875703, -0.843284, -0.815339, -0.795535, -0.78661

0.861059, 0.868387, 0.884474, 0.906709, 0.931654, 0.955676, 0.97569, 0.989787, 0.997548, 0.999979, 0.999052, 0.99704, 0.995812
0.995812, 0.994372, 0.990276, 0.982076, 0.96813, 0.947283, 0.919475, 0.88609, 0.84992, 0.814757, 0.78473, 0.763577, 0.754074
0.754074, 0.744411, 0.721681, 0.686146, 0.638581, 0.580747, 0.515631, 0.447387, 0.38096, 0.321496, 0.273721, 0.241425, 0.227241
0.227241, 0.213008, 0.180237, 0.130801, 0.0676011, -0.00535445, -0.0831605, -0.160462, -0.232032, -0.293313, -0.340774, -0.372003, -0.385506
-0.385506, -0.398928, -0.42935, -0.473995, -0.528937, -0.589431, -0.650511, -0.707644, -0.757298, -0.797229, -0.826432, -0.844786, -0.852504
-0.852504, -0.86004, -0.876611, -0.899587, -0.925498, -0.950659, -0.97192, -0.987285, -0.99625, -0.999733, -0.999637, -0.998178, -0.997192
-0.997192, -0.995993, -0.992448, -0.985068, -0.972152, -0.952468, -0.925872, -0.893659, -0.858546, -0.824265, -0.794906, -0.774185, -0.764868
-0.764868, -0.755388, -0.733067, -0.698121, -0.651261, -0.594174, -0.529776, -0.462164, -0.396248, -0.337163, -0.289642, -0.257493, -0.243367
-0.243367, -0.22919, -0.196532, -0.147233, -0.0841457, -0.0112379, 0.0666146, 0.144063, 0.215861, 0.277411, 0.325128, 0.356551, 0.370144
0.370144, 0.383658, 0.414306, 0.459321, 0.514783, 0.575947, 0.63782, 0.695824, 0.746358, 0.787103, 0.816976, 0.835792, 0.843713
0.843713, 0.851456, 0.868506, 0.892217, 0.919086, 0.945381, 0.967882, 0.984512, 0.994677, 0.999212, 0.999946, 0.999042, 0.998297
0.998297, 0.99734, 0.994347, 0.987789, 0.975907, 0.957392, 0.932013, 0.900982, 0.866935, 0.833546, 0.804863, 0.784581, 0.775451
0.775451, 0.766156, 0.744251, 0.709904, 0.663762, 0.607438, 0.543775, 0.476814, 0.411427, 0.352737, 0.305482, 0.27349, 0.259427
0.259427, 0.245309, 0.212773, 0.163624, 0.100667, 0.0278272, -0.0500504, -0.127624, -0.19963, -0.261432, -0.309393, -0.341, -0.35468
-0.35468, -0.368283, -0.399148, -0.444519, -0.500488, -0.562304, -0.624953, -0.683811, -0.735213, -0.77676, -0.807296, -0.826567, -0.834691
-0.834691, -0.842637, -0.860162, -0.884601, -0.912421, -0.939843, -0.963577, -0.981467, -0.992831, -0.998416, -0.999981, -0.999631, -0.999128

0.401933, 0.41525, 0.44542, 0.489654, 0.544017, 0.603772, 0.663978, 0.720157, 0.768847, 0.807889, 0.836361, 0.854213, 0.861708
0.861708, 0.86902, 0.885069, 0.907247, 0.932118, 0.956051, 0.975969, 0.989968, 0.997637, 0.999986, 0.998996, 0.996941, 0.995694
0.995694, 0.994236, 0.990097, 0.981835, 0.967809, 0.946873, 0.918972, 0.885498, 0.849247, 0.814015, 0.783937, 0.762751, 0.753235
0.753235, 0.743558, 0.720796, 0.685216, 0.637597, 0.579706, 0.514536, 0.446244, 0.379778, 0.320287, 0.272492, 0.240185, 0.225997
0.225997, 0.21176, 0.17898, 0.129535, 0.0663266, -0.00663175, -0.0844333, -0.161723, -0.233274, -0.294534, -0.341975, -0.373188, -0.386685
-0.386685, -0.400099, -0.430503, -0.47512, -0.53002, -0.590463, -0.65148, -0.708546, -0.758132, -0.797999, -0.82715, -0.845469, -0.853171
-0.853171, -0.860691, -0.877225, -0.900144, -0.925981, -0.951055, -0.97222, -0.987487, -0.99636, -0.999762, -0.999602, -0.9981, -0.997095
-0.997095, -0.995878, -0.99229, -0.984848, -0.971852, -0.952078, -0.925388, -0.893085, -0.85789, -0.823541, -0.79413, -0.773376, -0.764044
-0.764044, -0.75455, -0.732197, -0.697206, -0.650291, -0.593146, -0.528692, -0.461031, -0.395075, -0.33596, -0.288419, -0.256258, -0.242128
-0.242128, -0.227946, -0.195279, -0.145969, -0.0828729, -0.00996069, 0.0678891, 0.145327, 0.217108, 0.278638, 0.326336, 0.357744, 0.37133
0.37133, 0.384838, 0.415468, 0.460455, 0.515878, 0.57699, 0.638803, 0.696741, 0.747208, 0.78789, 0.817712, 0.836492, 0.844398
0.844398, 0.852125, 0.869138, 0.892793, 0.919589, 0.945797, 0.968202, 0.984735, 0.994808, 0.999262, 0.999932, 0.998985, 0.998222
0.998222, 0.997246, 0.99421, 0.987589, 0.975627, 0.957022, 0.93155, 0.900427, 0.866298, 0.832839, 0.804105, 0.783788, 0.774644
0.774644, 0.765334, 0.743397, 0.709004, 0.662807, 0.606422, 0.542703, 0.475691, 0.410263, 0.351542, 0.304266, 0.272261, 0.258193
0.258193, 0.24407, 0.211525, 0.162363, 0.0993963, 0.0265504, -0.0513261, -0.128891, -0.200882, -0.262664, -0.310608, -0.342201, -0.355874
-0.355874, -0.369471, -0.400319, -0.445663, -0.501593, -0.56336, -0.62595, -0.684743, -0.736078, -0.777564, -0.808049, -0.827285, -0.835394

-0.208554, -0.194262, -0.161371, -0.111796, -0.0484864, 0.0244993, 0.102225, 0.179331, 0.250613, 0.311563, 0.358712, 0.389707, 0.403102
0.403102, 0.416411, 0.446563, 0.490767, 0.545088, 0.60479, 0.664933, 0.721043, 0.769663, 0.808641, 0.83706, 0.854877, 0.862356
0.862356, 0.869651, 0.885663, 0.907784, 0.93258, 0.956425, 0.976247, 0.990147, 0.997724, 0.999992, 0.998938, 0.99684, 0.995575
0.995575, 0.994098, 0.989917, 0.981591, 0.967487, 0.946461, 0.918468, 0.884903, 0.848571, 0.813273, 0.783144, 0.761925, 0.752394
0.752394, 0.742703, 0.71991, 0.684285, 0.636613, 0.578665, 0.51344, 0.445101, 0.378596, 0.319076, 0.271263, 0.238945, 0.224752
0.224752, 0.210511, 0.177723, 0.128268, 0.0650521, -0.00790904, -0.085706, -0.162983, -0.234516, -0.295754, -0.343175, -0.374373, -0.387862
-0.387862, -0.401269, -0.431656, -0.476243, -0.531103, -0.591493, -0.652449, -0.709447, -0.758964, -0.798768, -0.827867, -0.846151, -0.853836
-0.853836, -0.86134, -0.877837, -0.9007, -0.926462, -0.951449, -0.972518, -0.987688, -0.996468, -0.999789, -0.999565, -0.998021, -0.996997
-0.996997, -0.995761, -0.992131, -0.984625, -0.97155, -0.951687, -0.924903, -0.89251, -0.857233, -0.822815, -0.793353, -0.772566, -0.76322
-0.76322, -0.753711, -0.731327, -0.69629, -0.649321, -0.592117, -0.527607, -0.459897, -0.393901, -0.334757, -0.287196, -0.255024, -0.240889
-0.240889, -0.226703, -0.194026, -0.144705, -0.0815999, -0.00868342, 0.0691634, 0.146591, 0.218354, 0.279864, 0.327543, 0.358936, 0.372516
0.372516, 0.386016, 0.41663, 0.461588, 0.516972, 0.578033, 0.639785, 0.697656, 0.748056, 0.788676, 0.818447, 0.837192, 0.845082
0.845082, 0.852793, 0.86977, 0.893367, 0.92009, 0.946211, 0.968521, 0.984956, 0.994937, 0.99931, 0.999917, 0.998927, 0.998145
0.998145, 0.99715, 0.994072, 0.987388, 0.975346, 0.956651, 0.931084, 0.89987, 0.865659, 0.832131, 0.803345, 0.782994, 0.773835
0.773835, 0.764512, 0.742542, 0.708103, 0.66185, 0.605406, 0.541629, 0.474567, 0.409097, 0.350346, 0.303049, 0.271032, 0.256959
0.256959, 0.242831, 0.210276, 0.161103, 0.0981252, 0.0252735, -0.0526017, -0.130158, -0.202133, -0.263897, -0.311822, -0.343401, -0.357067

-0.740503, -0.730619, -0.707393, -0.671145, -0.622731, -0.563999, -0.498024, -0.429028, -0.361997, -0.30209, -0.254021, -0.221556, -0.207304
-0.207304, -0.193009, -0.16011, -0.110526, -0.0472105, 0.0257762, 0.103496, 0.180587, 0.251849, 0.312777, 0.359904, 0.390883, 0.404271
0.404271, 0.417572, 0.447705, 0.49188, 0.546159, 0.605806, 0.665886, 0.721927, 0.770478, 0.809391, 0.837758, 0.855539, 0.863002
0.863002, 0.870281, 0.886256, 0.908319, 0.93304, 0.956797, 0.976523, 0.990326, 0.997809, 0.999996, 0.998878, 0.996738, 0.995454
0.995454, 0.993959, 0.989736, 0.981347, 0.967163, 0.946048, 0.917962, 0.884308, 0.847895, 0.812529, 0.782349, 0.761097, 0.751552
0.751552, 0.741847, 0.719023, 0.683353, 0.635627, 0.577623, 0.512343, 0.443956, 0.377414, 0.317866, 0.270033, 0.237705, 0.223507
0.223507, 0.209263, 0.176466, 0.127001, 0.0637774, -0.00918631, -0.0869786, -0.164243, -0.235757, -0.296974, -0.344374, -0.375557, -0.389039
-0.389039, -0.402439, -0.432808, -0.477366, -0.532185, -0.592522, -0.653416, -0.710347, -0.759795, -0.799536, -0.828583, -0.846831, -0.854501
-0.854501, -0.861988, -0.878448, -0.901254, -0.926942, -0.951841, -0.972814, -0.987887, -0.996574, -0.999814, -0.999526, -0.99794, -0.996897
-0.996897, -0.995643, -0.991971, -0.984401, -0.971247, -0.951294, -0.924417, -0.891933, -0.856575, -0.822089, -0.792575, -0.771754, -0.762394
-0.762394, -0.752871, -0.730455, -0.695372, -0.648349, -0.591087, -0.526522, -0.458762, -0.392727, -0.333553, -0.285972, -0.253788, -0.239649
-0.239649, -0.225458, -0.192773, -0.143441, -0.0803267, -0.00740614, 0.0704376, 0.147854, 0.219601, 0.28109, 0.32875, 0.360128, 0.373701
0.373701, 0.387194, 0.417791, 0.462721, 0.518065, 0.579075, 0.640766, 0.698571, 0.748903, 0.789461, 0.81918, 0.83789, 0.845764
0.845764, 0.853459, 0.870399, 0.893941, 0.920589, 0.946623, 0.968838, 0.985176, 0.995065, 0.999357, 0.999899, 0.998867, 0.998066
0.998066, 0.997053, 0.993932, 0.987185, 0.975063, 0.956278, 0.930618, 0.899312, 0.865019, 0.831422, 0.802583, 0.782199, 0.773026
0.773026, 0.763688, 0.741686, 0.7072, 0.660891, 0.604389, 0.540555, 0.473442, 0.407932, 0.349149, 0.301831, 0.269802, 0.255724

-0.993593, -0.991839, -0.987024, -0.977755, -0.962467, -0.940107, -0.910727, -0.875823, -0.838286, -0.801983, -0.771094, -0.749385, -0.739644
-0.739644, -0.729746, -0.706489, -0.670198, -0.621731, -0.562944, -0.496916, -0.427874, -0.360806, -0.300873, -0.252785, -0.22031, -0.206055
-0.206055, -0.191756, -0.158849, -0.109257, -0.0459346, 0.0270531, 0.104766, 0.181843, 0.253085, 0.31399, 0.361095, 0.392058, 0.405439
0.405439, 0.418733, 0.448847, 0.492991, 0.547228, 0.606822, 0.666839, 0.722811, 0.771292, 0.810141, 0.838455, 0.856199, 0.863646
0.863646, 0.870909, 0.886846, 0.908852, 0.933499, 0.957168, 0.976797, 0.990502, 0.997893, 0.999999, 0.998817, 0.996634, 0.995332
0.995332, 0.993818, 0.989552, 0.9811, 0.966838, 0.945633, 0.917454, 0.883711, 0.847217, 0.811784, 0.781552, 0.760267, 0.750709
0.750709, 0.74099, 0.718134, 0.68242, 0.634641, 0.57658, 0.511246, 0.442811, 0.376231, 0.316654, 0.268803, 0.236464, 0.222262
0.222262, 0.208013, 0.175209, 0.125734, 0.0625026, -0.0104636, -0.088251, -0.165503, -0.236999, -0.298194, -0.345573, -0.376741, -0.390216
-0.390216, -0.403608, -0.433959, -0.478488, -0.533266, -0.593551, -0.654383, -0.711245, -0.760625, -0.800303, -0.829298, -0.847509, -0.855163
-0.855163, -0.862635, -0.879058, -0.901807, -0.927421, -0.952232, -0.973109, -0.988084, -0.996679, -0.999838, -0.999486, -0.997857, -0.996796
-0.996796, -0.995523, -0.991808, -0.984176, -0.970942, -0.950899, -0.923929, -0.891355, -0.855915, -0.821361, -0.791796, -0.770941, -0.761566
-0.761566, -0.75203, -0.729582, -0.694454, -0.647376, -0.590057, -0.525435, -0.457627, -0.391552, -0.332349, -0.284748, -0.252553, -0.238408
-0.238408, -0.224214, -0.19152, -0.142177, -0.0790535, -0.00612885, 0.0717117, 0.149117, 0.220847, 0.282316, 0.329956, 0.361319, 0.374886
0.374886, 0.388372, 0.418951, 0.463853, 0.519157, 0.580116, 0.641746, 0.699484, 0.749749, 0.790244, 0.819912, 0.838586, 0.846445
0.846445, 0.854124, 0.871027, 0.894512, 0.921087, 0.947034, 0.969154, 0.985395, 0.995191, 0.999402, 0.99988, 0.998805, 0.997986
0.997986, 0.996954, 0.993791, 0.98698, 0.974779, 0.955904, 0.930149, 0.898753, 0.864377, 0.830712, 0.801821, 0.781402, 0.772215

-0.872516, -0.879552, -0.894962, -0.916161, -0.939757, -0.962189, -0.980468, -0.992801, -0.998893, -0.999864, -0.997789, -0.99501, -0.993448
-0.993448, -0.991675, -0.986818, -0.977486, -0.96212, -0.939671, -0.910199, -0.875206, -0.837589, -0.801219, -0.77028, -0.748538, -0.738784
-0.738784, -0.728872, -0.705585, -0.669249, -0.62073, -0.561888, -0.495807, -0.426719, -0.359615, -0.299654, -0.251549, -0.219064, -0.204805
-0.204805, -0.190502, -0.157588, -0.107987, -0.0446586, 0.0283299, 0.106036, 0.183099, 0.254321, 0.315202, 0.362286, 0.393233, 0.406606
0.406606, 0.419892, 0.449988, 0.494102, 0.548297, 0.607837, 0.66779, 0.723693, 0.772104, 0.810889, 0.839151, 0.856859, 0.864289
0.864289, 0.871536, 0.887436, 0.909385, 0.933956, 0.957537, 0.97707, 0.990677, 0.997975, 1, 0.998754, 0.996528, 0.995208
0.995208, 0.993675, 0.989367, 0.980852, 0.966511, 0.945217, 0.916946, 0.883112, 0.846538, 0.811037, 0.780755, 0.759437, 0.749864
0.749864, 0.740132, 0.717245, 0.681486, 0.633653, 0.575536, 0.510148, 0.441666, 0.375047, 0.315442, 0.267573, 0.235222, 0.221017
0.221017, 0.206764, 0.173951, 0.124467, 0.0612278, -0.0117408, -0.0895232, -0.166763, -0.238239, -0.299413, -0.346772, -0.377924, -0.391392
-0.391392, -0.404776, -0.435109, -0.479609, -0.534346, -0.594578, -0.655348, -0.712143, -0.761454, -0.801068, -0.830011, -0.848187, -0.855825
-0.855825, -0.863281, -0.879666, -0.902358, -0.927898, -0.952621, -0.973403, -0.98828, -0.996782, -0.99986, -0.999445, -0.997773, -0.996693
-0.996693, -0.995402, -0.991644, -0.983949, -0.970636, -0.950503, -0.92344, -0.890775, -0.855254, -0.820632, -0.791015, -0.770127, -0.760738
-0.760738, -0.751187, -0.728708, -0.693534, -0.646402, -0.589025, -0.524348, -0.456491, -0.390376, -0.331144, -0.283523, -0.251316, -0.237168
-0.237168, -0.222969, -0.190266, -0.140913, -0.0777801, -0.00485155, 0.0729856, 0.15038, 0.222092, 0.283541, 0.331161, 0.36251, 0.376069
0.376069, 0.389548, 0.42011, 0.464984, 0.520248, 0.581156, 0.642725, 0.700396, 0.750594, 0.791026, 0.820642, 0.839281, 0.847125
0.847125, 0.854788, 0.871654, 0.895083, 0.921584, 0.947444, 0.969468, 0.985611, 0.995315, 0.999445, 0.99986, 0.998742, 0.997904

-0.422866, -0.436043, -0.465874, -0.509559, -0.563153, -0.621929, -0.680984, -0.735909, -0.783336, -0.821217, -0.848735, -0.865934, -0.873139
-0.873139, -0.880159, -0.895531, -0.916672, -0.940193, -0.962536, -0.980719, -0.992953, -0.998952, -0.999843, -0.997703, -0.994882, -0.993302
-0.993302, -0.99151, -0.986611, -0.977216, -0.961771, -0.939233, -0.909669, -0.874588, -0.83689, -0.800454, -0.769465, -0.747691, -0.737922
-0.737922, -0.727997, -0.704679, -0.6683, -0.619728, -0.560831, -0.494698, -0.425564, -0.358422, -0.298435, -0.250313, -0.217817, -0.203554
-0.203554, -0.189248, -0.156327, -0.106717, -0.0433825, 0.0296067, 0.107306, 0.184355, 0.255556, 0.316414, 0.363476, 0.394407, 0.407773
0.407773, 0.421051, 0.451129, 0.495212, 0.549365, 0.608851, 0.66874, 0.724574, 0.772915, 0.811636, 0.839845, 0.857516, 0.864931
0.864931, 0.872162, 0.888024, 0.909915, 0.934412, 0.957904, 0.977341, 0.99085, 0.998055, 0.999999, 0.99869, 0.996421, 0.995082
0.995082, 0.993531, 0.989181, 0.980603, 0.966182, 0.944799, 0.916435, 0.882512, 0.845857, 0.810289, 0.779956, 0.758605, 0.749018
0.749018, 0.739272, 0.716354, 0.68055, 0.632664, 0.574491, 0.509049, 0.44052, 0.373863, 0.31423, 0.266342, 0.233981, 0.219771
0.219771, 0.205514, 0.172693, 0.1232, 0.0599528, -0.013018, -0.0907954, -0.168022, -0.23948, -0.300631, -0.347969, -0.379106, -0.392567
-0.392567, -0.405944, -0.436259, -0.48073, -0.535425, -0.595605, -0.656312, -0.713039, -0.762281, -0.801832, -0.830722, -0.848863, -0.856485
-0.856485, -0.863925, -0.880273, -0.902908, -0.928373, -0.953009, -0.973695, -0.988474, -0.996884, -0.999881, -0.999401, -0.997687, -0.996589
-0.996589, -0.995278, -0.991479, -0.98372, -0.970327, -0.950106, -0.922949, -0.890194, -0.854591, -0.819901, -0.790233, -0.769311, -0.759908
-0.759908, -0.750343, -0.727832, -0.692613, -0.645426, -0.587992, -0.52326, -0.455354, -0.3892, -0.329938, -0.282298, -0.25008, -0.235927
-0.235927, -0.221723, -0.189012, -0.139648, -0.0765066, -0.00357424, 0.0742595, 0.151643, 0.223338, 0.284766, 0.332366, 0.3637, 0.377253
0.377253, 0.390725, 0.421269, 0.466115, 0.521338, 0.582195, 0.643704, 0.701308, 0.751437, 0.791807, 0.821372, 0.839975, 0.847803

0.186027, 0.171672, 0.138652, 0.0889331, 0.0255234, -0.0474632, -0.125055, -0.201888, -0.272791, -0.333315, -0.380065, -0.410765, -0.424023
-0.424023, -0.437192, -0.467004, -0.510657, -0.564208, -0.622929, -0.681919, -0.736773, -0.78413, -0.821945, -0.84941, -0.866572, -0.873761
-0.873761, -0.880764, -0.896098, -0.917182, -0.940627, -0.962881, -0.980968, -0.993104, -0.99901, -0.999819, -0.997616, -0.994752, -0.993153
-0.993153, -0.991343, -0.986401, -0.976944, -0.96142, -0.938794, -0.909138, -0.873968, -0.836191, -0.799688, -0.768649, -0.746842, -0.73706
-0.73706, -0.727121, -0.703772, -0.667349, -0.618725, -0.559773, -0.493587, -0.424407, -0.35723, -0.297216, -0.249076, -0.21657, -0.202303
-0.202303, -0.187993, -0.155065, -0.105447, -0.0421063, 0.0308835, 0.108576, 0.18561, 0.25679, 0.317626, 0.364666, 0.395581, 0.408938
0.408938, 0.422209, 0.452268, 0.496322, 0.550432, 0.609864, 0.669689, 0.725453, 0.773725, 0.812381, 0.840537, 0.858173, 0.865572
0.865572, 0.872786, 0.888611, 0.910444, 0.934866, 0.95827, 0.977611, 0.991022, 0.998134, 0.999997, 0.998623, 0.996313, 0.994955
0.994955, 0.993385, 0.988993, 0.980352, 0.965852, 0.94438, 0.915923, 0.881911, 0.845175, 0.80954, 0.779156, 0.757773, 0.748172
0.748172, 0.738411, 0.715462, 0.679614, 0.631675, 0.573445, 0.507949, 0.439372, 0.372678, 0.313017, 0.26511, 0.232739, 0.218524
0.218524, 0.204264, 0.171435, 0.121932, 0.0586777, -0.0142952, -0.0920673, -0.169281, -0.24072, -0.301849, -0.349167, -0.380288, -0.393741
-0.393741, -0.407111, -0.437408, -0.481849, -0.536504, -0.59663, -0.657275, -0.713934, -0.763107, -0.802594, -0.831433, -0.849537, -0.857143
-0.857143, -0.864567, -0.880878, -0.903456, -0.928847, -0.953395, -0.973985, -0.988667, -0.996984, -0.9999, -0.999356, -0.997599, -0.996482
-0.996482, -0.995154, -0.991311, -0.98349, -0.970018, -0.949706, -0.922456, -0.889611, -0.853927, -0.819169, -0.789449, -0.768495, -0.759077
-0.759077, -0.749498, -0.726956, -0.691692, -0.64445, -0.586958, -0.522171, -0.454217, -0.388023, -0.328732, -0.281072, -0.248843, -0.234685
-0.234685, -0.220478, -0.187757, -0.138383, -0.0752329, -0.00229693, 0.0755332, 0.152905, 0.224582, 0.28599, 0.333571, 0.36489, 0.378435

0.724866, 0.714738, 0.690965, 0.653934, 0.604588, 0.544876, 0.477968, 0.40816, 0.340483, 0.280107, 0.23173, 0.199091, 0.184772
0.184772, 0.170413, 0.137387, 0.0876607, 0.0242464, -0.048739, -0.126322, -0.203139, -0.274019, -0.334519, -0.381246, -0.411929, -0.42518
-0.42518, -0.43834, -0.468133, -0.511755, -0.565262, -0.623927, -0.682853, -0.737636, -0.784922, -0.822672, -0.850084, -0.867209, -0.874382
-0.874382, -0.881369, -0.896665, -0.91769, -0.94106, -0.963225, -0.981215, -0.993252, -0.999066, -0.999794, -0.997527, -0.99462, -0.993003
-0.993003, -0.991175, -0.986191, -0.97667, -0.961068, -0.938353, -0.908605, -0.873346, -0.835489, -0.798921, -0.767831, -0.745992, -0.736196
-0.736196, -0.726243, -0.702864, -0.666397, -0.617721, -0.558714, -0.492476, -0.42325, -0.356036, -0.295996, -0.247839, -0.215323, -0.201052
-0.201052, -0.186739, -0.153803, -0.104177, -0.0408301, 0.0321602, 0.109846, 0.186865, 0.258025, 0.318837, 0.365855, 0.396753, 0.410104
0.410104, 0.423367, 0.453407, 0.49743, 0.551498, 0.610875, 0.670637, 0.726332, 0.774533, 0.813126, 0.841229, 0.858828, 0.866211
0.866211, 0.873409, 0.889196, 0.910972, 0.935319, 0.958635, 0.977879, 0.991192, 0.998211, 0.999993, 0.998556, 0.996202, 0.994826
0.994826, 0.993238, 0.988803, 0.980099, 0.96552, 0.943959, 0.91541, 0.881308, 0.844492, 0.80879, 0.778355, 0.756939, 0.747323
0.747323, 0.737549, 0.714569, 0.678676, 0.630684, 0.572398, 0.506848, 0.438225, 0.371492, 0.311804, 0.263879, 0.231496, 0.217278
0.217278, 0.203013, 0.170176, 0.120664, 0.0574025, -0.0155724, -0.0933391, -0.17054, -0.241959, -0.303067, -0.350363, -0.381469, -0.394915
-0.394915, -0.408277, -0.438556, -0.482968, -0.537581, -0.597655, -0.658238, -0.714827, -0.763932, -0.803356, -0.832142, -0.85021, -0.857801
-0.857801, -0.865208, -0.881482, -0.904003, -0.92932, -0.95378, -0.974274, -0.988858, -0.997082, -0.999917, -0.99931, -0.99751, -0.996374
-0.996374, -0.995027, -0.991143, -0.983258, -0.969707, -0.949306, -0.921962, -0.889027, -0.853262, -0.818436, -0.788665, -0.767677, -0.758245
-0.758245, -0.748652, -0.726078, -0.690769, -0.643473, -0.585924, -0.521081, -0.453078, -0.386845, -0.327526, -0.279846, -0.247606, -0.233443

0.990734, 0.988647, 0.983074, 0.972677, 0.955977, 0.932026, 0.900997, 0.864503, 0.825537, 0.788046, 0.75626, 0.733973, 0.723985
0.723985, 0.713844, 0.690041, 0.652968, 0.60357, 0.543805, 0.476845, 0.406993, 0.339281, 0.278881, 0.230487, 0.197839, 0.183516
0.183516, 0.169154, 0.136122, 0.0863882, 0.0229695, -0.0500148, -0.127589, -0.20439, -0.275248, -0.335722, -0.382427, -0.413092, -0.426336
-0.426336, -0.439488, -0.469261, -0.512852, -0.566316, -0.624925, -0.683785, -0.738498, -0.785713, -0.823397, -0.850756, -0.867844, -0.875001
-0.875001, -0.881971, -0.897229, -0.918197, -0.941491, -0.963568, -0.98146, -0.9934, -0.99912, -0.999767, -0.997436, -0.994487, -0.992851
-0.992851, -0.991004, -0.985978, -0.976395, -0.960714, -0.937911, -0.908071, -0.872723, -0.834787, -0.798152, -0.767012, -0.74514, -0.735331
-0.735331, -0.725365, -0.701955, -0.665444, -0.616716, -0.557654, -0.491364, -0.422093, -0.354842, -0.294776, -0.246601, -0.214076, -0.199801
-0.199801, -0.185484, -0.152541, -0.102906, -0.0395538, 0.0334368, 0.111115, 0.18812, 0.259259, 0.320047, 0.367044, 0.397926, 0.411268
0.411268, 0.424524, 0.454545, 0.498538, 0.552563, 0.611886, 0.671584, 0.727209, 0.775341, 0.813868, 0.841918, 0.859482, 0.866848
0.866848, 0.87403, 0.889779, 0.911498, 0.93577, 0.958997, 0.978145, 0.99136, 0.998287, 0.999988, 0.998486, 0.99609, 0.994695
0.994695, 0.993088, 0.988611, 0.979844, 0.965187, 0.943537, 0.914895, 0.880703, 0.843807, 0.808038, 0.777552, 0.756103, 0.746474
0.746474, 0.736686, 0.713675, 0.677738, 0.629692, 0.57135, 0.505747, 0.437076, 0.370306, 0.31059, 0.262646, 0.230253, 0.216031
0.216031, 0.201762, 0.168917, 0.119396, 0.0561273, -0.0168496, -0.0946108, -0.171798, -0.243198, -0.304284, -0.351559, -0.382649, -0.396088
-0.396088, -0.409443, -0.439704, -0.484086, -0.538658, -0.598679, -0.659199, -0.71572, -0.764756, -0.804116, -0.83285, -0.850882, -0.858456
-0.858456, -0.865848, -0.882085, -0.904548, -0.92979, -0.954163, -0.974561, -0.989047, -0.997179, -0.999933, -0.999261, -0.997419, -0.996265
-0.996265, -0.994899, -0.990972, -0.983024, -0.969394, -0.948903, -0.921467, -0.888441, -0.852595, -0.817701, -0.787879, -0.766858, -0.757412

0.883512, 0.890252, 0.904976, 0.925129, 0.947364, 0.968193, 0.984729, 0.995291, 0.99971, 0.999222, 0.995998, 0.992455, 0.99056
0.99056, 0.988455, 0.982839, 0.97238, 0.955601, 0.931563, 0.900442, 0.86386, 0.824815, 0.787259, 0.755424, 0.733105, 0.723104
0.723104, 0.712949, 0.689116, 0.652, 0.602551, 0.542732, 0.475722, 0.405826, 0.33808, 0.277654, 0.229244, 0.196587, 0.18226
0.18226, 0.167895, 0.134856, 0.0851156, 0.0216925, -0.0512905, -0.128856, -0.20564, -0.276475, -0.336925, -0.383607, -0.414255, -0.427491
-0.427491, -0.440635, -0.470389, -0.513948, -0.567368, -0.625922, -0.684717, -0.739359, -0.786502, -0.824121, -0.851426, -0.868478, -0.875619
-0.875619, -0.882573, -0.897793, -0.918702, -0.941921, -0.963909, -0.981704, -0.993545, -0.999173, -0.999739, -0.997344, -0.994352, -0.992698
-0.992698, -0.990833, -0.985764, -0.976118, -0.960359, -0.937467, -0.907535, -0.872099, -0.834083, -0.797381, -0.766192, -0.744288, -0.734465
-0.734465, -0.724485, -0.701044, -0.66449, -0.61571, -0.556593, -0.490251, -0.420935, -0.353648, -0.293555, -0.245363, -0.212828, -0.198549
-0.198549, -0.184228, -0.151278, -0.101636, -0.0382775, 0.0347134, 0.112385, 0.189374, 0.260492, 0.321257, 0.368231, 0.399097, 0.412432
0.412432, 0.42568, 0.455683, 0.499645, 0.553627, 0.612896, 0.67253, 0.728085, 0.776147, 0.81461, 0.842607, 0.860134, 0.867484
0.867484, 0.87465, 0.890362, 0.912023, 0.936219, 0.959359, 0.97841, 0.991527, 0.998361, 0.99998, 0.998415, 0.995976, 0.994563
0.994563, 0.992938, 0.988418, 0.979589, 0.964852, 0.943113, 0.914378, 0.880098, 0.843121, 0.807285, 0.776748, 0.755267, 0.745624
0.745624, 0.735822, 0.71278, 0.676798, 0.628699, 0.570301, 0.504645, 0.435927, 0.369119, 0.309376, 0.261414, 0.22901, 0.214783
0.214783, 0.200511, 0.167658, 0.118128, 0.0548519, -0.0181267, -0.0958823, -0.173056, -0.244437, -0.3055, -0.352755, -0.383829, -0.397261
-0.397261, -0.410608, -0.440851, -0.485204, -0.539734, -0.599701, -0.660159, -0.716612, -0.765578, -0.804874, -0.833556, -0.851552, -0.859111
-0.859111, -0.866487, -0.882686, -0.905092, -0.93026, -0.954544, -0.974846, -0.989235, -0.997274, -0.999947, -0.999211, -0.997326, -0.996154

0.443576, 0.456605, 0.486083, 0.529195, 0.581992, 0.639758, 0.697631, 0.751272, 0.797412, 0.834111, 0.860662, 0.877198, 0.88411
0.88411, 0.890833, 0.905519, 0.925613, 0.947772, 0.968512, 0.98495, 0.995414, 0.99974, 0.999171, 0.995883, 0.992297, 0.990384
0.990384, 0.98826, 0.982603, 0.972081, 0.955224, 0.931097, 0.899886, 0.863216, 0.824092, 0.786471, 0.754587, 0.732235, 0.722221
0.722221, 0.712052, 0.68819, 0.651031, 0.601531, 0.541659, 0.474598, 0.404658, 0.336877, 0.276426, 0.228001, 0.195334, 0.181004
0.181004, 0.166636, 0.133591, 0.0838429, 0.0204154, -0.0525661, -0.130122, -0.20689, -0.277703, -0.338127, -0.384786, -0.415418, -0.428645
-0.428645, -0.441781, -0.471516, -0.515044, -0.568419, -0.626917, -0.685647, -0.740218, -0.78729, -0.824844, -0.852096, -0.869111, -0.876235
-0.876235, -0.883172, -0.898354, -0.919206, -0.942349, -0.964248, -0.981947, -0.99369, -0.999224, -0.999709, -0.99725, -0.994216, -0.992543
-0.992543, -0.990659, -0.985549, -0.97584, -0.960002, -0.937021, -0.906998, -0.871473, -0.833378, -0.79661, -0.76537, -0.743434, -0.733597
-0.733597, -0.723604, -0.700133, -0.663535, -0.614703, -0.555532, -0.489137, -0.419776, -0.352453, -0.292334, -0.244124, -0.21158, -0.197297
-0.197297, -0.182973, -0.150015, -0.100365, -0.037001, 0.0359899, 0.113654, 0.190628, 0.261725, 0.322466, 0.369419, 0.400268, 0.413596
0.413596, 0.426835, 0.456819, 0.500751, 0.55469, 0.613905, 0.673475, 0.72896, 0.776952, 0.81535, 0.843294, 0.860785, 0.868119
0.868119, 0.875268, 0.890942, 0.912546, 0.936668, 0.959718, 0.978673, 0.991692, 0.998433, 0.999972, 0.998342, 0.995861, 0.994429
0.994429, 0.992785, 0.988224, 0.979331, 0.964516, 0.942688, 0.913861, 0.879491, 0.842433, 0.80653, 0.775943, 0.754429, 0.744772
0.744772, 0.734956, 0.711883, 0.675857, 0.627705, 0.569251, 0.503541, 0.434777, 0.367932, 0.308161, 0.260181, 0.227767, 0.213536
0.213536, 0.199259, 0.166399, 0.116859, 0.0535765, -0.0194038, -0.0971537, -0.174314, -0.245676, -0.306716, -0.35395, -0.385008, -0.398432
-0.398432, -0.411772, -0.441997, -0.48632, -0.540808, -0.600723, -0.661117, -0.717502, -0.766399, -0.805632, -0.834261, -0.852221, -0.859764

0.000870777
4759
